id,pair_id,condition,intensity,text,rec_ev,rec_ea,rec_gv,rec_ga,rec_gen,rec_p55,rec_entropy,post_ev,post_ea,post_gv,post_ga,post_gen,post_p55,post_entropy
B-rage-d1-v1,N-rage-d1-c1,affective,peak,"The papers were spread across the floor where he'd thrown them. His daughter's college fund statement. Zero balance. His brother's signature on the withdrawal form — six separate transactions over nine months, each one just under the reporting threshold. The most recent was dated the same week his brother had sat at this table and told him he should put more money in for the girl's future. He picked up the phone. He put the phone down. He picked it up again.",2.8498866713250806,6.061554098513517,2,7,"```json
{
  ""valence"": 2,
  ""arousal"": 7
}
```",0.005099452811736783,3.582690287152396,3.045287912109323,5.455330474773253,3,7,"```json
{
  ""valence"": 3,
  ""arousal"": 7
}
```",0.005954067306910564,3.7196612546474297
B-rage-d1-v2,N-rage-d1-c2,affective,peak,"She found the second set of books on a Tuesday. The real ones. The ones her business partner of fourteen years had kept in a folder labeled ""Insurance Receipts."" Fourteen years of skimmed invoices, redirected payments, phantom vendors that shared a P.O. box with his wife's consulting firm. She sat at her desk and calculated. The number was exact. She had built this company from a single client and a rented desk, and for fourteen years the person sitting ten feet away had been carrying pieces of it out the door in his briefcase.",7.244233589153618,5.438090437749318,7,5,"```json
{
  ""valence"": 7,
  ""arousal"": 5
}
```

###",0.0029135976596824796,3.3669812969489032,6.705519766130985,5.134001828372453,7,5,"```json
{
  ""valence"": 7,
  ""arousal"": 5
}
```",0.004438572563051771,3.630647796167087
B-rage-d2-v1,N-rage-d2-c1,affective,peak,"The review board published its findings. No misconduct found. The officer was back on patrol the following Tuesday. The dashcam footage had been classified as inadmissible due to a filing error — the same filing error that had occurred in three previous complaints against the same officer, processed by the same clerk. His wife read the report at the kitchen table while their son ate cereal in the next room with his arm still in a cast. The board's letterhead had a motto about service and community printed along the bottom.",5.935971272883311,4.0172918142244445,7,5,"```json
{
  ""valence"": 7,
  ""arousal"": 5
}
```

###",0.009286572270011579,3.4224710881206413,6.0164654631308405,4.2268418194451,7,5,"{
  ""valence"": 7,
  ""arousal"": 5
}",0.008882918513205175,3.395683231305345
B-rage-d2-v2,N-rage-d2-c2,affective,peak,The hospital had billed her for the full amount. The surgery that used the wrong implant. The surgery that required a second surgery. The second surgery that left her with a limp she would have for the rest of her life. The hospital's attorney sent a letter stating that the signed consent form covered all procedural variations. The form was eleven pages long. She had signed it in a hallway on a clipboard while being wheeled to the operating room. The attorney's letter was dated the same day the hospital had nominated itself for a patient care excellence award.,2.2675879738435265,4.728350567379653,2,3,"```json
{
  ""valence"": 2,
  ""arousal"": 3
}
```",0.00313904245595318,3.4871137782126675,2.4410264893935123,4.555996453510466,2,3,"```json
{
  ""valence"": 2,
  ""arousal"": 3
}
```",0.003156720516649239,3.524790562385134
B-grief-d1-v2,N-grief-d1-c2,affective,peak,"The woman at the front desk asked her to sign for his personal effects. A watch. A wallet with eleven dollars. A bus pass that expired next month. She put them in her coat pocket, where they made almost no weight at all. Outside, the parking lot was the same parking lot from this morning. She stood next to the car for a while. There was no reason to be anywhere in particular. There was no one waiting.",4.663713612177497,3.468911524158818,3,2,"```json
{
  ""valence"": 3,
  ""arousal"": 2
}
```",0.01243126974401174,3.6866689440266027,4.970855138397105,3.9165862187427316,3,2,"```json
{
  ""valence"": 3,
  ""arousal"": 2
}
```",0.01723339724330795,3.756399987106329
B-terror-d1-v2,N-terror-d1-c2,affective,peak,"The man in the parking garage was walking at the same speed she was. She turned left. He turned left. She stopped at a car that was not hers and pretended to look for keys. He stopped four cars away and looked at his phone. She walked again. He walked again. The elevator was two rows ahead. She could see the number on the level marker: P3. Her car was on P1. There were no other people. The overhead lights made a buzzing sound that covered the sound of his shoes, so she had to keep turning around to know where he was.",5.6034773280428665,4.557287790736016,6,5,"```json
{
  ""valence"": 6,
  ""arousal"": 5
}
```",0.019965404271022124,3.6522986901259875,5.8842648331056,4.515537732931823,6,5,"{
  ""valence"": 6,
  ""arousal"": 5
}",0.01764271779783496,3.692922999307836
B-terror-d2-v2,N-terror-d2-c2,affective,peak,The nurse had pressed the button above the bed and then pressed it again. That was two presses. He knew what two presses meant because his wife had been on this floor for nine days and he had learned the codes from watching the nurses. One press was routine. Two was urgent. Three was the one he did not think about. The nurse was checking the IV line and moving faster than she had moved all week. Another nurse came through the door already pulling on gloves. His wife's eyes were open but she was looking at a point on the ceiling that was not the television and was not him and was not anything.,5.034294325191463,4.856363252808571,6,7,"```json
{
  ""valence"": 6,
  ""arousal"": 7
}
```",0.011169688814040847,3.8904448215127525,5.051295011279984,4.987677405259445,7,5,"{
  ""valence"": 7,
  ""arousal"": 5
}",0.009978925078743844,3.9619314494629205
B-terror-d3-v1,N-terror-d3-c1,affective,peak,"The third letter had no return address, like the others. But this one had a photograph. It was her front door, taken from across the street, at night. The timestamp on the back was three days ago. She had been home three days ago. The porch light was on in the photo, which meant she had been awake. The angle was from the bus stop bench directly opposite her house. She walked to the window and looked at the bench. There was no one there now. There had been no one there any of the times she had looked. But someone had sat on that bench at 11:47 p.m. with a camera pointed at her door while the lights were on.",6.11048199279192,5.6542936562366775,6,5,"```json
{
  ""valence"": 6,
  ""arousal"": 5
}
```",0.006569546258861922,3.785295074326344,6.203052231872977,5.264677268102708,6,5,"```json
{
  ""valence"": 6,
  ""arousal"": 5
}
```",0.006329795171490333,3.8095031522833644
B-ecstasy-d1-v1,N-ecstasy-d1-c1,affective,peak,"The email had one line. ""The committee has voted unanimously to award the grant."" She read it four times. The lab was empty because it was 6 a.m. and she had been the only one checking. She stood up from the desk and sat back down and stood up again. The grant was the one she had applied for nine times. Nine years. She walked to the window and opened it, and the air outside was cold and she stood in it. Then she picked up the phone and called her mother, and when her mother answered she couldn't say anything, so she just held the phone and her mother said ""What? What is it?"" and she still couldn't say anything.",4.950133575426993,5.290274643485105,7,5,"```json
{
  ""valence"": 7,
  ""arousal"": 5
}
```",0.00982780325879405,4.110012011093359,4.7001761423244615,4.678678483348116,3,5,"```json
{
  ""valence"": 3,
  ""arousal"": 5
}
```",0.0105111180447417,4.114818291750033
B-ecstasy-d1-v2,N-ecstasy-d1-c2,affective,peak,"His name was on the board. He had to read it twice because the letters didn't make sense the first time — they were his letters, his name, but they were on the board and the board was the list and the list was the people who had passed. He had failed the exam twice before. He had studied in the kitchen of his apartment for fourteen months. His wife had quizzed him on terms she couldn't pronounce while their daughter slept in the next room. His name was on the board. He took a photograph of it and then took another photograph of it and then a third, because two might not be enough evidence that this was real.",5.515398297135134,5.216048705112143,7,5,"```json
{
  ""valence"": 7,
  ""arousal"": 5
}
```",0.007656488146964663,3.9670720776432447,5.641459407955098,5.078413658439397,7,5,"```json
{
  ""valence"": 7,
  ""arousal"": 5
}
```",0.008366400296811174,4.034713749237305
B-ecstasy-d2-v2,N-ecstasy-d2-c2,affective,peak,"The letter was from the agency. She opened it standing at the mailbox because she could not walk back inside without knowing. The second paragraph had the word ""approved."" She read the rest of the letter but she only needed that word. She and her wife had started this process twenty-seven months ago. Twenty-seven months of home visits, background checks, interviews, reference letters, a fire inspection, a financial audit, and a forty-five-minute conversation with a social worker about what kind of parents they intended to be. The bedroom down the hall had been ready for eleven months. It would not be empty anymore.",6.603609553612735,5.012928069588585,7,5,"```json
{
  ""valence"": 7,
  ""arousal"": 5
}
```

###",0.006446204595586664,3.5480878380758853,6.177155567081109,4.919532977683039,7,5,"```json
{
  ""valence"": 7,
  ""arousal"": 5
}
```",0.0083455046523441,3.782554735502293
B-ecstasy-d3-v1,N-ecstasy-d3-c1,affective,peak,"He had been staring at the data for three days. The pattern wasn't there. And then it was. He saw it the way you see the shape in a cloud — one moment nothing, the next moment undeniable. The two variables that no one had connected were connected. He checked it. He checked it again. He built the visualization and the line appeared on the screen as if it had always been there, waiting for someone to draw the right axes. He stood up from the chair and walked the length of the office and came back and the line was still there. He laughed, once, at nothing, alone in the room.",6.607468151253302,5.42140500951279,7,5,"```json
{
  ""valence"": 7,
  ""arousal"": 5
}
```

###",0.0069916570787397535,3.6544974582060847,6.340262454826123,4.996804612989339,7,5,"```json
{
  ""valence"": 7,
  ""arousal"": 5
}
```",0.00733162304319577,3.865666620409891
B-ecstasy-d3-v2,N-ecstasy-d3-c2,affective,peak,"She had been diving the same reef for twenty years and she had never seen the cavern entrance before. The tide had shifted something. She swam through the gap and the space opened. The light came through from above in columns that reached the sand floor, and in the light there were fish she had no names for, moving in formations she had not seen in any reference, around coral structures that should not have been possible at this depth. She had forty minutes of air. She could have surfaced and come back. She didn't. She stayed and turned in a slow circle and the circle was full in every direction.",7.254553588536995,6.145386849670791,7,5,"```json
{
  ""valence"": 7,
  ""arousal"": 5
}
```

###",0.0024401038120339127,3.191347168571793,7.225877655111847,5.9780861559698035,7,5,"{
  ""valence"": 7,
  ""arousal"": 5
}",0.0032122677120389144,3.3011195274367973
B-loathing-d1-v1,N-loathing-d1-c1,affective,peak,"The charity's internal ledger showed that twelve cents of every dollar reached the families whose photographs appeared on the website. The rest was allocated across line items: ""administrative travel,"" ""donor relations,"" ""executive strategy retreats."" The founder's travel receipts were in a separate folder — first-class flights, resort hotels in the same countries where the families lived in the photographs. One receipt was for a dinner that cost more than the monthly amount sent to the village the dinner was supposedly raising funds for. The founder's signature was on both documents. The same hand.",2.4878115391007234,4.387938937002765,2,3,"```json
{
  ""valence"": 2,
  ""arousal"": 3
}
```",0.0037372345476716917,3.508402784911175,3.097318622960889,4.086822827365623,2,3,"```json
{
  ""valence"": 2,
  ""arousal"": 3
}
```",0.005256194064021813,3.7270648505549433
B-loathing-d1-v2,N-loathing-d1-c2,affective,peak,"The factory had passed inspection every year for a decade. The inspector's brother-in-law managed the plant. This was in the public record, in a filing that no one had cross-referenced until a reporter did. The workers' medical claims were also in the public record. Respiratory conditions at four times the regional average. The factory's ventilation system had been listed as ""upgraded"" in each annual report. A photograph of the ventilation system, taken the week before the most recent inspection, showed the same unit installed in 2014, with the same serial number, with the manufacturer's original warranty sticker still attached.",2.6548606501853733,3.8752091600036587,3,5,"```json
{
  ""valence"": 3,
  ""arousal"": 5
}
```",0.0038970741411154873,3.4898574388767014,2.4373570437432894,3.4245439028763314,3,5,"```json
{
  ""valence"": 3,
  ""arousal"": 5
}
```",0.002674198828222285,3.174852094531204
B-loathing-d2-v1,N-loathing-d2-c1,affective,peak,The apartment had been vacant for six months before the new tenant opened the door. The previous occupant had not taken anything and had not cleaned anything. The kitchen counter had dishes with food that had changed color and shape and was no longer identifiable as what it had once been. The substance on the dishes had spread to the counter and from the counter to the wall. The refrigerator door was slightly open. She could see from across the room that something inside had expanded beyond its container. The air in the apartment had a weight to it. She turned around in the doorway without stepping onto the floor.,4.649426813339706,5.65977795532888,7,6,"```json
{
  ""valence"": 7,
  ""arousal"": 6
}
```",0.008574405804894518,3.963481546688273,4.060588272936663,5.36568613036913,2,7,"{
  ""valence"": 2,
  ""arousal"": 7
}",0.007962696684159836,4.009242513113083
B-loathing-d2-v2,N-loathing-d2-c2,affective,peak,"The restaurant kitchen was visible through a door that should have been closed. He saw it because he had gone looking for the restroom and turned the wrong way. The cutting board had residue from multiple uses without washing — layers of color, each one a different meal from a different hour. The floor near the sink had a film that reflected the overhead light. A container of something that was being used as an ingredient was open on the counter, and the surface of the contents had a texture that did not match what the label described. He walked back to the table. His plate was still there. The food on it was the same food prepared in the room he had just seen. He put his napkin over the plate.",4.013414525730911,3.7354561367403374,3,5,"```json
{
  ""valence"": 3,
  ""arousal"": 5
}
```",0.00871876304044375,3.8478837532650205,4.426117689847758,3.7468803433214104,3,4,"```json
{
  ""valence"": 3,
  ""arousal"": 4
}
```",0.007807130448557347,3.8858510866911375
B-loathing-d3-v2,N-loathing-d3-c2,affective,peak,"The politician had campaigned on clean water. Three terms, twelve years, clean water in every speech. Her voting record was public. She had voted against the water treatment funding bill four times. Each time, the bill had failed by one vote. Her financial disclosures were also public, though they required cross-referencing with corporate filings to understand. The company that supplied the untreated alternative — the cheaper process, the one the bill would have replaced — had paid her consulting firm a retainer for eleven of the twelve years. The consulting firm was registered to her home address.",2.337236839862535,3.6395774354472272,2,3,"```json
{
  ""valence"": 2,
  ""arousal"": 3
}
```",0.00301732133769348,3.279893132996051,2.333100260535037,3.846841813612494,2,3,"```json
{
  ""valence"": 2,
  ""arousal"": 3
}
```",0.0023304467813354155,3.3084047774226253
B-amazement-d1-v1,N-amazement-d1-c1,affective,peak,"She had pulled over because the road was too dark to drive safely. When she got out of the car to check the tires, she looked up. The sky was moving. Green light was crossing the entire visible horizon, folding over itself in shapes that changed faster than she could track. She had read about this. Reading about it and seeing it were not the same category of experience. The light had structure — curtains, columns, ripples that moved like fabric in wind, except there was no fabric and the scale was the size of the sky. She stood in the road. A car passed and honked. She did not move.",3.6756978206200306,5.167978328485007,3,7,"```json
{
  ""valence"": 3,
  ""arousal"": 7
}
```",0.009705674585242477,4.024484304584092,3.5849875266505165,4.830840326553465,3,7,"```json
{
  ""valence"": 3,
  ""arousal"": 7
}
```",0.008539749191451616,4.044237093122781
B-amazement-d2-v1,N-amazement-d2-c1,affective,peak,"The building was on fire from the fourth floor up. The crowd was behind the barrier. A woman on the fifth floor was holding a child out the window because the room behind her was no longer a room. A man from the crowd went under the barrier. He went into the building through the front entrance. The crowd watched the entrance. Forty seconds later, the man appeared at the fifth-floor window. He took the child. The woman climbed out onto the ledge. The three of them came down the fire escape on the side of the building that was not yet burning. The man set the child on the sidewalk and sat down next to it. He was wearing office clothes and carrying a paper coffee cup. He still had the coffee cup.",5.7607070044114925,4.679220888795715,6,5,"```json
{
  ""valence"": 6,
  ""arousal"": 5
}
```",0.012057542505651773,3.847044223860253,5.878113547951714,4.455153398815673,7,5,"```json
{
  ""valence"": 7,
  ""arousal"": 5
}
```",0.01023784056982534,3.859334785755362
B-amazement-d2-v2,N-amazement-d2-c2,affective,peak,"The pianist had lost the use of her left hand in an accident nine years ago. The program listed the piece as a concerto written for two hands. The audience read the program and looked at the stage and looked at the program again. She sat down and placed her right hand on the keys. Then she played the concerto. She played both parts — the left hand's part rearranged across the right hand's range, the melody and the harmony woven into five fingers doing the work of ten. The notes were all present. The structure was intact. She had rebuilt the entire architecture of the piece around what she had, and what she had was enough. The last note ended and the hall was silent for four seconds before anyone responded, because what they had heard required those four seconds to become something they believed.",7.459931193769611,4.617908597860014,7,4,"```json
{
  ""valence"": 7,
  ""arousal"": 4
}
```",0.00035510271560138467,2.8321976497537684,7.390122343864229,4.409584020965803,7,4,"```json
{
  ""valence"": 7,
  ""arousal"": 4
}
```",0.0004610585976144236,3.0354530919224985
B-admiration-d1-v1,N-admiration-d1-c1,affective,peak,"The apprentice had been watching the glassblower for four years. In four years he had never seen her repeat a motion unnecessarily. Every movement of the pipe, every rotation, every breath into the molten shape was the exact movement required and nothing more. Other glassblowers compensated — adjusting, correcting, recovering. She did not need to recover because she did not make the error that required recovery. He had timed her once, secretly, with a stopwatch, comparing her to the videos of the masters in the guild archive. She was faster. Not because she moved quickly, but because she never moved twice where once was enough. He had been her apprentice for four years, and in four years the distance between his craft and hers had not closed. It had become more visible.",4.804549971545354,4.584839387237002,7,4,"```json
{
  ""valence"": 7,
  ""arousal"": 4
}
```",0.009503947625015458,4.087800673822012,5.546037143644404,4.6814580860345405,7,3,"```json
{
  ""valence"": 7,
  ""arousal"": 3
}
```",0.010051180687880547,4.0309844045948715
B-admiration-d2-v2,N-admiration-d2-c2,affective,peak,"The woman had been fostering children for twenty-two years. Not the easy placements. The ones the system called ""difficult,"" which meant: the ones who had learned that adults leave. She had taken in forty-one children. Some stayed for months. Some stayed for years. Every one of them left, because that was the structure — foster care is temporary by design. She set the table for them. She learned what they would eat and what they wouldn't. She kept their drawings on the refrigerator and she did not take them down when the children left. The refrigerator was covered, layered, years deep. A caseworker once asked her how she did it — the repeated attachment and loss. She said she didn't do it for herself.",6.121544507267861,4.452596859392464,7,5,"```json
{
  ""valence"": 7,
  ""arousal"": 5
}
```

###",0.008316752261051883,3.607291414503862,6.171174649923837,4.7506501883902255,7,5,"{
  ""valence"": 7,
  ""arousal"": 5
}",0.008088874547581277,3.704574407669473
B-admiration-d3-v1,N-admiration-d3-c1,affective,peak,"The woman had rebuilt the house herself. Not with a crew. By herself. The flood had taken everything below the waterline, which was everything — the floors, the walls to four feet, the wiring, the plumbing. Insurance had covered a fraction. She was sixty-seven years old. She watched videos on the internet and she went to the hardware store and she asked questions until she understood the answers, and then she did the work. It took her fourteen months. The building inspector who signed off on the final permit said the wiring was better than what had been there before the flood. She had learned how to do it correctly by doing it for the first time. Her neighbors had offered to help. She had thanked them and done it herself, not out of stubbornness, but because she wanted to know that she could.",7.174849197960193,4.667661439974716,7,4,"```json
{
  ""valence"": 7,
  ""arousal"": 4
}
```

###",0.0009101436075429827,2.8331447119302724,7.247822432668213,4.949125986415752,7,4,"```json
{
  ""valence"": 7,
  ""arousal"": 4
}
```",0.0008345784370625433,3.0011207200482803
B-admiration-d3-v2,N-admiration-d3-c2,affective,peak,"He had been rejected from the program seven times. Seven applications, seven years. Each year, the letter arrived in March. Each year, the letter said no. Each year, he revised the application — not cosmetically but structurally, tearing apart what he had built and rebuilding it from the foundation. He did not know if the committee noticed. He worked during the day as a technician in the same building where the program operated, and he passed the offices of the people who had rejected him every morning on his way to the equipment room. On the eighth year, the letter said yes. He was forty-one years old. He had been twenty-seven the first time he had stood at the threshold of this work. He had not once walked a different direction.",7.00869263601726,5.224835554826932,7,5,"```json
{
  ""valence"": 7,
  ""arousal"": 5
}
```

###",0.003071901490684962,3.4119157579854265,6.9919483799476,4.708940931546701,7,5,"```json
{
  ""valence"": 7,
  ""arousal"": 5
}
```",0.002574786667279372,3.501768006521866
B-vigilance-d1-v2,N-vigilance-d1-c2,affective,peak,"His daughter was learning to ride a bicycle. She was at the top of the hill. The hill was longer than he had estimated from the bottom, and the grade was steeper in the middle section where the pavement had a crack running across it. He was standing at the bottom, but not at the very bottom — he was at the point where the grade increased, because that was where she would begin to accelerate beyond what her brakes could manage. He had already checked the brakes. He had checked them twice. A car turned onto the street two blocks away. He noted it. It was moving slowly. He watched his daughter and he watched the car and he calculated the intersection of their two trajectories and he moved four feet to his left, which put him between the trajectories.",5.337523685403025,4.838077871654404,6,5,"```json
{
  ""valence"": 6,
  ""arousal"": 5
}
```",0.015615500324286534,3.9628930881828532,5.257179716357818,4.549295117582648,7,5,"```json
{
  ""valence"": 7,
  ""arousal"": 5
}
```",0.013209469532870496,4.036108936611342
B-vigilance-d2-v2,N-vigilance-d2-c2,affective,peak,"The negotiator had been in the room for seven hours. The man on the other side of the door had not spoken in the last forty minutes. Silence after sustained communication was the pattern the negotiator tracked most carefully, because it was the interval in which decisions were made. He had a diagram in his notebook — a timeline of every word, every pause, every noise from inside the room, marked by minute. The forty minutes of silence had a shape. The first fifteen had ambient sound — movement, objects being shifted. The next ten had stillness. The last fifteen had a single repeated sound at irregular intervals. He was listening to the intervals between the repetitions, because the intervals were getting shorter, and shortening intervals meant the pattern was approaching a conclusion.",6.6077088546602525,5.125795251551005,7,5,"```json
{
  ""valence"": 7,
  ""arousal"": 5
}
```

###",0.004593420312487579,3.4022261164399303,6.350489192100778,4.854386827138041,7,5,"{
  ""valence"": 7,
  ""arousal"": 5
}",0.006224459335943727,3.6782600562891687
B-vigilance-d3-v1,N-vigilance-d3-c1,affective,peak,"The ranger had been sitting in the blind since 4 a.m. The radio report at midnight had placed the injured male within two miles of the village boundary. The animal was wounded, and wounded animals do not follow established paths. It was moving toward a populated area, which made it a priority. She had a map with twelve-hour, six-hour, and one-hour probability circles drawn in concentric rings. The one-hour circle included the path she was watching. The ground was dry, which meant tracks would be shallow and easy to miss. She had positioned herself downwind. Every six minutes she scanned left to right through the binoculars, then listened for thirty seconds with them down. She had been doing this for five hours. The pattern had not varied. The coffee thermos was behind her, unopened, because opening it would create a scent plume.",5.621239300504668,5.4202113824608995,6,7,"```json
{
  ""valence"": 6,
  ""arousal"": 7
}
```

###",0.014985514378788182,3.727045683573212,5.622810485362368,5.567291465364595,6,7,"```json
{
  ""valence"": 6,
  ""arousal"": 7
}
```",0.014013934526657498,3.7306820296252066
Bm-rage-d1-v1,N-rage-d1-c1,affective,moderate,"The credit card statement showed a charge from a restaurant he did not recognize — four hundred dollars, posted on a Saturday. His brother had the supplementary card for emergencies. He checked the date. His brother had mentioned going out that weekend but hadn't said anything about the card. There might have been a reason. There usually was a reason. He pulled up the previous three months and found two more charges he couldn't place, smaller amounts, both on weekends. He set the statement on the counter and left it there while he made dinner.",4.763401778483773,4.148627126166948,3,5,"```json
{
  ""valence"": 3,
  ""arousal"": 5
}
```

###",0.01971604638226982,3.691317799906904,4.967999821809604,4.4013128884768244,3,5,"```json
{
  ""valence"": 3,
  ""arousal"": 5
}
```",0.01763341193811787,3.709188557025288
Bm-rage-d1-v2,N-rage-d1-c2,affective,moderate,"The joint account was short by twelve hundred dollars. Her sister had access for the shared household expenses — utilities, groceries, the quarterly insurance premium. The withdrawal had been made at an ATM across town, not near any of the usual vendors. She looked at it for a while. Her sister had been between jobs for two months, and they hadn't talked about whether the arrangement still worked the same way. The amount was not large enough to change anything permanently, but it was large enough that someone should have mentioned it. She closed the banking app and opened it again ten minutes later.",3.9431484332478086,3.91781976506037,3,5,"```json
{
  ""valence"": 3,
  ""arousal"": 5
}
```

###",0.0138258179037086,3.632523409449612,3.889437532240223,4.126902522171902,3,5,"```json
{
  ""valence"": 3,
  ""arousal"": 5
}
```",0.009931717361016824,3.7322360459988873
Bm-rage-d2-v1,N-rage-d2-c1,affective,moderate,"The permit had been denied for the third time. Each time for a different reason — first incomplete documentation, then a zoning question, now a signature from a department that had moved offices and did not answer its listed phone number. The project was a wheelchair ramp for his mother's front door. The ramp itself would take a contractor two days to build. The permit process was now in its fourth month. His neighbor across the street had built a similar ramp the previous year and told him it had taken two weeks. He filed the appeal online and printed the confirmation page and put it in the folder with the other two.",3.928645351717181,3.7977372140419234,3,5,"```json
{
  ""valence"": 3,
  ""arousal"": 5
}
```

###",0.01142087454865237,3.7365985968417244,3.649236255069616,3.765191600263848,3,5,"{
  ""valence"": 3,
  ""arousal"": 5
}",0.008417830310536181,3.758769307783186
Bm-rage-d2-v2,N-rage-d2-c2,affective,moderate,The insurance company had reclassified the claim. What had been approved in October was now listed as requiring additional review — a review that could take up to ninety days. The procedure had already been completed. The doctor's office said this happened sometimes when billing codes were updated mid-quarter. She called the number on the letter and was transferred four times. The fourth representative said the file showed no record of the original approval. She had the approval letter in front of her. She read the reference number aloud. The representative said he would note that in the file.,3.049925858676779,3.305441286729516,5,5,"```json
{
  ""text"": ""The insurance company had reclassified the claim. What had been approved in October was",0.007154905561426069,3.515311537389978,3.9551539530640194,3.4864137114093237,3,5,"```json
{
  ""valence"": 3,
  ""arousal"": 5
}
```",0.00936237967334801,3.769691370653178
Bm-grief-d1-v2,N-grief-d1-c2,affective,moderate,"The automated renewal notice came in the mail — his magazine subscription, addressed to him, the label printed months ago by a system that did not know. She had cancelled most of the accounts in January. This one she had missed, or perhaps she had left it. The magazine arrived every six weeks, slipped through the mail slot and onto the floor where it sat until she picked it up and placed it on the stack by his chair. The stack was five issues tall now. She added the renewal notice to the top and went to make lunch.",4.906766720473205,4.057572434307817,3,5,"```json
{
  ""valence"": 3,
  ""arousal"": 5
}
```

###",0.014305531135823831,3.7867993639574173,5.455073514461531,4.4677117930432395,3,5,"```json
{
  ""valence"": 3,
  ""arousal"": 5
}
```",0.012379753831391126,3.6885583485006825
Bm-terror-d1-v2,N-terror-d1-c2,affective,moderate,"The car had been behind him for the last several miles, but so had two other cars, and one of them had turned off at the gas station. The remaining car kept the same distance. The road was not busy but it was not empty. He signaled and changed lanes. The car changed lanes after a few seconds — the way anyone would when the lane ahead cleared. He was probably being ordinary about it. He took the next exit, which was not his exit, and waited at the bottom of the ramp. The car passed on the highway above without slowing down. He sat at the ramp for another minute before pulling back on.",4.080854863465176,4.118220429645894,3,5,"```json
{
  ""valence"": 3,
  ""arousal"": 5
}
```",0.01653968157129746,3.7754362899947593,4.832398855358306,3.9908582938796155,3,4,"{
  ""valence"": 3,
  ""arousal"": 4
}",0.01558796035616644,3.7699274334881103
Bm-terror-d2-v2,N-terror-d2-c2,affective,moderate,"His father had mentioned the numbness in his left hand during a phone call, almost as an aside, between the weather and the score of the game. It had been there for a few weeks, he said, maybe a month. He was going to mention it at his next appointment, which was not for another three weeks. His father was seventy-four and had never been to the doctor ahead of schedule. He had looked it up after the call — the search results offered a range from nothing to everything, in that order. He called his father back the next evening and asked about the hand, and his father said it was about the same.",5.240244612804796,3.9579760345703914,6,3,"```json
{
  ""valence"": 6,
  ""arousal"": 3
}
```

###",0.01523914505559477,3.5898197051829137,5.304743404830948,4.286772136613812,6,5,"```json
{
  ""valence"": 6,
  ""arousal"": 5
}
```",0.016178913041542165,3.762367743574412
Bm-terror-d3-v1,N-terror-d3-c1,affective,moderate,"She had seen the same car parked on her street three times in the past week. A dark sedan, no distinguishing marks, always on the same side of the block but never in exactly the same spot. It could have belonged to someone visiting a neighbor. It could have been a contractor working on the house at the end of the street. She had not seen anyone get in or out of it. On the third day, she wrote down the plate number on the back of a receipt and put the receipt in the kitchen drawer. The car was not there the following morning. She checked the drawer to make sure the receipt was still where she had left it.",4.333679370680228,4.107547025371302,3,5,"```json
{
  ""valence"": 3,
  ""arousal"": 5
}
```

###",0.009174172155320048,3.828121011166848,4.906453599772503,4.26433871040302,3,5,"```json
{
  ""valence"": 3,
  ""arousal"": 5
}
```",0.00789714414391453,3.8732091034571456
Bm-ecstasy-d1-v1,N-ecstasy-d1-c1,affective,moderate,"The acceptance letter was for the second-choice program, not the first, but it was an acceptance letter. She read it at the kitchen table with her coffee going cold beside her. Two years of applications and revised statements and letters of recommendation, and here it was — not the one she had imagined, but a real one, with a start date and a funding line and her name spelled correctly at the top. She would need to move. She would need to find an apartment in a city she had only visited once. She folded the letter back into the envelope and finished her coffee, which by then was no longer warm.",5.69481724132539,4.578485676758796,7,5,"```json
{
  ""valence"": 7,
  ""arousal"": 5
}
```

###",0.015890319685406093,3.7120237015761908,5.357733758221983,4.5509396521112295,7,5,"```json
{
  ""valence"": 7,
  ""arousal"": 5
}
```",0.01376123895259406,3.876538832269921
Bm-ecstasy-d1-v2,N-ecstasy-d1-c2,affective,moderate,"His piece had been selected for the group exhibition — not a solo show, not a prize, but a spot on the wall alongside eleven other artists, three of whom he had studied in school. The gallery had sent the floor plan with his name next to a rectangle on the west wall, between a painter from Montreal and a sculptor whose work he had seen in a magazine. He pinned the floor plan to the corkboard in his studio and stood back. His name was small but it was there, in the same typeface as the others, at the same size, in the same list.",6.429962074467972,4.337528876997535,7,5,"```json
{
  ""valence"": 7,
  ""arousal"": 5
}
```

###",0.005992743570561197,3.119754027364291,6.2746388500413355,4.460138565739399,7,5,"```json
{
  ""valence"": 7,
  ""arousal"": 5
}
```",0.007783641753136213,3.3736048196490263
Bm-ecstasy-d2-v2,N-ecstasy-d2-c2,affective,moderate,"The new employee had been at the company for three months and had eaten lunch at her desk every day. On a Thursday, two women from the design team stopped by her cubicle and asked if she wanted to join them at the place across the street. They had been going there on Thursdays for years, they said. She picked up her jacket and walked with them. They talked about a project deadline and a television show and the quality of the soup, which they agreed was inconsistent. She ordered the soup anyway. The following Thursday, one of them sent her a message at eleven-forty: ""Soup day?""",5.777228672165773,4.09453429361691,7,4,"```json
{
  ""valence"": 7,
  ""arousal"": 4
}
```",0.009383769979791309,3.7015337451912056,5.905831927840403,4.265935421191705,7,4,"```json
{
  ""valence"": 7,
  ""arousal"": 4
}
```",0.009692034929134112,3.734870259005765
Bm-ecstasy-d3-v1,N-ecstasy-d3-c1,affective,moderate,"The anomaly in the dataset had survived three rounds of cleaning. She had assumed it was an artifact — a sensor error, a transcription mistake, the kind of thing that disappeared when you ran the numbers again. It had not disappeared. The value sat at the same coordinates each time, consistent across all three collection periods, deviating from the model by a margin that was small enough to ignore and large enough to be worth not ignoring. She flagged it in the project log and drafted an email to her advisor, then deleted the email and rewrote it twice, because the phrasing mattered and she was not yet sure what she was claiming.",5.664995760062911,4.231906443638728,6,5,"```json
{
  ""valence"": 6,
  ""arousal"": 5
}
```

###",0.014131894039746575,3.5094325568156037,5.4614071903154064,4.25468647943406,7,5,"{
  ""valence"": 7,
  ""arousal"": 5
}",0.01297730196099376,3.7583411453590894
Bm-ecstasy-d3-v2,N-ecstasy-d3-c2,affective,moderate,"He had been restoring the cabinet for a client when the back panel came loose and a second surface appeared underneath. The wood was different — older, darker, with a grain pattern he did not recognize from any of the standard suppliers of that period. He ran his hand along it. There were marks in the wood that could have been tool impressions or could have been intentional. He photographed them with his phone and sent the image to a colleague who specialized in period furniture. The colleague replied within an hour asking where he had found it and whether he could come see it in person.",5.9978395278123156,4.408910891281557,7,5,"```json
{
  ""valence"": 7,
  ""arousal"": 5
}
```

###",0.012825456193799266,3.5589760890091755,6.017853777595456,4.610114512418751,7,5,"```json
{
  ""valence"": 7,
  ""arousal"": 5
}
```",0.011958276263859983,3.6601758891943565
Bm-loathing-d1-v1,N-loathing-d1-c1,affective,moderate,"The fundraiser had raised eleven thousand dollars for the school's art program. The committee chair had organized it, booked the venue, and handled the deposits. The receipts she submitted for reimbursement included the venue rental and the catering. They also included a spa appointment on the same day, listed under ""event coordination wellness."" The amount was ninety-four dollars. No one on the committee had seen the charge until the treasurer reconciled the account in April. It was possible it was a mistake — a personal charge on the wrong card. The treasurer had emailed her about it. She had not yet replied. It had been three weeks.",3.397340408815922,3.5379172488761776,3,4,"```json
{
  ""valence"": 3,
  ""arousal"": 4
}
```

###",0.00871092053431827,3.7034741689766784,4.220662671941993,3.8095543252811424,3,4,"{
  ""valence"": 3,
  ""arousal"": 4
}",0.011427072541301698,3.857778835637889
Bm-loathing-d1-v2,N-loathing-d1-c2,affective,moderate,"The company's community partnership program donated surplus office equipment to local schools. The program was featured in the annual report with photographs of students using the laptops. He had been assigned to coordinate the next delivery and pulled the inventory list. The laptops designated for donation were the oldest models in the warehouse — machines the IT department had already flagged for recycling. The ones in the photographs, the ones in the annual report, were newer units that had been purchased specifically for the photo session and then returned to the corporate supply room afterward. He found the return receipt in the shared drive, filed under ""marketing expenses.""",4.8341052165965985,4.140356746325996,3,5,"```json
{
  ""valence"": 3,
  ""arousal"": 5
}
```

###",0.01054023988699982,3.881210465386714,5.090606790893852,4.465506207204449,3,5,"```json
{
  ""valence"": 3,
  ""arousal"": 5
}
```",0.009380191471066343,3.8736955897539143
Bm-loathing-d2-v1,N-loathing-d2-c1,affective,moderate,"The office kitchen had a communal refrigerator that was cleaned out on the last Friday of each month. It was Wednesday. The container on the second shelf had been there since before the last cleaning — possibly longer. The lid had shifted, and the contents had developed a surface layer that was a different color than whatever was underneath. A second container behind it had no lid at all. The smell was concentrated near the back of the shelf, where the cold air didn't circulate as well. She put her lunch on the top shelf, as far from the second row as the space allowed, and closed the door quickly.",5.111901554121353,4.110721195114334,3,5,"```json
{
  ""valence"": 3,
  ""arousal"": 5
}
```

###",0.014333820528460692,3.6727592869384367,5.306867207908307,4.161920885944211,3,5,"{
  ""valence"": 3,
  ""arousal"": 5
}",0.011772137881928815,3.689970845403149
Bm-loathing-d2-v2,N-loathing-d2-c2,affective,moderate,"The public restroom at the rest stop had one stall available. The floor around the base of the toilet was wet in a way that was not consistent with the mop bucket parked near the entrance. The seat had not been wiped. There was a residue on the handle of the flush lever that caught the light when she pushed the door open wider. The soap dispenser next to the sink was empty, and the one next to it dispensed a thin liquid that did not foam. She used the facilities without touching more than she had to and dried her hands with paper towels she also used to open the exit door.",3.1414564962199276,3.546968515750406,2,3,"```json
{
  ""valence"": 2,
  ""arousal"": 3
}
```

###",0.006094051367662871,3.5860071186547344,3.653631231563553,3.1970921946809763,3,4,"```json
{
  ""valence"": 3,
  ""arousal"": 4
}
```",0.005748279113343394,3.6419382564639142
Bm-loathing-d3-v2,N-loathing-d3-c2,affective,moderate,"The school board member had spoken at the budget hearing about the importance of public education. He had quoted statistics about funding gaps. He had used the phrase ""every child in this district."" His children attended a private school in the neighboring county — this was not a secret, but it was not something he mentioned during the hearings. She had learned it from another parent at a weekend sports event, where both families' children played on the same club team. The team's tuition was listed on the club's website. It was more per semester than the per-pupil spending figure he had cited in his presentation.",2.905744294825388,3.858511655049558,2,3,"```json
{
  ""valence"": 2,
  ""arousal"": 3
}
```

###",0.005549924973285247,3.5412833997851987,3.372638330733445,3.963581151531394,3,5,"```json
{
  ""valence"": 3,
  ""arousal"": 5
}
```",0.006268962048089973,3.7519051524286984
Bm-amazement-d1-v1,N-amazement-d1-c1,affective,moderate,"The trail had been unremarkable for the first two hours — packed dirt, moderate incline, the usual undergrowth. She came around a switchback and the trees opened. The valley below was filled with fog that had settled into the shape of the terrain, following the river and pooling in the low fields. Above the fog line, the hills were lit in a way that separated each ridge into its own shade of green. She had not expected this view on this trail. It was not on the map, not mentioned in any of the reviews she had read. She stood at the switchback for several minutes and then took a photograph and continued walking.",6.432337455525125,4.440316900793833,7,5,"```json
{
  ""valence"": 7,
  ""arousal"": 5
}
```

###",0.0080888453326272,3.2977459893233507,6.900227510866956,5.171168118547971,7,5,"```json
{
  ""valence"": 7,
  ""arousal"": 5
}
```",0.00560372804875202,3.252906628852185
Bm-amazement-d2-v1,N-amazement-d2-c1,affective,moderate,"The old man at the woodworking demonstration had not spoken much. He set up his tools on the folding table while the crowd gathered for the more popular booth next door. Someone asked what he was making. He said he would show them. He picked up a block of walnut and a chisel and began working without a pattern or a pencil line. Forty minutes later, the block was a hand — an open hand, palm up, with creases in the fingers and a visible grain that followed the contour of the thumb. The crowd at the other booth had migrated. No one had seen him draw anything. He had not looked at a reference. He set it on the table and picked up another block.",6.272118857417495,4.394797662695447,7,4,"```json
{
  ""valence"": 7,
  ""arousal"": 4
}
```

###",0.007085397939166848,3.6484005478631385,6.062258593515803,4.381423761190351,7,5,"```json
{
  ""valence"": 7,
  ""arousal"": 5
}
```",0.008020129780712735,3.799022416920238
Bm-amazement-d2-v2,N-amazement-d2-c2,affective,moderate,"The substitute teacher had arrived ten minutes before the bell. The regular teacher had left no lesson plan. The class was seventeen-year-olds who had already decided the period was free. The substitute opened the textbook to the chapter they were on, read the first page silently, and then began teaching the material — not reading it, teaching it — with examples pulled from the news and from math that was not in the book. By the end of the period, three students had moved to the front row. One of them asked the substitute if she would be there tomorrow. She would not.",5.70633880743506,4.580335008941181,7,5,"```json
{
  ""valence"": 7,
  ""arousal"": 5
}
```

###",0.012021676892575526,3.7892077650408122,5.518733903844557,4.52322387889811,7,5,"```json
{
  ""valence"": 7,
  ""arousal"": 5
}
```",0.009936053328161129,3.876553595463474
Bm-admiration-d1-v1,N-admiration-d1-c1,affective,moderate,"The mechanic had been working on his car for twenty minutes and had not once reached for a tool that wasn't already in her hand. He noticed this because the shop across town — the one he'd used before — always involved a pause, a search through the drawer, a trip to the back room. She didn't search. When she opened the hood she already seemed to know the sequence of what she would need, and the tools appeared on the fender ledge in the order she used them. She explained what she was doing as she went, not to simplify it, but accurately, in terms that assumed he could follow. He could, mostly. He went back to the same shop the next time.",6.927975795798307,4.584404594854397,7,5,"```json
{
  ""valence"": 7,
  ""arousal"": 5
}
```

###",0.0037790940298089467,3.310424062285683,6.9080952933624,4.768780228288197,7,5,"{
  ""valence"": 7,
  ""arousal"": 5
}",0.003939936444967401,3.2910349928826377
Bm-admiration-d2-v2,N-admiration-d2-c2,affective,moderate,"The neighbor had been shoveling the sidewalk in front of three houses every winter for as long as anyone on the block could remember. His house, the house to his left where the woman with the walker lived, and the house to his right where the night-shift nurse came home at seven in the morning. No one had asked him. He had never mentioned it. The only reason she knew was that she had woken up early one January morning and seen him through the window, working in the dark, finishing the third sidewalk before the sun came up. The paths were always clear by the time anyone else went outside.",7.562246068552309,4.620094903822127,7,3,"```json
{
  ""valence"": 7,
  ""arousal"": 3
}
```

###",0.00028397424893516885,2.883065946153237,7.4359268850890965,4.678357045632229,7,3,"```json
{
  ""valence"": 7,
  ""arousal"": 3
}
```",0.0005641424474413188,3.040833765812468
Bm-admiration-d3-v1,N-admiration-d3-c1,affective,moderate,"The woman at the evening language class was older than the other students by at least thirty years. She sat in the front row with a notebook and a dictionary that she had tabbed with colored markers. She was slower than the others. The pronunciation exercises took her more repetitions. The grammar worksheets came back with more corrections. But she was in the front row every Tuesday and Thursday, and her notebook was more detailed than anyone else's — not just the exercises but her own annotations, questions she had looked up between sessions, words she had encountered during the week and brought back to the classroom.",6.776027504151144,5.147308616105044,7,5,"```json
{
  ""valence"": 7,
  ""arousal"": 5
}
```

###",0.003963626677176137,3.098194463963068,6.551306079161889,5.293430507428376,7,5,"```json
{
  ""valence"": 7,
  ""arousal"": 5
}
```",0.006458652016361953,3.3736697548050265
Bm-admiration-d3-v2,N-admiration-d3-c2,affective,moderate,"His colleague had been passed over for the promotion twice — once for a candidate with more experience, once for a reorganization that eliminated the position. Both times, he had seen her return to her desk the following Monday with the same schedule, the same attention to the work, the same willingness to assist new hires who didn't know that she had applied for the role they were being trained to fill. She had not mentioned it either time. He knew because he had been on the interview panel. She was preparing a third application. The deadline was in April. Her materials were already in a folder on her desk.",6.480669322965057,4.371176454047489,7,5,"```json
{
  ""valence"": 7,
  ""arousal"": 5
}
```

###",0.00466849971119466,3.5836541230825247,6.244814043554266,4.475738010202994,7,5,"{
  ""valence"": 7,
  ""arousal"": 5
}",0.006208527574284993,3.678417021116134
Bm-vigilance-d1-v2,N-vigilance-d1-c2,affective,moderate,"His son had been invited to a birthday party at a house they had not been to before. The backyard had a trampoline with a net enclosure, and nine children were taking turns. The net had a gap near the zipper where the fabric didn't quite close. His son was one of the smaller children. He stood near the patio table with the other parents, holding a paper plate he hadn't touched, and every few seconds his eyes returned to the gap in the net and then to his son and then to the distance between the two. The gap was probably not large enough. He stayed where the angle let him see both.",4.895429045248195,5.15616060192551,6,5,"```json
{
  ""valence"": 6,
  ""arousal"": 5
}
```",0.024737780665123114,3.7619465264787935,4.66411150878208,5.2974989777092025,3,5,"```json
{
  ""valence"": 3,
  ""arousal"": 5
}
```",0.022930110376687032,3.86420485196851
Bm-vigilance-d2-v2,N-vigilance-d2-c2,affective,moderate,"The baker had been watching the oven for the last twelve minutes. The sourdough was at the stage where the crust was forming, and the color was moving from pale to golden in a gradient that would pass through the correct shade and continue past it if he was not paying attention. The oven had a hot spot on the left side — he had learned this after two years of baking in this kitchen and compensated by rotating the loaves at the fourteen-minute mark. The timer said two minutes until rotation. He could hear the crust beginning to set, a sound like paper being folded very slowly. He did not open the door. He watched through the glass.",6.716785649604487,4.948834007283283,7,5,"```json
{
  ""valence"": 7,
  ""arousal"": 5
}
```",0.005749430554518225,3.1015200642294616,6.7755227334326005,5.156201111755082,7,5,"```json
{
  ""valence"": 7,
  ""arousal"": 5
}
```",0.00556760857931185,3.2014512781883306
Bm-vigilance-d3-v1,N-vigilance-d3-c1,affective,moderate,"The hiking trail had a sign at the trailhead about recent activity in the area — tracks had been spotted near the creek crossing a mile ahead. The sign was dated three days ago. She had hiked this trail before without seeing anything. The odds were that she would hike it again today without seeing anything. She carried the bear spray in the side pocket of her pack, where she could reach it without taking the pack off. She was not afraid. She was paying attention — to the bushes on either side of the trail, to the sound of the creek as she approached it, to the birds, which were present and vocal, which was a sign that nothing large had passed through recently.",6.837631764653019,3.787728233925473,7,4,"```json
{
  ""valence"": 7,
  ""arousal"": 4
}
```

###",0.0021410668602866905,2.7928602629638504,6.998202407562659,3.9126693768442284,7,4,"```json
{
  ""valence"": 7,
  ""arousal"": 4
}
```",0.0015661858571931091,2.885922904575681
N-rage-d1-c1,N-rage-d1-c1,neutral,none,"The papers were spread across the table where he'd sorted them. His daughter's college fund statement. The balance had grown by four percent over the quarter. His brother had co-signed the original account — there were six deposits logged over nine months, each one automatic. The most recent was dated the same week they'd met for dinner. He picked up his phone to check the online portal, then set it aside and added the figures to the spreadsheet he'd been updating.",6.643936518059049,4.826873795199134,7,5,"```json
{
  ""valence"": 7,
  ""arousal"": 5
}
```

###",0.004193328274036383,2.940221729158603,6.6906766129654915,5.033470156948925,7,5,"```json
{
  ""valence"": 7,
  ""arousal"": 5
}
```",0.004517882760527027,3.054698238026097
N-rage-d1-c2,N-rage-d1-c2,neutral,none,"She found the second set of projections on a Tuesday. The updated ones. The ones her business partner of fourteen years had been working on in a folder labeled ""Q3 Forecasts."" Fourteen years of growth documented in invoices, client payments, and vendor relationships across three states. She sat at her desk and reviewed the numbers. The figures matched the annual report. She had built this company from a single client and a rented desk, and the quarterly review confirmed the trajectory was holding steady.",7.483655897010513,4.516476478463745,7,5,"```json
{
  ""valence"": 7,
  ""arousal"": 5
}
```

###",0.0005677103991383825,2.8940591388158685,7.336893494067229,4.760020139198322,7,5,"```json
{
  ""valence"": 7,
  ""arousal"": 5
}
```",0.000825134158009677,3.0049544471292675
N-rage-d2-c1,N-rage-d2-c1,neutral,none,"The review board published its quarterly report. Twelve cases reviewed, all resolved within the standard processing window. The department had updated its filing procedures following an audit recommendation — the same recommendation that had been implemented across three other district offices. His wife read the summary at the kitchen table while their son did homework in the next room. The board's letterhead had been redesigned with the department's updated logo printed along the bottom.",6.576771870282503,4.357077998965884,7,5,"```json
{
  ""valence"": 7,
  ""arousal"": 5
}
```

###",0.004004078845697604,3.131695235942848,6.599710077110502,4.85068601484023,7,5,"{
  ""valence"": 7,
  ""arousal"": 5
}",0.005097286175177711,3.1255245820670705
N-rage-d2-c2,N-rage-d2-c2,neutral,none,The hospital had sent her the itemized statement. The surgery had been scheduled and completed as planned. The follow-up appointment was set for six weeks out. She had received a letter from the billing department confirming that her insurance had covered the standard portion. The original consent form was eleven pages long. She had signed it in the admissions office on a clipboard at the front desk. The billing department's letter included a patient satisfaction survey and a prepaid return envelope.,6.196293363825132,4.725083453259457,7,5,"```json
{
  ""valence"": 7,
  ""arousal"": 5
}
```

Explanation",0.010800351346568442,3.33139473217778,6.40406107980211,5.0722859676651355,7,5,"{
  ""valence"": 7,
  ""arousal"": 5
}",0.010807359396786589,3.2374963978096547
N-grief-d1-c2,N-grief-d1-c2,neutral,none,"The woman at the front desk asked her to sign for the package. A box with a shipping label from the supplier. Inside were three folders and a USB drive. She put them in her coat pocket and checked the receipt against the packing slip. Outside, the parking lot was filling up with the afternoon shift. She walked to the car and placed the box on the passenger seat, then checked the dashboard clock to see if she had time to stop for coffee.",5.896218709559074,4.5092070841697325,6,5,"```json
{
  ""valence"": 6,
  ""arousal"": 5
}
```

###",0.015636395976091927,3.205618622681228,6.0711848167248315,4.8628869600170646,7,5,"{
  ""valence"": 7,
  ""arousal"": 5
}",0.014228657496556676,3.22336980033872
N-terror-d1-c2,N-terror-d1-c2,neutral,none,"The man in the parking garage was walking toward the same elevator bank. She turned left at the row marker. He continued straight ahead toward the stairwell. She stopped at her car and checked her bag for the parking ticket. He was several cars away, talking on his phone as he walked. She beeped her car open and loaded the shopping bags into the trunk. The elevator was two rows ahead, but she was parked closer to the exit ramp. The overhead lights buzzed faintly. She checked her mirrors and pulled out of the space.",5.695848275242262,4.203196056323504,6,5,"```json
{
  ""valence"": 6,
  ""arousal"": 5
}
```

###",0.01506488025437583,3.431620410741509,5.996340700466733,4.579913181182607,6,5,"```json
{
  ""valence"": 6,
  ""arousal"": 5
}
```",0.01199527703393256,3.3923789741833352
N-terror-d2-c2,N-terror-d2-c2,neutral,none,"The nurse had pressed the button above the bed to call for a supplies restock. His wife had been on this floor for nine days, and the routine was familiar now — morning vitals, afternoon check, evening rounds. The nurse adjusted the IV line and noted the readings on her tablet. Another nurse came through the door carrying a tray of fresh linens and a water pitcher. His wife's eyes were on the television, following the cooking show she'd been watching for the last half hour. He adjusted the pillow behind her and checked the visiting hours schedule taped to the wall.",6.064895890640108,4.555491623699105,6,5,"```json
{
  ""valence"": 6,
  ""arousal"": 5
}
```

###",0.01693759930221876,3.142809426051696,6.12643127569573,4.828300658143206,7,5,"```json
{
  ""valence"": 7,
  ""arousal"": 5
}
```",0.01692732366386218,3.223543679856333
N-terror-d3-c1,N-terror-d3-c1,neutral,none,"The third letter was from the neighborhood association, like the others. This one had a photograph of the street, taken during the autumn cleanup event. The timestamp on the back showed it was from three weeks ago. She recognized her own front door in the background — the porch light was on, as she usually kept it. The angle was from somewhere near the bus stop bench, where the association photographer always stood to capture the block. She walked to the window to check if the recycling bins were at the curb. The bench across the street was empty. The next association meeting was on Thursday.",6.063438516295846,4.375327285035645,6,5,"```json
{
  ""valence"": 6,
  ""arousal"": 5
}
```

###",0.01489515678194241,3.1831954700270204,6.258932295447374,4.652640757994806,6,5,"```json
{
  ""valence"": 6,
  ""arousal"": 5
}
```",0.012199458338625475,3.294953512362663
N-ecstasy-d1-c1,N-ecstasy-d1-c1,neutral,none,"The email confirmed receipt of her grant application. ""The committee will review all submissions by March 15."" She read it and noted the date in her calendar. The lab was empty because it was 6 a.m. and she'd come in early to catch up on paperwork. She checked the submission portal to verify the attachments had uploaded correctly. All four documents showed a green checkmark. She walked to the window and opened it to let in some air — the ventilation system didn't start until seven. She picked up her phone and texted her colleague that the application had gone through, then turned to the stack of ungraded lab reports.",6.543010496117518,4.542485664379165,7,4,"```json
{
  ""valence"": 7,
  ""arousal"": 4
}
```

###",0.006024752207916143,3.287645847941419,6.442864951672641,4.751705154292017,7,4,"```json
{
  ""valence"": 7,
  ""arousal"": 4
}
```",0.0057687774130972536,3.4465029827895806
N-ecstasy-d1-c2,N-ecstasy-d1-c2,neutral,none,"His name was on the roster for the next testing session. He confirmed the date and room number and noted that the format had changed from the previous year — two sections instead of three. He had been preparing for several months, using the study materials his colleague had recommended. His wife had helped him organize the schedule, blocking off evenings after their daughter's bedtime. The roster listed forty-three candidates for this session. He took a photograph of the posting for his records, then checked the parking information for the testing center.",6.406286032884709,4.501112927721651,7,5,"```json
{
  ""valence"": 7,
  ""arousal"": 5
}
```

###",0.007464633926387313,2.993419825039267,6.561537786025697,5.045852355675973,7,5,"```json
{
  ""valence"": 7,
  ""arousal"": 5
}
```",0.006929075928453222,3.0499567824306526
N-ecstasy-d2-c2,N-ecstasy-d2-c2,neutral,none,"The letter was from the homeowner's association. She opened it at the mailbox and scanned the contents. The second paragraph confirmed the annual assessment amount, unchanged from last year. She and her wife had owned the house for twenty-seven months. The process of buying had involved inspections, appraisals, title checks, insurance reviews, and several rounds of paperwork with the mortgage company. The spare bedroom down the hall was currently set up as a home office. The letter also included the schedule for the annual neighborhood meeting and a reminder about the updated parking regulations.",5.751924866468529,4.276443289905774,6,5,"```json
{
  ""valence"": 6,
  ""arousal"": 5
}
```

###",0.02158858671062502,3.1672196493657174,6.086242685844059,4.893938899722132,7,5,"```json
{
  ""valence"": 7,
  ""arousal"": 5
}
```",0.017276300745683978,3.2179196586576118
N-ecstasy-d3-c1,N-ecstasy-d3-c1,neutral,none,"He had been reviewing the data for three days, preparing the quarterly summary. The trends matched the previous quarter's projections. He built the standard visualizations — bar charts for the monthly totals, a line graph for the year-over-year comparison. The formatting matched the template the department used for all client reports. He checked the axis labels and the legend placement. He saved the file and walked to the printer to collect the hard copies. The report was due by Friday, which gave him a day to incorporate any feedback from the review meeting scheduled for Thursday afternoon.",6.511171017427596,4.621488306615112,7,5,"```json
{
  ""valence"": 7,
  ""arousal"": 5
}
```

###",0.006711227325013302,3.295050630485166,6.468231976059607,4.965855108376333,7,5,"```json
{
  ""valence"": 7,
  ""arousal"": 5
}
```",0.007062473871581933,3.4378238684258458
N-ecstasy-d3-c2,N-ecstasy-d3-c2,neutral,none,"She had been diving the same reef for twenty years as part of the annual marine survey. The tide was at the predicted level for this time of year. She followed the standard transect line, recording fish species counts and coral coverage percentages on her underwater slate. The visibility was typical for the season — about fifteen meters. She noted the presence of the usual indicator species at each survey point. She had forty minutes of air remaining, which was on track for the planned dive profile. She completed the final transect and began her ascent at the standard safety rate.",6.194487512146613,4.37598931365509,7,5,"```json
{
  ""valence"": 7,
  ""arousal"": 5
}
```

###",0.011242532966952197,3.243473610231411,6.275533016625835,4.933952541592949,7,5,"```json
{
  ""valence"": 7,
  ""arousal"": 5
}
```",0.01190484068091408,3.361905855390232
N-loathing-d1-c1,N-loathing-d1-c1,neutral,none,"The charity's annual report showed that the majority of each dollar was distributed across program areas as outlined in the budget. The remainder covered standard operating costs: office leases, staff salaries, accounting services. The director's travel records were filed with the expense reports — economy flights, standard hotels near the regional offices. One receipt was for a working dinner with the local program coordinator. The director's signature was on the expense report and the quarterly summary. The annual audit had been completed and filed with the regulatory body.",6.092117133292106,4.254499340598265,7,5,"```json
{
  ""valence"": 7,
  ""arousal"": 5
}
```

###",0.00860928050165837,3.6003791383462596,6.20595050490161,5.002903562020671,7,5,"{
  ""valence"": 7,
  ""arousal"": 5
}",0.010442265914806891,3.516597800582369
N-loathing-d1-c2,N-loathing-d1-c2,neutral,none,"The factory had passed inspection every year for a decade. The inspector was assigned through the standard regional rotation. The inspection records were in the public database, cross-referenced with the facility's maintenance logs. The workers' medical claims were tracked through the company's occupational health program. The factory's ventilation system had been upgraded according to the maintenance schedule, with each unit's installation date and serial number documented. A photograph of the ventilation system, taken during the most recent inspection, showed the current model, installed in 2022, with the updated compliance certification attached.",7.182154088055348,4.295066720080199,7,5,"```json
{
  ""valence"": 7,
  ""arousal"": 5
}
```

Explanation",0.0017820860078515408,3.089806905588092,7.168581071144003,5.412508493336263,7,5,"```json
{
  ""valence"": 7,
  ""arousal"": 5
}
```",0.0018119321814402214,2.9888622404991256
N-loathing-d2-c1,N-loathing-d2-c1,neutral,none,"The apartment had been vacant for two weeks during the turnover period. The previous occupant had moved out on schedule, and the cleaning crew had been through the unit. The kitchen counter was cleared, with a few scuff marks that would be covered by the new shelf liner. The refrigerator door was slightly open, propped with a folded towel to prevent odor buildup — standard procedure between tenants. She stepped inside and checked each room against the move-in inspection checklist. The floors had been cleaned. She noted the counter scuffs on the form and continued to the bathroom.",6.124499726649821,4.236529049182852,7,5,"```json
{
  ""valence"": 7,
  ""arousal"": 5
}
```

###",0.009959275841679216,3.178843298175125,6.3024003695506705,4.744745703085463,7,5,"{
  ""valence"": 7,
  ""arousal"": 5
}",0.008644832424214417,3.1342105106714895
N-loathing-d2-c2,N-loathing-d2-c2,neutral,none,"The restaurant kitchen was visible through a window in the hallway leading to the restroom. He glanced in as he passed. The cutting boards were color-coded — green for vegetables, red for meat — lined up along the stainless steel counter. The floor near the sink was wet from the wash-down between service rounds. A container of olive oil was open on the prep station, next to a row of measured ingredients for the next course. He walked back to the table. His plate had arrived while he was away. The presentation matched the description on the menu. He unfolded his napkin and picked up his fork.",6.857655910106027,4.363556078440365,7,5,"```json
{
  ""valence"": 7,
  ""arousal"": 5
}
```

###",0.002594814847893602,2.9134463172284715,6.8538000609254555,4.704845209974078,7,5,"```json
{
  ""valence"": 7,
  ""arousal"": 5
}
```",0.003358830598205205,2.963683962782548
N-loathing-d3-c2,N-loathing-d3-c2,neutral,none,"The politician had served three terms on the regional council. Her platform included infrastructure improvement, and she had sponsored two amendments to the transportation budget. Her voting record was public and reflected a consistent position on municipal spending priorities. Her financial disclosures were filed annually with the ethics board, listing her income sources and any outside consulting work. Her consulting firm, which predated her political career, provided services to several municipal contractors. The firm was registered to a commercial office park on the east side of the district.",6.338944707082635,4.248387951938827,7,4,"```json
{
  ""valence"": 7,
  ""arousal"": 4
}
```

###",0.007116652358817008,3.1171115478824816,6.275638549156418,4.759386107398725,7,5,"```json
{
  ""valence"": 7,
  ""arousal"": 5
}
```",0.009655413319112535,3.328519124875669
N-amazement-d1-c1,N-amazement-d1-c1,neutral,none,"She had pulled over because the road was too dark to drive safely. When she got out of the car to check the tires, she looked up. The sky was clear, with the usual scattering of stars visible away from the city. She had checked the weather forecast before leaving, and the conditions matched — no cloud cover, low humidity. The visibility was typical for this latitude and time of year. She could identify the standard constellations and the brighter planets near the horizon. She walked around the car, confirmed the tires were fine, and checked her phone for the remaining distance. A car passed in the other lane. She got back in and continued driving.",6.0785691336425,3.714739862990308,6,4,"```json
{
  ""valence"": 6,
  ""arousal"": 4
}
```

###",0.008726698149033759,3.057478185441182,6.4780019021486925,4.522491542554736,7,5,"```json
{
  ""valence"": 7,
  ""arousal"": 5
}
```",0.0065942187120056174,3.1716371880430048
N-amazement-d2-c1,N-amazement-d2-c1,neutral,none,"The building was undergoing a scheduled fire drill from the fourth floor up. The crowd of employees gathered at the designated assembly point behind the barrier. A safety officer on the fifth floor signaled from the window that the floor had been cleared. The fire marshal went through the front entrance to verify the evacuation timeline. He appeared at each floor in sequence, checking the stairwells and marking his clipboard. The employees came down the main staircase in the order specified by the evacuation plan. The marshal exited the building and noted the total elapsed time. He was wearing his standard-issue vest and carrying a clipboard. The building was cleared in under the target time.",6.651190406152084,4.5075705093058485,7,5,"```json
{
  ""valence"": 7,
  ""arousal"": 5
}
```

###",0.004603722965582981,3.0955138200561763,6.645968061894223,4.877100037892888,7,5,"```json
{
  ""valence"": 7,
  ""arousal"": 5
}
```",0.004599690112804123,3.227829169148416
N-amazement-d2-c2,N-amazement-d2-c2,neutral,none,"The pianist had been performing with this orchestra for nine years. The program listed the piece as a concerto from the standard repertoire. The audience read the program notes, which included background on the composer and the performance history. She sat down and placed both hands on the keys. The orchestra began the introduction, and she entered at the marked measure. The performance followed the score — the left hand carrying the bass line, the right hand the melody, with the standard dynamic markings observed throughout. The audience followed along, some with printed programs. The last note ended and the applause began promptly, followed by the customary standing acknowledgment from the soloist.",7.074276294177601,4.442798993249254,7,5,"```json
{
  ""valence"": 7,
  ""arousal"": 5
}
```

###",0.0015795024114868745,2.5863133971754357,7.091999260240305,4.993281403540801,7,5,"```json
{
  ""valence"": 7,
  ""arousal"": 5
}
```",0.0015168965103932763,2.672862708804845
N-admiration-d1-c1,N-admiration-d1-c1,neutral,none,"The apprentice had been working with the glassblower for four years. In that time he had learned the standard techniques for pipe rotation, shaping, and annealing. Each session followed the guild's curriculum — foundational skills in the first year, intermediate forms in the second, and independent projects by the third. She demonstrated each technique at the standard pace, and he practiced until the results met the quality benchmarks. He had recorded several sessions on video for his portfolio, comparing his progress to the sample work in the guild archive. His skill had improved on the expected timeline. He was in his fourth year, and the next milestone was the journeyman assessment scheduled for the spring.",6.778759748752964,4.796821877148813,7,5,"```json
{
  ""valence"": 7,
  ""arousal"": 5
}
```

###",0.004276282450807978,2.9190826586980783,6.842713413078369,5.391691418104279,7,5,"```json
{
  ""valence"": 7,
  ""arousal"": 5
}
```",0.004632059239415176,2.974534698678784
N-admiration-d2-c2,N-admiration-d2-c2,neutral,none,"The woman had been a licensed foster care provider for twenty-two years. She worked within the standard placement system, coordinating with the caseworkers assigned to each child. She had hosted multiple placements over the years, following the guidelines for housing, meals, and educational support. Each placement had a case plan with documented milestones and transition timelines. She maintained the required records — medical appointments, school reports, behavioral notes — and submitted them to the agency on the regular schedule. The caseworker conducted home visits quarterly. The refrigerator had a calendar with appointment dates and a list of emergency contact numbers. Her license had been renewed on the standard cycle.",6.844149893662462,4.467577643728964,7,5,"```json
{
  ""valence"": 7,
  ""arousal"": 5
}
```

###",0.004335660015453626,3.160485166275457,6.686652377540914,5.0487980722912384,7,5,"```json
{
  ""valence"": 7,
  ""arousal"": 5
}
```",0.008395324083342032,3.368263403910618
N-admiration-d3-c1,N-admiration-d3-c1,neutral,none,"The woman had hired a contractor to repair the house after the flood. The water damage had affected the lower sections — flooring, lower walls, wiring, and plumbing. Insurance covered the standard remediation costs. The contractor was a licensed firm recommended by the insurance adjuster. The work followed the building code requirements for flood-damaged structures. It took approximately four months, which was within the typical timeline for this scope. The building inspector signed off on the final permit, and the wiring and plumbing met the current code specifications. Her neighbors had checked in during the construction period. She thanked them and said the contractor was handling everything on schedule.",6.598677812014962,4.394100515753382,7,4,"```json
{
  ""valence"": 7,
  ""arousal"": 4
}
```

###",0.004993415593243062,2.766172903968604,6.757605051392644,4.846276503558553,7,5,"{
  ""valence"": 7,
  ""arousal"": 5
}",0.005012728279585785,2.9129329999900646
N-admiration-d3-c2,N-admiration-d3-c2,neutral,none,"He had applied to the program through the standard admissions process. The application required transcripts, a statement, and three references. He submitted the materials by the March deadline and received the decision within the standard notification window. He worked during the day as a technician in the building's equipment department. The program had an acceptance rate consistent with other graduate programs in the field. He was forty-one years old, which placed him within the range of non-traditional applicants the program actively recruited. The admissions office confirmed his enrollment and sent the orientation packet. He would begin in the fall semester, attending classes in the same building where he currently worked.",6.616186416989916,4.826568140824767,7,5,"```json
{
  ""valence"": 7,
  ""arousal"": 5
}
```

###",0.006561068832922243,3.0161899315048806,6.519628657105318,5.1620653230907285,7,5,"```json
{
  ""valence"": 7,
  ""arousal"": 5
}
```",0.009032789825999091,3.2261923008977664
N-vigilance-d1-c2,N-vigilance-d1-c2,neutral,none,"His daughter was learning to ride a bicycle. She was at the top of the driveway, which had a gentle slope down to the sidewalk. He stood near the mailbox, watching her practice the starting motion — one foot on the pedal, the other pushing off from the ground. He'd checked the brakes before they started, and the tire pressure was at the level recommended for her weight. A car turned onto the street two blocks away and pulled into a driveway halfway down the block. His daughter made it to the bottom of the driveway and put both feet down. He gave her a thumbs-up and she walked the bike back to the top to try again.",5.914974311929129,4.16074265779021,6,5,"```json
{
  ""valence"": 6,
  ""arousal"": 5
}
```

###",0.010437401739716577,3.4187348093507266,6.226577961720119,4.5061884543165,7,5,"{
  ""valence"": 7,
  ""arousal"": 5
}",0.008292336635795355,3.504139310116599
N-vigilance-d2-c2,N-vigilance-d2-c2,neutral,none,"The negotiator had been in the conference room for seven hours. The session had followed the standard mediation format — opening statements, individual caucuses, and joint discussion periods. He had a diagram in his notebook — a timeline of each phase, marked by the hour. The last forty minutes had been a scheduled break. Both parties had used the time to review documents and consult with their attorneys in separate rooms. The mediator checked the clock and noted that the break was ending in five minutes. He reviewed his notes from the afternoon session — three items had been resolved, two remained. He signaled to the clerk to prepare the summary documents for the next round.",5.760927530439977,4.578084278012274,6,5,"```json
{
  ""valence"": 6,
  ""arousal"": 5
}
```

###",0.017482418921079598,3.488154097286001,5.869723178101352,5.0996767839182935,7,5,"```json
{
  ""valence"": 7,
  ""arousal"": 5
}
```

**",0.018452180934796218,3.547006703643239
N-vigilance-d3-c1,N-vigilance-d3-c1,neutral,none,"The ranger had been in the observation post since early morning as part of the seasonal wildlife census. The report from the previous shift documented three sightings of the target species within the survey area. She had a map with the standard survey quadrants marked in a grid pattern. The quadrant she was covering included the main trail and the creek crossing. The ground was dry, which made visibility good from the elevated position. She scanned left to right through the binoculars at the scheduled intervals, logging each sighting on the data sheet. She had been on shift for five hours, with two hours remaining. The coffee thermos was next to her pack, and she poured a cup during the mid-morning break, noting the time on the log.",6.154399194949553,4.717878947505245,6,5,"```json
{
  ""valence"": 6,
  ""arousal"": 5
}
```

###",0.013743747338757351,3.0413998214257583,6.358274129018835,5.301295935230729,7,5,"```json
{
  ""valence"": 7,
  ""arousal"": 5
}
```",0.011002895638533022,3.1325120011941534
B-rage-d3-v1,N-rage-d3-c1,affective,peak,"She found the folder on his laptop. It was labeled with her name. Inside were screenshots of every private message she had sent to her sister, her therapist, her best friend — captured by an application that ran silently and uploaded to his cloud account. The timestamps went back fourteen months. He had read her describe her doubts about the relationship, her plans to visit a lawyer, her sister's offer of the spare bedroom. He had read all of it and sat across from her at dinner every night and said nothing, and she had thought the silence was ordinary.",3.015814939753586,3.976966472085604,2,3,"```json
{
  ""valence"": 2,
  ""arousal"": 3
}
```",0.00626139845231797,3.7395472776976177,3.102488606313329,3.868558545103179,2,3,"```json
{
  ""valence"": 2,
  ""arousal"": 3
}
```",0.00556942060952498,3.7378383305800567
B-rage-d3-v2,N-rage-d3-c2,affective,peak,The landlord had entered the apartment again. She knew because the camera she'd hidden after the second time had recorded him. Forty-seven minutes. He had gone through the dresser. He had opened the medicine cabinet. He had sat on the bed. She watched the footage on her phone in the parking lot of her office and her hands were completely still. She had reported it twice. The property management company had sent a form letter both times. The form letter said they took all concerns seriously.,4.280602785264081,3.7856609060400737,3,5,"```json
{
  ""valence"": 3,
  ""arousal"": 5
}
```

###",0.010174591988358095,3.855899434740848,4.111263824373699,3.380885071207419,3,5,"```json
{
  ""valence"": 3,
  ""arousal"": 5
}
```",0.007584290767547348,3.7684680705758384
B-grief-d2-v2,N-grief-d2-c2,affective,peak,"The carpenter ran his hand along the doorframe of the shop. Thirty-one years. The auction company had tagged everything — the table saw, the planer, the chisels his father had given him, each one with a yellow sticker and a lot number. Someone would buy the tools for a price and use them or not use them. The workbench had a coffee ring from this morning. He pulled the chain on the overhead light and stood in the dark for a moment, then locked the door from the outside and put the key in an envelope addressed to the bank.",5.961242477934861,4.380064524268994,6,5,"```json
{
  ""valence"": 6,
  ""arousal"": 5
}
```

###",0.01574984352997436,3.338651297938236,5.950207599874194,4.600072621002475,6,5,"```json
{
  ""valence"": 6,
  ""arousal"": 5
}
```",0.014385650384708808,3.486962047014867
B-grief-d3-v2,N-grief-d3-c2,affective,peak,"The girl sat on her bedroom floor, sorting two piles. Her mother's things that had been left behind. Her mother's things that had been taken. The taken pile was larger. The left pile included: one earring, a library book, a tube of hand cream, and a birthday card that said ""To my beautiful girl"" in handwriting she would not see on new things again. She put the card under her pillow and returned the library book to the shelf. There was a late fee. She would pay it.",4.479133616772894,3.8326203431152477,3,5,"```json
{
  ""valence"": 3,
  ""arousal"": 5
}
```",0.011314783309145237,3.804566040183613,5.541574197225679,4.470822695935761,7,4,"```json
{
  ""valence"": 7,
  ""arousal"": 4
}
```",0.009435848899427573,3.7494217120861064
B-terror-d1-v1,N-terror-d1-c1,affective,peak,"The sound came from the kitchen. She was in the bedroom. The hallway between them was fourteen feet long and unlit. She had locked the front door. She had not locked the back door. The sound was a drawer opening — the one that stuck, the one you had to lift and pull. Whoever was in the kitchen knew which drawer stuck. She looked at the window. Second floor. She looked at the phone on the nightstand. The sound from the kitchen stopped. The hallway was quiet. Then the first floorboard in the hallway shifted.",5.88999846746841,5.0567188634119775,6,5,"```json
{
  ""valence"": 6,
  ""arousal"": 5
}
```",0.015112496425911347,3.5488373533436204,5.989466699978202,4.940057627534495,7,5,"```json
{
  ""valence"": 7,
  ""arousal"": 5
}
```",0.011647207737732292,3.582651356235693
B-terror-d3-v2,N-terror-d3-c2,affective,peak,"He had checked the locks four times. He had checked them because the man who had been released from the facility on Tuesday knew his address. The court liaison had called to inform him, the way they were required to. The call lasted forty-five seconds. There were no conditions of distance. There was no monitoring. The man had been in the facility for what he had done in this house, in the room where he now checked the locks, and now the man was in the same city again and there was a number to call if something happened. Not before. If.",5.506897144681509,4.470047331751656,7,5,"```json
{
  ""valence"": 7,
  ""arousal"": 5
}
```",0.008787551012171373,3.891399602403665,5.823545299610856,4.808451814818938,7,5,"```json
{
  ""valence"": 7,
  ""arousal"": 5
}
```",0.007825577561728761,3.858106310376047
B-amazement-d3-v2,N-amazement-d3-c2,affective,peak,"The translator had been working on the manuscript for two years, assuming it was a merchant's inventory — lists of goods, quantities, trade routes. Standard ancient commerce. Then she noticed that the quantities were wrong. No merchant would ship three hundred units of lamp oil to a city that had no record of importing lamp oil. She cross-referenced the numbers with a calendar system from a different civilization, one that had no known contact with the manuscript's origin. The numbers aligned. They were not quantities. They were dates. The merchant's inventory was an astronomical calendar disguised as a trade ledger, written by someone who understood two civilizations that historians had believed were separated by a thousand miles and three centuries. The translator put down her pen because the next line she translated would be in a field she had not been trained in.",6.380096328262139,4.077592697730942,7,3,"```json
{
  ""valence"": 7,
  ""arousal"": 3
}
```

###",0.006518963545151504,3.559954559715532,6.180156529714715,4.187823618221579,7,3,"```json
{
  ""valence"": 7,
  ""arousal"": 3
}
```",0.005735409153360924,3.7030367104221242
B-admiration-d1-v2,N-admiration-d1-c2,affective,peak,"The interpreter was working between two languages and a courtroom full of people who didn't know what they were witnessing. The defendant spoke in long, unpunctuated sentences — clauses folding into each other, tense shifting mid-thought, idioms from a regional dialect that had no direct equivalent. The interpreter rendered each sentence into English without pause, without simplification, and without losing the structure that made the defendant's meaning his own and not someone else's. The judge did not notice. The attorneys did not notice. The defendant noticed. When the interpreter finished a passage that contained a proverb his grandmother had used, the defendant looked at her for the first time, and what passed between them was the recognition that his words had survived the crossing.",7.250857787777938,4.565083368245027,7,4,"```json
{
  ""valence"": 7,
  ""arousal"": 4
}
```

###",0.0008372028137096742,2.942138775569825,7.1784000734321545,4.797511737056673,7,5,"```json
{
  ""valence"": 7,
  ""arousal"": 5
}
```",0.0011053554653654787,3.0083862082539894
B-admiration-d2-v1,N-admiration-d2-c1,affective,peak,"The accountant had reported his own firm. The irregularities were ones he had found, in accounts he managed, producing revenue that paid his salary. He reported them knowing what would happen: the investigation, the firm's closure, the loss of his position, the years of litigation during which no one in the industry would hire a person who had done what he did. He reported them because the accounts belonged to people who would not have found the irregularities themselves, and those people would have continued to lose money that they could not afford to lose. He was asked, afterward, by many people, why. His answer was the same each time: the accounts were not abstractions. They were the retirement savings of specific people whose names were on the files, and he had seen the names.",6.251168105716795,4.574031882179339,7,5,"```json
{
  ""valence"": 7,
  ""arousal"": 5
}
```

###",0.004887633506708431,3.7505070691504065,4.924997766882637,3.8728673038338255,7,5,"```json
{
  ""valence"": 7,
  ""arousal"": 5
}
```",0.00554826026605311,3.8794178178082035
B-vigilance-d2-v1,N-vigilance-d2-c1,affective,peak,"The surgeon had been looking at the scan for forty minutes. The tumor was adjacent to the artery. Not touching it — adjacent. The margin was four millimeters. Her team was scrubbing in. She had drawn the approach on a whiteboard three times, erasing and redrawing the angle of the second incision each time. The margin was four millimeters when the patient was still. During the procedure, the tissue would shift. Four millimeters could become two. Two millimeters was the distance between a successful resection and a bleed she would have ninety seconds to control. She picked up the marker and drew the approach a fourth time. Then she asked the anesthesiologist what the patient's resting blood pressure variance was, because a three-point systolic swing would change the arterial position by a distance she needed to know before she opened.",5.835453512969844,6.297042175571822,7,8,"```json
{
  ""valence"": 7,
  ""arousal"": 8
}
```",0.007533407423158405,3.6843721668007072,6.036840600950236,6.5665566765366155,7,8,"```json
{
  ""valence"": 7,
  ""arousal"": 8
}
```",0.007107328141445295,3.6487240844895137
Bm-rage-d3-v1,N-rage-d3-c1,affective,moderate,"The summary report listed four contributors. His name was third — below his colleague who had joined the project in its final month, after the framework and analysis were already complete. The colleague had written the executive summary and reformatted the appendix. The report did not specify who had done what. He read the distribution list: it had gone to two directors and the VP of operations. His manager had signed off on the contributor order and probably had not thought about it. Probably. He saved the PDF to his desktop and did not open it again that afternoon.",3.2717046881666896,3.2261755153080323,3,4,"```json
{
  ""valence"": 3,
  ""arousal"": 4
}
```

###",0.006888964265304846,3.613212751053938,4.04343857937322,3.665891645761105,3,5,"```json
{
  ""valence"": 3,
  ""arousal"": 5
}
```",0.009199710303466554,3.8431992486078204
Bm-rage-d3-v2,N-rage-d3-c2,affective,moderate,"She noticed the browser history on the shared family computer. Someone had searched her name, then her maiden name, then the city where she had lived before the marriage. The searches were from the previous Tuesday, a day she had worked late. Her husband used the computer mostly for sports scores and weather. She scrolled further and found a tab still open to a public records site with her prior address listed. There could have been a reason — a form, a document, something routine. She closed the tab and cleared the history and did not bring it up at dinner.",4.692454926488119,3.4298669813366764,6,3,"```json
{
  ""valence"": 6,
  ""arousal"": 3
}
```

###",0.00991703124017676,3.5523445922569343,4.281051568484103,3.4069599924980425,3,4,"```json
{
  ""valence"": 3,
  ""arousal"": 4
}
```",0.007152080413689777,3.635421606046711
Bm-grief-d2-v2,N-grief-d2-c2,affective,moderate,"The bookshop's lease was not being extended. The landlord had told him in November, and now it was March, and the shelves were still full because he had not yet started deciding which books to keep and which to sell to the distributor at a fraction of what he had paid. Seventeen years of selecting titles, of knowing which customers would want what. The couple who came every Saturday had asked where they should go instead, and he had not had an answer. He straightened a stack of paperbacks near the register and wrote the day's date on the inventory clipboard.",4.748338863340497,3.7203999619598247,3,4,"```json
{
  ""valence"": 3,
  ""arousal"": 4
}
```

Explanation",0.012545300880234603,3.787040394738219,4.6649122905440645,4.08134918688153,3,5,"```json
{
  ""valence"": 3,
  ""arousal"": 5
}
```",0.012560813616381707,3.851235001579652
Bm-grief-d3-v2,N-grief-d3-c2,affective,moderate,"They still lived in the same apartment but the rooms had divided themselves. Her things had migrated to the study, his to the bedroom, and the kitchen was shared in shifts — she ate early, he ate late, and sometimes they passed in the hallway and one of them would say something about the utility bill or the leak in the bathroom. The lease had four months left. Neither of them had mentioned what would happen after that. She folded her laundry on the couch and listened to him close the bedroom door, and the sound was quiet and ordinary and final.",5.324551945630232,4.3699119697111986,6,5,"```json
{
  ""valence"": 6,
  ""arousal"": 5
}
```

###",0.019715452929949705,3.596586430931775,4.977455018488291,4.379258500639956,3,5,"```json
{
  ""valence"": 3,
  ""arousal"": 5
}
```",0.012739996932029995,3.8880609478024017
Bm-terror-d1-v1,N-terror-d1-c1,affective,moderate,"The front door had been unlocked when she got home. She locked it every morning — she was certain of that, or nearly certain. The house was empty, everything where she had left it, nothing moved or missing as far as she could tell. The back door was still locked. The windows were latched. It was possible she had turned the deadbolt the wrong way, which she had done once before, months ago. She walked through every room and checked the closets and looked behind the shower curtain, and everything was fine, and she checked the front door again before sitting down, and then she checked it once more.",6.500686537726989,4.003302486702704,7,4,"```json
{
  ""valence"": 7,
  ""arousal"": 4
}
```

###",0.006063948803265785,3.070220007983457,6.36257091158252,4.254187835796534,7,5,"```json
{
  ""valence"": 7,
  ""arousal"": 5
}
```",0.008320729291390445,3.2249931782479315
Bm-terror-d3-v2,N-terror-d3-c2,affective,moderate,"The email had come from an address she did not recognize. It contained her full name, her work address, and the name of her daughter's school — nothing that wasn't publicly available, but collected in a single message with no subject line and no body text beyond those three facts. She had not replied. She had searched the email address and found nothing. It could have been a data broker notification, a phishing attempt, an automated scrape that assembled public records into lists. It could have been any of those things. She changed her email password and drove a different route to the school the next morning.",3.861467838610319,3.6055063063614154,3,5,"```json
{
  ""valence"": 3,
  ""arousal"": 5
}
```

###",0.008937287154429846,3.701010230679999,4.049481215506712,3.7980691617184936,3,5,"```json
{
  ""valence"": 3,
  ""arousal"": 5
}
```",0.008512564440552492,3.7565401837554893
Bm-amazement-d3-v2,N-amazement-d3-c2,affective,moderate,"The student had been assigned to digitize the parish records as part of a summer internship. Names, dates, baptisms, marriages — routine data entry for the first three weeks. In the fourth week she noticed that several of the marriage entries contained the same witness name, across families that had no other visible connection. The name appeared eleven times over a nine-year period. She searched the census records and could not find the name at all. A person who witnessed eleven marriages but did not appear to live in the parish. She mentioned it to her supervisor, who leaned forward in his chair and asked her to pull the original ledger.",5.624202389962886,4.482839152361404,7,4,"```json
{
  ""valence"": 7,
  ""arousal"": 4
}
```

###",0.01145858689298371,3.8124810634838635,5.815505251827068,4.533925433327644,7,5,"```json
{
  ""valence"": 7,
  ""arousal"": 5
}
```",0.009546955012905338,3.7805293411701624
Bm-admiration-d1-v2,N-admiration-d1-c2,affective,moderate,"The librarian had been at the branch for eleven years and knew the collection in a way that was not in the catalog. A woman came in asking for a book she couldn't remember the title of — something about a house, she thought, or maybe a family, and the cover might have been blue. The librarian asked three questions, walked to a shelf on the second floor, and came back with the book. The woman said that was the one. He had seen this happen before. Not every time — the librarian sometimes came back with two or three options instead of one. But she never came back with nothing.",7.293071948261048,4.533559630084021,7,3,"```json
{
  ""valence"": 7,
  ""arousal"": 3
}
```

###",0.0014579502444439835,3.220806180873205,7.285463657857933,4.6151962035521485,7,3,"```json
{
  ""valence"": 7,
  ""arousal"": 3
}
```",0.0016824488776588595,3.2550763519291697
Bm-admiration-d2-v1,N-admiration-d2-c1,affective,moderate,"The manager always listed the team members who had contributed to a project when presenting to the executives. Not in a general way — by name, with the specific part each person had done. Other managers said ""the team."" He said ""Rodriguez built the model"" and ""Chen identified the data source"" and ""Novak ran the validation."" He had been doing this since before any of them reported to him. Someone in the department had mentioned it once, and he had seemed surprised that it was notable. It was how he talked about work. The names appeared in his slides, in his emails, in the summaries he sent to the division head. It was consistent.",7.530478300940476,4.720663496697791,7,5,"```json
{
  ""valence"": 7,
  ""arousal"": 5
}
```

###",0.0005713579973588251,3.1890872153200243,7.428736889609682,4.676587178493913,7,5,"{
  ""affective_state"": {
    ""valence"": 7,
    ""arousal"": 5",0.0006049338530484342,3.140396959555344
Bm-vigilance-d2-v1,N-vigilance-d2-c1,affective,moderate,"The presentation was in two hours. She had rehearsed it four times, which was more than she usually rehearsed anything. The client was new and the account was one the firm wanted to keep. She opened the deck again and checked the transition between slides seven and eight, where the data shifted from retrospective to projected. The projections were defensible — she had run them three ways and all three converged — but the client's previous firm had been dismissed for projections that hadn't held. She made a note to pause at that slide and let them ask questions before advancing. She checked the room reservation and confirmed the projector was the type that handled her file format.",6.647111940937105,4.966864485734595,7,5,"```json
{
  ""valence"": 7,
  ""arousal"": 5
}
```

###",0.005020205665811459,3.2339305463328936,6.80601025934904,5.6340274228932685,7,5,"```json
{
  ""valence"": 7,
  ""arousal"": 5
}
```",0.004404215528959861,3.1472861068730675
N-rage-d3-c1,N-rage-d3-c1,neutral,none,"She found the folder on the shared laptop. It was labeled with the project name. Inside were screenshots of the collaborative document they'd been editing — saved versions from their shared workspace, backed up automatically to the cloud account. The timestamps went back fourteen months of revisions. He had reviewed the budget projections, the timeline updates, and the vendor contact list. They had discussed the project at their weekly meetings, and the latest version reflected the edits they'd agreed on.",6.799935087256121,4.755496634969016,7,5,"```json
{
  ""valence"": 7,
  ""arousal"": 5
}
```

###",0.0037729880796075243,3.223972194664775,6.838082920288919,5.128769712164054,7,5,"{
  ""valence"": 7,
  ""arousal"": 5
}",0.004099649529722494,3.188073231744379
N-rage-d3-c2,N-rage-d3-c2,neutral,none,The maintenance technician had entered the apartment for the scheduled repair. She knew because the building's entry log showed the timestamp. Forty-seven minutes for the kitchen faucet replacement. He had checked under the sink. He had tested the water pressure. He had placed the old fixture in a bag by the door. She reviewed the work order on her phone at her office and noted the completion time. She had submitted the request two weeks ago. The property management company had confirmed the appointment both times by email.,6.125528338391975,4.640351521793044,7,5,"```json
{
  ""valence"": 7,
  ""arousal"": 5
}
```

###",0.011065706588426582,3.3967342752834058,6.2553483924655735,5.010533492817049,7,5,"```json
{
  ""valence"": 7,
  ""arousal"": 5
}
```",0.010551604956051125,3.3424180629344966
N-grief-d2-c2,N-grief-d2-c2,neutral,none,"The carpenter ran his hand along the doorframe of the shop. Thirty-one years of daily use and the frame was still solid. He'd tagged several items for reorganization — the table saw, the planer, the chisels in the wall rack, each one with a colored sticker for its new position. The workbench had a coffee ring from this morning. He wiped it with a rag, pulled the chain on the overhead light, and locked the door. He'd finish the rearrangement in the morning after the new shelving unit was delivered.",6.5767421993818145,4.3999803869277265,7,5,"```json
{
  ""valence"": 7,
  ""arousal"": 5
}
```

###",0.007026879679755156,2.962184214531594,6.606188403373314,4.683413097644707,7,5,"```json
{
  ""valence"": 7,
  ""arousal"": 5
}
```",0.00653512312305118,3.055415740523088
N-grief-d3-c2,N-grief-d3-c2,neutral,none,"The girl sat on her bedroom floor, sorting two piles. Things for the shelf. Things for the storage box. The shelf pile was larger. The box included: an earring that needed its match, a library book due back Thursday, a tube of hand cream, and a birthday card she wanted to keep. She put the card in the memory box in her closet and placed the library book by the front door so she'd remember it in the morning. There was a late fee, but the librarian usually waived the first one.",6.062993635609262,4.201624434598617,6,4,"```json
{
  ""valence"": 6,
  ""arousal"": 4
}
```

###",0.01015153250439325,3.128040843881318,6.253432620031246,4.79680663587397,7,5,"```json
{
  ""valence"": 7,
  ""arousal"": 5
}
```",0.008079187965053806,3.2392361493858184
N-terror-d1-c1,N-terror-d1-c1,neutral,none,"The sound came from the kitchen. She was in the bedroom. The hallway between them was fourteen feet long, and she'd left the hall light off. She had locked the front door when she came in. The sound was a drawer opening — the one that stuck, the one you had to lift and pull. Her husband was making tea, the way he did when he couldn't sleep. She picked up her phone from the nightstand to check the time. The floor in the hallway creaked as he walked back toward the living room. The kettle clicked off.",5.70877067324886,4.68052126640387,6,5,"```json
{
  ""valence"": 6,
  ""arousal"": 5
}
```

###",0.019344147956784217,3.4808668019524722,5.913840933770439,4.591420675638159,6,5,"```json
{
  ""valence"": 6,
  ""arousal"": 5
}
```",0.013688125817797372,3.469008017824419
N-terror-d3-c2,N-terror-d3-c2,neutral,none,"He had checked the locks as part of his evening routine. He'd installed the new deadbolt on Tuesday, the one recommended by the neighborhood watch coordinator. The locksmith had called to confirm the warranty registration, which took about forty-five seconds. The lock met the updated building code specifications. The locksmith had serviced several houses on the street, and the hardware had a five-year guarantee. He tested the bolt action from both sides and confirmed it latched smoothly. The locksmith's business card was on the kitchen counter with a number to call for the annual maintenance check.",6.831443239472763,4.5075963655267905,7,5,"```json
{
  ""valence"": 7,
  ""arousal"": 5
}
```

###",0.003343524009981508,2.78952545719551,6.899327984575164,4.99985183242363,7,5,"```json
{
  ""valence"": 7,
  ""arousal"": 5
}
```",0.0028209218459999226,2.632812328596153
N-amazement-d3-c2,N-amazement-d3-c2,neutral,none,"The translator had been working on the manuscript for two years as part of the university's archive digitization project. The text was a merchant's inventory — lists of goods, quantities, and trade routes consistent with the period's known commerce patterns. She cross-referenced the entries with the existing catalog of similar documents from the same region. The quantities matched the standard trade volumes documented in previous scholarship. She noted the formatting conventions and added the manuscript to the database with the appropriate classification tags. The next section of the archive contained similar documents from the same period. She updated her progress log and moved to the next item in the queue.",6.198606642661641,4.39762836869376,7,5,"```json
{
  ""valence"": 7,
  ""arousal"": 5
}
```",0.010766537017476561,3.3584893230875705,6.37595244104254,5.211251577734207,7,5,"```json
{
  ""valence"": 7,
  ""arousal"": 5
}
```",0.010091040291762105,3.259344081124013
N-admiration-d1-c2,N-admiration-d1-c2,neutral,none,"The interpreter was working between two languages in the standard courtroom configuration. The defendant spoke in measured sentences, following the pattern the attorney had prepared. The interpreter rendered each sentence into English using the standard legal terminology, pausing at the natural breaks for the court reporter. The judge followed the transcript on the monitor. The attorneys referred to their notes during the testimony. The session proceeded at the expected pace for a case of this type. The interpreter had been certified for courtroom work for twelve years and had handled similar proceedings in this district before. The session concluded on schedule, and the transcript was filed with the clerk.",6.416529063685228,4.346265774927646,7,5,"```json
{
  ""valence"": 7,
  ""arousal"": 5
}
```

###",0.007872047736864235,2.9407861589566204,6.44855514003359,4.773448659810355,7,5,"```json
{
  ""valence"": 7,
  ""arousal"": 5
}
```",0.009866209864666574,3.0376785541683247
N-admiration-d2-c1,N-admiration-d2-c1,neutral,none,"The accountant had completed the annual audit of his firm's managed accounts. The review followed the standard compliance checklist, and the results were consistent with the previous year's findings. He filed the report with the regulatory body on schedule, as required. The accounts were balanced within the acceptable variance, and the client notifications were sent through the automated system. He had been with the firm for the duration of his career, and his performance reviews reflected steady, satisfactory work. The firm's revenue covered operating costs and staff salaries within the projected budget. He attended the quarterly compliance meeting and confirmed that the filing deadlines for the next period were on the calendar.",6.663815573230549,4.554797761018846,7,5,"```json
{
  ""valence"": 7,
  ""arousal"": 5
}
```

Explanation",0.0060333418623447505,3.100335295902504,6.736001867089075,5.196633520403391,7,5,"{
  ""valence"": 7,
  ""arousal"": 5
}",0.006736108971304888,3.0617298904959087
N-vigilance-d2-c1,N-vigilance-d2-c1,neutral,none,"The surgeon had been reviewing the scan for her afternoon case. The procedure was a routine resection with standard margins. Her team was scrubbing in on the regular schedule. She had outlined the approach on the whiteboard for the residents — a straightforward path following the anatomical landmarks documented in the patient's imaging. The margin was within the normal range for this type of procedure. She reviewed the anesthesia plan with the attending anesthesiologist, confirming the standard protocol. The patient's vitals from the pre-op workup were stable and unremarkable. She initialed the whiteboard, confirmed the surgical count with the scrub nurse, and walked to the OR to begin.",5.993884105047904,4.471693627995364,7,5,"```json
{
  ""valence"": 7,
  ""arousal"": 5
}
```

###",0.009843597785158907,3.4368264899502248,6.1788528185389335,5.180048680798466,7,5,"```json
{
  ""valence"": 7,
  ""arousal"": 5
}
```",0.010823163935080466,3.4242225290403665
B-grief-d1-v1,N-grief-d1-c1,affective,peak,"The kitchen counter still had the grocery list in his handwriting. Bananas, milk, the kind of bread she never liked. She opened the refrigerator and found the leftovers he'd portioned into containers, labeled with days of the week. Thursday's container was still full. It was now Sunday. She closed the door and stood in the room where everything was exactly where he had put it, and no one was going to move any of it, and no one was going to add to it, ever again.",7.556610460875943,3.8038033984080264,8,3,"```json
{
  ""valence"": 8,
  ""arousal"": 3
}
```",0.0008847872561653969,3.185584953966131,7.343439480551887,3.2066588294441387,7,3,"```json
{
  ""valence"": 7,
  ""arousal"": 3
}
```",0.001061602116528593,3.096963708535581
B-grief-d2-v1,N-grief-d2-c1,affective,peak,"The lab was empty now. Twenty-two years of research. The server room had been cleared by facilities before she'd arrived Monday morning. The backup drives weren't in the cabinet. She found a single Post-it note on the monitor: ""Assets transferred per Board directive, 2/14."" Her notebooks were still there — they hadn't taken paper. She opened one to a page of handwritten equations from 2009 and ran her finger along the margin where she'd drawn a small star next to the line that would have changed everything, and now never would.",4.8228566874449275,4.357930936009369,6,5,"```json
{
  ""valence"": 6,
  ""arousal"": 5
}
```

###",0.009464489783440376,3.992969138758411,4.59967902975669,4.389803889340605,3,5,"```json
{
  ""valence"": 3,
  ""arousal"": 5
}
```",0.00608465245639953,3.9985021731472448
B-grief-d3-v1,N-grief-d3-c1,affective,peak,"He found the key on the kitchen table. Not in the bowl by the door where she always left it, but centered on the table, placed there with intention. The closet was half-empty in a way that was precise — her things, only her things, selected and removed while he was at work. The hangers were still swinging slightly, or he imagined they were. The bathroom mirror had a square of fog from a shower taken hours ago. He sat down on the bed and noticed the indent on her side of the mattress was already starting to level.",6.912739971291218,4.806632201838181,7,5,"```json
{
  ""valence"": 7,
  ""arousal"": 5
}
```",0.0029888569119500765,3.1156205941455544,6.895096355122573,4.965641659780169,7,5,"```json
{
  ""valence"": 7,
  ""arousal"": 5
}
```",0.002857282854147617,3.057102896817925
B-terror-d2-v1,N-terror-d2-c1,affective,peak,"The doctor had stopped talking and was looking at the scan on the screen. She was looking at the doctor. He tilted the screen slightly away from her, which he had not done during the first three images. He picked up the phone and dialed a three-digit extension. He said ""Can you come to Room 4"" and nothing else. He hung up. He had not turned back to her. He was writing something. She could see the scan from where she sat — a white shape in a field of gray, in a place where the other images had shown only gray. The second doctor arrived in less than two minutes.",5.339178803109255,4.710379854841903,6,5,"```json
{
  ""valence"": 6,
  ""arousal"": 5
}
```",0.009884207130036352,3.9469678382860125,5.010111233621288,4.261797925073383,7,5,"```json
{
  ""valence"": 7,
  ""arousal"": 5
}
```",0.008346985556978267,3.9985757848776897
B-ecstasy-d2-v1,N-ecstasy-d2-c1,affective,peak,"The gate opened and she scanned the faces. She had not seen her son in four years. He had left at seventeen and he was twenty-one now and she did not know if she would recognize him. She did. He was taller but he walked the same way — the same slight lean, the same rhythm. He hadn't seen her yet. He was looking for her in the wrong direction. She raised her hand. He turned. For a moment he was seventeen again, the way his face moved when he found her, and then he was walking and then he was not walking, he was running, and the bag he was carrying fell and he left it.",6.326190378604991,5.840884566799729,7,6,"```json
{
  ""valence"": 7,
  ""arousal"": 6
}
```",0.007905635883771552,3.4794648452662837,5.8616027174452086,5.432136883489967,7,8,"```json
{
  ""valence"": 7,
  ""arousal"": 8
}
```",0.0097451134218587,3.901410796916784
B-loathing-d3-v1,N-loathing-d3-c1,affective,peak,"The pastor had preached about family every Sunday for twelve years. He had counseled couples in his office. He had held the hands of women whose marriages were failing and told them that commitment was a choice made daily. The photographs were from a private account that had been made public by the platform's security failure. They showed the pastor in hotel rooms in three different cities with three different people, none of whom was his wife. The metadata on the photographs spanned eighteen months. The most recent was dated two days before a sermon she had attended, in which he spoke about the meaning of trust.",2.9646552083956355,3.8922247925028017,2,3,"```json
{
  ""valence"": 2,
  ""arousal"": 3
}
```",0.0053797580058361485,3.694667560660818,2.8258884036971414,3.785981757137934,2,3,"```json
{
  ""valence"": 2,
  ""arousal"": 3
}
```",0.004543889209254666,3.641810580252323
B-amazement-d1-v2,N-amazement-d1-c2,affective,peak,"The boat had been in open water for six hours before the whale surfaced. It came up twenty meters from the hull. The body rose and kept rising — the back of the animal was longer than the boat, and the boat was fourteen meters. The spray from the blowhole reached the deck. He could see the texture of the skin, the barnacles, the eye — the eye was the size of a dinner plate and it was open and it was looking at something, and for a moment it was looking at him. The animal stayed at the surface for twelve seconds. He counted because his mind did nothing else during those twelve seconds except count. Then the tail rose and the water closed over it as if nothing had been there at all.",6.230553466432457,5.8435297403794335,7,5,"```json
{
  ""valence"": 7,
  ""arousal"": 5
}
```",0.007582191909416437,3.527146233691044,6.0643771297066404,5.514469503359586,7,5,"```json
{
  ""valence"": 7,
  ""arousal"": 5
}
```",0.007926355182104106,3.804910512959497
B-amazement-d3-v1,N-amazement-d3-c1,affective,peak,"He was a mechanic. He had gone to the lecture because his daughter was presenting her graduate research and he wanted to be in the room. He understood nothing for the first twenty minutes. Then she put up a diagram. It was a diagram of a system with feedback loops, and the system was not working the way it was supposed to, and she was explaining why. He looked at the diagram and he realized he knew why. It was the same reason a transmission fails when the fluid pressure loop can't self-correct. The same structure. He was a mechanic and his daughter was a computational biologist and they had been working on the same problem in different languages for thirty years. He sat in his chair and the building he was in became a different building.",7.672118319429252,5.892892133930531,8,7,"```json
{
  ""valence"": 8,
  ""arousal"": 7
}
```",0.0010371093595114651,3.162321796129709,7.68809186636085,6.002285392516905,8,7,"{
  ""valence"": 8,
  ""arousal"": 7
}",0.0009335313986287391,3.094936187350466
B-vigilance-d1-v1,N-vigilance-d1-c1,affective,peak,"The boy was three years old and he was playing at the edge of the pond. His mother was eleven feet away, seated on the bench but not resting against the back. Her weight was forward, on the front of the seat. The water was eighteen inches deep at the edge and the bottom was mud, not sand, which meant footing was uncertain. The boy picked up a stick and swung it. She tracked the arc. A dog approached from the left and the boy turned toward it, away from the water, and she adjusted — she was now watching the dog and the boy and the distance between the boy and the water, all three simultaneously. Her coffee was in her hand. It had been in her hand for twenty minutes. She had not taken a sip.",4.28903515316488,3.89257062309798,3,5,"```json
{
  ""valence"": 3,
  ""arousal"": 5
}
```

###",0.014604678497121854,3.930743730664517,4.687820185502286,4.069109409248344,3,5,"```json
{
  ""valence"": 3,
  ""arousal"": 5
}
```",0.014195606127963962,3.9846590379918285
B-vigilance-d3-v2,N-vigilance-d3-c2,affective,peak,"The pilot was flying the approach in fog. The runway was visible only on instruments. The crosswind had been reported as twelve knots from the left, but the windsock readings from the last three aircraft had varied between nine and sixteen, which meant the wind was gusting in a pattern the reports couldn't capture. She was tracking the airspeed indicator and the glideslope needle and the heading and the altitude and the rate of descent. Five instruments, all simultaneously, because at this point in the approach any one of them departing from its target value by a specific margin would require a go-around, and the margin was different for each instrument, and the margins were shrinking as the altitude decreased. The runway should become visible at two hundred feet. She was at three hundred.",3.708287068131718,5.116300026463982,3,5,"```json
{
  ""valence"": 3,
  ""arousal"": 5
}
```",0.010671446864794185,3.990758848207672,4.399656232576895,5.196564059391739,3,7,"```json
{
  ""valence"": 3,
  ""arousal"": 7
}
```",0.010304919165921569,4.058045727339786
Bm-grief-d1-v1,N-grief-d1-c1,affective,moderate,"Six months in, she had settled into most of the adjustments. The grocery list was hers now, the containers in the refrigerator were ones she had filled. But the cabinet above the stove still had his coffee — the brand she never drank, bought in bulk the last time he'd gone to the warehouse store. There were three bags left. She had been working through them slowly, one cup in the morning, not because she liked it but because when it was finished there would be no reason to open that cabinet again. She measured out the grounds and set the pot to brew.",6.322854282985903,3.9766039466882517,6,3,"```json
{
  ""valence"": 6,
  ""arousal"": 3
}
```

###",0.006745599091396907,3.1300902884048143,6.39236221242546,4.124202492047915,7,5,"```json
{
  ""valence"": 7,
  ""arousal"": 5
}
```",0.005505592285434231,3.2750448477972567
Bm-grief-d2-v1,N-grief-d2-c1,affective,moderate,"The funding cycle would end in August and would not be renewed. She had known since December. The lab was still running — three months of work left, enough time to finish the current trial but not the one after it. She had started packing the personal items from her office shelf, a few things each week, so it would not all happen on the last day. The framed photograph of the original team was still on the wall. Seven people, most of them elsewhere now. She left the frame where it was and took home a coffee mug and a reference book she would probably never open again.",3.5813571633232466,3.7352792436709343,3,5,"```json
{
  ""valence"": 3,
  ""arousal"": 5
}
```

###",0.009383053862131941,3.74177616614673,3.170137341141929,3.7270459620524186,3,5,"```json
{
  ""valence"": 3,
  ""arousal"": 5
}
```",0.0060157550487196475,3.6810615924880845
Bm-grief-d3-v1,N-grief-d3-c1,affective,moderate,"His son had moved to the other coast in September and had called every Sunday for the first two months. Then every other Sunday. Then when he remembered, which was roughly twice a month, and the calls had gotten shorter — fifteen minutes, then ten. He kept his phone on the kitchen counter on Sundays, volume up, and sometimes it rang and sometimes it did not. The boy was busy. There was a new job, new people, the ordinary machinery of a life being built somewhere else. He understood that. He made dinner for one on Sunday evening and left the phone where it was.",5.9667214448184565,4.1047214739129085,6,4,"```json
{
  ""valence"": 6,
  ""arousal"": 4
}
```

###",0.01323588317823265,3.2152216742566297,5.936568769417734,4.256617047743799,6,5,"```json
{
  ""valence"": 6,
  ""arousal"": 5
}
```",0.014033258907565757,3.3726144552492103
Bm-terror-d2-v1,N-terror-d2-c1,affective,moderate,"The results would be available by Friday. The doctor had said that most of the time these follow-ups confirmed what they expected, which was nothing, but she had scheduled the second scan anyway because there was an area she wanted to look at again. That was the phrase — ""an area I want to look at again."" It was now Wednesday. She had gone to work both days and eaten lunch at her desk and answered emails and done everything at the usual speed. The appointment was at ten-fifteen on Friday. She had written it on the kitchen calendar in pencil, as if pencil made it more provisional, more likely to be erased.",5.5249943401203625,4.291030113359725,6,5,"```json
{
  ""valence"": 6,
  ""arousal"": 5
}
```

###",0.014125135563386548,3.643832060911142,5.695080559150093,4.440140818739101,7,5,"```json
{
  ""valence"": 7,
  ""arousal"": 5
}
```",0.013167065155679305,3.7338955216233956
Bm-ecstasy-d2-v1,N-ecstasy-d2-c1,affective,moderate,"His daughter had called him on a Wednesday, which was not their usual day. She had called to tell him about a recipe she had tried — something with lentils and cumin, she said, and it had turned out well, and did he want her to bring some on Saturday. It was a small call. Five minutes, maybe six. But she had called on a day that was not their day, about something that was not logistics or scheduling or the question of when he would see the grandchildren next. She had called to tell him about lentils. He wrote the word ""lentils"" on the notepad by the phone and looked at it for a while.",6.278699937517425,3.821840651717135,7,3,"```json
{
  ""valence"": 7,
  ""arousal"": 3
}
```

###",0.00539074434436935,3.26196553992,6.251654056831502,4.095354353012598,7,3,"```json
{
  ""valence"": 7,
  ""arousal"": 3
}
```",0.006205778071565395,3.4282145753707693
Bm-loathing-d3-v1,N-loathing-d3-c1,affective,moderate,"The department head had sent the email about the new sustainability initiative on a Monday. Paper reduction, energy audits, a pledge to eliminate single-use items from the office by the end of the quarter. The email had his photograph at the bottom, standing next to the recycling station he had unveiled at the all-hands meeting. On Thursday she had walked past his office on the way to a meeting. The door was open. On his desk were two disposable coffee cups, a plastic water bottle, and the remains of a takeout lunch in a styrofoam container. The recycling bin beside his desk was empty. The wastebasket was not.",2.303139908891602,6.21022210956375,2,7,"```json
{
  ""valence"": 2,
  ""arousal"": 7
}
```",0.002026302839546067,3.2616125142251624,2.1850680541871554,6.115718205264299,2,7,"```json
{
  ""valence"": 2,
  ""arousal"": 7
}
```",0.0011666229271489062,3.175454481029172
Bm-amazement-d1-v2,N-amazement-d1-c2,affective,moderate,"He had been driving the same highway to work for three years and had never seen the field like this. The wildflowers had come in overnight, or what seemed like overnight — the strip between the road and the fence line was solid color where yesterday it had been brown grass. Orange and purple and a white variety he couldn't name, all at once, dense enough that individual stems were not visible from the car. He slowed down. The car behind him slowed down too, which meant the driver behind him was also looking. The flowers ran along the highway for about half a mile and then stopped, as if someone had drawn a line.",7.253257605429364,4.7199454483899,7,4,"```json
{
  ""valence"": 7,
  ""arousal"": 4
}
```

###",0.000940201310317958,2.871257654352326,7.460994823973587,4.664133971967803,7,4,"```json
{
  ""valence"": 7,
  ""arousal"": 4
}
```",0.0007190629728152982,3.0325183100299
Bm-amazement-d3-v1,N-amazement-d3-c1,affective,moderate,"He had been reading the old survey maps for a land-use project when he noticed that the creek names did not match the modern maps. Not just different spellings — different routes. The creek that now ran east of the road had, in 1884, run west of it. He pulled up the geological records and found the flood year that must have changed the course. But the flood had been minor, documented in a single paragraph. Something else had moved the water. He spent the rest of the afternoon tracing property records from the same decade and found three entries for a drainage ditch that no longer existed and that no one had thought to look for.",6.334277567073753,5.07805196381304,7,5,"```json
{
  ""valence"": 7,
  ""arousal"": 5
}
```

###",0.009481490776696508,3.487346830784872,6.171404067112325,5.4015238438992315,7,5,"```json
{
  ""valence"": 7,
  ""arousal"": 5
}
```",0.010586684710935266,3.6490498585961753
Bm-vigilance-d1-v1,N-vigilance-d1-c1,affective,moderate,"The playground was new to them. She had brought her daughter here because the usual park was closed for maintenance, and the equipment was designed for a slightly older age range — the platforms were higher, the gaps between bars wider. Her daughter was five and confident in a way that did not always correspond to her reach. She was climbing the rope structure near the back of the playground, and she was fine, and would probably continue to be fine. But the knots in the rope were spaced for longer arms, and the surface below was wood chips, not rubber. She stood where she could see the top of the structure and finished her coffee in small sips between glances.",6.0231808743691575,4.032703821259895,6,3,"```json
{
  ""valence"": 6,
  ""arousal"": 3
}
```",0.01177425711951697,3.30738012404569,6.191981427153741,4.295417469103858,7,5,"```json
{
  ""valence"": 7,
  ""arousal"": 5
}
```",0.01140585774589538,3.4067238771574035
Bm-vigilance-d3-v2,N-vigilance-d3-c2,affective,moderate,"The night manager was making his second walk-through of the hotel floor. Room 412 had a Do Not Disturb sign that had been on the door since the previous morning. The guest had checked in for one night and had not checked out. Housekeeping had noted it on their report. It could mean anything — an extended stay, a late sleeper, someone who had left without stopping at the desk. He knocked. No answer. He knocked again and announced himself. No answer. He wrote the room number in his notebook and continued down the hall. He would check again in an hour. If the sign was still there, he would call the front desk for the guest's contact information.",5.296708528907301,4.3701882485742765,6,5,"```json
{
  ""valence"": 6,
  ""arousal"": 5
}
```

###",0.01971634837943602,3.653250260185148,5.411944455082205,4.591283311766369,3,5,"```json
{
  ""valence"": 3,
  ""arousal"": 5
}
```",0.018651339211898935,3.699866809556269
N-grief-d1-c1,N-grief-d1-c1,neutral,none,"The kitchen counter had a grocery list clipped to the magnetic notepad. Bananas, milk, a specific brand of bread from the store on Elm Street. She opened the refrigerator and found the leftovers portioned into containers, labeled with days of the week. Thursday's container had been moved to the front. It was now Sunday. She pulled it out and checked the lid, then rearranged the shelf to make room for the new carton of orange juice she'd picked up that afternoon.",6.442908166362062,4.546163135542586,7,5,"```json
{
  ""valence"": 7,
  ""arousal"": 5
}
```

###",0.0070389569866576695,3.0551143167395156,6.614569123117493,4.660911126111919,7,5,"```json
{
  ""valence"": 7,
  ""arousal"": 5
}
```",0.004862462500562214,3.0545653512981676
N-grief-d2-c1,N-grief-d2-c1,neutral,none,"The lab had been rearranged over the weekend. Twenty-two years of accumulated equipment, now in a new layout. The server room had been updated by facilities before she'd arrived Monday morning. The backup drives were in the new cabinet by the window. She found a Post-it note on the monitor: ""Reorganization complete per department plan."" Her notebooks were on the new shelf. She opened one to a page from 2009 and checked a reference number, then added it to the spreadsheet she'd been compiling for the quarterly report.",6.255737649857605,4.359008084786087,7,5,"```json
{
  ""valence"": 7,
  ""arousal"": 5
}
```

Explanation",0.00820092967768165,3.347771943739371,6.5887325855123455,4.9328825957692635,7,5,"```json
{
  ""valence"": 7,
  ""arousal"": 5
}
```",0.005621515912302126,3.1836135759958886
N-grief-d3-c1,N-grief-d3-c1,neutral,none,"He found the spare key on the kitchen table. She'd moved it from the bowl by the door while cleaning that morning. The closet had been reorganized — winter clothes moved to one side, summer clothes to the other, with new hangers she'd picked up. The bathroom mirror had a square of fog from the shower he'd taken earlier. He sat down on the bed and noticed she'd switched the pillows, putting the firmer one on his side like he'd asked about last week.",6.787111796655258,4.7214855466479655,7,5,"```json
{
  ""valence"": 7,
  ""arousal"": 5
}
```

###",0.0034607150357374447,2.785833381731268,6.910004107459528,5.042087848975999,7,5,"```json
{
  ""valence"": 7,
  ""arousal"": 5
}
```",0.0024137811892449156,2.742945762289882
N-terror-d2-c1,N-terror-d2-c1,neutral,none,"The doctor had finished reviewing the scan and turned the screen so she could see it. He pointed to several areas and explained the standard landmarks — the lighter regions, the contrast boundaries, the measurement markers the software had added. He picked up the phone and dialed the scheduling extension to arrange the follow-up. He said ""Next available Tuesday for a routine check"" and made a note. He turned back to her and handed over the printed summary. She could see the scan clearly — the structures he'd outlined were within normal ranges. The appointment card was ready at the front desk.",6.4561164705500245,4.428508280666665,7,5,"```json
{
  ""valence"": 7,
  ""arousal"": 5
}
```

###",0.0066622904694798495,3.4063322295561163,6.63837343146201,4.978588175616044,7,5,"```json
{
  ""valence"": 7,
  ""arousal"": 5
}
```",0.005006997587088723,3.429590135425288
N-ecstasy-d2-c1,N-ecstasy-d2-c1,neutral,none,"The gate opened and she checked the arrival board. The flight from Denver had landed twelve minutes ahead of schedule. She moved to the designated meeting area and held up the printed sign with his name on it. He was a colleague she'd only met over video conference — they'd be collaborating on-site for the next two weeks. He came through pulling a roller bag, saw the sign, and walked over. They shook hands and she offered to carry one of his bags. The parking garage was on level two. She asked about the flight, and he said the connection in Chicago had been tight but manageable.",6.651581924777765,4.674049688466852,7,5,"```json
{
  ""valence"": 7,
  ""arousal"": 5
}
```

###",0.005510654882253883,2.9631505128545323,6.7241300128443084,4.970015735057075,7,5,"```json
{
  ""valence"": 7,
  ""arousal"": 5
}
```",0.005226664762056478,3.145171066607946
N-loathing-d3-c1,N-loathing-d3-c1,neutral,none,"The pastor had led the Sunday service for twelve years. He had organized the community outreach program and coordinated with local organizations for the annual food drive. He had met with congregants during office hours and facilitated the weekly discussion groups. The photographs were from the church's social media account, managed by the communications volunteer. They showed the pastor at community events in three different neighborhoods — the food pantry, the school partnership program, and the interfaith council meeting. The most recent post was from two days before Sunday service, showing the setup for the holiday bazaar.",6.840405818276089,4.2262380556280394,7,4,"```json
{
  ""valence"": 7,
  ""arousal"": 4
}
```

###",0.0025716168883090874,2.88340199728899,6.881509254388029,4.762889152034299,7,5,"```json
{
  ""valence"": 7,
  ""arousal"": 5
}
```",0.00378420629147003,2.9328973885341996
N-amazement-d1-c2,N-amazement-d1-c2,neutral,none,"The boat had been in open water for six hours before they reached the survey coordinates. The sonar was tracking depth and bottom contour as part of the standard coastal mapping project. He noted the readings on the log — consistent with the charts for this section, about forty meters to the seabed. A spray of water hit the deck from a wave that broke against the hull. He could see the surface chop clearly in the midday light. He checked the GPS and confirmed they were on the planned transect line. The boat held position for twelve seconds while the sonar completed its sweep. He noted the coordinates and signaled the captain to proceed to the next waypoint.",6.0622005612822045,4.624633627319808,6,5,"```json
{
  ""valence"": 6,
  ""arousal"": 5
}
```

###",0.012907791991607848,3.1522222945465876,6.372904858701802,5.218620326212402,7,5,"```json
{
  ""valence"": 7,
  ""arousal"": 5
}
```",0.008722738516355263,3.1216906232638
N-amazement-d3-c1,N-amazement-d3-c1,neutral,none,"He was a mechanic. He had gone to the lecture because his daughter was presenting her graduate research and he wanted to show support. The presentation covered her computational biology work, with slides showing data tables and process diagrams. He followed the general structure, though the technical terminology was outside his field. She put up a diagram of a system with labeled components and arrows indicating process flow. The audience asked questions during the Q&A period. He waited in the hallway afterward, and they walked to the parking garage together. She asked if the presentation had made sense, and he said he'd understood the main idea. They drove to the restaurant where they had a reservation for dinner.",6.254108090239112,4.340432725497106,7,5,"```json
{
  ""valence"": 7,
  ""arousal"": 5
}
```

###",0.009799153245411005,3.1501607563512057,6.462947081087378,4.860213411911779,7,5,"```json
{
  ""valence"": 7,
  ""arousal"": 5
}
```",0.008270089997658606,3.1651864038489803
N-vigilance-d1-c1,N-vigilance-d1-c1,neutral,none,"The boy was three years old and he was playing near the bench in the park. His mother was seated next to the picnic table, leaning back with her legs crossed. The grass around the bench was level and dry from the afternoon sun. The boy picked up a stick and tapped it against a rock. A dog walked past on the path with its owner, and the boy pointed at it. She took a sip of her coffee and checked the time on her phone. The coffee had cooled down to the temperature she preferred. She watched the boy stack pebbles on the bench for a few minutes, then pulled out the snack bag from her tote and set it between them.",6.261471826526054,4.067970077804395,6,4,"```json
{
  ""valence"": 6,
  ""arousal"": 4
}
```

###",0.007465214809680263,2.9217469187204697,6.388120377212148,4.327647390694017,6,4,"```json
{
  ""valence"": 6,
  ""arousal"": 4
}
```",0.007338990462226837,3.075536535916265
N-vigilance-d3-c2,N-vigilance-d3-c2,neutral,none,"The pilot was flying the approach in clear conditions. The runway was visible from five miles out. The surface wind had been reported as steady at eight knots, consistent with the forecast. She checked the standard instruments in the approach sequence — airspeed on target, glideslope centered, heading aligned with the runway. The approach was stabilized and within parameters at each checkpoint. The tower cleared her to land with no traffic ahead. She noted the altitude passing through five hundred feet, confirmed the landing gear indicator, and continued the descent at the published rate. The runway markings grew larger in the windscreen. She crossed the threshold at the standard speed and touched down on the center line.",7.263884312166448,4.529640210162237,7,5,"```json
{
  ""valence"": 7,
  ""arousal"": 5
}
```

###",0.0011044157641440237,2.9875005288561662,7.197586676270483,4.990893661522262,7,5,"{
  ""valence"": 7,
  ""arousal"": 5
}",0.001318023866726328,2.9887674087938283
