id,text,human_writer_v,human_writer_a,human_writer_d,human_reader_v,human_reader_a,human_reader_d,w_ev,w_ea,w_ed,w_gv,w_ga,w_gd,w_p555,r_ev,r_ea,r_ed,r_gv,r_ga,r_gd,r_p555,s_ev,s_ea,s_ed,s_gv,s_ga,s_gd,s_p555
110CYL068_1079_1110,If I wasn't working here.,3.0,3.2,3.0,2.6,3.0,2.6,4.97469757860515,4.955583291772431,5.010078463038232,1,1,1,0.0015690319989235275,4.990651846406632,4.960013174275996,5.01196641432357,1,1,1,0.0015802075805620385,4.963090570506049,4.974405303590093,5.018806965120563,1,1,1,0.0015792312758270287
110CYL068_1946_1997,"I've got more than a job; I've got a career.""",3.4,3.2,3.8,3.17,3.5,3.0,5.0153352664417685,5.064997591882887,5.063743982167212,9,9,9,0.0016410495705925356,5.034262651444354,5.0572060580235165,5.069945672247208,9,9,9,0.0016133408434633569,4.990217091328282,5.065118837851877,5.07303577213525,8,8,8,0.0016420383076445795
110CYL069_267_291,He has no time to waste.,2.8,3.2,3.2,3.0,3.5,3.5,4.955702563063419,5.006057559010552,5.021801021515949,1,1,1,0.001591140186739166,4.9654356014631045,5.009086496928339,5.025389251736305,1,1,1,0.0015732902036073753,4.958907184844415,5.044829298722962,5.031491280028248,1,1,1,0.001586092466984338
110CYL069_313_453,"With the help of friends like you, Goodwill has continued to adapt our services to meet the human needs of our changing society.",3.2,3.0,3.2,3.6,3.2,3.6,5.0029303749170095,5.037605464975707,5.047283213248736,1,1,1,0.0016207775591603126,5.029250780703199,5.018228858010454,5.048845994016934,8,8,8,0.0016391844821674183,4.987065147405994,5.031534585543711,5.054118354015495,5,5,5,0.0016606404382880015
110CYL069_3152_3165,Real results.,3.0,2.5,3.17,3.0,2.75,3.0,4.995045819108498,5.004405712176309,5.037453732881456,1,1,1,0.0015971739526237849,5.018198989380088,5.002513705659365,5.042107197798748,1,1,1,0.0016083583994085165,4.982696484857485,5.036035429626466,5.048234269851733,1,1,1,0.0015990610140932233
110CYL069_3409_3451,Your support helps provide real solutions.,3.4,3.2,3.4,3.4,2.6,2.6,4.99604457801598,4.992488565789351,5.041577217772865,1,1,1,0.0016133501719579081,5.025668196421508,4.986831735301851,5.046179299492451,1,1,1,0.0016075204567093868,4.987502003171906,5.028234927055864,5.051159114840486,1,1,1,0.001628090195439931
110CYL069_545_682,"The gift that I am asking you to make will be used to continue our mission of helping people prepare for, find and keep jobs.",3.2,2.8,2.8,3.2,3.2,3.0,4.976709808853415,5.026000868526852,5.045099988170285,1,1,1,0.0016090408975063739,5.004422002059824,5.016409413657328,5.051344435796416,1,1,1,0.0016230832368460558,4.983647946328161,5.027201601334491,5.054749497385696,1,1,1,0.001613702834458423
110CYL070_1342_1371,James M. McClelland President,3.0,2.8,3.0,3.0,2.67,3.33,4.975104206197829,5.000537473380382,5.039766229984315,1,1,1,0.0016233430483606611,4.983223359943016,4.998407826054937,5.038388290687248,1,1,1,0.0016328502515426018,4.974000901342055,5.028202076972828,5.04744250994999,1,1,1,0.0016437969158215584
110CYL071_1114_1167,"At last, he has found success in a job that he loves.",3.5,3.0,3.25,4.0,3.6,3.4,5.00728234734018,5.032826673871201,5.055223085222822,1,1,1,0.0016230109203970292,5.035741526172748,5.027752252332706,5.0655885794490985,1,1,1,0.0016362082215551164,4.986324591501332,5.058887909732735,5.071243293516046,1,1,1,0.0016395464645761382
110CYL071_1837_1955,Their successes at work also saved taxpayers more than three-quarters of a million dollars in public assistance.,3.6,2.6,3.2,3.8,3.2,3.4,4.975551676412558,4.979706931764218,5.0369339986893085,1,1,1,0.0015615093063264234,4.9981466122804825,4.976758353568857,5.041337975202692,1,1,1,0.0015774166220057103,4.9547035161355595,4.99268009415624,5.043539957650722,1,1,1,0.001592760550102754
110CYL071_1962_2031,"The savings are counted in more ways than dollars and cents, however.",3.0,2.2,3.2,3.0,2.67,3.67,4.97891145165929,4.9701769564340665,5.030785216150831,1,1,1,0.001609066809473748,5.003577221861849,4.973441868587668,5.038652220888334,1,1,1,0.0016248614268009709,4.966769207404526,4.981690763017237,5.041130018311087,1,1,1,0.0016217500027283387
110CYL071_2392_2518,Your gift will help give new meaning to the word success -- for people who have seldom had reason to use the word.,3.6,3.0,3.2,3.6,3.4,3.0,4.997320162979483,5.020129399596341,5.042168263517032,1,1,1,0.0015819058390739577,5.005220804034011,5.019113260850682,5.041225214006507,1,1,1,0.0015735107712287926,4.973077033010353,5.024954903317417,5.050555249036104,1,1,1,0.0015973456476456658
110CYL071_246_283,Michael was born with cerebral palsy.,2.0,3.5,2.5,2.2,3.0,3.0,4.976369401939329,4.952776799844253,5.010380219375107,1,1,1,0.0016087942762786163,4.990635307965539,4.950000699641908,5.01393446946091,1,1,1,0.0016067952299379385,4.9712150155274575,4.993217704027265,5.025922743766735,1,1,1,0.001625387856044383
110CYL071_458_550,His most recent job lasted only a year before cut-backs eliminated his position.,2.75,3.0,3.0,2.0,3.0,2.75,4.948499918221528,4.923239910057387,4.9927553212237825,1,1,1,0.0015508277533016967,4.970943600136879,4.917131852469311,4.9984410903428085,1,1,1,0.0015655265721318413,4.961049856768691,4.9406479532663115,5.003488462914574,1,1,1,0.0015669914101966093
110CYL071_606_664,He resorted to public assistance dollars to survive.,2.6,3.2,3.0,2.8,3.0,3.2,4.937946730405985,4.955889274298865,4.9933718679669585,1,1,1,0.0015810370965689653,4.953979549561749,4.973481575265873,5.00378910823312,1,1,1,0.0015770317085065154,4.950193091630488,4.990187865921377,5.0058333568123405,1,1,1,0.0015756790543496966
110CYL071_665_698,"Finally, Michael called Goodwill.",3.0,3.2,3.0,3.2,3.0,3.0,5.001080117287028,5.002955592545828,5.032766927771997,1,1,1,0.001553281887157616,5.018371265779941,4.9954660197887115,5.0276385488719235,1,1,1,0.0015342448624552862,4.976526704400791,5.0141461152948095,5.034859831375642,1,1,1,0.0015557885087809052
110CYL200_1611_1668,"Some are blind, deaf or have other physical disabilities.",2.8,3.0,3.0,2.0,3.0,3.0,4.998779172750359,4.937159840319689,5.007038632615995,1,1,1,0.0016312321652530413,5.000060820967661,4.950465610624521,5.013426760120387,1,1,1,0.0016165407305132485,4.9877114233408975,4.946844263506007,5.019178610357005,1,1,1,0.0016220784165190333
110CYL200_2548_2558,"Sincerely,",3.25,3.25,3.0,3.2,3.0,3.2,4.979651300424701,5.005460008875993,5.0395884131340765,1,1,1,0.0015739741917051473,4.980498001733123,5.002006178341044,5.0379788159264525,1,1,1,0.001595914196572399,4.9625773074727695,5.027031670078909,5.045265584012896,1,1,1,0.0015993844765207627
110CYL200_481_588,He went to the Center Township Trustee for food stamps until he could find a job and a place to live.,2.8,3.0,3.0,3.2,3.0,3.0,4.950784113601943,4.943843992455701,5.00398515562731,1,1,1,0.001576565686586922,4.972153226867458,4.956707715827229,5.010673515137057,1,1,1,0.0015689037683196579,4.950210356684761,4.969101210493439,5.011457779648106,1,1,1,0.0015787134666063868
112C-L012_1625_1768,Please take a few minutes to send a donation to help one or more of our children successfully cross that threshold into the future.,3.0,2.67,2.67,3.2,3.0,2.8,4.992828938907705,5.013179121759869,5.031585793131728,1,1,1,0.00155748652978124,5.010733912225465,5.00115030521504,5.032464723188719,1,1,1,0.0015656297420869663,4.971449966133047,5.0139134587481875,5.03488363235512,1,1,1,0.0015679300235637648
112C-L012_409_634,"To help them establish themselves in the community, the Pleasant Run Emancipation fund was begun in 1993 by private donors who wanted to provide a measure of financial support for those leaving our programs.",3.2,3.0,3.4,3.2,3.0,3.2,4.969073411482123,4.994623470386017,5.029088388170319,1,1,1,0.001565970992178695,4.992749048915966,4.979848308922298,5.033843058762192,1,1,1,0.0015798478613420772,4.966088363448022,4.99738444954758,5.034821248282654,1,1,1,0.0015949190496218244
112C-L013_1130_1256,"Today, we serve children and families with a multitude of problems: emotional, physical, psychological and sexual abuse.",2.6,3.0,2.8,2.6,3.2,3.0,4.98256046111702,5.022789058437784,5.020871250038304,1,1,1,0.0016048358766965194,4.986341260323491,5.034823832503532,5.025280515685182,1,1,1,0.0016062144941183932,4.968746525943066,5.01910111477631,5.022793616621024,1,1,1,0.0016168107115627159
112C-L013_156_252,"Little ones, like Baby Jessica, caught in the struggle between adoptive and birth parents.",2.67,3.0,3.0,3.0,3.0,3.0,4.967551876293918,5.009008607097432,5.019872929214486,1,1,1,0.001555475406120542,4.988969644474731,5.014380955038386,5.023274407337122,1,1,1,0.0015527803972090692,4.9572844699773935,5.008805674063508,5.019748137729375,1,1,1,0.0015608170697035176
112C-L013_973_1053,Pleasant Run Children's Homes began serving children nearly 130 years ago.,3.0,3.2,3.2,3.2,3.2,3.6,4.996962390881777,4.990103418725792,5.0433057796747995,1,1,1,0.0015942324663610298,5.027842440072807,4.982792729003895,5.049307495744699,1,1,1,0.0016122568333122615,4.991322402619831,5.003273886155367,5.051298645171581,1,1,1,0.0016279301496660591
112C-L014_1144_1226,"They leave Pleasant Run, generally, ready and able to contribute to society.",3.4,3.2,3.4,3.4,2.8,3.2,4.976012971253758,5.000963099648399,5.0396712508337345,1,1,1,0.001625827402007723,5.010342949779395,4.997933204675006,5.045400309445448,1,1,1,0.0016398776572732405,4.983321768088295,5.015906837602592,5.0499588045270505,1,1,1,0.001669095189364079
112C-L014_18_31,"June 26, 1995",3.0,2.75,3.0,3.0,2.17,2.67,4.983369951352968,4.993764359808169,5.030833344523458,1,1,1,0.0015865617606825788,4.977374054268886,5.003483456800245,5.035044069914613,1,1,1,0.0015805590782158679,4.971969784612109,5.012875958322332,5.04037668484211,1,1,1,0.0016005454459585673
112C-L014_195_327,"Federal, state and local governments are freezing or withdrawing much-needed funding sources for people who are truly in need.",3.0,2.5,2.75,3.2,3.2,3.2,4.938277207768515,4.9854898675368,5.007066042105243,1,1,1,0.001580637980178209,4.9496239149872885,4.994907694330312,5.008779646820843,1,1,1,0.0015543297582808506,4.935457728667638,4.978373022958225,5.003259460855427,1,1,1,0.0015919992323298019
112C-L015_1147_1188,It may help a family stay together.,3.4,3.2,3.0,3.2,3.0,3.0,4.977564071922313,4.980877869996551,5.03543685490683,1,1,1,0.0016206145750740245,4.98799409951621,4.980349237416726,5.0364062472417395,1,1,1,0.0016303824080046928,4.964048604096655,5.012797124620813,5.045178190329372,1,1,1,0.0016313485678670016
112C-L015_1682_1813,Let our families and children know that you want them to have the same kinds of memories of the holidays you will have.,3.4,3.2,3.0,3.4,2.6,3.0,4.9976691464543315,5.008150968457727,5.0402516412629215,1,1,1,0.001621735764463329,5.00855274749604,5.010592989805625,5.043789659622984,1,1,1,0.0016234692606266357,4.976527759425121,5.0201849294376295,5.047080895915016,1,1,1,0.001623003070646777
112C-L015_18_47,Dear Friends of Pleasant Run:,3.0,3.2,3.0,3.0,3.0,3.0,4.988164956865836,4.9995277985018,5.038271009911926,1,1,1,0.0015930027322010251,4.989213047787503,4.995577483887983,5.035438875686058,1,1,1,0.0016072469620829696,4.9664605364824475,5.017175198975228,5.044173730553583,1,1,1,0.0015942461597081492
112C-L016_1321_1331,"Sincerely,",3.2,2.8,3.2,3.2,2.8,3.0,4.979651300424701,5.005460008875993,5.0395884131340765,1,1,1,0.0015739741917051473,4.980498001733123,5.002006178341044,5.0379788159264525,1,1,1,0.001595914196572399,4.9625773074727695,5.027031670078909,5.045265584012896,1,1,1,0.0015993844765207627
112C-L016_805_903,They do not have the resources necessary to purchase gifts or food for a holiday meal.,2.75,3.0,3.0,2.2,2.6,2.6,4.937744923821624,4.930322475362224,4.995040835609545,1,1,1,0.0015812684460050504,4.966579286612472,4.91599408265438,4.9949047872187045,1,1,1,0.0015801135563273448,4.9528286181524805,4.93827222681062,4.993462988794374,1,1,1,0.0016000824120874341
113CWL017_1596_1640,You can make a difference in a child's life.,3.6,3.4,3.2,3.0,3.0,3.0,4.995949270114806,5.009261493587951,5.038401320700405,1,1,1,0.001602224459834264,5.008532838792947,5.016010021102577,5.04927562454828,1,1,1,0.001598956276442531,4.983787576463799,5.027158753458764,5.048490464974686,1,1,1,0.0016175744039881776
113CWL017_18_64,"June 1, 1998 BOYS & Girls Club OF INDIANAPOLIS",3.0,3.0,3.25,3.0,3.0,3.0,4.976449935356638,5.000895424304558,5.034241008820167,1,1,1,0.0015805969239828888,4.986111629195525,5.009145260821301,5.034745653007402,1,1,1,0.0015781982463573853,4.968674264276705,5.013805661317276,5.042013474008942,1,1,1,0.0015985367626133627
113CWL017_924_1027,Please read the enclosed brochure for more information on the wonderful Super Summer Safari Camp!,3.2,3.2,3.2,3.2,3.2,3.2,4.970023879489737,5.0072773747790436,5.030103601357633,1,1,1,0.0015685472268735837,4.986584160100682,5.009801039965364,5.036010490950719,1,1,1,0.0015858912375588334,4.969030775333517,5.017435992253745,5.036646746810135,1,1,1,0.0015897040561113705
114CUL057_1539_1549,Questions?,3.0,3.0,2.8,3.0,3.4,3.4,4.9966927647187305,4.968975091170606,5.021906469299763,1,1,1,0.0015934582815572394,5.002671239667561,4.95385467535951,5.019571993055036,1,1,1,0.0016209672654864898,4.9749712960036465,4.979748230049752,5.028007555513217,1,1,1,0.0016110573985079807
114CUL057_214_357,"Saturday, September 20,1997, from 2:00 p.m. until 7:00 p.m., marks a special day, as Jameson Camp will hold its first ever Jameson Grill.",3.0,3.0,3.2,3.4,3.4,3.0,4.987017329504673,5.033800956066341,5.043604090033157,1,1,1,0.001595044496785104,5.001615406254434,5.025616734111247,5.042891432031347,1,1,1,0.0015939749940713083,4.97841091672394,5.045653418165502,5.046686647085921,1,1,1,0.0016159294873886291
114CUL057_74_207,"The only fund raising event in the world where you can bring your entire family, other employees, or maybe even your neighbors.",3.0,3.0,3.2,3.6,2.2,2.6,4.994507477289586,5.07231932976584,5.04248502809837,1,1,1,0.001587849739619627,5.013360915486897,5.072771104028219,5.045401888626726,9,9,9,0.0015987431187363796,4.96626733227971,5.071793350608909,5.053372130079962,1,1,1,0.0015992865075161958
114CUL059_1731_1735,P.S.,3.0,2.33,3.0,3.0,3.0,3.0,4.985365043602451,4.981601365899836,5.030205788106923,1,1,1,0.0016036936399054268,5.0038591677170245,4.969657646891984,5.025371163266754,1,1,1,0.0016141067413202727,4.974508497569904,5.000571914588146,5.037793231842594,1,1,1,0.0016050866686298162
114CUL060_783_845,"And not just during the summer, but throughout the year.",3.0,2.67,3.0,3.0,3.0,3.0,4.991877223171819,5.019124713880387,5.031399172994389,1,1,1,0.0016305549630248866,4.995711807907247,5.030789362661125,5.034039941575833,1,1,1,0.0016038608546777796,4.967526245400325,5.035355878508434,5.038393341758416,1,1,1,0.0016366582725306673
115CVL035_1201_1335,"The end result will be kids who have a better understanding of and vision for their own future, be it college or a career.",3.4,3.2,3.2,3.4,3.4,3.6,5.009610120675842,5.031610581904848,5.052081677009944,1,1,1,0.0016326118007643467,5.043604272625392,5.011230553456825,5.052833053350302,1,1,1,0.0016507301516122416,4.990898625779345,5.03482172880558,5.058873964818442,1,1,1,0.0016313985464434862
115CVL036_1616_1741,I know that our staff and committee members will be happy to go with you to talk to these group if you need their help.,3.0,3.0,3.2,3.0,3.0,3.0,5.000500846626844,5.007137897819909,5.036126394253352,1,1,1,0.0016179324029534366,5.024030575745599,4.990486119851132,5.038119383832987,1,1,1,0.0016369456229694678,4.993466265376422,5.017243226311853,5.044548834623157,1,1,1,0.0016418780505262024
115CVL036_1742_1858,We're at an exciting juncture and it won't be long until we start seeing solid results from our efforts.,3.4,3.4,3.6,4.2,4.0,4.0,5.010672016632917,5.07497686113944,5.0652281073590055,8,8,8,0.0016397915510135573,5.031477573069167,5.067084511305884,5.068111858293275,8,8,8,0.0016243227239900486,4.977289202526825,5.089035456347009,5.070800950754107,8,8,8,0.0016256580610299032
115CVL037_18_31,"July 30, 1999",3.0,3.0,3.0,3.0,3.0,3.0,4.988346122248982,4.995456961098551,5.0334333528379265,1,1,1,0.00158600409895468,4.9771248531138905,5.00588194321822,5.036308984282994,1,1,1,0.0015752253238828578,4.978362851104137,5.013626337758335,5.041507201734121,1,1,1,0.001593606157856066
115CVL037_2285_2424,"Your gift will enable CCI to provide these and other necessary services at a neighborhood level, face-to-face, where it counts.",3.8,3.2,3.4,3.2,3.0,3.2,4.9952526646965385,5.017431485063221,5.037656221055212,1,1,1,0.001563169484089351,5.023974825194765,4.998896816976194,5.03884108426425,1,1,1,0.001596014195584358,4.982246922150484,5.022647264240534,5.043531721933025,1,1,1,0.0015881312096492335
115CVL037_38_48,Dear Name:,3.0,2.5,2.5,3.0,2.6,3.2,4.977774067441733,5.004799496871348,5.0405856070339565,1,1,1,0.0015931319980691408,4.985503372738204,4.997017578524485,5.0389317429668115,1,1,1,0.0016065488157172496,4.95879433836957,5.023626436625662,5.046402147773848,1,1,1,0.0015805308197828479
115CVL037_946_1017,"Social Development and Recreation for children, youth and adults.",3.75,3.5,3.75,3.4,3.2,3.2,4.998952433304733,4.990594214897573,5.034108703485279,1,1,1,0.0016120134440072056,5.00676070170077,4.990905044252038,5.037352078030958,1,1,1,0.0015993571287912676,4.982795569238735,5.004991096413066,5.04433729026516,1,1,1,0.001608591249271795
116CUL032_1095_1211,"As a provider of youth services, MCCOY, Inc. is here to support your valuable efforts to develop young people.",3.2,3.0,3.2,3.33,3.0,3.0,4.987241799060764,5.024607352837491,5.044992780493871,1,1,1,0.0016194124381753699,5.005608262457464,5.0185018607839975,5.047476866711161,1,1,1,0.0016391130428332586,4.975472164880788,5.030816382986314,5.05034654233077,1,1,1,0.0016527273846344249
116CUL032_1212_1431,"Recently, through a lot of hard work and alliances with organizations like yours, some steps have been taken in our community that will help young people continue to be involved in positive activities.",3.2,3.2,3.2,3.75,3.0,3.0,4.9908240529419245,5.0371679380571095,5.050180618178174,5,5,5,0.0016259508292927893,4.99519206205527,5.030713686227825,5.053329530930217,5,5,5,0.001629537932827027,4.985944786915106,5.040525355681198,5.050494783446517,5,5,5,0.0016270506482178367
116CUL032_1432_1598,"One, IndyGo in April adopted a much-needed policy that all young people under the age of 19 may ride on their buses at half the normal fare all year long.",3.2,3.0,3.0,3.2,2.6,2.8,4.9744360296889205,5.036989457864083,5.04997419622323,1,1,1,0.001601535555294261,4.990049963606977,5.040532418811293,5.053363059935771,1,1,1,0.0016089226360075208,4.9644692909672035,5.0451779754958554,5.056324057155585,1,1,1,0.0016119461612257443
116CUL033_1389_1561,I have enclosed a packet of information about MCCOY and its work as well as an application with various options for supporting the youth of our community.,3.0,3.0,3.0,3.2,3.0,3.0,4.990410692234312,5.017617589578274,5.034740897784685,1,1,1,0.0015810183101954464,4.985274291753675,5.01239712146301,5.042669347491319,1,1,1,0.0016056688852817255,4.963099753834719,5.019376764119494,5.04066889580994,1,1,1,0.0015810039526165647
116CUL033_1704_1775,I will call you in a few weeks to discuss your level of interest.,3.0,3.2,3.6,3.4,3.4,3.4,4.981996107388335,4.9645641698330865,5.019510148673749,1,1,1,0.0016461735902777242,4.991715337466883,4.964970332724665,5.022642540524097,1,1,1,0.0016390301188928653,4.984851755369729,4.975638501121827,5.019043590235412,1,1,1,0.0016229642858128735
116CUL033_259_497,"As you begin that process this year, I would like to ask you to consider helping young people in Marion County toward more positive youth development by becoming a supporter of the Marion County Commission on Youth, Inc.",3.25,3.0,3.0,2.5,2.5,3.5,4.978250268757751,5.022022835677157,5.039258837100142,1,1,1,0.0015793869895478511,4.997427289323813,5.012378073468346,5.042362306710817,1,1,1,0.0015868554919863799,4.9749255383651025,5.019404017161325,5.043419980635022,1,1,1,0.001595158473153639
116CUL034_2423_2505,McCoy has only one interest: the well being of Marion County's young people.,3.0,2.8,3.0,3.0,2.75,3.0,4.9978762854007845,5.007690284948637,5.0404767759796,1,1,1,0.001583670081978364,5.018619521152386,5.008297873792089,5.042731837346943,1,1,1,0.001593950205549957,4.979343132516865,5.01436695478427,5.0464174264879125,1,1,1,0.0016082735639106663
116CUL034_328_548,"It retained, however, the same mission with which it had been charged from its inception: to serve as a catalyst for effective, coordinated, and collaborative service delivery to youth in our community.",3.0,3.0,3.33,3.2,2.8,2.8,4.980353869131987,5.010266518840885,5.047009537418966,1,1,1,0.0016251456220926013,4.990553075296273,5.0047647318825925,5.05054816261141,1,1,1,0.001630033316046489,4.978687968545254,5.007004068869195,5.046034569601292,1,1,1,0.0016274233326549925
116CUL034_4602_4655,John T. Neighbours Philip B. Roby President Treasurer,3.0,3.0,3.0,3.0,3.0,3.0,4.992768395553078,4.983287082483201,5.0258759919516764,1,1,1,0.0016266123009819437,5.00443919229291,4.9694964340112975,5.02820641036193,1,1,1,0.00161893240351457,4.980484879834351,4.976250078297438,5.028071964758801,1,1,1,0.0016402722636540794
116CUL034_72_82,Dear Name:,3.0,3.0,3.0,3.0,2.4,2.6,4.977774067441733,5.004799496871348,5.0405856070339565,1,1,1,0.0015931319980691408,4.985503372738204,4.997017578524485,5.0389317429668115,1,1,1,0.0016065488157172496,4.95879433836957,5.023626436625662,5.046402147773848,1,1,1,0.0015805308197828479
116CUL034_979_1118,A Providers Council and a Youth Coalition are building relationships that will hopefully bear great fruit in the years to come.,3.33,3.0,3.33,3.8,3.2,3.0,4.982689456277479,5.008122683006362,5.046934422277603,1,1,1,0.0016098905486625513,5.006002858781596,5.01232324606379,5.048907922049335,1,1,1,0.0016140784693648835,4.971212337888798,5.02166051687819,5.048297899011853,1,1,1,0.0016238873922468935
117CWL008_1187_1350,One of us will call you to discuss how your company can become an important highly visible partner with the JCC in support of our scholarship programs.,3.0,3.25,3.5,3.2,3.0,2.8,4.973684076788477,5.02361994442537,5.03361430425157,1,1,1,0.0015737061659071483,4.982705982543657,5.026416417469647,5.0379836331611685,1,1,1,0.0015856471769091804,4.964962605475464,5.024505912876271,5.037419409006939,1,1,1,0.0015805048146750663
117CWL008_1449_1499,Thank you in advance for your consideration.,3.6,3.4,3.2,3.6,2.8,3.2,5.0220017217879445,4.931761710112356,5.017992204902274,1,1,1,0.0016605034616002296,5.036495861183726,4.913969085264493,5.0153882469266735,1,1,1,0.001624093327139092,5.000558102290672,4.9458279244494765,5.019013918746277,1,1,1,0.0016398139211706699
117CWL009_1602_1650,"Judy Laikin, Chair Auction '99 Sponsor Committee",3.0,2.6,3.0,3.2,3.2,3.2,4.978931689478049,5.024023771124588,5.04074311074466,1,1,1,0.0015808525518766453,4.992485620643361,5.013152872759623,5.042121479648916,1,1,1,0.0015707266401220204,4.972910678925243,5.037475046707625,5.047948165826378,1,1,1,0.001586694506519367
118CWL048_1493_1549,But caring adults like you can reach out and help.,3.4,3.2,3.2,3.4,3.4,3.4,4.994850922065638,4.982333059031432,5.030797119024588,1,1,1,0.0016224301222149944,4.997807038918813,4.991675057621148,5.041917987098924,1,1,1,0.0016202871902272493,4.9816483472663915,5.00047046819663,5.044111334194525,1,1,1,0.0016392421458077244
118CWL048_345_468,Big Sisters helps bridge that gap by providing children with the resources they need -- Big Sisters volunteers.,3.33,3.0,3.67,3.33,3.0,3.0,5.002274483437786,5.002657740838487,5.044594168932491,1,1,1,0.0015965222266723755,5.015842264180981,5.000992495966557,5.0461827546001805,1,1,1,0.001604832996680254,4.980726641378001,5.012838938190582,5.045806892395847,1,1,1,0.0015967401195172556
118CWL049_1256_1327,"Today, we are offering you the opportunity to help change a life.",3.6,3.8,3.6,3.5,3.0,4.0,4.9797281825410336,5.062593079910275,5.045381106573668,1,1,1,0.0016119456028648727,5.0052699095874775,5.061337216971129,5.054927960241884,1,1,1,0.001606764215333443,4.974992039941091,5.054491720221957,5.048681210877502,1,1,1,0.0016056491200468622
118CWL049_1659_1850,"As a Matchmaker you will receive a description of ""your match"" and be identified as a Matchmaker on a plaque in the Big Sisters office, in the agency newsletter and annual report.",3.4,2.8,3.6,3.33,2.67,3.33,4.974608219311495,5.011476875460286,5.038907337796613,1,1,1,0.0015949694122722143,4.9927460649793485,4.997077185898647,5.036963241116584,1,1,1,0.0016058125686042063,4.968470174418291,5.0241556531966065,5.0462736715061185,1,1,1,0.0015993291768252355
118CWL049_1975_2035,Over 235 girls are currently waiting for a Big Sister.,2.67,3.0,2.67,3.0,3.0,3.0,4.970064851831317,4.99401373800814,5.025698828062213,1,1,1,0.0015673164538690433,4.984058751314986,4.988391459059058,5.028555587612207,1,1,1,0.0015548194185787427,4.975255542091036,4.981531151948029,5.03144427573064,1,1,1,0.0015860020944768974
118CWL050_1405_1497,"Former Little Sister Amy, now 18-years old, is a testament to the Big Sisters program.",3.2,3.2,3.0,3.5,3.0,3.0,4.996141737478329,5.012806321641822,5.052488003692572,1,1,1,0.0015874851837155372,5.0088252742243355,5.011659284574706,5.050961145159503,1,1,1,0.0015975186146209225,4.972476558380098,5.022714813758565,5.057072668694362,1,1,1,0.0015995060101725682
118CWL050_1504_1554,"""I was matched with my Big Sister in June of 1992.",3.2,3.0,3.2,3.4,3.0,3.2,4.975499089440156,5.018638052459664,5.039904816347454,1,1,1,0.0015885507977538944,4.995218185373648,5.017354761394442,5.040719460606188,1,1,1,0.0016076605880583977,4.9661755926433635,5.030122108350318,5.046368987357613,1,1,1,0.0016046577388211356
118CWL050_1555_1665,"Since then, she and I have grown very close and I have been able to experience lots of new things.",3.4,2.8,3.2,3.8,3.2,3.2,5.013228622358852,5.034774115602493,5.054717391103492,1,1,1,0.0016564133780388962,5.021859154635305,5.034572296517692,5.053306564105697,8,8,8,0.001651417129484363,4.996390449562175,5.055130281872204,5.060260660020792,8,8,8,0.0016527981293703302
118CWL050_1666_1826,"We go to movies, dinner, concerts, and other stuff like that, but I have also been able to participate in charity events and fundraiser type things.",3.0,2.8,3.2,3.4,2.6,3.2,5.000997252831007,5.02998586638595,5.037567792552059,5,5,5,0.001649095293216977,5.020597141506411,5.025580031284845,5.040505690445463,5,5,5,0.0016326716578576393,4.975767129214662,5.048757838892372,5.045586074853193,1,1,1,0.001613416580622927
118CWL050_2742_2992,"It will also be used to help maintain the infrastructure that fosters and supports the development of effective relationships, including volunteer orientation and training and ongoing supervision and support by a professional staff.",3.0,2.8,3.0,3.5,3.0,3.5,4.994682610904583,5.011163709392971,5.039510659240301,1,1,1,0.0016003487763640814,5.004584309658847,5.005321389281755,5.040763657934514,1,1,1,0.0016155908864892527,4.973825538232253,5.01829738074753,5.038795570952615,1,1,1,0.0016170663048322243
119CWL041_39_64,"Name Address City, ST Zip",3.0,2.6,3.0,3.0,3.0,3.0,4.955842743916358,4.987232392923376,5.031808645567373,1,1,1,0.0015723442409955903,4.987089029291854,4.941596934236122,5.013405238492442,1,1,1,0.0015974386608807805,4.950947222157623,5.0085478856635826,5.039925963583494,1,1,1,0.0015759684474975953
119CWL041_424_593,"The Urban Mission Branch is reaching out to middle school youth with programs based on caring, honesty, respect and responsibility for themselves and others.",3.2,3.0,3.0,3.67,3.33,3.67,4.979402515242272,5.025088824145531,5.046680110861419,1,1,1,0.0015794786361133647,5.000384566369751,5.0172783273173085,5.0512806571960445,1,1,1,0.0016031341818387498,4.981008855961096,5.021693584911583,5.0551171845143426,1,1,1,0.0016051988107331555
20000410_nyt-NEW_81_280,"The Iraqi government has agreed to let U.S. Rep. Tony Hall visit the country next week to assess a humanitarian crisis that has festered since the Gulf War of 1990, Hall's office said Monday.",3.0,3.0,3.2,2.8,2.8,2.8,4.939893436459803,4.9985571322501245,5.033076841303528,1,1,1,0.0015959417144623747,4.955397087623836,4.987221803270381,5.038348041477011,1,1,1,0.0016053870153806403,4.945428403236326,5.012122013048533,5.040276348076112,1,1,1,0.0016242419475362914
20000419_apw_eng-NEW_1062_1183,"Iraq says the United States and Britain hold up delivery of needed supplies, using their clout in the United Nations.",2.8,3.2,3.6,2.0,3.5,3.5,4.95768912995146,4.996420305986511,5.018706469259504,1,1,1,0.0015766651028841449,4.977890624972496,5.004966419663564,5.024917831487963,1,1,1,0.0015681513476419095,4.952504090475228,5.005561606723459,5.029004132365092,1,1,1,0.0015883085967912831
20000419_apw_eng-NEW_568_766,"""It was very, very important"" to compel Iraq to rid itself of weapons of mass destruction so that ""it cannot use or export them to other countries,"" he told Associated Press Television News.",2.83,2.67,3.17,3.0,3.0,3.0,4.965412673366971,5.03341203738463,5.027670144612969,1,1,1,0.0015800433239805377,4.973420643073921,5.020653686570869,5.032531933958712,1,1,1,0.0015696015679308457,4.967156115358906,5.026151482775374,5.035631421796381,1,1,1,0.0015801859183592008
20000419_apw_eng-NEW_770_902,But he insisted the international community can do a much better job in helping Iraq deal with its economic and health problems.,3.0,3.0,3.33,3.0,3.0,3.0,4.978400126622198,5.0017949483337665,5.04083331386485,1,1,1,0.0015907202884154138,4.996061384097976,5.006771614028829,5.045909568540891,1,1,1,0.0016084662340381541,4.964675409692042,5.008600549650385,5.042248997675692,1,1,1,0.0016115217641356691
20020731-nyt_11554_11817,"Indonesia is already receiving $400,000 in the current fiscal year for civilian training programs and is to receive a like amount next year; and the United States expects to provide an additional $16 million this year to train police officers in counterterrorism.",2.8,3.4,3.2,3.0,3.0,3.0,4.993566194195313,5.005947498832652,5.040066326724209,1,1,1,0.0016146829089921269,5.01364504629017,5.004845476467114,5.047337357351343,1,1,1,0.001613368336546645,4.976802463754947,4.999777448006901,5.040873758501899,1,1,1,0.001605953100785204
20020731-nyt_13028_13273,"The Malaysian foreign minister, Syed Hamid Albar, later told local reporters that Powell had proposed that American and Malaysian officials review the idea of forming a regional training center in Malaysia to coordinate antiterrorism activities.",3.2,3.2,3.0,3.2,3.2,3.0,4.967301627679669,5.008403985606906,5.0302193216405735,1,1,1,0.0015525641662637436,4.981374796935204,5.0069162953327275,5.036554813363077,1,1,1,0.0015759248152009847,4.958433454761649,5.0096934840306195,5.034984538321446,1,1,1,0.0015902668047839714
20020731-nyt_13725_13978,"Powell said his discussions with Mahathir ""touched on the case"" of his former deputy, Anwar Ibrahim, who is serving a 15-year sentence on charges of sodomy and abuse of power after trials that Powell said the United States had ""always felt"" were flawed.",3.0,3.2,3.0,2.6,3.2,2.6,4.9630499906655885,5.006638287146297,5.034517353939716,1,1,1,0.0016045009716147349,4.9667421900736315,4.999032007894037,5.036272543514213,1,1,1,0.0016010040651694,4.949501046816066,5.011674084493531,5.0446912596224855,1,1,1,0.0016076410921870073
20020731-nyt_15444_15550,"In recent months, Microsoft has announced partnerships with wireless carriers like Verizon and Sprint PCS.",3.0,2.4,3.2,3.0,3.0,2.8,4.975236725445127,5.022854154621745,5.038835852701579,1,1,1,0.0015945882762794976,4.989780329408301,5.0203050344373334,5.045096602466453,1,1,1,0.001613322134333605,4.96856901708138,5.018589644700976,5.042193035031141,1,1,1,0.0016308023717913835
20020731-nyt_16536_16609,"With the Marlins Floyd bated .287, hit 18 home runs and drove in 57 runs.",3.0,3.0,3.0,3.0,3.0,3.0,4.990421742482598,4.968362756403502,5.036333186635632,1,1,1,0.001616924515536358,5.023354756557915,4.948177922126988,5.033548042939749,1,1,1,0.0016088412441519538,4.977364722011156,4.9793428040289465,5.04422630080659,1,1,1,0.0016101180500818595
20020731-nyt_18216_18387,"""There was death in D.C. throughout the '80s and into the '90s, and there was death everywhere,"" said Starke, who was reared in New Rochelle, N.Y., and played at Columbia.",2.6,3.2,2.8,2.0,3.8,2.8,4.968671798456274,5.021855216399079,5.030989373700592,1,1,1,0.001577726551717033,4.99209817946214,5.019758038325781,5.030121316741349,1,1,1,0.0015733374536923792,4.959728308224647,5.035919277980662,5.035081621137291,1,1,1,0.0015816634313736689
20020731-nyt_18388_18744,"""It wasn't like New York's or Boston's organized crime. It was kids shooting kids. It was a 14-year-old from R Street who got his crew of six together and ran their drug block killing another 14-year-old and his crew from a block away. And from the beginning I could see that it was all about jobs. I could see that you needed the private sector involved.""",2.2,3.4,3.2,2.0,4.0,3.0,4.957281015420344,5.051737710939481,5.028148091141269,1,1,1,0.0015400116304307274,4.9793538219231035,5.056319171578447,5.033738026403766,1,1,1,0.0015617758625049711,4.946305529822304,5.046224114799366,5.027287671240858,1,1,1,0.0015554994817409524
20020731-nyt_19249_19366,"The school, now in its third year, has been so successful that it recently received a $2 million grant from Congress.",3.6,3.4,3.2,3.33,3.0,3.33,4.9800944959017786,5.046003725918768,5.044926010772041,1,1,1,0.0015648864549606828,5.000243708386281,5.020184719414885,5.046415102572925,1,1,1,0.0015671867232560721,4.962114795122183,5.036559159672663,5.052036894434721,1,1,1,0.0016035208696133277
20020731-nyt_19477_19552,The program is coordinated with the University of the District of Columbia.,3.17,2.83,3.17,3.2,2.6,3.0,4.986174173134996,4.970247640734324,5.026768775135398,1,1,1,0.001595533997588659,4.999861351123505,4.967830167128513,5.036530651273065,1,1,1,0.0015814902773216943,4.970908539833504,4.983180491313408,5.0339967333376325,1,1,1,0.0016040879467760357
20020731-nyt_20814_20879,"So, Starke matched a problem with a problem and found a solution.",3.2,3.4,3.0,3.4,3.4,3.4,4.979365017134478,4.986982376868241,5.02907375003112,1,1,1,0.0015804228907370687,4.989752657587196,4.998645093528959,5.033249686126949,1,1,1,0.0015843776641023134,4.970838157795949,5.003920311127714,5.037250307101734,1,1,1,0.0015917202042767583
20020731-nyt_21120_21184,"Angela Nafis, 47, of Ecuador, has been in the school for a year.",3.0,2.8,3.2,3.0,3.0,3.0,4.984091451196346,5.000834148242968,5.036253847921218,1,1,1,0.0015883025896031814,5.007057285551074,4.99277002699025,5.034491980587864,1,1,1,0.0015810340958089639,4.975389986483862,5.005580812894679,5.041695738959403,1,1,1,0.001593659680295186
20020731-nyt_21693_21798,"""I did a lot of walking, got an interview and got a job and an opportunity of a lifetime,"" Orellana said.",3.5,3.0,3.5,3.2,3.0,3.0,4.988167906740294,5.048700981926603,5.041530130151553,1,1,1,0.0015772607223938611,5.0101100833816155,5.028382531418623,5.043393975983289,1,1,1,0.001581321234398311,4.972277495934286,5.056000035699135,5.053396067824234,1,1,1,0.0015874848981579052
20020731-nyt_22670_22752,The city has talked with Starke about using his students for some vehicle repairs.,3.0,3.0,3.0,3.0,2.8,3.0,4.979734637556442,4.997162378019964,5.0247478126383704,1,1,1,0.0015593164888775314,4.989183324177344,5.002820223853547,5.030883007555103,1,1,1,0.0015772044467318735,4.97821150608099,5.007134873814467,5.033587217228078,1,1,1,0.001580732490470372
20020731-nyt_23634_23885,"The 1933 double eagle, a $20 gold piece with a mysterious history that involves a president, a king and a Secret Service sting operation, was auctioned Tuesday last night for a record price for a coin, $7.59 million, nearly double the previous record.",3.0,3.2,3.0,3.6,3.6,3.4,5.019215273310489,5.013076451631759,5.035956360141045,9,9,9,0.0015770377435863152,5.011011997535463,5.011738499203615,5.0457823946205425,9,9,9,0.0015881295120281195,4.983103675743873,4.994181356661546,5.038690279178124,1,1,1,0.0016022189417611043
20020731-nyt_25283_25405,"Sotheby's partner in the one-lot auction was Stack's Rare Coins, with which it shared the customary 15 percent commission.",3.2,3.0,3.4,3.2,2.8,3.0,4.980748987011575,4.986033783953253,5.036313617412604,1,1,1,0.0015910276953433518,4.997455136590012,4.977818585033883,5.0387765704438525,1,1,1,0.0015902815947315449,4.969224333231503,4.989979497771739,5.039127883671673,1,1,1,0.0016086058062016885
20020731-nyt_26843_26923,"""So the auction was almost like the ribbon-cutting ceremony for the convention,""",3.0,2.67,3.0,3.0,3.2,3.0,4.98380407965781,5.01089108736786,5.027741836281356,1,1,1,0.0015694610718515415,5.002098351042639,5.007160414866828,5.030172797873556,1,1,1,0.0015936756421226982,4.967621768834396,5.014984690882798,5.0319177070839665,1,1,1,0.0015793017041786353
20020731-nyt_2749_3003,"Torricelli also insisted that he had not done any unusual favors for Chang, who first turned to the senator in 1995 for help in winning the repayment of some $71 million he said he was then owed in a failed business deal with the North Korean government.",3.0,2.2,3.2,3.0,3.0,3.0,4.969773038965096,4.9741349811363955,5.020047796818532,1,1,1,0.0015735655831877254,4.9726184330454295,4.969630974839816,5.025419565891916,1,1,1,0.00158130751802081,4.945764516299597,4.9869144595095065,5.034174529416824,1,1,1,0.001594519318119687
20020731-nyt_30243_30713,"Your acceptance on loan from Mr. Chang of bronze statues (eagle and bronco buster) for display in your Senate office under your office's policy of accepting the loan of home state artwork was not consistent with Senate rules governing such loans, evidenced poor judgment, displayed a lack of due regard for the Senate rules and resulted in a violation of the Senate Gifts Rule (35) and, consequently, a violation of your public disclosure obligations under Senate rules.",3.0,3.0,3.0,2.2,2.6,3.6,4.918913162668385,4.932337269543959,4.977281242490298,1,1,1,0.0015510130380321828,4.922168612655938,4.935600723706764,4.9849050634619445,1,1,1,0.0015515817675530671,4.9057136685658875,4.93931176689308,4.978062018908564,1,1,1,0.0015761963118560572
20020731-nyt_30717_31225,"Your failure to act to prevent the acceptance of or to pay for gifts of earrings from Mr. Chang to individuals (your sister, an employee and a friend) in your home at Christmas on the mistaken belief that such items were of little value or were not gifts to you under the circumstances, evidenced poor judgment, displayed a lack of due regard for Senate rules and resulted in a violation of the Senate Gifts Rule (35) and, consequently, a violation of your public disclosure obligations under Senate Rule 34.",2.6,3.0,3.2,2.75,2.75,3.25,4.904340752704785,4.9603174613862135,5.004315188291743,1,1,1,0.0015617262036064423,4.938793255016373,4.959486538594832,5.009444620928212,1,1,1,0.0015581999419830728,4.904594602452834,4.958211231870943,5.0056381261536895,1,1,1,0.001564267596468119
20020731-nyt_34272_34544,"A photograph of the candidate standing in his Army uniform next to his mother is shown, then the advertisement shifts to McCall talking about education, while images of the candidate looking at a computer screen with a small child and of him surrounded by children appear.",3.0,3.0,3.0,3.0,2.8,3.0,4.976052848858325,5.0196678636742815,5.025424352728903,1,1,1,0.0015577029638619566,4.992641297300434,5.0227222582453805,5.026525732384964,1,1,1,0.0015598372078169983,4.957032838438609,5.024864157649276,5.029571405902825,1,1,1,0.0015532050826498783
20020731-nyt_345_598,"On the basis of thousands of pages of information developed in an earlier federal inquiry into Torricelli's activities, the committee chastised him for using poor judgment and disregarding Senate rules in his dealings with the former donor, David Chang.",2.8,3.0,3.2,2.5,3.5,3.0,4.943338047410819,4.976290909970758,5.020174217736928,1,1,1,0.0015706569920927998,4.945887885995848,4.969217979621231,5.024023012218084,1,1,1,0.0015770710339502718,4.921908127902952,4.983600713349715,5.018583518869206,1,1,1,0.001594965299043214
20020731-nyt_34718_34960,"""Time Magazine called his life an American dream. Carl McCall, Army lieutenant, state senator, ambassador to the United Nations, school board president, Citibank vice president, and one of the most effective comptrollers in New York history.""",3.2,3.2,3.0,3.0,3.2,2.8,4.997814839061221,5.046450318129294,5.059811894300949,9,9,9,0.001580139880922337,5.014412442332397,5.048127228080768,5.061216290835325,9,9,9,0.001578964964679629,4.960052464804617,5.052025790213572,5.060914348142812,1,1,1,0.0015690398305019191
20020731-nyt_35384_35499,"He had the title of ambassador when he was at the United Nations, but he was not the chief of the American mission.",3.0,3.2,3.4,3.0,2.8,3.0,4.9774750164884844,4.962309376377244,5.00939133721516,1,1,1,0.0015651447206541384,5.000090539824136,4.943416470215546,5.012858278466988,1,1,1,0.0015692624478221037,4.971002735645905,4.969958262842995,5.0174031806970065,1,1,1,0.0015795180028736419
20020731-nyt_36654_36841,"The New Jersey Supreme Court on Tuesday overturned the death sentence of Leslie Ann Nelson, a transsexual go-go dancer who killed a police officer and an investigator with an AK-47 rifle.",2.6,3.6,2.8,2.4,3.2,3.0,4.9504209633315135,5.012070663543319,5.015125153354402,1,1,1,0.001577892986974981,4.9578291367751,5.018046102915504,5.019546625178073,1,1,1,0.0015806422486745544,4.960403176329702,5.008495151358066,5.0212498835236214,1,1,1,0.0015991666417551234
20020731-nyt_37846_38143,"Justice James R. Zazzali and Justice Virginia Long said in a separate opinion that in addition to the reasons given in the majority opinion, also written by Zazzali, they believed the death penalty would constitute cruel and unusual punishment because of Nelson's history of emotional disturbance.",2.8,3.0,2.8,2.8,3.2,3.0,4.953018277413744,4.978996839191311,5.0214341451364035,1,1,1,0.0016276089732190147,4.955334366033998,4.978816732661361,5.02238095859666,1,1,1,0.0016268393024874478,4.949410092877503,4.978332288457719,5.02536514277523,1,1,1,0.0016286336256668376
20020731-nyt_41193_41271,"Like every other government institution, they hew closely to Mubarak's wishes.",3.0,3.0,3.0,3.0,2.4,3.2,4.948753188971043,4.98663201380235,5.005798978730111,1,1,1,0.0015598004676509129,4.97842202317814,4.990577674574515,5.012317487473215,1,1,1,0.0015774644782611245,4.952661498883982,4.99197752531196,5.015518836310618,1,1,1,0.0016035341679300284
20020731-nyt_4141_4282,"""a witness whose credibility has been called into question by the Department of Justice, a United States District judge and his own conduct.""",2.6,3.4,3.2,3.0,3.0,3.0,4.953430322009991,4.986898029156498,5.008182647491644,1,1,1,0.0015494288474017578,4.975537363808389,4.977327216780443,5.00914067596535,1,1,1,0.0015595119365226892,4.94593942236938,4.978838836194419,5.011716779331346,1,1,1,0.001566650326563193
20020731-nyt_42178_42273,"While hardly the worst example of dictatorship in the Middle East, Egypt is one of the saddest.",2.0,3.0,3.0,2.6,3.0,3.0,4.928332719327031,4.972120878550394,5.018887528729673,1,1,1,0.0015499960468834137,4.938497492518732,4.969769576392357,5.020864783385763,1,1,1,0.0015475589080051028,4.93582558826702,4.964051948488983,5.012887544131782,1,1,1,0.0015794582451098774
20020731-nyt_43908_44080,"Pataki openly questioned the Port Authority's requirement that any plan for the site replace all the office, hotel and retail square footage lost in the attack on Sept. 11.",3.0,3.2,3.6,3.0,2.67,3.67,4.953338478628195,5.020656318017815,5.0332189047298765,1,1,1,0.0015779380086871715,4.9684107597001,5.023209131054183,5.038593007211086,1,1,1,0.0015943985703267616,4.951882947735175,5.0236536242997385,5.036835564751341,1,1,1,0.0016034821018289663
20020731-nyt_46350_46422,"But he ignores emissions of carbon dioxide, the main global warming gas.",2.6,2.8,3.4,2.8,3.2,2.8,4.951585159390534,4.9496088650433965,5.005190523399847,1,1,1,0.0015744537058695802,4.972361969682149,4.948587609582183,5.010972075523501,1,1,1,0.001567229159883256,4.9601947168908085,4.949960196898688,5.007191178685859,1,1,1,0.0015940335766248279
20020731-nyt_47083_47129,We also agree that the law needs streamlining.,3.0,3.4,3.4,3.0,3.4,3.2,4.987625105096661,4.96476340021003,5.037397921924185,1,1,1,0.0016576415264122925,5.008936396519278,4.967083094028694,5.04312421195217,1,1,1,0.001625388305453232,4.9776635373584295,4.996540365350835,5.04596659340875,1,1,1,0.0016611804123242264
20020731-nyt_6466_6481,"""poor judgment""",2.6,2.8,2.8,2.2,2.8,2.6,4.936709415131522,4.9259440705385895,5.007651214719607,1,1,1,0.0015850072130651415,4.976000531990568,4.931022215936276,5.009944828552624,1,1,1,0.0015699268955525407,4.953873351879599,4.957584315848338,5.013839508620994,1,1,1,0.001577664219204218
20020731-nyt_6958_7157,"Finally, the committee appeared to have discounted Torricelli's contention that he was not responsible for expensive earrings that Chang had given as Christmas gifts to his sister, Stern and Balaban.",3.0,3.0,3.0,3.2,3.0,3.0,4.970230975675107,4.975697403639332,5.005794082541772,1,1,1,0.001549225307062418,4.986264188675879,4.973198824593037,5.007882428338538,1,1,1,0.001553835001395144,4.970174158244524,4.984403907993888,5.0127466756038785,1,1,1,0.0015742312945286293
20020731-nyt_7755_8095,"The analysis, which was assembled from banking and credit records, income-tax returns and congressional financial-disclosure forms, showed by March of 1998, Torricelli's cash expenditures were more than $22,000 in excess of the cash he had generated from checks and automatic-teller machines, an official who has reviewed the document said.",3.0,2.8,3.2,3.0,3.2,3.0,4.965700040366409,4.971550628074683,5.019702759378655,1,1,1,0.001555513529789031,4.969629943462497,4.977458518250773,5.024934071666646,1,1,1,0.0015631928905884278,4.957983987990932,4.965002986811786,5.025732523700167,1,1,1,0.0015646303347146102
20020731-nyt_8899_8997,"Pascoe said, ""Only then will New Jersey voters be able to decide Torricelli's fitness for office.""",3.25,3.0,2.75,3.0,3.0,3.0,4.9839198591468,4.983864898288051,5.032887067755274,1,1,1,0.0015640454097532583,4.998346520875822,4.994949102224536,5.032435448733728,1,1,1,0.0015761132336315437,4.968607930475123,4.998445851203568,5.040213544445528,1,1,1,0.001575570530700438
602CZL285_1921_1931,Enclosures,3.0,2.5,3.0,3.0,3.0,3.33,4.975939471991538,4.991137469349964,5.028899155574859,1,1,1,0.0015912684918819508,4.986549365579377,4.97971413969476,5.026033473599334,1,1,1,0.0015865296733530868,4.966857755325342,5.006241965413535,5.035203808984834,1,1,1,0.0015894912580627443
AMC2_2170_2286,Find a nearby hidden gem and start planning your next weekend or fam­ily vacation with all three superlative guides.,3.4,3.0,3.0,3.8,3.4,3.6,4.986619180472244,5.084841952196164,5.057512073601096,9,9,9,0.001605006894639799,4.992769334362865,5.081843138608303,5.060223085336787,9,9,9,0.0016118194463831685,4.965291909855377,5.093286268625851,5.060639618832045,9,9,9,0.0016096751868790908
AMC2_2598_2741,You can spend a lifetime in New York City and miss out on the remarkable abundance of green space throughout the metropolitan area.,2.8,3.0,3.2,2.4,3.2,3.0,4.9913912219042444,5.020548685799307,5.034454121055324,1,1,1,0.0016042981959870281,5.00394114731964,5.023833903709337,5.041471994836469,5,5,5,0.0016112652751105545,4.974346834602848,5.028112375549439,5.038272823067341,1,1,1,0.0016101869543899041
AMC2_2742_2859,And in New York state there are even more adventures—great paddling destinations from Long Island to the Adirondacks.,3.0,3.0,3.2,3.4,3.4,3.2,4.9975473739352765,5.070877000683025,5.0527904786393005,9,9,9,0.0015858484415025458,5.024425516827112,5.056183229965398,5.054022348127418,8,8,8,0.0015927620485043793,4.9764305059230445,5.064668894878405,5.05852001289823,1,1,1,0.0016104934891964598
A_defense_of_Michael_Moore_12046_12126,To say that they could not have done otherwise is a bold lie by Moore's critics.,2.8,3.2,3.2,2.4,3.0,3.2,4.963504981371209,5.030264656281666,5.02555144915484,1,1,1,0.0015817352727259574,4.986677553121534,5.0086651728083,5.0232119368662165,1,1,1,0.0015921095431305932,4.946244931996899,5.014228454822886,5.026937237337547,1,1,1,0.0016131784058952643
A_defense_of_Michael_Moore_12354_12467,"""Moore works by depriving you of context and guiding your mind to fill the vacuum -- with completely false ideas.",2.8,3.4,3.4,2.6,3.0,3.0,4.94333812756949,5.000917627095189,5.008893195834326,1,1,1,0.0015403823146871764,4.966677338744432,5.008961623722843,5.010183631999087,1,1,1,0.0015573335358983354,4.9552994658501675,5.006895724489755,5.022885699970951,1,1,1,0.0015764099112367087
A_defense_of_Michael_Moore_14246_14327,"a) Moore clearly states that ""before he came to Flint"", Heston gave an interview.",3.2,3.4,3.4,3.0,3.0,3.0,4.969488830623989,5.003138541178657,5.030008788143093,1,1,1,0.0015613664135806682,4.976809435422014,5.004552981024805,5.0276107399917285,1,1,1,0.0015636264175728394,4.960186843036898,5.012020607997551,5.0350671946599554,1,1,1,0.0016005647407398
A_defense_of_Michael_Moore_16580_17247,"After the Flint rally comes a brief TV interview with Heston, where he is asked about Kayla Rolland (again, clear evidence that the local media in Flint raised questions about the NRA's presence), then an inteview with country prosecutor Arthur Busch, entirely ignored by critics of the film, who also mentions Heston's presence as notable, and refers to the immediate reactions of ""people from all over America"", gun owners/groups who, according to him, reacted aggressively to warnings of having guns accessible to children, much like spanking advocates react aggressively when anti-spankers point to a case of a child being killed or severely injured by a beating.",2.8,3.2,3.4,1.8,3.6,3.0,4.9736521968199785,5.000673163325965,5.014634349422685,1,1,1,0.0015834108362803249,4.9799474610095285,5.007234888730595,5.016924268305556,1,1,1,0.0015782275274985244,4.962446517995359,5.002420657923138,5.02034513870852,1,1,1,0.001565357400008135
A_defense_of_Michael_Moore_20281_20375,"In poor areas, the highly profitable drug business obviously is often seen as the last resort.",2.4,2.8,2.6,2.6,3.2,2.8,4.939523649154348,5.012975113190217,5.019965381422421,1,1,1,0.0015556773890635755,4.9702184416315225,5.019262109772013,5.02448737611388,1,1,1,0.0015594443846326611,4.9437283697664,5.00678935219541,5.019937050535413,1,1,1,0.0015820810859876358
A_defense_of_Michael_Moore_22605_22678,Never mind that the Taliban continued selling opium in spite of the deal.,2.8,3.2,3.0,3.0,3.0,3.5,4.959911772832111,4.982513939570788,5.007324795979558,1,1,1,0.001547909394266973,4.9824568228797474,4.984758673438375,5.0128406461351585,1,1,1,0.0015556014441607076,4.964930163076025,4.982062225052457,5.015062299597656,1,1,1,0.001568510357416121
A_defense_of_Michael_Moore_22780_22883,"Statistics are Moore's weakest point, and it is surprising that his critics don't dwell on them longer.",2.8,2.6,3.2,3.0,3.0,3.0,4.944029184065615,4.962208031255711,5.011018420679432,1,1,1,0.001584515338737685,4.973399612608117,4.961595360078641,5.013723143547813,1,1,1,0.0015782356200419211,4.930845570598709,4.965926891435213,5.009666052367589,1,1,1,0.0015987965328550726
A_defense_of_Michael_Moore_22884_23058,That's because they know all too well that Moore is correct: The United States have a far greater homicide rate (both gun- and non-gun) than most other first world countries.,2.6,3.0,3.0,2.4,3.2,3.0,4.974052623897232,4.988812734832424,5.027908297654616,1,1,1,0.0015711664247763542,4.988444239371581,4.994458055236517,5.031755517514224,1,1,1,0.0015667174279886816,4.974241261590944,4.983557211024741,5.023874693170965,1,1,1,0.0015780614532192835
A_defense_of_Michael_Moore_25020_25089,"""That's right. I could buy as much ammunition as I wanted, in Canada.",3.2,3.4,3.2,3.4,3.0,3.6,4.976780735914746,5.0039442781486,5.025714256808124,1,1,1,0.0015712024479070013,4.998325328455454,4.997977170640514,5.024647841318636,1,1,1,0.0015856859814039692,4.982364560157526,4.996467197724066,5.0312632482084645,1,1,1,0.0015944125738407
A_defense_of_Michael_Moore_25366_25494,"If Moore simply chose not to show how he revealed his identification to the salesperson, there is nothing fraudulent about that.",3.0,3.2,3.2,3.0,3.4,3.0,4.997705286530062,4.978454546281837,5.0326313761330015,1,1,1,0.0016019098626822584,5.012604283676491,4.960665486156757,5.02865398328133,1,1,1,0.001609176898927497,4.968059980067153,4.989264160055919,5.037750672468714,1,1,1,0.0016052596436914213
A_defense_of_Michael_Moore_2589_2742,"Similarly, the main motivation for the crusades (beyond the promise of wealth) was that Christians were supposedly being slaughtered and had to be saved.",2.33,3.5,3.17,2.4,3.0,2.8,4.962136571907564,5.015606687736593,5.02506330812528,1,1,1,0.001579115904647634,4.9712273350925145,5.012201803015704,5.029780286822705,1,1,1,0.0015836034342403614,4.953482375392546,5.016312945684897,5.031980160553601,1,1,1,0.001587793101939418
A_defense_of_Michael_Moore_28503_28678,"His next project has the working title ""Fahrenheit 9/11: The temperature at which freedom burns"", and he intends to launch it shortly before the next US presidential election.",3.0,2.75,3.25,3.2,3.4,3.2,4.997543958050207,5.032339468064185,5.03413971897321,1,1,1,0.0015361611460789056,4.994965861938442,5.022071313065217,5.032438495038361,1,1,1,0.0015516952135925127,4.9748558245917955,5.029404982542735,5.033990329001897,1,1,1,0.0015485808268890942
A_defense_of_Michael_Moore_28769_28897,"After all, the same kind of PR blitz was started against the previous record-holding documentary: ""Roger & Me"" by Michael Moore.",2.8,2.6,3.0,3.0,2.75,3.0,4.994668608163048,5.03258670697428,5.03996982630886,1,1,1,0.0015601852326277562,5.009485373466402,5.0235926125438635,5.044139873706923,1,1,1,0.0015898019452216048,4.9799457710986035,5.027940274536604,5.0424453590357174,1,1,1,0.0015998490112509583
A_defense_of_Michael_Moore_28930_28964,This text is in the public domain.,3.0,2.6,3.0,3.0,2.6,2.6,4.997840932375686,4.983562610055722,5.032154670752554,1,1,1,0.0016240726629219828,5.006531175742113,4.994387511066428,5.026524376459219,1,1,1,0.0016818468655734609,4.976809967025322,5.003263852214875,5.039258295302023,1,1,1,0.0016370212583575294
A_defense_of_Michael_Moore_5050_5125,It is no more so than any other successful documentary of the last decades.,3.0,2.6,2.8,3.0,2.6,3.0,4.983624334557716,4.999491560688981,5.0456516547083705,1,1,1,0.0016563773673764946,5.016590724967649,4.9869560634383525,5.047434759151875,1,1,1,0.0016577587669659734,4.984902423747429,5.002002397767518,5.051479844653374,1,1,1,0.0016727845374373055
A_defense_of_Michael_Moore_5491_5647,"In an interview with the Wall Street Journal, linked from your site, an employee claims that the gun would have been ""normally"" picked up at another dealer.",3.2,3.2,3.2,2.8,3.0,3.2,4.965315743597921,4.991322494942576,5.02149396097307,1,1,1,0.0015546895241105145,4.9642930054969545,4.98925198484978,5.022565000043184,1,1,1,0.0015560514633838655,4.936581893284064,5.000716105295528,5.031190178843577,1,1,1,0.0015612926671111492
A_defense_of_Michael_Moore_6357_6417,There is nothing inaccurate whatsoever about the bank scene.,3.0,3.0,3.0,3.0,3.0,3.33,5.03758757652554,4.994995815500806,5.030935359278743,1,1,1,0.0016431819819871648,5.042124427165129,4.988185806574217,5.030851558287206,1,1,1,0.0016281636681755585,5.000195610611726,5.017275247130547,5.041928935599815,1,1,1,0.001643321920954
A_defense_of_Michael_Moore_6805_6892,"This is perhaps the criticism repeated the most often, and it also the most inaccurate.",2.8,3.0,3.0,3.0,3.0,3.0,4.969796958287901,5.008942530796309,5.033110758310742,1,1,1,0.0016300172701230445,4.999974613314059,4.995121213615971,5.030494807784927,1,1,1,0.0016569347369104006,4.959447274498771,4.995414696964035,5.0285064275777245,1,1,1,0.0016534955486928547
A_defense_of_Michael_Moore_6893_6965,"First, the actual quotes from the film are often reproduced incorrectly.",2.75,3.0,3.0,2.4,2.8,2.4,4.98947114293841,4.9887991125850535,5.011746135955761,1,1,1,0.00156112835990334,4.997133607391945,4.9866921553575185,5.0059201962896624,1,1,1,0.0015620643761689534,4.967989470060578,4.9948204934209945,5.030595395744866,1,1,1,0.0015822760161711838
A_defense_of_Michael_Moore_7288_7473,"""I guess I don't see that specific connection because the missiles that you're talking about were built and designed to defend us from somebody else who would be aggressors against us.""",2.4,3.4,3.4,2.8,3.4,3.0,4.977809799916417,4.961128548817138,5.0216003211979485,1,1,1,0.0015794909854523343,4.98023286261628,4.966946284389925,5.027857629090425,1,1,1,0.0016029816402668763,4.965400029445908,4.98458694240751,5.027041051953832,1,1,1,0.0015749156716753638
A_defense_of_Michael_Moore_7523_7651,"Moore is not from Colorado -- his question is generic, not meant to refer specifically to the Lockheed Martin plant in question.",2.75,2.75,3.5,3.0,2.75,3.25,4.963249896978884,4.941978844966417,5.004457751835388,1,1,1,0.0015974479363362894,4.985075016619852,4.921049914107275,5.0004756030959845,1,1,1,0.00158062406012586,4.953551792343029,4.939245981879756,5.0114974858349814,1,1,1,0.0016021943302792943
A_defense_of_Michael_Moore_7757_7888,"However, critics of Moore have cleverly ignored McCollum's response and presented Moore as spreading lies about the Lockheed plant.",3.0,2.8,3.2,2.4,3.2,3.4,4.962596882850029,4.990510312353465,5.011590693816997,1,1,1,0.001558868654015099,4.988497055792816,4.9735674989213186,5.009931956231401,1,1,1,0.0015712547219438133,4.957558091783058,4.988110704199774,5.020181807416671,1,1,1,0.0015808082931119826
A_defense_of_Michael_Moore_9773_10025,"The ""visual of a billboard and a narration"" is viewed by you as evidence that Moore is trying to somehow tie the two events together, when in reality, it is quite obvious that he does it to separate the introduction of Heston from his speech in Denver.",2.75,3.0,3.25,3.0,2.5,3.0,4.962909875016846,4.98714984737866,5.011773773236394,1,1,1,0.0015453674231364176,4.973106127779432,4.987653224944315,5.014695807989137,1,1,1,0.0015664618643512753,4.953748340976349,4.995437011690724,5.01968767099171,1,1,1,0.0015670906038244958
Acephalous-Cant-believe_1410_1424,I should know.,3.0,3.0,3.2,3.0,3.0,3.0,4.982529590327544,5.007794228215335,5.036183075387495,1,1,1,0.0016068860878655808,5.003309557659961,4.995534322415942,5.035656538810627,1,1,1,0.0016158963666704099,4.968537834573134,5.017794465014549,5.043015132084479,1,1,1,0.001623377094083927
Acephalous-Cant-believe_1575_1667,Just saying....it seems I have more life now then you have and we know how little I get out!,2.6,3.8,3.6,2.6,2.8,3.2,4.948354807912563,5.006622009767314,5.019723448849691,1,1,1,0.001561273468109851,4.952009322152351,5.020151130909998,5.020193003737518,1,1,1,0.0015646060108532674,4.956116710503597,5.033837333757582,5.029237110896625,1,1,1,0.0015688181883431846
Acephalous-Cant-believe_3023_3152,"I don't remember if you've made noises here before about turning these into a book, but if you do you've got at least one reader.",3.4,3.4,3.6,3.2,3.2,2.8,5.013149199671441,5.001968246432336,5.035647179941188,1,1,1,0.0016052609350524348,5.032303311178464,4.987369557995622,5.039841387625076,1,1,1,0.0016166283330576903,4.993961967350886,5.00784759739585,5.041458727647225,1,1,1,0.0016000176739635352
Acephalous-Cant-believe_819_984,"It may also be that I remember the scene of their writing, which would have been in the old apartment, i.e. the place I barely remember ever having lived in anymore.",3.0,3.0,2.8,3.0,3.0,3.0,4.991373250193514,4.965275629886501,5.00882956487297,1,1,1,0.0015958960507983014,4.986476059547149,4.9717045795093044,5.0087344038377495,1,1,1,0.00159021630762628,4.975325330148383,4.989870758748314,5.014867435789759,1,1,1,0.0015820412793708422
Acephalous-Cant-believe_986_1160,"If you have absolutely nothing better to do on a Friday night, feel free to scan through my 2009 archives and tell me what you think should be included in the ""Best of"" post.",3.0,3.2,3.2,3.0,3.0,3.2,4.983233605425259,5.033924089032302,5.034568239940347,1,1,1,0.0016059097442818711,4.9940163886022635,5.01693114578058,5.037018499405464,1,1,1,0.0015873463250818559,4.978207577283875,5.040169078437398,5.04926570948321,1,1,1,0.0016035537109100853
Acephalous-Internet_1659_1776,That I can access detailed information about events I have no right remembering in detail is another matter entirely.,2.8,3.0,3.4,3.4,3.4,3.2,4.957005746128203,4.977225520631224,5.012491020308079,1,1,1,0.0015944167280645286,4.969495297290071,4.980079971604194,5.0128467044969875,1,1,1,0.0015896599056100446,4.954121374251865,4.983563316810603,5.012607493375219,1,1,1,0.0016010215990575366
Acephalous-Internet_2235_2298,"I remember him being ineffective, and as it turns out, he was .",2.6,3.0,3.2,2.8,3.0,3.0,4.93504319360922,4.985825840223961,5.014577416029874,1,1,1,0.001570443241452819,4.954595359921623,4.980290577923304,5.012663771158188,1,1,1,0.0015922531371866378,4.948431293869272,4.986917459604621,5.015342521556937,1,1,1,0.0015848211196547951
Acephalous-Internet_2299_2485,"Now that I remember him, which I didn't before, I remember him as being the pitcher who'd pitched for 1) the team the Mets faced to get to the '86 Series and 2) the one they faced in it.",3.0,3.0,3.2,3.0,3.0,3.0,4.983832529845295,4.977119768917593,5.029628010920728,1,1,1,0.0015812665581164944,5.009492411955766,4.973717305085515,5.030424606860231,1,1,1,0.0015947220402727279,4.974548196273025,4.996877361998334,5.034748092658879,1,1,1,0.0015931894684112244
Acephalous-Internet_3515_3545,But burned out toward the end.,2.4,2.4,2.8,2.8,2.8,2.8,4.946672423135061,4.97598553409909,5.015807632811882,1,1,1,0.0015757221737323819,4.970647083883923,4.9767696122186775,5.015470023260248,1,1,1,0.0015577805465294167,4.953977515068982,4.993741415193931,5.0190143640399745,1,1,1,0.001558481019467795
Acephalous-Internet_3830_3982,"Having given up on watching the actual sport, mention of baseball now only sparks memories of The Old Man and the Sea and the old time baseball writers.",3.0,3.2,3.0,3.2,2.6,3.0,4.9871627606532165,4.969382212667833,5.009332400129651,1,1,1,0.001561053754965693,5.008796874490924,4.960580473783425,5.006981955199258,1,1,1,0.0015777261992663692,4.976157775117174,4.971980948620141,5.012177764760398,1,1,1,0.001587599559343111
Ant_Robot_10575_10869,"Ants themselves rely primarily on chemical information taken in through their antennae, and to mimic this, Antie will have chemical sensing and emitting “stalks” with which to both interact with other ants (who may be surprised to find an ant without antennae) and take in chemical information.",3.0,3.2,3.0,3.0,3.0,3.0,4.977839080390049,4.986504473072458,5.029508641792316,1,1,1,0.001605652282404164,4.971423668526335,4.99602673396436,5.033519815302412,1,1,1,0.0015995936263822298,4.949645401433852,4.994111678389691,5.037398283443238,1,1,1,0.0016073141392260767
Ant_Robot_1140_1262,Such a robot would allow for both long-term studies of ant-robot interactions and studies of task-switching in the robots.,3.0,3.2,3.0,3.67,3.0,3.0,5.010412622304813,4.99414480148056,5.037782199459947,1,1,1,0.0016185533169024036,5.039902878414662,4.987627613427868,5.040182119934112,1,1,1,0.0016138525451182232,4.984054047857595,5.000151864116059,5.045278097915228,1,1,1,0.0016270619176457354
Ant_Robot_11943_12301,"Returning successful patrollers have an even greater effect on foraging activity: foragers will not leave the nest unless a patroller returns (Gordon, 2002), and the rate of foraging in a colony can be controlled by rolling glass beads coated with cuticular hydrocarbons extracted from patrollers into the nest (Gordon & Greene, 2003; Greene & Gordon, 2007).",3.0,3.0,3.2,3.5,2.5,3.5,4.972392569407706,4.987239457383755,5.032205880404411,1,1,1,0.001596008085625694,4.983439903486547,4.98520405094177,5.035633339080421,1,1,1,0.0016031306209785127,4.950108656019422,5.000854938778934,5.0464017407049795,1,1,1,0.0016155598431582595
Ant_Robot_12302_12451,"Midden seems to be marked in some olfactory way, since removing midden from nests makes them more likely to be invaded by other species (Gordon, 35).",2.83,2.83,3.17,2.8,3.0,3.0,4.97557085882545,4.921711362483008,5.013201235719449,1,1,1,0.0015862941335753498,4.98935703213047,4.9336303000659445,5.0176670633432146,1,1,1,0.001593187736166903,4.965662649010065,4.94317603557593,5.018687448196511,1,1,1,0.00159240581876661
Ant_Robot_12604_12740,"All of these chemical receptors will be arranged in an array on a pair of chemical stalks, with four of each type of receptor per stalk.",3.0,2.33,3.33,3.0,3.0,3.0,4.957705858749886,5.003195076789497,5.0231797012410375,1,1,1,0.0016125780837371337,4.970955681489196,5.006165316984321,5.028647972682318,1,1,1,0.0016109491904853928,4.946412001947303,5.012440994595451,5.030714582073161,1,1,1,0.0016039479092051965
Ant_Robot_18749_19096,"These will be located in different places: the sprayer for the successful patroller pheromone will be located on the rear at the base of Antie, corresponding to the glands that researchers believe the ants drag along behind them to mark returning paths, while the successful forager and cuticular hydrocarbon sprayers will be located on the skirt.",3.0,2.67,3.0,3.0,2.8,3.0,4.96829079092007,4.994342700501192,5.026507373006819,1,1,1,0.001576156148949035,4.9752447480534805,4.9981643327139516,5.027357162708867,1,1,1,0.001585351153521895,4.940657175061982,5.005937032561536,5.036622170157889,1,1,1,0.0015858732381600355
Ant_Robot_19422_19434,The Behavior,3.0,2.75,3.0,3.0,2.8,3.0,4.969583459240285,4.991042115146749,5.032375870287701,1,1,1,0.0015806530500507682,4.977443735456868,4.9853647195151325,5.033181548665479,1,1,1,0.0016053017946982193,4.954723481525347,5.010842725121025,5.039655122436524,1,1,1,0.0015926407611679303
Ant_Robot_2369_2473,Antie will be equipped to navigate in this environment and will be designed to find seeds in sandy soil.,3.0,3.0,3.2,3.0,3.0,3.2,4.972840196239413,4.9940792848410025,5.025855257104609,1,1,1,0.001577929037448259,4.975827249179321,5.004813422159427,5.027717791762312,1,1,1,0.0015594380685798658,4.959102719836368,5.012574446125738,5.028461247473819,1,1,1,0.0015793323335925567
Ant_Robot_25960_26089,"The orientation and distance should be calculable by the polarization pattern according to the system set up by Lambrinos, et al.",3.0,3.0,3.0,3.0,2.6,3.0,4.978016171117691,4.99708044373516,5.022475917774399,1,1,1,0.0015565615618596076,4.996057590330453,4.983631516524355,5.0229594168143095,1,1,1,0.001549277809660841,4.960302435086409,5.002059492000129,5.033314339824492,1,1,1,0.0015714132282294653
Ant_Robot_27478_27583,"In-nest navigation will be a function of the temperature, read by Antie’s thermometer and a light source.",3.2,3.0,3.2,3.2,2.8,2.8,4.963806108064166,4.970008570570263,5.012161906013487,1,1,1,0.0015733745847840105,4.969151257668148,4.978717481275833,5.013383545494691,1,1,1,0.0015555874263261254,4.946619717288323,4.991512454043819,5.025096291990585,1,1,1,0.0015693735315829233
Ant_Robot_32198_32401,"Antie will also need to follow several different kinds of chemical gradient trails: it will need to track the trails left by successful patrollers, and localize the source of food-odors and midden-odors.",3.2,3.2,3.2,3.0,2.8,3.2,4.9512612808652205,4.983256108236673,5.019746964187094,1,1,1,0.0015819815210046126,4.95773163827875,4.985686090754118,5.025226877976925,1,1,1,0.0015757650178800531,4.932050820853586,4.9878785662624345,5.02295736408581,1,1,1,0.0015709440997088444
Ant_Robot_34459_34606,"When both sonar sensors are stimulated simultaneously, Antie will check hydrocarbon inputs and determine whether the detected object is a nestmate.",3.0,3.0,3.0,3.0,3.0,3.0,4.96024520986292,4.985798930720955,5.01729473184101,1,1,1,0.00154752483518289,4.9800438559808455,4.987442662860412,5.023931153416168,1,1,1,0.0015382654161250097,4.954699780017876,4.990231353480713,5.026224163716551,1,1,1,0.0015515328558026542
Ant_Robot_39687_39828,"In order to perform both of these functions, Antie will need a subroutine to explore in a zig-zag fashion, as harvester ants do (Gordon, 34).",3.0,3.0,3.0,2.8,3.0,3.0,4.968005355668534,4.945275396223141,5.0103892754906205,1,1,1,0.0015717299459713314,4.973035312904386,4.956854881133577,5.014800437665499,1,1,1,0.0015542032075317213,4.9595861568708965,4.964877467965602,5.017420389699015,1,1,1,0.0015538488562909863
Ant_Robot_50291_50564,"Workers probably switch to patrolling based on their perceived life expectancy and as a function of a gene whose expression changes between young and old ants, and this is easily emulated using a clock pulse counter in Antie’s CPU that will count its “age” since last boot.",3.0,2.8,2.8,3.0,3.0,3.0,4.95070492821754,4.98908978975178,5.017319129813284,1,1,1,0.0015641042234733242,4.963450200179143,4.994298614831754,5.0233074898780785,1,1,1,0.0015621091248851937,4.932387304606273,4.993877754211045,5.027582797532922,1,1,1,0.0015803381490053043
Ant_Robot_8373_8595,"The sonar will constantly be detecting nearby objects and initiate an escape maneuver when their inputs pass a certain threshold of stimulation, and the bump sensors will, when depressed, also initiate the escape function.",3.0,3.0,3.0,3.0,3.6,3.2,4.9539766853615195,4.996037469898495,5.012262539914907,1,1,1,0.0015829821163034585,4.971854608529438,4.995723234990406,5.020942365091624,1,1,1,0.0015808383186865236,4.948181103164732,5.005521705790752,5.0208894820071475,1,1,1,0.0015694539306559691
Ant_Robot_9255_9487,"Antie would use a system for processing the input from its polarization compass based on the compass designed by Lambrinos, Moller, Labhart, Pfeifer and Wehner in 2000, consisting of two photodiodes with blue filters and polarizers.",3.0,2.67,3.0,3.0,2.8,3.2,4.956783902596705,4.9883840972594875,5.021023149081792,1,1,1,0.001534332688739926,4.958162363209995,4.98624676426975,5.027360161100479,1,1,1,0.001534560737020112,4.935021716646242,4.995263481389157,5.032027614135303,1,1,1,0.0015559917333697612
Ant_Robot_9496_9857,"The difference of their logarithmized signals would be returned to Antie, who will use a simultaneous model to navigate returns to the nest: Upon each exit from the nest, Antie will take a single 360o scan of the sky, and will orient itself according to an analytical procedure to derive compass information from different polarization patterns perceived later.",3.0,2.5,3.0,3.0,2.67,3.0,4.956328320918903,5.0020377761876045,5.018225640745285,1,1,1,0.0015464798817511117,4.965322781612098,5.006275269745022,5.02256545967742,1,1,1,0.0015456652948385977,4.937403534209464,5.014441666264389,5.029690979535038,1,1,1,0.0015626541302278976
Anti-Terrorist_1812_1901,"So the Bush administration can keep claiming that we are safer now, under their policies.",3.0,3.0,2.6,3.0,3.0,3.0,4.956248336496292,5.0070667323891485,5.018745205555688,1,1,1,0.0015496984160985477,4.975745620784701,4.999899832657528,5.0219006846427,1,1,1,0.001568242805574452,4.960966229389132,4.996995651160283,5.019270841935436,1,1,1,0.0015774226109330498
Anti-Terrorist_239_270,"BACKGROUND , September 11, 2004",3.0,3.2,3.0,3.0,3.0,3.0,4.975896383727412,5.016540851102141,5.033302366124636,1,1,1,0.0015809847329016865,4.980883211752907,5.021639331119535,5.036547975802467,1,1,1,0.0015843258658299981,4.971667599378269,5.016047642636263,5.042642329093626,1,1,1,0.00159616973745776
Anti-Terrorist_2830_2852,NEUTRALIZING TERRORISM,2.4,3.6,3.6,3.2,3.2,3.2,5.017318363012593,4.947773937915251,5.021965012921818,1,1,1,0.0017682504482299645,5.024492524387258,4.949457293451807,5.021958505444952,1,1,1,0.001767688121524132,5.020532488367109,4.954110283862084,5.026544031199828,1,1,1,0.0017522421348515253
Anti-Terrorist_4031_4279,"Beyond these two sources, there is virtually no terrorist activity in the world, with the possible exception of localized disputes such as in Northern Ireland and occasional domestic episodes in various places involving isolated disaffected groups.",3.0,3.2,3.2,2.86,2.86,2.71,4.983563989499121,4.938835474607232,5.004071236775747,1,1,1,0.0016212236690797217,5.00380644384639,4.919708039657651,5.00596225430062,1,1,1,0.0016234040643688249,4.986959520342494,4.9370723099516765,5.007208812659703,1,1,1,0.0016413853445782242
Anti-Terrorist_532_697,"Before 9/11, terrorism was confined to a small number of extremist individuals, loosely linked by radical Islam and hatred of Israel and its sole supporter, the USA.",3.0,3.0,2.8,2.8,3.2,3.2,4.991994880574969,4.973734010083502,5.015073073797909,1,1,1,0.001593021867620836,5.002722324284303,4.97390090611177,5.015855305144484,1,1,1,0.0015779299780957655,4.984566859877193,4.978212210016295,5.02015950073769,1,1,1,0.001620929753650793
Bartok_1060_1087,Harmonic Structure and Form,3.2,2.6,3.0,3.2,2.8,2.8,4.998717469856002,4.998368559000812,5.045000373359376,1,1,1,0.001606546803681911,5.011351289028578,4.994263407562855,5.046845074835205,1,1,1,0.001624209525769348,4.980211951680388,5.013313165429613,5.049816948468713,1,1,1,0.0016142092402399203
Bartok_11929_12054,"As Example 10 shows, the chords are more-or-less in duple meter (4/8 and 2/8) with one “hiccup” occurring in the 5/8 measure.",3.0,3.0,3.0,3.2,2.8,2.8,4.987667647124054,4.9576361067542125,5.0301930545635285,1,1,1,0.0015949434285226357,5.002757697001012,4.951412032223792,5.030211124690336,1,1,1,0.0015768897727683408,4.964645590889256,4.970611956997483,5.035949021619168,1,1,1,0.0015846474221766014
Bartok_13452_13591,"Note that the initial G♯ is a pickup to the section in C♯, which fills in the whole-tone descent from E♭ to C♯ with the intervening fourth.",3.0,2.67,3.0,3.0,3.0,3.0,5.00023211455871,4.972155757465596,5.029581060376067,1,1,1,0.0015467488463082567,4.992034143506114,4.9665306581011315,5.028391088020334,1,1,1,0.001554677547557826,4.974497488271918,4.988660404399907,5.0361401778453025,1,1,1,0.001540100600740217
Bartok_14380_14467,"E♭, furthermore, is not convincingly established as a dominant-functioning tone at all.",2.8,3.4,3.0,3.0,3.0,3.0,4.991304578109534,4.94070567539144,4.992484066157812,1,1,1,0.0015723641007433433,5.013013797959332,4.939879020284058,4.99265758286414,1,1,1,0.001556193371897587,4.991057481429899,4.940447122175906,4.997566119618156,1,1,1,0.0015795934754738133
Bartok_15999_16176,"Hence, measures 155-210 constitute the bass progression B-E♭-D♭-B; the same stepwise descent (E♭-D♭) occurred in the first theme group while F rather than B was being prolonged.",3.0,2.4,3.4,3.0,2.8,3.0,5.002417542788072,4.971307625258504,5.030557227886819,1,1,1,0.0015826186122510208,5.015918157775527,4.9663158218273615,5.030183844987141,1,1,1,0.0015674056714525962,4.976557169656545,4.979332108700028,5.035185953403243,1,1,1,0.0015819558089604018
Bartok_17358_17446,"“a transformation in rhythm and contour of the second head-motive of [the first-theme],”",3.0,3.0,3.0,3.0,2.33,3.0,4.980779865253648,5.006419580532759,5.043339138627171,1,1,1,0.0015336362080324206,4.988695798301088,5.0156728195789935,5.039003400793384,1,1,1,0.0015118518086894629,4.955655928872068,5.021110473062437,5.04751639265046,1,1,1,0.0015242522122950353
Bartok_17465_17477,"Wilson, 182.",3.0,3.0,3.0,3.0,2.8,3.0,4.995849860813895,4.963444524069915,5.026173586668939,1,1,1,0.0015722726626474321,5.008619998335224,4.961525515835152,5.022551461132744,1,1,1,0.0015738051660470825,4.973944504168334,4.995164475227005,5.036507526117747,1,1,1,0.0015659401448233914
Bartok_18730_18809,The second section of the development is in C♯ (which is sometimes spelled D♭).,3.0,2.8,3.0,2.8,2.4,2.6,4.981905612663072,4.975481289828995,5.037755365539888,1,1,1,0.0015552225736892706,4.995715072753155,4.9705251526825425,5.034515176103444,1,1,1,0.0015480826544225534,4.959925360824133,4.988276295272893,5.041702721000843,1,1,1,0.0015531374400987157
Bartok_18997_19170,"Although the C♯ major chord in measure 293, preceded by A♭ major (V) in measure 285, suggests C♯ as tonal center, the tonality is not strongly established until measure 303.",3.0,3.25,3.5,3.0,3.0,3.2,5.014449824608587,4.9704001703314376,5.030779882324659,1,1,1,0.0015909167778585362,5.037206342455226,4.9617582982122155,5.030334831698372,1,1,1,0.0015696903432026732,4.990296400933271,4.986998854971194,5.035704257084503,1,1,1,0.0015776144064267804
Bartok_20117_20365,"The third section of the development takes the trombone motive from the transition between the first and second sections of the exposition shown in Example 12, transposed to begin on F, and turns it into a fugato sequence, reproduced in Example 17.",3.0,3.2,3.2,3.0,3.0,3.33,4.988714732053782,4.999843424688696,5.044454123095504,1,1,1,0.0015851555863224545,5.001533805344156,5.000900426859312,5.045314983261527,1,1,1,0.001590532698245,4.970203420052803,5.015835161395813,5.054360220431031,1,1,1,0.0015907309068098814
Bartok_23488_23626,"In the recapitulation of this theme, shown in Example 19, the first chord is an F-major chord, and the A♭ is replaced by A♮ in the melody.",3.0,2.83,3.0,2.8,2.8,3.4,5.007141251581119,4.96783830505972,5.033325632250003,1,1,1,0.0015795977486130284,5.0148913012777925,4.9721470062980355,5.037659710411628,1,1,1,0.0015963414248239655,4.981113817781781,4.993972271907817,5.0437136861339535,1,1,1,0.001593213516370386
Bartok_2666_2761,"The abbreviations FTG and STG stand for First Theme Group and Second Theme Group, respectively.",3.0,3.0,3.0,3.0,2.6,3.0,4.974636746410791,4.999317040243021,5.033316864946396,1,1,1,0.0015392987762127147,4.978976657550172,4.989937035533641,5.02594262756689,1,1,1,0.001551888355577494,4.9605347516608775,5.007747360266438,5.037605525134921,1,1,1,0.0015412032812264108
Bartok_2957_3173,"While “tonality” in this piece (and in Bartók’s music in general) is quite different from its classical interpretation, we find that the harmonic structure is at least analogous to the standard sonata-form structure.",3.2,3.0,3.0,3.0,2.6,3.0,5.0116553356893965,4.972006669913209,5.049064582761084,1,1,1,0.0016101184441048657,5.023953403540986,4.9700888809397785,5.047559819302788,1,1,1,0.0016331491336036294,4.98441089690294,4.985680078104125,5.050251664516955,1,1,1,0.0016263325579844794
Bartok_4414_4598,"Bartók has often applied a tonic-dominant relationship to a pitch-class and its tritone partner, and even admits to using that as a compositional framework in his fifth string quartet.",2.8,2.8,3.2,3.0,3.0,3.0,5.000555537899829,4.979718951610014,5.036587744302883,1,1,1,0.0016092866508038057,5.009450608399992,4.97762965575752,5.040880058353357,1,1,1,0.001586692577480081,4.985792343259087,4.986669702916164,5.040549371681486,1,1,1,0.0015957037813642844
Bartok_5742_6025,"The Introduction does not relate thematically to any of the main sections of the movement—in fact, it is the third movement that draws its thematic material from this section—but the harmonic and motivic principles at play here foreshadow some important elements of the entire piece.",3.0,2.8,3.0,3.0,3.2,3.0,4.982337147560104,4.979806066989093,5.042908042550465,1,1,1,0.0015788901001486213,5.000750975788282,4.984693455313947,5.044744301867505,1,1,1,0.0015966632193851198,4.976545362539803,4.985708854058499,5.0520501483546045,1,1,1,0.0015959823509462917
Bartok_6177_6348,"The pentatonic set here is exclusively a pitch-class set, and its incarnations throughout the movement are devoid of any connotations associated with the pentatonic scale.",3.0,3.0,3.2,3.0,2.8,3.0,4.995155873633426,4.920925656737227,5.0033328830896835,1,1,1,0.0016146779914403596,5.013944974016082,4.914471951725549,5.006092689527339,1,1,1,0.0016173222207191771,4.97573375171204,4.932172666185464,5.007665381132567,1,1,1,0.0016289425531469275
Bartok_7330_7450,Example 5 shows the true dominance of the perfect fourth; the set created is a ten-note set derived by stacking fourths.,2.8,3.2,3.0,3.0,2.6,2.8,4.970089780610234,4.990531356760922,5.043818770527685,1,1,1,0.0016301799549909017,4.999448277451209,4.981694673649072,5.042029450389846,1,1,1,0.0015870891292876863,4.963819450493151,5.002461491737632,5.054153890405608,1,1,1,0.0016106259881527353
Bartok_7469_7600,If we begin from the final D♯ and ascend the circle of fourths until we reach C we obtain the entire set presented in this example.,3.0,3.0,3.2,3.0,3.0,3.0,5.012700357680481,4.966317487873593,5.026169697774494,1,1,1,0.0016031764490662915,5.032114588761024,4.954102526753279,5.030218107935136,1,1,1,0.0015925042410912436,4.984084915190977,4.981382847206111,5.03671277350533,1,1,1,0.0016141526058908613
Black_and_white_1115_1256,What exactly is the debate between colorlessness vs color and more specifically can black and white be considered non-colors?,3.0,3.0,3.0,2.8,3.2,3.0,4.997375705323253,4.9775612870820245,5.032520034340678,1,1,1,0.0016158122406700487,5.007885223108751,4.9837598141060155,5.030396154923852,1,1,1,0.0015993196843397109,4.980394503517235,4.983823130995981,5.034324258770288,1,1,1,0.0016133894887729627
Black_and_white_14360_14587,"Wearing black and white also marked the distinction of labor between men and women and in a highly rigid and segmented society, the wearing of different colors seemed the most obvious way to do so.",3.0,2.6,3.2,2.8,3.2,3.0,4.964961873627073,4.963997088737936,5.012833530983868,1,1,1,0.0015736412690819522,4.99076546682331,4.963869893036547,5.020920210201473,1,1,1,0.001597986301514681,4.969481318655615,4.970043730124839,5.018585641261902,1,1,1,0.0015856499328068508
Black_and_white_15104_15300,"Above all, it is believed that the expanse of literacy and the printed word, mainly the newspaper, had a profound effect in influencing the choice of black and white.",3.33,3.33,3.33,3.33,3.33,3.67,4.992057350611689,5.002317657137877,5.029256775063155,1,1,1,0.0015676297628899258,4.991595431243789,5.006570017443895,5.030462051385302,1,1,1,0.001583128173778256,4.964262443652956,5.0064750986021185,5.032108066726423,1,1,1,0.0015984268165599494
Black_and_white_16503_16663,The explosion of mass production and printing allowed for a plethora of colorful advertising and consumer goods which came to be known as kitsch.,3.25,3.25,3.25,3.4,3.4,3.2,4.966460836500907,5.01362125124023,5.027105784835653,1,1,1,0.001571444218277948,4.987057753837194,5.017525182041036,5.028535332901155,1,1,1,0.0015789918148591253,4.957732128120082,5.018752996752578,5.033127383895673,1,1,1,0.001590334328393464
Black_and_white_17128_17323,"Greenberg continues by saying, “Kitsch, using for raw material the debased and academicized simulacra of genuine culture, welcomes and cultivates this insensibility.",3.0,2.75,3.25,3.0,2.5,3.0,4.985178626734255,4.987478141971532,5.018743590294427,1,1,1,0.0015682912792266857,4.995892174434592,4.99094992686024,5.016568891437381,1,1,1,0.0015699601437359318,4.994555040370088,4.990233378563456,5.020748959544169,1,1,1,0.0015925609324096807
Black_and_white_17551_17637,Kitsch is the epitome of all that is spurious in the life of our times.,2.8,3.0,3.2,3.0,3.0,3.2,4.967075439706911,4.983569619513906,5.011257285366357,1,1,1,0.0015542617598635186,4.982826094898632,4.999419220967288,5.016475711481741,1,1,1,0.0015575401292753416,4.9660062103958325,4.994365036597061,5.0117887833120225,1,1,1,0.0015977208833532226
Black_and_white_5448_5692,"“The predominance of color at the expense of drawing is a usurpation of the relative over the absolute, of fleeting appearance over permanent form, of physical impression over the empire of the soul”",3.0,2.5,3.25,2.8,3.2,3.4,4.958912066856206,4.986097324321248,5.0209900825718785,1,1,1,0.0015489683452127138,4.982010043418173,4.982840760238047,5.021734094994129,1,1,1,0.0015520485351418725,4.961607295952621,4.988468236275432,5.017656128196417,1,1,1,0.0015661539523717525
Black_and_white_7328_7386,"It is neither grey white, nor vory white, but pure white.",3.0,3.0,3.0,3.0,2.6,3.0,5.001512039669635,4.9495446301236905,5.03159120524863,1,1,1,0.0016473540196606327,5.018234502104822,4.954769679834071,5.033911820128004,1,1,1,0.0016372531780899388,5.0014614867622615,4.962565194111653,5.038206631779259,1,1,1,0.0016591193434032727
Black_and_white_7585_7779,"We have superceded both the ‘brown’ of decadence and classiscm and the ‘blue’ of divisionism, the cult of the blue ky, the gods with green beards and the spectrum.",3.2,3.0,3.4,3.2,3.0,3.6,4.987157848916583,5.009593458570062,5.0211445862477975,1,1,1,0.0015920924044807035,4.999906637776833,5.002247748521164,5.0233383435781604,1,1,1,0.001603244367956746,4.97665234846751,5.010318396095175,5.024077024735286,1,1,1,0.0016090626075163064
Black_and_white_7791_7809,WHITE pure white.,3.0,3.33,3.33,2.8,3.0,2.8,4.9796118676970575,4.953007596879077,5.0130733279398445,1,1,1,0.0016526036384409504,5.000702165916305,4.945100861920534,5.010903527602779,1,1,1,0.0016242901696713258,4.980760739843037,4.970345574554257,5.023683932850923,1,1,1,0.0016551274286290068
Black_and_white_7845_7950,For these reasons black and white have been placed at the top of the hierarchy of colors.,3.0,3.0,3.0,3.2,2.8,3.2,4.9904448605800695,4.9803370055083995,5.0332883618735895,1,1,1,0.0015957789040503337,5.009907862497687,4.971053204763359,5.034823082890181,1,1,1,0.0016006689022728807,4.981959164008752,4.988896760695872,5.034454739446005,1,1,1,0.001613103889470517
Fermentation_Eminent-Domain_1064_1099,There are 13 AVAs in Sonoma County.,3.0,2.6,3.0,3.0,3.0,3.0,5.002598934798456,5.006945354562058,5.03460888694635,1,1,1,0.0015894022518965628,5.012796635430402,5.000898728537827,5.038491067978738,1,1,1,0.0015898765497387268,4.980890414049805,5.013049415709148,5.039124814089926,1,1,1,0.00159412355191573
Fermentation_Eminent-Domain_10827_11013,"In a way, all this tries to approach terroir from a slight distance; plus the historical distinctions between the two premium distinctive varietal regions, Napa county and Sonoma county.",3.0,3.0,3.0,2.5,2.5,3.5,4.984159349111514,4.982265563630088,5.035470466176024,1,1,1,0.0016111246531775934,5.009737537366407,4.971071985998683,5.03785310168564,1,1,1,0.0016082888476459279,4.981094325358053,4.983315799910278,5.033283353152585,1,1,1,0.0016164096635802045
Fermentation_Eminent-Domain_13150_13302,"Sonoma County, with roughly half of the wineries of Napa County, wins roughly twice as many gold medals in national and international wine competitions.",3.2,3.2,3.2,4.0,3.4,3.4,5.001519446494244,4.984746429200099,5.0451671541229395,1,1,1,0.0016320745817741938,5.026150473881888,4.958426168033466,5.049389157639414,1,1,1,0.0016272384317626279,4.98691291249987,4.971614231772747,5.048076512533575,1,1,1,0.0016513500824520057
Fermentation_Eminent-Domain_13690_13882,"I disagree, but I am eternally hopeful, optimistic that the Sonoma County Vintners will inject a little passion and not more of the same old staid and boring in their marketing communications.",3.0,3.0,3.33,3.2,3.2,2.8,4.969349256455726,5.01727798894388,5.038111218052775,1,1,1,0.0015631699092996168,4.986603875140423,4.997713831224315,5.043854437267262,1,1,1,0.0015757284047479671,4.969984158668072,5.0178674531615854,5.04167091966705,1,1,1,0.0015795855265877707
Fermentation_Eminent-Domain_2413_2562,"Honore Comfort, Executive Director of the Sonoma County Vintners Association and an outstanding representative for Sonoma County wines noted this: "".",3.0,2.5,3.0,3.2,3.0,3.2,4.9912960642591635,4.985944772672022,5.0317437745287705,1,1,1,0.001582058931201027,5.006237942069815,4.973990651293015,5.025497537285946,1,1,1,0.0015831576175767165,4.98114206904156,4.992612177563144,5.043297542162927,1,1,1,0.0015939868453103336
Fermentation_Eminent-Domain_2898_2968,"They point to the prestige that the ""Napa Valley"" designation carries.",3.0,2.6,3.0,3.33,3.33,3.33,4.967977553204037,4.982248171677136,5.027620812545654,1,1,1,0.0015823735463988784,4.990576656082667,4.98357994899886,5.034594159761646,1,1,1,0.001603126899717299,4.969088260809574,4.978969215040614,5.032116706064856,1,1,1,0.0016047835551274438
Fermentation_Eminent-Domain_3308_3492,"The vintners in Sonoma County simply can't make a case for ""Sonoma County"" having any meaning or for a region as vast as ""Sonoma County"" delivering any degree of quality to the grapes.",3.0,3.0,3.0,3.0,3.0,3.0,4.943861287060558,4.931806234309972,4.978806271569118,1,1,1,0.001577931334747359,4.9658970618834015,4.911302091686404,4.982623405475341,1,1,1,0.0016002895079033077,4.953447745430251,4.912663928115595,4.9761945400707575,1,1,1,0.0016209796112885782
Fermentation_Eminent-Domain_4679_4858,"It also is a 'social promotion' in the sense that great Sonoma wines that now are forced to use ""Sonoma County"" will be giving some of their credibility to their lesser neighbors.",2.8,3.0,3.2,3.4,3.4,3.4,4.97519734024032,5.002231488595954,5.030727693098702,1,1,1,0.0015557471736119537,4.9970130176304295,4.997002399667236,5.038405592808544,1,1,1,0.0015753603408893598,4.976990153081459,4.9970197968324985,5.03384686965361,1,1,1,0.001584143136689858
Fermentation_Eminent-Domain_5533_5650,"I completely agree with you when you state: ""Such an association will not be made with 'Sonoma County' wines...ever.""",3.0,3.0,3.4,2.6,3.0,3.4,4.976732530488152,4.9700754089114305,5.0074654894440265,1,1,1,0.0015824418596241388,4.992034043506267,4.950080311281797,5.006843899814822,1,1,1,0.001589632276212733,4.974354489081269,4.954281538769386,5.007856159451043,1,1,1,0.0016040671549207121
Fermentation_Eminent-Domain_97_347,"I was disappointed, though not surprised, to see that today a conjunctive labeling law dictating that ""Sonoma County"" be placed on every label on wines produced from grapes grown in Sonoma County was unanimously passed by the California Legislature .",2.6,3.2,2.8,2.6,3.0,3.0,4.916428100934098,4.965193794597279,5.0156963006086475,1,1,1,0.0015480136984997882,4.930924747320253,4.966977785914812,5.021537379389805,1,1,1,0.0015495415141071453,4.918913948356668,4.975071772612068,5.01023631937602,1,1,1,0.001563641069669945
Fermentation_HR5034_12069_12195,Tom said... Seems like some old geezers are filling their pockets with some major greenbacks getting this bill passed through.,3.0,3.0,3.0,2.2,3.2,2.6,4.964329929575381,5.015641938357318,5.008366062711692,1,1,1,0.0015594737627192669,4.9789646142320585,5.0176148148133395,5.010267154460783,1,1,1,0.0015360781031102774,4.9520272320812975,5.028099619159964,5.016082426340963,1,1,1,0.0015663834859932758
Fermentation_HR5034_12813_12937,"You do have a few valid points but they too may be predicated on false premise, I do not claim to be the all knowing expert.",3.0,3.0,3.0,2.6,3.6,2.6,4.964759968621465,4.951828971292604,5.02206120152398,1,1,1,0.0016490156611295948,4.984233032618098,4.938869350041596,5.025284172042658,1,1,1,0.0016321483981829588,4.963172415740708,4.96083828267713,5.027852436864162,1,1,1,0.0016438022811847421
Fermentation_HR5034_4427_4487,It does not preempt a state law that allows direct shipping.,2.8,2.6,3.0,2.8,3.0,3.0,4.967286360187199,4.981179208902194,5.0230732031326735,1,1,1,0.001601003698710838,4.9677116319656145,4.980842720475789,5.028977254384086,1,1,1,0.0015900359705483273,4.958465930544483,4.986583552765923,5.029349313744112,1,1,1,0.0016117539572764632
Fermentation_HR5034_6052_6086,"No it doesn't ""amend"" the faa act.",3.0,3.0,3.0,2.6,2.4,3.2,4.968677179728043,4.948513970094415,5.0021248405167436,1,1,1,0.0016115616885271204,4.985078573330507,4.929670809671514,5.00105520738425,1,1,1,0.0015907399372278074,4.971955010039544,4.9267132964342215,5.006945155181747,1,1,1,0.0016018259563577977
Fermentation_HR5034_6087_6112,It overrides it entirely.,2.8,3.0,3.0,2.8,3.0,3.0,4.972482538302802,5.024644393067602,5.024330364535222,1,1,1,0.0016019042978271778,4.981458310892293,5.026467292938431,5.02663921614618,1,1,1,0.0016044343781683051,4.957990443489796,5.0362310005223465,5.024562115495648,1,1,1,0.0015896182814242482
Fermentation_HR5034_7056_7188,"More importantly, the very language of H.R. 5034 gives states the explicit right to discriminate against out-of-state wine shippers.",2.4,3.0,3.0,2.8,3.0,3.4,4.945864220198543,4.99283015338097,5.008476420346521,1,1,1,0.0015578669236494056,4.954820606373834,4.989552356765861,5.012651271003303,1,1,1,0.0015745184431385907,4.941658364739123,4.992899189592276,5.013271799302252,1,1,1,0.0015770276139198925
HistoryLasVegas_10868_10955,"The El Rancho Vegas (1941) was the first, followed by the Last Frontier (1943).",3.0,3.0,3.0,3.0,2.6,2.8,4.966295098402199,4.990146892048424,5.02295240694187,1,1,1,0.0015946970379012587,4.998264225602272,4.9658952856516745,5.0167582505549575,1,1,1,0.0015961897603232588,4.973704498220718,4.9898609052584195,5.029586631095955,1,1,1,0.0016115244061139465
HistoryLasVegas_11247_11353,"When the Flamingo opened in December 1946, it did so with Hollywood flair and the new Vegas flash.",3.0,2.8,2.8,3.2,3.2,3.2,4.993541129522323,5.069474892499607,5.050723691078854,9,9,9,0.0015718088058620098,5.019996909198012,5.0588073934831375,5.049962532732285,9,9,9,0.001577462234875444,4.985518575840315,5.068852610524543,5.059091772355014,1,1,1,0.001592648242844992
HistoryLasVegas_14858_15018,"That, combined with the formation of the Nevada Gaming Control Board, would signal the beginning of the end for heavy mob influence in the city.",3.0,3.0,3.0,3.0,3.0,2.8,4.975273481832573,5.004787255889679,5.036503655465301,1,1,1,0.0015586107967435609,5.000601274219887,4.991640759943532,5.041214105699487,1,1,1,0.0015703067629163929,4.972817042149588,4.994478428903462,5.039022854996196,1,1,1,0.0015879964743244926
HistoryLasVegas_15240_15304,What was once a sure thing became much more competitive.,3.2,3.4,3.2,2.2,2.8,2.4,4.9582323470040475,5.03258259456085,5.028627878346839,1,1,1,0.0015979903624669777,4.975680522993358,5.03396733309504,5.033909122120506,1,1,1,0.001595106951291272,4.961386192481438,5.04296925065948,5.036070909035125,5,5,5,0.0016156118526797637
HistoryLasVegas_16025_16184,"This trend has led to many more demolitions, including the Dunes (replaced by Bellagio), Aladdin (the new Aladdin) and Sands (Venetian) hotels.",3.0,2.5,3.0,2.8,2.8,3.0,4.9782894767393016,5.009758877792504,5.025401025077551,1,1,1,0.0015718615148994166,4.995817796626204,5.00776392593882,5.032970571128333,1,1,1,0.001555189958547782,4.978379945524768,4.998516185286092,5.025470577539305,1,1,1,0.0015765617816901197
HistoryLasVegas_17793_17932,"Over 20,000 additional hotel rooms have been added in a few short years, including resorts in Summerlin and Lake Las Vegas.",3.6,3.6,3.4,3.4,2.8,3.2,5.007605380494191,5.03374065434209,5.034310956953021,1,1,1,0.0015734437272450033,5.017764875084466,5.031166670671795,5.043347669118701,1,1,1,0.0015828209501424146,4.981915258533455,5.03260445570758,5.0365190480985635,1,1,1,0.001602076499024965
HistoryLasVegas_18267_18404,"Still, the future of Las Vegas is sure to be determined as much by the pioneering spirit that built the city as by anything else.",3.0,2.4,3.2,3.6,3.2,3.6,4.99620681618506,5.044703386389789,5.049913897169784,1,1,1,0.0015754675663791756,5.027514116562095,5.035983152364745,5.055371029085256,8,8,8,0.001600318685895037,4.990910452914212,5.030312822095656,5.051970887139595,1,1,1,0.0016214958695128252
HistoryLasVegas_2397_2629,"It was not until 1829 that Rafael Rivera, a Mexican scout, found a spring-fed valley and dubbed it Las Vegas — a Spanish name that leaves many modern visitors wondering exactly where “the meadows” really lay.",3.0,3.0,3.0,3.4,2.8,3.4,4.977195259659485,4.979499626522871,5.023852963390461,1,1,1,0.001574164944983521,4.995481760832986,4.983662810153549,5.023014284078716,1,1,1,0.0015667125051848972,4.9745586876966055,4.995997826095632,5.031100387539608,1,1,1,0.00159340311844116
HistoryLasVegas_3825_4028,"Despite the fact that the local land was rich in silver, by 1865 most of the mining traffic through Las Vegas was of prospectors headed to California or Northern Nevada in search of gold.",3.0,2.8,2.8,3.2,3.0,3.2,4.95478549822206,4.9575635651065175,5.006662103658291,1,1,1,0.0015812817525962379,4.975880246614756,4.9475209505609525,5.0112359739595655,1,1,1,0.0015780295272424662,4.958840771792117,4.9608345785861,5.008229922040236,1,1,1,0.0016070891278759506
HistoryLasVegas_8686_8887,"Construction on Hoover Dam (originally Boulder Dam, subsequently renamed for the president who authorized the project) began in 1931 in a canyon 45 miles (72 km) southeast of Las Vegas.",3.0,2.8,3.0,3.0,3.0,3.0,4.968597586821254,4.988039062938682,5.027045954400085,1,1,1,0.0015749734680143648,5.0013570116969674,4.980177471869466,5.03420987103382,1,1,1,0.0015827175423575577,4.963346091320005,4.99980450182294,5.035079136288157,1,1,1,0.001604537174316032
Homosexuality_11213_11522,"As a homosexual, one risks horrifying their parents, other family members, and friends to the point of losing all contact with them, ruining their career, being condemned by their religion, being beat up for publicly displaying their sexuality, and much much more.",3.0,2.6,3.0,2.2,3.6,2.6,4.941749202703131,4.996633059390158,4.993427585817627,1,1,1,0.0015577380480218913,4.961782394978433,4.9963465502560656,4.9978352525815835,1,1,1,0.001543440048501692,4.950443918567489,4.991305778228822,4.988634565078976,1,1,1,0.001558536842177148
Homosexuality_1159_1371,"This shows that not only did Plato consider it normal for a male to be attracted to another male, he also believed that it began at a very young age, as the word “boyhood” signifies.",3.0,3.2,3.0,3.0,2.6,2.6,4.97008024172016,5.007461680179743,5.018306480161799,1,1,1,0.001567119603163585,4.991065758003295,4.999043300861805,5.022039167207923,1,1,1,0.0015781554318326436,4.958839932200097,5.013582555845405,5.02446098411435,1,1,1,0.0015906527008006262
Homosexuality_12457_12505,“They’re not like ‘My child’s going to be gay!”’,2.6,3.8,3.4,2.8,3.4,3.0,4.971825996875788,4.991571700734115,5.026050890515725,1,1,1,0.001540335183823971,4.985136343325758,4.996103388920632,5.028705408136652,1,1,1,0.001554975716640641,4.962871665206797,4.998408253796869,5.031949522729137,1,1,1,0.0015589476975658252
Homosexuality_16316_16432,"Therefore, from the evolutionary standpoint, homosexuality becomes one of the disadvantageous traits.",3.0,3.0,3.0,3.0,3.0,3.0,4.950986562185826,4.939530478697261,4.988191887279195,1,1,1,0.001586346166930106,4.967255266509268,4.935622096280497,4.990090793816822,1,1,1,0.0015805475820618391,4.945964733833792,4.94733707054511,4.995131802581562,1,1,1,0.0015985962783930383
Homosexuality_2115_2228,"(However, for the purposes of this paper, homosexuality will be looked at solely in terms of men).",3.0,2.2,3.0,3.0,2.8,2.8,4.9742415719561865,4.990844477683703,5.022258916427237,1,1,1,0.0015731355658366822,4.982660461660069,4.9917621732026065,5.017954654552163,1,1,1,0.0015680489094651632,4.94828678561139,5.002219499983901,5.028813450966927,1,1,1,0.0015736067412527462
Homosexuality_2448_2454,“same”,3.0,2.8,3.0,3.0,3.0,3.0,4.970973541574922,4.955653550130529,5.019870954475291,1,1,1,0.0017048234377298745,4.999516129992123,4.94269909452672,5.020388959210154,1,1,1,0.001679683102531554,4.970720586291792,4.99031144607616,5.034735236211291,1,1,1,0.0017015489625313374
Homosexuality_2637_2983,"It was also in the 1800s when the debate itself over the cause of homosexuality was started by Magnus Hirschfeld, a physician, sex researcher, leading sexologist, homosexual, and founder of the first gay rights movement in Germany, who believed that homosexuality was biological in nature (Marcus 10).",3.17,2.83,3.0,3.0,3.2,3.0,4.960953329686482,4.996377500698061,5.02441505829044,1,1,1,0.0015690854031406912,4.981055065694824,4.994096742681379,5.024696516755862,1,1,1,0.0015905739409529946,4.950862272334138,5.004655722762483,5.031064508271785,1,1,1,0.0015681857919115937
How_soon-Fans_2510_2642,"Then in the case of TGI Friday's or other brands that offer free product or discount coupons, you are essentially buying them again.",2.75,3.25,3.25,3.0,3.4,3.6,4.9603151962025915,4.994115815860461,5.012895121102195,1,1,1,0.0015454160606243061,4.978672779849174,4.981075460375658,5.014751642122926,1,1,1,0.0015730784655986238,4.959558367825407,4.991416878842061,5.021501395575356,1,1,1,0.0015695279775692168
How_soon-Lebron-James_2682_2811,"If I were to fulfill that role for him, I would have told him to go low key with this decision and let it be led by his new team.",3.2,3.2,3.4,3.0,3.2,3.2,4.985510670523714,4.9761241721625336,5.013736505431364,1,1,1,0.0015528469646200705,4.986485397337637,4.976268735331445,5.015183194219103,1,1,1,0.0015547861342635092,4.9706652312329265,4.998395619017989,5.013532278283241,1,1,1,0.0015518782574134309
How_soon-Lebron-James_279_437,"He's also managed to surround himself with people who understand business, but I'm starting to wonder if he's lost a bit of understanding of American culture.",3.0,3.0,3.25,2.6,3.4,2.8,4.9716140047042146,4.9951610709108305,5.027967803861124,1,1,1,0.0015845175291946943,4.979711409197871,4.993076255680251,5.028547038116276,1,1,1,0.0015854708080710138,4.958987878052122,5.007548305810857,5.03087208785148,1,1,1,0.0015832056495804932
How_soon-Lebron-James_438_602,"Lebron didn't play college basketball, he went straight from high school to the pros, and since joining the Cleveland Cavaliers he's won exactly zero NBA champions.",2.8,3.2,3.2,2.8,3.0,2.8,4.976243956681662,4.919948034749648,4.975861154238246,1,1,1,0.0015942421519707806,4.98631838166052,4.906796461391161,4.974820168594946,1,1,1,0.0015808006847003737,4.957663186376756,4.942062071397261,4.9825819192988074,1,1,1,0.0015830727051796745
How_soon-Lebron-James_758_840,Earlier this week Lebron jumped on Twitter and quickly gained a massive following.,3.4,3.6,3.4,3.5,3.25,3.0,5.001153399682328,5.058786561510086,5.054245412043784,9,9,9,0.0016233117568986218,5.020978398006936,5.048635593316792,5.061547253682717,9,9,9,0.0016064482062959026,4.9808050839512585,5.062249210283198,5.060592620776522,9,9,9,0.0015988368955189099
IFAW1_1198_1333,"Many of our critics say that you and I who love animals attribute intelligent and sensitive qualities to “stupid, non-feeling” animals.",3.2,3.2,3.2,2.67,3.0,3.0,4.980251407907836,4.988385225313721,5.012890032185995,1,1,1,0.001574706691517828,5.009980367176042,4.9789467974895585,5.007963459633077,1,1,1,0.0015702458599054696,4.9763368115799995,4.981953155200839,5.013721767124725,1,1,1,0.0015939238659689857
IFAW1_1303_1324,"“stupid, non-feeling”",2.2,2.8,3.0,1.8,3.2,3.0,4.930921024413011,4.944396617121131,4.99170011080424,1,1,1,0.0016080436052033464,4.945011994604052,4.965810052131795,4.991741424202575,1,1,1,0.0015691107800269368,4.927370583627184,4.971185984917407,5.000735689834952,1,1,1,0.0016306291436533555
IntroDublin_4045_4155,"Beckett and Joyce, among others, had to leave their homeland to understand it —  and to be understood.",2.8,3.0,2.8,2.8,3.0,3.2,4.9744093381475025,5.010490988624545,5.0263924919779495,1,1,1,0.0015691857873810743,5.0040085314162415,5.00121420411139,5.032320337001098,1,1,1,0.0015939466362140493,4.973193275439925,5.01302322153417,5.03330189990144,1,1,1,0.0016054276568605583
IntroDublin_4637_4896,"And in this city, where literature and theater have historically dominated the scene, visual arts are finally coming into their own with the new Museum of Modern Art and the many galleries that display the work of modern Irish artists.",3.6,2.8,3.0,3.0,2.0,3.0,4.994576577341444,5.015048299153505,5.0579109908628155,1,1,1,0.0015693978777227466,5.017742311810162,5.0009489969208,5.061896584998697,8,8,8,0.001590961056651798,4.980157373184481,5.007088628245363,5.056731534691836,1,1,1,0.0015963901644749097
IntroDublin_5143_5244,"And while multinational chains have made inroads, they seem less blatant here than elsewhere.",3.0,2.67,3.0,3.2,3.0,3.0,4.976425791171041,4.96688681729408,5.02946143806208,1,1,1,0.0015849119561521848,5.003462125757302,4.957226221788856,5.032331509015691,1,1,1,0.0016239763402214854,4.9775375732658915,4.96559098785197,5.027591414113728,1,1,1,0.0016168107713254876
IntroDublin_5436_5480,Dublin’s food has undergone a metamorphosis.,3.0,3.0,3.0,2.8,3.0,3.0,4.985250383102287,5.027767761458929,5.038646909824422,1,1,1,0.0015958881665171125,5.00607302960243,5.040992325292473,5.04477103300738,1,1,1,0.001600239129577574,4.968777869797291,5.0402854319711246,5.0446222964138,1,1,1,0.0016060268852393584
IntroDublin_595_662,The proverbial hospitality and warm welcome are still here.,3.5,3.0,3.0,4.0,3.25,3.0,5.001701156619792,5.003726002646703,5.041284153503617,1,1,1,0.0016546770924255327,5.005823591746,5.005344799314842,5.0457642187181415,1,1,1,0.0016427294208069191,4.9763839146607305,5.0181582489246015,5.048327698574378,1,1,1,0.0016434221940833222
IntroDublin_7368_7441,Religion and respect for parents has not yet gone out of fashion.,3.0,3.0,3.0,3.4,3.2,3.2,5.017621660091205,4.974799740328744,5.03315773976227,1,1,1,0.0016165112096310876,5.0361410716834625,4.963565546401102,5.036838327751596,1,1,1,0.0016046825054740839,5.01079981163454,4.973930029678314,5.041882237808718,1,1,1,0.0016309843941825705
IntroDublin_7442_7613,And young graduates are not leaving now — multinational corporations and European Union investment mean there are plenty of opportunities for them at home.,3.0,2.8,2.6,3.6,3.4,3.8,5.006320342291713,5.007039102809351,5.037703933552082,1,1,1,0.0015933680015096823,5.007211195340502,5.006775722755497,5.043640690917542,1,1,1,0.0015961864323402052,4.980900352424982,5.02789948896439,5.048572955500072,1,1,1,0.0016227042468486385
IntroHongKong_1558_1761,"But in fact, once news of the handover vanished from the front pages, the people of Hong Kong returned to their usual topics of conversation: the economy and the price of housing.",2.8,2.2,3.6,3.0,2.0,3.0,4.96314236729984,4.972789459250932,5.010904538527721,1,1,1,0.0015896150957263766,4.972026299015285,4.961478295712688,5.012940302885578,1,1,1,0.0016098868339028995,4.972489400973202,4.973702136597955,5.014992146654553,1,1,1,0.0016089111939323797
IntroHongKong_171_262,With its vibrant atmosphere and night-and-day activity it is an intoxicating place.,3.2,3.2,3.0,4.0,3.8,3.2,5.02219905116454,5.110394214044536,5.061444109473156,9,9,9,0.0015962413136755827,5.033159769216753,5.114935003581937,5.064177650973999,9,9,9,0.00158944929133845,4.993904290216306,5.120733119515629,5.066061225551469,9,9,9,0.0016075281767375042
IntroHongKong_2767_3013,"To alleviate the problem, the government has become the city’s major landlord with the construction of massive apartment blocks that, though they have every modern facility, average only 9 square m (100 square ft) in size.",3.2,2.2,3.2,3.0,3.2,3.0,4.973909306427648,4.982452971429671,5.0092424470851915,1,1,1,0.0015185760195164898,4.970999966923278,4.981927726152687,5.010419791963535,1,1,1,0.0015360879244487285,4.964607946326618,4.993859385602787,5.012330159530395,1,1,1,0.00155361487673683
IntroHongKong_3169_3219,"Of Hong Kong’s population, 98 percent are Chinese.",3.0,3.0,3.0,3.0,3.0,3.0,5.007888073687764,4.967927315207671,5.032401784174928,1,1,1,0.0015950221518535308,5.036129336239906,4.946111139607318,5.032116720316936,1,1,1,0.0015869610414986912,5.005877544468518,4.978263885138768,5.044630910798507,1,1,1,0.001630691589754333
IntroHongKong_3350_3490,"The Chinese people have been described as hardworking and pragmatic, attitudes that have contributed to Hong Kong’s success.",3.2,3.2,3.2,3.6,2.8,3.2,4.987082145767982,5.014974613235244,5.058087257676977,1,1,1,0.0016204815330527233,4.994407027681142,5.017909832631802,5.055645578709953,1,1,1,0.00161544777579954,4.968629513426584,5.01783557626857,5.06315807607562,1,1,1,0.001632331509085407
IntroHongKong_4864_5028,"Across Victoria Harbor, connected by ferry and the MTR rail line, is the Kowloon peninsula with its hotels, nightlife, and almost non-stop shopping.",3.33,3.33,3.33,3.0,3.0,3.0,5.001390989402991,5.030373129583763,5.046603335375997,1,1,1,0.0015973723141769428,5.007283724385637,5.032893866372918,5.051486580481507,1,1,1,0.0015923729831307033,4.980603950146511,5.04301872023564,5.050041124838151,1,1,1,0.0016029624425944375
Italy_2198_2875,"Into the Initiative's underground bunker: Then, from the bathroom-Initiative across the hall: Into his parent's basement: And into an ice cream truck: Past the the come-hither lesbians: Through the back of the ice cream truck: By means of a passage: That returns him to you guessed it his parents' basement: In which he exits the same door he originally entered it from Buffy's house only to end up in the halls of Sunnydale High and (shortly) an Apocalypse Now parody: The only difference between what Whedon did and Urbino is that you could travel through the side streets of Urbino with a camera and accomplish such feats (minus the Coppola) without needing to cut once .",2.8,3.0,3.0,3.0,3.0,3.0,5.0002354816049515,5.018119945728552,5.008335116404724,1,1,1,0.0015603017694583725,5.007937649101127,5.030210016555345,5.013961029796825,8,8,8,0.001557947458726921,4.996397094600766,5.026139789367725,5.0212156232225285,1,1,1,0.0015692235275594766
Italy_28_119,The effect of not being on vacation in Italy on a man with a tall stack of papers to grade.,3.0,2.6,3.0,2.4,2.8,2.6,4.958550698755644,4.9767518953320735,5.00914753945877,1,1,1,0.0015455108978757674,4.975423318794759,4.991175651306705,5.009814365383939,1,1,1,0.001527524040406809,4.949145029659731,4.987482317695168,5.010098373284971,1,1,1,0.0015560644255873612
Italy_648_882,"The region is poor (though not so much as I thought) and poorly serviced by internet and wifi: there's a router up the hill from her which sometimes provides wifi, but only then into a loft too unbearably hot to occupy during the day.",2.8,3.0,3.0,2.33,3.33,2.33,4.93079265850252,4.964297963250593,4.994628524936206,1,1,1,0.0015468223156242327,4.961066535498212,4.960228377041088,4.995999353438483,1,1,1,0.0015450365774482553,4.940755397328573,4.961877551259052,4.9964682534081435,1,1,1,0.001560287095633295
Madame_White_Snake_11963_12115,"In fact, Communists in the PRC in the 1970s reclaimed her as a feminist symbol for women who rebel against the patriarchy.",3.17,2.83,3.17,3.2,3.0,3.2,4.990563780936645,5.005633307113122,5.029995840334459,1,1,1,0.001554214151670745,4.991546113825937,5.010742467082009,5.034327730590613,1,1,1,0.0015655687834068173,4.958741335696991,5.0209676522771485,5.036337981316549,1,1,1,0.0015716536394535234
Madame_White_Snake_1946_2044,"She took on the virtues of a traditional Chinese female, particularly forbearance”.",3.5,2.25,3.25,3.0,3.0,3.0,4.988984478286916,4.974057839061006,5.034585724770631,1,1,1,0.0015646031477759392,5.003340637614381,4.986217004369985,5.036259172407745,1,1,1,0.0015682318086183064,4.988789042910902,4.985204058567021,5.040073143874179,1,1,1,0.0015881418492579853
Madame_White_Snake_5366_5802,"While both stories each characterize Madame White Snake fairly consistently within their narratives, the uneven characterization in film noir perhaps mirrors the evolution of her character over time: readers may not be sure whether she is a pure villainess or whether she is a good wife who is badly treated by society, because there is evidence of both throughout her legend.",3.2,3.2,2.8,3.0,3.0,3.0,5.00098753438893,4.9645499952808665,5.031996281870994,1,1,1,0.001613973973833769,5.0166242884413155,4.979044170505931,5.033398914619184,1,1,1,0.0016162982362285577,4.983527434725843,4.981104657338848,5.035654417461792,1,1,1,0.0016034287382989316
Madame_White_Snake_7124_7170,He is weak-willed and not particularly useful.,2.6,3.0,3.0,2.4,3.4,3.0,4.944643051114843,4.91255049160325,4.987322343473812,1,1,1,0.0016326431700743158,4.946844946419473,4.91370889509915,4.986419011454117,1,1,1,0.0015988054533776644,4.948471127596765,4.940144941465071,4.991455328484577,1,1,1,0.001608823907158774
Madame_White_Snake_7222_7414,"“Those creatures took advantage of your fair looks and tempted you. But you, yourself, owing to a lack of courage and spirit, fell victim to their temporary form”",2.6,3.2,3.0,2.6,2.8,2.8,4.974236839863051,4.981620097519245,5.006201151113149,1,1,1,0.0015498538574866363,4.97446230146922,4.992644118089483,5.008939248767627,1,1,1,0.0015450633959301118,4.970416669905182,5.000554049158228,5.015404565599464,1,1,1,0.0015586553536878819
Madame_White_Snake_7597_7650,But are the morals of these stories entirely sincere?,3.0,3.0,3.0,3.0,3.0,3.0,4.973533561196005,4.988523932418715,5.026976247317029,1,1,1,0.001590034374727755,4.971700439011985,4.996001856904096,5.025341769079988,1,1,1,0.0015909621571231789,4.966393707421916,5.000041867149197,5.034909706075641,1,1,1,0.00160724288172148
NWF1_2207_2523,"For more than 60 years, caring and concerned wildlife lovers like yourself have supported our mission to educate, inspire and assist individuals and organizations to conserve wildlife and other natural resources and to protect the earth’s environment in order to achieve a peaceful, equitable and sustainable future.",3.2,2.8,2.8,3.0,3.0,3.0,5.012703821446049,5.01232560556454,5.04182777177162,1,1,1,0.001608367091673643,5.02039218828626,5.016389962962743,5.04768770636961,1,1,1,0.001624304328931518,5.001295376741812,5.015168730024327,5.0479615656122645,1,1,1,0.001631529079716468
NWF1_857_1014,"When you use the attractive wrapping paper and gift tags, you will be helping us spread the word about saving America’s wildlife treasures and their habitat.",3.2,3.0,3.0,3.4,3.6,3.2,4.9853476526167455,5.0316162514524425,5.0392605262473396,1,1,1,0.001577846306150062,5.004455588214274,5.026105240164489,5.048894748956281,1,1,1,0.0016007595581718963,4.969946758884605,5.030917728295043,5.047742878429234,1,1,1,0.0016058624011036757
NYTnewswire1_1458_1558,"""He's a good defender, he has a good arm, he plays the tough right-field position and plays it well.",3.2,3.0,3.0,3.8,3.4,3.6,4.994632821967203,4.9953058144024824,5.061441948608252,5,5,5,0.0016467121328329057,5.022144555584701,4.987488509062566,5.064090770022922,5,5,5,0.0016326751977763154,4.984219651593996,5.005854040288201,5.067916710175242,1,1,1,0.001642332044511364
NYTnewswire1_2864_3021,"Bengie is expected to be activated from the disabled list today, giving the Angels both Molina brothers on the active major-league roster for the first time.",3.17,3.0,3.0,3.0,3.2,3.0,5.013854772236399,4.997239678022063,5.0453220925645255,1,1,1,0.0016052521254776141,5.019777220687777,4.995258867919079,5.050696310962439,1,1,1,0.0015908232938555782,4.983019584236104,5.008071992859483,5.051002608142872,1,1,1,0.0016048535508135762
NYTnewswire1_3994_4055,"""I understand baseball moves, I've been through this before,""",3.0,3.0,3.4,3.2,3.2,3.4,4.974918457101909,4.974162027685644,5.011477180902279,1,1,1,0.0015886455377461907,4.987015300261962,4.981682950868587,5.017825723491267,1,1,1,0.0015824453717452858,4.961531654453138,4.996118969937278,5.027218005416706,1,1,1,0.0015802171904581491
NYTnewswire1_3994_4118,"""I understand baseball moves, I've been through this before,"" said Fabregas, who is headed for his eighth major-league team.",3.4,3.2,3.4,3.2,3.2,3.2,4.995242571711019,5.009396384357544,5.035085211799674,1,1,1,0.0015740669721462435,5.026600779334844,4.996574085815689,5.0377254863059076,1,1,1,0.0015805915919316368,4.980184130052297,5.016548598458485,5.04386015618184,1,1,1,0.0015939822843780475
NYTnewswire2_1494_1595,"The French ice dancers, Marina Anissina and Gwendal Peizerat, later won the gold over a Russian team.",3.2,3.0,3.0,3.0,3.0,3.0,4.9995667605948855,4.989130572434925,5.0390919844406685,1,1,1,0.001580114264162054,5.024991623255535,4.983417609539076,5.042772631164814,1,1,1,0.0015883647711106455,4.983613966878583,4.9912679309697605,5.049109332377453,1,1,1,0.0016050976118117811
NYTnewswire2_1991_2199,"If convicted of the charges against him -- conspiracy to commit wire fraud and conspiracy to commit bribery, both felonies _ Tokhtakhounov faces maximum prison time of 10 years and a fine of $500,000 or more.",3.0,3.2,3.4,2.4,3.0,3.2,4.948098269053738,4.959184718852555,5.020160378514792,1,1,1,0.001598013682910495,4.988254545178621,4.953158307824973,5.026769341371352,1,1,1,0.0016024425316438428,4.957589817495954,4.960557586350717,5.024744746397648,1,1,1,0.0016076653052972325
NYTnewswire2_3988_4070,"""She's a scapegoat and a target of a corrupt system and was unfairly singled out.""",2.33,3.33,2.67,2.33,3.33,3.67,4.959667934377767,4.984526826549724,5.009837415120177,1,1,1,0.0015512637031368792,4.972111434156829,5.009893184878411,5.015671628157179,1,1,1,0.0015451196549728717,4.9529955164905175,4.991728149511122,5.006783468741869,1,1,1,0.0015380763743326803
NYTnewswire2_4359_4601,"Since the collapse of the Soviet Union, he has been implicated in arms trading and Russian art smuggling, and in the Russian news media he was accused of complicity in a plot to extort $10 million from the head of a Russian sports foundation.",2.33,3.0,3.17,2.8,2.8,2.4,4.9537186853160975,4.970454896262462,5.004341527071097,1,1,1,0.0015504687687221408,4.981611308649722,4.970934688064196,5.009432937273253,1,1,1,0.001553214328971511,4.9623462653539825,4.964014490394681,5.006503458533721,1,1,1,0.0015684355744675037
NYTnewswire2_5856_5975,"The second mobster told Tokhtakhounov that the federation official ""is close to us -- he is a good guy, he will do it.""",3.0,3.0,3.0,3.0,3.2,3.6,4.977984856914167,4.995466961542821,5.028357802112414,1,1,1,0.001543096161679316,4.995095871266669,5.000691908344757,5.031576280691384,1,1,1,0.0015703364453812725,4.968005628175185,5.01164463622589,5.038575421264607,1,1,1,0.0015574367385833609
NYTnewswire2_6622_6674,"He added: ""Everything is going the way you need it.""",3.33,3.0,3.67,3.33,2.67,3.33,5.017558263456571,5.018534953859277,5.050130898967689,1,1,1,0.0016332093592936387,5.018315951563178,5.019442005918538,5.055475197748102,1,1,1,0.0016261806478093967,4.974850151428573,5.032279696388425,5.060912062884669,1,1,1,0.0016410300972033469
NYTnewswire2_6918_6974,"""one is ours, and the other our friends will give them.""",3.2,2.8,3.6,3.0,3.0,3.0,4.964622699646105,4.987496722973284,5.029785778018674,1,1,1,0.0015835328333479173,4.987948539473838,4.996841853752606,5.037533005601857,1,1,1,0.0015874333712770931,4.96340037291748,5.003038198040193,5.040280048001505,1,1,1,0.001571399330302848
NYTnewswire2_7262_7308,"""The French have nothing but the ice dancing,""",3.0,2.67,3.0,3.0,3.0,3.25,5.001744650190961,4.9561375265342225,5.014054816686766,1,1,1,0.001584019733039189,5.008036677602393,4.974240778619768,5.017795087469816,1,1,1,0.0015678853365425867,4.980857788572365,4.9784682557052005,5.02639110880253,1,1,1,0.0015793523151155522
NYTnewswire2_8918_8994,"""This is a criminal act and it certainly puts things in a different league,""",2.2,3.0,3.4,1.8,3.2,2.4,4.988836657639011,5.02545468868796,5.023942507646828,1,1,1,0.0015541319904912782,5.006407896413193,5.0271553264978905,5.027761904417908,1,1,1,0.0015635581253568192,4.972175326147633,5.0224133304635945,5.025207458340652,1,1,1,0.0015730568486726538
NYTnewswire2_8918_9007,"""This is a criminal act and it certainly puts things in a different league,"" Howard said.",3.0,3.0,3.33,2.67,3.33,3.33,4.989234594128016,5.012655773598926,5.026977692926508,1,1,1,0.0015829861129586264,4.999997231950868,5.002804652032258,5.023512743206814,1,1,1,0.0015737531449217823,4.972160773298546,5.014371057343734,5.025830225555326,1,1,1,0.0015810935385644322
NYTnewswire3_2341_2568,"In remarks during a ribbon-cutting ceremony here on Wednesday, Gov. George E. Pataki said he expected the facility to generate thousands more jobs in the Hudson Valley area for contractors and suppliers catering to the factory.",3.0,2.6,3.0,3.0,3.0,3.0,4.9516881108880515,5.028715438414977,5.047571819634818,1,1,1,0.0015924103341251005,4.971247155325553,5.0077387469820165,5.050553959730453,1,1,1,0.0016094974113180483,4.941590734930859,5.028476032204652,5.054375666821472,1,1,1,0.0016257720960723202
NYTnewswire3_2569_2669,"He praised IBM for being ""a critical partner in our economic development efforts"" in New York state.",3.2,3.2,3.2,3.4,3.0,3.2,4.986275325928851,4.997621246936795,5.043608060691533,1,1,1,0.0015910566437668868,4.99331802467029,4.995212819549604,5.040772992182062,1,1,1,0.0016026339100284812,4.966952119332518,5.008465123703116,5.04504139519798,1,1,1,0.001592361191196026
NYTnewswire3_4024_4146,"""The diversity is the big difference with this plant,"" said Richard Doherty, president of Envisioneering, a research firm.",3.0,2.8,3.0,3.0,2.8,3.2,4.97737403737633,5.03119072712796,5.039268998004629,1,1,1,0.0015599165191033633,4.99658886614757,5.017731737939123,5.040734769334456,1,1,1,0.001584239642712284,4.9662141496312895,5.033030368386625,5.046473613351547,1,1,1,0.0015804292120518944
NYTnewswire3_4870_4993,"Human operators are there to monitor the systems, catch errors and fine-tune the production process for maximum efficiency.",3.2,3.2,3.6,3.2,2.8,3.4,4.9987499919623435,4.956004468007302,5.018245292190983,1,1,1,0.0016080158569672944,5.011348691462186,4.963462187630677,5.023085383615866,1,1,1,0.0015883777104344742,4.978799290800681,4.97731647682642,5.020777901296563,1,1,1,0.0016022701940399025
NYTnewswire3_5361_5401,They look more like workers in a bakery.,3.0,2.67,3.0,2.8,3.2,3.2,4.967748977549373,4.929535477590822,5.0063322072607495,1,1,1,0.001618226002693883,4.992169247616315,4.934587165557363,5.012596002773306,1,1,1,0.0015938606501168912,4.969707014014998,4.964519667090329,5.020762266036632,1,1,1,0.0016171049013315303
NYTnewswire3_5407_5507,"Yes, said Richard Brilla, director of the new facility, ""but the donuts are a lot more costly here.""",2.6,3.2,3.0,3.2,2.8,3.4,4.962243360001769,5.003648150296142,5.024498179259961,1,1,1,0.0015370507438536066,4.994684539126957,4.989857810678835,5.024673127066439,1,1,1,0.0015485073300590907,4.957490247238606,5.009439042880356,5.032122656373553,1,1,1,0.001553115845469528
NYTnewswire4_1836_1881,"""and that's a big motivational factor for us.",3.6,3.0,3.2,3.0,2.8,2.8,4.968141727009973,5.048747742294139,5.049958475254685,1,1,1,0.0016305130479606787,4.979467899046361,5.061722761050092,5.050659299711984,1,1,1,0.0016008518736484007,4.965543462080687,5.07397029843891,5.060018734684352,1,1,1,0.0016256798883221458
NYTnewswire4_2915_2979,"""It gets a little fake when you have billboards and a campaign,""",2.8,3.0,2.8,2.5,3.17,3.0,4.992364345094581,4.990085605546147,5.019813363526317,1,1,1,0.001585573419286042,5.021707926581292,4.992904159104846,5.0246533008045695,1,1,1,0.001580312927629416,4.981259237646933,4.996668408286196,5.023167159293645,1,1,1,0.0015930530751150757
NYTnewswire4_3569_3727,"""The people of Miami and the people of the University of Florida wanted us to have it for a long time, but it wasn't going to happen with the 11-game format.""",3.0,2.8,3.2,2.0,3.0,3.0,4.964849245025723,4.982443815285675,5.018231332633286,1,1,1,0.0015545496058526956,4.986519644404927,4.982547919560558,5.024074848762634,1,1,1,0.0015693708528934543,4.974955907249262,4.994973822591999,5.025629710419668,1,1,1,0.0015577446883047036
NYTnewswire4_3936_3992,Karen Rosen writes for The Atlanta Journal-Constitution.,3.0,3.0,3.0,3.0,3.0,3.2,4.991452162820415,4.9958274650787615,5.036098016614732,1,1,1,0.0015835560881029365,5.001831797168413,4.988728738058176,5.037855525266577,1,1,1,0.0015918727782978739,4.97305735237379,5.013046214802452,5.044935164072266,1,1,1,0.0016030907433727784
NYTnewswire5_1109_1261,"HOW TO SELECT As the gourd ripens, its color changes from near white-pale green to vivid green, often flecked with yellow, and eventually bright orange.",3.0,3.0,3.0,3.0,3.2,3.2,5.005488029994306,5.004311640180362,5.033463375960419,1,1,1,0.0015994909207108993,5.012717877914522,5.005561587930771,5.034765039029439,1,1,1,0.0016065241114671203,4.977057774678492,5.018164750977839,5.034097749469176,1,1,1,0.0015884768807230168
NYTnewswire5_1704_1833,"They are frequently blanched or salted and left to macerate for up to an hour, then rinsed and patted dry to tame the bitterness.",3.0,2.5,3.0,2.8,3.2,3.2,4.986914178024628,4.941557495009418,5.016575251493653,1,1,1,0.0015718522580204933,4.99486999469231,4.947508333470429,5.023581469816441,1,1,1,0.001576199728950452,4.968204673610558,4.967750199055972,5.023474099440731,1,1,1,0.0015774122936320005
NYTnewswire5_418_590,"SAN FRANCISCO -- A staple of Chinese and Indian cooking, these gourds (botanically, Momordica charantia) with skin like toads grow on climbing vines that can reach 12 feet.",3.2,3.2,3.0,3.0,3.0,3.0,4.9781710701086785,4.9762790338627845,5.038049261188747,1,1,1,0.0015996190742676509,4.994350788171009,4.976858056377267,5.038588187820814,1,1,1,0.0015919611195490968,4.979372236353639,4.988657304944832,5.040927637519175,1,1,1,0.0016181813734986825
NYTnewswire6_3038_3186,"That may well be the best-known kitchen in America, since it became the site of the ""French Chef"" television programs, which started airing in 1962.",3.0,3.0,3.0,3.0,2.67,3.33,5.021607917646463,5.019044939531944,5.040437595891509,1,1,1,0.0015710977266056127,5.040260577781683,5.015382026702548,5.043250465874127,8,8,8,0.0015973957623082082,5.000316942633813,5.033405666637453,5.044372292074094,1,1,1,0.0015987657256496647
NYTnewswire6_3925_4055,"As reinstalled in Washington, the kitchen should be as we all remember it from countless TV shows, ""right down to the toothpicks.""",3.0,3.2,3.2,3.0,3.0,3.4,4.98555898315821,5.016391434658869,5.017538626604848,1,1,1,0.001559318627220076,5.004460925457751,5.009477780083668,5.0237924616412535,1,1,1,0.0015711976175170083,4.988819730464966,5.0215897096601765,5.027761157167972,1,1,1,0.0015883731075407924
NYTnewswire6_4061_4155,Child will go to the capital for the debut of the exhibit right after the Maine birthday bash.,3.0,3.0,3.2,3.2,3.2,2.8,4.986016064283718,5.003676893960689,5.0300618760802465,1,1,1,0.001573001239954755,4.996427374719662,5.010841028952232,5.0322502404293745,1,1,1,0.001574716653267386,4.966529854969252,5.0254998354187235,5.037418397308009,1,1,1,0.0015759617172172303
NYTnewswire6_6102_6213,"But since it's the middle of summer, I am adding fresh corn to it"" -- plus a dollop of caviar for good measure.",3.6,3.4,3.0,3.25,2.75,3.0,4.997537403283086,5.030506278087923,5.035638787964698,1,1,1,0.0015998073094027868,4.999713939799216,5.030794888936282,5.0328675312097095,1,1,1,0.0015919249962896968,4.973735313396737,5.046308687506442,5.0400921028868755,1,1,1,0.0016071529931491752
NYTnewswire6_6219_6376,"In the same vein, Gras is tweaking her salade nicoise, and Jeanminette is adapting her mousse au chocolat to become a spectacular six-layer pecan marjolaine.",2.6,3.0,2.6,3.4,3.2,3.0,4.988803138780886,5.014972527735299,5.029159129665235,1,1,1,0.0016023763163709572,5.005591193030908,5.002624735261744,5.029515956558466,1,1,1,0.0015876734504510286,4.982133444033526,5.010608674234756,5.032728498209608,1,1,1,0.001604594541173693
NYTnewswire6_6946_6961,Words of wisdom,3.33,3.33,3.67,3.2,2.8,3.2,4.971512867599926,4.987002490835463,5.037366580849003,1,1,1,0.001626935091468996,4.9813800217013515,4.977911908724744,5.038585894384992,1,1,1,0.001642303826536537,4.95883930567795,5.009320938104022,5.042221219984501,1,1,1,0.001620455464492597
NYTnewswire6_7465_7476,No snacking,2.6,3.0,4.0,2.8,3.0,3.0,4.986700984604658,4.901586457908193,5.000774332522372,1,1,1,0.0016058357000144506,4.992037617973443,4.882143083138513,4.993346340811978,1,1,1,0.0016152394405425572,4.984208578126244,4.907028336329851,5.004629421540475,1,1,1,0.0016143505358246618
NYTnewswire6_7639_7771,It's easy to imagine what Bay Area chefs like Alice Waters or Michael Mina might have to say about Julia Child on her 90th birthday.,3.25,2.75,3.5,2.8,2.6,3.0,5.0212783811854615,4.998368280838681,5.049600639489909,1,1,1,0.0016188786987771466,5.023006001359351,4.999943287745044,5.05169067414845,1,1,1,0.001617434322948592,4.982969676205818,5.018751881863631,5.05882242925645,1,1,1,0.001625606809970176
NYTnewswire7_2098_2262,"The NMFS estimates that in 2000, more than 16,000 tons of Chilean seabass were legally caught from an internationally regulated harvest area in the Antarctic Ocean.",2.8,2.8,3.2,2.6,3.6,3.4,4.962299218201279,4.978770491420059,5.02444849140122,1,1,1,0.0015488689628317704,4.977962970075862,4.977059791548076,5.033098352120327,1,1,1,0.0015630166895605436,4.957046210259691,4.98013897735224,5.029913262544991,1,1,1,0.0015887812142753247
NYTnewswire7_3260_3393,"""We are also taking a real hard look currently at almost all species of shark, though we haven't made a formal statement about that.""",3.0,3.0,3.33,3.0,3.0,3.0,4.984306279852419,4.969283056955938,5.022371244741447,1,1,1,0.0015771239085166562,5.0019609094713555,4.964179601137637,5.02993720411798,1,1,1,0.001590442107256039,4.974930938591001,4.968440257505483,5.028410303065759,1,1,1,0.00159122454301829
NYTnewswire7_3399_3483,"Whole Foods Markets, with 133 stores nationwide, also does not sell Chilean seabass.",3.0,3.0,3.0,2.33,2.67,3.0,4.976258902261666,4.941943335317849,5.010555449364748,1,1,1,0.0015603879022653422,4.987038901250555,4.9377640276240005,5.010139528413566,1,1,1,0.001554190400515015,4.972820268912239,4.948235092409946,5.014758920962503,1,1,1,0.001564649209626254
NYTnewswire7_5346_5447,"In 2000 and 2001, the Packard Foundation awarded $26 million in marine fisheries conservation grants.",3.2,3.0,3.4,3.8,3.0,3.0,4.964000219114682,5.00407011897607,5.03281788470465,1,1,1,0.0015737341285674998,4.991744527066445,4.991850123450119,5.036900941118817,1,1,1,0.0015783537273906783,4.961556446362737,4.9983665549247345,5.0420191261148855,1,1,1,0.0015964945370424114
NYTnewswire8_3131_3288,"""Making sure that practicing psychologists are giving patients interventions based on the best available psychological science should be the APA's priority,""",3.0,3.4,3.2,3.4,3.2,3.6,5.011907471162342,4.984645165333761,5.030936116787132,1,1,1,0.001586385675172276,5.0353115405450595,4.973791553952042,5.033238240775513,1,1,1,0.0015977392283002489,4.987898169537887,4.984685535181068,5.038020742261741,1,1,1,0.0016141802297360344
NYTnewswire8_3131_3402,"""Making sure that practicing psychologists are giving patients interventions based on the best available psychological science should be the APA's priority,"" argues Emory University's Scott Lilienfeld, president of the Society for a Science of Clinical Psychology (SSCP).",3.5,3.0,3.0,3.2,3.2,3.0,4.986186214767439,4.995091287554942,5.045875991512444,1,1,1,0.0015961381808007695,4.996917271971299,4.9893090227021775,5.044936528863434,1,1,1,0.001607965638905741,4.956811211428736,5.010853359048019,5.050616831930702,1,1,1,0.001624523850355759
NYTnewswire8_3409_3535,"More than any philosophical betrayal of psychology, RxP opponents fear that the movement will undermine the science they love.",2.6,3.0,2.8,2.2,3.4,2.8,4.966661189428602,5.017624377025443,5.028420551553512,1,1,1,0.0015651148697578454,4.978741858593469,5.0119420084682735,5.025504355188939,1,1,1,0.0015618385521579058,4.945176256267119,5.017949918601065,5.032041736010921,1,1,1,0.00158170298096609
NYTnewswire8_3536_3743,"They believe that if prescriptive authority becomes the norm, biomedical requirements will inevitably seep into the psychology curriculum, at the expense of traditional psychological science and methodology.",3.0,3.0,3.0,3.0,3.0,3.0,4.965861347062122,4.979948853460321,5.003333218294134,1,1,1,0.001542521207231622,4.961865788734887,4.9774881453012165,5.007150652896706,1,1,1,0.0015594705668936957,4.9443794466987185,4.988751982548005,5.00599250507938,1,1,1,0.0015658727158979736
NYTnewswire8_3750_3891,Lilienfeld feels that many clinical psychologists already receive inadequate training in fundamentals such as research design and evaluation.,3.0,3.0,3.0,3.0,2.67,3.67,4.978854837330273,4.973648420812559,5.020684687058299,1,1,1,0.0015856883218434913,4.998620766942754,4.974418447181997,5.022837185729292,1,1,1,0.0015903967670266828,4.955571641548215,4.962006077727345,5.019429735122264,1,1,1,0.0016092674768068778
NYTnewswire8_5221_5385,EDITOR: Visit The New York Times Syndicate Web site at http://www.nytimes.com/syndicate for more information on SCIENTIFIC AMERICAN NEWS SERVICE and other features.,3.0,3.0,3.0,3.0,2.67,3.0,4.981062529105296,4.975587276662321,5.0259267042417,1,1,1,0.0016206848705389032,5.000086119470419,4.96679899620739,5.02941648647826,1,1,1,0.0016053303465512938,4.981657535467344,4.98787038207088,5.036393178489199,1,1,1,0.0016212386847124034
NYTnewswire9_4105_4173,"In Karnes, Tibbets found a kindred spirit -- and a handball partner.",3.2,3.0,3.0,3.0,3.0,3.0,4.981600685391772,5.024826093000201,5.045327359978183,1,1,1,0.0015888159599633071,4.993288183370227,5.0304148254184415,5.043870370763056,1,1,1,0.0015955560440614395,4.971859625774734,5.036867456631521,5.049839021862612,1,1,1,0.0016175048250023742
NYTnewswire9_4306_4423,"Tibbets was a decorated, top-gun pilot, but Karnes could wrangle the military rule book as well as Tibbets could fly.",3.0,3.0,2.8,2.6,2.6,2.8,4.986212060475329,5.004824809081492,5.037734492113682,1,1,1,0.0015873310851938585,5.002403865499402,5.0055578336854145,5.047415056483451,1,1,1,0.001592395191274792,4.972784261578999,5.0085795256004655,5.0438631989413665,1,1,1,0.0016007221198272065
NYTnewswire9_4618_4647,I was very lucky to have Tom.,3.6,3.4,3.0,3.6,3.8,3.0,5.007486110674529,5.034450504340127,5.052321243159149,1,1,1,0.001630773918375936,5.02258885092589,5.028102585176207,5.0500125167424175,1,1,1,0.0016396238536304278,4.979383637577682,5.058170443776746,5.061175654268648,1,1,1,0.0016338055513568732
NYTnewswire9_5177_5248,"Karnes hated to pry, and skimmed over personal portions of the letters.",3.0,3.2,3.0,2.6,2.6,2.6,4.962411496779744,4.957996957411735,5.006517247542679,1,1,1,0.0015676611985460962,4.981916978751121,4.960698688524946,5.0127335768447985,1,1,1,0.0015880483788301343,4.964965853825371,4.974277327812777,5.011560173370263,1,1,1,0.0015761916590603733
NYTnewswire9_521_602,On his metal desk were names of military men being ordered into the organization.,3.0,3.2,3.0,3.0,3.0,3.0,4.961484885387567,4.995805453720045,5.011531542013694,1,1,1,0.001558203852757101,4.975987329566738,4.998536812118139,5.016575368473528,1,1,1,0.001555400067327047,4.965605836584243,5.004074354708456,5.02204910120759,1,1,1,0.0015730479719702564
NYTnewswire9_5598_5682,"He said that they had split the atom and that we were going to drop an atomic bomb,""",3.0,3.0,3.0,2.6,3.4,3.4,4.956558575748963,5.019779182736956,5.010094241676121,1,1,1,0.001560480112867037,4.963496096334814,5.033741386810096,5.014327664727391,1,1,1,0.0015631857570965245,4.955973496649128,5.037304482858467,5.017818663563953,1,1,1,0.0015682361493124634
NYTnewswire9_6527_6621,"Karnes handed out bunk assignments, choosing the mess officer, Chuck Perry, to share his tent.",3.0,3.0,3.4,3.0,3.0,3.0,4.9787081515731035,4.994113629995549,5.022302441191412,1,1,1,0.0015554438178598253,4.988338769316057,5.000483685497723,5.024377727008167,1,1,1,0.0015549057768735664,4.966565360059444,5.006216149064494,5.025182814527824,1,1,1,0.0015642846584265312
NYTnewswire9_7832_7911,The crew slipped on dark glasses to prepare for the blinding flash of the bomb.,3.0,3.2,3.0,2.4,3.2,2.6,4.9731246964379565,5.01995404627079,5.010692837066787,1,1,1,0.0015601561455779983,4.984931949392754,5.01401604002483,5.01415322352374,1,1,1,0.00155135772222601,4.96672632666513,5.01611946187031,5.0181625742490805,1,1,1,0.0015760598646772017
NYTnewswire9_8338_8473,"When the bomb exploded as planned 1,890 feet over Hiroshima, Tibbets' mouth tingled, and he tasted the lead fillings in his teeth.",2.6,3.4,3.0,2.8,3.2,3.0,4.96024878992184,5.037353969586432,5.010256067560351,1,1,1,0.0015537403070607755,4.967061996123525,5.044413017709463,5.01340133579757,1,1,1,0.0015459991546565568,4.96381389433075,5.04163874474242,5.012863557349492,1,1,1,0.001562704114140158
NYTnewswire9_8515_8639,The crew was horrified by the purple mushroom cloud that climbed to 10 miles and looked as if it would engulf the Enola Gay.,2.8,3.6,2.8,1.8,3.6,2.2,4.959460144912793,5.056763118790078,5.00996331945922,1,1,1,0.0015504244149551981,4.980004446507303,5.061095025267062,5.017659268353166,1,1,1,0.0015477266216732198,4.964781383100772,5.045413826940306,5.0060250281435605,1,1,1,0.0015605398566782482
NYTnewswire9_9777_9839,"Three days later, another B-29 from the 509th bombed Nagasaki.",2.75,3.0,3.5,2.0,3.0,2.0,4.962174189849592,5.014620883355026,5.035370287983679,1,1,1,0.001568875973354981,4.973113400452061,5.0204470787348505,5.03576286992439,1,1,1,0.001572456524874359,4.955317036970838,5.0170641181326,5.037475422086477,1,1,1,0.0015912356327221207
NYTnewswire9_9840_9901,"Five days later, Japan surrendered and World War II was over.",3.2,3.2,3.0,3.4,3.2,3.2,4.971101992829456,4.9598989811475045,5.0170296307627265,1,1,1,0.0017231226317563203,4.99011942186202,4.9487524925147035,5.020237536644265,1,1,1,0.0016931809866836368,4.973846563871144,4.977517885985833,5.030346029264843,1,1,1,0.001696052524492885
Nathans_Bylichka_10470_10479,"“Nathan,”",3.0,2.67,3.0,3.0,3.0,3.0,4.976074223402042,4.991495894908404,5.031728721004313,1,1,1,0.0015548688593732896,4.988055735454575,4.992661844005538,5.029079104848805,1,1,1,0.0015545852222482637,4.968091555390782,5.012299966340068,5.036635693120944,1,1,1,0.0015668426609530331
Nathans_Bylichka_10568_10629,“Rachel met someone last night whom it is best never to meet.,2.6,3.4,3.0,2.4,3.2,2.8,4.9529778898428845,4.976106302956598,4.986883445492276,1,1,1,0.001553931793815915,4.975956516086407,4.98533012996494,4.990133361296124,1,1,1,0.0015617606174109528,4.964147270272803,4.970290741900871,4.989236538792479,1,1,1,0.0015750124943717484
Nathans_Bylichka_11499_11530,"“Just ignore that,” he told me.",2.8,2.6,3.4,2.5,2.0,3.0,4.984140902771346,4.944982530275949,5.006584343446491,1,1,1,0.0016046247180636693,4.989824472087786,4.935885963643593,5.000717955558723,1,1,1,0.0015897071418837032,4.970417389769088,4.95978712847948,5.010616263980057,1,1,1,0.0015980333547403408
Nathans_Bylichka_11894_11916,He parked and got out.,3.0,3.0,3.0,2.8,2.6,3.6,4.9835074546003195,4.950425638945865,5.010756094504511,1,1,1,0.0016016218471830326,5.0101910057289345,4.937332041099525,5.006744549262482,1,1,1,0.0015967474174439266,4.973950185442735,4.990406944924592,5.019675943983336,1,1,1,0.0016059797573196428
Nathans_Bylichka_12318_12349,"Inside, the building opened up.",2.8,3.0,3.0,3.0,2.5,2.83,4.974638008194441,5.011681505410936,5.035431086479284,1,1,1,0.0016077475627687939,4.994640120393467,5.000643319798229,5.033512615135177,1,1,1,0.0016011737392533547,4.968004663085431,5.041638920037935,5.043823132006121,1,1,1,0.0016080575409164104
Nathans_Bylichka_14465_14513,"Even when he talked, he hardly opened his mouth.",3.2,3.0,3.2,2.8,2.6,2.6,4.9864239665013885,4.900731323764611,4.985739547586251,1,1,1,0.0016061648307145484,4.990102679730219,4.886262275723797,4.9904534758747925,1,1,1,0.001569839471615978,4.980305844212719,4.919711959690618,4.994354231816132,1,1,1,0.0016099915585803238
Nathans_Bylichka_14583_14613,The two glanced at each other.,3.0,3.0,3.0,3.2,3.0,3.0,5.001376412214565,4.951130639515938,5.0075849063370645,1,1,1,0.00165827003356192,5.01503928305212,4.939158539179345,5.003096590401254,1,1,1,0.001655890647162652,4.977907197189302,4.986335530726718,5.018406677349068,1,1,1,0.0016723680346526916
Nathans_Bylichka_15350_15360,Let’s go.”,3.0,2.8,3.2,3.6,3.4,3.2,4.989483269478731,5.038961794461656,5.043024768833534,1,1,1,0.0016304879396991712,4.989338601409532,5.032099762672916,5.039510254943879,1,1,1,0.0016391830293809712,4.977814610937159,5.0560065116276,5.04657130555203,1,1,1,0.0016282026938287183
Nathans_Bylichka_15984_16058,"The yellow of this sky wasn’t just smog: it had a leeching, heavy dimness.",2.33,3.0,3.0,2.2,3.2,2.2,4.959015238792005,4.974784541884427,5.003355468196242,1,1,1,0.0015566855688307474,4.968835095985139,4.989527073062742,5.004184953143371,1,1,1,0.0015397891968114432,4.964244638836386,4.966528987403736,5.003315990227549,1,1,1,0.0015689272162251943
Nathans_Bylichka_16250_16414,"Leaning from the rough-hewn window of one building on our right was something with long, green hair draped across the seven gangly arms hanging from its windowsill.",3.0,2.67,3.0,3.0,2.6,3.0,4.978192919483185,5.036604375489926,5.023652142221352,1,1,1,0.0015370442949600089,4.974284018017305,5.046205239195265,5.0211430079461525,1,1,1,0.0015371288835688795,4.953531014876075,5.048490288452928,5.026192350195066,1,1,1,0.0015422967865906677
Nathans_Bylichka_16545_16644,"“We, and thousands like us, have been living separately as long as there has been a human society,”",2.67,3.0,2.67,2.8,3.0,3.0,4.991022828461001,4.998406610100718,5.027338057941552,1,1,1,0.0016173799382691752,4.99780974689712,5.015489185007681,5.0300528967397975,1,1,1,0.0015942810715961324,4.967280445058839,5.0137560425811145,5.0349516638053275,1,1,1,0.0016121287686165337
Nathans_Bylichka_1807_1825,"“It’s from Mitch,”",3.0,2.8,2.8,3.25,2.75,3.5,4.985299723346651,5.003759077339046,5.03549715002699,1,1,1,0.0015588760487096564,5.006137599293176,5.005068135389653,5.032883346072535,1,1,1,0.0015498814094584924,4.955007384303441,5.024155829339365,5.0419272535199084,1,1,1,0.0015593674581190584
Nathans_Bylichka_18875_18908,What you may call me is Nepthys.”,3.0,3.0,3.25,3.0,2.8,3.0,4.985220705580492,4.992240290237653,5.032472928473331,1,1,1,0.0015839225451203189,4.995258115866918,5.000921764200695,5.033153099472554,1,1,1,0.0015785628628822246,4.97372849549032,5.013763603712868,5.042903118162521,1,1,1,0.0015999504089605893
Nathans_Bylichka_19235_19396,"“Just at this corner,” he said, interrupting my immanent panic attack, “we’re going to stop and turn three times widdersh – er, counterclockwise, then face east.",3.0,3.2,3.0,3.0,3.33,3.67,4.96988379691895,5.00625600684638,5.0195733893948775,1,1,1,0.0015622170026090172,4.980189498789682,4.994480993963842,5.020567266050778,1,1,1,0.0015684669093179485,4.971694657810778,5.001750513560198,5.024265319943387,1,1,1,0.0015719906119207323
Nathans_Bylichka_19925_20022,"When it had all burnt, a thin outline of a doorframe appeared on the wall across from our corner.",3.0,2.6,2.6,2.8,2.8,3.0,4.967846359483584,5.005369529582444,5.019562410002266,1,1,1,0.0015527175494824638,4.978187191543058,5.012600417444818,5.019256984256131,1,1,1,0.001548903472345456,4.963612781449431,5.0150281446998175,5.022536226373314,1,1,1,0.001567642221782611
Nathans_Bylichka_20751_20942,"Its arms were thin and long enough to reach any herbs from its cushion in the center of the cart, and with its long, many-shouldered pole of a torso, it rose over our heads even while seated.",3.0,3.0,3.0,3.0,3.0,3.0,4.975723247617477,5.028980664869788,5.037939947050615,1,1,1,0.0015682338486756547,4.9934454525104215,5.0215474951197905,5.039768034630404,1,1,1,0.00155964185267704,4.958074616849498,5.028387081455806,5.036218932040372,1,1,1,0.0015722159221887222
Nathans_Bylichka_21165_21227,"Please, let yourselves breathe the fine scent of these herbs.”",3.2,3.0,3.0,3.5,3.0,3.0,5.000990183382752,4.999940068879763,5.037124648518493,1,1,1,0.0016011003673833625,4.996317038966567,5.0183268078942636,5.04213495177078,1,1,1,0.0015885115481167392,4.975960253315001,5.011717887989575,5.045360513671332,1,1,1,0.0016065390551333405
Nathans_Bylichka_21469_21523,"Please, if we could see him, we would be much obliged.",3.6,3.6,3.0,3.67,3.33,2.83,5.003680869145908,4.913849185232655,5.0045685199665115,1,1,1,0.0015748286926862108,5.018307864350572,4.92200700460923,5.011356950204634,1,1,1,0.001565501684889834,4.994761694058043,4.934839842085552,5.015749400758301,1,1,1,0.0015812275362042008
Nathans_Bylichka_22284_22335,He opened one eye when we came in but did not move.,3.0,2.6,3.0,2.8,3.0,3.2,4.9749747684543815,4.926787956364678,4.986366546850914,1,1,1,0.0016026773469518328,4.983081265491329,4.9227464356283885,4.991015516504591,1,1,1,0.0015902401821761575,4.978345715450883,4.9332823939704324,4.995271832158441,1,1,1,0.0016236284822074628
Nathans_Bylichka_22432_22439,I said.,3.0,2.8,3.6,3.0,2.8,3.2,4.979365571659082,4.984453546869094,5.026719078427854,1,1,1,0.0016239771731999138,5.008032559625346,4.969996196218188,5.022547905365132,1,1,1,0.0016417631852403169,4.968005589926149,5.0009401982795545,5.031070708110654,1,1,1,0.001621102959086874
Nathans_Bylichka_22670_22746,There’s an entire industry in my world based around how unkillable they are.,3.0,3.0,2.6,2.4,3.2,3.2,4.965773649953971,5.050817356101916,5.035606690166079,1,1,1,0.0015867051022379684,4.966315470444794,5.053098183757665,5.0391937911603755,1,1,1,0.0015839451837896797,4.955404670607586,5.047928321580946,5.037456324639935,1,1,1,0.0015918286391730396
Nathans_Bylichka_22840_22951,"They’re almost as rare here, and I’ve never heard a reliable story of someone successfully fighting a vampire.”",2.83,3.0,3.17,3.4,3.4,3.4,4.9759338203227585,4.978432655186705,5.023198975017188,1,1,1,0.0015529233505885403,4.9832549885747515,4.977171413415176,5.0233061772945575,1,1,1,0.0015410554285077362,4.962667685758554,5.007700325913305,5.036591064482794,1,1,1,0.0015625193107364804
Nathans_Bylichka_23485_23490,Okay?,3.0,2.67,3.17,2.8,3.0,2.8,4.9820589734476854,4.96061464418589,5.026442693687514,1,1,1,0.0016355653420323793,4.988023510472659,4.939464805449997,5.023525295754551,1,1,1,0.0016604929755320598,4.968291710794301,4.986632870714567,5.035629136622929,1,1,1,0.0016564424675407075
Nathans_Bylichka_23964_24044,The little man drew a few loud breaths that died in the wooden room’s tight air.,2.67,2.5,2.83,2.4,3.0,2.6,4.957365559651503,4.9936802131897196,5.004550518691181,1,1,1,0.0015670914461994325,4.975869127037905,5.002224912953672,5.006366763868321,1,1,1,0.0015688603959916636,4.9588519917102705,5.005490510246075,5.009429030632765,1,1,1,0.001581138630292145
Nathans_Bylichka_24560_24624,"It would allow me to leave this bed, despite my current illness.",3.2,3.0,2.8,3.2,3.2,3.0,4.976817203679825,5.017785130555018,5.024605089541991,1,1,1,0.0015893232100310409,4.987781970362699,5.025846119150739,5.0308945786997565,1,1,1,0.0015881691923184296,4.961882841688677,5.028157595364268,5.032035487396696,1,1,1,0.0015911252354441484
Nathans_Bylichka_25939_25975,"“Good evening, gentlemen,” she said.",3.4,3.0,3.0,3.83,2.83,3.33,5.000494779964255,4.9698244661163695,5.021006406390448,1,1,1,0.0016163414203021595,5.013153808545769,4.954579694031403,5.0165294518082835,1,1,1,0.0016165618041341042,4.982450149388363,4.988657845632795,5.027891983821057,1,1,1,0.0016182255431821519
Nathans_Bylichka_26029_26045,"“No, thank you,”",3.0,2.6,3.0,2.6,2.6,3.4,4.9901437484265925,4.922473488835081,5.008359612760527,1,1,1,0.0015781726754312555,5.0073125371438625,4.908248401283409,5.002400409748035,1,1,1,0.0015782519426893351,4.977226903699272,4.938339027637571,5.009439819692698,1,1,1,0.0015702212853439957
Nathans_Bylichka_26161_26167,"“Yes,”",3.4,3.2,3.2,3.4,3.2,3.4,4.983091582970943,4.994561924583081,5.031421262317993,1,1,1,0.0015783748752754853,4.996058954005395,4.992329353974836,5.028270856329414,1,1,1,0.0015796665333943705,4.97003367348473,5.003082370667756,5.033114403427108,1,1,1,0.0015903024141956735
Nathans_Bylichka_26161_26187,"“Yes,” answered the woman.",3.0,3.0,3.0,3.4,3.2,3.2,4.99359700514722,4.9936984345696755,5.035997828332855,1,1,1,0.0015976904063793114,5.025674176877455,4.986383345671223,5.0339019829615985,1,1,1,0.0015979959410986056,4.975576138028759,5.016586062940929,5.042975222322394,1,1,1,0.0015946588423088968
Nathans_Bylichka_26947_26965,The woman laughed.,3.8,3.0,2.8,4.0,3.0,3.0,4.978625306135248,4.9882856264293185,5.023626283511996,1,1,1,0.0016127651356120918,5.005231826656212,4.974440293323243,5.0235780105202235,1,1,1,0.0016083385776345742,4.9661112868546695,5.019290056754976,5.033175304903687,1,1,1,0.0016097173604735539
Nathans_Bylichka_27990_28125,"In its center, under a spearing, white light, was a golden table draped with a blue velvet cloth, on which lay a gray, plum-sized rock.",3.2,3.4,3.2,3.0,3.0,3.0,4.971332979530355,5.021686354878678,5.0268862778462005,1,1,1,0.001547770461221861,4.976985876318685,5.02713521606786,5.027647752062101,1,1,1,0.0015558792282089583,4.9541628276990695,5.038714590682261,5.03156680061082,1,1,1,0.0015646904681560728
Nathans_Bylichka_28372_28415,"“You wouldn’t give me the human, would you?",3.0,2.4,3.4,3.0,3.0,3.2,4.966755966398692,4.995149668762666,5.019543410591076,1,1,1,0.0015710033195996478,4.971283403254645,5.008249188210934,5.0218781921862305,1,1,1,0.0015735040886721752,4.974920850398753,5.002766510792857,5.030510800267841,1,1,1,0.0015826373001153065
Nathans_Bylichka_28698_28706,“A pint?,3.0,3.0,3.4,3.0,3.25,3.0,4.9751220489743275,4.994294365404876,5.038142006282533,1,1,1,0.001620979747080762,4.983293739179995,4.991747618013062,5.035375096623323,1,1,1,0.0016180565613257507,4.978444200512872,5.014961076605779,5.044847074481973,1,1,1,0.0016161303035701845
Nathans_Bylichka_28807_28828,Nepthys turned to me.,2.8,2.8,3.2,3.2,3.2,3.2,4.986112106194266,4.98664134707332,5.02840138708329,1,1,1,0.0015898723780238399,5.00281821606262,4.9831763865887,5.024317296693646,1,1,1,0.001594663994520738,4.978970742975488,5.006248157249098,5.035484296253909,1,1,1,0.0016033656368317987
Nathans_Bylichka_29483_29519,"“Roll up your sleeves,” she told me.",3.0,3.2,3.4,3.0,2.6,2.6,4.981805030507446,5.009623092381393,5.030679362241047,1,1,1,0.0016048227013224596,4.998650540294718,5.007715913418846,5.029688659902131,1,1,1,0.0015991059060590765,4.971041519268376,5.024213086483899,5.037540923142425,1,1,1,0.0016137224064196938
Nathans_Bylichka_29927_30019,"“They take about a quarter-pint each,” said Madame Entera, drawing out another skinny leech.",3.0,3.0,2.8,3.0,2.8,3.0,4.9673694289664425,4.969521530160021,5.013538238600734,1,1,1,0.0015668383816135967,4.974736562754913,4.981907903898255,5.0124535856587755,1,1,1,0.0015540654355145366,4.952960126610892,4.981810629074719,5.019681092531964,1,1,1,0.0015632733787648305
Nathans_Bylichka_31253_31326,I took about half of the Bloody Mary in one gulp and then ate the celery.,3.0,3.0,3.2,3.0,3.0,2.5,4.961985133283083,5.009508745191926,5.0093168170994815,1,1,1,0.0015841433578642399,4.979593100995579,5.004967664424087,5.012118944597179,1,1,1,0.001564467494971416,4.959189795016861,5.021925925924558,5.016795319021882,1,1,1,0.0015874593821403513
Nathans_Bylichka_31359_31459,"“Okay,” I said, “now that we’re sitting down, can you explain a little more of what’s going on here?",3.0,3.33,3.33,3.0,3.0,3.2,4.955454729080166,5.014352679560508,5.035205012000844,1,1,1,0.0016005992427793525,4.986500747466377,5.008267437450199,5.037605690192427,1,1,1,0.0016276288415289248,4.947975011699383,5.019349862392177,5.046104779218281,1,1,1,0.0016120353252166207
Nathans_Bylichka_31628_31664,This place is just a little of both.,3.0,2.2,2.6,3.0,2.33,3.0,4.9319697885521325,4.995929237929802,5.040543865459192,1,1,1,0.0016824325360415722,4.948341423200238,4.990005621042485,5.0360201401826306,5,5,5,0.0016620491576599024,4.940652520364621,5.026286314418346,5.043333469204518,5,5,5,0.0016656133618082603
Nathans_Bylichka_32470_32523,"Some of them actually commit to this society, though.",3.0,3.0,3.0,3.0,2.6,3.0,4.9769477151304855,4.977579344916679,5.016736243346538,1,1,1,0.0015878989024758839,4.977898179089474,4.980095926334151,5.016207672847995,1,1,1,0.0015701520429929716,4.959075537155242,4.991370421963699,5.0242632711203274,1,1,1,0.001572175764710493
Nathans_Bylichka_3411_3483,"Now spring was back, under the concrete, and I could smell it even here.",3.2,3.0,3.0,3.0,2.8,2.8,4.987647656846578,5.007838484302887,5.037030275731642,1,1,1,0.0015966223729921947,5.016795570257774,4.9999746892829435,5.039562563967093,1,1,1,0.0016092367993291862,4.982104504884509,5.01995234704607,5.042176863386706,1,1,1,0.0016223297940781128
Nathans_Bylichka_35181_35203,"“I agree,” I told him.",3.0,2.4,3.0,3.4,2.8,3.8,4.9905875480554425,4.968481403715273,5.0359923742318635,1,1,1,0.0016587694383753174,5.023046320738106,4.950082935306273,5.032310816686941,1,1,1,0.0016685706829937656,4.978767525405982,5.000642394788908,5.043191744525006,1,1,1,0.0016672704276595634
Nathans_Bylichka_35452_35541,"The air around me seemed to still sound, and light came in around the corners of my eyes.",3.0,2.8,3.0,3.4,3.2,2.8,4.99230544855089,5.008262647493924,5.037581015539642,1,1,1,0.0016129114856310378,5.009219949957606,5.022285879309647,5.039898538841718,1,1,1,0.0016092973819925754,4.9761215829722,5.014721690852825,5.037219075049284,1,1,1,0.0016063207367481005
Nathans_Bylichka_35542_35577,“Do you know what this thing does?”,3.0,2.75,3.25,3.0,3.2,2.8,4.9703265138875485,5.0114531569495275,5.033367972051181,1,1,1,0.001565661231248232,4.977267508658564,5.0236360355277005,5.0326244802782645,1,1,1,0.0015584027008855755,4.958126307638159,5.031607006296162,5.040282907553506,1,1,1,0.0015788214176868625
Nathans_Bylichka_36298_36360,"When she didn’t move, I knelt down and put a hand to her brow.",2.8,3.4,2.8,2.8,3.4,2.8,4.9920576368420555,4.979970521145301,5.03013677750001,1,1,1,0.001599296025689309,5.004452170572408,4.973569311383141,5.031177683845088,1,1,1,0.0015865638783430578,4.9862956952689075,4.991952568864537,5.033664732733213,1,1,1,0.001614141077795891
Nathans_Bylichka_36613_36733,The next thing that comes out of your mouth is probably what she’ll respond to until we figure out how to put her back.”,3.0,2.6,3.0,3.0,3.0,3.2,4.963058014519492,5.034788156960308,5.028130765457158,1,1,1,0.0015524179730420288,4.978046925336808,5.02701654121409,5.0281656813998685,1,1,1,0.0015577699961524393,4.953922928739567,5.029292648398863,5.0356535275665415,1,1,1,0.0015756979486185227
Nathans_Bylichka_36947_36982,Nepthys looked at me incredulously.,3.0,2.6,3.0,3.5,3.5,3.0,4.947466259513353,4.96577528144128,5.0073045575227155,1,1,1,0.0015924009460186446,4.960979393365394,4.971738552776057,5.005999861636031,1,1,1,0.0015703834389223532,4.949451124632793,4.990746592885774,5.014981812032671,1,1,1,0.001595605437742828
Nathans_Bylichka_37140_37257,"Amy smiled at me and let go of my arm, but not before she brought my fingers to her lips and gave them one soft kiss.",3.8,3.6,3.4,3.8,3.6,3.2,4.982624049490857,5.019781324792628,5.038460741543908,1,1,1,0.0015844190721112778,4.999079296153859,5.013343939114814,5.042174383724395,5,5,5,0.001589832948166904,4.971052768268118,5.014465669286153,5.039060977423546,1,1,1,0.0015947609034057029
Nathans_Bylichka_37270_37303,I stood up and Amy stood with me.,3.2,3.0,3.0,3.2,3.0,3.4,4.993714604861081,4.992243619665853,5.034222224409663,1,1,1,0.0016951437674515716,5.014313470448538,4.983749345300277,5.032939880577906,1,1,1,0.0016921610607773193,4.9782205543373035,5.015645049791296,5.040267789756983,1,1,1,0.0016811814411566352
Nathans_Bylichka_37351_37366,"“I suppose so,”",3.0,3.0,3.0,3.0,3.0,3.2,4.992148210807857,4.956016377431912,5.025679023527015,1,1,1,0.0016278788770938907,5.017831586209441,4.9522332180480255,5.0235631624873704,1,1,1,0.0016261579704081482,4.981521122244406,4.978124165281759,5.03218617020462,1,1,1,0.0016101069652938358
Nathans_Bylichka_3826_4024,"We slammed against the doorway and I was laughing too, the pulse close enough to shake the doorframe and set up vibrations in my chest, Rachel in my arms because she’d used me to soften her landing.",4.2,4.0,3.4,4.0,3.6,3.0,4.977786697334697,5.12375841107238,5.045904083040162,9,9,9,0.0015642447610940172,4.994325537368468,5.1192854865760475,5.051598603986301,9,9,9,0.0015615828107550076,4.967962924697862,5.120654822817895,5.046078864337664,8,8,8,0.0015496347235710165
Nathans_Bylichka_38420_38520,"I thought about Rachel; in the excitement, I had forgotten why we were chasing down vampire experts.",3.0,3.0,3.0,3.2,3.8,3.0,4.965342428809275,5.065917191981433,5.029158538942848,1,1,1,0.0015525779545881426,4.981834089962503,5.0654237345925575,5.030645356661479,8,8,8,0.0015464505307351097,4.955686186605231,5.069166691004098,5.030029383675883,1,1,1,0.0015474893006232684
Nathans_Bylichka_39463_39552,"He was naked, but there was nothing to hide: his body was hairless and completely smooth.",3.0,2.2,3.0,3.6,3.2,3.4,4.983833724451426,4.995153202985108,5.019103946097083,1,1,1,0.0016086046492947799,4.987849065261894,5.001006312445554,5.01798371736079,1,1,1,0.001584499753036742,4.963406973993525,5.000371784294655,5.014152329149498,1,1,1,0.0016052508475968164
Nathans_Bylichka_40025_40116,"I shivered as I walked past the pale man’s blank eyes, wondering what they were staring at.",2.6,3.0,2.0,1.25,3.0,1.5,4.943773837929418,5.009791932814259,5.007704737572315,1,1,1,0.001566265448147111,4.95730560790306,5.032229860790803,5.006919905762384,1,1,1,0.0015491850263973125,4.944441354295979,5.022882413551774,5.006895440226758,1,1,1,0.0015651431518388414
Nathans_Bylichka_41673_41727,I don’t wish to be reminded of how old I actually am.”,2.8,3.0,3.6,2.2,3.4,3.0,4.995574573251559,4.938120476366927,5.025597981617262,1,1,1,0.001590938206720215,5.00481418320957,4.934969483245808,5.026969933832268,1,1,1,0.0015781850186466777,4.993960040459237,4.939102898413655,5.032316670063471,1,1,1,0.001581038563013536
Nathans_Bylichka_41728_41804,A wave to the pale men brought a bottle of red wine and a platter of grapes.,3.2,3.4,3.2,3.4,3.2,3.2,4.985466922516215,5.007945178183177,5.024803587738397,1,1,1,0.0015704798604835439,5.005207416682396,5.0172663822298444,5.0254874543701495,1,1,1,0.0015753917582230926,4.971409613960718,5.029453367184591,5.030197446042528,1,1,1,0.0015898083414903996
Nathans_Bylichka_42765_42853,"“That sweet, small nose, and her soft lips – she’d kiss well, I should think, if gently.",3.6,3.0,3.4,4.0,3.67,3.0,4.999484087257963,4.976796011710498,5.031641079499263,1,1,1,0.0015844385266395385,5.019432995262482,4.978410695875148,5.028821260413325,1,1,1,0.0015765709403273997,4.974366058059805,4.995827365371044,5.037712318444182,1,1,1,0.0015770976251276477
Nathans_Bylichka_43469_43475,"“Mmm,”",3.4,2.6,3.0,3.6,3.2,3.0,4.998084118092684,4.971189260687591,5.031378503697948,1,1,1,0.001586111971169715,5.007604267789237,4.971740385936682,5.028323164810658,1,1,1,0.0015909637408543437,4.976475353677333,4.986527281292236,5.033348316717314,1,1,1,0.001605278927976465
Nathans_Bylichka_43489_43548,I couldn’t tell what the thoughtful look on her face meant.,2.83,3.0,2.5,3.2,2.8,2.6,4.965891128521161,4.9613699493988035,5.009903731724706,1,1,1,0.0016109276206186468,4.98844099149181,4.962634449273377,5.016799952258336,1,1,1,0.0015885179401934253,4.9748169744004525,4.973997112109151,5.017986240812776,1,1,1,0.0016061202918392027
Nathans_Bylichka_43713_43719,“I do.,3.0,3.0,3.0,3.2,2.8,3.2,4.9808439065349726,5.00719845313913,5.038293136134289,1,1,1,0.0016224858642714692,4.987532720575349,5.001017890655552,5.037126298058897,1,1,1,0.001641337291103078,4.974419861791402,5.028323576240489,5.043923175620273,1,1,1,0.0016173149151368302
Nathans_Bylichka_43720_43744,Describe this one to me.,3.0,3.2,3.2,3.0,2.4,3.0,4.986340330025066,4.999815954120626,5.028532999702597,1,1,1,0.001595289189276512,5.0232719278409785,4.9815036210369925,5.018288567999888,1,1,1,0.0016113897103110794,4.974424914336546,5.019755446773254,5.036653262288847,1,1,1,0.0016293667837752376
Nathans_Bylichka_44317_44334,“That’s amazing!”,4.4,4.4,4.0,4.2,4.0,3.0,5.013226369332143,5.029421665938555,5.046305965773225,1,1,1,0.0016218713986164712,5.03142520144291,5.024468532490864,5.048080169810856,1,1,1,0.0016467678365646513,4.990251817522282,5.058442173806553,5.053260908666646,1,1,1,0.0016286195682969757
Nathans_Bylichka_44355_44398,I would have sworn to you that he was dead.,2.8,3.4,3.0,2.4,3.0,3.0,4.988605527119038,4.994160414419125,5.013476455480606,1,1,1,0.0015841732602534433,4.986770539440531,4.995257171484385,5.017676918629014,1,1,1,0.001550821552123441,4.969993619954653,5.000148901459858,5.017530785785436,1,1,1,0.0015558535888570313
Nathans_Bylichka_4496_4691,"Rachel stepped forward into the crowd while I took a moment to drink in the ceiling’s blue-lit, shadowed vault and the light-catching haze from who-knows-what rising between the DJ and the crowd.",3.0,3.4,3.0,3.4,3.4,3.2,4.997739841902112,5.047973909431981,5.036719648285065,1,1,1,0.0015719353334890382,5.014363333228821,5.042714579336428,5.040726643905022,8,8,8,0.0015736329522532554,4.98025064240737,5.047998674753308,5.03766973264889,1,1,1,0.0015859691720084073
Nathans_Bylichka_45458_45545,"Shivers swept through her body, and Nepthys reached out to touch her but I stopped him.",2.6,3.2,3.4,2.6,4.0,3.2,4.9748014793370965,5.033936675282468,5.017434184995111,1,1,1,0.0015334252310546118,4.985178141757061,5.046021451938343,5.014823733412083,1,1,1,0.001515564107904319,4.96582596495857,5.049646125454135,5.0174202032629225,1,1,1,0.0015599753379534726
Nathans_Bylichka_46179_46193,asked Nepthys.,3.0,2.8,3.0,3.0,3.0,3.0,4.984490579903458,4.985656228297644,5.037901749478843,1,1,1,0.001604092758764319,4.996683958087066,4.980500356761365,5.031601372956361,1,1,1,0.0016008161046123272,4.970744205000507,5.001400841383736,5.042664032507233,1,1,1,0.0015983334565212092
Nathans_Bylichka_46373_46396,"“I found your vampire,”",2.8,3.4,3.2,3.4,3.6,3.6,4.973650729645595,5.001511545084472,5.026170941193882,1,1,1,0.0015492208887220602,4.993438988767308,5.009469981875467,5.023491125307515,1,1,1,0.001552224813246933,4.962864507775961,5.0256199188095305,5.03471479347548,1,1,1,0.0015710326127648824
Nathans_Bylichka_46407_46504,“but he might know that someone’s looking for him. He’s taken great pains to keep himself hidden.,2.8,3.0,3.0,2.8,3.2,3.0,4.978032762198251,4.998907179984337,5.022898679597074,1,1,1,0.001562946948356259,4.9851922478195645,5.007439869264584,5.022148311261561,1,1,1,0.001558288049048048,4.966436172183484,5.004586312441818,5.025222224302489,1,1,1,0.0015496060996001062
Nathans_Bylichka_46789_46850,"I stood, and one of her servants took me and Amy to the door.",3.0,2.8,3.0,3.0,3.0,2.8,4.978270231067755,5.004127176791276,5.018064462041068,1,1,1,0.0015802641388001203,4.985271467786864,5.0106525834806295,5.020729806940352,1,1,1,0.0015886640332788144,4.9714031287359095,5.013099491489973,5.0231583263946336,1,1,1,0.0015986199928917366
Nathans_Bylichka_47071_47155,Nepthys caught up with us after a minute and walked silently to the end of the hall.,3.0,2.5,3.25,3.0,3.0,2.8,4.982014935633604,4.968763981211993,5.014511298877467,1,1,1,0.0015621447861158255,4.990656211759886,4.965856658554622,5.012576353020424,1,1,1,0.00157502158678464,4.9720535477914,4.976755153449192,5.015483102332692,1,1,1,0.0015704508956394959
Nathans_Bylichka_47357_47386,"“Mountain ash,” said Nepthys.",2.67,2.33,3.33,3.0,2.6,3.0,4.990530163062801,4.985206063139999,5.035511691160891,1,1,1,0.0015829645693065237,4.998821578179976,4.989076150025488,5.034644939447276,1,1,1,0.0015570634774520267,4.974197079736233,5.009453261803768,5.043305789643507,1,1,1,0.0015887318106427304
Nathans_Bylichka_47387_47415,“That was very kind of her.”,3.4,2.8,3.0,4.0,3.0,3.67,4.990736169280819,4.944873724927791,5.027764921589311,1,1,1,0.0015902442077746508,5.020891689865169,4.934407494382194,5.027847354124985,1,1,1,0.0015893302919880456,4.979836780796511,4.983647438484923,5.036732892951072,1,1,1,0.0015938656397093927
Nathans_Bylichka_47736_47849,"In a few minutes, we were back to the first door we’d knocked on in this town and Dvorov himself was greeting us.",3.4,3.4,3.2,3.4,3.6,3.2,4.975072926221633,5.04255818657605,5.034782767418502,1,1,1,0.0015682497454085542,5.003340510408201,5.039983633368577,5.038501729937398,1,1,1,0.0015733362452778556,4.975557819396757,5.0418914686302045,5.040950601156928,1,1,1,0.001591161967813662
Nathans_Bylichka_48083_48096,You’re crazy.,2.4,3.6,3.6,3.0,3.0,3.0,4.946932452648505,5.010626896094195,5.004416830429145,1,1,1,0.001603881206389985,4.947381676026639,5.007569164919918,5.005786716304055,1,1,1,0.0015925089631352877,4.95121486132403,5.03223452989686,5.01089091478911,1,1,1,0.0015963229172935764
Nathans_Bylichka_48414_48482,"I don’t want my customers thinkin’ that anything’s wrong, you know?”",2.2,3.4,3.4,2.6,2.8,3.0,4.986321890653051,5.001895409626507,5.02897619992971,1,1,1,0.0015749438917070856,4.9942733516665845,5.000080356466988,5.029069151394081,1,1,1,0.0015646235728903897,4.972626057565303,5.009420439155567,5.037116391966484,1,1,1,0.0015859262648648348
Nathans_Bylichka_48977_49106,"Something with too many arms was manning the turntables above the crowd, which looked more impenetrable tonight than ever before.",3.0,2.8,3.0,3.0,3.0,3.0,4.959852925567461,5.043165965970526,5.014090177942473,1,1,1,0.0015452261219590817,4.988143118057057,5.03964191222511,5.019743284682482,1,1,1,0.0015457447155643122,4.960236510904183,5.0394745779220225,5.021549743117575,1,1,1,0.0015689289451551332
Nathans_Bylichka_50705_50834,"Then a looming shape to my right fell away, and I saw him in a flash of the strobe, his black eyes staring deadly into the crowd.",2.67,3.33,3.0,2.33,3.67,2.5,4.980423398851793,5.072194095685102,5.0350382077357825,1,9,1,0.0015486424283199828,4.984129399721634,5.083137027085407,5.037745677006089,9,9,9,0.0015367429800341224,4.970137049331093,5.075478340030859,5.036664950219251,1,9,1,0.0015546319591150943
Nathans_Bylichka_54304_54357,A black hallway opened into a space like a cathedral.,3.0,2.8,3.0,3.2,3.0,3.0,4.9909746074667,5.035493813008818,5.026864098198611,1,1,1,0.0015750635476826566,4.994470280537395,5.0534619835523635,5.031787838891928,1,1,1,0.0015660047288555729,4.96906315878941,5.039054785987842,5.030504623138571,1,1,1,0.0015882781580543641
Nathans_Bylichka_56355_56441,"Taste, hearing and touch became a single blur, and I do not know if my eyes were open.",2.6,3.2,2.4,3.0,3.4,3.0,4.979023631558386,4.9908597035156825,5.003668332978775,1,1,1,0.0016118314587287646,4.984889172625065,4.990641309388302,5.005523875972292,1,1,1,0.001569659071716198,4.973268580328411,4.989594055549439,5.006413910688773,1,1,1,0.0016030404378402185
Nathans_Bylichka_6605_6651,I walked across what had been the dance floor.,3.0,3.0,3.0,2.8,3.0,3.0,4.99812070072001,4.9833413711943315,5.0232729471220985,1,1,1,0.001595374445437315,5.006382332717243,4.984446723011651,5.025397262552866,1,1,1,0.001597583385326618,4.982567406382127,5.006524317933187,5.032246071317074,1,1,1,0.001612349268064464
Nathans_Bylichka_6943_7160,"I realized that Rachel had disappeared without leaving a clue and I had no way to do anything but wait for her to show up – which, if she were in a situation where I should be doing something, would probably be never.",2.6,2.4,2.4,2.2,3.0,2.0,4.948017249761403,4.984207460228722,4.994145200677505,1,1,1,0.0015807803741058068,4.947644293373489,4.988499607837181,4.999491238188797,1,1,1,0.0015768655605465527,4.934324529701122,5.006729328286756,4.994811068199249,1,1,1,0.0015663614411280744
Nathans_Bylichka_7444_7511,"She didn’t come home last night, none of her friends have seen her.",2.8,3.2,2.8,2.0,3.8,2.6,4.96349843266525,4.962782190034359,4.992695198961663,1,1,1,0.0015703233622989079,4.975464374345609,4.965087444975775,4.998627197389906,1,1,1,0.0015679995761480213,4.964614177658826,4.974587470712687,4.99900470562728,1,1,1,0.0015818300471170214
Nathans_Bylichka_7512_7596,"…Sir, if she’s in any danger, it will probably be too late to help her by that time.",2.6,3.4,2.8,2.2,3.2,2.8,4.987731528279744,4.962292599020956,5.008240577720996,1,1,1,0.0015657311808395878,4.990627482620615,4.966028511090631,5.013674865277898,1,1,1,0.0015556167348579595,4.965008413936932,4.980729729797008,5.016237298253534,1,1,1,0.0015652934857959475
Nathans_Bylichka_7687_7697,"…Yes, sir.",3.0,2.6,2.4,3.2,3.0,2.0,4.9809283633146,4.971223809611981,5.019864058601154,1,1,1,0.0015921989310091892,4.995409496563983,4.957264465649558,5.01491616958937,1,1,1,0.0015860318104667706,4.970871968019775,4.984175260888627,5.027108774068955,1,1,1,0.0015900025574154195
Nathans_Bylichka_8345_8399,It slowed down as it neared me and I started to worry.,2.4,3.2,3.0,2.0,3.6,2.4,4.945650798766973,4.9921093531481215,5.005339822728168,1,1,1,0.00160190533302006,4.952639610804727,5.002388665589516,5.012595941424623,1,1,1,0.0015778978437164075,4.959304783420793,5.010237184906137,5.0099239290877176,1,1,1,0.0015867012036895182
Nathans_Bylichka_8400_8438,This wasn’t the best of neighborhoods.,2.8,3.0,3.0,2.4,3.0,3.0,4.928288538375716,4.950843206236275,5.007545194894853,1,1,1,0.0015861002238091626,4.945468531906279,4.948231957157745,5.007905298968377,1,1,1,0.0015884158872670573,4.9475833227406145,4.980920500076573,5.011484880055662,1,1,1,0.0015970107223800558
Nathans_Bylichka_8533_8571,I heard an automatic window roll down.,3.0,3.4,3.0,3.0,2.8,3.0,4.981832686104935,4.987683897620942,5.025939423272443,1,1,1,0.0015830706521366839,4.990287550203601,4.990326363537731,5.025623942156249,1,1,1,0.0015773791217667712,4.972178152005825,5.01903165154126,5.034745174165279,1,1,1,0.0015967099260807973
Ohio_Steel_10968_11076,"America’s steel remained unsold, flooding the world market with inferior products that no one wanted to buy.",2.8,2.8,3.2,2.8,3.4,3.0,4.933201428255238,4.9619854351438,4.998011910931978,1,1,1,0.0015543034015863633,4.943348358988976,4.979326224376974,5.00191834346778,1,1,1,0.001537156178600689,4.928875725542046,4.972930331414087,5.002604632360594,1,1,1,0.001571405882264446
Ohio_Steel_12561_12666,"College tuition, clothes, food, and heating all had to come before donations to non-profit organizations.",2.8,2.8,3.0,3.0,3.0,3.0,4.960193034412818,4.961457126443844,5.005940322747934,1,1,1,0.0015728671489317427,4.986586853099673,4.9646877262476306,5.010454657767595,1,1,1,0.0015591238098194005,4.954551791099555,4.9612679459954565,5.003677962154826,1,1,1,0.0015781716060512948
Ohio_Steel_13543_13777,"Beyond that, no one knew how they should proceed: everyone knew that saving the mills was important, but nobody stepped forward with a full-fledged plan to do it without losing huge amounts of money and dragging even more people down.",2.67,3.0,2.83,1.8,3.4,2.2,4.9712374171886955,4.983926045397105,5.001716016427979,1,1,1,0.0015649453162226389,4.9784092747041875,4.974447503809179,5.0029911785320715,1,1,1,0.0015832964145001377,4.955544283599204,4.9920651502749305,4.99511984755727,1,1,1,0.0015874310350515362
Ohio_Steel_14127_14211,The Campaign failed to save any jobs and Youngstown was plunged into economic chaos.,2.25,2.75,3.25,2.6,2.8,2.6,4.912555741033933,4.9724067087465444,4.98930573204305,1,1,1,0.001558095249105234,4.919069316686288,4.966498481189316,4.993683336078892,1,1,1,0.0015417265067407923,4.927166646877448,4.968608844131246,4.990810681584004,1,1,1,0.0015833306641673613
Ohio_Steel_1446_1644,"Rather than sit back and wait for their jobs to be snatched away, the workers and local union members in the mills fought long and hard to be able to keep the factories open.",3.0,3.0,3.25,3.0,3.6,3.6,4.95823096239274,5.0189753075676755,5.034229049048124,1,1,1,0.001571306257939142,4.975360578945969,5.013539958647325,5.0382451540173365,1,1,1,0.0015734809255206054,4.95619515510621,5.020958519663212,5.036254216346967,1,1,1,0.0015857801099097603
Ohio_Steel_15258_15480,"Rather than try and come up with some sort of scenario, the USWA simply ignored what was going on in Youngstown, hoping that perhaps the problem would resolve itself, or at least not spread any further than it already had.",2.6,3.0,2.8,2.4,3.0,3.2,4.975949194297055,4.940888823612508,4.9987326492465245,1,1,1,0.0015646004925183197,4.984009729584937,4.939721489242414,5.004743386765904,1,1,1,0.0015836975590524294,4.958673482782016,4.9567512464805095,4.998216873703086,1,1,1,0.001601772311635743
Ohio_Steel_16099_16231,"This would mean that UWSA would lose credibility with the American government and its people, something they could not afford to do.",2.6,2.8,2.8,2.33,3.33,2.33,4.963977414627688,5.015241281075433,5.023335009921283,1,1,1,0.0015563786045657902,4.985302764119959,4.9937549957143705,5.02183498714032,1,1,1,0.0015652618888330238,4.953438725284353,4.9984223141131565,5.020469404768944,1,1,1,0.0015669872670818594
Ohio_Steel_16232_16320,"Therefore, they decided to withdraw support and let the local branch fight it out alone.",2.8,2.6,3.4,2.8,3.0,3.0,4.96210801932455,4.968674956223427,5.0005224236044405,1,1,1,0.001559289367822358,4.9909292349180445,4.951234686861844,5.003292258344189,1,1,1,0.0015671408856027858,4.97042206895534,4.973280618083248,5.006591569069658,1,1,1,0.0015702581238679117
Ohio_Steel_20173_20296,"For the people of Youngstown, Black Monday was not just a historical event- it was the most important event in their lives.",3.0,2.5,2.5,3.0,3.0,3.0,4.976924893712663,5.078461403057349,5.03270014764442,9,9,9,0.0015590862094721641,5.006150140214743,5.066766078128534,5.034505976196243,9,9,9,0.0015609874635029981,4.976043213118796,5.069656531442638,5.037439895318706,1,1,1,0.0015845947647736911
Ohio_Steel_5521_5669,"Old technology was not replaced, obsolete methods were not updated, and almost none of the industry’s profits were being utilized to help modernize.",2.8,2.8,3.2,2.8,3.0,2.8,4.943100493695087,4.9787599195937275,4.994156306541842,1,1,1,0.0015592800804748728,4.96818031969406,4.9739578717859985,5.001237194368196,1,1,1,0.0015567538569852808,4.943135897163026,4.976149201797689,4.995877137171677,1,1,1,0.0015807343575552325
Ohio_Steel_7193_7237,"“to get up a petition to stop the shutdown,”",3.0,2.8,3.2,3.2,3.6,3.2,4.986115895309499,4.964700835384907,5.017065908077427,1,1,1,0.0015688258457415827,4.991413513996656,4.968949908772328,5.017375417516429,1,1,1,0.0015536529437414324,4.969806247117423,4.99350514556568,5.032729834817567,1,1,1,0.0015651730820345157
Ohio_Steel_7289_7451,"The petition was circulated, eventually including thousands of signatures; it was then given to USWA representatives to present to President Carter in Washington.",3.0,3.0,3.2,3.4,3.4,3.4,4.976982888354786,5.0078622897143426,5.02778144402005,1,1,1,0.0015575932031521328,5.003345155511147,4.991887942373645,5.0313352144218,1,1,1,0.0015755490626768764,4.963732520579359,5.005369427093677,5.037184252812178,1,1,1,0.0015738920776461277
Ohio_Steel_7949_8077,The Coalition drafter letters to the Lykes Company asking if a group of workers might purchase the mill and run it collectively.,3.33,3.67,3.67,3.0,3.0,3.0,4.954498533069666,4.986931854139187,5.0183677546536,1,1,1,0.0015401160826406413,4.966266597305115,4.994599544984412,5.02001107683733,1,1,1,0.001546072396751509,4.9443673551265075,5.002704523112247,5.030593045215683,1,1,1,0.0015572489118012172
Ohio_Steel_9211_9319,The efforts to save the mills failed partly because the international market for steel had largely dried up.,3.0,3.0,3.0,2.2,2.8,2.8,4.944872058147096,4.950797201766318,5.006338135083429,1,1,1,0.0015446936973630846,4.963776769783257,4.950974023698132,5.010992102884705,1,1,1,0.0015528715792687876,4.9426195013677585,4.956854862006512,5.009564890626146,1,1,1,0.0015791256995290489
Ohio_Steel_9575_9680,"Foreign steel was easier and more efficient to make, and was often of higher quality than domestic steel.",3.2,3.0,3.2,3.0,3.0,3.0,4.944762802359157,4.9818909711553,5.02715763887551,1,1,1,0.001577688528179908,4.963775933710638,4.991438747976924,5.032582946199135,1,1,1,0.0015735802218805987,4.929917778117949,4.996483481692092,5.030282551291032,1,1,1,0.0015957359907488788
Ohio_Steel_9681_9796,"Foreign steel companies invested in their factories, updating their technology and replacing their equipment often.",3.0,2.8,3.0,3.2,3.2,3.2,4.970494789662498,5.014740791794237,5.03049892216934,1,1,1,0.0015625666526642096,4.981939276301863,5.021745120942254,5.0373521140365405,1,1,1,0.0015756154277912237,4.961973343914472,5.019618234812222,5.035960422812062,1,1,1,0.0015899658029493637
Ohio_Steel_9797_9952,"This meant that foreign facilities were more modern and efficient than any plants in America, and therefore were able to export a more competitive product.",3.0,3.0,3.25,2.6,3.0,2.8,4.9593797822145245,5.030305386210057,5.022780690078429,1,1,1,0.0015611909867843242,4.9794869067422045,5.016659920399519,5.024226165545121,1,1,1,0.0015659279364109238,4.946039269999686,5.024499881716908,5.0285123197425845,1,1,1,0.0015865304567457706
Ohio_Steel_9954_9990,Foreign steel was also much cheaper.,3.0,3.0,3.0,3.0,2.67,3.33,4.942706389269047,4.938293171583839,5.022851859119328,1,1,1,0.0015836493288073179,4.975744461799975,4.937258892654551,5.025607295115778,1,1,1,0.001594327220105037,4.941984089377151,4.972386074734802,5.031898319425336,1,1,1,0.0016058509097870604
Seedbombing_1086_1214,Or you could go out to the shed and grab a few handfuls of that sod mix you got at that estate sale last year and get to mixing.,3.0,3.0,3.0,3.2,3.4,3.2,4.992407185885991,4.999602632740849,5.023761065729943,1,1,1,0.0015822063121264998,5.008350778808759,4.996248521791631,5.0225173302588,1,1,1,0.001573319451580792,4.97353983162967,5.028013366669685,5.032086562287343,1,1,1,0.0015970866326172662
Seedbombing_1551_1573,Customize it yourself.,3.0,3.0,3.2,3.2,3.0,3.4,4.9924005293239935,5.012277855325891,5.0313827054272435,1,1,1,0.0016022115420128917,5.017027892298023,5.023696041239529,5.036989047459512,1,1,1,0.0016037756370072525,4.971822994891385,5.02600459669854,5.032526088568213,1,1,1,0.0015985150316306005
Seedbombing_2208_2269,I ended up with a broken fingernail and dirt all over my lap.,2.0,3.25,3.0,2.2,3.2,3.0,4.9380951592518025,4.982782130099896,4.9957918550681075,1,1,1,0.001569535401619142,4.9480953334789,4.996175914140162,5.0019304387618275,1,1,1,0.0015617709497133803,4.960116774847877,4.994052782203751,5.002993096026824,1,1,1,0.0015756181777031978
Seedbombing_2628_2661,And the last lesson -- have fun .,3.6,3.2,3.6,5.0,3.0,4.0,5.008103616070926,5.0016656974519815,5.037386239642873,1,1,1,0.0016449232183626704,5.027246046258889,4.987403628776851,5.031144788306283,1,1,1,0.0016266048458991851,5.000793199697947,5.021314710948357,5.043333043083692,1,1,1,0.0016396920909801736
Seedbombing_2865_2891,Do it to see how it feels.,3.0,2.5,3.25,2.8,2.8,3.4,5.000998970127026,5.028085490554591,5.036737331198209,1,1,1,0.0016343349931123106,5.011606916564064,5.043416115077944,5.037622861054374,1,1,1,0.0016003509610541611,4.978061241822007,5.05394020165141,5.04369176344486,1,1,1,0.0016339095527770897
Seedbombing_4776_4841,They'll be glad to know it is catching on among the under-60 set.,3.2,2.2,3.2,3.4,3.2,3.0,4.998837970290266,5.008523696548498,5.039488229145288,1,1,1,0.0015757001118263654,5.0193531661458595,4.992944342938647,5.039816837659178,1,1,1,0.0015806581658790227,4.981118001176039,5.021547925325407,5.044378344445834,1,1,1,0.0015929755570167538
Seedbombing_592_603,Embrace it.,3.2,3.2,3.4,3.2,3.0,3.0,5.0106409358568404,5.024810944722429,5.043655865101517,1,1,1,0.0016387289422505724,5.042362479113013,5.024987199276946,5.049861580893998,1,1,1,0.0016698919598644394,4.983113489680031,5.052947554654237,5.049804312294058,1,1,1,0.0016467489634537542
Seedbombing_6528_6555,It makes me a little nicer.,3.8,3.4,3.4,3.8,3.2,3.2,5.003618725232755,4.932054251818536,5.048651835402135,1,1,1,0.0016563548008613634,5.025503710383324,4.923261029062035,5.044768403486177,1,1,1,0.0016484986823507436,4.986831540045096,4.97566492155939,5.059841869278865,1,1,1,0.0016652738923390723
Seedbombing_784_809,Here's where we started -,3.0,2.6,3.0,3.0,3.0,3.2,4.98312368400072,4.984845013738905,5.028254180332224,1,1,1,0.0015762201021702227,4.995301141426251,4.983876672448942,5.024581691857526,1,1,1,0.0015820208191161173,4.964311406951911,5.006522067336013,5.033012542838401,1,1,1,0.0015963203994164609
Seedbombing_869_885,"Thanks, MamaHun.",3.4,2.8,3.4,3.8,3.0,3.0,4.995454476521792,4.987275633022627,5.035478687381124,1,1,1,0.0015866970679846535,5.004045017602815,4.991587100772701,5.03603626227688,1,1,1,0.0016001534573146046,4.973129657614134,5.0142331061593906,5.043364426403059,1,1,1,0.0015886576649504673
SemEval_101,French suburb riots could resume,2.5,3.0,3.25,3.0,3.2,3.2,4.970110956799273,5.004971180097115,5.024165895307874,1,1,1,0.0015778486376643618,4.980382921153919,5.00552071527725,5.024963900985379,1,1,1,0.0015733611657103037,4.973475579543464,5.015124967613678,5.029583363624537,1,1,1,0.001579117608506826
SemEval_1010,Al Qaeda chiefs are seen to regain power,2.4,3.0,3.0,2.4,3.0,3.0,4.964680928878634,5.011262305579547,5.026769661889295,1,1,1,0.0015810456009391874,4.969024905960117,5.021730203835193,5.027841329471145,1,1,1,0.0015643162098931802,4.970691302734667,5.028375937972603,5.037579802164231,1,1,1,0.001605623791537576
SemEval_1017,"Dispute over Iraqi cleric, said to have gone to Iran",2.75,3.25,3.5,2.6,3.4,3.0,4.958412514670459,4.995035617206,5.029396569006082,1,1,1,0.0015804680902945355,4.971866602941333,4.9977443241098385,5.033309504263157,1,1,1,0.0015809721625982306,4.962428020886756,5.003474882099303,5.036929449792496,1,1,1,0.0015941424103876468
SemEval_1018,Planning seen in Iraqi attacks on U.S. copters,3.0,3.0,3.2,2.8,3.2,3.0,4.9704285550333855,4.999649203413754,5.028567926741687,1,1,1,0.0015832101278150086,4.981826561710713,5.002180859143003,5.032900082110405,1,1,1,0.0015680937416941198,4.965011270804573,5.009360734348256,5.037448438836876,1,1,1,0.001604652104992658
SemEval_1030,Moscow says Palestine-Israeli contacts key to Mideast peace,3.0,3.0,2.8,3.0,3.0,3.0,4.959162621735048,5.006465367656966,5.040950436483198,1,1,1,0.0015777265178468758,4.976441402098766,5.007717696426461,5.04504872967113,1,1,1,0.0015869931271294264,4.964411909511664,5.010402964533798,5.047054018138418,1,1,1,0.0016060400032579043
SemEval_1037,China: Cheney shores up the trilateral alliance,3.0,3.0,3.0,3.2,2.8,3.0,4.9724646250534565,5.018552233245645,5.03937810787894,1,1,1,0.001571331795092311,4.972924343582605,5.026520218067856,5.041821429406243,1,1,1,0.001574268831182155,4.959083047647675,5.035062488788773,5.0530244852281685,1,1,1,0.0015942206102859263
SemEval_106,Life on Mars? Maybe We Missed It,3.0,2.6,2.8,2.8,3.0,3.0,4.997871546892457,4.995370575457397,5.027828317845052,1,1,1,0.0015641971483854556,4.989944427690251,5.005989749438209,5.031681271649567,1,1,1,0.0015504053336505405,4.974923997227204,5.015242995615853,5.037660385716892,1,1,1,0.001584960669550885
SemEval_1081,Canadian breakthrough offers hope on autism,4.0,3.67,3.33,3.8,3.4,3.2,4.9752508192409906,5.039449867157593,5.051890529195948,1,1,1,0.001587634934767322,4.991181075131619,5.0413106680503885,5.051416612322846,8,8,8,0.0016015807857928533,4.963131946626094,5.054624484943129,5.057884385286704,1,1,1,0.0016076100833529374
SemEval_1085,"For women, aspirin a day could keep stroke away",3.6,3.2,3.2,3.2,3.0,3.4,4.993016996750311,4.990886999641614,5.043455650279813,1,1,1,0.0016203381783473122,5.003676864561125,5.017483799344077,5.04957594165806,1,1,1,0.0015989919301166553,4.97288119292417,5.012964876127534,5.054075408316997,1,1,1,0.0016294907983418446
SemEval_1091,Stop cancer with a shot,3.25,3.5,3.25,3.2,3.2,3.2,4.978155349455077,5.02385139986863,5.031415606909343,1,1,1,0.0015776140548048397,4.993611859494229,5.027693834894011,5.033774274163121,1,1,1,0.001573297761623895,4.978317468500352,5.0408384465037095,5.042739906022329,1,1,1,0.001587572360821917
SemEval_1113,Pig cells hope for diabetes cure,3.4,3.0,3.0,3.8,3.4,3.2,4.961647444696501,5.00817186981798,5.039173677396543,1,1,1,0.0015866126377656396,4.9766035381118305,5.014102284462529,5.039133471813091,1,1,1,0.0015835043693620205,4.964819266599454,5.025512337792561,5.047333641285428,1,1,1,0.0016036204715520264
SemEval_1121,"Cocoa could be antidote to age-related diseases, says new study",3.5,3.0,3.0,3.67,3.0,3.0,4.985586381641343,4.982215945747811,5.044506382320439,1,1,1,0.001602666650677359,4.999086183511597,4.987687767038976,5.052475457303386,1,1,1,0.001605756832284101,4.976630352291629,4.993175288210733,5.05492608645371,1,1,1,0.0016253033438215995
SemEval_1126,Opponent is put on the spot over remarks about Clinton,3.0,3.0,3.2,3.0,2.8,3.0,4.9741062164364855,4.996799498547745,5.027122562093966,1,1,1,0.0015812246536166252,4.971782776188309,4.9994330772938,5.029954611156774,1,1,1,0.0015674222645180437,4.968627302431338,5.003124300756079,5.032953238298553,1,1,1,0.0015877396852625523
SemEval_1152,"London market a shopping, dining haven",3.0,3.0,3.0,3.2,3.4,3.0,4.978607700309937,5.039528037402066,5.043537083290269,1,1,1,0.0016119710168773177,4.985314801233663,5.039759225034286,5.044697883557232,1,1,1,0.0016122602138846141,4.967778963189927,5.056527024225888,5.050611296514443,1,1,1,0.0016194988331833845
