id,emotion,intensity,domain,domain_label,matched_control_id,word_count,text,split,pair_id,target_emotion,triplet_id,w_ev,w_ea,w_ed,w_gv,w_ga,w_gd,w_p555,r_ev,r_ea,r_ed,r_gv,r_ga,r_gd,r_p555,s_ev,s_ea,s_ed,s_gv,s_ga,s_gd,s_p555
B-rage-d1-v1,rage,peak,1.0,Financial betrayal (theft by trusted person),N-rage-d1-c1,82,"The papers were spread across the floor where he'd thrown them. His daughter's college fund statement. Zero balance. His brother's signature on the withdrawal form — six separate transactions over nine months, each one just under the reporting threshold. The most recent was dated the same week his brother had sat at this table and told him he should put more money in for the girl's future. He picked up the phone. He put the phone down. He picked it up again.",clinical,P_rage-d1-v1,rage,T_rage-d1-v1,3.8008144017571235,4.452304467704588,4.094291110391409,1,1,1,0.00838988544703747,3.707880247547312,4.361249812278847,3.995795734675527,1,1,1,0.008086765720795261,3.6489367327372793,4.361657983674963,4.08011872651211,1,1,1,0.007678203991705926
B-rage-d1-v2,rage,peak,1.0,Financial betrayal (theft by trusted person),N-rage-d1-c2,94,"She found the second set of books on a Tuesday. The real ones. The ones her business partner of fourteen years had kept in a folder labeled ""Insurance Receipts."" Fourteen years of skimmed invoices, redirected payments, phantom vendors that shared a P.O. box with his wife's consulting firm. She sat at her desk and calculated. The number was exact. She had built this company from a single client and a rented desk, and for fourteen years the person sitting ten feet away had been carrying pieces of it out the door in his briefcase.",clinical,P_rage-d1-v2,rage,T_rage-d1-v2,3.8838026758526643,4.506962920304631,4.155027832175498,1,1,1,0.008035518506915864,3.7261383899218483,4.35337252856415,3.998065555431315,1,1,1,0.007531103936865829,3.926386232252636,4.500330351197653,4.107864120811147,1,1,1,0.00945931319736612
B-rage-d1-v3,rage,peak,1.0,Financial betrayal (theft by trusted person),N-rage-d1-c3,94,"The retirement account had been emptied in increments so small she hadn't noticed. Her son had power of attorney. He'd used it forty-three times. The bank statements were in a folder the lawyer had prepared, each withdrawal highlighted in yellow — grocery stores, gas stations, an electronics retailer, a car dealership. She was eighty-one years old and she recognized the pattern: he had lived his daily life on her savings while depositing his own paychecks untouched into his own account. The math was simple. He had done it every week for almost three years.",clinical,P_rage-d1-v3,rage,,3.9294697011771436,4.448587443796132,4.100714716156194,1,1,1,0.009456574071349812,3.791060987889303,4.268486828902936,3.925160348204961,1,1,1,0.009230746609112144,3.9887708048828174,4.479838378972564,4.104648929318358,1,1,1,0.008679391014418837
B-rage-d1-v4,rage,peak,1.0,Financial betrayal (theft by trusted person),N-rage-d1-c4,95,"His best friend had borrowed the money for his mother's surgery. That was what he'd said. His mother's surgery. He'd signed a note, shaken his hand, and looked him in the eyes across the same bar where they'd been drinking since they were nineteen. The investigator's report was three pages long. There was no surgery. The mother had been in good health all year. The money had gone to a sports betting platform — deposits tracked by date, IP address, device. His friend had placed the first bet eleven minutes after the wire transfer cleared.",clinical,P_rage-d1-v4,rage,,3.86014617319621,4.570680116443184,4.220285576130086,1,1,1,0.006791819504881348,3.7500788162649923,4.454533667917562,4.059620924084079,1,1,1,0.006640638268156967,3.832097764874217,4.504431503210999,4.224704561835656,1,1,1,0.0068827526931720595
B-rage-d2-v1,rage,peak,2.0,Institutional injustice (system failure),N-rage-d2-c1,91,"The review board published its findings. No misconduct found. The officer was back on patrol the following Tuesday. The dashcam footage had been classified as inadmissible due to a filing error — the same filing error that had occurred in three previous complaints against the same officer, processed by the same clerk. His wife read the report at the kitchen table while their son ate cereal in the next room with his arm still in a cast. The board's letterhead had a motto about service and community printed along the bottom.",clinical,P_rage-d2-v1,rage,T_rage-d2-v1,4.1085993332407575,4.648211570220111,4.511394993739974,1,1,1,0.01015005775240461,3.8648482752522115,4.491928280797603,4.263590812630303,1,1,1,0.00807709555545585,3.8455391700887502,4.571063308701406,4.427135282809217,1,1,1,0.009226609018063181
B-rage-d2-v2,rage,peak,2.0,Institutional injustice (system failure),N-rage-d2-c2,99,The hospital had billed her for the full amount. The surgery that used the wrong implant. The surgery that required a second surgery. The second surgery that left her with a limp she would have for the rest of her life. The hospital's attorney sent a letter stating that the signed consent form covered all procedural variations. The form was eleven pages long. She had signed it in a hallway on a clipboard while being wheeled to the operating room. The attorney's letter was dated the same day the hospital had nominated itself for a patient care excellence award.,clinical,P_rage-d2-v2,rage,T_rage-d2-v2,4.045841716219169,4.658818722832155,4.204143433151606,1,1,1,0.007032337439820692,3.9269841014024385,4.540201071365664,3.9910690471313375,1,1,1,0.007374387106063993,4.114859362784155,4.654669097770001,4.224530978902361,1,1,1,0.008223595161085182
B-rage-d2-v3,rage,peak,2.0,Institutional injustice (system failure),N-rage-d2-c3,97,"The city had condemned the building on a Thursday. By Monday, the developer's company had filed for the lot. The building inspector's report cited violations that hadn't existed during the previous inspection eight months ago — the same inspector, the same building, different findings. Twenty-two families received a notice taped to the front door. The notice gave them thirty days. The developer's website already showed a rendering of what would go on the lot: glass and steel, a rooftop pool, units starting at a price that none of the twenty-two families would recognize as a monthly number.",clinical,P_rage-d2-v3,rage,,3.915861379343546,4.5394009554275465,4.253031416046008,1,1,1,0.0069861850039577775,3.852340109022282,4.4536909730834795,4.06379246389143,1,1,1,0.007004459142512253,3.816319812446462,4.514463415719911,4.194144935284309,1,1,1,0.007135351002552193
B-rage-d2-v4,rage,peak,2.0,Institutional injustice (system failure),N-rage-d2-c4,90,"The pharmaceutical company's internal emails were released on page forty-seven of the court filing. The relevant line: ""Efficacy data does not support label claims at current dosing. Recommend: adjust marketing language, not dosing."" The date on the email was six years before the recall. She had taken the medication for four of those six years. Her doctor had prescribed it based on the label. She counted backward. Her daughter had been conceived during year two. She looked at her daughter. She looked at the filing. She looked at her daughter.",clinical,P_rage-d2-v4,rage,,3.9225109790532278,4.516232173996465,4.277525442064567,1,1,1,0.008196772622789764,3.866800954565281,4.476908433915945,4.202209399531221,1,1,1,0.00812981049883132,3.959833096834297,4.53531963981002,4.282738939796787,1,1,1,0.008082081196746943
B-rage-d3-v1,rage,peak,3.0,Personal violation (boundary crossed),N-rage-d3-c1,100,"She found the folder on his laptop. It was labeled with her name. Inside were screenshots of every private message she had sent to her sister, her therapist, her best friend — captured by an application that ran silently and uploaded to his cloud account. The timestamps went back fourteen months. He had read her describe her doubts about the relationship, her plans to visit a lawyer, her sister's offer of the spare bedroom. He had read all of it and sat across from her at dinner every night and said nothing, and she had thought the silence was ordinary.",clinical,P_rage-d3-v1,rage,T_rage-d3-v1,3.856340757614203,4.520352506799549,3.994809671845111,1,1,1,0.008626578707722064,3.7944855613260575,4.421257126910798,3.883021766385979,1,1,1,0.008100454775763542,3.915746622973116,4.526873140248762,3.955760696936386,1,1,1,0.009437600841997035
B-rage-d3-v2,rage,peak,3.0,Personal violation (boundary crossed),N-rage-d3-c2,86,The landlord had entered the apartment again. She knew because the camera she'd hidden after the second time had recorded him. Forty-seven minutes. He had gone through the dresser. He had opened the medicine cabinet. He had sat on the bed. She watched the footage on her phone in the parking lot of her office and her hands were completely still. She had reported it twice. The property management company had sent a form letter both times. The form letter said they took all concerns seriously.,clinical,P_rage-d3-v2,rage,T_rage-d3-v2,4.120851711110397,4.574087725780114,4.156058571771749,1,1,1,0.011168906200047448,4.111686756613125,4.538988626351247,4.072548019964436,1,1,1,0.012251758993227037,3.9124532953749545,4.441685656794214,4.092252823864063,1,1,1,0.01071622230489301
B-rage-d3-v3,rage,peak,3.0,Personal violation (boundary crossed),N-rage-d3-c3,97,"His colleague had presented the work to the board. His work. The slides were the same slides — the same diagrams he had drawn on his tablet at two in the morning, the same data tables, the same conclusions in the same sequence. His colleague had removed his name from the file properties and changed the font. That was all he had changed. The font. The board had applauded. His colleague had thanked the team. He sat in the third row and looked at a diagram he had made and watched someone else explain what it meant.",clinical,P_rage-d3-v3,rage,,3.9216159900164893,4.392146505486859,3.982599727501899,1,1,1,0.009267767936493714,3.8197191748644355,4.364715136935916,3.9076927733960205,1,1,1,0.009377117092062088,3.8803532357524637,4.365771313489623,3.9551475307812662,1,1,1,0.00806207569228476
B-rage-d3-v4,rage,peak,3.0,Personal violation (boundary crossed),N-rage-d3-c4,108,The neighbor's security camera had been pointed at her backyard for three months. Not at the property line. Not at the street. At her yard. At the chair where she read in the evenings. At the window of the room where she changed clothes. She had asked him to move it. He had smiled and said it was for his own property. She had asked the police. They said it was a civil matter. She had asked a lawyer. The lawyer said it would cost more than she had. The camera was still there. It was pointed at the chair. She did not sit in the chair anymore.,clinical,P_rage-d3-v4,rage,,4.080974972159423,4.421544561757281,4.140013035957808,1,1,1,0.006708599995651997,3.9909839171499932,4.323255142059681,4.089644934142393,1,1,1,0.007438341479538534,3.9467858731803496,4.3229626882433045,4.125015382234731,1,1,1,0.007718369013236657
B-grief-d1-v1,grief,peak,1.0,Bereavement (death of loved one),N-grief-d1-c1,86,"The kitchen counter still had the grocery list in his handwriting. Bananas, milk, the kind of bread she never liked. She opened the refrigerator and found the leftovers he'd portioned into containers, labeled with days of the week. Thursday's container was still full. It was now Sunday. She closed the door and stood in the room where everything was exactly where he had put it, and no one was going to move any of it, and no one was going to add to it, ever again.",clinical,P_grief-d1-v1,grief,T_grief-d1-v1,4.0226612026605135,4.3644838126724395,3.996081770161362,1,1,1,0.00913030283920481,3.8312280373863654,4.268129183610471,3.814515725302681,1,1,1,0.008160714617107753,3.9913647858547048,4.3786462637490535,3.911176302504415,1,1,1,0.00947091958409347
B-grief-d1-v2,grief,peak,1.0,Bereavement (death of loved one),N-grief-d1-c2,78,"The woman at the front desk asked her to sign for his personal effects. A watch. A wallet with eleven dollars. A bus pass that expired next month. She put them in her coat pocket, where they made almost no weight at all. Outside, the parking lot was the same parking lot from this morning. She stood next to the car for a while. There was no reason to be anywhere in particular. There was no one waiting.",clinical,P_grief-d1-v2,grief,T_grief-d1-v2,3.995625265113108,4.224019442755831,3.8887870055569227,1,1,1,0.007852916150002442,3.871987468781625,4.17219757786753,3.741715393926361,1,1,1,0.007943299799521929,3.9389111326672523,4.22610909805513,3.83912462459411,1,1,1,0.008045021364162196
B-grief-d1-v3,grief,peak,1.0,Bereavement (death of loved one),N-grief-d1-c3,89,"His daughter had stopped answering the phone in complete sentences. When he called, she would say ""yeah"" or ""okay"" or nothing. The school sent a letter about attendance. He found the dog sitting by the back door again, in the same spot, facing the same direction, the way it had every evening for the last forty-seven days. He filled the water bowl and set it down. The dog looked at the door. He looked at the door. The yard was dark and empty and the gate had not opened.",clinical,P_grief-d1-v3,grief,,3.9310509069556687,4.126752401313388,3.873194989827111,1,1,1,0.010274008556903635,3.6868291381207388,4.032762585831915,3.747611606528187,1,1,1,0.008632412221352442,3.83398366812208,4.129260850529552,3.869060708445027,1,1,1,0.010973909904615735
B-grief-d1-v4,grief,peak,1.0,Bereavement (death of loved one),N-grief-d1-c4,95,"They told her she could take the room whenever she was ready. She wasn't ready. She went in anyway. The sheets were still pressed into the shape of the body that had been there. A glass of water on the nightstand, half-finished. The television remote balanced on the arm of the chair. She picked up the water glass and held it. It was room temperature now. She drank the rest of it because there was nothing else she could do with it and because the mouth that had touched it would not touch anything again.",clinical,P_grief-d1-v4,grief,,4.086013321668987,4.4071580767389165,4.1504577756495795,1,1,1,0.009080481450938163,3.935092275255785,4.374512775033614,4.024112588881094,1,1,1,0.008114028401945774,4.178750120911732,4.453157280938331,4.159944008148439,1,1,1,0.009748913832190639
B-grief-d2-v1,grief,peak,2.0,Career destruction (life's work lost),N-grief-d2-c1,91,"The lab was empty now. Twenty-two years of research. The server room had been cleared by facilities before she'd arrived Monday morning. The backup drives weren't in the cabinet. She found a single Post-it note on the monitor: ""Assets transferred per Board directive, 2/14."" Her notebooks were still there — they hadn't taken paper. She opened one to a page of handwritten equations from 2009 and ran her finger along the margin where she'd drawn a small star next to the line that would have changed everything, and now never would.",clinical,P_grief-d2-v1,grief,T_grief-d2-v1,4.02043521845148,4.732632400515571,4.282203031206149,1,1,1,0.009248424970641822,3.9807278222593068,4.6581919336036375,4.1841357105605645,1,1,1,0.00893451598037249,4.156870846455699,4.739213952206583,4.341360168728897,1,1,1,0.009566765797847427
B-grief-d2-v2,grief,peak,2.0,Career destruction (life's work lost),N-grief-d2-c2,100,"The carpenter ran his hand along the doorframe of the shop. Thirty-one years. The auction company had tagged everything — the table saw, the planer, the chisels his father had given him, each one with a yellow sticker and a lot number. Someone would buy the tools for a price and use them or not use them. The workbench had a coffee ring from this morning. He pulled the chain on the overhead light and stood in the dark for a moment, then locked the door from the outside and put the key in an envelope addressed to the bank.",clinical,P_grief-d2-v2,grief,T_grief-d2-v2,4.144549407964104,4.516891948841637,4.1056902267608,1,1,1,0.00853612099213553,3.9877644689962635,4.439118359594641,3.931133526294779,1,1,1,0.007904236834265424,3.9475792517070576,4.386207602619995,4.016508271892861,1,1,1,0.008217821840686782
B-grief-d2-v3,grief,peak,2.0,Career destruction (life's work lost),N-grief-d2-c3,94,"The orchestra had performed its final concert to an audience of thirty-four people. The music director collected the stand lights and wound the extension cords slowly, one loop at a time. The chairs were stacked against the wall. The city had reallocated the building. There was no season next year. There was no ensemble. Forty years of programs were in a filing cabinet in the hallway. He touched the lid of the piano and closed it, and the click of the latch was the last sound the hall would make as a concert hall.",clinical,P_grief-d2-v3,grief,,4.143731044804138,4.583701273571368,4.3425743956810825,1,1,1,0.008682423380722401,3.948474690790123,4.489200383966701,4.20736664162826,1,1,1,0.00896835492771558,4.101906262459935,4.532526955826754,4.309971328813494,1,1,1,0.009236477068331283
B-grief-d2-v4,grief,peak,2.0,Career destruction (life's work lost),N-grief-d2-c4,104,"She stood in the classroom after the last students had gone. The desks were still arranged in the circle she'd insisted on — not rows, never rows. The administration had given her until Friday. Thirty years and they'd given her until Friday. She took down the poster she'd made her first year, the one with the quote about curiosity, now faded where the sun hit it every afternoon. The tape pulled away a small piece of the paint. She folded the poster carefully and put it in a box that was not large enough for thirty years but was the only box she had.",clinical,P_grief-d2-v4,grief,,4.0861652893259635,4.458569078264674,4.1630067376302495,1,1,1,0.010686576518122924,3.9661767017355616,4.342576909016558,3.9803064171127445,1,1,1,0.010660098038680498,3.9723302045552913,4.352987464904586,4.088700815771944,1,1,1,0.00884679323186777
B-grief-d3-v1,grief,peak,3.0,Relationship dissolution (abandonment),N-grief-d3-c1,99,"He found the key on the kitchen table. Not in the bowl by the door where she always left it, but centered on the table, placed there with intention. The closet was half-empty in a way that was precise — her things, only her things, selected and removed while he was at work. The hangers were still swinging slightly, or he imagined they were. The bathroom mirror had a square of fog from a shower taken hours ago. He sat down on the bed and noticed the indent on her side of the mattress was already starting to level.",clinical,P_grief-d3-v1,grief,T_grief-d3-v1,3.8348676834457076,4.417196748335966,4.041878323270135,1,1,1,0.007144448846121882,3.7553954828054192,4.289753183073702,3.946041612594753,1,1,1,0.007712341484456062,3.7970934915748926,4.351216562394505,3.961805971689751,1,1,1,0.008257772406714511
B-grief-d3-v2,grief,peak,3.0,Relationship dissolution (abandonment),N-grief-d3-c2,88,"The girl sat on her bedroom floor, sorting two piles. Her mother's things that had been left behind. Her mother's things that had been taken. The taken pile was larger. The left pile included: one earring, a library book, a tube of hand cream, and a birthday card that said ""To my beautiful girl"" in handwriting she would not see on new things again. She put the card under her pillow and returned the library book to the shelf. There was a late fee. She would pay it.",clinical,P_grief-d3-v2,grief,T_grief-d3-v2,4.081910528970403,4.264147729900973,3.7681879932419786,1,1,1,0.007307292867893224,3.845473553085904,4.117928636450678,3.6401695722885923,1,1,1,0.006323311944497366,3.9209221065151425,4.237662694733836,3.7585042381610037,1,1,1,0.006507907244879726
B-grief-d3-v3,grief,peak,3.0,Relationship dissolution (abandonment),N-grief-d3-c3,94,"The man sat across from his son in the food court. The boy was twelve and had ordered nothing. The man had ordered coffee and hadn't touched it. Between them were two plane tickets — one was the boy's return flight. The other was the man's. Different cities. The boy was folding his straw wrapper into smaller and smaller squares. The man watched his hands and thought about how they were the same hands from the delivery room, just longer now. They had forty-five minutes before the gate opened and then they had nothing.",clinical,P_grief-d3-v3,grief,,3.9599913086421314,4.230236784897307,3.7603132580958016,1,1,1,0.006763848027948009,3.8544617902327176,4.196603263630918,3.725303222214776,1,1,1,0.007697609486529905,3.9184796633965475,4.187769260172853,3.7470151225714945,1,1,1,0.006771207323518641
B-grief-d3-v4,grief,peak,3.0,Relationship dissolution (abandonment),N-grief-d3-c4,90,"She kept the voicemail. She had listened to it four hundred times — she knew because her phone tracked it. It was eleven seconds long. It said ""Hey, it's me, just seeing if you need anything from the store."" That was the last ordinary sentence. Everything after that was logistics and silence and the sound of a person becoming someone who used to be there. She pressed play again. The voice said ""Hey, it's me"" and for two seconds the world was the old world, and then the message ended.",clinical,P_grief-d3-v4,grief,,4.2445238696566525,4.4346314558710604,3.9837867985495854,1,1,1,0.011774088887251708,3.950342185044705,4.2834595194797815,3.801097718096985,1,1,1,0.01003720705810426,4.07394760587747,4.336228087453025,3.8544677276385775,1,1,1,0.00919108292899886
B-terror-d1-v1,terror,peak,1.0,"Physical threat (intruder, violence)",N-terror-d1-c1,95,"The sound came from the kitchen. She was in the bedroom. The hallway between them was fourteen feet long and unlit. She had locked the front door. She had not locked the back door. The sound was a drawer opening — the one that stuck, the one you had to lift and pull. Whoever was in the kitchen knew which drawer stuck. She looked at the window. Second floor. She looked at the phone on the nightstand. The sound from the kitchen stopped. The hallway was quiet. Then the first floorboard in the hallway shifted.",clinical,P_terror-d1-v1,terror,T_terror-d1-v1,3.890720001965485,4.328398042622614,3.943065528016052,1,1,1,0.006396135849576263,3.730669770557523,4.228187766244641,3.8574856893462366,1,1,1,0.006902208747507223,3.8405553125118237,4.311495663797201,3.9035402963349277,1,1,1,0.007390857073729063
B-terror-d1-v2,terror,peak,1.0,"Physical threat (intruder, violence)",N-terror-d1-c2,103,"The man in the parking garage was walking at the same speed she was. She turned left. He turned left. She stopped at a car that was not hers and pretended to look for keys. He stopped four cars away and looked at his phone. She walked again. He walked again. The elevator was two rows ahead. She could see the number on the level marker: P3. Her car was on P1. There were no other people. The overhead lights made a buzzing sound that covered the sound of his shoes, so she had to keep turning around to know where he was.",clinical,P_terror-d1-v2,terror,T_terror-d1-v2,3.865701067476467,4.259968086177558,3.8936693974026086,1,1,1,0.008378698140172829,3.765907933525469,4.169627026687065,3.8106227883694537,1,1,1,0.009886594320068514,3.777074681226041,4.21621531689874,3.852280242666917,1,1,1,0.008024862727781395
B-terror-d1-v3,terror,peak,1.0,"Physical threat (intruder, violence)",N-terror-d1-c3,100,"He woke up because the dog was standing at the foot of the bed, facing the door, completely still. The dog did not bark. The dog always barked. Outside, the motion light above the garage had switched on. From the bed he could see it through the gap in the curtains — the white rectangle of light on the lawn. Something had moved through it. The light was still on, which meant something was still in range. He reached for his phone. The battery screen appeared: two percent. The dog had not moved. The dog was not making a sound.",clinical,P_terror-d1-v3,terror,,3.8782231145507042,4.282923813336079,3.990499914061975,1,1,1,0.008702404991465613,3.708135942858691,4.23250592526625,3.8600191995953037,1,1,1,0.008177642359948669,3.7373222778640653,4.1777382292040075,3.9087016513151234,1,1,1,0.009857227209094514
B-terror-d1-v4,terror,peak,1.0,"Physical threat (intruder, violence)",N-terror-d1-c4,102,"The car behind her had been there for eleven turns. She had started counting after the sixth. The road was rural and it was after midnight and there were no other headlights in either direction. She accelerated. The car behind her accelerated. She slowed down. The car slowed down but did not pass. The gas gauge was below a quarter tank. The next town was twenty-two miles. She turned on a road she didn't recognize. The car behind her turned. Its headlights filled her mirrors, closer now than before, and the road ahead had no lights and no intersections and no buildings.",clinical,P_terror-d1-v4,terror,,3.89423404233551,4.510794403985483,4.181624059112813,1,1,1,0.0068513322906737575,3.809949682744639,4.4714933532404295,4.057175464921342,1,1,1,0.007702556972592573,3.7062361438733507,4.4254053357360235,4.105670689616067,1,1,1,0.007105635369041838
B-terror-d2-v1,terror,peak,2.0,"Medical crisis (diagnosis, emergency)",N-terror-d2-c1,111,"The doctor had stopped talking and was looking at the scan on the screen. She was looking at the doctor. He tilted the screen slightly away from her, which he had not done during the first three images. He picked up the phone and dialed a three-digit extension. He said ""Can you come to Room 4"" and nothing else. He hung up. He had not turned back to her. He was writing something. She could see the scan from where she sat — a white shape in a field of gray, in a place where the other images had shown only gray. The second doctor arrived in less than two minutes.",clinical,P_terror-d2-v1,terror,T_terror-d2-v1,4.294607876064512,4.561843927832039,4.1568827173230405,1,1,1,0.010379468710188303,4.102160502894047,4.51756064211507,4.073408220646572,1,1,1,0.009894707054036053,4.151129128996299,4.511460430073191,4.091614117351663,1,1,1,0.008419187937238374
B-terror-d2-v2,terror,peak,2.0,"Medical crisis (diagnosis, emergency)",N-terror-d2-c2,115,The nurse had pressed the button above the bed and then pressed it again. That was two presses. He knew what two presses meant because his wife had been on this floor for nine days and he had learned the codes from watching the nurses. One press was routine. Two was urgent. Three was the one he did not think about. The nurse was checking the IV line and moving faster than she had moved all week. Another nurse came through the door already pulling on gloves. His wife's eyes were open but she was looking at a point on the ceiling that was not the television and was not him and was not anything.,clinical,P_terror-d2-v2,terror,T_terror-d2-v2,3.893675848408914,4.262766910237598,3.7817818744934555,1,1,1,0.008851277903012145,3.7602619984412162,4.2243726604246445,3.739860396687258,1,1,1,0.00804302998260582,3.9108260986597996,4.225637816119174,3.7719479188580665,1,1,1,0.009520866296631389
B-terror-d2-v3,terror,peak,2.0,"Medical crisis (diagnosis, emergency)",N-terror-d2-c3,119,"She was twenty-six weeks along and the liquid on the bathroom floor was not what it was supposed to be. The color was wrong. She sat on the edge of the bathtub and looked at it. She could feel the baby move, which meant the baby was still moving, which was the only fact she had. Her phone was in the kitchen. The kitchen was down the stairs. She stood up and the room changed shape for a moment and then came back. She held the doorframe. The car keys were on the hook by the front door. The hospital was eleven minutes away. She knew it was eleven minutes because she had driven it twice already as practice.",clinical,P_terror-d2-v3,terror,,4.031544989580321,4.483530832366983,4.107918092874746,1,1,1,0.008173649566709405,3.8984989533321683,4.4331476523832505,3.969014605615559,1,1,1,0.009357951427320908,3.8607494109689338,4.365512558424901,4.039639961837665,1,1,1,0.007660823595147102
B-terror-d2-v4,terror,peak,2.0,"Medical crisis (diagnosis, emergency)",N-terror-d2-c4,115,The allergist had said the reaction would be mild. That was what the allergist had said. The boy's lips had changed shape in the first ninety seconds. His father was holding him and looking for the nurse who had been there a moment ago. The hallway was empty. He looked at the boy's neck. The skin was different than it had been when they walked in. He looked at the desk. No one. He looked at the door at the end of the hall. He could not remember if it led to the main corridor or to a storage room. The boy in his arms was making a sound that was not his normal sound.,clinical,P_terror-d2-v4,terror,,3.9112561187723074,4.210969881741918,3.951566270163467,1,1,1,0.008141092263292982,3.589986958226872,4.063932732618843,3.7971369208650008,1,1,1,0.006737987969232737,3.755700923874988,4.083739451451746,3.812031803873193,1,1,1,0.007653040747756795
B-terror-d3-v1,terror,peak,3.0,"Psychological threat (stalking, loss of control)",N-terror-d3-c1,121,"The third letter had no return address, like the others. But this one had a photograph. It was her front door, taken from across the street, at night. The timestamp on the back was three days ago. She had been home three days ago. The porch light was on in the photo, which meant she had been awake. The angle was from the bus stop bench directly opposite her house. She walked to the window and looked at the bench. There was no one there now. There had been no one there any of the times she had looked. But someone had sat on that bench at 11:47 p.m. with a camera pointed at her door while the lights were on.",clinical,P_terror-d3-v1,terror,T_terror-d3-v1,3.889497571152771,4.598610234494979,4.203221480632541,1,1,1,0.008745487405276179,3.8732682432959673,4.5468919116980855,4.087294570368584,1,1,1,0.008000673534509926,3.8101688631971187,4.4807865540540135,4.13508028664086,1,1,1,0.0077819275004647305
B-terror-d3-v2,terror,peak,3.0,"Psychological threat (stalking, loss of control)",N-terror-d3-c2,102,"He had checked the locks four times. He had checked them because the man who had been released from the facility on Tuesday knew his address. The court liaison had called to inform him, the way they were required to. The call lasted forty-five seconds. There were no conditions of distance. There was no monitoring. The man had been in the facility for what he had done in this house, in the room where he now checked the locks, and now the man was in the same city again and there was a number to call if something happened. Not before. If.",clinical,P_terror-d3-v2,terror,T_terror-d3-v2,3.86554832231243,4.3977442045874335,4.229337405084822,1,1,1,0.00912170217780145,3.821974144165751,4.310389025811761,4.037462734376466,1,1,1,0.009447285630528518,3.7961784891036547,4.30863043686349,4.1337146124803725,1,1,1,0.008618176561093547
B-terror-d3-v3,terror,peak,3.0,"Psychological threat (stalking, loss of control)",N-terror-d3-c3,107,"The notification said her home security camera had detected motion at 3:12 a.m. She opened the app. The footage showed the front porch. A figure stood at the door, facing the camera directly, not moving. The timestamp ran for four minutes and eleven seconds. The figure did not try the handle. Did not knock. Did not leave anything. Just stood facing the lens. At four minutes and twelve seconds, the figure turned and walked to the sidewalk and was gone. She scrolled back through the week. Tuesday, 2:48 a.m. Saturday, 3:30 a.m. The same figure. The same position. The same duration. She had been asleep each time.",clinical,P_terror-d3-v3,terror,,3.910575109897557,4.483303720096631,4.220044243892137,1,1,1,0.007605744034743932,3.8140855194137027,4.410626922480577,4.0261430661755035,1,1,1,0.00863309419681194,3.8721469443867105,4.367405311973798,4.1299471148205855,1,1,1,0.010141574234395526
B-terror-d3-v4,terror,peak,3.0,"Psychological threat (stalking, loss of control)",N-terror-d3-c4,106,"The messages had started after she left. One a day, then three, then twelve, then they came without pattern. The phone number changed each time. The content was not direct. ""Saw a woman who looked like you at the place on Fourth Street."" ""That restaurant we went to closed. Thought you should know."" ""Your car was parked at the school at 3:15 today."" The last one was accurate. She had been at the school at 3:15. She had not posted about it. She had not told anyone. She changed her route the next day. The message that evening said: ""New route looks longer. Is it faster?""",clinical,P_terror-d3-v4,terror,,3.9065764968243637,4.346264216696999,3.990774494848228,1,1,1,0.00822070501892535,3.806829561578541,4.309704906513646,3.8905238123222388,1,1,1,0.0071730672433808935,3.8707645957962757,4.252617161045127,3.9628218613221056,1,1,1,0.007665352731647681
B-ecstasy-d1-v1,ecstasy,peak,1.0,"Achievement (breakthrough, recognition)",N-ecstasy-d1-c1,121,"The email had one line. ""The committee has voted unanimously to award the grant."" She read it four times. The lab was empty because it was 6 a.m. and she had been the only one checking. She stood up from the desk and sat back down and stood up again. The grant was the one she had applied for nine times. Nine years. She walked to the window and opened it, and the air outside was cold and she stood in it. Then she picked up the phone and called her mother, and when her mother answered she couldn't say anything, so she just held the phone and her mother said ""What? What is it?"" and she still couldn't say anything.",clinical,P_ecstasy-d1-v1,ecstasy,T_ecstasy-d1-v1,4.071325277341874,4.375656896382467,3.986689406539872,1,1,1,0.008336336471778246,3.8930638732334053,4.2599588552378576,3.9012835368662793,1,1,1,0.008205214294853344,3.9619924224928496,4.3244443947297215,4.031559320917491,1,1,1,0.00742007546376749
B-ecstasy-d1-v2,ecstasy,peak,1.0,"Achievement (breakthrough, recognition)",N-ecstasy-d1-c2,120,"His name was on the board. He had to read it twice because the letters didn't make sense the first time — they were his letters, his name, but they were on the board and the board was the list and the list was the people who had passed. He had failed the exam twice before. He had studied in the kitchen of his apartment for fourteen months. His wife had quizzed him on terms she couldn't pronounce while their daughter slept in the next room. His name was on the board. He took a photograph of it and then took another photograph of it and then a third, because two might not be enough evidence that this was real.",clinical,P_ecstasy-d1-v2,ecstasy,T_ecstasy-d1-v2,3.8330782074957477,4.30772480541654,4.046799077308496,1,1,1,0.008717489470189623,3.602860705922639,4.21423834607828,3.8384534723405115,1,1,1,0.0065214191026286335,3.7529664030068135,4.28252569102739,4.032756354479305,1,1,1,0.006702767919200419
B-ecstasy-d1-v3,ecstasy,peak,1.0,"Achievement (breakthrough, recognition)",N-ecstasy-d1-c3,130,"The final time on the clock was 3:58:12. She looked at it and then looked at her coach on the other side of the barrier and he was already moving toward her. She had run this distance six hundred times. She had never run it in under four minutes. No one at this level from her country had. The time was on the clock and the clock was official and the number was real. She put both hands on top of her head, which is what her body chose to do, and she walked in a circle, and then she stopped walking and stood still, and the sound from the stands reached her in a way that seemed delayed, as if it had to travel further than the actual distance.",clinical,P_ecstasy-d1-v3,ecstasy,,3.9772811101752,4.696440156148992,4.318362036722765,1,1,1,0.008506308765174905,3.7571414086974624,4.497450264822856,4.134432178305166,1,1,1,0.00718567811401005,3.810600447856751,4.571725541357768,4.223639400169728,1,1,1,0.007256193038729593
B-ecstasy-d1-v4,ecstasy,peak,1.0,"Achievement (breakthrough, recognition)",N-ecstasy-d1-c4,104,The jury had been out for eleven minutes. Eleven minutes for a career he'd spent twenty-three years building. The foreman handed the sheet to the clerk. The clerk read the name of the piece. Then the clerk read the word that meant he had won. The room was applauding but he was looking at his hands. His hands had made the thing they were applauding. He had fired the kiln forty-one times to get the glaze right. He had broken every version that wasn't. His teacher had died four years ago and would have known what this meant. He was looking at his hands.,clinical,P_ecstasy-d1-v4,ecstasy,,4.195973122269653,4.4718558380661815,4.232875373209093,1,1,1,0.01022003218188862,4.032319623861804,4.357942039476772,4.153233170192004,1,1,1,0.008521918486523424,4.057257120704742,4.334757596986099,4.194235061307759,1,1,1,0.008936488004413297
B-ecstasy-d2-v1,ecstasy,peak,2.0,"Connection (reunion, belonging)",N-ecstasy-d2-c1,117,"The gate opened and she scanned the faces. She had not seen her son in four years. He had left at seventeen and he was twenty-one now and she did not know if she would recognize him. She did. He was taller but he walked the same way — the same slight lean, the same rhythm. He hadn't seen her yet. He was looking for her in the wrong direction. She raised her hand. He turned. For a moment he was seventeen again, the way his face moved when he found her, and then he was walking and then he was not walking, he was running, and the bag he was carrying fell and he left it.",clinical,P_ecstasy-d2-v1,ecstasy,T_ecstasy-d2-v1,3.9318942853185024,4.3734063785983714,4.143921719864359,1,1,1,0.009166486847973105,3.7068395441640765,4.277712138808824,3.9951510873158806,1,1,1,0.00827297013001281,3.8802284804269047,4.281319534879342,4.082171388304273,1,1,1,0.009023900109500771
B-ecstasy-d2-v2,ecstasy,peak,2.0,"Connection (reunion, belonging)",N-ecstasy-d2-c2,103,"The letter was from the agency. She opened it standing at the mailbox because she could not walk back inside without knowing. The second paragraph had the word ""approved."" She read the rest of the letter but she only needed that word. She and her wife had started this process twenty-seven months ago. Twenty-seven months of home visits, background checks, interviews, reference letters, a fire inspection, a financial audit, and a forty-five-minute conversation with a social worker about what kind of parents they intended to be. The bedroom down the hall had been ready for eleven months. It would not be empty anymore.",clinical,P_ecstasy-d2-v2,ecstasy,T_ecstasy-d2-v2,3.874949595869591,4.396560318451133,4.1196066811310885,1,1,1,0.011558944477983665,3.8372812867485386,4.327240114595073,4.030160258318555,1,1,1,0.00909066765228995,3.7266779847309373,4.316140667886867,4.132379116233292,1,1,1,0.00898701291983008
B-ecstasy-d2-v3,ecstasy,peak,2.0,"Connection (reunion, belonging)",N-ecstasy-d2-c3,116,"He had not spoken to his brother in eleven years. The call came on a Tuesday. His brother said, ""I'm outside."" He walked to the front door and opened it. His brother was standing on the porch with a suitcase, as if he had come a long way or was planning to stay. Neither of them said anything. His brother's hair was gray now. His own was too. Eleven years was longer than either of them had intended. He opened the door wider and his brother stepped inside and they stood in the hallway where they had grown up, and neither of them moved to close the door, and the afternoon came in with the light.",clinical,P_ecstasy-d2-v3,ecstasy,,4.129818701259977,4.463322391353122,4.368493469913247,1,1,1,0.010442464971041598,3.8111534809291974,4.338875386785591,4.136736173759236,1,1,1,0.008818471641017312,4.031967194687753,4.406619125327539,4.262307942636399,1,1,1,0.009911677028727946
B-ecstasy-d2-v4,ecstasy,peak,2.0,"Connection (reunion, belonging)",N-ecstasy-d2-c4,105,"The girl had sat alone at lunch every day for the first three weeks. On the fourth Monday, another girl put a tray down across from her and said, ""I like your notebook."" It was a notebook with a drawing of a cat on it. Nobody had mentioned the notebook before. They ate lunch together on Tuesday and Wednesday and Thursday and Friday. On the following Monday, there were two trays across from her. On Tuesday, four. By the end of the month she had to move to a bigger table. She brought the notebook every day. She never changed it for a different one.",clinical,P_ecstasy-d2-v4,ecstasy,,4.013554908127027,4.170718240247795,3.898663988348744,1,1,1,0.007920591360205608,3.788049450313342,4.102108733634719,3.759631827827141,1,1,1,0.006758867706598675,3.8714362342918793,4.09141086962757,3.781452766395896,1,1,1,0.006302711281831935
B-ecstasy-d3-v1,ecstasy,peak,3.0,"Discovery (revelation, wonder)",N-ecstasy-d3-c1,112,"He had been staring at the data for three days. The pattern wasn't there. And then it was. He saw it the way you see the shape in a cloud — one moment nothing, the next moment undeniable. The two variables that no one had connected were connected. He checked it. He checked it again. He built the visualization and the line appeared on the screen as if it had always been there, waiting for someone to draw the right axes. He stood up from the chair and walked the length of the office and came back and the line was still there. He laughed, once, at nothing, alone in the room.",clinical,P_ecstasy-d3-v1,ecstasy,T_ecstasy-d3-v1,4.259201847259544,4.570124051371803,4.309682948474637,1,1,1,0.008294080281243326,3.985416566232397,4.5633471487045565,4.249320093008964,1,1,1,0.00843511144893426,4.084278526068582,4.536551150559633,4.310616120000802,1,1,1,0.008427671445157452
B-ecstasy-d3-v2,ecstasy,peak,3.0,"Discovery (revelation, wonder)",N-ecstasy-d3-c2,111,"She had been diving the same reef for twenty years and she had never seen the cavern entrance before. The tide had shifted something. She swam through the gap and the space opened. The light came through from above in columns that reached the sand floor, and in the light there were fish she had no names for, moving in formations she had not seen in any reference, around coral structures that should not have been possible at this depth. She had forty minutes of air. She could have surfaced and come back. She didn't. She stayed and turned in a slow circle and the circle was full in every direction.",clinical,P_ecstasy-d3-v2,ecstasy,T_ecstasy-d3-v2,4.165724677514337,4.705887697655768,4.255004519733653,1,1,1,0.009658693264459076,4.012641384388616,4.535132696520106,4.148711531403183,1,1,1,0.008951249968867387,4.025493543411586,4.531747858864236,4.185656720398739,1,1,1,0.01025355007951187
B-ecstasy-d3-v3,ecstasy,peak,3.0,"Discovery (revelation, wonder)",N-ecstasy-d3-c3,119,"The telescope had been pointed at the same region for four months. The signal was noise. Then it was not noise. The line on the spectrograph separated into two peaks where every model predicted one. She called her colleague over. He looked at it. He looked at her. He looked at it again. She printed the graph and held it up to the overhead light as if seeing it on paper would change it. It didn't change. Two peaks. Not one. This meant that a thing that was supposed to be one thing was two things, and if it was two things, then everything that followed from it being one thing would need to be recalculated from the beginning.",clinical,P_ecstasy-d3-v3,ecstasy,,3.983028570146544,4.527169406776208,4.230741812435902,1,1,1,0.009607124775647072,3.852574017599445,4.48759592088019,4.1308675864487485,1,1,1,0.00800743588751145,4.005928102630091,4.5367476944837595,4.329557429265164,1,1,1,0.007534304286653158
B-ecstasy-d3-v4,ecstasy,peak,3.0,"Discovery (revelation, wonder)",N-ecstasy-d3-c4,122,"The archaeologist had been working the same grid square for six weeks. Clay, stone, clay, stone, the sediment layers predictable and undifferentiated. Then the brush moved across something that was not clay and was not stone. He stopped. He switched to a smaller brush. The edge of the object became an angle, and the angle became a surface, and the surface had markings. He leaned closer. The markings were intentional. Someone had put them there. Someone had put them there a very long time ago, in a place where no one was supposed to have been. He did not call out to the team. He kept brushing, slowly, because the next square centimeter might be the one that rearranged what they knew.",clinical,P_ecstasy-d3-v4,ecstasy,,4.031721966170798,4.5358505674006935,4.080554243052892,1,1,1,0.008677032184640143,3.9237453670574975,4.410866433104398,3.9680293357160092,1,1,1,0.010145273459288416,4.002453779088949,4.490858121272464,4.022700106073158,1,1,1,0.008660915097568705
B-loathing-d1-v1,loathing,peak,1.0,"Moral disgust (corruption, exploitation)",N-loathing-d1-c1,93,"The charity's internal ledger showed that twelve cents of every dollar reached the families whose photographs appeared on the website. The rest was allocated across line items: ""administrative travel,"" ""donor relations,"" ""executive strategy retreats."" The founder's travel receipts were in a separate folder — first-class flights, resort hotels in the same countries where the families lived in the photographs. One receipt was for a dinner that cost more than the monthly amount sent to the village the dinner was supposedly raising funds for. The founder's signature was on both documents. The same hand.",clinical,P_loathing-d1-v1,loathing,T_loathing-d1-v1,3.6073662109168967,4.596384637319129,4.160188553377225,1,1,1,0.006886215231616257,3.5475802608705167,4.464497451035494,4.018542464317995,1,1,1,0.0055915155429436935,3.4593474036446423,4.556197342062509,4.130492200172504,1,1,1,0.004919879062608978
B-loathing-d1-v2,loathing,peak,1.0,"Moral disgust (corruption, exploitation)",N-loathing-d1-c2,99,"The factory had passed inspection every year for a decade. The inspector's brother-in-law managed the plant. This was in the public record, in a filing that no one had cross-referenced until a reporter did. The workers' medical claims were also in the public record. Respiratory conditions at four times the regional average. The factory's ventilation system had been listed as ""upgraded"" in each annual report. A photograph of the ventilation system, taken the week before the most recent inspection, showed the same unit installed in 2014, with the same serial number, with the manufacturer's original warranty sticker still attached.",clinical,P_loathing-d1-v2,loathing,T_loathing-d1-v2,3.921224734394551,4.6588872763398745,4.315058295616837,1,1,1,0.007991846034998074,3.810251918757161,4.553682600787986,4.187291809629959,1,1,1,0.007105770229814977,3.801888481765768,4.609789615803847,4.283845601182374,1,1,1,0.008547960577391954
B-loathing-d1-v3,loathing,peak,1.0,"Moral disgust (corruption, exploitation)",N-loathing-d1-c3,111,"The nursing home had a five-star rating on three review platforms. The staff-to-resident ratio listed on the website was one to four. The actual ratio, documented in the state filing that became public after the lawsuit, was one to nineteen. The filing also contained the meal logs. The meals listed on the menu — grilled chicken, fresh vegetables, fruit — were not the meals documented in the kitchen's purchase orders. The purchase orders showed bulk institutional product, the kind sold in quantities that assumed the recipients would not be choosing their own food. The five-star reviews had been posted from six IP addresses. All six were registered to the management company.",clinical,P_loathing-d1-v3,loathing,,3.726805603715609,4.521194428197042,4.246837226086968,1,1,1,0.008444831759185537,3.6760152391821848,4.461540166287313,4.134740188557516,1,1,1,0.00837043822842771,3.6838321196816626,4.440177786558461,4.191167418895536,1,1,1,0.007887796333181669
B-loathing-d1-v4,loathing,peak,1.0,"Moral disgust (corruption, exploitation)",N-loathing-d1-c4,112,"He had mentored her for three years. He had written her recommendation letters. He had introduced her at the conference as ""the future of this field."" The patent filing listed his name first and hers not at all. The work was hers — the design, the prototype, the testing data compiled over two years of nights and weekends in the lab he had given her access to. She found the filing because a colleague forwarded it. The patent's technical description used her language, her variable names, her notation system. He had not changed the notation. He had not even changed the typo on page eleven that she had always meant to fix.",clinical,P_loathing-d1-v4,loathing,,3.8634838264740816,4.394550974323084,3.931336046977753,1,1,1,0.008258703226575957,3.8249640658435458,4.348553233772214,3.895063448664929,1,1,1,0.008457777770082248,3.7476177730766387,4.40495139800157,3.9659906005436385,1,1,1,0.007655164852470815
B-loathing-d2-v1,loathing,peak,2.0,"Visceral revulsion (contamination, decay)",N-loathing-d2-c1,110,The apartment had been vacant for six months before the new tenant opened the door. The previous occupant had not taken anything and had not cleaned anything. The kitchen counter had dishes with food that had changed color and shape and was no longer identifiable as what it had once been. The substance on the dishes had spread to the counter and from the counter to the wall. The refrigerator door was slightly open. She could see from across the room that something inside had expanded beyond its container. The air in the apartment had a weight to it. She turned around in the doorway without stepping onto the floor.,clinical,P_loathing-d2-v1,loathing,T_loathing-d2-v1,4.018150009069337,4.617892416632584,4.313154063794507,1,1,1,0.008503372791980955,3.8911395100421013,4.575373059612485,4.164981714058241,1,1,1,0.0069864196261412255,3.9785234538580765,4.57454288852339,4.2309557086570635,1,1,1,0.00887817574540202
B-loathing-d2-v2,loathing,peak,2.0,"Visceral revulsion (contamination, decay)",N-loathing-d2-c2,132,"The restaurant kitchen was visible through a door that should have been closed. He saw it because he had gone looking for the restroom and turned the wrong way. The cutting board had residue from multiple uses without washing — layers of color, each one a different meal from a different hour. The floor near the sink had a film that reflected the overhead light. A container of something that was being used as an ingredient was open on the counter, and the surface of the contents had a texture that did not match what the label described. He walked back to the table. His plate was still there. The food on it was the same food prepared in the room he had just seen. He put his napkin over the plate.",clinical,P_loathing-d2-v2,loathing,T_loathing-d2-v2,4.0657957702440015,4.587683939348678,4.134137302384296,1,1,1,0.007733664394129881,3.8984248624412454,4.450414518930356,3.991376613795706,1,1,1,0.009632923193398429,3.7806676657834375,4.424724500177207,3.9819820444732343,1,1,1,0.007591434077565506
B-loathing-d2-v3,loathing,peak,2.0,"Visceral revulsion (contamination, decay)",N-loathing-d2-c3,145,"The water from the tap had been clear for the first three years they lived in the house. The change happened gradually — a slight tint, then a color, then a texture. By the time they called someone, the water left a residue on the inside of the glass that did not rinse away with more water. The technician took a sample and held it up to the window. In the light, things were visible in the water that were not visible when it was in the pipe. Small things. Moving. The technician set the glass down on the counter and did not touch it again. He suggested they not use the faucets until the results came back. They had been drinking this water. They had been bathing their children in this water. For how long was the question neither of them asked out loud.",clinical,P_loathing-d2-v3,loathing,,4.223908246831981,4.635548719714492,4.3584660641563024,1,1,1,0.010676738203171172,3.953990210142961,4.471719198540322,4.143963984363678,1,1,1,0.00970061630684968,4.058084404111167,4.519076398412874,4.330414838690066,1,1,1,0.010095767411376879
B-loathing-d2-v4,loathing,peak,2.0,"Visceral revulsion (contamination, decay)",N-loathing-d2-c4,123,"The hotel room looked clean until she pulled back the bedspread. The sheet underneath had been made to look fresh — tucked, smoothed, corners folded. But the fabric had stains that were body-shaped in a way that matched the position of a person who had slept there. She lifted the pillow. Underneath was a used adhesive bandage and a strand of hair that was not hers. The sink in the bathroom had a ring at the waterline. The towels were folded but when she held one to the light, she could see the outline of a previous use that the wash cycle had not fully removed. She put the towel down. She put the pillow down. She did not sit on the bed.",clinical,P_loathing-d2-v4,loathing,,3.948606968606575,4.507486670638273,4.147586208500678,1,1,1,0.007498573928631282,3.7128991921090377,4.3596068220366995,3.984971664421101,1,1,1,0.007316280834887345,3.7928215854384613,4.421099683904696,4.1022468564669285,1,1,1,0.007850589127817165
B-loathing-d3-v1,loathing,peak,3.0,Social betrayal (hypocrisy exposed),N-loathing-d3-c1,107,"The pastor had preached about family every Sunday for twelve years. He had counseled couples in his office. He had held the hands of women whose marriages were failing and told them that commitment was a choice made daily. The photographs were from a private account that had been made public by the platform's security failure. They showed the pastor in hotel rooms in three different cities with three different people, none of whom was his wife. The metadata on the photographs spanned eighteen months. The most recent was dated two days before a sermon she had attended, in which he spoke about the meaning of trust.",clinical,P_loathing-d3-v1,loathing,T_loathing-d3-v1,3.838274742177679,4.4743935629216125,4.138986617366272,1,1,1,0.005860731810821238,3.738183600215654,4.4584187711336964,3.9987193988625105,1,1,1,0.0057812108464631124,3.7483311789959894,4.48293820071775,4.114550330892897,1,1,1,0.005256800775298562
B-loathing-d3-v2,loathing,peak,3.0,Social betrayal (hypocrisy exposed),N-loathing-d3-c2,97,"The politician had campaigned on clean water. Three terms, twelve years, clean water in every speech. Her voting record was public. She had voted against the water treatment funding bill four times. Each time, the bill had failed by one vote. Her financial disclosures were also public, though they required cross-referencing with corporate filings to understand. The company that supplied the untreated alternative — the cheaper process, the one the bill would have replaced — had paid her consulting firm a retainer for eleven of the twelve years. The consulting firm was registered to her home address.",clinical,P_loathing-d3-v2,loathing,T_loathing-d3-v2,3.9546667867300433,4.513854476310824,4.357715339391958,1,1,1,0.007579355738354179,3.8527697748506893,4.391460737179429,4.180657599653245,1,1,1,0.006975669980483948,3.8453694282570106,4.51810130878613,4.337359974534822,1,1,1,0.008046020197002741
B-loathing-d3-v3,loathing,peak,3.0,Social betrayal (hypocrisy exposed),N-loathing-d3-c3,102,"The wellness influencer had three million followers and a product line built on ""clean living."" Every post was a catalog of purity — filtered water, organic produce, handmade soaps, sunrise meditations. The lawsuit was filed by a former employee. The depositions included photographs of the production facility. The ""handmade"" soaps were manufactured by a chemical company in a building with no windows. The ""organic"" supplements contained synthetic compounds listed under proprietary ingredient names. The wellness influencer's personal grocery deliveries, documented in the deposition as business expenses, came from the same chain supermarket she had publicly called ""a place I could never shop.""",clinical,P_loathing-d3-v3,loathing,,3.9042677732604174,4.790339228457865,4.337213713164321,1,1,1,0.007169625772212478,3.8582486940370786,4.80324197399563,4.2134128183273765,1,1,1,0.0063789344411767125,3.8106562608413364,4.7235966558314395,4.246329634841796,1,1,1,0.007720577021547343
B-loathing-d3-v4,loathing,peak,3.0,Social betrayal (hypocrisy exposed),N-loathing-d3-c4,111,"The judge had sentenced forty-three people in drug cases over two years. Mandatory minimums. No exceptions. ""The law is the law,"" she had said from the bench, and it was quoted in the local paper each time. Her son's arrest was processed in a different county, which is why the record didn't surface until a clerk noticed the shared surname during a database merge. Possession. Same substance, same quantity range as eleven of the forty-three cases. Her son received a deferred adjudication and community service. The judge who handled his case had been a law school classmate of his mother. The forty-three people she had sentenced were still serving their terms.",clinical,P_loathing-d3-v4,loathing,,4.045177623417029,4.617189797470213,4.348421990911439,1,1,1,0.00873615934227242,3.834340504219616,4.5413976820819615,4.178901144968536,1,1,1,0.007848177555726464,3.9059081937068254,4.536021715638281,4.319222955465422,1,1,1,0.007951193716374944
B-amazement-d1-v1,amazement,peak,1.0,"Natural phenomenon (scale, beauty)",N-amazement-d1-c1,111,"She had pulled over because the road was too dark to drive safely. When she got out of the car to check the tires, she looked up. The sky was moving. Green light was crossing the entire visible horizon, folding over itself in shapes that changed faster than she could track. She had read about this. Reading about it and seeing it were not the same category of experience. The light had structure — curtains, columns, ripples that moved like fabric in wind, except there was no fabric and the scale was the size of the sky. She stood in the road. A car passed and honked. She did not move.",clinical,P_amazement-d1-v1,amazement,T_amazement-d1-v1,4.056159536399089,4.5521728441923175,4.172740991888318,1,1,1,0.007662739191384173,3.97186977993803,4.508659504925077,4.071616055806889,1,1,1,0.007478771371629594,3.92142920473039,4.547338883222911,4.098746280960859,1,1,1,0.007108507644455835
B-amazement-d1-v2,amazement,peak,1.0,"Natural phenomenon (scale, beauty)",N-amazement-d1-c2,135,"The boat had been in open water for six hours before the whale surfaced. It came up twenty meters from the hull. The body rose and kept rising — the back of the animal was longer than the boat, and the boat was fourteen meters. The spray from the blowhole reached the deck. He could see the texture of the skin, the barnacles, the eye — the eye was the size of a dinner plate and it was open and it was looking at something, and for a moment it was looking at him. The animal stayed at the surface for twelve seconds. He counted because his mind did nothing else during those twelve seconds except count. Then the tail rose and the water closed over it as if nothing had been there at all.",clinical,P_amazement-d1-v2,amazement,T_amazement-d1-v2,4.075284776849352,4.672689158477164,4.150312438206886,1,1,1,0.007656902268714561,3.9144318249080974,4.578342512092366,4.0553468344051025,1,1,1,0.007020099100475867,4.08860905941069,4.711964302566886,4.140812207313164,1,1,1,0.0070432335190808775
B-amazement-d1-v3,amazement,peak,1.0,"Natural phenomenon (scale, beauty)",N-amazement-d1-c3,124,"The canyon had been forming for six million years. She knew this because the sign at the overlook said so. The sign also said the depth was one mile. She looked at the sign and then she looked at the canyon and the number on the sign did not help. The layers of rock were visible — red, orange, white, brown — stacked in a sequence that represented time in a way that made the word ""time"" seem like the wrong word. The opposite rim was ten miles away. A bird was flying below her. Below her. She looked at her feet and they were on solid ground and the ground stopped and the air started and the air went down for a mile.",clinical,P_amazement-d1-v3,amazement,,3.805904603662027,4.485501898731879,4.120881529382697,1,1,1,0.0063658656703128825,3.7268825919350377,4.379236064894102,3.992139123811318,1,1,1,0.005739319400721603,3.7635267210456185,4.402232601407515,4.088782054558819,1,1,1,0.005966811481012861
B-amazement-d1-v4,amazement,peak,1.0,"Natural phenomenon (scale, beauty)",N-amazement-d1-c4,124,"The earthquake had been over for forty seconds when the ocean began to pull back from the shore. The water retreated past the tide line, past the rocks, past the point where the seabed had always been underwater. Fish were on the exposed sand, moving. Shells and stones that had not been in air for decades were in air. The floor of the sea was visible for a quarter mile. The people on the beach were standing still, all of them, facing the same direction, watching the water leave. No one was speaking. The horizon line, where the water had gathered, was rising. It was rising and it was coming back, and it was not going to come back as the ocean they knew.",clinical,P_amazement-d1-v4,amazement,,4.036779121099585,4.548474330735226,4.144117087419219,1,1,1,0.009806491865460886,3.8468724087954556,4.394221813008436,3.9886122923950014,1,1,1,0.008789565148780015,3.808740581890749,4.391813222001074,4.035266205634273,1,1,1,0.008763810143547646
B-amazement-d2-v1,amazement,peak,2.0,Human capability (unexpected heroism),N-amazement-d2-c1,134,"The building was on fire from the fourth floor up. The crowd was behind the barrier. A woman on the fifth floor was holding a child out the window because the room behind her was no longer a room. A man from the crowd went under the barrier. He went into the building through the front entrance. The crowd watched the entrance. Forty seconds later, the man appeared at the fifth-floor window. He took the child. The woman climbed out onto the ledge. The three of them came down the fire escape on the side of the building that was not yet burning. The man set the child on the sidewalk and sat down next to it. He was wearing office clothes and carrying a paper coffee cup. He still had the coffee cup.",clinical,P_amazement-d2-v1,amazement,T_amazement-d2-v1,3.9832762607186303,4.550179252957683,4.031757587622521,1,1,1,0.007080299477340902,3.8297452045319536,4.4030821438133065,3.9227753811665544,1,1,1,0.006452065064215683,3.9574759282139755,4.539620292726386,3.9984044549114395,1,1,1,0.006608732086698735
B-amazement-d2-v2,amazement,peak,2.0,Human capability (unexpected heroism),N-amazement-d2-c2,146,"The pianist had lost the use of her left hand in an accident nine years ago. The program listed the piece as a concerto written for two hands. The audience read the program and looked at the stage and looked at the program again. She sat down and placed her right hand on the keys. Then she played the concerto. She played both parts — the left hand's part rearranged across the right hand's range, the melody and the harmony woven into five fingers doing the work of ten. The notes were all present. The structure was intact. She had rebuilt the entire architecture of the piece around what she had, and what she had was enough. The last note ended and the hall was silent for four seconds before anyone responded, because what they had heard required those four seconds to become something they believed.",clinical,P_amazement-d2-v2,amazement,T_amazement-d2-v2,4.307510983847025,4.772513754963873,4.45829903098045,1,1,1,0.011818646418105065,4.0347086733112825,4.571544965656795,4.262062489298724,1,1,1,0.012039043383349919,4.459499474188639,4.789262397493111,4.565972544441725,1,1,1,0.012484731252771287
B-amazement-d2-v3,amazement,peak,2.0,Human capability (unexpected heroism),N-amazement-d2-c3,129,The boat had capsized in water too cold to survive for more than twenty minutes. There were six people in the water. The nearest coast guard vessel was forty-five minutes away. A fishing boat reached them in eleven minutes. The fisherman pulled all six out of the water by himself. He was sixty-three years old and his boat was nine meters long and there was no winch and no ladder. He used a net and his arms. The sixth person had stopped moving. The fisherman put his mouth on the man's mouth and his hands on the man's chest in the pattern he had learned from a poster in the harbor office twenty years ago. He did this for fourteen minutes. The man's chest began moving on its own.,clinical,P_amazement-d2-v3,amazement,,3.953994701628274,4.461947171473172,4.1834328804423775,1,1,1,0.00801742818531829,3.8704988058227765,4.3710218746597,4.057622739516528,1,1,1,0.007010695557856637,3.8986644223331335,4.4422995931223115,4.118658620870639,1,1,1,0.006413787233279566
B-amazement-d2-v4,amazement,peak,2.0,Human capability (unexpected heroism),N-amazement-d2-c4,128,"The girl was seven years old and she had been missing for three days. The search teams had covered the grid. The dogs had lost the scent at the river. On the fourth morning, a volunteer who was not assigned to any grid walked into a section of forest that had already been searched. He walked for two hours past the boundary of the searched area, into terrain the coordinators had ruled out because a seven-year-old could not have crossed it. He found her in a hollow formed by two fallen trees. She had built a structure from branches and leaves. She had collected rainwater in a boot. She looked at the volunteer and said, ""I knew someone would come, so I stayed where I could be dry.""",clinical,P_amazement-d2-v4,amazement,,4.151810042154183,4.6213206341781765,4.117111541390479,1,1,1,0.009161165476568851,3.9552337295346813,4.480140735876455,3.9708557975056276,1,1,1,0.008992397812935943,3.948531794008299,4.505598820965088,4.009896843133354,1,1,1,0.008642747087249329
B-amazement-d3-v1,amazement,peak,3.0,Intellectual revelation (paradigm shift),N-amazement-d3-c1,137,"He was a mechanic. He had gone to the lecture because his daughter was presenting her graduate research and he wanted to be in the room. He understood nothing for the first twenty minutes. Then she put up a diagram. It was a diagram of a system with feedback loops, and the system was not working the way it was supposed to, and she was explaining why. He looked at the diagram and he realized he knew why. It was the same reason a transmission fails when the fluid pressure loop can't self-correct. The same structure. He was a mechanic and his daughter was a computational biologist and they had been working on the same problem in different languages for thirty years. He sat in his chair and the building he was in became a different building.",clinical,P_amazement-d3-v1,amazement,T_amazement-d3-v1,3.968440976114119,4.53068838595203,3.999957987066526,1,1,1,0.00835294319644265,3.8914798872410072,4.410265204250769,3.8887296131732487,1,1,1,0.010702141865964606,3.936468462507479,4.501624459978989,3.960155329238935,1,1,1,0.009032813693262838
B-amazement-d3-v2,amazement,peak,3.0,Intellectual revelation (paradigm shift),N-amazement-d3-c2,143,"The translator had been working on the manuscript for two years, assuming it was a merchant's inventory — lists of goods, quantities, trade routes. Standard ancient commerce. Then she noticed that the quantities were wrong. No merchant would ship three hundred units of lamp oil to a city that had no record of importing lamp oil. She cross-referenced the numbers with a calendar system from a different civilization, one that had no known contact with the manuscript's origin. The numbers aligned. They were not quantities. They were dates. The merchant's inventory was an astronomical calendar disguised as a trade ledger, written by someone who understood two civilizations that historians had believed were separated by a thousand miles and three centuries. The translator put down her pen because the next line she translated would be in a field she had not been trained in.",clinical,P_amazement-d3-v2,amazement,T_amazement-d3-v2,3.9687422272558135,4.51124919645488,4.205929972218331,1,1,1,0.0072976819063321815,3.762789859757692,4.415041354112067,3.991666061922346,1,1,1,0.005844506395523493,3.9041705915572877,4.534792800699614,4.254859919651285,1,1,1,0.005894245089636853
B-amazement-d3-v3,amazement,peak,3.0,Intellectual revelation (paradigm shift),N-amazement-d3-c3,138,"The doctor had been treating the patient for a condition that was not responding to any standard protocol. Eighteen months, seven specialists, no change. She was reviewing the file for the eighth referral when she noticed something in the blood work from the first visit — a value that had been flagged as a lab error and never repeated. She ordered the test again. The value came back the same. It was not a lab error. It was a marker for a condition so rare that the diagnostic software didn't include it in its differential. She looked at the marker and then at the eighteen months of failed treatments and realized that every treatment had been correct for the wrong diagnosis. The right diagnosis changed one number in the file. One number changed everything that would happen next.",clinical,P_amazement-d3-v3,amazement,,4.340955498979227,4.718637266958227,4.379057502250519,1,1,1,0.011939215782696737,4.1881738072921255,4.602987695047502,4.247144764795991,1,1,1,0.011784066864586938,4.239208015035089,4.728938720840323,4.415960326096061,1,1,1,0.00953976017434696
B-amazement-d3-v4,amazement,peak,3.0,Intellectual revelation (paradigm shift),N-amazement-d3-c4,121,"The student had asked the question to be polite. It was a visiting lecture, and no one else had raised a hand, and the silence was becoming uncomfortable. She asked about the third equation on the second slide. The lecturer paused. Then the lecturer took a step back from the podium. Then the lecturer said, ""Say that again."" She said it again. The lecturer turned to the board and began writing. Other faculty in the room were leaning forward. The lecturer wrote for four minutes without stopping. When he turned around, he said, ""That question has a consequence I have not considered in forty years of working on this."" The student was twenty-two. She had asked the question to be polite.",clinical,P_amazement-d3-v4,amazement,,4.129395902284751,4.361372766534407,3.92617171186973,1,1,1,0.007727692518447204,4.047062895608851,4.2394137918623125,3.7828984510463695,1,1,1,0.007823334436772843,3.9815847168421534,4.228500142801003,3.884702716745746,1,1,1,0.007514565186383665
B-admiration-d1-v1,admiration,peak,1.0,"Competence (mastery, skill)",N-admiration-d1-c1,132,"The apprentice had been watching the glassblower for four years. In four years he had never seen her repeat a motion unnecessarily. Every movement of the pipe, every rotation, every breath into the molten shape was the exact movement required and nothing more. Other glassblowers compensated — adjusting, correcting, recovering. She did not need to recover because she did not make the error that required recovery. He had timed her once, secretly, with a stopwatch, comparing her to the videos of the masters in the guild archive. She was faster. Not because she moved quickly, but because she never moved twice where once was enough. He had been her apprentice for four years, and in four years the distance between his craft and hers had not closed. It had become more visible.",clinical,P_admiration-d1-v1,admiration,T_admiration-d1-v1,3.9673458727681217,4.4381070617138425,4.408807205763092,1,1,1,0.011796644284769876,3.9729573769580027,4.414512935544549,4.209509543064822,1,1,1,0.00998835345555066,3.9219284767049123,4.361919873217854,4.255800908360854,1,1,1,0.010477890927364389
B-admiration-d1-v2,admiration,peak,1.0,"Competence (mastery, skill)",N-admiration-d1-c2,124,"The interpreter was working between two languages and a courtroom full of people who didn't know what they were witnessing. The defendant spoke in long, unpunctuated sentences — clauses folding into each other, tense shifting mid-thought, idioms from a regional dialect that had no direct equivalent. The interpreter rendered each sentence into English without pause, without simplification, and without losing the structure that made the defendant's meaning his own and not someone else's. The judge did not notice. The attorneys did not notice. The defendant noticed. When the interpreter finished a passage that contained a proverb his grandmother had used, the defendant looked at her for the first time, and what passed between them was the recognition that his words had survived the crossing.",clinical,P_admiration-d1-v2,admiration,T_admiration-d1-v2,4.106821896584229,4.34524013973928,3.8981879637947423,1,1,1,0.010361723367622906,3.89958341415087,4.2406824445396465,3.765498922748734,1,1,1,0.010281704534482903,3.9043517945458235,4.310386297565832,3.821128661815808,1,1,1,0.008598919995644397
B-admiration-d1-v3,admiration,peak,1.0,"Competence (mastery, skill)",N-admiration-d1-c3,149,"The teacher had been at the school for thirty-one years. She taught sixth grade. Every year, the parents of the incoming class would ask the parents of the outgoing class about her, and the answer was always a version of the same thing: she knew where each child was. Not their desk. Where they were — in their understanding, in their confidence, in the distance between what they could do last month and what they could do now. She held this map for twenty-eight students simultaneously, and she adjusted it daily, and she never wrote it down because it was not the kind of thing that fit on paper. Former students came back to visit her. They came back at seventeen and at twenty-five and at forty, and they told her things they had not told anyone else, because she had been the first person to see them accurately.",clinical,P_admiration-d1-v3,admiration,,4.238741262916021,4.563988228856523,4.313400840533671,1,1,1,0.009753551224090131,4.038738299287927,4.366288806495659,4.123423035325256,1,1,1,0.008291305598008473,4.242519828142643,4.476981966038872,4.330198409293671,1,1,1,0.007896199042417784
B-admiration-d1-v4,admiration,peak,1.0,"Competence (mastery, skill)",N-admiration-d1-c4,119,"The surgeon's hands were the thing people talked about. Not his results — his results were in the database, comparable to others at his level. His hands. The residents watched them during procedures. The motions were small and they were certain and they did not contain anything extra. A resident once said that watching him operate was like watching someone write in a language that had no unnecessary letters. He operated on structures that were millimeters apart, and his instruments moved between them the way a sentence moves between words — without confusion about where one ended and the next began. He had been doing this for twenty-six years. His hands had not changed speed. They had changed precision.",clinical,P_admiration-d1-v4,admiration,,4.011873257741418,4.54568854699816,4.128381603017191,1,1,1,0.009079632548841927,3.7992345059464494,4.451818493549168,3.936432256542912,1,1,1,0.008546844304872242,3.9705228696755976,4.504049731670508,4.0562942954174925,1,1,1,0.008953148972981332
B-admiration-d2-v1,admiration,peak,2.0,"Moral character (sacrifice, integrity)",N-admiration-d2-c1,135,"The accountant had reported his own firm. The irregularities were ones he had found, in accounts he managed, producing revenue that paid his salary. He reported them knowing what would happen: the investigation, the firm's closure, the loss of his position, the years of litigation during which no one in the industry would hire a person who had done what he did. He reported them because the accounts belonged to people who would not have found the irregularities themselves, and those people would have continued to lose money that they could not afford to lose. He was asked, afterward, by many people, why. His answer was the same each time: the accounts were not abstractions. They were the retirement savings of specific people whose names were on the files, and he had seen the names.",clinical,P_admiration-d2-v1,admiration,T_admiration-d2-v1,3.806507692538705,4.40265315675877,4.189636413358917,1,1,1,0.009009382740441637,3.693839415344784,4.27817487937275,3.9292810976203527,1,1,1,0.00808990420949883,3.6746665196640533,4.4467456871559845,4.170091429607896,1,1,1,0.008847483886007331
B-admiration-d2-v2,admiration,peak,2.0,"Moral character (sacrifice, integrity)",N-admiration-d2-c2,124,"The woman had been fostering children for twenty-two years. Not the easy placements. The ones the system called ""difficult,"" which meant: the ones who had learned that adults leave. She had taken in forty-one children. Some stayed for months. Some stayed for years. Every one of them left, because that was the structure — foster care is temporary by design. She set the table for them. She learned what they would eat and what they wouldn't. She kept their drawings on the refrigerator and she did not take them down when the children left. The refrigerator was covered, layered, years deep. A caseworker once asked her how she did it — the repeated attachment and loss. She said she didn't do it for herself.",clinical,P_admiration-d2-v2,admiration,T_admiration-d2-v2,4.092436641840276,4.452670070930479,4.190766600605154,1,1,1,0.010268767796010162,3.8619647325814506,4.275955211729209,4.021625977314165,1,1,1,0.009345466876686696,4.054395532650821,4.442739663731705,4.133410466898406,1,1,1,0.008754078394195914
B-admiration-d2-v3,admiration,peak,2.0,"Moral character (sacrifice, integrity)",N-admiration-d2-c3,142,"The journalist had the story. It would have been the largest of her career. The source was a minor — seventeen years old, a witness to something that would have ended careers and possibly led to indictments. Publishing the story with the source's testimony would have been legal. The source had consented. The source's parents had consented. The editor wanted it. The journalist sat with the transcript for two days. Then she removed every identifiable detail from the source's testimony and published the story without the strongest evidence. It ran on page four instead of page one. The careers continued. The indictments did not come. The seventeen-year-old was not named in any database, and would not be found by anyone searching for the story ten years from now. The journalist's colleagues did not understand. The editor moved her to a different beat.",clinical,P_admiration-d2-v3,admiration,,3.961726996914963,4.535593726696201,4.170150323810367,1,1,1,0.009058419558826476,3.863618221446892,4.365955377004716,3.9922516401870443,1,1,1,0.009099768730681681,3.9020661829397354,4.44361538893754,4.143482731973813,1,1,1,0.01073535747763152
B-admiration-d2-v4,admiration,peak,2.0,"Moral character (sacrifice, integrity)",N-admiration-d2-c4,140,"The doctor had been offered the position three times. Chief of the department. More money. An office with his name on the door. A title that would follow his name in print. Each time, he declined. Each time, the reason was the same: the position required administrative days, and administrative days were days he would not be in the clinic. The clinic was in a part of the city where the next nearest doctor who spoke the patients' language was forty minutes away by bus. He had been there for nineteen years. Some of the patients he saw now were the children of patients he had seen when he first arrived. He chose the clinic over the title three times, and the third time, the hospital stopped asking, and the patients did not know there had ever been a question.",clinical,P_admiration-d2-v4,admiration,,3.9199984214951455,4.422560060698743,4.183864178723978,1,1,1,0.010137823129100816,3.6881801736795845,4.283762085329237,3.9390659003772432,1,1,1,0.008851257590060559,3.708789949230527,4.380559871232873,4.112629930481961,1,1,1,0.0079404824251801
B-admiration-d3-v1,admiration,peak,3.0,Resilience (endurance against odds),N-admiration-d3-c1,144,"The woman had rebuilt the house herself. Not with a crew. By herself. The flood had taken everything below the waterline, which was everything — the floors, the walls to four feet, the wiring, the plumbing. Insurance had covered a fraction. She was sixty-seven years old. She watched videos on the internet and she went to the hardware store and she asked questions until she understood the answers, and then she did the work. It took her fourteen months. The building inspector who signed off on the final permit said the wiring was better than what had been there before the flood. She had learned how to do it correctly by doing it for the first time. Her neighbors had offered to help. She had thanked them and done it herself, not out of stubbornness, but because she wanted to know that she could.",clinical,P_admiration-d3-v1,admiration,T_admiration-d3-v1,4.346744990177976,4.69361608966248,4.300623026982233,1,1,1,0.00903741001132866,4.120369500009364,4.522699599497477,4.116064975453603,1,1,1,0.007852413426977366,4.288467672887142,4.645798220926766,4.3399156042521,1,1,1,0.01043255934027134
B-admiration-d3-v2,admiration,peak,3.0,Resilience (endurance against odds),N-admiration-d3-c2,131,"He had been rejected from the program seven times. Seven applications, seven years. Each year, the letter arrived in March. Each year, the letter said no. Each year, he revised the application — not cosmetically but structurally, tearing apart what he had built and rebuilding it from the foundation. He did not know if the committee noticed. He worked during the day as a technician in the same building where the program operated, and he passed the offices of the people who had rejected him every morning on his way to the equipment room. On the eighth year, the letter said yes. He was forty-one years old. He had been twenty-seven the first time he had stood at the threshold of this work. He had not once walked a different direction.",clinical,P_admiration-d3-v2,admiration,T_admiration-d3-v2,4.002549767189606,4.480050950805136,4.3654916725844295,1,1,1,0.008730596695203544,3.875408372384848,4.320159805820022,4.173490044615136,1,1,1,0.008728305371839861,3.9894497226489456,4.43870983910078,4.335392220167673,1,1,1,0.009629388934569324
B-admiration-d3-v3,admiration,peak,3.0,Resilience (endurance against odds),N-admiration-d3-c3,146,"The runner had finished last. She had finished last in every race for two years, since the accident that had rebuilt her left leg from the knee down with hardware that the manufacturer had not designed for competitive use. She ran anyway. She ran last and she finished and she walked through the finish area the same way the first-place finisher did — collecting her tag, checking her time, noting what to work on. The other runners had stopped noticing that she was last a long time ago. What they noticed was that she was at the starting line. Every race. Same preparation, same focus, same routine. The gap between her time and the field was getting smaller by increments so small that only the timing system could detect them. She could detect them. She checked the numbers after every race and the numbers were moving.",clinical,P_admiration-d3-v3,admiration,,4.098222705929138,4.619904318265177,4.36524645887417,1,1,1,0.011787725901485958,3.8539830528066203,4.463498963686604,4.150293586590839,1,1,1,0.010528148193534106,3.970110907752297,4.4759960177868345,4.295432346078386,1,1,1,0.009612768362084937
B-admiration-d3-v4,admiration,peak,3.0,Resilience (endurance against odds),N-admiration-d3-c4,163,"The boy had been in the hospital for nine months. He was eleven. The illness had taken his mobility first, then his fine motor control, then his ability to write. His teacher came to the hospital room every Tuesday and Thursday. She brought the same materials she brought to the other students in her class, and she taught him the same lessons at the same pace. When he could no longer hold the pencil, she held the paper and he told her what to write, and she wrote it in his handwriting as closely as she could reproduce it, because he had asked her to. When the class sent cards, he dictated his responses. Every response began with a question about the other student — what were they reading, had they finished the project, did the experiment work. He was eleven years old and he had been in a hospital bed for nine months and he was asking other people about their lives.",clinical,P_admiration-d3-v4,admiration,,4.05329080060138,4.334602834184935,3.997580871068842,1,1,1,0.011401078889532084,4.065639300592805,4.303188416296841,3.9459874852933523,1,1,1,0.010767691465445114,4.01743207199379,4.233653797689012,3.958175326378635,1,1,1,0.012240602316185657
B-vigilance-d1-v1,vigilance,peak,1.0,Protective watch (child in danger),N-vigilance-d1-c1,138,"The boy was three years old and he was playing at the edge of the pond. His mother was eleven feet away, seated on the bench but not resting against the back. Her weight was forward, on the front of the seat. The water was eighteen inches deep at the edge and the bottom was mud, not sand, which meant footing was uncertain. The boy picked up a stick and swung it. She tracked the arc. A dog approached from the left and the boy turned toward it, away from the water, and she adjusted — she was now watching the dog and the boy and the distance between the boy and the water, all three simultaneously. Her coffee was in her hand. It had been in her hand for twenty minutes. She had not taken a sip.",clinical,P_vigilance-d1-v1,vigilance,T_vigilance-d1-v1,3.862412661482354,4.351537513048285,4.009837909411953,1,1,1,0.006067172966927854,3.8412478369240137,4.258329103462719,3.9640707502326475,1,1,1,0.007007332235444857,3.8047239410599474,4.286568739485068,3.9835465055222925,1,1,1,0.006703162844360183
B-vigilance-d1-v2,vigilance,peak,1.0,Protective watch (child in danger),N-vigilance-d1-c2,141,"His daughter was learning to ride a bicycle. She was at the top of the hill. The hill was longer than he had estimated from the bottom, and the grade was steeper in the middle section where the pavement had a crack running across it. He was standing at the bottom, but not at the very bottom — he was at the point where the grade increased, because that was where she would begin to accelerate beyond what her brakes could manage. He had already checked the brakes. He had checked them twice. A car turned onto the street two blocks away. He noted it. It was moving slowly. He watched his daughter and he watched the car and he calculated the intersection of their two trajectories and he moved four feet to his left, which put him between the trajectories.",clinical,P_vigilance-d1-v2,vigilance,T_vigilance-d1-v2,3.7489814039105465,4.351672659413979,4.03632451209185,1,1,1,0.007206823423208338,3.696113253218316,4.313697036027817,3.9435873923195723,1,1,1,0.007777788818228313,3.6640254734498114,4.280762979546558,3.963830242027066,1,1,1,0.006682716766125716
B-vigilance-d1-v3,vigilance,peak,1.0,Protective watch (child in danger),N-vigilance-d1-c3,127,"The toddler was asleep, but she had not left the doorway. The fever had been 103.4 an hour ago and 103.1 thirty minutes ago and she was tracking the interval between the numbers, looking for the slope of the line. The pediatrician had said to call if it reached 104. She had the phone in her hand with the number already entered, one button away. The medicine had been given forty-two minutes ago. It should begin working between forty-five and sixty minutes. She was in the window between the medicine being given and the medicine working, and in that window there was nothing to do except watch the child's chest rise and fall and count the seconds between the rises and note whether the intervals were even.",clinical,P_vigilance-d1-v3,vigilance,,4.163507519412271,4.349958995522596,3.905901982884487,1,1,1,0.009067440877884698,3.796568041819385,4.108363404584618,3.7164401359252532,1,1,1,0.0062903876727409755,4.022758629219566,4.193962747376704,3.806425752239335,1,1,1,0.007348957798456627
B-vigilance-d1-v4,vigilance,peak,1.0,Protective watch (child in danger),N-vigilance-d1-c4,121,"The lifeguard was watching lane four. The boy in lane four was eight and he was swimming with a class, but he was behind the group by half a length and his stroke was changing. The left arm was entering the water at a different angle than it had three laps ago. His kick interval had slowed. The instructor was at the front of the group, facing away. The lifeguard shifted her chair position by six inches, which changed her angle to lane four. She had her rescue tube across her knees, not on the hook behind her. The boy's head went under on the recovery stroke and came up a half-second later than the previous cycle. She was already standing.",clinical,P_vigilance-d1-v4,vigilance,,3.88709746860147,4.357824326049048,4.093114489994934,1,1,1,0.006369027218282353,3.874886428094905,4.330625542449555,4.003377315248795,1,1,1,0.006280048068502589,4.020627737148359,4.290129826920514,4.061057865648655,1,1,1,0.007247723202412777
B-vigilance-d2-v1,vigilance,peak,2.0,Strategic anticipation (high-stakes decision),N-vigilance-d2-c1,140,"The surgeon had been looking at the scan for forty minutes. The tumor was adjacent to the artery. Not touching it — adjacent. The margin was four millimeters. Her team was scrubbing in. She had drawn the approach on a whiteboard three times, erasing and redrawing the angle of the second incision each time. The margin was four millimeters when the patient was still. During the procedure, the tissue would shift. Four millimeters could become two. Two millimeters was the distance between a successful resection and a bleed she would have ninety seconds to control. She picked up the marker and drew the approach a fourth time. Then she asked the anesthesiologist what the patient's resting blood pressure variance was, because a three-point systolic swing would change the arterial position by a distance she needed to know before she opened.",clinical,P_vigilance-d2-v1,vigilance,T_vigilance-d2-v1,4.240328308602175,4.521678884526098,4.105796602419958,1,1,1,0.009247511287121209,3.909724218941145,4.34261525786698,3.9115901540708156,1,1,1,0.009239285374797842,4.065648140876121,4.427003756811052,4.0488435244109295,1,1,1,0.00897479973621653
B-vigilance-d2-v2,vigilance,peak,2.0,Strategic anticipation (high-stakes decision),N-vigilance-d2-c2,133,"The negotiator had been in the room for seven hours. The man on the other side of the door had not spoken in the last forty minutes. Silence after sustained communication was the pattern the negotiator tracked most carefully, because it was the interval in which decisions were made. He had a diagram in his notebook — a timeline of every word, every pause, every noise from inside the room, marked by minute. The forty minutes of silence had a shape. The first fifteen had ambient sound — movement, objects being shifted. The next ten had stillness. The last fifteen had a single repeated sound at irregular intervals. He was listening to the intervals between the repetitions, because the intervals were getting shorter, and shortening intervals meant the pattern was approaching a conclusion.",clinical,P_vigilance-d2-v2,vigilance,T_vigilance-d2-v2,3.8018480022112753,4.437930470938194,3.9827690227525414,1,1,1,0.00844080667415002,3.7687339600912257,4.344388516510192,3.916035813297387,1,1,1,0.008423774529732525,3.8900588818508752,4.491839586700925,3.964471760674579,1,1,1,0.0069215749811066835
B-vigilance-d2-v3,vigilance,peak,2.0,Strategic anticipation (high-stakes decision),N-vigilance-d2-c3,134,"The trader had three screens and she was watching all of them. The position was open. The market was approaching the level where the trade would either confirm or reverse, and the level was eleven points away. She had calculated the level from data going back fourteen months. She had set no automatic trigger because the decision at that level depended on velocity — not just whether the market reached the number, but how fast it arrived, and whether the volume pattern at arrival matched the pattern from the three previous approaches to the same level. Two of those approaches had reversed. One had broken through. She needed to see the order flow in the final seconds to distinguish which pattern was forming, and that could not be automated. Eleven points. She was watching.",clinical,P_vigilance-d2-v3,vigilance,,4.002808412469625,4.416557323650856,4.010924283838375,1,1,1,0.006368625781211341,3.9806832385477566,4.277744183168428,3.9276550269514545,1,1,1,0.0070502262535307595,3.987803314904136,4.355569057270741,3.978007600864704,1,1,1,0.006920155797455629
B-vigilance-d2-v4,vigilance,peak,2.0,Strategic anticipation (high-stakes decision),N-vigilance-d2-c4,135,"The chess player had been sitting for twenty-three minutes without moving. His opponent had played a move that created two threats simultaneously — one to the knight on c6, one to the pawn structure on the kingside. Each threat individually had a clear response. Together, they required him to choose which to concede. But he was not looking at the threats. He was looking at the square d5, which was empty. If he answered the knight threat, d5 would be available to his opponent's bishop in three moves. If he answered the pawn threat, d5 would be available to his own knight in four moves. The difference between those two futures was the game. He sat and looked at the empty square, because the empty square was where the next forty moves would be decided.",clinical,P_vigilance-d2-v4,vigilance,,4.139336518232253,4.2577953691745645,4.238639786884682,1,1,1,0.01109418898168778,3.9651425999370575,4.1795195622685855,4.063756247971031,1,1,1,0.009448118924885772,3.917194708344184,4.209989086524822,4.141700669339595,1,1,1,0.00793865154875616
B-vigilance-d3-v1,vigilance,peak,3.0,Environmental scanning (predator awareness),N-vigilance-d3-c1,142,"The ranger had been sitting in the blind since 4 a.m. The radio report at midnight had placed the injured male within two miles of the village boundary. The animal was wounded, and wounded animals do not follow established paths. It was moving toward a populated area, which made it a priority. She had a map with twelve-hour, six-hour, and one-hour probability circles drawn in concentric rings. The one-hour circle included the path she was watching. The ground was dry, which meant tracks would be shallow and easy to miss. She had positioned herself downwind. Every six minutes she scanned left to right through the binoculars, then listened for thirty seconds with them down. She had been doing this for five hours. The pattern had not varied. The coffee thermos was behind her, unopened, because opening it would create a scent plume.",clinical,P_vigilance-d3-v1,vigilance,T_vigilance-d3-v1,4.018926291120657,4.418031473784721,4.032145384672224,1,1,1,0.009046132046905813,3.780947223886132,4.27612248176682,3.863050812185617,1,1,1,0.008588924698078882,4.06532754912971,4.430104314211465,4.013352427024213,1,1,1,0.00935307744159132
B-vigilance-d3-v2,vigilance,peak,3.0,Environmental scanning (predator awareness),N-vigilance-d3-c2,134,"The pilot was flying the approach in fog. The runway was visible only on instruments. The crosswind had been reported as twelve knots from the left, but the windsock readings from the last three aircraft had varied between nine and sixteen, which meant the wind was gusting in a pattern the reports couldn't capture. She was tracking the airspeed indicator and the glideslope needle and the heading and the altitude and the rate of descent. Five instruments, all simultaneously, because at this point in the approach any one of them departing from its target value by a specific margin would require a go-around, and the margin was different for each instrument, and the margins were shrinking as the altitude decreased. The runway should become visible at two hundred feet. She was at three hundred.",clinical,P_vigilance-d3-v2,vigilance,T_vigilance-d3-v2,3.832082143228663,4.3335228163811115,4.0725381142279495,1,1,1,0.008499548429971944,3.8670806778832154,4.266866112356348,3.954644988579447,1,1,1,0.008787586177537651,3.8955531636577643,4.353842521236696,4.066215954270601,1,1,1,0.008476551391682076
B-vigilance-d3-v3,vigilance,peak,3.0,Environmental scanning (predator awareness),N-vigilance-d3-c3,144,"The mother was walking her children home from school. The route was six blocks. On the third block, a car she had seen on the first block appeared again, moving slowly in the same direction. It was a gray car with tinted windows and it was in the right lane, the lane closest to the sidewalk. She moved her children to the inside of the sidewalk, between herself and the building wall. She noted the license plate. She noted the first three characters and repeated them silently. At the fourth block, the car turned right and was gone. At the fifth block, she saw it again, now approaching from the opposite direction. Same car. Same lane. She took out her phone and called her husband and said, ""Stay on the line. We're six minutes away. I'm going to read you a license plate number.""",clinical,P_vigilance-d3-v3,vigilance,,4.046977453117063,4.358625315283653,4.0166982506949624,1,1,1,0.007989261538194644,3.8747779428876585,4.227918312177107,3.8825542288194574,1,1,1,0.008024324527385444,3.929557306817188,4.261163923764523,3.962353314948391,1,1,1,0.007544568082271734
B-vigilance-d3-v4,vigilance,peak,3.0,Environmental scanning (predator awareness),N-vigilance-d3-c4,149,"The security guard had been watching the camera feeds for the museum's east wing. It was the final night of the exhibition, and the collection was valued at a figure he had been told once and was not going to repeat. There were nine cameras and he was rotating between them on a twelve-second cycle. Camera six covered the corridor between the two main galleries. A visitor had passed through the corridor four times in the last hour. The same visitor. The museum was open for another ninety minutes. He had noted the visitor's jacket, shoes, and the bag slung over the left shoulder. The bag had been on the right shoulder during the first pass. He did not change anything about his posture or his rotation. He added a tenth camera to his cycle — the one that covered the emergency exit at the end of the corridor.",clinical,P_vigilance-d3-v4,vigilance,,4.159962364174954,4.510974571035419,4.11078037468757,1,1,1,0.006027055898992033,3.937325381005236,4.420504615913068,3.9983062710801063,1,1,1,0.006611478285550013,4.086504240607079,4.4166465068416505,4.104420192164333,1,1,1,0.008361536270517302
B-rage-d4-v1,rage,peak,4.0,Caregiving responsibility (dependent in your charge),N-rage-d4-c1,98,"The daycare's incident report was a single paragraph. His son had been
in the supply closet for two hours. The door had a lock on the outside.
His son was three. The teacher had written ""time-out duration extended""
on the form. The director left a voicemail at 10:15 AM — while he was
at work, not after. He picked up his son at 5:30. The boy's pants were
wet. The supply closet was four feet by six feet. He knew because he
went back that evening and measured it. He stood inside. He measured it
again.",clinical,P_rage-d4-v1,rage,,3.5167877499420306,4.1241966902537825,3.902089493887213,1,1,1,0.004116428197524823,3.38489318408989,4.052370351678621,3.846022944780053,1,1,1,0.00498483301811055,3.3609728038536004,4.064365813979696,3.860037359008,1,1,1,0.004197149725539416
B-rage-d4-v2,rage,peak,4.0,Caregiving responsibility (dependent in your charge),N-rage-d4-c2,106,"His mother had a bruise on her upper arm in the shape of four fingers.
She was eighty-three and she had not fallen. She had told him this three
times. The facility's report said ""patient found on floor, self-transferred
from bed."" He asked to see the incident log. The log had no entry for
that date. He asked to see the camera footage. The hallway camera had
been offline for maintenance for eleven days. He asked who had been on
shift. Three different staff members were listed. He asked his mother
again. She held up her arm and pointed at the marks. She pointed at
each one.",clinical,P_rage-d4-v2,rage,,3.638630726233142,4.180283308804517,3.9016863248394804,1,1,1,0.006786422151006248,3.391377351693611,4.05829151252804,3.7367722449034777,1,1,1,0.00752206045971118,3.5964041585835647,4.106456489395652,3.8660257032931202,1,1,1,0.006435767792800612
B-rage-d4-v3,rage,peak,4.0,Caregiving responsibility (dependent in your charge),N-rage-d4-c3,103,"His daughter had drawn seventeen pictures at school that month. The
teacher sent them home in a folder. The first three were houses and
trees. By picture eight, the figures had no mouths. By picture twelve,
one figure was drawn larger than the others and colored entirely in
black. The school counselor called it ""age-appropriate variation."" He
lined the pictures up on the kitchen table in the order they were dated.
He could see the progression. Anyone could see the progression. The
counselor had seen them one at a time. He had seen them all at once. He
lined them up again.",clinical,P_rage-d4-v3,rage,,3.695014120883963,4.010551058983021,3.8275444016802602,1,1,1,0.005593858408073688,3.5667500790977402,3.936772959961073,3.765805280536209,1,1,1,0.006398247435947228,3.607899283141495,3.9478596930331538,3.8246598629994297,1,1,1,0.006009230119748173
B-rage-d4-v4,rage,peak,4.0,Caregiving responsibility (dependent in your charge),N-rage-d4-c4,93,"She had power of attorney for her brother. He was thirty-one and
non-verbal. The group home billed for three hours of daily activities.
She visited on a Wednesday at 2 PM without calling ahead. Her brother
was in his room. The television was off. No materials on the table,
no items moved from the shelf, no coat by the door. The log book
listed ""morning outing: park."" It was raining. It had been raining
since Monday. She turned to Tuesday's entry. Park. Monday. Park. She
photographed each page.",clinical,P_rage-d4-v4,rage,,3.8334559651884605,4.203796394927227,4.056224773860714,1,1,1,0.007700396311399744,3.747132811606358,4.214191154114696,3.942431648109135,1,1,1,0.007297815168148451,3.664519018647518,4.16485976593885,4.046216372050323,1,1,1,0.0077596281540475405
B-rage-d5-v1,rage,peak,5.0,Inheritance/legacy (intergenerational discovery),N-rage-d5-c1,107,"The storage unit held forty years of his father's records. His father
who had lectured him about honesty at every Sunday dinner for thirty-two
of those years. The records showed a second address, a second mortgage,
and a woman in another state. Three children. Monthly payments on time
every month — the same months he'd been told there wasn't enough for
his baseball registration, his class trip, his mother's dental work.
Christmas cards from the other children were filed by year in a shoebox.
They called his father ""Dad."" The handwriting in the most recent card
was a child's. He closed the box. He opened it again.",clinical,P_rage-d5-v1,rage,,3.941376946558253,4.421094670090447,4.038458491183851,1,1,1,0.006988330973316688,3.719052855581144,4.327419641808062,3.888206362754795,1,1,1,0.00646738214314588,3.8090239352194284,4.346479612978484,4.054561374873082,1,1,1,0.006696142073198851
B-rage-d5-v2,rage,peak,5.0,Inheritance/legacy (intergenerational discovery),N-rage-d5-c2,108,"Her mother had kept a folder labeled ""Not Sent"" in the bottom drawer
of the filing cabinet. Seven letters to the school board, dated across
four years. Each one described what had been done to her — the girl
she'd been, what was happening at that school. The letters were detailed.
They named the teacher. They cited dates. They quoted specific words
that had been said to her in class. Her mother had written all of it
down. Every incident. And mailed none of it. Her mother had sat across
from her at the kitchen table and said ""it builds character"" while the
drafts accumulated in the drawer. Seven letters. All stamped. None sent.",clinical,P_rage-d5-v2,rage,,3.832362860173022,4.273911029954246,3.9923083601409406,1,1,1,0.009367209535440185,3.5747168566421275,4.086902684447088,3.7789945069357276,1,1,1,0.008733998946564214,3.607067932205364,4.186494793341426,3.897821927047229,1,1,1,0.00831699956623617
B-rage-d5-v3,rage,peak,5.0,Inheritance/legacy (intergenerational discovery),N-rage-d5-c3,108,"The archive sent his grandfather's service file in a manila envelope.
Not the version framed in the hallway. The real one. His grandfather
had not been a medic. The commendation was for a different man with a
similar name, from a different unit. His grandfather's file contained
three disciplinary actions and an early discharge. Sixty years of
Sunday dinners where the story was told. His mother had repeated it at
every holiday. His wife had heard it. His son had done a school report
on it last spring and received an A. The framed report was next to the
framed commendation on the hallway wall. He looked at both frames. He
took them both off the wall.",clinical,P_rage-d5-v3,rage,,3.753253594402136,4.216854467998048,4.024427773951432,1,1,1,0.008738115805628388,3.555362559490725,4.042956783240743,3.798576023735332,1,1,1,0.007573654856729362,3.5959341379456182,4.171371873868924,4.004466941995821,1,1,1,0.00811019966024023
B-rage-d5-v4,rage,peak,5.0,Inheritance/legacy (intergenerational discovery),N-rage-d5-c4,105,"The deed was in the strongbox with the rest of his grandmother's papers.
The original, from 1962. Attached was a condemnation order issued
against the previous owners — a family whose name he recognized because
it was still on the mailbox of the empty lot three houses down. His
grandmother had paid one-fifth of the assessed value. The signatures on
the condemnation order included a county official who shared his
grandmother's maiden name. He had grown up in this house. He had
inherited this house. He had raised his children in it. The lot three
houses down was still empty. He read the deed again. He read the
condemnation order again.",clinical,P_rage-d5-v4,rage,,3.8798137653567113,4.447825737740502,4.183508249389271,1,1,1,0.008072704585286306,3.739965045479731,4.268113168847471,4.027128770568436,1,1,1,0.00858706460734244,3.6967148127798097,4.369763686633311,4.1367329908596275,1,1,1,0.006446853527709515
B-rage-d6-v1,rage,peak,6.0,Public witness (stranger encounter in shared space),N-rage-d6-c1,101,"The man on the platform had dropped his groceries. Oranges rolled toward
the edge. He was trying to pick them up. He had a cane. Two transit
officers told him to move. He said the oranges. They said move. He
reached for one near the edge and an officer took his arm — the arm
with the cane. The cane hit the concrete. The man went down on one
knee. Fourteen people stood on the platform. The security camera was
mounted six feet above the bench. She looked at the fourteen people.
She looked at the camera. She looked at the fourteen people. None of
them had moved.",clinical,P_rage-d6-v1,rage,,3.674426666486602,4.165682811087877,3.922334297688653,1,1,1,0.005813422921560276,3.540311476365502,4.122624568894328,3.8479592798241047,1,1,1,0.006755496184751861,3.625630467424461,4.100298194841277,3.912695109504287,1,1,1,0.0068649273319779805
B-rage-d6-v2,rage,peak,6.0,Public witness (stranger encounter in shared space),N-rage-d6-c2,108,"The men had been working since 6 AM. She knew because she had seen
them from her window when she left for her shift. Twelve hours later
they were standing in the parking lot of the strip mall. The contractor
counted out bills from an envelope and handed each man roughly half of
what the hand-lettered sign at the pickup site had promised. One man
said something. The contractor pointed at the road. The man said it
again. The contractor took back the bills he had just handed him and
pointed at the road a second time. The man stood in the parking lot.
The contractor drove away. The other men did not look at him.",clinical,P_rage-d6-v2,rage,,3.8110402174787685,4.305074176984213,4.044472423135647,1,1,1,0.0061564042519007,3.7219813180366335,4.1915195986690295,3.976300693458134,1,1,1,0.006597259107578155,3.7456536514066596,4.261741575596193,4.0669939159485615,1,1,1,0.005948668851948462
B-rage-d6-v3,rage,peak,6.0,Public witness (stranger encounter in shared space),N-rage-d6-c3,103,"The moving truck was already half-loaded. The family's belongings were
on the sidewalk — furniture, boxes, a child's bicycle with training
wheels. The landlord stood on the porch with a clipboard. A woman
carried a box past him and he checked his watch. She went back inside
and came out with another box. He checked his watch again. He was
timing her. The locksmith's van had arrived before the family finished.
It was parked at the curb with the engine running. The woman carried
another box. The landlord checked his watch. The child's bicycle was
the last thing on the sidewalk. No one picked it up.",clinical,P_rage-d6-v3,rage,,3.76699699021302,4.284479685007531,3.8160803643753476,1,1,1,0.00600639644728466,3.6404115923029225,4.25115695944758,3.7598514519879744,1,1,1,0.0059374668581760465,3.798585991972228,4.272185303560688,3.8568482265961235,1,1,1,0.00577352686240363
B-rage-d6-v4,rage,peak,6.0,Public witness (stranger encounter in shared space),N-rage-d6-c4,107,"The boy got on the bus at the Millfield stop. He sat in the middle row
with a backpack and a paper bag from a pharmacy. Two men in the back
began talking about him in a voice that reached every seat. They
described what he was wearing. They described how he walked. They
repeated a word. Then they repeated it louder. The driver adjusted the
mirror and looked. Then the driver adjusted the mirror back. Sixteen
passengers on the bus. The boy's hands were on the pharmacy bag. He
did not turn around. The next stop came. No one stood up. No one said
anything. The men repeated the word.",clinical,P_rage-d6-v4,rage,,3.7443635169941,4.280871360642632,3.8997156891890565,1,1,1,0.00637975526058664,3.5504643902301063,4.169638602001135,3.785101405876752,1,1,1,0.007577847495171546,3.5517795903457765,4.185813109494662,3.8374982548061385,1,1,1,0.006060181763197277
B-grief-d4-v1,grief,peak,4.0,Caregiving responsibility (dependent in your charge),N-grief-d4-c1,106,"She visited him on Tuesdays and Saturdays. Three years now. The room
was the same. The bed was made by someone else. He was in the chair by
the window. She put the bag of oranges on the table — the same thing
she brought every time. He looked at the bag. He looked at her. His
eyes moved across her face the way they moved across the nurse's face,
the orderly's, the woman who delivered meal trays. She peeled an orange
and set the sections on a napkin. He ate one. She said his name. He
chewed. She said it again. He reached for another section.",clinical,P_grief-d4-v1,grief,,3.791318648608928,4.135247768409565,3.795857657522258,1,1,1,0.008262662741513197,3.5269318581538163,4.055363185077504,3.6744869609500084,1,1,1,0.006272738058593813,3.741695821705687,4.0460726596236665,3.7551727045031176,1,1,1,0.009004506046071253
B-grief-d4-v2,grief,peak,4.0,Caregiving responsibility (dependent in your charge),N-grief-d4-c2,105,"The room upstairs was the same as the day she left for the trip. Her
father had kept it that way. The track trophies on the shelf. The
running shoes by the door, still laced the way she laced them — tight
on the left, loose on the right. The college brochures were fanned out
on the desk. She was downstairs now, in the room they had built when
the house needed to become something different. The wheelchair fit
through the new doorway. The trophies did not need to be moved.
Nothing upstairs needed to be moved. He closed the door the way he
closed it every evening and went downstairs.",clinical,P_grief-d4-v2,grief,,3.866391293513871,4.278915962726679,4.054118478169966,1,1,1,0.007796463943793743,3.760011847946323,4.212528562173402,3.919588413245532,1,1,1,0.007433906743704005,3.8954460907765753,4.209632566050568,4.0605065087476095,1,1,1,0.008518208882956227
B-grief-d4-v3,grief,peak,4.0,Caregiving responsibility (dependent in your charge),N-grief-d4-c3,105,"He bathed his father every morning at seven. His father had been a man
who built fences and dug post holes by hand. That was thirty years ago.
Now he lifted him from the bed to the chair and from the chair to the
bath. Eighty-one pounds. He knew the number because the visiting nurse
weighed him every Thursday. His father's hands rested in the water.
They were the same hands. He washed them with a cloth, one finger at a
time, the way his father had once washed the dog, the car, the tools.
His father's eyes were open. They were not looking at anything in the
room.",clinical,P_grief-d4-v3,grief,,3.73512880675158,4.2012471110761185,3.9221414071259573,1,1,1,0.007123902267671592,3.5681297995348693,4.121957782727957,3.84285706329582,1,1,1,0.007714149893960567,3.803659116372975,4.150447410695115,3.9527284088303873,1,1,1,0.008901225971638055
B-grief-d4-v4,grief,peak,4.0,Caregiving responsibility (dependent in your charge),N-grief-d4-c4,102,"The social worker arrived at nine. The bag was by the door — three
shirts, two pairs of pants, the stuffed rabbit he would not sleep
without, a toothbrush she had bought because the one he came with had
been used flat. He had been with her for eleven months. She signed the
paperwork at the kitchen table. The boy was watching cartoons. He was
wearing shoes she had bought. The social worker picked up the bag. It
weighed almost nothing. She had put a note inside with her phone
number, folded into the shape of a star. The boy did not know they
were leaving yet. He was watching cartoons.",clinical,P_grief-d4-v4,grief,,4.043008973822105,4.254825827128073,3.904731248509975,1,1,1,0.007397739460215288,3.9730763830026983,4.224483732766637,3.8618112269230944,1,1,1,0.007314860429754283,4.116779985256317,4.209895720099184,3.946327175982743,1,1,1,0.00753532911110043
B-grief-d5-v1,grief,peak,5.0,Inheritance/legacy (intergenerational discovery),N-grief-d5-c1,103,"The workbench in the garage had a half-built birdhouse on it. Her
father had started it the week before the diagnosis. The sides were cut
and sanded. He had drawn pencil lines where the nails were supposed to
go. A bag of finishing nails sat next to the wood, still sealed. The
instructions were printed from the internet, folded under the base,
with notes in his handwriting — ""drill first,"" ""sand again,"" and at
the bottom, ""for the backyard, near the kitchen window, so she can see
it from the sink."" She left everything where it was. She went to the
kitchen window and looked at the yard.",clinical,P_grief-d5-v1,grief,,3.951642388968488,4.357101212376228,3.868636897757939,1,1,1,0.007467633268504817,3.9582106279770235,4.284452398108389,3.8099104979164826,1,1,1,0.008005576281336624,4.040419331610917,4.2853842378138625,3.8293846775643545,1,1,1,0.006242243171181046
B-grief-d5-v2,grief,peak,5.0,Inheritance/legacy (intergenerational discovery),N-grief-d5-c2,107,"The box in the attic held her grandmother's correspondence from 1963
to 1966. Forty-two letters to a conservatory in Vienna. Forty-two
responses. Her grandmother had been accepted twice. Both times, a
letter followed — not to Vienna but to the family, explaining she
would not be coming. The reasons were listed: her husband's business,
the children's schooling, the cost. Her grandmother had played piano
in the living room every evening for fifty years after that. The bench
still had a groove where she sat. The keys had been cleaned every
Sunday. No one in the family had known she'd been accepted. No one had
known there was anything to accept.",clinical,P_grief-d5-v2,grief,,3.722241206005125,4.191440070559946,3.967388612026619,1,1,1,0.00886741534325015,3.52011764912449,4.072951822872184,3.784572149231877,1,1,1,0.007631836859779282,3.4880512156622028,4.154722241081809,3.8927343963423824,1,1,1,0.0059714488839126625
B-grief-d5-v3,grief,peak,5.0,Inheritance/legacy (intergenerational discovery),N-grief-d5-c3,104,"The box was labeled ""Danny — school"" in their mother's handwriting. It
had been in the storage room for twenty-six years. Inside: report
cards, a science fair ribbon, a crayon drawing of a house with five
windows, and a college savings passbook. The first deposit was
twenty-five dollars, dated September 1989. The deposits continued
monthly — fifteen, twenty, forty dollars — through March 1997. Then
they stopped. Danny was fourteen in March 1997. The passbook had a
balance of four hundred and eleven dollars. The account was still open.
No one had closed it. She turned to the last page. Her mother's
handwriting again, in the margin: the name of a university and a
question mark.",clinical,P_grief-d5-v3,grief,,3.7873496476734485,4.2024810569846585,4.003843112930887,1,1,1,0.01115476425231245,3.595928962508048,4.091548863729071,3.841669807754512,1,1,1,0.008738959009810756,3.688230059581136,4.167741144657748,3.9970369359275284,1,1,1,0.00938854180372585
B-grief-d5-v4,grief,peak,5.0,Inheritance/legacy (intergenerational discovery),N-grief-d5-c4,107,"His father had kept a single folder behind the tax returns, filed
under ""M."" Inside was a completed application to a medical school in
another country, dated 1981. Every line was filled in. The essay was
handwritten, eight pages, in the language his father spoke only at home
and only to his own mother. A passport photo was paper-clipped to the
front — his father at twenty-four, wearing a jacket. The application
had never been submitted. Stapled to the back was a receipt for a
one-way ticket. Someone had written ""deposit: non-refundable"" across
the top. His father had driven a taxi for thirty-seven years. The
medallion was in the same folder.",clinical,P_grief-d5-v4,grief,,3.767405468542535,4.42530833890622,4.072525433046772,1,1,1,0.007910045856300169,3.7893754967623954,4.355254706374139,3.9969262119797486,1,1,1,0.007680634315332346,3.795693146147039,4.501804563695193,4.136959201827691,1,1,1,0.007174215359816729
B-grief-d6-v1,grief,peak,6.0,Public witness (stranger encounter in shared space),N-grief-d6-c1,104,"The bench at the bus stop on Ninth Street had a brass plate: ""For Eli,
who sat here every morning. — Ruth."" Under it, a glass jar with dried
flowers that had lost their color. Next to the jar, a bus pass in a
plastic sleeve. The pass had been expired for over a year. She sat on
the bench to wait for the 9:15. A man across the street ate a sandwich.
The flowers had been trimmed at an angle and placed upright in the jar.
The 9:15 came. She got on. Through the window she could see the bench
and the jar and the bus pass that no one was going to use and no one
had moved.",clinical,P_grief-d6-v1,grief,,3.699737623476767,4.125824149823472,3.792315780222686,1,1,1,0.0069569385403641035,3.642650426812192,4.0838213117557745,3.6948266301238086,1,1,1,0.005741032948467651,3.8059047598357063,4.204747217864503,3.83147766253897,1,1,1,0.00719982532175876
B-grief-d6-v2,grief,peak,6.0,Public witness (stranger encounter in shared space),N-grief-d6-c2,107,"He watched the old man at the next table signal the waiter and ask for
the second place setting to be removed. The waiter took the plate, the
glass, the napkin, the silverware. The table looked larger afterward.
The old man unfolded his napkin and placed it on his lap. He ordered
the same thing twice — the waiter said just the one, and the old man
looked at the empty side of the table and said yes, just the one. He
cut his food into pieces and ate without looking up. When he was
finished, he placed his napkin over the plate and sat for a while. The
restaurant was closing. He was the last one there.",clinical,P_grief-d6-v2,grief,,4.035150233334611,4.254579467347523,3.9395500530853202,1,1,1,0.006992366915753062,3.777899670804227,4.08281929368164,3.7907056703602517,1,1,1,0.006954211025580986,3.630085706388019,4.058181553634393,3.786199608955485,1,1,1,0.00583649744396198
B-grief-d6-v3,grief,peak,6.0,Public witness (stranger encounter in shared space),N-grief-d6-c3,104,"The flyer on the lamppost outside the pharmacy read ""MISSING"" above a
photo of an orange cat. ""Answers to Milo. Last seen October 3."" It was
now February. The tape had yellowed. The photo had faded until the cat
was a shape more than a face. Someone had written a phone number in
marker at the bottom. The marker had bled in the rain. Below it, in
smaller handwriting: ""He is an indoor cat. He does not know outside.""
The flyer had been there for four months. No one had called the number
and no one had taken it down. She walked past it. She walked back. She
read it again.",clinical,P_grief-d6-v3,grief,,3.731147614984156,4.265367011517544,3.9243758150916483,1,1,1,0.00884460566153491,3.627901869994774,4.181676432224016,3.782437571255191,1,1,1,0.008465914552741118,3.6486676653841883,4.277284339739205,3.93192501164014,1,1,1,0.00859351190093464
B-grief-d6-v4,grief,peak,6.0,Public witness (stranger encounter in shared space),N-grief-d6-c4,108,"The woman at the counter was buying stamps when her phone rang. She
answered it and listened. She placed the stamps on the counter. She
placed the wallet next to the stamps. The clerk waited. The woman said
""when"" into the phone. Then she said nothing else for a long time. The
clerk pushed the stamps toward her. The woman did not pick them up. The
line was four people deep. No one spoke. After a while she put the
phone in her pocket. She looked at the stamps and the wallet on the
counter. She picked up the wallet. She left the stamps. She walked
out. The door closed behind her. The clerk put the stamps back in the
drawer.",clinical,P_grief-d6-v4,grief,,3.9162614073187494,4.192807293906772,4.041181414622129,1,1,1,0.009328400503576018,3.6848646736034834,4.064323600564255,3.9020021121765978,1,1,1,0.0077850610414664885,3.799141601147487,4.145951739943988,4.011453947018412,1,1,1,0.008007930554216124
B-terror-d4-v1,terror,peak,4.0,Caregiving responsibility (dependent in your charge),N-terror-d4-c1,103,"The teacher said his daughter had been picked up at 2:45. He was
standing in the office at 3:10. He had not authorized anyone to pick
her up. The sign-out sheet had a signature that was not his, not his
wife's, not his mother's. The name written next to it was one he did
not recognize. He said this to the woman at the desk. She looked at
the sheet. She picked up the phone. His daughter's backpack was not on
the hook. Her coat was not in the cubby. The parking lot camera was
being reviewed. The clock above the desk said 3:14.",clinical,P_terror-d4-v1,terror,,3.7165267016683234,4.345981937716137,4.042914606043985,1,1,1,0.006619428393597997,3.6838515202244864,4.273863904113245,3.941103735144183,1,1,1,0.007550889645007605,3.697411151047477,4.255162609605068,4.041521094273719,1,1,1,0.006070013460766119
B-terror-d4-v2,terror,peak,4.0,Caregiving responsibility (dependent in your charge),N-terror-d4-c2,108,"His mother's shoes were by the door but his mother was not in the
house. The back door was open. It was January and it was dark at 4:30
and the thermometer on the porch read twenty-one degrees. Her coat was
on the hook. He checked every room. He checked the garage. He checked
the yard with the flashlight on his phone. The grass was stiff with
frost. There were no footprints. The neighbor's fence had a gap she
had walked through once before, eight months ago, when the police
found her at a gas station in her slippers. He called her name into
the yard. The yard gave back nothing.",clinical,P_terror-d4-v2,terror,,3.644506429163319,4.305609678904428,4.06614900570112,1,1,1,0.006734716875085865,3.518912160496535,4.177336410331629,3.9442423029141076,1,1,1,0.006718012471133668,3.508754011827807,4.2378483431490475,4.043889745747385,1,1,1,0.006037370115203049
B-terror-d4-v3,terror,peak,4.0,Caregiving responsibility (dependent in your charge),N-terror-d4-c3,100,"The baby monitor showed the crib at 2:17 AM. The crib was empty. She
was in the hallway before the next second. The nursery door was open —
she had closed it. The blanket was pushed to one side. The window was
shut. She looked in the closet. Under the crib. Behind the rocker.
She stood in the center of the nursery. The house was silent. She
checked the next room. The bathroom. Back to the nursery. Still empty.
She went to the top of the stairs and listened. From the floor below,
a sound — not the furnace, not the pipes, not anything the house made
at this hour.",clinical,P_terror-d4-v3,terror,,3.572289135780043,4.250361625786561,4.047164853346645,1,1,1,0.006544894637701021,3.6141195363193,4.2147975736521754,4.029064836164739,1,1,1,0.00701281968438322,3.8071932679824263,4.252783866246652,4.106473264010967,1,1,1,0.009656570423992861
B-terror-d4-v4,terror,peak,4.0,Caregiving responsibility (dependent in your charge),N-terror-d4-c4,91,"She told him to stay in the waiting room. The appointment took fifteen
minutes. When she came back, the room was empty. His jacket was on the
chair. His coloring book was open, the crayon on the page mid-stroke.
The receptionist had not seen him leave. The front door had a chime —
it had not sounded. She walked to the hallway. Three doors. Two
closed. The third open, leading to a stairwell. She looked down the
four flights. The stairwell was lit and empty. The door at the bottom
was still settling on its hinges.",clinical,P_terror-d4-v4,terror,,3.9640225008203966,4.179988022891443,3.938457778916127,1,1,1,0.006575496807386852,3.890452028502772,4.132143216151691,3.977186671166558,1,1,1,0.006654098236070168,3.795989442894162,4.08003266046624,3.9527641216489537,1,1,1,0.006593186924031668
B-terror-d5-v1,terror,peak,5.0,Inheritance/legacy (intergenerational discovery),N-terror-d5-c1,98,"The letter was in her mother's desk, in an envelope opened and resealed
with tape. Dated two months before her mother's death. From a law firm
she did not recognize. It referenced a case number and a person by
name — someone her mother had never mentioned. The final paragraph
stated that the individual had been released and that protective
provisions were no longer in effect as of a date that had already
passed. Her mother's address was on the letter. This address. Her name
was not on it. Her mother's was. Her mother was no longer here. The
person named in the letter was.",clinical,P_terror-d5-v1,terror,,3.821639043251479,4.308089911290473,4.163343250108583,1,1,1,0.008866357234201035,3.5565138338961115,4.216027377638969,3.9598321699244794,1,1,1,0.007575544290340629,3.603350666911023,4.273572998944428,4.113728219882167,1,1,1,0.007243546845368407
B-terror-d5-v2,terror,peak,5.0,Inheritance/legacy (intergenerational discovery),N-terror-d5-c2,104,"The filing cabinet in his father's study had a locked drawer. The key
was in the ceramic dish on the shelf. Inside: medical records from a
clinic in another state, dated 1994. His father's name. A test result
circled in ink. Below it, a note from a genetic counselor: ""50%
transmission probability per generation. Recommend testing all
first-degree relatives. Onset typically 40-55."" His father had been
tested in 1994 and told no one. The note was thirty-two years old. He
was forty-three. His son was twelve. He looked at the date on the
note. He looked at the age range. He counted the years.",clinical,P_terror-d5-v2,terror,,3.582565475375518,4.342924460070507,4.055427245646835,1,1,1,0.009673488209554092,3.4386373305251112,4.1702982107833675,3.889053859426095,1,1,1,0.008528919151502452,3.497261458011142,4.3333467297118835,4.109753117386842,1,1,1,0.007663264893332762
B-terror-d5-v3,terror,peak,5.0,Inheritance/legacy (intergenerational discovery),N-terror-d5-c3,107,"In the attic, behind the insulation, he found a metal box his
grandfather had welded shut and someone had later pried open. Inside: a
passport from a country that no longer existed, with his grandfather's
face and a stranger's name. A different date of birth. Beneath it, a
second set of documents — current, not vintage. Updated. The most
recent renewal date was eight months ago. His grandfather had been dead
for two years. Someone had renewed documents in a name that was not his
grandfather's, using his grandfather's photograph, eight months ago.
The box had been pried open. He had not pried it open. He put the box
back where he found it.",clinical,P_terror-d5-v3,terror,,3.9245711414817652,4.420468683630698,4.065267662946536,1,1,1,0.008577764862316274,3.8951188071126497,4.34386456246904,3.9694826872673254,1,1,1,0.008598161545396063,3.937104565602957,4.471334977100886,4.105035571784463,1,1,1,0.00692142429256735
B-terror-d5-v4,terror,peak,5.0,Inheritance/legacy (intergenerational discovery),N-terror-d5-c4,107,"The home inspector's report was in the closing folder, filed
twenty-three years ago. It mentioned a sealed basement section behind
the south wall — ""inaccessible, pre-existing condition, not
evaluated."" He had never seen a sealed section. He went to the south
wall and knocked. The sound was hollow. He measured the exterior of the
house and the interior. The numbers did not match by four feet. He put
his ear to the wall. Nothing. He went upstairs and searched the
property records. The house had been vacant for six years before his
parents bought it. The previous owner had no death certificate on
file. No forwarding address. The wall had been sealed from the inside.",clinical,P_terror-d5-v4,terror,,3.738944328753941,4.454872596183416,4.237207265343798,1,1,1,0.006427214870753378,3.627747792249465,4.303227804290727,4.017020065772942,1,1,1,0.006619368322792465,3.6331472793006423,4.447244824711556,4.199235967130089,1,1,1,0.006639936512842981
B-terror-d6-v1,terror,peak,6.0,Public witness (stranger encounter in shared space),N-terror-d6-c1,108,"The train stopped between stations. No announcement. The lights stayed
on. She looked at the other passengers. The man in the gray coat was
looking at the doors. The woman with the stroller was looking at the
ceiling. The train had been stopped for four minutes. Then the lights
went off. The emergency strips along the floor glowed green and made
the car look longer than it was. Someone in the next car hit a window.
Not a knock. She could hear it through the partition. She counted the
people in her car. Nine. She located the emergency exits. One at each
end. The train sat in the dark between stations. No announcement came.",clinical,P_terror-d6-v1,terror,,3.873094575094248,4.341395142940298,4.056373796035717,1,1,1,0.008188661316605837,3.631386075178959,4.188269760766118,3.877564863505097,1,1,1,0.00803008470603078,3.6896795619961873,4.279061471980801,4.05203611461635,1,1,1,0.00857649165760933
B-terror-d6-v2,terror,peak,6.0,Public witness (stranger encounter in shared space),N-terror-d6-c2,97,"He was standing in the plaza when the crowd changed direction. It
started at the far end — people turning, walking faster, some of them
running. No sound. No sirens. Row by row, the people nearest whatever
was happening turned and moved, and then the next row turned, and the
next. He was eight rows back. The source was not visible from where he
stood. Seven rows now. Six. The woman next to him picked up her bag
and ran. He was standing still. The rows kept collapsing toward him.
Five. Four. He still could not see past the bodies. Three.",clinical,P_terror-d6-v2,terror,,3.809427433301132,4.236342459091102,3.989423021210924,1,1,1,0.005175947229020385,3.516395638776206,4.171411036588301,3.856941173954596,1,1,1,0.005039246246288725,3.6465079372842912,4.212650030941004,3.94147622324778,1,1,1,0.004458767473033405
B-terror-d6-v3,terror,peak,6.0,Public witness (stranger encounter in shared space),N-terror-d6-c3,108,"The fire alarm in the mall had been sounding for ninety seconds. No
one was leaving. A security guard walked past without running. Then
the second alarm started — a different tone, lower, with a pulse. The
guard stopped. She watched him reach for his radio, listen, and break
into a run toward the east exit. The stores began pulling their gates
down. Not slowly. A woman at the pretzel stand left the register open
and walked out the side door without turning around. The shoppers were
still standing in the corridor. The second tone continued. The guard
had not come back. She counted the exits she could see from where she
stood. Two.",clinical,P_terror-d6-v3,terror,,3.7148844311006743,4.283218587249748,3.8925945057899924,1,1,1,0.006491546996206415,3.5139166179610197,4.132638797555338,3.771495452839098,1,1,1,0.005806216813273857,3.5990337795876144,4.177323503050253,3.887949712489857,1,1,1,0.0067552444365524995
B-terror-d6-v4,terror,peak,6.0,Public witness (stranger encounter in shared space),N-terror-d6-c4,103,"The man in the waiting room had been sitting across from her for
twenty minutes. His bag was on the floor between his feet. Every three
minutes he looked at the clock, then at the door, then adjusted the
bag with his foot — forward, then back. She counted four cycles. On
the fifth, he checked the clock, checked the door, and stood up. He
left the bag. He walked out without it. She looked at the bag.
Olive-colored, full enough to hold its shape. The zipper was closed.
The man did not come back. She counted the people in the room. Eleven.
She counted the exits. One.",clinical,P_terror-d6-v4,terror,,3.455798419866577,3.982663312128245,3.706107211452783,1,1,1,0.005891416142324027,3.4153336698960315,3.948924805862216,3.684592639670454,1,1,1,0.006423265105344627,3.46186949583572,3.9197925186783604,3.7681067456050283,1,1,1,0.00580134755374405
B-ecstasy-d4-v1,ecstasy,peak,4.0,Caregiving responsibility (dependent in your charge),N-ecstasy-d4-c1,108,"The speech therapist had been working with his daughter for two years.
Twice a week, forty-five minutes. Flashcards, mouth exercises, tongue
placement drills. His daughter was four. She had not produced a
recognizable word. He was in the kitchen when the therapist called
from the session room. She said ""stay on the line"" and held the phone
toward his daughter. A sound came through the speaker. It was his
name. Not clearly. Not fully. But the consonant was right and the
vowel was right and it was directed at the phone because the therapist
had said ""tell Daddy."" He put the phone on the counter. He picked it
up. She said it again.",clinical,P_ecstasy-d4-v1,ecstasy,,3.746652705557369,4.07536225063463,3.74878230962949,1,1,1,0.010229246172285485,3.52902182301652,3.9053214426282166,3.6331126469614303,1,1,1,0.00943075553147355,3.6025257831173088,4.011704955813688,3.6885273062380537,1,1,1,0.009296895252856438
B-ecstasy-d4-v2,ecstasy,peak,4.0,Caregiving responsibility (dependent in your charge),N-ecstasy-d4-c2,106,"The doctors said she might not walk without the brace. That was
January. It was now October. His daughter was standing in the living
room with one hand on the couch. She lifted her hand. She stood. Both
feet on the floor. No brace. She stood for four seconds — he counted
them — and took a step. One step. She looked down at her foot. Then a
second step. He was in the chair six feet away. He did not stand up.
He did not move. She took a third step. The distance between the couch
and the chair was six feet. She had crossed half of it. She looked up
at him. She took a fourth step.",clinical,P_ecstasy-d4-v2,ecstasy,,3.650831823510117,4.10647664025592,3.891073194128495,1,1,1,0.008190276667423346,3.4592748320474738,3.9941752192893305,3.7536922720330623,1,1,1,0.006652766719853511,3.528328989761424,4.011257016226299,3.8166966232607864,1,1,1,0.0059320410071587075
B-ecstasy-d4-v3,ecstasy,peak,4.0,Caregiving responsibility (dependent in your charge),N-ecstasy-d4-c3,98,"His mother had not said his name in fourteen months. The chart said
""variable responsiveness."" He visited every Sunday at 10 AM and
brought flowers because the routine needed an object. He was arranging
them in the vase on the windowsill when she spoke. She said his name.
Not her brother's name. Not his father's. His. He turned around. She
was looking at him. Both eyes on his face. He stood at the window. She
said it again. He walked to the chair beside her bed and sat down. She
watched him cross the room. She said it a third time.",clinical,P_ecstasy-d4-v3,ecstasy,,3.79488317135107,4.109349757617164,3.8320691337921815,1,1,1,0.00818497419297624,3.64042602573087,3.9956047212571475,3.7395173516384133,1,1,1,0.006986036076714561,3.734423916783387,4.05559394493797,3.7928047982642332,1,1,1,0.00854895726271736
B-ecstasy-d4-v4,ecstasy,peak,4.0,Caregiving responsibility (dependent in your charge),N-ecstasy-d4-c4,102,"The adoption had been final for three months. The boy was seven. He
called them by their first names. She was packing his lunch on a
Tuesday morning when he said it. ""Mom, you forgot the apple."" He said
it the way he said everything — flat, mid-sentence, already past it.
She was holding the zipper of the backpack. She did not close it. She
stood at the counter. He was putting on his shoes by the door. She put
the apple in the bag. She pulled the zipper. Her hands were steady.
She drove him to school and came back to the empty kitchen and stood
where she had been standing when he said it.",clinical,P_ecstasy-d4-v4,ecstasy,,3.8531102195946003,4.131378319543377,3.9408867802806844,1,1,1,0.007525091254578279,3.6992010832952134,3.9531427857960026,3.8084449255154404,1,1,1,0.007009196717400453,3.837005076116026,4.03905522777055,3.9050784355656414,1,1,1,0.0060277365689305985
B-ecstasy-d5-v1,ecstasy,peak,5.0,Inheritance/legacy (intergenerational discovery),N-ecstasy-d5-c1,105,"The scholarship had been anonymous. She had accepted that fifteen
years ago — a letter informing her that a private donor had covered
full tuition for four years. She graduated. She built a career. Her
name was above a door now. Her mother died in April. In the filing
cabinet: a second mortgage on the house, dated the same month as the
scholarship letter. The monthly payments matched the quarterly tuition
exactly. Her mother had been a secretary. She had never mentioned the
mortgage. The house was paid off. The last payment was dated three
months before the diagnosis. She held the mortgage paper and the
scholarship letter side by side. The numbers matched.",clinical,P_ecstasy-d5-v1,ecstasy,,3.7180034155275825,4.421878527854758,4.184199770845161,1,1,1,0.008859026856940738,3.622238064699053,4.322457056860608,4.021795511592976,1,1,1,0.007731313473501367,3.61697631820001,4.426527421234543,4.199308536709917,1,1,1,0.006984999228623117
B-ecstasy-d5-v2,ecstasy,peak,5.0,Inheritance/legacy (intergenerational discovery),N-ecstasy-d5-c2,105,"The canvases were in the barn behind her grandfather's house.
Forty-three of them, wrapped in bedsheets. Her grandfather had been a
house painter for forty-one years. He had never mentioned them. She
unwrapped the first one and held it to the light from the barn door.
She unwrapped the second. The third. By the seventh she had stopped
counting and started lining them against the wall. The colors were
specific. The compositions were deliberate. They were not the work of
someone learning. They were the work of someone who already knew.
Forty-three paintings. Forty-one years of houses. He had done this in
the barn, alone, and told no one.",clinical,P_ecstasy-d5-v2,ecstasy,,3.8503794810190666,4.354561689251092,4.064238575019913,1,1,1,0.00895670072252829,3.6900085421199846,4.226605299226009,3.953120326949375,1,1,1,0.00958853040256522,3.759446795762056,4.360898228741805,4.01196074604473,1,1,1,0.006591008151881304
B-ecstasy-d5-v3,ecstasy,peak,5.0,Inheritance/legacy (intergenerational discovery),N-ecstasy-d5-c3,103,"The DNA results had been on the website for three weeks before she
checked. The match was at the top. First-degree relative. She had been
adopted at birth and had known nothing else. The name was a woman in a
city two hundred miles away who had submitted her sample eight years
ago. Eight years. She clicked the profile. The woman had written one
line in the contact field: ""I have been searching since the day they
took you from me."" She read it. She read it again. She read it a
third time. The cursor was on the reply button. She did not click it
yet. She read it again.",clinical,P_ecstasy-d5-v3,ecstasy,,3.750586460197582,4.214356666146466,3.8832245270189527,1,1,1,0.009332274635462214,3.5745579948196604,4.103118603654449,3.7161258425476618,1,1,1,0.008653757668105578,3.6908773900041227,4.167152685151746,3.8926774666259463,1,1,1,0.009674668824186007
B-ecstasy-d5-v4,ecstasy,peak,5.0,Inheritance/legacy (intergenerational discovery),N-ecstasy-d5-c4,108,"The envelope was taped inside the family Bible. His father's
handwriting on the front: ""Open when you have a son."" His son was
three weeks old. The envelope had been there since before he was born
— his father had died when he was two. He opened it. One page. The
letter described the day he was born: the weight, the time, the room
number, the song on the car radio driving to the hospital, the
temperature outside, the name of the nurse. At the bottom, a line:
""You are reading this, which means it worked."" He held the page. His
son was in the next room. He could hear him from where he stood.",clinical,P_ecstasy-d5-v4,ecstasy,,3.8077592756423413,4.371927951016441,3.908578886405796,1,1,1,0.006425572019397149,3.588590530802234,4.23459275874094,3.767833922217339,1,1,1,0.006891690314159027,3.6109386456064088,4.335120512096426,3.8755457950588688,1,1,1,0.005925329927080655
B-ecstasy-d6-v1,ecstasy,peak,6.0,Public witness (stranger encounter in shared space),N-ecstasy-d6-c1,108,"The woman at the coffee counter put down her phone and placed both
hands flat on the surface. The barista asked if she was all right. She
picked up the phone and looked at the screen again. She put both hands
on her head. She turned to the man behind her in line — a stranger —
and said something. The man's face changed. The woman walked outside.
She stood on the sidewalk. She walked back in and said it to a
different person. The second person put down their coffee. Someone
behind the register began clapping. The person beside them joined. The
woman was standing in the middle of the shop with her hands still on
her head.",clinical,P_ecstasy-d6-v1,ecstasy,,3.8278319385673787,4.300423355935596,3.9429419531087757,1,1,1,0.008331785236980225,3.6500363142980508,4.244685803282737,3.869701650605505,1,1,1,0.006061586479157868,3.6326034116563215,4.239561519614649,3.8955227103883128,1,1,1,0.006120192202612241
B-ecstasy-d6-v2,ecstasy,peak,6.0,Public witness (stranger encounter in shared space),N-ecstasy-d6-c2,103,"The violinist had been playing in the underpass for twenty minutes.
People walked past. Then she changed keys and began a piece that
started slow and did not stay slow. A man carrying groceries stopped
first. He put the bags down. A woman on the phone said ""hold on"" and
lowered it to her side. By the three-minute mark, fourteen people were
standing still in the underpass. All of them had been walking
somewhere. The violinist's case was open on the ground but no one was
looking at it. Her bow moved and the sound filled the concrete and the
tile and the space above them. When she finished, no one moved. Then
everyone moved at once.",clinical,P_ecstasy-d6-v2,ecstasy,,4.0203165930983715,4.405789792923352,4.09674542733829,1,1,1,0.008924832884160403,3.606570374879518,4.2353604108258605,3.932212079046295,1,1,1,0.007486570156648858,3.8476104118699364,4.39226450456598,4.056437706556171,1,1,1,0.007606436226647831
B-ecstasy-d6-v3,ecstasy,peak,6.0,Public witness (stranger encounter in shared space),N-ecstasy-d6-c3,107,"He was in the back row of the auditorium. The names were being read
alphabetically. He was there for his niece. From where he sat he could
see a woman in the fourth row holding a phone up to record. When a
name was called — not a name he recognized — the woman stood. The man
beside her stood. A boy, maybe ten, stood on his chair. The graduate
crossed the stage and looked at the fourth row and raised the diploma
above her head with both hands. The woman lowered the phone. She
stopped recording. The boy on the chair was waving with both arms. The
woman put her hand on his shoulder but did not tell him to stop.",clinical,P_ecstasy-d6-v3,ecstasy,,3.7630169787724994,4.219986690416186,3.916976845092929,1,1,1,0.0062391086460805625,3.551340757923136,4.119077417376779,3.8210900165927755,1,1,1,0.006339945045847374,3.5521824985656765,4.125704376641764,3.848368013545554,1,1,1,0.005673789590264871
B-ecstasy-d6-v4,ecstasy,peak,6.0,Public witness (stranger encounter in shared space),N-ecstasy-d6-c4,107,"The arrivals gate opened and people came through one at a time. A man
came through carrying a duffel bag, scanning the faces. A woman thirty
feet to her left took three steps forward. The man saw her. He dropped
the bag — did not set it down, dropped it — and ran. She ran. They
met roughly halfway. They stood there. The stream of passengers
divided around them. Neither moved. The duffel bag was on the floor
thirty feet behind him. Her purse was on the floor where she had been
standing. Two bags, thirty feet apart, and the two people between them
standing still. Security walked past and looked at the bags and then
at the two people and kept walking.",clinical,P_ecstasy-d6-v4,ecstasy,,3.532511379153016,4.169211387659539,3.72108081356629,1,1,1,0.0059136918892308465,3.568350023031781,4.141078873008256,3.6394831932875418,1,1,1,0.006199540074251855,3.493588593539484,4.1657096244906695,3.7013414811652954,1,1,1,0.005597145664859311
B-loathing-d4-v1,loathing,peak,4.0,Caregiving responsibility (dependent in your charge),N-loathing-d4-c1,105,"The camera had been in the bookshelf for two weeks. She reviewed the
footage after the sitter left. The first days were normal. By day
eight, the sitter stopped picking up the baby when sounds came from
the crib. On day eleven, she ate at the kitchen table for forty
minutes while sounds continued from the other room. On day twelve, the
sitter changed the diaper, looked at the rash, and applied nothing.
She closed the diaper. The daily log was on the counter. Every entry
read ""Good day, no issues."" She watched day twelve again. The sitter
had looked at the rash. She had looked directly at it and closed the
diaper.",clinical,P_loathing-d4-v1,loathing,,3.7698825488513608,4.289931816882577,3.968687586111804,1,1,1,0.008942154114593754,3.5976345299879577,4.196097848540076,3.8493792906867683,1,1,1,0.0073125174426162615,3.7026065906090673,4.1914787622083525,3.9309155414019696,1,1,1,0.008053542718798339
B-loathing-d4-v2,loathing,peak,4.0,Caregiving responsibility (dependent in your charge),N-loathing-d4-c2,100,"The facility tour showed the front wing — fresh paint, plants in the
hallway, a dining room with tablecloths. Her mother would be in the
back wing. On her second visit she took a wrong turn past the tour
route. The back wing had a different smell. Three doors were open. In
the first room, a woman sat facing a wall with no television. In the
second, a man was in bed at 2 PM, the food tray untouched and cold.
In the third, the sheets had a discoloration visible from the doorway.
The activity board in the back hallway was blank. The one in the front
hallway had been full.",clinical,P_loathing-d4-v2,loathing,,3.4926450239263347,4.3122059964523105,3.964988241645576,1,1,1,0.005196576020686832,3.564352747971022,4.243162320711782,3.898852682885507,1,1,1,0.006857737606937007,3.664309731983109,4.32070808190697,4.065639558321351,1,1,1,0.005265476363470031
B-loathing-d4-v3,loathing,peak,4.0,Caregiving responsibility (dependent in your charge),N-loathing-d4-c3,103,"The recording was on her son's tablet. He had left the voice memo
running — he did this sometimes. The first eleven minutes were
classroom sounds. At minute twelve, two adults were speaking. One was
his teacher. She described her son to the aide. She used clinical
language, then dropped it. She described his presence in the classroom
as a scheduling problem. She said a sentence about what he would never
become. The sentence was specific. He was in the room when she said it
— his sounds were audible in the background. The teacher knew he was
there. The aide said nothing. The recording continued for four more
minutes. Neither adult mentioned him again.",clinical,P_loathing-d4-v3,loathing,,3.705123483043266,4.200281562072098,3.915124002100508,1,1,1,0.00947407336714735,3.653019546207302,4.144793339028904,3.8309440012930436,1,1,1,0.008163005319853372,3.6217602317267437,4.156560868515558,3.874689842917222,1,1,1,0.007050354934471059
B-loathing-d4-v4,loathing,peak,4.0,Caregiving responsibility (dependent in your charge),N-loathing-d4-c4,102,"The pharmacy records arrived in a folder the group home sent by
mistake. Her sister's medication list had four prescriptions. Two she
recognized — the ones the doctor had discussed. The other two were
added without consultation. She looked up the names. One was a
sedative. The other was for behavioral suppression. The dosing log
showed both administered at 6 PM — one hour before the evening shift
change. The nightly notes since March read ""calm and compliant."" She
checked the March notes. ""Resident exhibited increased vocalization
during evening hours."" The next entry added the two prescriptions. The
entry after that: ""calm and compliant."" It was September.",clinical,P_loathing-d4-v4,loathing,,3.9801702155235215,4.457828239716426,4.120215506259416,1,1,1,0.00953454341941226,3.747727750812986,4.313355251616546,3.948745878111695,1,1,1,0.009117609490364808,3.7875612529145197,4.375682451864174,4.074828625361679,1,1,1,0.0068368077674213915
B-loathing-d5-v1,loathing,peak,5.0,Inheritance/legacy (intergenerational discovery),N-loathing-d5-c1,105,"The ledger books were in the basement with her grandfather's business
records, 1961 to 1988. The family called it a garment workshop. The
workers were listed by first name only. No last names. No addresses.
The pay column, adjusted for the years, was below minimum wage in
every entry. The ledger tracked ""advances"" — loans against future work
that kept each balance negative. No worker in twenty-seven years had a
positive balance. Not one. Her grandfather had left the family the
building. The building's value was built on the labor recorded by
first name in those columns. She counted the names. Thirty-one first
names and nothing else.",clinical,P_loathing-d5-v1,loathing,,3.4363196996336125,4.443045625079486,4.003898970168346,1,1,1,0.00678101517789196,3.369334090467795,4.248442150329485,3.866011238509886,1,1,1,0.005880503105501373,3.3366141778984155,4.367474503923212,4.023186486299404,1,1,1,0.006731470170671149
B-loathing-d5-v2,loathing,peak,5.0,Inheritance/legacy (intergenerational discovery),N-loathing-d5-c2,108,"The emails were on his mother's old laptop, which he was clearing for
donation. The folder was labeled ""Sent — Personal."" Addressed to a
friend. In them, his mother described the people she helped at the
food bank. She used language she had never used in his presence. She
assigned them categories. She ranked them. She speculated about their
choices in terms that assumed the choices were the cause. She had
volunteered for twenty-two years. The emails spanned nineteen. She had
written these assessments while sorting donations and being
photographed for the annual newsletter with her arm around the people
she described this way in the emails. The newsletter was in a frame in
the hallway. The laptop was on the desk.",clinical,P_loathing-d5-v2,loathing,,3.75061993065937,4.321048111277753,4.119813204289723,1,1,1,0.00688705881995771,3.7882117245891864,4.329153694702328,4.04195167501261,1,1,1,0.007210849012790187,3.7564428988413283,4.3896267236939615,4.148493835205054,1,1,1,0.006467000051540405
B-loathing-d5-v3,loathing,peak,5.0,Inheritance/legacy (intergenerational discovery),N-loathing-d5-c3,98,"The will included a property she had never heard of — an apartment
building across the city. She drove there. Sixteen units. The hallway
had no working lights on the second floor. The fire escape was
padlocked shut. The rent rolls, attached to the will's schedule,
showed amounts three times the neighborhood average. The maintenance
ledger: zero expenditures for the current year. She checked the
previous year. Zero. The year before. Zero. Her grandmother had
collected rent on sixteen apartments for eleven years and spent
nothing on their upkeep. The tenants were still living there. They
were still paying.",clinical,P_loathing-d5-v3,loathing,,3.7019523804043772,4.377007598272982,4.200683959584158,1,1,1,0.006586533710112742,3.5307905680481033,4.255534724868035,4.021878179199127,1,1,1,0.006225813150451603,3.6662784629136573,4.385562463087325,4.197531547067179,1,1,1,0.006877652679744493
B-loathing-d5-v4,loathing,peak,5.0,Inheritance/legacy (intergenerational discovery),N-loathing-d5-c4,110,"His uncle's filing cabinet had a locked drawer labeled ""Professional.""
His uncle had been a veterinarian for twenty-eight years before he
died in November. The drawer held insurance claims for procedures
never performed. The ""pre-op"" and ""post-op"" photographs showed
identical conditions — same markings, same positions, same date. The
animals had been sedated, photographed, and returned. Owners were told
the procedures were complete. Insurance paid. He counted the files.
Hundreds. Twenty-eight years of billing for operations that did not
happen, on animals that went home carrying the conditions their owners
paid to have removed. The practice had been sold. The new veterinarian
had the files. The locked drawer was no longer locked.",clinical,P_loathing-d5-v4,loathing,,3.821380435831456,4.353088398735782,4.115387219171429,1,1,1,0.009167721112501359,3.700980968924057,4.226358887737784,3.959802971264829,1,1,1,0.009177845894022034,3.6906295834277767,4.309257032600039,4.078100311391939,1,1,1,0.008408337575563129
B-loathing-d6-v1,loathing,peak,6.0,Public witness (stranger encounter in shared space),N-loathing-d6-c1,108,"The food cart had a line of twelve people. She was standing at an
angle that let her see behind the service window. The cook dropped a
piece of meat on the ground. He picked it up. He placed it on the
grill. He served it to the next person in line. The person took the
plate and walked away. She watched the cook prepare three more orders.
He used the same gloves for raw and cooked items. He wiped the prep
surface with a rag that had changed color from use. The line was still
twelve people long. None of them could see behind the window from
where they stood. She could.",clinical,P_loathing-d6-v1,loathing,,3.9498776540065323,4.202812916816364,3.8455135434166072,1,1,1,0.006247079364331185,3.813906821390574,4.1321566814628286,3.7770242404157615,1,1,1,0.007180266641204915,3.8448857498235722,4.078029420615157,3.830096783322277,1,1,1,0.006169810018372279
B-loathing-d6-v2,loathing,peak,6.0,Public witness (stranger encounter in shared space),N-loathing-d6-c2,100,"She was at the next table when the woman's phone rang. The woman
answered with a practiced voice — a counseling session, audible in the
phrasing. When the call ended, the woman turned to her companion and
described the caller by first name. She imitated the caller's speech.
Her companion laughed. She described another client. Then another.
Four clients discussed by name in eighteen minutes, each with a
specificity that came from professional sessions. The woman ordered
another drink. She did not lower her voice. The tables were three feet
apart. She was conducting sessions on a patio and performing the
clients for entertainment.",clinical,P_loathing-d6-v2,loathing,,4.111223345962463,4.3729157080805905,4.090585180945689,1,1,1,0.006754214199282609,3.740980159199014,4.274358876241612,3.9166080733531916,1,1,1,0.007065769824470249,4.017849247036053,4.333558664783063,4.025376813221061,1,1,1,0.007017902528740688
B-loathing-d6-v3,loathing,peak,6.0,Public witness (stranger encounter in shared space),N-loathing-d6-c3,95,"The community garden tour included everything except the greenhouse.
He walked in anyway. The front beds held the plants from the website —
tomatoes, herbs, the pollinator garden that won an award. Inside the
greenhouse: commercial fertilizer bags stacked along the wall. The
brand was listed as prohibited in the garden's own organic
certification. The runoff channel led directly to the stream behind
the fence — the watershed the website called ""protected by our
sustainable practices."" The award plaque was mounted on the outside
wall, facing the tour path. It was visible from inside the greenhouse.",clinical,P_loathing-d6-v3,loathing,,3.690725006580976,4.288587999168653,4.007628553696633,1,1,1,0.0055764312014157345,3.550454717874234,4.235744444465323,3.884922109685321,1,1,1,0.0052510119406291795,3.5828956466878825,4.288592597665559,4.04604983372871,1,1,1,0.006116913245013182
B-loathing-d6-v4,loathing,peak,6.0,Public witness (stranger encounter in shared space),N-loathing-d6-c4,103,"The man at the counter was explaining why the woman's application had
been denied. He spoke slowly. She held a folder of supporting
documents. He did not open it. He listed the reasons. She offered the
folder again. He said the decision was final. She asked what she could
do. He said she could reapply in six months. She asked if someone else
could review it. He said he was the only one available. She stood at
the counter. He turned to his screen. Through the glass partition
behind him, three other people sat at three other desks. None of them
looked up. The woman closed the folder. She did not leave.",clinical,P_loathing-d6-v4,loathing,,3.953453569930959,4.207446415095072,3.99183079873127,1,1,1,0.008610827989977697,3.7452712988320433,4.082040300106917,3.868238344449991,1,1,1,0.009005394949007555,3.692980748702163,4.07580867948031,3.9220447645061216,1,1,1,0.00707696148538599
B-amazement-d4-v1,amazement,peak,4.0,Caregiving responsibility (dependent in your charge),N-amazement-d4-c1,97,"His son was four and had not spoken a word. Not one. The specialists had
a term for it and a timeline that extended years into the future. He
walked into the living room on a Tuesday and his son was sitting on the
floor with two dozen wooden blocks arranged in a pattern. He looked at
the pattern. It was the street map of their neighborhood — every turn,
every intersection, the dead end by the park, the curve where the road
split. The boy had never held a pencil. He had built eight city blocks
from memory on the carpet, and every angle was correct.",clinical,P_amazement-d4-v1,amazement,,3.695327232029564,4.209650409439068,3.8071487348077686,1,1,1,0.006533290359660994,3.6089898271497582,4.090827927196161,3.7718904371361766,1,1,1,0.005932090803969773,3.4258711113178433,4.078633668268979,3.7624961530541743,1,1,1,0.004945106439255688
B-amazement-d4-v2,amazement,peak,4.0,Caregiving responsibility (dependent in your charge),N-amazement-d4-c2,102,"Her mother had not recognized her in fourteen months. The doctors used
the word ""advanced."" She visited on Sundays and sat in the chair and
held her mother's hand and her mother looked at the wall. On this
Sunday, a piano in the common room was left open. Her mother stood up
without assistance, walked to the bench, and played a Chopin nocturne
from beginning to end. Both hands. No sheet music. Every note in its
correct place. Her mother had not played piano since 1987. When the
piece ended, her mother returned to the chair and looked at the wall.
The staff had stopped moving.",clinical,P_amazement-d4-v2,amazement,,3.9870303753620315,4.401688950424512,4.145390136403533,1,1,1,0.006993801670355081,3.7967469347389744,4.3087318744414596,4.000909320339415,1,1,1,0.007642765892353177,3.9237924666584205,4.340989797023927,4.12930414051531,1,1,1,0.00769724143938624
B-amazement-d4-v3,amazement,peak,4.0,Caregiving responsibility (dependent in your charge),N-amazement-d4-c3,99,"The foster child had been with them for eleven weeks. She was eight.
She did not speak about school. Her backpack came home zipped and she
took it to her room. On conference night, the teacher handed him a
folder. Inside were thirty-one pages of math — not third-grade math.
The problems were from a ninth-grade textbook the teacher had left on
her desk. The girl had been taking the book during lunch, copying
problems, and solving them in the margins of her notebook. She had
gotten every one right. She was eight and she had taught herself
algebra in a room by herself during lunch for eleven weeks.",clinical,P_amazement-d4-v3,amazement,,4.009317535091211,4.296884612705207,3.9831630343138507,1,1,1,0.008050190181281561,3.756036265732697,4.201515733940148,3.821788870276238,1,1,1,0.0064834125661708195,4.029316253355064,4.233902983066905,3.9692764617276377,1,1,1,0.0067117648318788985
B-amazement-d4-v4,amazement,peak,4.0,Caregiving responsibility (dependent in your charge),N-amazement-d4-c4,95,"His grandfather had stopped walking six months ago. The wheelchair was
permanent, the doctors said. He was visiting on a Saturday when he
heard the sound from the garage. His grandfather was standing. He was
standing and holding the edge of the workbench, and on the bench was a
model ship built from scrap wood — mahogany, cedar, pine — each plank
cut and shaped by hand. The rigging was thread. The sails were cut
from a cotton pillowcase. The hull was forty-two centimeters long. His
grandfather had been building it every morning for six months, standing
at the bench, telling no one.",clinical,P_amazement-d4-v4,amazement,,3.901071569146453,4.36688129724137,4.098193314932825,1,1,1,0.008152382555979484,3.6995252138102996,4.2518707966919225,3.9126871391169487,1,1,1,0.006291470746561999,3.7128489987683984,4.318513636490481,4.0026231040655995,1,1,1,0.007324127932409242
B-amazement-d5-v1,amazement,peak,5.0,Inheritance/legacy (intergenerational discovery),N-amazement-d5-c1,103,"The storage unit had been paid automatically since her grandmother's
death in 2004. She opened it expecting furniture. Inside were
forty-six canvases. Oil paintings — landscapes, portraits, a series of
the same harbor at different hours of the day. The earliest was dated
1961. The most recent was 2003. Her grandmother had been a bank teller
for forty years. She had never mentioned painting. There was no studio,
no easel at the house, no photographs of her holding a brush. But the
light in the harbor paintings shifted from canvas to canvas in a
sequence that covered a full day, and each one was signed with a name
she recognized.",clinical,P_amazement-d5-v1,amazement,,3.96869487006061,4.523401639949017,4.113712737314173,1,1,1,0.008812922670055618,3.8031272963413674,4.378690928185601,3.9758669922850047,1,1,1,0.00904256404632118,3.768036242037674,4.447186683038214,4.013243447820621,1,1,1,0.007131190037694974
B-amazement-d5-v2,amazement,peak,5.0,Inheritance/legacy (intergenerational discovery),N-amazement-d5-c2,101,"His father had worked in a shoe factory for thirty-three years. After
the funeral, he found a notebook in the bottom drawer of the desk his
father never let anyone open. The notebook contained mathematical
proofs. Eighty-seven pages, written in pencil, in handwriting he
recognized. The notation was formal. He photographed a page and sent
it to a colleague in the mathematics department. The colleague called
him that evening and asked where the notebook had come from. The
proofs were original. Two of them addressed problems his colleague
said had been open for decades. His father had not finished secondary
school. The pencil marks were pressed deep into every page.",clinical,P_amazement-d5-v2,amazement,,4.078030750069644,4.366529028044144,4.103744133157154,1,1,1,0.008687723709235427,3.9476904662872974,4.258227926613164,3.9668644535145616,1,1,1,0.009084741678649644,4.017791142749538,4.280727980155338,4.100001412033922,1,1,1,0.008711065975637403
B-amazement-d5-v3,amazement,peak,5.0,Inheritance/legacy (intergenerational discovery),N-amazement-d5-c3,98,"The house was being cleared for sale. In the attic, behind a water
heater that had not worked in years, she found a trunk with her
great-aunt's name on the clasp. Inside were letters in four
languages — Portuguese, French, German, and one she could not
identify. Her great-aunt had worked at the post office in a town of
nine hundred people. She had never traveled further than the state
capital. The letters were addressed to universities, laboratories,
and a museum in Vienna. Forty-two correspondents over twenty-eight
years. The letter on top was from a physicist whose name she had
learned in school. It began, ""Your question changes my assumption.""",clinical,P_amazement-d5-v3,amazement,,3.7019795064922074,4.348332821299411,3.940499146132202,1,1,1,0.006870856513288446,3.6435994563743677,4.250204570019071,3.826649731105892,1,1,1,0.005929844828165973,3.6563730168171293,4.428040107128761,3.9777358632285855,1,1,1,0.0051705637189757405
B-amazement-d5-v4,amazement,peak,5.0,Inheritance/legacy (intergenerational discovery),N-amazement-d5-c4,105,"The family had always known the grandfather planted trees. It was what
he did on Saturdays. After he was gone, the county surveyor came to
assess the property. The surveyor walked the land for three hours and
came back to the house with a map. The trees were not random. Seen
from above, the plantings formed a pattern — rows of oak, clusters of
maple, single pines at intervals — that followed the contour lines of
the watershed. The root systems were holding the soil on seventeen
acres of hillside that would have eroded into the river decades ago.
He had planted four hundred and twelve trees over thirty-one years,
and every one was in the right place.",clinical,P_amazement-d5-v4,amazement,,3.876861759945601,4.4324565743792945,4.07862662313474,1,1,1,0.007100193927819562,3.6961043615008866,4.2666571650425125,3.9744761419502854,1,1,1,0.007123508422657939,3.8627009356974207,4.488764486370794,4.09998647080108,1,1,1,0.005871985130279843
B-amazement-d6-v1,amazement,peak,6.0,Public witness (stranger encounter in shared space),N-amazement-d6-c1,100,"The subway car was full. A man in a maintenance uniform was sitting in
the corner seat with a piece of paper and a pencil. She glanced over
because the pencil was moving without stopping. He was drawing the
passengers. Not sketches — full renderings. The woman across from him
was on the page with the folds of her coat exact, the angle of her
head exact, the reflection in the window behind her included. He had
drawn nine passengers on a single sheet. Each figure was
anatomically precise and positioned in correct perspective relative
to the others. The train reached his stop. He folded the paper, put
it in his pocket, and left.",clinical,P_amazement-d6-v1,amazement,,3.7640114034568124,4.355091996650046,3.9692319074516047,1,1,1,0.006296487388630415,3.646285579256541,4.252215133432063,3.8589762795185876,1,1,1,0.00626461997157515,3.650293007500382,4.2819384050943965,3.9227996418902955,1,1,1,0.00504022269540133
B-amazement-d6-v2,amazement,peak,6.0,Public witness (stranger encounter in shared space),N-amazement-d6-c2,104,"The accident had stopped traffic on the bridge. A delivery truck had
gone through the guardrail and was hanging over the edge, held by the
rear axle. The driver was visible through the windshield. A woman
walked out of the line of stopped cars. She was carrying a length of
tow strap from her trunk. She crawled under the truck's chassis and
secured the strap to the frame and the guardrail post in a
configuration that distributed the load across three anchor points.
The truck did not move further. She crawled back out, returned to her
car, and sat down. She had been on the bridge for four minutes. The
knots she had tied were used in structural rigging.",clinical,P_amazement-d6-v2,amazement,,3.8505757834137575,4.355984929103708,4.067459146831431,1,1,1,0.0070404060142708206,3.7640035809210644,4.235797898069807,3.965263408867342,1,1,1,0.007218680520186972,3.8383394104762885,4.359135716941915,4.044290724988649,1,1,1,0.007023606974869168
B-amazement-d6-v3,amazement,peak,6.0,Public witness (stranger encounter in shared space),N-amazement-d6-c3,98,"The waiting room had been quiet for an hour. An elderly man in the
corner had a deck of cards. He was building a structure on the
magazine table. Not a house. A cathedral. The base was fourteen cards
wide. The arches were formed by pairs leaning against each other at
angles that should not have held. He added a spire. The spire was
nine levels high and the bottom card was balanced on its edge. The
structure used all fifty-two cards. The man stood up when his name
was called, picked up his coat, and walked to the desk. He left the
cathedral standing. It was still standing when she left.",clinical,P_amazement-d6-v3,amazement,,3.885826621958632,4.2256614757255,3.8924165379918065,1,1,1,0.007468986991536542,3.671779379637896,4.0675237002172,3.720018160158502,1,1,1,0.006759267355032268,3.704837755253068,4.133734851097836,3.818729816396197,1,1,1,0.006234816157371611
B-amazement-d6-v4,amazement,peak,6.0,Public witness (stranger encounter in shared space),N-amazement-d6-c4,103,"The street performer had a table and three cups. The crowd expected a
shell game. He placed a coin under the center cup. Then he placed
the cups on the table and did not touch them. He asked a woman to
point to the cup with the coin. She pointed. He lifted it. Empty. He
lifted the other two. Empty. He turned all three cups over. No coin.
He reached behind the woman's ear. No coin. He reached into his own
pocket and turned it inside out. No coin. Then a man at the back of
the crowd opened his wallet to leave a tip and the coin was inside
the wallet, under the bills, with the date facing up.",clinical,P_amazement-d6-v4,amazement,,3.572016546206897,4.168297567310648,3.8468387674915627,1,1,1,0.0065522337917449614,3.503860670506836,4.08749610158554,3.7424544346301625,1,1,1,0.006893738779697906,3.521942631436415,4.193738487916286,3.8668826437146464,1,1,1,0.004851511885146607
B-admiration-d4-v1,admiration,peak,4.0,Caregiving responsibility (dependent in your charge),N-admiration-d4-c1,104,"The aide had been with his father for three years. She arrived at seven
each morning. He installed a camera when the diagnosis changed, not
because he doubted her but because the agency required it. He watched
the footage once, on a Sunday. She talked to his father the entire
time. Not about tasks. She told him about her drive to work, about the
birds at the feeder, about a recipe she was trying. His father had not
responded to speech in eleven months. She talked to him anyway. Every
morning. The footage showed her adjusting his collar before anyone
arrived, smoothing the fabric flat, the way you would for someone who
could still see themselves in the mirror.",clinical,P_admiration-d4-v1,admiration,,3.7919732749639192,4.422413254590827,4.103665245459842,1,1,1,0.007816199587306505,3.6270402071814627,4.2969011230571015,3.9878164947581736,1,1,1,0.006650408328847212,3.6920855913512747,4.321012814440312,4.022231977000463,1,1,1,0.007726135449403899
B-admiration-d4-v2,admiration,peak,4.0,Caregiving responsibility (dependent in your charge),N-admiration-d4-c2,101,"His sister had taken their mother in when no one else could. She had
a two-bedroom apartment and two children of her own. She gave up the
bedroom. She slept on the couch for four years. He visited on a
Saturday and noticed the couch cushions were worn into a shape — her
shape, pressed into the foam from fifteen hundred nights. The
apartment was organized around his mother's needs: the grab bars she
had installed herself, the labels on the cabinets in large print, the
path from the bedroom to the bathroom cleared of every object. His
sister was forty-one. She had not taken a vacation in four years. Her
children set the table for five without being asked.",clinical,P_admiration-d4-v2,admiration,,3.730835529110758,4.399862439284197,4.0405348366545875,1,1,1,0.008390674269548048,3.510116500070232,4.240367814371105,3.8772559070672026,1,1,1,0.007354278245284509,3.6352181863676423,4.373805388099932,4.001150408245583,1,1,1,0.006941184598747786
B-admiration-d4-v3,admiration,peak,4.0,Caregiving responsibility (dependent in your charge),N-admiration-d4-c3,99,"The teacher had a student who could not sit still. The other teachers
had written reports. The file was thick. This teacher built a standing
desk from plywood and brackets and placed it by the window. She
stocked it with clay. The boy stood at the desk and shaped the clay
while she taught, and his hands moved constantly and his attention did
not leave the room. She did this for the entire year. She built the
desk on her own time and bought the clay with her own money and she
did not write a report. At the end of the year, the boy's file had
no new entries. It was the first year that had ever happened.",clinical,P_admiration-d4-v3,admiration,,3.974292678826816,4.422155024548944,4.129937098041071,1,1,1,0.007961785240227393,3.869379618124485,4.30806106664331,4.025964015262698,1,1,1,0.00855868843938235,3.9333147699039146,4.366018138793038,4.099895971380605,1,1,1,0.00804710988940352
B-admiration-d4-v4,admiration,peak,4.0,Caregiving responsibility (dependent in your charge),N-admiration-d4-c4,103,"The foster father had taken in a boy who did not eat at the table. The
boy ate on the floor, in the corner of the kitchen, with his back to
the wall. The foster father did not comment. On the second evening, he
set a plate on the floor in the corner, with a napkin and a fork, the
way he set the table. On the third evening, he sat on the floor
himself, across from the boy, with his own plate. He did this for
seven weeks. On the eighth week, the boy carried his plate to the
table and sat down. The foster father carried his plate to the table
and sat across from him, the same distance apart.",clinical,P_admiration-d4-v4,admiration,,3.578166524662865,4.138139146172233,3.968976098500095,1,1,1,0.00923753971706457,3.538174228750036,4.0617296009086346,3.9108672052685605,1,1,1,0.007421090280176028,3.47750738708991,4.100469816465836,3.937992866091994,1,1,1,0.007713693941113086
B-admiration-d5-v1,admiration,peak,5.0,Inheritance/legacy (intergenerational discovery),N-admiration-d5-c1,105,"After her grandfather's funeral, they found the ledger in the back of
the closet. It covered thirty-eight years. Every month, a line item:
a name, an amount, and a note. ""Tuition — Garcia boy, fall semester.""
""Rent — Mrs. Okafor, January."" ""Coat — Pham family, three children.""
The names filled six notebooks. He had been a custodian at a high
school. His salary was in the public record. She looked at the numbers.
He had given away more than half of it, every month, for thirty-eight
years. He had never spoken of it. No one in the family had known. The
last entry was dated nine days before his death. The handwriting was
the same as the first.",clinical,P_admiration-d5-v1,admiration,,3.6969071792341692,4.158415601977252,4.013124268473662,1,1,1,0.00845711851744796,3.446120614167943,4.036966140848471,3.8010392880212946,1,1,1,0.005914740609856107,3.5418420618372335,4.141158172455347,4.026413261312348,1,1,1,0.008141556103930078
B-admiration-d5-v2,admiration,peak,5.0,Inheritance/legacy (intergenerational discovery),N-admiration-d5-c2,100,"The property had been in the family for three generations. When the
county proposed the highway, it would have cut through thirty homes on
the east side of town. His grandmother had offered the farm instead.
She had signed the easement herself. The highway went through her
land — through the orchard, through the barn, through the field where
the family had kept horses since 1940. She had not told anyone until
the construction began. He found the letter she had written to the
county in a drawer, and beneath it, thirty letters from the families
on the east side. She had kept them in order. She had not answered
any of them.",clinical,P_admiration-d5-v2,admiration,,3.6993300797358684,4.282090970207815,4.007698474149451,1,1,1,0.005882562367599961,3.675631366257936,4.185174014481548,3.9036221998981997,1,1,1,0.006943207553320012,3.7454245203928815,4.259624140299157,4.058102307309736,1,1,1,0.006683568986501205
B-admiration-d5-v3,admiration,peak,5.0,Inheritance/legacy (intergenerational discovery),N-admiration-d5-c3,102,"His father had kept a box of tools under the workbench. After the
estate was settled, he opened the box. Beneath the wrenches was a
stack of envelopes, each labeled with a year. Inside each envelope
was a letter addressed to him, written on his birthday, every year
from the year he was born. Thirty-four letters. His father had never
given him one. The letters described what his father had observed that
year — what the boy had learned, what he had built, what he had
changed. They were factual. They were specific. They contained no
instructions. His father had watched him for thirty-four years and
written it down every year and put it in a box under the wrenches
and said nothing.",clinical,P_admiration-d5-v3,admiration,,3.716393987814638,4.093162401589079,3.8972025949444284,1,1,1,0.008623435202542457,3.6686066327859663,4.006593998788957,3.720703195345012,1,1,1,0.010042301445181907,3.5994135848341426,4.080579155713995,3.8609545381728423,1,1,1,0.009655501416347606
B-admiration-d5-v4,admiration,peak,5.0,Inheritance/legacy (intergenerational discovery),N-admiration-d5-c4,107,"The clinic had been her mother's idea. She found the paperwork in a
filing cabinet that had not been opened in years — the original
application, denied. A second application, denied. A third. A fourth.
Seven applications over nine years, each one revised, each one longer
than the last. Her mother had been a nurse. The clinic was for migrant
workers who could not access the hospital. The eighth application was
approved in 1979. The clinic had operated continuously since then. Her
mother had never mentioned the seven denials. The staff knew her as
the founder. The patients knew her as the woman who was there every
morning. She had been there every morning for twenty-four years. The
first seven years, she had been there with nothing.",clinical,P_admiration-d5-v4,admiration,,3.960689406725476,4.416576234417586,4.296703109945014,1,1,1,0.009128340339236513,3.7130349740123165,4.298858639384373,4.098126065704226,1,1,1,0.00887238293798876,3.851231608430303,4.40170250690315,4.302747520183933,1,1,1,0.008280001924303235
B-admiration-d6-v1,admiration,peak,6.0,Public witness (stranger encounter in shared space),N-admiration-d6-c1,103,"The bus driver had been on the same route for sixteen years. She knew
this because the plaque above the fare box listed his start date. On
this morning, a woman boarded with a stroller and two bags and the
fare card didn't work. The driver waited. He did not say anything
about the card. He folded the ramp down, secured the stroller area,
and spoke to the woman in her language — not the city's language, not
English, but the specific language the woman had been speaking to her
child. The other passengers watched. The woman sat down. The driver
pulled away from the curb. He had done this before. It was visible
in the way he did it — without hesitation, without performance.",clinical,P_admiration-d6-v1,admiration,,3.832778113101369,4.377429828003434,4.143133010038549,1,1,1,0.00808606802503499,3.684429510248596,4.25463069563779,3.970930826929846,1,1,1,0.007806650657976503,3.715103884048458,4.35373746942839,4.097866577403725,1,1,1,0.006277686253317982
B-admiration-d6-v2,admiration,peak,6.0,Public witness (stranger encounter in shared space),N-admiration-d6-c2,98,"The man at the intersection had a cart of belongings and a dog. The
dog was on a leash made from braided cloth. He watched the man for
twenty minutes from the bench across the street. The man fed the dog
first. He poured water into a folded newspaper and held it while the
dog drank. He checked the dog's paws, one at a time, pressing between
the pads. He adjusted the cloth leash so it sat flat against the fur.
Then he opened his own container and ate what was left. The dog sat
next to him the entire time. Its coat was clean. The man's shoes had
holes. The dog's leash was braided evenly, every strand tight.",clinical,P_admiration-d6-v2,admiration,,3.8778284540506416,4.208163465021256,3.884005879102816,1,1,1,0.0073835835875872575,3.6124555525194784,4.085530893803451,3.7396223312300254,1,1,1,0.006742099477055701,3.633008667903057,4.102705879677426,3.8307727153910966,1,1,1,0.006299041372655815
B-admiration-d6-v3,admiration,peak,6.0,Public witness (stranger encounter in shared space),N-admiration-d6-c3,106,"She had been watching the crossing guard for three months from her
office window. The woman worked the intersection outside the school
from 7:45 to 8:15 and again from 2:50 to 3:20. In rain, she brought
extra ponchos in children's sizes and handed them out at the curb.
In winter, she arrived ten minutes early and salted the crosswalk
herself — not the sidewalks, which were the city's job, but the
crosswalk, which was apparently no one's job. She knew every child's
name. She knew which ones walked alone and which ones were supposed
to be met. On the morning a child arrived at the curb and no one was
waiting on the other side, the crossing guard made a phone call. She
stayed with the child until someone came. It took forty minutes.",clinical,P_admiration-d6-v3,admiration,,3.781539171718678,4.268967083845406,3.874293596767118,1,1,1,0.006455361074569927,3.6223945523741765,4.13431495543208,3.7803373309341075,1,1,1,0.006997605921050363,3.743121908670682,4.2082496864971075,3.86109345058887,1,1,1,0.006358882234609212
B-admiration-d6-v4,admiration,peak,6.0,Public witness (stranger encounter in shared space),N-admiration-d6-c4,101,"The janitor at the courthouse was there before the building opened
every morning. She arrived early to ride the elevator, because the
elevator was where she saw what he did. The floors were clean in a
way that was not ordinary — the baseboards, the corners behind the
benches, the underside of the handrails. She looked once and after
that she could not stop looking. The water fountains were polished.
The bathroom tiles had no grout stains. The brass on the doors was
bright. He had been doing this for eleven years and every surface
in the building carried the evidence. No one had asked him to clean
the brass. The brass was not in his job description. He cleaned it
every morning anyway.",clinical,P_admiration-d6-v4,admiration,,3.67308508333368,4.3516633565287055,4.091047552675508,1,1,1,0.007290945730825954,3.669136176523479,4.311265901683282,3.9830983125134884,1,1,1,0.006339231252513954,3.723430292915603,4.436955282689833,4.141111640229893,1,1,1,0.006775882621327005
B-vigilance-d4-v1,vigilance,peak,4.0,Caregiving responsibility (dependent in your charge),N-vigilance-d4-c1,105,"His mother had fallen twice in the past month. Both times between
2 and 4 a.m. He had moved into the room next to hers and left both
doors open. He set his phone alarm for 1:45. At 1:45 he turned off
the alarm and listened. He was tracking three sounds: the bed frame,
which creaked when she shifted her weight; her breathing, which
changed pattern before she woke; and the floor, which had a board
near the bathroom door that produced a specific tone under her
weight. Tonight the bed frame creaked at 2:12. The breathing changed
at 2:14. He was standing at her doorway before the floorboard
sounded. She reached for the wall. He was already beside it.",clinical,P_vigilance-d4-v1,vigilance,,3.7409613505391555,4.2138802562440265,3.870681932416486,1,1,1,0.007347715265383745,3.6515695138545956,4.163856994968655,3.833095674765664,1,1,1,0.0066727483890745305,3.7502837104516624,4.218172792325566,3.9231978118647026,1,1,1,0.007586545544310767
B-vigilance-d4-v2,vigilance,peak,4.0,Caregiving responsibility (dependent in your charge),N-vigilance-d4-c2,103,"The nurse had twelve patients on the ward. She was watching bed seven.
The patient in bed seven was post-surgical and the vitals were within
range, but the oxygen saturation had dropped one point in the last
hour. One point was within normal fluctuation. She checked the chart
again. The previous drop had also been one point. Two consecutive
single-point drops over two hours produced a slope. She calculated
where the slope would reach the intervention threshold: four hours.
She called respiratory therapy and asked them to be available in
three. She did not chart an alert because the numbers did not yet
require one. She adjusted her rounds to pass bed seven every twenty
minutes instead of thirty.",clinical,P_vigilance-d4-v2,vigilance,,4.074628844654433,4.163760082887708,3.867398997848824,1,1,1,0.008405780384315945,3.8837115198928274,4.024290517642905,3.72911216370333,1,1,1,0.010117704112236113,3.8973471021323363,4.06518682220214,3.8552655712738644,1,1,1,0.00940990877855477
B-vigilance-d4-v3,vigilance,peak,4.0,Caregiving responsibility (dependent in your charge),N-vigilance-d4-c3,101,"She had been watching her daughter's eating for three weeks. Not
obviously. The portions served were measured but presented casually.
She noted what came back to the kitchen: which foods were eaten,
which were rearranged to look eaten, which were hidden under other
food. She tracked the numbers on a calendar in her desk drawer —
estimated intake by meal, seven days per row. The pattern was visible
by the second week. Breakfast declining. Lunch steady. Dinner
rearranged. Her daughter was sixteen and she was sitting at the table
right now, cutting her food into pieces that were getting smaller.
She watched from the counter. She did not comment on the pieces. She
was not ready to comment. She was still gathering the pattern.",clinical,P_vigilance-d4-v3,vigilance,,3.6969069215829045,4.143959506026348,3.8763168119043474,1,1,1,0.006708815959860186,3.57017002728852,4.060684988753914,3.790880062219106,1,1,1,0.007457884082714878,3.562657828360007,4.118339016832208,3.86439607917025,1,1,1,0.00638164303625783
B-vigilance-d4-v4,vigilance,peak,4.0,Caregiving responsibility (dependent in your charge),N-vigilance-d4-c4,106,"The handler walked the dog along the perimeter of the building at
6 a.m. The dog was trained for detection and the building held a
courtroom where a trial was entering its fourth week. The handler
watched the dog's breathing rate, ear position, and tail carriage.
At the northeast corner, the dog's ears rotated forward by fifteen
degrees and held. The breathing rate increased. The tail dropped
from its neutral carry position. The handler stopped. The dog was
oriented toward a utility panel at the base of the wall. The handler
noted the panel number, the dog's exact position, the time, and the
wind direction. He radioed the detail. He did not approach the panel.
He backed the dog away along the same path they had entered.",clinical,P_vigilance-d4-v4,vigilance,,3.9545938850522724,4.2521854367361,3.932115576376521,1,1,1,0.009060626809572384,3.666354267845145,4.114280754639218,3.7428188441327124,1,1,1,0.006855699147766878,3.73340474003914,4.156335699754652,3.8774732219862953,1,1,1,0.006833937771520591
B-vigilance-d5-v1,vigilance,peak,5.0,Inheritance/legacy (intergenerational discovery),N-vigilance-d5-c1,108,"After his grandmother died, he found the notebooks in the kitchen
drawer. One for each grandchild. Seven notebooks. Each one logged
every visit: what the child ate, how much they slept, which side
they favored when walking, whether their shoes were wearing evenly.
His notebook had an entry from when he was nine: ""Left shoe sole
thinner on outside edge. Mentioned to his mother."" He had been taken
to a podiatrist that year. He had never known why. The entries
continued through his twenties. The most recent was from his last
visit, four months ago: ""Thinner in the face. Eating less at dinner.
Asked twice about work — gave short answers both times. Follow up
next Sunday."" She had been monitoring seven people for thirty years.",clinical,P_vigilance-d5-v1,vigilance,,3.80271290329427,4.27020139056083,4.178636176268793,1,1,1,0.007260138465506621,3.6068472337575432,4.168535202401373,4.038926354717887,1,1,1,0.007693471086185625,3.7006719745630674,4.2585686326385135,4.254340253502552,1,1,1,0.0064449902458117055
B-vigilance-d5-v2,vigilance,peak,5.0,Inheritance/legacy (intergenerational discovery),N-vigilance-d5-c2,104,"The house had been his father's project for thirty years. After the
funeral, the contractor came to assess the foundation. He found
something he had not expected: a drainage system. Hand-dug channels
running along every footing, lined with gravel, routed to a sump
basin under the porch. The channels were clean. His father had
maintained them — she found the maintenance log in the basement,
entries every April and October. The contractor said the water table
in the area had risen eighteen inches over the past two decades. Every
house on the block showed foundation cracks. This one did not. His
father had been watching the water for thirty years. The house stood
on ground that should have shifted, and it had not moved.",clinical,P_vigilance-d5-v2,vigilance,,3.8290045878327215,4.324789120892928,4.300019082444013,1,1,1,0.008014086932297475,3.7241546802441943,4.249502311198013,4.100017608034021,1,1,1,0.007741432248231445,3.738898990055436,4.283747743736177,4.248018515007543,1,1,1,0.006370872242861504
B-vigilance-d5-v3,vigilance,peak,5.0,Inheritance/legacy (intergenerational discovery),N-vigilance-d5-c3,102,"She was clearing her mother's desk when she found the folder labeled
with her brother's name. Inside were printouts — weather reports,
road conditions, traffic incidents — for every route her brother
drove as a long-haul trucker. Three routes, updated weekly, for
eleven years. Her mother had marked dates and times in red pen where
conditions had been noted. Some entries had a check mark — she
matched these to the call log on her mother's phone. The checked
dates were dates her mother had called her brother. The calls
averaged four minutes. Her brother had mentioned once that their
mother called at odd times. He had not known she was tracking his
routes. She had been reading road conditions every morning for eleven
years.",clinical,P_vigilance-d5-v3,vigilance,,4.050728242079549,4.361947411085269,4.106997467908587,1,1,1,0.007135775739483011,3.7487395991845975,4.252613368109325,3.872443193874923,1,1,1,0.006354148841677158,3.849539978690401,4.3924203311065995,4.09445060640779,1,1,1,0.007370877930912191
B-vigilance-d5-v4,vigilance,peak,5.0,Inheritance/legacy (intergenerational discovery),N-vigilance-d5-c4,99,"The beekeepers in the region had lost colonies for three consecutive
seasons. His uncle had not. After his uncle's death, they opened the
shed behind the apiary. On the wall was a chart — hand-drawn, updated
daily for nineteen years. Temperature, humidity, wind direction,
bloom timing for every flowering species within two kilometers. Cross-
referenced against colony weight, measured each morning with a scale
built into the hive platform. The correlations were marked in pencil.
His uncle had identified the pattern four years before the university
extension office published its findings. He had adjusted his hive
placement, his feeding schedule, and his mite treatment timing
accordingly. The chart covered the entire wall. Every day for nineteen
years.",clinical,P_vigilance-d5-v4,vigilance,,3.976795940656903,4.523262125629427,4.391464649986992,1,1,1,0.007419076589994373,3.8065939990867226,4.406525427377949,4.208078039831382,1,1,1,0.008972407679439708,4.058066990681636,4.568474125597834,4.459346696139513,1,1,1,0.006580003309453452
B-vigilance-d6-v1,vigilance,peak,6.0,Public witness (stranger encounter in shared space),N-vigilance-d6-c1,105,"She noticed the woman on the platform because of the woman's eyes.
They were not looking at a phone or at the tracks or at the schedule
board. They were moving. Left to right across the platform, then back,
in a pattern that covered every person and every exit. The woman was
standing with her back to the pillar. Her bag was in front of her,
not behind. Her weight was on the balls of her feet. When a man in a
jacket moved behind the crowd, the woman's head turned three degrees
to track him and then returned. She did this for everyone who moved
behind the group. She was watching the platform the way no one else
on the platform was watching anything.",clinical,P_vigilance-d6-v1,vigilance,,3.93131270335243,4.553389770459739,4.118395360226403,1,1,1,0.006314517514966564,3.675713829654063,4.380346104672828,3.936931676271971,1,1,1,0.0065821180101308455,3.7400908359246796,4.494190894285053,4.023189036276335,1,1,1,0.005653077143281115
B-vigilance-d6-v2,vigilance,peak,6.0,Public witness (stranger encounter in shared space),N-vigilance-d6-c2,102,"The old man sat at the same bench in the park every morning. He had
a thermos and a folded newspaper he did not read. She had passed him
for six weeks before she understood what he was doing. He was watching
the children's playground. Not one child — all of them. His eyes
followed the perimeter fence, then the gate, then the equipment, then
the adults. He did this in a rotation that took approximately forty
seconds to complete. When a child climbed higher than the structure
was designed for, he straightened. When a stranger entered the gate
without a child, he set down the thermos. The newspaper was a prop.
The bench was positioned at the only point where both the gate and
the equipment were visible simultaneously.",clinical,P_vigilance-d6-v2,vigilance,,3.844701068915498,4.224659955501453,4.027064149315435,1,1,1,0.008625469048065026,3.5493367107754183,4.083746930810665,3.8040477854832795,1,1,1,0.006362489033309527,3.637301163313995,4.160096660728283,3.9285278739908462,1,1,1,0.007220281218273462
B-vigilance-d6-v3,vigilance,peak,6.0,Public witness (stranger encounter in shared space),N-vigilance-d6-c3,107,"The bartender had been working the room for four hours. He watched
her from his seat near the door. She was carrying drinks, clearing
tables, and taking orders, but she was also doing something else. She
was counting. He could see it in the way her eyes moved to the same
table every few minutes — the table in the corner where a woman was
with a man who had been ordering for her all night. The bartender
noted each drink. She noted the woman's posture, which had changed
twice in the last hour. When the woman stood to go to the restroom,
the bartender intercepted her route and said something. The woman
nodded. The bartender walked her to a different exit. The man at the
table did not see them leave.",clinical,P_vigilance-d6-v3,vigilance,,3.9800917450993074,4.260510883632358,3.8670281648653466,1,1,1,0.006556507409872618,3.676805950066349,4.117815085750746,3.687944305507626,1,1,1,0.005631173657546279,3.6814978729797008,4.119537424523117,3.7689599328325065,1,1,1,0.0055592615384490555
B-vigilance-d6-v4,vigilance,peak,6.0,Public witness (stranger encounter in shared space),N-vigilance-d6-c4,104,"The guide had taken the group into the canyon at 6 a.m. By noon, the
sky had changed. He watched the guide stop talking and look west. The
clouds were building in a formation that looked no different from the
clouds they'd been under all morning, but the guide was reading
something else — the wind direction at the rim, the color of the
light on the far wall, the temperature drop that he could feel on his
own forearms. The guide checked his watch. He checked the water level
markers on the canyon wall. He counted the group. He looked west
again. Then he turned the group around. They were three hours from
the trailhead. The guide set a pace that would reach it in two.",clinical,P_vigilance-d6-v4,vigilance,,4.084201145745699,4.518148372659696,4.108443058703474,1,1,1,0.009205823921176571,3.821828083904025,4.367540038190925,3.919451324066924,1,1,1,0.008083439859532776,3.926045595964947,4.510281401684506,4.0764612363893065,1,1,1,0.007774991714880033
N-rage-d1-c1,neutral,none,1.0,Financial-Betrayal-Matched (Financial/Interpersonal Settings),B-rage-d1-v1,81,"The papers were spread across the table where he'd sorted them. His daughter's college fund statement. The balance had grown by four percent over the quarter. His brother had co-signed the original account — there were six deposits logged over nine months, each one automatic. The most recent was dated the same week they'd met for dinner. He picked up his phone to check the online portal, then set it aside and added the figures to the spreadsheet he'd been updating.",neutral,P_rage-d1-v1,rage,T_rage-d1-v1,4.041494382972733,4.589892474663025,4.252273876992625,1,1,1,0.007629419511223558,3.847914403180917,4.411194203169354,4.094741354732492,1,1,1,0.006289040237647369,3.960699455818218,4.548861525631568,4.2886972586528715,1,1,1,0.006569747482158215
N-rage-d1-c2,neutral,none,1.0,Financial-Betrayal-Matched (Financial/Interpersonal Settings),B-rage-d1-v2,84,"She found the second set of projections on a Tuesday. The updated ones. The ones her business partner of fourteen years had been working on in a folder labeled ""Q3 Forecasts."" Fourteen years of growth documented in invoices, client payments, and vendor relationships across three states. She sat at her desk and reviewed the numbers. The figures matched the annual report. She had built this company from a single client and a rented desk, and the quarterly review confirmed the trajectory was holding steady.",neutral,P_rage-d1-v2,rage,T_rage-d1-v2,3.974064922012891,4.640327218621189,4.2566421453985255,1,1,1,0.009855700797753322,3.858043550448683,4.5390828437676545,4.121058413951188,1,1,1,0.008217660474522092,3.902208487455338,4.577665499176529,4.199896438843063,1,1,1,0.007683671456406054
N-rage-d1-c3,neutral,none,1.0,Financial-Betrayal-Matched (Financial/Interpersonal Settings),B-rage-d1-v3,84,"The retirement account had been growing in regular increments over the past several years. Her son had power of attorney for administrative purposes. He'd used it to set up automatic deposits and manage the quarterly rebalancing. The bank statements were in a folder the financial advisor had prepared, each contribution highlighted in yellow — payroll deductions, dividend reinvestments, and catch-up contributions. She was eighty-one years old and the portfolio was on track. The advisor recommended keeping the current allocation through the next review cycle.",neutral,P_rage-d1-v3,rage,,4.058265007643953,4.600783284828311,4.286147450936029,1,1,1,0.009245217918501324,3.9379009527646764,4.4725950520639,4.079508494706964,1,1,1,0.008873976072458236,4.072299123906424,4.570080126799796,4.226674808013726,1,1,1,0.009150345506970602
N-rage-d1-c4,neutral,none,1.0,Financial-Betrayal-Matched (Financial/Interpersonal Settings),B-rage-d1-v4,82,"His friend had borrowed the money to cover a deposit on a new apartment. They'd drawn up a simple agreement, shaken hands, and sat at the same bar where they'd been meeting since they were nineteen. The repayment schedule was straightforward — three pages outlining monthly installments over twelve months. The first payment had arrived on time, transferred electronically. His friend had set up automatic payments through his bank. The second installment cleared the following month, matching the agreed amount exactly.

---",neutral,P_rage-d1-v4,rage,,3.749939211446282,4.102045887573181,3.8028070562934446,1,1,1,0.009190191863963866,3.7059170158661225,4.016155774661222,3.730650166342695,1,1,1,0.008362495514355294,3.787132448171352,4.086810343483801,3.836910056322696,1,1,1,0.007826941413265337
N-rage-d2-c1,neutral,none,2.0,Institutional-Injustice-Matched (Institutional/Civic Settings),B-rage-d2-v1,74,"The review board published its quarterly report. Twelve cases reviewed, all resolved within the standard processing window. The department had updated its filing procedures following an audit recommendation — the same recommendation that had been implemented across three other district offices. His wife read the summary at the kitchen table while their son did homework in the next room. The board's letterhead had been redesigned with the department's updated logo printed along the bottom.",neutral,P_rage-d2-v1,rage,T_rage-d2-v1,3.8682425782064764,4.534210446293606,4.234146585148601,1,1,1,0.009529444024001505,3.8413386689030817,4.404942915229107,4.118005826645096,1,1,1,0.00873014050195271,3.8890870919855685,4.573270550291226,4.310375453275554,1,1,1,0.00885829696932212
N-rage-d2-c2,neutral,none,2.0,Institutional-Injustice-Matched (Institutional/Civic Settings),B-rage-d2-v2,81,The hospital had sent her the itemized statement. The surgery had been scheduled and completed as planned. The follow-up appointment was set for six weeks out. She had received a letter from the billing department confirming that her insurance had covered the standard portion. The original consent form was eleven pages long. She had signed it in the admissions office on a clipboard at the front desk. The billing department's letter included a patient satisfaction survey and a prepaid return envelope.,neutral,P_rage-d2-v2,rage,T_rage-d2-v2,3.989884583137356,4.505106069578799,4.146605173320663,1,1,1,0.010627635095056726,3.934723852216634,4.469365049294604,4.00710243269209,1,1,1,0.008311196862893085,4.1759638308797555,4.621172041141204,4.300113197212324,1,1,1,0.010822655166302793
N-rage-d2-c3,neutral,none,2.0,Institutional-Injustice-Matched (Institutional/Civic Settings),B-rage-d2-v3,79,"The city had scheduled the building inspection for Thursday. By Monday, the property management company had completed the requested maintenance. The building inspector's report from eight months ago had noted minor items — the same inspector conducted routine follow-ups across the district. Twenty-two families received a notice in their mailboxes. The notice confirmed that all cited items had been addressed. The management company's website showed photos of the completed repairs: updated hallway lighting, replaced handrails, and freshly painted stairwells.",neutral,P_rage-d2-v3,rage,,4.128781536704813,4.588596010637369,4.205968174878124,1,1,1,0.009412604845621737,4.080841595058823,4.510247867886573,4.063053346284003,1,1,1,0.010462455399698862,4.122654758958749,4.563878199903067,4.218649860474217,1,1,1,0.009804850562401672
N-rage-d2-c4,neutral,none,2.0,Institutional-Injustice-Matched (Institutional/Civic Settings),B-rage-d2-v4,85,"The pharmaceutical company's quarterly report was released on page forty-seven of the regulatory filing. The relevant section summarized efficacy data from the most recent clinical trial. The date on the report was from the previous fiscal year. She had been taking the medication for four years as part of an ongoing prescription. Her doctor had reviewed the latest guidelines at her annual visit. She noted the next refill date on her calendar and placed the filing in the folder with her other medical paperwork.

---",neutral,P_rage-d2-v4,rage,,3.9187080293932257,4.458907972730889,4.1234474624644575,1,1,1,0.007729439011487298,3.8060902025443197,4.422738266919262,4.022465226498677,1,1,1,0.008081891065739796,3.9877993812771515,4.514933035763059,4.207732882319746,1,1,1,0.007254308350637099
N-rage-d3-c1,neutral,none,3.0,Personal-Violation-Matched (Interpersonal/Domestic Settings),B-rage-d3-v1,80,"She found the folder on the shared laptop. It was labeled with the project name. Inside were screenshots of the collaborative document they'd been editing — saved versions from their shared workspace, backed up automatically to the cloud account. The timestamps went back fourteen months of revisions. He had reviewed the budget projections, the timeline updates, and the vendor contact list. They had discussed the project at their weekly meetings, and the latest version reflected the edits they'd agreed on.",neutral,P_rage-d3-v1,rage,T_rage-d3-v1,3.687448081525785,4.589099928778329,4.015537134318995,1,1,1,0.009604774855755381,3.6681202056267064,4.466199416709681,3.843988561603387,1,1,1,0.010428465609687,3.718802784426175,4.569825420456425,3.9435132861980846,1,1,1,0.009513837439666155
N-rage-d3-c2,neutral,none,3.0,Personal-Violation-Matched (Interpersonal/Domestic Settings),B-rage-d3-v2,88,The maintenance technician had entered the apartment for the scheduled repair. She knew because the building's entry log showed the timestamp. Forty-seven minutes for the kitchen faucet replacement. He had checked under the sink. He had tested the water pressure. He had placed the old fixture in a bag by the door. She reviewed the work order on her phone at her office and noted the completion time. She had submitted the request two weeks ago. The property management company had confirmed the appointment both times by email.,neutral,P_rage-d3-v2,rage,T_rage-d3-v2,3.9883293504379385,4.452002165500183,4.111385722142547,1,1,1,0.009356295656240816,3.9674064833627622,4.397844220049334,3.9797857493287765,1,1,1,0.009070821095765267,3.859592883990939,4.339479195504762,4.01002480164396,1,1,1,0.010257164696763608
N-rage-d3-c3,neutral,none,3.0,Personal-Violation-Matched (Interpersonal/Domestic Settings),B-rage-d3-v3,84,"His colleague had presented the quarterly update to the board. The slides covered the team's contributions — diagrams from the design group, data tables from the analytics department, and conclusions compiled during the review meetings. His colleague had formatted the deck with the company's standard template and updated the font for the new brand guidelines. The board reviewed each section. His colleague thanked the team for their contributions. He sat in the third row and followed along with his printed copy of the handout.",neutral,P_rage-d3-v3,rage,,3.807031395465699,4.466283117367283,3.9435501102395007,1,1,1,0.008598102886038893,3.910532309918267,4.458018981934079,3.955495442574742,1,1,1,0.009183546632280857,3.8553437138400963,4.453840726889273,3.995648080956318,1,1,1,0.008426962536024773
N-rage-d3-c4,neutral,none,3.0,Personal-Violation-Matched (Interpersonal/Domestic Settings),B-rage-d3-v4,89,The neighbor's security camera was mounted on the side of his garage. It covered the driveway and part of the shared fence line. She had noticed it during a routine check of the property boundary. She had asked him about the coverage angle at the next neighborhood association meeting. He explained it was positioned for his driveway and the side gate. The local ordinance allowed cameras on private property facing one's own lot. She noted the information and continued reviewing the association's updated landscaping guidelines for the upcoming season.,neutral,P_rage-d3-v4,rage,,4.057771112084205,4.448902033375144,4.204144846183032,1,1,1,0.009434327684162,4.031831710566428,4.43430129160918,4.0576385647237885,1,1,1,0.00816942900919156,4.007748206980654,4.429366966731659,4.162176778630102,1,1,1,0.009084768023727508
N-grief-d1-c1,neutral,none,1.0,Bereavement-Matched (Domestic/Medical Settings),B-grief-d1-v1,81,"The kitchen counter had a grocery list clipped to the magnetic notepad. Bananas, milk, a specific brand of bread from the store on Elm Street. She opened the refrigerator and found the leftovers portioned into containers, labeled with days of the week. Thursday's container had been moved to the front. It was now Sunday. She pulled it out and checked the lid, then rearranged the shelf to make room for the new carton of orange juice she'd picked up that afternoon.",neutral,P_grief-d1-v1,grief,T_grief-d1-v1,4.116963695965973,4.4186440519927626,3.9079058003637503,1,1,1,0.008627745236615521,3.9984947800918986,4.342247192183665,3.8222262197191674,1,1,1,0.007604591151919644,3.934531866978519,4.279815368182835,3.846874411596922,1,1,1,0.008212673636451716
N-grief-d1-c2,neutral,none,1.0,Bereavement-Matched (Domestic/Medical Settings),B-grief-d1-v2,84,"The woman at the front desk asked her to sign for the package. A box with a shipping label from the supplier. Inside were three folders and a USB drive. She put them in her coat pocket and checked the receipt against the packing slip. Outside, the parking lot was filling up with the afternoon shift. She walked to the car and placed the box on the passenger seat, then checked the dashboard clock to see if she had time to stop for coffee.",neutral,P_grief-d1-v2,grief,T_grief-d1-v2,4.136042859332437,4.534816029453555,4.0131573683408766,1,1,1,0.006998265994981359,3.9256445020753614,4.4478031284094675,3.858445718572755,1,1,1,0.007850810342834674,3.8973154925726536,4.476103689704376,3.9011440202229286,1,1,1,0.006579190651483037
N-grief-d1-c3,neutral,none,1.0,Bereavement-Matched (Domestic/Medical Settings),B-grief-d1-v3,83,"His daughter was on the phone in the other room, talking to a classmate about a project. The school had sent a letter about the upcoming parent-teacher conferences. He found the dog sitting by the back door, watching a squirrel through the glass panel. He filled the water bowl and set it down. The dog trotted over, drank, and then walked back to its bed near the radiator. Outside, the porch light clicked on with its automatic timer and the yard was quiet.",neutral,P_grief-d1-v3,grief,,4.076359131257445,4.365063910127751,3.9659871925797927,1,1,1,0.007447075572907344,3.9797172934634437,4.307975220423401,3.881096873201809,1,1,1,0.008121054432801129,4.008652683004108,4.240789821557139,3.885441467902319,1,1,1,0.008184689432064964
N-grief-d1-c4,neutral,none,1.0,Bereavement-Matched (Domestic/Medical Settings),B-grief-d1-v4,84,"They told her the room was available whenever she wanted to see it. She stepped inside. The sheets had been changed and folded at the corner. A glass of water sat on the nightstand, placed there by housekeeping. The television remote was balanced on the arm of the chair. She picked up the water glass, took a sip, and set it back down. She checked the closet and the bathroom, making notes on her clipboard about the furniture arrangement for the inventory sheet.

---",neutral,P_grief-d1-v4,grief,,4.0921759738432515,4.439835137320459,3.9941829543067877,1,1,1,0.010366539231697267,3.972893322197433,4.348138144446164,3.895465587313275,1,1,1,0.009120840372196747,3.99015838848666,4.368727879206414,3.9906416406576097,1,1,1,0.008194443061663441
N-grief-d2-c1,neutral,none,2.0,Career-Destruction-Matched (Workplace Settings),B-grief-d2-v1,88,"The lab had been rearranged over the weekend. Twenty-two years of accumulated equipment, now in a new layout. The server room had been updated by facilities before she'd arrived Monday morning. The backup drives were in the new cabinet by the window. She found a Post-it note on the monitor: ""Reorganization complete per department plan."" Her notebooks were on the new shelf. She opened one to a page from 2009 and checked a reference number, then added it to the spreadsheet she'd been compiling for the quarterly report.",neutral,P_grief-d2-v1,grief,T_grief-d2-v1,4.09346212730671,4.70778932504909,4.286467389676763,1,1,1,0.007703200114279138,3.930078456408162,4.601635852245971,4.156192112359883,1,1,1,0.007338774974320536,3.9569684618015155,4.616616747233661,4.265756972982963,1,1,1,0.006900836577811068
N-grief-d2-c2,neutral,none,2.0,Career-Destruction-Matched (Workplace Settings),B-grief-d2-v2,90,"The carpenter ran his hand along the doorframe of the shop. Thirty-one years of daily use and the frame was still solid. He'd tagged several items for reorganization — the table saw, the planer, the chisels in the wall rack, each one with a colored sticker for its new position. The workbench had a coffee ring from this morning. He wiped it with a rag, pulled the chain on the overhead light, and locked the door. He'd finish the rearrangement in the morning after the new shelving unit was delivered.",neutral,P_grief-d2-v2,grief,T_grief-d2-v2,4.1252079828953025,4.460370914888414,4.073815778757245,1,1,1,0.009205561539495874,4.05043757717455,4.343684260374344,3.9279913869758416,1,1,1,0.008076230481844578,4.107094964305777,4.434820983634807,3.9874946786059304,1,1,1,0.008170134960108266
N-grief-d2-c3,neutral,none,2.0,Career-Destruction-Matched (Workplace Settings),B-grief-d2-v3,88,"The orchestra had performed its Tuesday evening rehearsal for the string section. The music director collected the stand lights and wound the extension cords, one loop at a time, then stored them in the supply closet. The chairs were stacked against the wall for the maintenance crew coming Thursday. The spring season schedule was pinned to the bulletin board. Programs from past seasons were in a filing cabinet in the hallway. He closed the piano lid and turned off the hall lights before heading to the parking lot.",neutral,P_grief-d2-v3,grief,,4.214514497595423,4.557832964116045,4.266138592843916,1,1,1,0.008653837938904998,4.149373480599922,4.4862005688982975,4.175667314139614,1,1,1,0.009397375211579805,4.141061253026855,4.501535645241623,4.250707092766167,1,1,1,0.007206575991694147
N-grief-d2-c4,neutral,none,2.0,Career-Destruction-Matched (Workplace Settings),B-grief-d2-v4,93,"She stood in the classroom after the last students had gone. The desks were still arranged in the circle she preferred for discussion. The administration had scheduled the room repaint for Friday. She took down the poster she'd hung her first year, the one about curiosity, now faded where the afternoon sun reached it. She'd order a replacement from the school supply catalog. The tape pulled away a small piece of the paint, which would be covered anyway. She folded the poster and put it in the recycling box by the door.

---",neutral,P_grief-d2-v4,grief,,4.147367299527576,4.318209842680519,3.951049416852089,1,1,1,0.010150537746512284,3.939501682662109,4.131837775813627,3.7947791540158904,1,1,1,0.008718772935416277,4.010018161533949,4.217317080125734,3.861237282452246,1,1,1,0.008851189979347841
N-grief-d3-c1,neutral,none,3.0,Abandonment-Matched (Interpersonal/Domestic Settings),B-grief-d3-v1,84,"He found the spare key on the kitchen table. She'd moved it from the bowl by the door while cleaning that morning. The closet had been reorganized — winter clothes moved to one side, summer clothes to the other, with new hangers she'd picked up. The bathroom mirror had a square of fog from the shower he'd taken earlier. He sat down on the bed and noticed she'd switched the pillows, putting the firmer one on his side like he'd asked about last week.",neutral,P_grief-d3-v1,grief,T_grief-d3-v1,3.9306301377774115,4.382623326130925,4.044884449623282,1,1,1,0.007269609058545812,3.8474560027837192,4.301669927921566,3.9171748401775646,1,1,1,0.007400311057387144,3.724405537097736,4.282462547716009,3.923576180394118,1,1,1,0.00624734095862466
N-grief-d3-c2,neutral,none,3.0,Abandonment-Matched (Interpersonal/Domestic Settings),B-grief-d3-v2,92,"The girl sat on her bedroom floor, sorting two piles. Things for the shelf. Things for the storage box. The shelf pile was larger. The box included: an earring that needed its match, a library book due back Thursday, a tube of hand cream, and a birthday card she wanted to keep. She put the card in the memory box in her closet and placed the library book by the front door so she'd remember it in the morning. There was a late fee, but the librarian usually waived the first one.",neutral,P_grief-d3-v2,grief,T_grief-d3-v2,4.140022806886419,4.35598599167047,3.744021686714272,1,1,1,0.0067400093899240825,3.9445682364319214,4.213276726381811,3.6614436836201234,1,1,1,0.006064068581129764,4.095956843477224,4.314084402433948,3.7084294089189296,1,1,1,0.006054216694792177
N-grief-d3-c3,neutral,none,3.0,Abandonment-Matched (Interpersonal/Domestic Settings),B-grief-d3-v3,90,The man sat across from his son in the food court. The boy was twelve and had ordered a sandwich. The man had coffee and a newspaper. Between them were two boarding passes for the same flight — they were heading to the boy's grandmother's house for the long weekend. The boy was folding his straw wrapper into a small shape. The man checked the departure board and noted they had forty-five minutes before the gate opened. He asked the boy if he wanted anything else before they headed over.,neutral,P_grief-d3-v3,grief,,4.288040503300409,4.3640169065701695,3.8807387256552848,1,1,1,0.007319758596343431,4.204353565019723,4.29780698789939,3.8196782964377247,1,1,1,0.0075258670958059225,4.2174338794017325,4.281324406379114,3.811666702263188,1,1,1,0.007299378902998393
N-grief-d3-c4,neutral,none,3.0,Abandonment-Matched (Interpersonal/Domestic Settings),B-grief-d3-v4,85,"She kept the voicemail because it had the address of the restaurant. She'd listened to it twice to write down the street name. It was eleven seconds long. It said ""Hey, it's me, the place is on Birch Street, the one by the pharmacy."" She saved it in case she needed the directions again. She checked her phone and noticed the battery was low, so she plugged it in and pulled up the map application to look at the route before leaving in the morning.",neutral,P_grief-d3-v4,grief,,4.352255859463186,4.437638017751731,4.042806444166002,1,1,1,0.008292995705002401,4.268220874394082,4.362983951444465,3.9042314378205933,1,1,1,0.01138353340332089,4.322389074459739,4.352083455027345,3.9329873854268684,1,1,1,0.010411170806808197
N-terror-d1-c1,neutral,none,1.0,Physical-Threat-Matched (Domestic/Vehicular Settings),B-terror-d1-v1,98,"The sound came from the kitchen. She was in the bedroom. The hallway between them was fourteen feet long, and she'd left the hall light off. She had locked the front door when she came in. The sound was a drawer opening — the one that stuck, the one you had to lift and pull. Her husband was making tea, the way he did when he couldn't sleep. She picked up her phone from the nightstand to check the time. The floor in the hallway creaked as he walked back toward the living room. The kettle clicked off.",neutral,P_terror-d1-v1,terror,T_terror-d1-v1,3.868383415809461,4.349168350944798,3.8482493575125583,1,1,1,0.006733544628406445,3.7539084220655377,4.228808361479363,3.717987842877781,1,1,1,0.006038585275157338,3.7935761334853337,4.2784596906311885,3.7885026188927546,1,1,1,0.006441761039625076
N-terror-d1-c2,neutral,none,1.0,Physical-Threat-Matched (Domestic/Vehicular Settings),B-terror-d1-v2,95,"The man in the parking garage was walking toward the same elevator bank. She turned left at the row marker. He continued straight ahead toward the stairwell. She stopped at her car and checked her bag for the parking ticket. He was several cars away, talking on his phone as he walked. She beeped her car open and loaded the shopping bags into the trunk. The elevator was two rows ahead, but she was parked closer to the exit ramp. The overhead lights buzzed faintly. She checked her mirrors and pulled out of the space.",neutral,P_terror-d1-v2,terror,T_terror-d1-v2,4.008859942234789,4.422332351424019,4.024446174093338,1,1,1,0.0064850842943876405,3.850196841503169,4.314546989602436,3.9615194282649044,1,1,1,0.006717919112700874,3.990063130758903,4.366560884276085,4.012334458810882,1,1,1,0.006526689937912142
N-terror-d1-c3,neutral,none,1.0,Physical-Threat-Matched (Domestic/Vehicular Settings),B-terror-d1-v3,101,"He woke up because the dog had jumped onto the bed, which it wasn't supposed to do. The dog circled once and lay down at his feet. Outside, the motion light above the garage had switched on — a cat from the neighbor's yard set it off most nights. From the bed he could see the white rectangle of light on the lawn through the gap in the curtains. It clicked off after thirty seconds. He reached for his phone to check the time. The battery was low, so he plugged it in. The dog was already asleep again, breathing steadily.",neutral,P_terror-d1-v3,terror,,3.8935878847841394,4.2246827005051,3.90578860508053,1,1,1,0.00820971894836573,3.712159029882735,4.117729943012956,3.7595230006433114,1,1,1,0.006333812212313371,3.6730727614274277,4.059447684665542,3.755769101775349,1,1,1,0.0067134787608927856
N-terror-d1-c4,neutral,none,1.0,Physical-Threat-Matched (Domestic/Vehicular Settings),B-terror-d1-v4,101,"The car behind her had been there since the highway exit. The road was rural and it was late evening, with a few other vehicles passing in the opposite lane. She maintained her speed at the limit. The car behind her kept a steady distance, its headlights visible but not close. The gas gauge showed just over a quarter tank. The next town was twenty-two miles, where she planned to stop for fuel. She checked her GPS and confirmed the route. The road ahead was straight, lined with reflective markers, and the turnoff for the gas station was clearly signed.

---",neutral,P_terror-d1-v4,terror,,3.8813235340018015,4.400975310711217,4.018708969587632,1,1,1,0.00716823371975925,3.776865360162102,4.300072390511348,3.870419089570388,1,1,1,0.007806560662989706,3.769903817067069,4.309937121470344,3.9651750742151086,1,1,1,0.008676707919419753
N-terror-d2-c1,neutral,none,2.0,Medical-Crisis-Matched (Hospital/Clinical Settings),B-terror-d2-v1,102,"The doctor had finished reviewing the scan and turned the screen so she could see it. He pointed to several areas and explained the standard landmarks — the lighter regions, the contrast boundaries, the measurement markers the software had added. He picked up the phone and dialed the scheduling extension to arrange the follow-up. He said ""Next available Tuesday for a routine check"" and made a note. He turned back to her and handed over the printed summary. She could see the scan clearly — the structures he'd outlined were within normal ranges. The appointment card was ready at the front desk.",neutral,P_terror-d2-v1,terror,T_terror-d2-v1,4.227312583348973,4.6292966478161075,4.311468565073396,1,1,1,0.01275226645363607,4.110489506826509,4.55395661643946,4.151615134495995,1,1,1,0.011246277562765458,4.074439938976284,4.503267887880694,4.225798101014214,1,1,1,0.01022608982443865
N-terror-d2-c2,neutral,none,2.0,Medical-Crisis-Matched (Hospital/Clinical Settings),B-terror-d2-v2,102,"The nurse had pressed the button above the bed to call for a supplies restock. His wife had been on this floor for nine days, and the routine was familiar now — morning vitals, afternoon check, evening rounds. The nurse adjusted the IV line and noted the readings on her tablet. Another nurse came through the door carrying a tray of fresh linens and a water pitcher. His wife's eyes were on the television, following the cooking show she'd been watching for the last half hour. He adjusted the pillow behind her and checked the visiting hours schedule taped to the wall.",neutral,P_terror-d2-v2,terror,T_terror-d2-v2,4.188490445093171,4.487811520322514,4.0696476879010985,1,1,1,0.007865955727434499,3.931528563199997,4.354459636093562,3.945343706620398,1,1,1,0.008089174438809044,4.259515187546576,4.4784962285575025,4.065229121718431,1,1,1,0.009224486899716779
N-terror-d2-c3,neutral,none,2.0,Medical-Crisis-Matched (Hospital/Clinical Settings),B-terror-d2-v3,111,"She was twenty-six weeks along and the midwife had recommended she start timing the practice contractions. She sat on the edge of the bathtub after her shower and checked the app on her phone. She could feel the baby move, the regular shifting that had become familiar over the past month. Her hospital bag was in the bedroom closet, packed since last week. She stood up and wrapped the towel around her shoulders. The car keys were on the hook by the front door. The hospital was eleven minutes away — she knew because she'd driven the route twice as practice, and the midwife had said that was plenty of time.",neutral,P_terror-d2-v3,terror,,4.29793393424472,4.60726065934397,4.109252544491292,1,1,1,0.009029320461373093,4.015230765513746,4.444732714910929,4.0275174828466165,1,1,1,0.008912559540623663,4.180379381076829,4.45335227303479,4.049094765248725,1,1,1,0.010266891331164959
N-terror-d2-c4,neutral,none,2.0,Medical-Crisis-Matched (Hospital/Clinical Settings),B-terror-d2-v4,105,"The allergist had said the test would take about twenty minutes. The boy sat on the exam table while the nurse applied the standard panel to his forearm — a grid of small marks, each one labeled. His father stood next to him and watched the nurse note the time. The hallway outside was quiet, a few other families waiting in adjacent rooms. He looked at the boy's arm after ten minutes. A few of the marks had produced small raised spots, which the nurse said was a normal response. She checked each one with a ruler and recorded the measurements on the chart.

---",neutral,P_terror-d2-v4,terror,,4.034001060951419,4.25564215552489,4.0567155241121275,1,1,1,0.008538283477684695,3.787996725179134,4.1619663172294965,3.9236782176269607,1,1,1,0.006592936779296977,3.750067556784473,4.13203937892474,4.017310065299824,1,1,1,0.007467114412739929
N-terror-d3-c1,neutral,none,3.0,Psychological-Threat-Matched (Domestic/Communication Settings),B-terror-d3-v1,106,"The third letter was from the neighborhood association, like the others. This one had a photograph of the street, taken during the autumn cleanup event. The timestamp on the back showed it was from three weeks ago. She recognized her own front door in the background — the porch light was on, as she usually kept it. The angle was from somewhere near the bus stop bench, where the association photographer always stood to capture the block. She walked to the window to check if the recycling bins were at the curb. The bench across the street was empty. The next association meeting was on Thursday.",neutral,P_terror-d3-v1,terror,T_terror-d3-v1,4.077054553815706,4.4865277605011835,4.060923070842388,1,1,1,0.007815619365260856,3.8851810719403854,4.374700683278126,3.864687900266062,1,1,1,0.007437835725594376,3.797644564914176,4.338809761685866,3.9281062137009535,1,1,1,0.006119337287062535
N-terror-d3-c2,neutral,none,3.0,Psychological-Threat-Matched (Domestic/Communication Settings),B-terror-d3-v2,96,"He had checked the locks as part of his evening routine. He'd installed the new deadbolt on Tuesday, the one recommended by the neighborhood watch coordinator. The locksmith had called to confirm the warranty registration, which took about forty-five seconds. The lock met the updated building code specifications. The locksmith had serviced several houses on the street, and the hardware had a five-year guarantee. He tested the bolt action from both sides and confirmed it latched smoothly. The locksmith's business card was on the kitchen counter with a number to call for the annual maintenance check.",neutral,P_terror-d3-v2,terror,T_terror-d3-v2,3.952058398031084,4.444685635838615,4.235563983721542,1,1,1,0.00939115140740826,3.9410898480083283,4.307925914359812,4.073346622469749,1,1,1,0.008940850050050644,4.007238090919987,4.400120529968592,4.169961413739161,1,1,1,0.010215922865855992
N-terror-d3-c3,neutral,none,3.0,Psychological-Threat-Matched (Domestic/Communication Settings),B-terror-d3-v3,104,"The notification said her home security camera had detected motion at 7:12 a.m. She opened the app. The footage showed the front porch. The mail carrier stood at the door, scanning a package barcode. The timestamp ran for about forty seconds. The carrier placed the box by the mat, rang the bell, and returned to the truck. She scrolled through the week's activity log. Tuesday, 7:05 a.m. — another delivery. Saturday, 9:30 a.m. — the lawn service crew arriving. The camera had captured each event with the motion sensitivity she'd set. She made a note to adjust the detection zone to exclude the sidewalk.",neutral,P_terror-d3-v3,terror,,3.9103422119181674,4.4553527244770095,4.037654509684254,1,1,1,0.0078112507817312046,3.803615554478538,4.383870889624621,3.9159492361524917,1,1,1,0.007380557938184359,3.977607597595866,4.330054716906248,4.026373704239589,1,1,1,0.007842194934927441
N-terror-d3-c4,neutral,none,3.0,Psychological-Threat-Matched (Domestic/Communication Settings),B-terror-d3-v4,102,"The messages had started after she signed up for the neighborhood alert service. One a day at first, then more frequently during the busy season. The phone number was the same automated system. The content was informational. ""Street cleaning scheduled for Fourth Street on Thursday."" ""The restaurant at Main and Oak will be closed for renovation."" ""School zone speed cameras active at 3:15 p.m. daily."" The last one was a reminder she'd found useful during pickup time. She adjusted her route the next week to avoid the construction zone. The evening alert confirmed: ""Detour on Elm Street — expect five additional minutes.""",neutral,P_terror-d3-v4,terror,,4.006976838610528,4.3556394094692354,4.018046783960272,1,1,1,0.007211819419118062,3.9961617122071456,4.254752994408161,3.965959189115523,1,1,1,0.00671379363377608,3.9060176624313483,4.284046775032087,4.0177223045879495,1,1,1,0.007367989271147631
N-ecstasy-d1-c1,neutral,none,1.0,Achievement-Matched (Professional/Competitive Settings),B-ecstasy-d1-v1,110,"The email confirmed receipt of her grant application. ""The committee will review all submissions by March 15."" She read it and noted the date in her calendar. The lab was empty because it was 6 a.m. and she'd come in early to catch up on paperwork. She checked the submission portal to verify the attachments had uploaded correctly. All four documents showed a green checkmark. She walked to the window and opened it to let in some air — the ventilation system didn't start until seven. She picked up her phone and texted her colleague that the application had gone through, then turned to the stack of ungraded lab reports.",neutral,P_ecstasy-d1-v1,ecstasy,T_ecstasy-d1-v1,3.9868463116568025,4.421275227382557,3.9666485921565338,1,1,1,0.007384635140545014,3.9006962599698856,4.337745869632125,3.8658914356161693,1,1,1,0.007712761884409214,3.958431445950861,4.418559868845388,3.9415280733765297,1,1,1,0.007491806247237378
N-ecstasy-d1-c2,neutral,none,1.0,Achievement-Matched (Professional/Competitive Settings),B-ecstasy-d1-v2,92,"His name was on the roster for the next testing session. He confirmed the date and room number and noted that the format had changed from the previous year — two sections instead of three. He had been preparing for several months, using the study materials his colleague had recommended. His wife had helped him organize the schedule, blocking off evenings after their daughter's bedtime. The roster listed forty-three candidates for this session. He took a photograph of the posting for his records, then checked the parking information for the testing center.",neutral,P_ecstasy-d1-v2,ecstasy,T_ecstasy-d1-v2,4.048739978699639,4.547699186875515,4.200119880308564,1,1,1,0.008328713808556284,3.7791046679996434,4.399683421301153,4.012709072602348,1,1,1,0.008472025727839914,3.8041358613342053,4.425191504818631,4.094529149566439,1,1,1,0.007756918894206503
N-ecstasy-d1-c3,neutral,none,1.0,Achievement-Matched (Professional/Competitive Settings),B-ecstasy-d1-v3,105,"The final time on the clock was 4:12:07. She noted it and looked across to her coach, who was writing in his notebook. She had run this distance regularly throughout the season, and today's time was consistent with her recent training splits. The conditions had been good — low wind, moderate temperature. The time would be logged in the federation database alongside the other competitors' results. She walked to the barrier and picked up her water bottle, then stretched her calves against the railing. Her coach showed her the split times he'd recorded for each lap, and they discussed the pacing for the next meet.",neutral,P_ecstasy-d1-v3,ecstasy,,4.056951327045034,4.6064198148247595,4.349298203299775,1,1,1,0.006992461078806911,3.8594909403672983,4.508590340832896,4.275903263559219,1,1,1,0.007210164335369041,3.9060813937318057,4.423637204862403,4.316059019215821,1,1,1,0.006432761373021344
N-ecstasy-d1-c4,neutral,none,1.0,Achievement-Matched (Professional/Competitive Settings),B-ecstasy-d1-v4,100,"The jury had reviewed the entries over two days. The foreman collected the scoring sheets and handed them to the clerk for tabulation. The clerk read through each category and the corresponding point totals. The room waited while the final scores were calculated. He sat in his chair and reviewed the program, noting which categories had the most entries this year. He had fired the kiln several times during the preparation period, testing different glaze temperatures as documented in his notebook. The awards would be announced after the lunch break, and the exhibition would remain open through the weekend.

---",neutral,P_ecstasy-d1-v4,ecstasy,,3.9107619775720686,4.705838191415584,4.60329259920955,1,1,1,0.005601217029376533,3.9244121804821015,4.622813018014062,4.50593936191498,1,1,1,0.006166428002484905,3.905972533067157,4.774446191541222,4.746872319235869,1,1,1,0.005495345361623784
N-ecstasy-d2-c1,neutral,none,2.0,Connection-Matched (Interpersonal/Domestic Settings),B-ecstasy-d2-v1,107,"The gate opened and she checked the arrival board. The flight from Denver had landed twelve minutes ahead of schedule. She moved to the designated meeting area and held up the printed sign with his name on it. He was a colleague she'd only met over video conference — they'd be collaborating on-site for the next two weeks. He came through pulling a roller bag, saw the sign, and walked over. They shook hands and she offered to carry one of his bags. The parking garage was on level two. She asked about the flight, and he said the connection in Chicago had been tight but manageable.",neutral,P_ecstasy-d2-v1,ecstasy,T_ecstasy-d2-v1,4.267797738215338,4.572127432996104,4.054871015651694,1,1,1,0.007873114751764177,4.141687126711133,4.487617508491527,3.9891054983934717,1,1,1,0.007341234393976538,4.1187038273414105,4.525753908740219,4.069345388099158,1,1,1,0.007132718294186497
N-ecstasy-d2-c2,neutral,none,2.0,Connection-Matched (Interpersonal/Domestic Settings),B-ecstasy-d2-v2,94,"The letter was from the homeowner's association. She opened it at the mailbox and scanned the contents. The second paragraph confirmed the annual assessment amount, unchanged from last year. She and her wife had owned the house for twenty-seven months. The process of buying had involved inspections, appraisals, title checks, insurance reviews, and several rounds of paperwork with the mortgage company. The spare bedroom down the hall was currently set up as a home office. The letter also included the schedule for the annual neighborhood meeting and a reminder about the updated parking regulations.",neutral,P_ecstasy-d2-v2,ecstasy,T_ecstasy-d2-v2,3.907000633492007,4.434160192430549,4.188598944832999,1,1,1,0.008507161276232593,3.889392547247707,4.380601057342258,4.074441113766317,1,1,1,0.007825182738102593,3.9524149752316386,4.51874611215615,4.261084000635525,1,1,1,0.008578287904615641
N-ecstasy-d2-c3,neutral,none,2.0,Connection-Matched (Interpersonal/Domestic Settings),B-ecstasy-d2-v3,104,"He had not spoken to his colleague in about a year, since the reorganization. The call came on a Tuesday. His colleague said he was in the area for a conference and asked if he wanted to meet for lunch. He suggested the diner on the corner, the one near the old office. They met at noon. His colleague's hair was shorter than he remembered. They ordered the same thing they used to order during the weekly team lunches. The conversation covered the new department structure, a few mutual contacts who had moved to other companies, and the parking situation at the conference venue.",neutral,P_ecstasy-d2-v3,ecstasy,,3.958311154716159,4.365758042165895,4.047909893637998,1,1,1,0.007101421588430888,3.8278858028104272,4.317020861585028,3.8988254733730323,1,1,1,0.007155973597688817,3.8006707574266745,4.284085493215161,4.004934134100573,1,1,1,0.007649698984632991
N-ecstasy-d2-c4,neutral,none,2.0,Connection-Matched (Interpersonal/Domestic Settings),B-ecstasy-d2-v4,110,"The girl had eaten lunch in the cafeteria every day since the start of the term. The tables were assigned by grade, and she sat in the section nearest the windows. On Monday, the cafeteria introduced a new rotation of menu options. She chose the pasta. The notebook on the table was for her afternoon science class — it had a standard cover from the school supply list. She ate lunch and reviewed the vocabulary list for the quiz after lunch. The tables filled in their usual pattern. She finished eating, returned her tray to the rack, and walked to her locker to swap her notebooks before the bell.

---",neutral,P_ecstasy-d2-v4,ecstasy,,4.086442426674185,4.249403277624792,3.8430121717409,1,1,1,0.007693029114426403,3.9160078754501577,4.16179249210198,3.7981644874507685,1,1,1,0.00741848491926909,3.9794821099495654,4.17224509862311,3.8259761866733037,1,1,1,0.006688840679351689
N-ecstasy-d3-c1,neutral,none,3.0,Discovery-Matched (Research/Exploration Settings),B-ecstasy-d3-v1,97,"He had been reviewing the data for three days, preparing the quarterly summary. The trends matched the previous quarter's projections. He built the standard visualizations — bar charts for the monthly totals, a line graph for the year-over-year comparison. The formatting matched the template the department used for all client reports. He checked the axis labels and the legend placement. He saved the file and walked to the printer to collect the hard copies. The report was due by Friday, which gave him a day to incorporate any feedback from the review meeting scheduled for Thursday afternoon.",neutral,P_ecstasy-d3-v1,ecstasy,T_ecstasy-d3-v1,4.0510806397110075,4.761797443782107,4.456829980431845,1,1,1,0.007910816151485188,4.035425911493346,4.6769442222979665,4.3748901839251175,1,1,1,0.00734795072881704,4.1195593791786305,4.789948662802959,4.544634598131321,1,1,1,0.007343148033105313
N-ecstasy-d3-c2,neutral,none,3.0,Discovery-Matched (Research/Exploration Settings),B-ecstasy-d3-v2,101,"She had been diving the same reef for twenty years as part of the annual marine survey. The tide was at the predicted level for this time of year. She followed the standard transect line, recording fish species counts and coral coverage percentages on her underwater slate. The visibility was typical for the season — about fifteen meters. She noted the presence of the usual indicator species at each survey point. She had forty minutes of air remaining, which was on track for the planned dive profile. She completed the final transect and began her ascent at the standard safety rate.",neutral,P_ecstasy-d3-v2,ecstasy,T_ecstasy-d3-v2,4.267365224913795,4.61304735641318,4.334888939638048,1,1,1,0.010248159368729021,4.076105897774092,4.444041778405227,4.1892025080026665,1,1,1,0.009745412769090708,4.195737320997612,4.529527189099213,4.243220693433131,1,1,1,0.011058694860173636
N-ecstasy-d3-c3,neutral,none,3.0,Discovery-Matched (Research/Exploration Settings),B-ecstasy-d3-v3,97,The telescope had been pointed at the same region for four months as part of the standard sky survey. The spectrograph data was accumulating on schedule. She ran the calibration check and confirmed the instrument was within normal parameters. The signal-to-noise ratio matched the expected range for this target at this integration time. She saved the latest data batch and added it to the archive folder. Her colleague stopped by to check the observation log. They reviewed the schedule for the remaining survey targets and confirmed the telescope would be repositioned on Thursday for the next field.,neutral,P_ecstasy-d3-v3,ecstasy,,4.232947090296673,4.693217444588628,4.466728646166159,1,1,1,0.00940158069035562,4.161697212963716,4.639498774800769,4.369428857781817,1,1,1,0.010318512572447114,4.232797456617932,4.68206315985336,4.41461366127942,1,1,1,0.007442019157284286
N-ecstasy-d3-c4,neutral,none,3.0,Discovery-Matched (Research/Exploration Settings),B-ecstasy-d3-v4,109,"The archaeologist had been working the same grid square for six weeks, following the site's standard excavation protocol. Clay layers alternated with stone deposits, consistent with the geological survey from the planning phase. He used the medium-gauge brush for the upper sediment and switched to the fine brush for the contact layer. The soil samples were bagged and labeled by depth. He measured the exposed area against the grid coordinates and recorded it in the field log. The team was working adjacent squares at the same pace. He called across to his colleague to confirm they were at the same depth marker, then continued brushing at the standard rate.",neutral,P_ecstasy-d3-v4,ecstasy,,4.054680049654979,4.574512952664833,4.01506022744109,1,1,1,0.00885056463328985,3.8638813463024717,4.421362059307966,3.980482304327948,1,1,1,0.00958802168096015,3.8221667921130456,4.387202736042603,3.949792172824539,1,1,1,0.007805628384881233
N-loathing-d1-c1,neutral,none,1.0,Moral-Disgust-Matched (Institutional/Professional Settings),B-loathing-d1-v1,88,"The charity's annual report showed that the majority of each dollar was distributed across program areas as outlined in the budget. The remainder covered standard operating costs: office leases, staff salaries, accounting services. The director's travel records were filed with the expense reports — economy flights, standard hotels near the regional offices. One receipt was for a working dinner with the local program coordinator. The director's signature was on the expense report and the quarterly summary. The annual audit had been completed and filed with the regulatory body.",neutral,P_loathing-d1-v1,loathing,T_loathing-d1-v1,3.8504603224453473,4.52748057298303,4.407635356531294,1,1,1,0.00859380844548598,3.8436883763554,4.487985169874488,4.265315521416327,1,1,1,0.007444985134433522,3.8974677614942888,4.577006857768328,4.439852104762328,1,1,1,0.007670966441783688
N-loathing-d1-c2,neutral,none,1.0,Moral-Disgust-Matched (Institutional/Professional Settings),B-loathing-d1-v2,91,"The factory had passed inspection every year for a decade. The inspector was assigned through the standard regional rotation. The inspection records were in the public database, cross-referenced with the facility's maintenance logs. The workers' medical claims were tracked through the company's occupational health program. The factory's ventilation system had been upgraded according to the maintenance schedule, with each unit's installation date and serial number documented. A photograph of the ventilation system, taken during the most recent inspection, showed the current model, installed in 2022, with the updated compliance certification attached.",neutral,P_loathing-d1-v2,loathing,T_loathing-d1-v2,3.9659865719362704,4.602828727783549,4.369445597241017,1,1,1,0.008847007841336853,3.9139656220686465,4.47003304504346,4.17577194390651,1,1,1,0.009587024862494088,3.896512897451571,4.547150345437085,4.349397661008188,1,1,1,0.007973764713834468
N-loathing-d1-c3,neutral,none,1.0,Moral-Disgust-Matched (Institutional/Professional Settings),B-loathing-d1-v3,91,"The nursing home had maintained its rating across three review platforms. The staff-to-resident ratio was listed on the website and matched the figures in the most recent state filing. The filing also contained the meal logs, which aligned with the posted weekly menu — grilled chicken on Mondays, a vegetable rotation based on seasonal availability, and fruit with breakfast. The kitchen's purchase orders reflected the menu items, sourced through the regional food distributor. The reviews on the platform included feedback from families and residents, submitted through the facility's post-visit survey links.",neutral,P_loathing-d1-v3,loathing,,4.170512946184271,4.780733090344944,4.508161506697528,1,1,1,0.008717001606120501,4.066660970158639,4.645264955290205,4.372536188603697,1,1,1,0.008243125498555798,4.151630740895678,4.774406146336649,4.534959838365222,1,1,1,0.0077986035098993245
N-loathing-d1-c4,neutral,none,1.0,Moral-Disgust-Matched (Institutional/Professional Settings),B-loathing-d1-v4,103,"He had mentored her for three years through the department's formal advising program. He had written her recommendation letters for the fellowship applications. He had introduced her at the conference as part of the research group's panel. The patent filing listed both their names, along with the two other team members who had contributed to the design phase. The work was a group effort — the design originated in a brainstorming session, the prototype was built by the engineering staff, and the testing data was compiled by the lab's research assistants. The filing had been reviewed by the university's technology transfer office.

---",neutral,P_loathing-d1-v4,loathing,,3.9365422448968292,4.511681582183817,4.128373456161558,1,1,1,0.00882794945921889,3.7119052532496086,4.361986760842031,3.930762200867286,1,1,1,0.008625251972394539,3.628811836426162,4.394470416486855,4.011548797487986,1,1,1,0.00717327729120207
N-loathing-d2-c1,neutral,none,2.0,Visceral-Revulsion-Matched (Domestic/Environmental Settings),B-loathing-d2-v1,98,"The apartment had been vacant for two weeks during the turnover period. The previous occupant had moved out on schedule, and the cleaning crew had been through the unit. The kitchen counter was cleared, with a few scuff marks that would be covered by the new shelf liner. The refrigerator door was slightly open, propped with a folded towel to prevent odor buildup — standard procedure between tenants. She stepped inside and checked each room against the move-in inspection checklist. The floors had been cleaned. She noted the counter scuffs on the form and continued to the bathroom.",neutral,P_loathing-d2-v1,loathing,T_loathing-d2-v1,3.9109539722687554,4.380905728825298,4.181694491108464,1,1,1,0.009959110183409736,3.8555356232661198,4.257864288740853,4.030602029388229,1,1,1,0.008403792980509714,3.865317383063657,4.30067842962849,4.088781878188237,1,1,1,0.00871958331858722
N-loathing-d2-c2,neutral,none,2.0,Visceral-Revulsion-Matched (Domestic/Environmental Settings),B-loathing-d2-v2,107,"The restaurant kitchen was visible through a window in the hallway leading to the restroom. He glanced in as he passed. The cutting boards were color-coded — green for vegetables, red for meat — lined up along the stainless steel counter. The floor near the sink was wet from the wash-down between service rounds. A container of olive oil was open on the prep station, next to a row of measured ingredients for the next course. He walked back to the table. His plate had arrived while he was away. The presentation matched the description on the menu. He unfolded his napkin and picked up his fork.",neutral,P_loathing-d2-v2,loathing,T_loathing-d2-v2,4.156538261411834,4.529589118608153,4.002087927500764,1,1,1,0.006236546438548262,4.154036999000074,4.498112772134067,3.9987058857765017,1,1,1,0.006521946481691429,4.097576855103322,4.4666511663985,4.005100169969931,1,1,1,0.006453525077543567
N-loathing-d2-c3,neutral,none,2.0,Visceral-Revulsion-Matched (Domestic/Environmental Settings),B-loathing-d2-v3,119,"The water from the tap had been consistent since they moved in three years ago. The annual quality report from the utility company arrived in the mail, as it did each spring. The mineral content was within the standard range for the region. The technician came for the scheduled maintenance check on the water heater and ran a sample as part of the routine. He held the glass up to the window to check for clarity, which was standard procedure. The sample looked the same as the previous year's. He noted the reading on his form and recommended they replace the filter cartridge, which was due based on the manufacturer's timeline. The replacement was available at the hardware store.",neutral,P_loathing-d2-v3,loathing,,4.278945367308012,4.543771677676436,4.345442245467201,1,1,1,0.01143873333313423,4.063888004195238,4.404483388876611,4.14632065167194,1,1,1,0.011065808749545493,4.218681295216104,4.466227669462818,4.235710289455894,1,1,1,0.01048105356108413
N-loathing-d2-c4,neutral,none,2.0,Visceral-Revulsion-Matched (Domestic/Environmental Settings),B-loathing-d2-v4,103,"The hotel room had been prepared for the next guest according to the standard turnover checklist. She pulled back the bedspread to check the linens — the sheets were fresh, with the laundry's fold creases still visible. The pillows had been replaced with the hypoallergenic option she'd requested at booking. The sink in the bathroom was dry, with the complimentary toiletries lined up on a tray. The towels were folded on the rack, each one sealed in a paper band from the laundry service. She set her suitcase on the luggage stand, hung her coat in the closet, and checked the thermostat.

---",neutral,P_loathing-d2-v4,loathing,,3.980489547628413,4.47877397744357,4.021883013152015,1,1,1,0.006969931645256,3.838354752812031,4.309960276526078,3.944108495959992,1,1,1,0.006314457021018473,3.7929909437702074,4.333557710644771,4.022276595532689,1,1,1,0.006641401523039879
N-loathing-d3-c1,neutral,none,3.0,Social-Betrayal-Matched (Public Figure/Institutional Settings),B-loathing-d3-v1,97,"The pastor had led the Sunday service for twelve years. He had organized the community outreach program and coordinated with local organizations for the annual food drive. He had met with congregants during office hours and facilitated the weekly discussion groups. The photographs were from the church's social media account, managed by the communications volunteer. They showed the pastor at community events in three different neighborhoods — the food pantry, the school partnership program, and the interfaith council meeting. The most recent post was from two days before Sunday service, showing the setup for the holiday bazaar.",neutral,P_loathing-d3-v1,loathing,T_loathing-d3-v1,4.164137047446255,4.703044877075984,4.232548802036156,1,1,1,0.007174489342919812,4.050180095344999,4.569130541494897,4.086641449566736,1,1,1,0.0068856623266376135,4.09884169826782,4.645111746150486,4.163593577296989,1,1,1,0.007579515735226249
N-loathing-d3-c2,neutral,none,3.0,Social-Betrayal-Matched (Public Figure/Institutional Settings),B-loathing-d3-v2,88,"The politician had served three terms on the regional council. Her platform included infrastructure improvement, and she had sponsored two amendments to the transportation budget. Her voting record was public and reflected a consistent position on municipal spending priorities. Her financial disclosures were filed annually with the ethics board, listing her income sources and any outside consulting work. Her consulting firm, which predated her political career, provided services to several municipal contractors. The firm was registered to a commercial office park on the east side of the district.",neutral,P_loathing-d3-v2,loathing,T_loathing-d3-v2,3.927098972422935,4.537450268703083,4.484440550248362,1,1,1,0.0073082489572408775,3.8591881617473733,4.476092131151822,4.2874221912794805,1,1,1,0.009657582022063566,3.787800762182437,4.48492863925757,4.385098299163451,1,1,1,0.008554307926155018
N-loathing-d3-c3,neutral,none,3.0,Social-Betrayal-Matched (Public Figure/Institutional Settings),B-loathing-d3-v3,96,"The wellness brand had three million followers across its social media platforms and a product line that included soaps, supplements, and skincare. The marketing featured images of the ingredients — plant extracts, mineral compounds, essential oils — alongside the manufacturing process. The production facility was documented in the company's transparency report, which included facility photographs and supply chain certifications. The soaps were manufactured at a contract facility that also produced for twelve other consumer brands. The supplements contained compounds listed by their standard names on the label, in compliance with the regulatory requirements for the category.",neutral,P_loathing-d3-v3,loathing,,4.157351818753205,4.769326605836199,4.493821123458371,1,1,1,0.00664941883053324,4.15923274837581,4.728053692905271,4.404502631794198,1,1,1,0.008202289563651866,4.3223412215596815,4.829074485045811,4.560922782600665,1,1,1,0.00795995433186036
N-loathing-d3-c4,neutral,none,3.0,Social-Betrayal-Matched (Public Figure/Institutional Settings),B-loathing-d3-v4,96,"The judge had handled forty-three cases in the drug court division over two years, following the sentencing guidelines established by the judicial council. The guidelines specified ranges based on substance classification and quantity, with provisions for mitigating factors. Her rulings were consistent with the published benchmarks for the district. Her son worked as a paralegal in a different county, which was standard practice to avoid conflicts of interest. The judicial council reviewed sentencing data annually and published a summary report. The judge's caseload for the coming quarter included a mix of new filings and scheduled reviews.",neutral,P_loathing-d3-v4,loathing,,3.888893993796921,4.5139743577664815,4.338622561195666,1,1,1,0.007481903145231101,3.9057696302703624,4.426213901453213,4.21646688910074,1,1,1,0.009120062134948679,3.951328271093771,4.574752461391382,4.358294813198171,1,1,1,0.008318725346156599
N-amazement-d1-c1,neutral,none,1.0,Natural-Phenomenon-Matched (Outdoor/Environmental Settings),B-amazement-d1-v1,116,"She had pulled over because the road was too dark to drive safely. When she got out of the car to check the tires, she looked up. The sky was clear, with the usual scattering of stars visible away from the city. She had checked the weather forecast before leaving, and the conditions matched — no cloud cover, low humidity. The visibility was typical for this latitude and time of year. She could identify the standard constellations and the brighter planets near the horizon. She walked around the car, confirmed the tires were fine, and checked her phone for the remaining distance. A car passed in the other lane. She got back in and continued driving.",neutral,P_amazement-d1-v1,amazement,T_amazement-d1-v1,4.247738611297092,4.498717191113355,4.299164778048418,1,1,1,0.007907626673462257,3.8856397411708934,4.372492889149253,4.115974607332956,1,1,1,0.0073940763112255855,4.071847588351613,4.4031418045831545,4.210035147898135,1,1,1,0.00781587386961598
N-amazement-d1-c2,neutral,none,1.0,Natural-Phenomenon-Matched (Outdoor/Environmental Settings),B-amazement-d1-v2,119,"The boat had been in open water for six hours before they reached the survey coordinates. The sonar was tracking depth and bottom contour as part of the standard coastal mapping project. He noted the readings on the log — consistent with the charts for this section, about forty meters to the seabed. A spray of water hit the deck from a wave that broke against the hull. He could see the surface chop clearly in the midday light. He checked the GPS and confirmed they were on the planned transect line. The boat held position for twelve seconds while the sonar completed its sweep. He noted the coordinates and signaled the captain to proceed to the next waypoint.",neutral,P_amazement-d1-v2,amazement,T_amazement-d1-v2,4.2363270696142115,4.678650945429216,4.237400178420331,1,1,1,0.008466751734991404,3.9238473143553723,4.532118765503259,4.04225281133278,1,1,1,0.007544347771692325,4.085284917664451,4.561277016392779,4.1295958798971855,1,1,1,0.008389587749962693
N-amazement-d1-c3,neutral,none,1.0,Natural-Phenomenon-Matched (Outdoor/Environmental Settings),B-amazement-d1-v3,119,"The canyon was part of the national park system, managed by the regional office. She checked the sign at the overlook for the trail information — distance markers, elevation change, estimated hiking time. The sign also listed the geological layers visible from this point, with corresponding dates. The layers were color-coded on the interpretive diagram: red for the older formations, lighter shades for the more recent deposits. The opposite rim was visible across the distance, with another overlook station marked on her trail map. A bird circled in the air currents near the cliff face. She took a photo for her trip log and checked the time to make sure she'd reach the next waypoint before the shuttle returned.",neutral,P_amazement-d1-v3,amazement,,4.050826983955666,4.698910861039184,4.252188350082472,1,1,1,0.006389076167828827,3.982028324201553,4.6225437762374675,4.105164410811888,1,1,1,0.007405067799493097,4.142813572740062,4.641426815095103,4.293160060771138,1,1,1,0.007193146145471959
N-amazement-d1-c4,neutral,none,1.0,Natural-Phenomenon-Matched (Outdoor/Environmental Settings),B-amazement-d1-v4,118,"The tide had been going out steadily all morning, as the charts predicted for this stretch of coast. The water retreated past the high-tide mark, exposing the rocks and tidal pools that appeared twice daily. Shells and stones were scattered across the wet sand, typical for this time of year. A few small fish darted in the remaining pools. The exposed seabed extended about a hundred meters, consistent with the spring tide cycle. The people on the beach were walking along the waterline, some collecting shells, others photographing the rock formations. A few had tide charts printed from the park's website. The water would return on the published schedule, reaching the high-tide line again by early evening.

---",neutral,P_amazement-d1-v4,amazement,,3.8778522982751054,4.497301526679259,4.026839235047554,1,1,1,0.0065045083522597465,3.8420172417447556,4.336555597986763,3.9121321751947242,1,1,1,0.006410319967194046,3.7408602897509606,4.417155048520911,3.996520295529316,1,1,1,0.0053128881808658865
N-amazement-d2-c1,neutral,none,2.0,Human-Capability-Matched (Emergency/Performance Settings),B-amazement-d2-v1,115,"The building was undergoing a scheduled fire drill from the fourth floor up. The crowd of employees gathered at the designated assembly point behind the barrier. A safety officer on the fifth floor signaled from the window that the floor had been cleared. The fire marshal went through the front entrance to verify the evacuation timeline. He appeared at each floor in sequence, checking the stairwells and marking his clipboard. The employees came down the main staircase in the order specified by the evacuation plan. The marshal exited the building and noted the total elapsed time. He was wearing his standard-issue vest and carrying a clipboard. The building was cleared in under the target time.",neutral,P_amazement-d2-v1,amazement,T_amazement-d2-v1,4.017244129466108,4.367464854751282,3.9602630095492453,1,1,1,0.00869063538667309,3.8682510471349083,4.27376875747461,3.8521283099324104,1,1,1,0.008253450870247736,3.8177980165634824,4.247910969135379,3.8713330234545977,1,1,1,0.008650082928870474
N-amazement-d2-c2,neutral,none,2.0,Human-Capability-Matched (Emergency/Performance Settings),B-amazement-d2-v2,112,"The pianist had been performing with this orchestra for nine years. The program listed the piece as a concerto from the standard repertoire. The audience read the program notes, which included background on the composer and the performance history. She sat down and placed both hands on the keys. The orchestra began the introduction, and she entered at the marked measure. The performance followed the score — the left hand carrying the bass line, the right hand the melody, with the standard dynamic markings observed throughout. The audience followed along, some with printed programs. The last note ended and the applause began promptly, followed by the customary standing acknowledgment from the soloist.",neutral,P_amazement-d2-v2,amazement,T_amazement-d2-v2,4.311351001752053,4.682897169009589,4.4683676376460735,1,1,1,0.008139831179335748,3.9989453151961887,4.505634942960821,4.252148807293741,1,1,1,0.007901139656303787,4.2000017793336415,4.670193922800526,4.442481812234977,1,1,1,0.009059021914731421
N-amazement-d2-c3,neutral,none,2.0,Human-Capability-Matched (Emergency/Performance Settings),B-amazement-d2-v3,125,"The boat had returned to the harbor at the scheduled time after a routine trip along the coast. There were six people aboard. The nearest coast guard station was about forty-five minutes up the shoreline. A fishing boat was already docked when they arrived. The fisherman helped tie the mooring lines as they pulled in. He was sixty-three years old and had been fishing from this harbor for decades. His boat was nine meters long with standard rigging. He passed a rope across, and the group stepped onto the dock one at a time. The last person handed over the cooler. The fisherman waved and walked back to his boat to sort the day's equipment before heading to the harbor office to log his return.",neutral,P_amazement-d2-v3,amazement,,4.397918562727456,4.681576333618203,4.1700451558038285,1,1,1,0.008190762276055506,4.171679504028622,4.4595749016042925,4.008799414837347,1,1,1,0.0069848383369269205,4.18181830485945,4.532490722316881,4.048718836682276,1,1,1,0.007429748456165479
N-amazement-d2-c4,neutral,none,2.0,Human-Capability-Matched (Emergency/Performance Settings),B-amazement-d2-v4,126,"The girl was seven years old and had been at the outdoor education camp for three days. The program teams followed the daily activity grid. The group had walked the nature trail by the river that morning. On the fourth morning, a counselor led the group into a section of forest that was part of the scheduled orienteering course. They walked for two hours along the marked path, through terrain the coordinators had mapped with distance markers every quarter mile. They stopped at a hollow formed by two fallen trees, which was a designated rest point on the route. The girl had brought her water bottle and a granola bar. She sat on a log and said she wanted to finish the trail before lunch.

---",neutral,P_amazement-d2-v4,amazement,,4.285909383531585,4.588852132315216,4.00964846311856,1,1,1,0.007187539037422482,4.161677679087162,4.424415210665322,3.9145216868911255,1,1,1,0.007909372262509264,4.142811051697035,4.464352666158678,3.9720725696812313,1,1,1,0.005878549798021818
N-amazement-d3-c1,neutral,none,3.0,Intellectual-Revelation-Matched (Academic/Professional Settings),B-amazement-d3-v1,118,"He was a mechanic. He had gone to the lecture because his daughter was presenting her graduate research and he wanted to show support. The presentation covered her computational biology work, with slides showing data tables and process diagrams. He followed the general structure, though the technical terminology was outside his field. She put up a diagram of a system with labeled components and arrows indicating process flow. The audience asked questions during the Q&A period. He waited in the hallway afterward, and they walked to the parking garage together. She asked if the presentation had made sense, and he said he'd understood the main idea. They drove to the restaurant where they had a reservation for dinner.",neutral,P_amazement-d3-v1,amazement,T_amazement-d3-v1,4.160301045020368,4.415632359594155,3.9855433012427293,1,1,1,0.007172681437732935,3.901470700247826,4.318538443637206,3.8054593436222466,1,1,1,0.007284197771387597,4.047830575728268,4.292163081736906,3.873670942791412,1,1,1,0.006529679818528204
N-amazement-d3-c2,neutral,none,3.0,Intellectual-Revelation-Matched (Academic/Professional Settings),B-amazement-d3-v2,110,"The translator had been working on the manuscript for two years as part of the university's archive digitization project. The text was a merchant's inventory — lists of goods, quantities, and trade routes consistent with the period's known commerce patterns. She cross-referenced the entries with the existing catalog of similar documents from the same region. The quantities matched the standard trade volumes documented in previous scholarship. She noted the formatting conventions and added the manuscript to the database with the appropriate classification tags. The next section of the archive contained similar documents from the same period. She updated her progress log and moved to the next item in the queue.",neutral,P_amazement-d3-v2,amazement,T_amazement-d3-v2,3.673527755652235,4.338512754821166,3.9760850744478398,1,1,1,0.007442501669814945,3.5629555615184145,4.205286128157998,3.8528686966200087,1,1,1,0.007552151076603883,3.6408829197057733,4.222263346630415,3.927031265778111,1,1,1,0.006172788355200718
N-amazement-d3-c3,neutral,none,3.0,Intellectual-Revelation-Matched (Academic/Professional Settings),B-amazement-d3-v3,117,"The doctor had been treating the patient with a standard protocol that was proceeding on the expected timeline. The patient had been seen by two specialists during the course of treatment, both of whom confirmed the approach. She was reviewing the file ahead of the quarterly summary when she checked the blood work from the initial visit. The values were within the expected range and consistent with the most recent panel. She noted the trends in the chart — all markers moving in the projected direction. The diagnostic software confirmed the current protocol remained appropriate. She updated the file with the latest results and scheduled the next follow-up for the standard interval. The treatment plan remained unchanged.",neutral,P_amazement-d3-v3,amazement,,4.329312727720347,4.579674794719177,4.273383369799681,1,1,1,0.011495858087666531,4.083142315838524,4.45863210371521,4.179503150420758,1,1,1,0.010827123755426276,4.171344640850873,4.5262762129632,4.280709610296779,1,1,1,0.011346801302185773
N-amazement-d3-c4,neutral,none,3.0,Intellectual-Revelation-Matched (Academic/Professional Settings),B-amazement-d3-v4,111,"The student had asked the question during the Q&A portion of the visiting lecture. Several other students had also raised their hands, and the moderator called on them in order. She asked about the methodology behind the third equation on the second slide. The lecturer nodded and explained the derivation, pointing to the relevant terms. A few faculty members in the audience took notes. The lecturer answered two more questions from other students and wrapped up on schedule. Afterward, the student spoke briefly with the lecturer in the hallway. He recommended a textbook chapter that covered the topic in more detail. She noted the reference and walked to her next class.",neutral,P_amazement-d3-v4,amazement,,4.568012423947788,4.688218378810201,4.264989356900737,1,1,1,0.007267029058876642,4.457481782973042,4.636182313831838,4.215482106962028,1,1,1,0.007979490596791232,4.439411922923913,4.615184601830028,4.326825320576038,1,1,1,0.007025105196149889
N-admiration-d1-c1,neutral,none,1.0,Competence-Matched (Professional/Craft Settings),B-admiration-d1-v1,115,"The apprentice had been working with the glassblower for four years. In that time he had learned the standard techniques for pipe rotation, shaping, and annealing. Each session followed the guild's curriculum — foundational skills in the first year, intermediate forms in the second, and independent projects by the third. She demonstrated each technique at the standard pace, and he practiced until the results met the quality benchmarks. He had recorded several sessions on video for his portfolio, comparing his progress to the sample work in the guild archive. His skill had improved on the expected timeline. He was in his fourth year, and the next milestone was the journeyman assessment scheduled for the spring.",neutral,P_admiration-d1-v1,admiration,T_admiration-d1-v1,4.0341541060469694,4.555296842560093,4.232766450821087,1,1,1,0.013302324756497058,3.7855751406956064,4.369534149820838,3.9784759605826303,1,1,1,0.009160935387406451,3.9213836658748407,4.435842042265803,4.191453214543011,1,1,1,0.010773927828658414
N-admiration-d1-c2,neutral,none,1.0,Competence-Matched (Professional/Craft Settings),B-admiration-d1-v2,109,"The interpreter was working between two languages in the standard courtroom configuration. The defendant spoke in measured sentences, following the pattern the attorney had prepared. The interpreter rendered each sentence into English using the standard legal terminology, pausing at the natural breaks for the court reporter. The judge followed the transcript on the monitor. The attorneys referred to their notes during the testimony. The session proceeded at the expected pace for a case of this type. The interpreter had been certified for courtroom work for twelve years and had handled similar proceedings in this district before. The session concluded on schedule, and the transcript was filed with the clerk.",neutral,P_admiration-d1-v2,admiration,T_admiration-d1-v2,4.171974500590441,4.331724506425739,4.08183647803706,1,1,1,0.009526298705504291,4.113823962320981,4.248937867329158,4.025541405482071,1,1,1,0.010388457242157301,4.160541384447735,4.277396390848046,4.073924305600311,1,1,1,0.010170420065043694
N-admiration-d1-c3,neutral,none,1.0,Competence-Matched (Professional/Craft Settings),B-admiration-d1-v3,115,"The teacher had been at the school for thirty-one years. She taught sixth grade. Each year, she met the incoming students during the orientation session and reviewed their files from the previous year. She tracked progress using the district's standard assessment tools — quarterly benchmarks, reading levels, and math proficiency scores. The data was entered into the grading system and reviewed during parent-teacher conferences. She followed the curriculum guide provided by the department, adjusting the pacing to match the class average. Former students occasionally stopped by during school events. The school recognized her tenure with a certificate at the annual staff meeting, and she had accumulated the standard professional development credits for her salary level.",neutral,P_admiration-d1-v3,admiration,,4.245075545543597,4.648569695247564,4.468343761575454,1,1,1,0.010400889038332918,3.903431854287799,4.510617763760845,4.236077532223409,1,1,1,0.007682878258488995,4.098713676948233,4.538817793038603,4.415423216358106,1,1,1,0.0077631811229198575
N-admiration-d1-c4,neutral,none,1.0,Competence-Matched (Professional/Craft Settings),B-admiration-d1-v4,114,"The surgeon had been on staff for twenty-six years. His case outcomes were tracked in the department's database, consistent with the benchmarks for his specialty and experience level. The residents rotated through his operating room as part of the standard training schedule. His technique followed the established protocols, with the standard instrument set and the positioning guidelines documented in the department manual. He operated on the scheduled caseload, averaging three procedures per week during the regular season. The department had reviewed his performance at the annual credentialing meeting, and his privileges had been renewed on the standard cycle. His most recent case was logged and closed without variance from the expected recovery timeline.

---",neutral,P_admiration-d1-v4,admiration,,3.9572065862839825,4.503073514468546,4.154756250215183,1,1,1,0.009630319600554502,3.7032308326403753,4.327961264473344,3.9913330835431564,1,1,1,0.007612156085985828,3.7808745955068157,4.423337742641971,4.088592701904711,1,1,1,0.00820278226064334
N-admiration-d2-c1,neutral,none,2.0,Moral-Character-Matched (Professional/Institutional Settings),B-admiration-d2-v1,112,"The accountant had completed the annual audit of his firm's managed accounts. The review followed the standard compliance checklist, and the results were consistent with the previous year's findings. He filed the report with the regulatory body on schedule, as required. The accounts were balanced within the acceptable variance, and the client notifications were sent through the automated system. He had been with the firm for the duration of his career, and his performance reviews reflected steady, satisfactory work. The firm's revenue covered operating costs and staff salaries within the projected budget. He attended the quarterly compliance meeting and confirmed that the filing deadlines for the next period were on the calendar.",neutral,P_admiration-d2-v1,admiration,T_admiration-d2-v1,4.033286961524454,4.454608641239944,4.367341959844409,1,1,1,0.010737837720991265,3.9156012891620127,4.296192257287635,4.200627856902723,1,1,1,0.010325273689426121,3.970767956064916,4.441630182608986,4.368819334750055,1,1,1,0.01035584900625241
N-admiration-d2-c2,neutral,none,2.0,Moral-Character-Matched (Professional/Institutional Settings),B-admiration-d2-v2,109,"The woman had been a licensed foster care provider for twenty-two years. She worked within the standard placement system, coordinating with the caseworkers assigned to each child. She had hosted multiple placements over the years, following the guidelines for housing, meals, and educational support. Each placement had a case plan with documented milestones and transition timelines. She maintained the required records — medical appointments, school reports, behavioral notes — and submitted them to the agency on the regular schedule. The caseworker conducted home visits quarterly. The refrigerator had a calendar with appointment dates and a list of emergency contact numbers. Her license had been renewed on the standard cycle.",neutral,P_admiration-d2-v2,admiration,T_admiration-d2-v2,4.0625911220159,4.602356988324736,4.319992966481156,1,1,1,0.007949450541163357,3.859148331757106,4.451177728540394,4.151772811795459,1,1,1,0.00950441505590762,3.9048626729857823,4.542982344956277,4.296030800304529,1,1,1,0.009480217491755098
N-admiration-d2-c3,neutral,none,2.0,Moral-Character-Matched (Professional/Institutional Settings),B-admiration-d2-v3,120,"The journalist had been working on the story for several weeks. It was a mid-level feature for the metro section. The source was a government spokesperson who provided an official statement. Publishing the story with the statement was standard practice. The editor reviewed the draft and suggested minor revisions to the structure. The journalist revised the piece over two days and submitted the final version. It ran in the metro section on a Tuesday. The story was consistent with the publication's editorial standards. The journalist's colleagues read it and provided the usual feedback. The editor approved the next assignment, which was a follow-up piece on the same topic. The story was archived in the publication's database with the standard tags.",neutral,P_admiration-d2-v3,admiration,,3.9637063548945375,4.532543397259473,4.312687325915389,1,1,1,0.010014881229552745,3.894398515447628,4.426540227489484,4.175193621775248,1,1,1,0.01027498184295483,3.9550376993255694,4.404151552034448,4.2586648495880475,1,1,1,0.00831552372955592
N-admiration-d2-c4,neutral,none,2.0,Moral-Character-Matched (Professional/Institutional Settings),B-admiration-d2-v4,119,"The doctor had been at the clinic for nineteen years. He worked the standard schedule — four clinical days, one administrative day — and followed the staffing plan set by the department. The clinic was located in the hospital's community outreach wing, serving the surrounding neighborhoods. He saw patients on a rotating basis with the other physicians in the group. The department had offered him a seat on the scheduling committee, which he accepted. His patient load was within the standard range for his specialty. Some of the patients had been with the clinic since it opened. He attended the department meeting each month and filed his patient notes through the electronic records system on the standard timeline.

---",neutral,P_admiration-d2-v4,admiration,,4.057159262031557,4.505460031133216,4.09053607939081,1,1,1,0.009171686488741271,3.7078175808136855,4.356638284885682,3.9245636294867836,1,1,1,0.00798177784636996,4.026252244221112,4.492813527303809,4.057788981020128,1,1,1,0.008895725971130662
N-admiration-d3-c1,neutral,none,3.0,Resilience-Matched (Recovery/Personal Settings),B-admiration-d3-v1,109,"The woman had hired a contractor to repair the house after the flood. The water damage had affected the lower sections — flooring, lower walls, wiring, and plumbing. Insurance covered the standard remediation costs. The contractor was a licensed firm recommended by the insurance adjuster. The work followed the building code requirements for flood-damaged structures. It took approximately four months, which was within the typical timeline for this scope. The building inspector signed off on the final permit, and the wiring and plumbing met the current code specifications. Her neighbors had checked in during the construction period. She thanked them and said the contractor was handling everything on schedule.",neutral,P_admiration-d3-v1,admiration,T_admiration-d3-v1,4.295989762164354,4.535994665565461,4.265463946675964,1,1,1,0.009951342760035689,4.142812786324678,4.377612247849762,4.115090543596701,1,1,1,0.00958376277859637,4.165518448539321,4.499157254323776,4.222582956541812,1,1,1,0.00982779636579534
N-admiration-d3-c2,neutral,none,3.0,Resilience-Matched (Recovery/Personal Settings),B-admiration-d3-v2,110,"He had applied to the program through the standard admissions process. The application required transcripts, a statement, and three references. He submitted the materials by the March deadline and received the decision within the standard notification window. He worked during the day as a technician in the building's equipment department. The program had an acceptance rate consistent with other graduate programs in the field. He was forty-one years old, which placed him within the range of non-traditional applicants the program actively recruited. The admissions office confirmed his enrollment and sent the orientation packet. He would begin in the fall semester, attending classes in the same building where he currently worked.",neutral,P_admiration-d3-v2,admiration,T_admiration-d3-v2,4.016751344416148,4.536146924995569,4.2472635800277825,1,1,1,0.007757769721621034,3.9766967809869693,4.427698500010141,4.1754454474021205,1,1,1,0.008080862888830035,3.9907196063164934,4.48130106879369,4.2840394046930275,1,1,1,0.008895186901931496
N-admiration-d3-c3,neutral,none,3.0,Resilience-Matched (Recovery/Personal Settings),B-admiration-d3-v3,126,"The runner had finished mid-pack. She had been competing at the regional level for two years, following a training plan developed with her coach. Her times had been consistent with her age group and experience level. She ran the local circuit — a race every few weeks during the season. She finished, collected her tag, checked her time, and noted the split data for review with her coach. The other runners in her division were familiar from the regular events. She was at the starting line each race with the standard preparation — warmup, stretching, equipment check. Her pace had been improving at the expected rate for her training volume. She reviewed the results online after each event and adjusted her schedule for the following week.",neutral,P_admiration-d3-v3,admiration,,4.15611517585529,4.654509762421144,4.359986423470593,1,1,1,0.009469843670148836,3.975791179194148,4.514937170610654,4.235858876891736,1,1,1,0.010205092293685557,4.04207202440363,4.525132974501265,4.35302704741929,1,1,1,0.008115368646201668
N-admiration-d3-c4,neutral,none,3.0,Resilience-Matched (Recovery/Personal Settings),B-admiration-d3-v4,126,"The boy had been in the hospital for three weeks following a scheduled procedure. He was eleven. The recovery was on track according to the standard post-operative timeline. His teacher sent weekly assignment packets to the hospital, and a tutor from the school district came twice a week for the standard homebound instruction hours. He completed the worksheets at the expected pace and returned them through the hospital's mail system. The class had sent a card, and he wrote a brief response that the teacher read aloud during morning announcements. The hospital room had a small desk by the window where he worked on assignments. The doctor had estimated he would return to school within the month, and his grades had been maintained during the absence.",neutral,P_admiration-d3-v4,admiration,,4.2281182934222095,4.541319545159358,4.159030082548808,1,1,1,0.010334254462390806,4.131681557974727,4.387677848431558,4.013561725326946,1,1,1,0.008659074972702872,4.224893028769878,4.435902905151882,4.174391415426456,1,1,1,0.010574864213843033
N-vigilance-d1-c1,neutral,none,1.0,Protective-Watch-Matched (Parental/Supervisory Settings),B-vigilance-d1-v1,123,"The boy was three years old and he was playing near the bench in the park. His mother was seated next to the picnic table, leaning back with her legs crossed. The grass around the bench was level and dry from the afternoon sun. The boy picked up a stick and tapped it against a rock. A dog walked past on the path with its owner, and the boy pointed at it. She took a sip of her coffee and checked the time on her phone. The coffee had cooled down to the temperature she preferred. She watched the boy stack pebbles on the bench for a few minutes, then pulled out the snack bag from her tote and set it between them.",neutral,P_vigilance-d1-v1,vigilance,T_vigilance-d1-v1,4.037841091366324,4.4509623830591005,3.871244644742878,1,1,1,0.006593577356513785,3.9149719816842583,4.343676694309822,3.8112196054424277,1,1,1,0.006096342087851335,4.047439282512379,4.298860688876663,3.8383628208016516,1,1,1,0.0055776341791281955
N-vigilance-d1-c2,neutral,none,1.0,Protective-Watch-Matched (Parental/Supervisory Settings),B-vigilance-d1-v2,118,"His daughter was learning to ride a bicycle. She was at the top of the driveway, which had a gentle slope down to the sidewalk. He stood near the mailbox, watching her practice the starting motion — one foot on the pedal, the other pushing off from the ground. He'd checked the brakes before they started, and the tire pressure was at the level recommended for her weight. A car turned onto the street two blocks away and pulled into a driveway halfway down the block. His daughter made it to the bottom of the driveway and put both feet down. He gave her a thumbs-up and she walked the bike back to the top to try again.",neutral,P_vigilance-d1-v2,vigilance,T_vigilance-d1-v2,4.200016245605042,4.329270583042049,4.0024105452115,1,1,1,0.007795429417711189,3.8472615601790823,4.193349772379077,3.8358394822863158,1,1,1,0.005726123256029769,3.895114719076199,4.190791115363491,3.8302487843797928,1,1,1,0.006778757416193742
N-vigilance-d1-c3,neutral,none,1.0,Protective-Watch-Matched (Parental/Supervisory Settings),B-vigilance-d1-v3,107,"The toddler was asleep, and she stood in the doorway for a moment before heading to the kitchen. The temperature earlier had been normal — 98.7, consistent with the reading that morning. The pediatrician's office had confirmed the next well-child appointment for Thursday. She had the phone in her pocket and the appointment card on the refrigerator. The children's vitamins had been given after dinner, as usual. She checked that the baby monitor was on, adjusted the volume dial, and walked to the kitchen. She started the dishwasher and reviewed the grocery list she'd been building throughout the day, adding a few items for the week ahead.",neutral,P_vigilance-d1-v3,vigilance,,4.414523278949854,4.563004064907791,4.191250434694218,1,1,1,0.0093117039735159,4.170028446376488,4.476154224581938,4.105218473188563,1,1,1,0.008344892197541566,4.28715350007175,4.454117475473504,4.066215391688376,1,1,1,0.008817093343815165
N-vigilance-d1-c4,neutral,none,1.0,Protective-Watch-Matched (Parental/Supervisory Settings),B-vigilance-d1-v4,119,"The lifeguard was monitoring the pool from the elevated chair. The morning swim class was in lane four — eight children, ages seven to nine, with the instructor leading from the front. They were practicing freestyle in a group formation, moving at a steady pace. The instructor signaled for a rest break, and the children gathered at the wall. The lifeguard scanned the other lanes in sequence — lanes one through three had adult lap swimmers, lane five was empty, lane six had a water aerobics group. She noted the clock for the shift change in twenty minutes. Her rescue tube was on the hook behind the chair. The class resumed, and she continued the standard scanning rotation.

---",neutral,P_vigilance-d1-v4,vigilance,,4.182485794751641,4.511486263870517,3.9736098798096475,1,1,1,0.0087378838054875,4.028945252478796,4.369637578817831,3.8826417870059493,1,1,1,0.007148404970292256,4.099901003997407,4.419947080880328,4.011882378342909,1,1,1,0.00707249779090157
N-vigilance-d2-c1,neutral,none,2.0,Strategic-Anticipation-Matched (Professional/Decision Settings),B-vigilance-d2-v1,108,"The surgeon had been reviewing the scan for her afternoon case. The procedure was a routine resection with standard margins. Her team was scrubbing in on the regular schedule. She had outlined the approach on the whiteboard for the residents — a straightforward path following the anatomical landmarks documented in the patient's imaging. The margin was within the normal range for this type of procedure. She reviewed the anesthesia plan with the attending anesthesiologist, confirming the standard protocol. The patient's vitals from the pre-op workup were stable and unremarkable. She initialed the whiteboard, confirmed the surgical count with the scrub nurse, and walked to the OR to begin.",neutral,P_vigilance-d2-v1,vigilance,T_vigilance-d2-v1,4.162417265957937,4.544426024550132,4.016724518312731,1,1,1,0.01087486033353416,4.027057673677731,4.416304049237585,3.922273212482288,1,1,1,0.010756365765854155,4.195748012682241,4.432561863132783,4.002885266891586,1,1,1,0.013637891947268119
N-vigilance-d2-c2,neutral,none,2.0,Strategic-Anticipation-Matched (Professional/Decision Settings),B-vigilance-d2-v2,116,"The negotiator had been in the conference room for seven hours. The session had followed the standard mediation format — opening statements, individual caucuses, and joint discussion periods. He had a diagram in his notebook — a timeline of each phase, marked by the hour. The last forty minutes had been a scheduled break. Both parties had used the time to review documents and consult with their attorneys in separate rooms. The mediator checked the clock and noted that the break was ending in five minutes. He reviewed his notes from the afternoon session — three items had been resolved, two remained. He signaled to the clerk to prepare the summary documents for the next round.",neutral,P_vigilance-d2-v2,vigilance,T_vigilance-d2-v2,4.037984799407398,4.44970693226694,3.920359380944935,1,1,1,0.008812430837233579,3.8991502584830458,4.29120001778375,3.8139277855552294,1,1,1,0.007749731138350959,3.874904637042494,4.328811026643196,3.8039303026519398,1,1,1,0.007995218671410845
N-vigilance-d2-c3,neutral,none,2.0,Strategic-Anticipation-Matched (Professional/Decision Settings),B-vigilance-d2-v3,113,"The trader had three screens arranged across her desk. The market was in its mid-afternoon range, moving within the bounds that had held for most of the session. She checked her open positions against the daily summary — all within the risk parameters set at the morning meeting. The price levels she'd noted that morning were still ten to fifteen points away in either direction. She reviewed the volume charts, which showed typical activity for a Wednesday. No scheduled announcements were pending until Thursday. She updated her end-of-day report with the current figures and set an alert for the close. The portfolio was balanced and the positions were sized to the standard allocation.",neutral,P_vigilance-d2-v3,vigilance,,4.202683955209294,4.639997908463711,4.267595136248713,1,1,1,0.008071963513105993,3.92241537420377,4.480389248168099,4.169857855685557,1,1,1,0.006948122512632865,4.1274664348193575,4.595798131380481,4.26279504581749,1,1,1,0.007832596481297254
N-vigilance-d2-c4,neutral,none,2.0,Strategic-Anticipation-Matched (Professional/Decision Settings),B-vigilance-d2-v4,115,"The chess player had been reviewing the position for a few minutes during his allotment. His opponent had played a standard developing move, bringing the knight to c6, consistent with the opening theory both players had been following. The pawn structure was symmetrical and stable. He considered two candidate moves — both were mainline responses that maintained equality. He chose the one he had prepared that morning during his review of recent tournament games featuring this variation. He moved his bishop to d5, occupying the central square as recommended in the analysis. His opponent nodded and began considering the next move. The position was level and the game was proceeding at the expected pace.

---",neutral,P_vigilance-d2-v4,vigilance,,4.176336626701679,4.249663885654012,4.108195796671657,1,1,1,0.010274537236974572,4.00939039370735,4.076069916722152,3.971105636374183,1,1,1,0.009742602047150639,4.098783823006416,4.220511769610255,4.016750465161573,1,1,1,0.010043338169639931
N-vigilance-d3-c1,neutral,none,3.0,Environmental-Scanning-Matched (Monitoring/Patrol Settings),B-vigilance-d3-v1,128,"The ranger had been in the observation post since early morning as part of the seasonal wildlife census. The report from the previous shift documented three sightings of the target species within the survey area. She had a map with the standard survey quadrants marked in a grid pattern. The quadrant she was covering included the main trail and the creek crossing. The ground was dry, which made visibility good from the elevated position. She scanned left to right through the binoculars at the scheduled intervals, logging each sighting on the data sheet. She had been on shift for five hours, with two hours remaining. The coffee thermos was next to her pack, and she poured a cup during the mid-morning break, noting the time on the log.",neutral,P_vigilance-d3-v1,vigilance,T_vigilance-d3-v1,4.117129047029769,4.793082290385614,4.317189166263923,1,1,1,0.00819622813387598,3.936671512981094,4.599998109056805,4.167528515382106,1,1,1,0.009119171981917694,3.9394666548723603,4.70903813974516,4.263253536238843,1,1,1,0.008183735415167207
N-vigilance-d3-c2,neutral,none,3.0,Environmental-Scanning-Matched (Monitoring/Patrol Settings),B-vigilance-d3-v2,117,"The pilot was flying the approach in clear conditions. The runway was visible from five miles out. The surface wind had been reported as steady at eight knots, consistent with the forecast. She checked the standard instruments in the approach sequence — airspeed on target, glideslope centered, heading aligned with the runway. The approach was stabilized and within parameters at each checkpoint. The tower cleared her to land with no traffic ahead. She noted the altitude passing through five hundred feet, confirmed the landing gear indicator, and continued the descent at the published rate. The runway markings grew larger in the windscreen. She crossed the threshold at the standard speed and touched down on the center line.",neutral,P_vigilance-d3-v2,vigilance,T_vigilance-d3-v2,4.003422778100497,4.519661202241603,4.252456572524194,1,1,1,0.009745416784333334,3.9073300546379275,4.469128220671965,4.13435239087652,1,1,1,0.01108001264127304,4.106946961294606,4.533147839209418,4.2942596059259905,1,1,1,0.011288668314078992
N-vigilance-d3-c3,neutral,none,3.0,Environmental-Scanning-Matched (Monitoring/Patrol Settings),B-vigilance-d3-v3,125,"The mother was walking her children home from school. The route was six blocks along the main road. On the third block, she waited at the crosswalk for the signal. A few cars passed in the right lane at normal speed. She held her younger child's hand at the intersection, as she did each day, and they crossed when the walk sign appeared. On the fourth block, the children stopped to look at a window display at the shoe store. On the fifth block, she checked the time on her phone and decided they had enough time to stop at the bakery. She called her husband to ask if he wanted anything and said, ""We'll be home in about ten minutes. Do you need bread?""",neutral,P_vigilance-d3-v3,vigilance,,4.189710679992983,4.284053324349574,3.8591397103166227,1,1,1,0.00724428848382656,3.8675715806262048,4.1285458341503265,3.7339226926605584,1,1,1,0.006929978521189267,3.8871518092122326,4.084370130680637,3.694894383382595,1,1,1,0.006643073387929018
N-vigilance-d3-c4,neutral,none,3.0,Environmental-Scanning-Matched (Monitoring/Patrol Settings),B-vigilance-d3-v4,115,"The security guard was monitoring the camera feeds for the museum's east wing. It was a regular Tuesday evening, and the galleries were moderately occupied. There were nine cameras, and he rotated between them on the standard cycle. Camera six covered the corridor between the two main galleries, where visitors moved between exhibitions in both directions. Traffic was steady — groups of two and three passing through every few minutes. The museum would close in ninety minutes. He noted the time on the shift log and radioed the west wing guard for the routine check-in. The evening had been uneventful. He continued the standard rotation and began preparing the end-of-shift report for the night team.",neutral,P_vigilance-d3-v4,vigilance,,4.283217975310009,4.505662409882978,4.1281534845336845,1,1,1,0.00676179620075611,4.057083745065733,4.410259907584875,3.981864826021398,1,1,1,0.00679307303286426,4.258438488874091,4.345230125627553,4.0348832917681,1,1,1,0.006788751570113496
N-rage-d4-c1,neutral,none,4.0,Caregiving-Responsibility-Matched (Dependent/Institutional Settings),B-rage-d4-v1,101,"The daycare's daily summary was a single paragraph. His son had been
in the art area for two hours. The room had a child-height handle on
both sides of the door. His son was three. The teacher had written
""engaged with finger painting"" on the form. The director left a
voicemail at 10:15 AM — during his lunch break, not after. He picked
up his son at 5:30. The boy's shirt had paint on it. The art area was
four feet by six feet. He knew because the room layout was posted by
the door. He checked it. He signed out.",neutral,P_rage-d4-v1,rage,,3.856344371616719,4.1925971328669505,3.8653152631421,1,1,1,0.005039694278610717,3.541636006228532,4.0648574439661065,3.745593801735457,1,1,1,0.004234853388433317,3.7391882321253163,4.1138802866200965,3.836264155705785,1,1,1,0.004297447256952189
N-rage-d4-c2,neutral,none,4.0,Caregiving-Responsibility-Matched (Dependent/Institutional Settings),B-rage-d4-v2,105,"His mother had a bandage on her upper arm from the flu vaccination.
She was eighty-three and she had received it that morning. She had
told him this twice. The facility's report said ""annual immunization
completed per schedule."" He asked to see the vaccination record. The
record listed the date and the administering nurse. He asked to see
the next appointment. The physician's visit was scheduled for the
following Thursday. He asked who had given the injection. Three staff
members rotated through the weekly schedule. He asked his mother
again. She held up her arm and showed him the bandage. She said it
was fine.",neutral,P_rage-d4-v2,rage,,3.8517528332182587,4.155922747487264,3.9825113500837643,1,1,1,0.00804867199125535,3.5101954419993957,4.034232064114062,3.8141708837778823,1,1,1,0.0064047675952156775,3.772532774124825,4.081940385326976,3.989461608794769,1,1,1,0.00876360138072926
N-rage-d4-c3,neutral,none,4.0,Caregiving-Responsibility-Matched (Dependent/Institutional Settings),B-rage-d4-v3,110,"His daughter had drawn seventeen pictures at school that month. The
teacher sent them home in a folder. The first three were houses and
trees. By picture eight, the figures included details — fingers,
shoes, buttons. By picture twelve, one figure was drawn with a
background of green grass and a yellow circle for the sun. The art
teacher noted it as ""typical developmental progression."" He lined the
pictures up on the kitchen table in the order they were dated. He
could see the changes. The color use had become more varied. The
teacher had noted this on the folder. He had noticed it too. He put
them on the refrigerator.",neutral,P_rage-d4-v3,rage,,3.5782128042422827,3.993537761700144,3.790512828016715,1,1,1,0.00653074390547953,3.5373684715097,3.9894556355222246,3.7828053419374403,1,1,1,0.006440244135407534,3.6715993703137175,3.975732503994216,3.834860481650877,1,1,1,0.007634242273510013
N-rage-d4-c4,neutral,none,4.0,Caregiving-Responsibility-Matched (Dependent/Institutional Settings),B-rage-d4-v4,96,"She had power of attorney for her brother. He was thirty-one and
non-verbal. The group home provided three hours of daily activities.
She visited on a Wednesday at 2 PM without calling ahead. Her brother
was in the common room. The television was tuned to a nature program.
Art supplies were spread on the table, a jacket hung on the hook, and
his shoes were by the door. The log book listed ""morning outing:
park."" It was clear. It had been clear since Monday. She turned to
Tuesday's entry. Park. Monday. Library. She reviewed each page.",neutral,P_rage-d4-v4,rage,,4.008785361969307,4.259832523896074,3.963162453292431,1,1,1,0.00828828450482719,3.9248876540489417,4.225373924061801,3.95429750485861,1,1,1,0.008716212727074324,3.869082845154622,4.138545332006722,3.921313631205859,1,1,1,0.008046245582433526
N-rage-d5-c1,neutral,none,5.0,Inheritance-Legacy-Matched (Intergenerational/Archival Settings),B-rage-d5-v1,112,"The storage unit held forty years of his father's records. His father
who had organized them by decade into labeled bins for each of those
years. The records showed the home address, the original mortgage, and
the correspondence with the insurance company. Three folders. Monthly
statements filed on time every month — the same months documented in
the household budget for his baseball registration, his class trips,
his mother's dental appointments. Birthday cards from his cousins were
filed by year in a shoebox. They had signed with their first names.
The handwriting in the most recent card was clear and even. He closed
the box. He placed it back on the shelf.",neutral,P_rage-d5-v1,rage,,3.720796047635237,4.3007083626948015,3.9786544476472363,1,1,1,0.006649765825522808,3.689318021068877,4.2311231635103805,3.8886907920314506,1,1,1,0.0070104095238443425,3.665279918670806,4.195866427365411,3.9915558117718812,1,1,1,0.007017284637544553
N-rage-d5-c2,neutral,none,5.0,Inheritance-Legacy-Matched (Intergenerational/Archival Settings),B-rage-d5-v2,108,"Her mother had kept a folder labeled ""School Correspondence"" in the
bottom drawer of the filing cabinet. Seven letters to the school
board, dated across four years. Each one covered the annual budget
review — the schedule updates, the bus routes, the lunch program
changes. The letters were organized. They referenced the agenda items.
They cited the meeting dates. They included her notes from each
session. Her mother had attended every meeting. Every year. And filed
the materials afterward. Her mother had sat across from her at the
kitchen table and reviewed the minutes while the folder grew thicker
in the drawer. Seven meetings. All documented. All filed.",neutral,P_rage-d5-v2,rage,,3.7537948344669134,4.388701554765359,4.2106519556289514,1,1,1,0.008290274825754005,3.6123178036402694,4.283598324164979,4.04083248694718,1,1,1,0.007953124228872724,3.7601139620515136,4.375764940821854,4.2658695891214435,1,1,1,0.008993818966340352
N-rage-d5-c3,neutral,none,5.0,Inheritance-Legacy-Matched (Intergenerational/Archival Settings),B-rage-d5-v3,116,"The archive sent his grandfather's service file in a manila envelope.
The same version framed in the hallway. The official copy. His
grandfather had been a supply clerk. The commendation was for thirty
years of service, awarded to personnel at that milestone in his unit.
His grandfather's file contained three transfers and an honorable
discharge. Sixty years of Sunday dinners where the story was
mentioned. His mother had repeated it at every holiday. His wife had
seen it. His son had done a school report on it last spring and
received a B-plus. The framed report was next to the framed
certificate on the hallway wall. He dusted both frames. He
straightened them on the wall.",neutral,P_rage-d5-v3,rage,,3.642089551443515,4.16855244745698,4.087273535657623,1,1,1,0.008459888770602445,3.5484052173042784,4.070541917689832,3.916901324547486,1,1,1,0.008393705020431203,3.7067301295809987,4.198328221017511,4.110068275917701,1,1,1,0.008637103321534514
N-rage-d5-c4,neutral,none,5.0,Inheritance-Legacy-Matched (Intergenerational/Archival Settings),B-rage-d5-v4,114,"The deed was in the strongbox with the rest of his grandmother's
papers. The original, from 1962. Attached was a purchase agreement
signed by the previous owners — a family whose name he recognized
because their grandson now lived three houses down. His grandmother
had paid the listed price at the time of sale. The signatures on the
purchase agreement included a county clerk who had notarized documents
for most families in the neighborhood. He had grown up in this house.
He had inherited this house. He had raised his children in it. The
house three doors down had been recently painted. He read the deed
again. He placed it back in the strongbox.",neutral,P_rage-d5-v4,rage,,3.7249620275579054,4.369317134187736,4.080281925531107,1,1,1,0.00673538433414718,3.6188679346486645,4.243610100957277,3.915021483676009,1,1,1,0.007269123699614954,3.712448226785416,4.330057672885598,4.083115550642113,1,1,1,0.006667800013245149
N-rage-d6-c1,neutral,none,6.0,Public-Witness-Matched (Civic/Transit Settings),B-rage-d6-v1,111,"The man on the platform had set down his groceries. Oranges sat in a
bag near the bench. He was sorting through the items. He had a cane.
Two transit employees directed passengers toward the far end. He said
he was fine here. They said the express was coming. He leaned the cane
against the bench and reached into his bag to check the receipt. The
cane rested against the armrest. The man sat down. Fourteen people
stood on the platform. The schedule board was mounted six feet above
the bench. She checked the arrival times. She checked her phone. She
checked the arrival times again. The express was on schedule.",neutral,P_rage-d6-v1,rage,,3.728582452127075,4.1436582126359385,3.861908743014795,1,1,1,0.006370669187632134,3.6678667466827526,4.150819392390241,3.8208837765475434,1,1,1,0.0069732082739305335,3.801357922699943,4.102006177615951,3.9186764427858245,1,1,1,0.007617512342797619
N-rage-d6-c2,neutral,none,6.0,Public-Witness-Matched (Civic/Transit Settings),B-rage-d6-v2,112,"The men had been working since 6 AM. She knew because she had seen
them from her window when she left for her shift. Twelve hours later
they were standing in the parking lot of the strip mall. The
contractor counted out bills from an envelope and handed each man the
amount listed on the rate sheet posted at the pickup site. One man
said something. The contractor nodded. The man said it again. The
contractor wrote down a phone number and handed it to him for the next
job. The man put it in his pocket. The contractor drove away. The
other men walked toward the bus stop at the corner.",neutral,P_rage-d6-v2,rage,,4.145892172067018,4.467844834169406,4.1118258809556085,1,1,1,0.007061239280778432,3.879639030696651,4.335453383940352,3.998965138603271,1,1,1,0.0063179078983354895,3.9986921214780398,4.370795229451831,4.065798910799433,1,1,1,0.006071212137882851
N-rage-d6-c3,neutral,none,6.0,Public-Witness-Matched (Civic/Transit Settings),B-rage-d6-v3,110,"The moving truck was already half-loaded. The family's belongings were
on the sidewalk — furniture, boxes, a child's bicycle with training
wheels. The manager stood on the porch with a clipboard. A woman
carried a box past him and he checked the inventory list. She went
back inside and came out with another box. He checked the list again.
He was marking each item. The movers' van had arrived on schedule. It
was parked at the curb with the engine idling. The woman carried
another box. The manager noted it on the clipboard. The child's
bicycle was the last thing on the sidewalk. Her son rolled it to the
truck.",neutral,P_rage-d6-v3,rage,,3.8457459785744166,4.304165219670594,3.7900994173170433,1,1,1,0.005719739143544304,3.7432077457199227,4.194453179612082,3.7143511558894,1,1,1,0.006149649160005208,3.748540902756482,4.208936564052569,3.755921524397317,1,1,1,0.005410024510327603
N-rage-d6-c4,neutral,none,6.0,Public-Witness-Matched (Civic/Transit Settings),B-rage-d6-v4,112,"The boy got on the bus at the Millfield stop. He sat in the middle
row with a backpack and a paper bag from a pharmacy. Two men in the
back were discussing the schedule change in a voice that carried
across the aisle. They mentioned the new route. They mentioned the
timing. They checked a map. Then they checked the posted schedule. The
driver adjusted the mirror and looked. Then the driver adjusted the
mirror back. Sixteen passengers on the bus. The boy's hands were on
the pharmacy bag. He looked out the window. The next stop came. Two
passengers stood up. One said ""excuse me."" The men folded the map.",neutral,P_rage-d6-v4,rage,,3.895439187387506,4.257813475459773,3.7995402962883094,1,1,1,0.006014568799168822,3.722347337783361,4.102163170676043,3.7142991981265823,1,1,1,0.00753897608237168,3.7345307302697086,4.156397930074682,3.748230104458586,1,1,1,0.005935213348389507
N-grief-d4-c1,neutral,none,4.0,Caregiving-Responsibility-Matched (Dependent/Institutional Settings),B-grief-d4-v1,109,"She visited him on Tuesdays and Saturdays. Three years now. The room
was the same. The bed was made by the morning staff. He was in the
chair by the window. She put the bag of oranges on the table — the
same thing she brought every time. He picked up the bag. He checked
inside. His eyes moved to the crossword book on the nightstand, then
to the newspaper she'd brought, then to the schedule posted by the
door. She peeled an orange and set the sections on a napkin. He ate
one. She mentioned the weather. He nodded. She mentioned it again. He
reached for another section.",neutral,P_grief-d4-v1,grief,,3.650071922597053,4.040695008774853,3.746020395874471,1,1,1,0.007803760019604004,3.7334287485313453,4.065923464106622,3.7455875795709344,1,1,1,0.007302397415003751,3.733077793612588,4.037384779292225,3.7977957421286104,1,1,1,0.007935482114620484
N-grief-d4-c2,neutral,none,4.0,Caregiving-Responsibility-Matched (Dependent/Institutional Settings),B-grief-d4-v2,114,"The room upstairs was the same as the day she left for college. Her
father had kept it as a guest room. The track trophies on the shelf.
The running shoes by the door, still laced the way she laced them —
tight on the left, loose on the right. The college brochures had been
replaced with magazines for visitors. She was downstairs now, in the
room they had converted when the house needed more office space. The
desk fit through the new doorway. The trophies could be moved whenever
she wanted them. The guest room was ready for the weekend. He closed
the door the way he did every evening and went downstairs.",neutral,P_grief-d4-v2,grief,,3.909112033591969,4.26719718531635,4.048986529943992,1,1,1,0.008117669366411048,3.9245340345923796,4.256493100719705,4.007809166880805,1,1,1,0.007858238641439365,3.9570609253819824,4.239697485918565,4.075145169858889,1,1,1,0.005847362452451207
N-grief-d4-c3,neutral,none,4.0,Caregiving-Responsibility-Matched (Dependent/Institutional Settings),B-grief-d4-v3,113,"He helped his father into the bath every morning at seven. His father
had been a man who built fences and dug post holes by hand. That was
thirty years ago. Now he steadied him from the bed to the chair and
from the chair to the tub. A hundred and sixty pounds. He knew because
the visiting nurse recorded it every Thursday. His father's hands
rested in the water. They were the same hands. He handed him the cloth
and his father washed each arm in turn, the way he always had —
starting from the wrist. His father's eyes were on the window. They
were watching a cardinal at the feeder.",neutral,P_grief-d4-v3,grief,,3.7892201786309343,4.155115384458658,3.9183534834250007,1,1,1,0.008019462806340956,3.607362399854707,4.045109114601662,3.8271587607535227,1,1,1,0.0059635476814633515,3.804387522773142,4.06133568393838,3.932954338213329,1,1,1,0.006853937882079559
N-grief-d4-c4,neutral,none,4.0,Caregiving-Responsibility-Matched (Dependent/Institutional Settings),B-grief-d4-v4,108,"The social worker arrived at nine. The bag was by the door — three
shirts, two pairs of pants, the stuffed rabbit he always brought
along, and a toothbrush she had packed in a zippered pouch. He had
been with her for eleven months. She signed the paperwork at the
kitchen table. The boy was watching cartoons. He was wearing shoes she
had bought on sale. The social worker picked up the bag. It was packed
neatly. She had put a label inside with his name, printed in block
letters on a piece of tape. The boy knew they were going to the
appointment. He was watching cartoons.",neutral,P_grief-d4-v4,grief,,4.025809969611413,4.235113665385818,3.844423002921053,1,1,1,0.007184827823367595,3.967705170428615,4.1935278651555885,3.78840514947259,1,1,1,0.006529419931926775,4.054555551405936,4.12311922744254,3.87277396436658,1,1,1,0.007366968552090918
N-grief-d5-c1,neutral,none,5.0,Inheritance-Legacy-Matched (Intergenerational/Archival Settings),B-grief-d5-v1,109,"The workbench in the garage had a half-built birdhouse on it. Her
father had started it the week before the holiday. The sides were cut
and sanded. He had drawn pencil lines where the nails were supposed to
go. A bag of finishing nails sat next to the wood, still sealed. The
instructions were printed from the internet, folded under the base,
with notes in his handwriting — ""drill first,"" ""sand again,"" and at
the bottom, ""for the backyard, near the kitchen window, where the
light is best in the mornings."" She left everything where it was. She
went to the kitchen window and checked the spot he'd chosen.",neutral,P_grief-d5-v1,grief,,3.9793720495990654,4.358380107603767,3.869487726067189,1,1,1,0.006731793705368603,3.9219468068475254,4.206463378266967,3.8017799050955463,1,1,1,0.006902888108568365,3.9276913126790447,4.248930647093,3.8000231907826585,1,1,1,0.006522077730343099
N-grief-d5-c2,neutral,none,5.0,Inheritance-Legacy-Matched (Intergenerational/Archival Settings),B-grief-d5-v2,109,"The box in the attic held her grandmother's correspondence from 1963
to 1966. Forty-two letters to a music library in Vienna. Forty-two
responses. Her grandmother had requested sheet music twice. Both
times, a package followed — not a letter but a parcel, wrapped in
brown paper with customs stamps from Austria. The contents were
listed: sonatas, études, seasonal arrangements. Her grandmother had
played piano in the living room every evening for fifty years after
that. The bench still had a groove where she sat. The keys had been
cleaned every Sunday. Everyone in the family had heard her practice
the pieces. Everyone had known which ones were from Vienna.",neutral,P_grief-d5-v2,grief,,3.8008172815155867,4.401528350371656,3.9965534624079524,1,1,1,0.007535385559914486,3.6329159637945327,4.229602256918449,3.8319740927446992,1,1,1,0.008455161025894085,3.5375318733481684,4.310834814637711,3.918500779892727,1,1,1,0.006319156332249966
N-grief-d5-c3,neutral,none,5.0,Inheritance-Legacy-Matched (Intergenerational/Archival Settings),B-grief-d5-v3,114,"The box was labeled ""Danny — school"" in their mother's handwriting.
It had been in the storage room for twenty-six years. Inside: report
cards, a science fair ribbon, a crayon drawing of a house with five
windows, and a savings passbook. The first deposit was twenty-five
dollars, dated September 1989. The deposits continued monthly —
fifteen, twenty, forty dollars — through March 1997. Then they
increased. Danny was fourteen in March 1997. The passbook had a
balance of four thousand dollars. The account had been closed in 2002.
The balance was withdrawn. She turned to the last page. Her mother's
handwriting again, in the margin: the name of a university and a
check mark.",neutral,P_grief-d5-v3,grief,,3.752187974626014,4.276846771140134,4.029297855271337,1,1,1,0.008513932109358881,3.6459635032282924,4.2166521810705,3.9234972281737015,1,1,1,0.007896258054505658,3.674022379134603,4.26387485148292,4.075603216593432,1,1,1,0.0086920969178958
N-grief-d5-c4,neutral,none,5.0,Inheritance-Legacy-Matched (Intergenerational/Archival Settings),B-grief-d5-v4,117,"His father had kept a single folder behind the tax returns, filed
under ""M."" Inside was a completed application to a trade certification
program in another state, dated 1981. Every line was filled in. The
reference letters were typed, three pages, from employers his father
had worked with at the plant and at the job before that. A
passport-sized photo was paper-clipped to the front — his father at
twenty-four, wearing a jacket. The application had been submitted that
spring. Stapled to the back was a receipt for the registration fee.
Someone had written ""paid in full"" across the top. His father had
worked in the trade for thirty-seven years. The certification was in
the same folder.",neutral,P_grief-d5-v4,grief,,3.8174104175369865,4.382942605940122,4.150875153013986,1,1,1,0.0086167401449731,3.7765156619874585,4.270623648470716,4.01105864617328,1,1,1,0.008307377232958012,3.891017018192374,4.444813731252629,4.2018132694645445,1,1,1,0.008647610900321887
N-grief-d6-c1,neutral,none,6.0,Public-Witness-Matched (Civic/Transit Settings),B-grief-d6-v1,106,"The bench at the bus stop on Ninth Street had a brass plate: ""Donated
by the Ninth Street Business Association, 2019."" Under it, a planter
with seasonal flowers replaced last month. Next to the planter, a
transit map in a plastic sleeve. The map showed the current route
schedule. She sat on the bench to wait for the 9:15. A man across the
street ate a sandwich. The flowers had been trimmed at an angle and
arranged in a row along the base. The 9:15 came. She got on. Through
the window she could see the bench and the planter and the map in its
sleeve.",neutral,P_grief-d6-v1,grief,,4.084113934507378,4.353774815695979,3.9956587603125406,1,1,1,0.00700262871460181,3.8979045957332477,4.252866270877058,3.90127022877392,1,1,1,0.007143591882922684,3.876560299163328,4.248533914515453,3.912603915367449,1,1,1,0.0048775595529072305
N-grief-d6-c2,neutral,none,6.0,Public-Witness-Matched (Civic/Transit Settings),B-grief-d6-v2,111,"He watched the old man at the next table signal the waiter and ask for
the place setting to be shifted aside for his briefcase. The waiter
moved the plate, the glass, the napkin, the silverware. The table
looked wider afterward. The old man unfolded his napkin and placed it
on his lap. He ordered the special — the waiter read it back, and the
old man nodded and adjusted his glasses. He cut his food into pieces
and read the paper while he ate. When he was finished, he placed his
napkin on the plate and signaled for the check. The restaurant was
filling up. He left before the rush.",neutral,P_grief-d6-v2,grief,,4.052285412305301,4.35263281243434,3.9463659796466612,1,1,1,0.005489900996260446,3.97556488831849,4.269112249642193,3.8751804182528566,1,1,1,0.0064355530670633905,3.9507817551421085,4.273917193397667,3.9255978774626854,1,1,1,0.005173613196134897
N-grief-d6-c3,neutral,none,6.0,Public-Witness-Matched (Civic/Transit Settings),B-grief-d6-v3,114,"The flyer on the lamppost outside the pharmacy read ""FOUND"" above a
photo of an orange cat. ""Tabby, male, approximately four years old.
Found October 3."" It was now February. The tape had been replaced
once. The photo was clear and showed the cat on a patterned blanket.
Someone had written a phone number in marker at the bottom. The marker
was still legible. Below it, in smaller handwriting: ""He has been with
us since October. He is comfortable and eating well."" The flyer had
been there for four months. Two people had called the number and one
had come to visit. She walked past it. She glanced at the photo. She
continued walking.",neutral,P_grief-d6-v3,grief,,3.6361456654007718,4.125977199195503,3.8461605919691197,1,1,1,0.008434256386145382,3.5395825608113585,4.02262604188253,3.757552518125212,1,1,1,0.008350847119906865,3.612125122362477,4.075969917163184,3.848017193091456,1,1,1,0.007777281108612116
N-grief-d6-c4,neutral,none,6.0,Public-Witness-Matched (Civic/Transit Settings),B-grief-d6-v4,118,"The woman at the counter was buying stamps when her phone rang. She
answered it and listened. She placed the stamps on the counter. She
placed the wallet next to the stamps. The clerk waited. The woman said
""Tuesday"" into the phone. Then she said ""that works"" and put the phone
away. The clerk pushed the stamps toward her. The woman picked them
up. The line was four people deep. Someone coughed. She opened the
wallet and counted out the bills. She looked at the stamps and the
wallet on the counter. She picked up the change. She picked up the
stamps. She walked out. The door closed behind her. The clerk called
the next person in line.",neutral,P_grief-d6-v4,grief,,4.079913491333814,4.198885892499009,3.951004950417925,1,1,1,0.007704133676319784,3.9028401373602675,4.1026444004016325,3.833586006977326,1,1,1,0.007832250493112477,3.984729888019441,4.17143058312871,3.8956830902547863,1,1,1,0.007151864580453321
N-terror-d4-c1,neutral,none,4.0,Caregiving-Responsibility-Matched (Dependent/Institutional Settings),B-terror-d4-v1,112,"The teacher said his daughter had been picked up at 2:45. He was
standing in the office at 3:10. His wife had arranged for her sister
to pick her up. The sign-out sheet had a signature he recognized —
his sister-in-law's, with the authorization code his wife had called
in that morning. The name written next to it matched the one on the
approved list. He mentioned this to the woman at the desk. She looked
at the sheet. She confirmed the pickup. His daughter's backpack was
not on the hook. Her coat was not in the cubby. Both had gone home
with her aunt. The clock above the desk said 3:14.",neutral,P_terror-d4-v1,terror,,3.710809157746895,4.151983608150825,3.914822187287465,1,1,1,0.007369527157514933,3.475326262698864,4.0302558015623235,3.7513110314853253,1,1,1,0.005414272508063456,3.5995629261441993,4.126796498103137,3.8936808518132513,1,1,1,0.006099009095496234
N-terror-d4-c2,neutral,none,4.0,Caregiving-Responsibility-Matched (Dependent/Institutional Settings),B-terror-d4-v2,115,"His mother's shoes were by the door and his mother was in the kitchen.
The back door was closed. It was January and it was dark at 4:30 and
the thermometer on the porch read twenty-one degrees. Her coat was on
the hook. He checked the living room. He checked the garage. He
checked the yard from the window with the porch light. The grass was
stiff with frost. There were no footprints on the walk. The neighbor's
fence had a gap that had been repaired eight months ago, after the
property survey, when the posts were replaced along the full boundary
line. He called her name from the hallway. She answered from the
kitchen.",neutral,P_terror-d4-v2,terror,,3.5861697051200516,4.1438285984584455,3.9765896833299883,1,1,1,0.006334284728390148,3.4504113427950887,4.0603028907189715,3.854668032218256,1,1,1,0.006921235238089772,3.5452705896681134,4.160800561172157,3.9963280655988904,1,1,1,0.005539925588484097
N-terror-d4-c3,neutral,none,4.0,Caregiving-Responsibility-Matched (Dependent/Institutional Settings),B-terror-d4-v3,109,"The baby monitor showed the crib at 2:17 AM. The baby was asleep. She
was in the hallway by the thermostat. The nursery door was open — she
had left it that way. The blanket was pushed to one side. The window
was shut. She looked at the closet. The changing table. The rocker.
She stood in the doorway of the nursery. The house was quiet. She
checked the next room. The bathroom. Back to the hallway. All settled.
She went to the top of the stairs and listened. From the floor below,
a sound — the furnace, the pipes, the house doing what it did at this
hour.",neutral,P_terror-d4-v3,terror,,3.6838126931939095,4.243150026829418,3.9765423601340584,1,1,1,0.0069087321510782305,3.6201164579329244,4.188171259012382,3.915273354285347,1,1,1,0.007251415328480797,3.741310892936256,4.114365316700868,3.94702946036138,1,1,1,0.008571270702033635
N-terror-d4-c4,neutral,none,4.0,Caregiving-Responsibility-Matched (Dependent/Institutional Settings),B-terror-d4-v4,96,"She told him to stay in the waiting room. The appointment took fifteen
minutes. When she came back, the room was the same. His jacket was on
the chair. His coloring book was open, the crayon on the page
mid-stroke. The receptionist had waved to him once. The front door had
a chime — it had sounded for a delivery. She walked to the hallway.
Three doors. Two closed. The third open, leading to a restroom. She
looked down the hall. The hallway was lit and quiet. The boy was on
the floor, finishing his page.",neutral,P_terror-d4-v4,terror,,3.9349795733748296,4.100425029200258,3.827051131772232,1,1,1,0.008266918507882687,3.837743771177078,4.038196329270061,3.841915682927043,1,1,1,0.007269401247332871,3.6922718546419606,3.945558663933722,3.7649787300109963,1,1,1,0.007423175472807733
N-terror-d5-c1,neutral,none,5.0,Inheritance-Legacy-Matched (Intergenerational/Archival Settings),B-terror-d5-v1,101,"The letter was in her mother's desk, in an envelope opened and
resealed with tape. Dated two months before her mother's move. From a
law firm she had not used. It referenced an account number and a
person by name — someone her mother's advisor had listed as
beneficiary. The final paragraph stated that the trust was funded and
that distributions would begin as of a date that had already passed.
Her mother's address was on the letter. This address. Her name was on
it too. Her mother's was. Her mother had arranged it. The person named
as beneficiary was her.",neutral,P_terror-d5-v1,terror,,3.693614559840221,4.340796992351463,4.120109519106008,1,1,1,0.00665625828844992,3.555288537994787,4.270684608212646,3.9554009813261186,1,1,1,0.00698917720160353,3.5273852734786653,4.357636249510441,4.121861618966731,1,1,1,0.007109491670460504
N-terror-d5-c2,neutral,none,5.0,Inheritance-Legacy-Matched (Intergenerational/Archival Settings),B-terror-d5-v2,106,"The filing cabinet in his father's study had a locked drawer. The key
was in the ceramic dish on the shelf. Inside: medical records from a
clinic in another state, dated 1994. His father's name. A test result
circled in ink. Below it, a note from the primary care physician:
""Standard panel complete. All values within normal limits. Recommend
routine follow-up every five years."" His father had been tested in
1994 and filed the results. The note was thirty-two years old. He was
forty-three. His son was twelve. He looked at the date on the note. He
looked at the filed results. He closed the drawer.",neutral,P_terror-d5-v2,terror,,3.8189037416573184,4.31968851306221,4.055552637257758,1,1,1,0.010149788717477357,3.589134016816605,4.211302247616157,3.9167569119144345,1,1,1,0.008510791603649055,3.465082553325374,4.198574955555672,3.9798820382996594,1,1,1,0.008583675380013832
N-terror-d5-c3,neutral,none,5.0,Inheritance-Legacy-Matched (Intergenerational/Archival Settings),B-terror-d5-v3,117,"In the attic, behind the insulation, he found a metal box his
grandfather had welded shut and his uncle had later opened. Inside: a
passport from the country his grandfather had emigrated from, with his
grandfather's face and his original name. A different date of birth —
the one on the original entry papers. Beneath it, a second set of
documents — the naturalization certificate and supporting records.
Updated. The most recent copy was from eight months ago. His
grandfather had requested duplicates two years before he died. His
uncle had retrieved them for the estate. The box had been opened for
that purpose. He checked the documents. He put the box back where he
found it.",neutral,P_terror-d5-v3,terror,,3.956469798347312,4.463166228082182,4.1861865043685365,1,1,1,0.009131460201243353,3.805612199228937,4.33348152627819,4.036462065909814,1,1,1,0.007979526939959689,3.798234447603842,4.492027106579723,4.180614743740125,1,1,1,0.007568195459737538
N-terror-d5-c4,neutral,none,5.0,Inheritance-Legacy-Matched (Intergenerational/Archival Settings),B-terror-d5-v4,118,"The home inspector's report was in the closing folder, filed
twenty-three years ago. It mentioned a utility alcove behind the south
wall — ""houses original electrical panel, sealed per code upgrade."" He
had never opened the panel. He went to the south wall and knocked. The
sound was solid. He measured the exterior of the house and the
interior. The numbers matched except for four feet accounted for by
the utility chase. He put his level to the wall. Plumb. He went
upstairs and checked the property records. The house had been in his
family for six years before his parents bought it outright. The
previous owner was his grandfather. The panel had been sealed by the
contractor.",neutral,P_terror-d5-v4,terror,,3.8215606526477055,4.3293106659369895,4.201589289732941,1,1,1,0.006911749002801313,3.7958008912497463,4.245944235539558,4.080455562461963,1,1,1,0.008376225533793948,3.751121681464637,4.3590472743074296,4.226021094354402,1,1,1,0.007386592508614381
N-terror-d6-c1,neutral,none,6.0,Public-Witness-Matched (Civic/Transit Settings),B-terror-d6-v1,119,"The train stopped between stations. An announcement played. The
lights stayed on. She looked at the other passengers. The man in the
gray coat was reading his phone. The woman with the stroller was
adjusting the canopy. The train had been stopped for four minutes.
Then the lights dimmed briefly for the system switch. The strips along
the floor glowed green and made the car look longer than it was.
Someone in the next car knocked on the partition. A regular knock. She
could hear it through the wall. She counted the people in her car.
Nine. She looked at the route map. One more stop to go. The train
began to move between stations. The next announcement played.",neutral,P_terror-d6-v1,terror,,3.8112405898398793,4.273190274558925,4.01830326648181,1,1,1,0.007086296402787647,3.619849079888917,4.144419717014986,3.8544239830085836,1,1,1,0.007461620701403359,3.7229962017287686,4.232746622527478,4.01182519960906,1,1,1,0.006568349734196855
N-terror-d6-c2,neutral,none,6.0,Public-Witness-Matched (Civic/Transit Settings),B-terror-d6-v2,102,"He was standing in the plaza when the crowd shifted direction. It
started at the far end — people turning, walking steadily, some of
them stopping. A drumline. A banner. Row by row, the people nearest
the sound turned and watched, and then the next row turned, and the
next. He was eight rows back. The stage was not visible from where he
stood. Seven rows now. Six. The woman next to him picked up her bag
and moved closer. He walked forward. The rows kept filling in ahead of
him. Five. Four. He could see the tops of the banners. Three.",neutral,P_terror-d6-v2,terror,,3.9528367065989385,4.293802942991597,4.10041742091046,1,1,1,0.00446522614236153,3.6771466013561698,4.154256098562431,3.9068090038995895,1,1,1,0.005125957978637054,3.780452383850476,4.188162042520247,3.9818190672174123,1,1,1,0.0040863242485036765
N-terror-d6-c3,neutral,none,6.0,Public-Witness-Matched (Civic/Transit Settings),B-terror-d6-v3,119,"The fire alarm in the mall had been sounding for ninety seconds. No
one was leaving. A security guard walked past with a clipboard. Then
the second alarm started — a different tone, lower, with a pulse. The
guard checked his watch. She watched him reach for his radio, speak
into it, and walk toward the east exit at a regular pace. The stores
continued operating through the test. On schedule. A woman at the
pretzel stand adjusted the register volume and returned to the counter
without interrupting service. The shoppers continued moving through
the corridor. The second tone ended. The guard returned from the east
wing. She counted the exits she could see from where she stood. Two.",neutral,P_terror-d6-v3,terror,,3.747779118196885,4.164351277324477,3.8542786563410028,1,1,1,0.008135158624511387,3.5782953661530374,4.04881943241143,3.7433343820262754,1,1,1,0.00774961292071361,3.685946057812308,4.091900087282983,3.8244559292177662,1,1,1,0.00743051425147972
N-terror-d6-c4,neutral,none,6.0,Public-Witness-Matched (Civic/Transit Settings),B-terror-d6-v4,112,"The man in the waiting room had been sitting across from her for
twenty minutes. His bag was on the floor between his feet. Every three
minutes he looked at the clock, then at the door, then adjusted the
bag with his foot — shifting it to one side, then the other. She
noticed four cycles. On the fifth, he checked the clock, checked the
door, and stood up. He picked up the bag. He walked to the desk. She
looked at the desk. The receptionist handed him a form. The bag was on
the counter. She counted the people in the room. Eleven. She returned
to her magazine. One article left.",neutral,P_terror-d6-v4,terror,,3.764416776934876,4.088213949847386,3.802186545472349,1,1,1,0.006907555451178397,3.5326143484156574,3.969240323622388,3.720559340729276,1,1,1,0.00608790962302238,3.537576386309509,3.9909294730789497,3.7802250694408768,1,1,1,0.005957010281833728
N-ecstasy-d4-c1,neutral,none,4.0,Caregiving-Responsibility-Matched (Dependent/Institutional Settings),B-ecstasy-d4-v1,107,"The speech therapist had been working with his daughter for two years.
Twice a week, forty-five minutes. Flashcards, mouth exercises, tongue
placement drills. His daughter was four. She had been producing the
target syllable since January. He was in the kitchen when the therapist
finished the session and called from the hallway. She said ""she's done
for today"" and read the progress notes. The consonant scores were
consistent. The vowel scores were consistent. The numbers matched the
targets set at the quarterly review. He wrote them in the log on the
counter. The next session was Thursday. She had four more exercises
assigned for the week.",neutral,P_ecstasy-d4-v1,ecstasy,,3.761590305984273,4.222773999498184,3.9750859096531777,1,1,1,0.01040538778481997,3.621848876143888,4.0985054162918155,3.9174245855574874,1,1,1,0.010813128337453305,3.7156119141212294,4.148263648572146,4.003931192974964,1,1,1,0.01090874071907247
N-ecstasy-d4-c2,neutral,none,4.0,Caregiving-Responsibility-Matched (Dependent/Institutional Settings),B-ecstasy-d4-v2,114,"The doctors said she would need the brace until the next review. That
was January. It was now October. His daughter was sitting in the living
room with one hand on the couch. She lifted her hand. She reached for
the remote. Both feet on the floor. The brace was on the cushion —
removed for the evening exercises. She held the position for four
seconds — he counted them — and shifted her weight. One adjustment.
She looked down at her foot. Then a second adjustment. He was in the
chair six feet away. He wrote the number in the log. She completed the
set. The distance between the couch and the chair was six feet.",neutral,P_ecstasy-d4-v2,ecstasy,,3.719198459920882,4.087541960769238,3.8823761581508744,1,1,1,0.008019526584725142,3.7030275347395567,4.021398488190493,3.824385507989793,1,1,1,0.007646455659141433,3.699879670537987,4.06307979883747,3.913510442800487,1,1,1,0.0069400410210202585
N-ecstasy-d4-c3,neutral,none,4.0,Caregiving-Responsibility-Matched (Dependent/Institutional Settings),B-ecstasy-d4-v3,102,"His mother had been at the facility for fourteen months. The chart said
""stable and consistent."" He visited every Sunday at 10 AM and brought
flowers because the routine included an object. He was arranging them
in the vase on the windowsill when she spoke. She asked about the
weather. Not a question about her brother. Not about his father. The
weather. He turned around. She was looking at the window. Both eyes on
the glass. He walked to the chair beside her bed and sat down. She
asked if it was still raining. He said it had stopped an hour ago.",neutral,P_ecstasy-d4-v3,ecstasy,,4.157798764651224,4.2054719101035065,3.889895922115634,1,1,1,0.0105094891962908,3.774347943102041,4.056901704788519,3.777935669861158,1,1,1,0.009124499423076977,3.902382580896876,4.070954432161789,3.786364439480769,1,1,1,0.009436667039958853
N-ecstasy-d4-c4,neutral,none,4.0,Caregiving-Responsibility-Matched (Dependent/Institutional Settings),B-ecstasy-d4-v4,108,"The enrollment had been final for three months. The boy was seven. He
called them by their first names. She was packing his lunch on a
Tuesday morning when he spoke from the hallway. ""You forgot the
apple."" He said it the way he said everything — flat, mid-sentence,
already past it. She was holding the zipper of the backpack. She
closed it and set it on the counter. He was putting on his shoes by
the door. She put the apple in the bag. She pulled the zipper. She
drove him to school at the usual time and came back to the kitchen and
wiped the counter where the backpack had been.",neutral,P_ecstasy-d4-v4,ecstasy,,3.9072238123137106,4.189491019960876,3.8485172479582723,1,1,1,0.005382440012667039,3.8129816717995366,4.115225026793899,3.7974700278716025,1,1,1,0.006631060142112914,3.9348324403146457,4.095292494245905,3.852823268056618,1,1,1,0.006452017206693472
N-ecstasy-d5-c1,neutral,none,5.0,Inheritance-Legacy-Matched (Intergenerational/Archival Settings),B-ecstasy-d5-v1,111,"The scholarship had been institutional. She had known that fifteen
years ago — a letter informing her that the university had covered
full tuition for four years. She graduated. She built a career. Her
name was above a door now. Her mother died in April. In the filing
cabinet: a standard mortgage on the house, dated four years before the
scholarship letter. The monthly payments matched the original
amortization schedule. Her mother had been a secretary. She had
mentioned the mortgage once. The house was paid off. The last payment
was dated three months before the refinance. She held the mortgage
paper and the account statement side by side. The numbers matched.",neutral,P_ecstasy-d5-v1,ecstasy,,3.7070927673565786,4.375278403886331,4.1803915667973355,1,1,1,0.008562213831249565,3.520625109696518,4.165504011226656,3.984937424026947,1,1,1,0.00890107986692091,3.5596878619423027,4.3254542869238435,4.179596765599785,1,1,1,0.007265725103325733
N-ecstasy-d5-c2,neutral,none,5.0,Inheritance-Legacy-Matched (Intergenerational/Archival Settings),B-ecstasy-d5-v2,107,"The drop cloths were in the barn behind her grandfather's house.
Forty-three of them, folded on shelves. Her grandfather had been a
house painter for forty-one years. He had stored them after each job.
She unfolded the first one and held it to the light from the barn
door. She unfolded the second. The third. By the seventh she had
stopped counting and started stacking them against the wall. The
fabrics were standard canvas. The folds were consistent. They were the
work of someone organized. Forty-three cloths. Forty-one years of
houses. He had kept them in the barn, sorted, and labeled each one.",neutral,P_ecstasy-d5-v2,ecstasy,,3.7285383575097923,4.090337043710731,3.744130929094823,1,1,1,0.008804548505690462,3.6472208349399997,4.088697072111968,3.67437282633355,1,1,1,0.00860551849063311,3.774216808627922,4.092211864299456,3.7882310076592263,1,1,1,0.007778065735892182
N-ecstasy-d5-c3,neutral,none,5.0,Inheritance-Legacy-Matched (Intergenerational/Archival Settings),B-ecstasy-d5-v3,109,"The DNA results had been on the website for three weeks before she
checked. The match was near the top. Third-degree relative. She had
submitted her sample for a genealogy project and expected regional
estimates. The name was a woman in a city two hundred miles away who
had submitted her sample four years ago. Four years. She clicked the
profile. The woman had written one line in the contact field: ""Willing
to compare records if you are researching the same branch."" She read
it. She bookmarked the page. She drafted a reply with her surname
variants and the county records she had already checked. She clicked
send.",neutral,P_ecstasy-d5-v3,ecstasy,,3.6894574988009854,4.280482299191407,4.002830970575642,1,1,1,0.010049822210234616,3.585415021496206,4.218277544803168,3.856584581079498,1,1,1,0.010364745650346943,3.592081239610425,4.177484963126635,3.9915786966339146,1,1,1,0.009406331593338174
N-ecstasy-d5-c4,neutral,none,5.0,Inheritance-Legacy-Matched (Intergenerational/Archival Settings),B-ecstasy-d5-v4,110,"The envelope was taped inside the family Bible. His father's
handwriting on the front: ""Insurance and property records."" His son
was three weeks old. The envelope had been there since before he was
born — his father had filed it when he bought the house. He opened
it. Three pages. The documents listed the original purchase price, the
lot dimensions, the property tax schedule, the name of the title
company, the survey date, and the insurance policy number. At the
bottom, a note: ""Keep these with the deed."" He placed the pages back
in the envelope. His son was in the next room. He could hear him from
where he stood.",neutral,P_ecstasy-d5-v4,ecstasy,,3.749891649866946,4.377020160240595,3.975728359678592,1,1,1,0.0060006632324799995,3.6077299706908073,4.2054944677201975,3.8695540043871097,1,1,1,0.006405170449581984,3.6344065487043262,4.27516767704594,3.981673730752323,1,1,1,0.005543111180397678
N-ecstasy-d6-c1,neutral,none,6.0,Public-Witness-Matched (Civic/Transit Settings),B-ecstasy-d6-v1,117,"The woman at the coffee counter put down her phone and placed both
hands flat on the surface. The barista asked if she was ready to
order. She picked up the phone and looked at the screen again. She put
one hand on the counter. She turned to the man behind her in line — a
stranger — and asked if he knew the Wi-Fi password. The man checked
his phone. The woman stepped to the side and typed something on her
screen. She returned to the counter and ordered. The person behind the
register rang up the total. The person beside them restocked the cups.
The woman stood at the pickup end with her receipt in one hand.",neutral,P_ecstasy-d6-v1,ecstasy,,4.093748733951506,4.474579621564904,3.989918452975577,1,1,1,0.0076359140502572425,4.030539907515829,4.362877840156786,3.926346404418825,1,1,1,0.008619605898341258,4.120114528643908,4.407986619019195,3.9715850772409396,1,1,1,0.006636800213677776
N-ecstasy-d6-c2,neutral,none,6.0,Public-Witness-Matched (Civic/Transit Settings),B-ecstasy-d6-v2,109,"The violinist had been playing in the underpass for twenty minutes.
People walked past. She shifted keys and began a piece that maintained
a steady tempo. A man carrying groceries adjusted his grip and kept
walking. A woman on the phone said ""go ahead"" and continued down the
corridor. By the three-minute mark, fourteen people had passed through
the underpass. All of them had been walking somewhere. The violinist's
case was open on the ground and a few coins sat at the bottom. Her bow
moved and the sound carried through the concrete. When she finished
the piece, she turned a page in the binder and began another.",neutral,P_ecstasy-d6-v2,ecstasy,,4.010772698889475,4.3041141014263715,4.001671360664694,1,1,1,0.008602537883927678,3.7751807987498323,4.226898931258271,3.8966806020935665,1,1,1,0.007716566357923903,3.9787208001692647,4.248060518640761,4.006808067928822,1,1,1,0.008376414119265626
N-ecstasy-d6-c3,neutral,none,6.0,Public-Witness-Matched (Civic/Transit Settings),B-ecstasy-d6-v3,115,"He was in the back row of the auditorium. The names were being read
alphabetically. He was there for his niece. From where he sat he could
see a woman in the fourth row holding a phone up to record. When a
name was called — not a name he recognized — the woman checked her
phone screen. The man beside her adjusted his seat. A boy, maybe ten,
looked at the stage. The graduate crossed the stage and collected the
diploma with one hand. The woman shifted her phone to the other hand.
She continued recording. The boy beside her looked at the program. The
woman put the phone down when the next name was called.",neutral,P_ecstasy-d6-v3,ecstasy,,3.7564660764799056,4.2594243263767435,3.908603636893225,1,1,1,0.006200028717105426,3.6439026727133856,4.103810235188987,3.7942992347523057,1,1,1,0.00747909673617361,3.493286377422173,4.065985568431827,3.8199117819850668,1,1,1,0.004932263650034344
N-ecstasy-d6-c4,neutral,none,6.0,Public-Witness-Matched (Civic/Transit Settings),B-ecstasy-d6-v4,116,"The arrivals gate opened and people came through one at a time. A man
came through carrying a duffel bag, scanning the faces. A woman thirty
feet to her left held a name card at chest height. The man saw it. He
shifted the bag and walked over. She lowered the card. They stood
there. The stream of passengers moved around them. He set the bag
down. The duffel was on the floor beside his feet. Her briefcase was
where she had been standing. Two bags, four feet apart, and the two
people between them checking a printed schedule. Security walked past
and looked at the bags and then at the two people and kept walking.",neutral,P_ecstasy-d6-v4,ecstasy,,3.8450149614434697,4.306515268971648,3.627831268126951,1,1,1,0.005687107939470813,3.585530878822794,4.1725023558452445,3.5261466179040584,1,1,1,0.006290247864414162,3.6188756252144403,4.251306781306448,3.581188649839816,1,1,1,0.004915387063316707
N-loathing-d4-c1,neutral,none,4.0,Caregiving-Responsibility-Matched (Dependent/Institutional Settings),B-loathing-d4-v1,104,"The camera had been in the bookshelf for two weeks. She reviewed the
footage after the sitter left. The first days were routine. By day
eight, the sitter was picking up the baby within two minutes of any
sound from the crib. On day eleven, she ate at the kitchen table for
fifteen minutes while the baby slept in the other room. On day twelve,
the sitter changed the diaper, checked the skin, and applied the
standard cream. She closed the diaper. The daily log was on the
counter. Every entry included the feeding times and the nap schedule.
She read day twelve again. The sitter had noted the cream application.",neutral,P_loathing-d4-v1,loathing,,3.972812839434756,4.406807432788177,3.985749116573598,1,1,1,0.007382374821816123,3.7813388619211934,4.2720137852822075,3.878123749677201,1,1,1,0.00744690208308966,3.991358936381282,4.299718003854958,3.9984208710472324,1,1,1,0.006371037788007511
N-loathing-d4-c2,neutral,none,4.0,Caregiving-Responsibility-Matched (Dependent/Institutional Settings),B-loathing-d4-v2,101,"The facility tour showed the front wing — fresh paint, plants in the
hallway, a dining room with tablecloths. Her mother would be in the
back wing. On her second visit she walked past the front area to the
back wing. The back wing had the same layout. Three doors were open. In
the first room, a woman sat watching a nature program on the
television. In the second, a man was resting at 2 PM, the food tray
cleared and stacked on the side table. In the third, the sheets were
tucked with hospital corners. The activity board in the back hallway
listed a craft session at three. The one in the front hallway listed
the same.",neutral,P_loathing-d4-v2,loathing,,3.73621557876681,4.337836492625774,3.9903068728517606,1,1,1,0.007621556147132864,3.6514469417643767,4.23541024334586,3.9095038499078263,1,1,1,0.008301060379277492,3.732947740618286,4.291025731170803,3.9440023111043216,1,1,1,0.006756434118101623
N-loathing-d4-c3,neutral,none,4.0,Caregiving-Responsibility-Matched (Dependent/Institutional Settings),B-loathing-d4-v3,103,"The recording was on her son's tablet. He had left the voice memo
running — he did this sometimes. The first eleven minutes were
classroom sounds. At minute twelve, two adults were speaking. One was
his teacher. She described her son to the aide. She used the standard
assessment language, then summarized it. She described his progress in
the classroom as ahead of the term schedule. She said a sentence about
what he would work on next. The sentence was specific. He was in the
room during the conversation — his sounds were audible in the
background. The teacher knew he was there. The aide confirmed the
timeline. The recording continued for four more minutes. Both adults
discussed the next unit.",neutral,P_loathing-d4-v3,loathing,,3.76408895290646,4.202349991102155,3.8632403551360004,1,1,1,0.01021491703442055,3.5810222436036714,4.05395792502869,3.8070850766326054,1,1,1,0.008971560536988008,3.5859079151240207,4.107868820020421,3.831992675400007,1,1,1,0.008477893691749424
N-loathing-d4-c4,neutral,none,4.0,Caregiving-Responsibility-Matched (Dependent/Institutional Settings),B-loathing-d4-v4,103,"The pharmacy records arrived in a folder the group home sent with the
monthly update. Her sister's medication list had four prescriptions.
Two she recognized — the ones the doctor had discussed. The other two
had been added after the last consultation. She looked up the names.
One was a vitamin supplement. The other was for seasonal allergies. The
dosing log showed both administered at 6 PM — one hour before the
evening shift change. The nightly notes since March read ""comfortable
and on schedule."" She checked the March notes. ""Resident began new
supplement regimen during evening hours."" The next entry confirmed the
two additions. The entry after that: ""comfortable and on schedule."" It
was September.",neutral,P_loathing-d4-v4,loathing,,4.006631337911955,4.4681261704351325,4.1301432003572405,1,1,1,0.008331830914183424,3.7942237958922105,4.306799938222499,3.9500820395231226,1,1,1,0.006787567822304331,4.0211248817090715,4.510226388137342,4.156076048787291,1,1,1,0.006487254354092759
N-loathing-d5-c1,neutral,none,5.0,Inheritance/Legacy-Matched (Intergenerational Records),B-loathing-d5-v1,104,"The ledger books were in the basement with her grandfather's business
records, 1961 to 1988. The family called it a garment workshop. The
workers were listed by first name and last name. Each had an address on
file. The pay column, adjusted for the years, was at the standard rate
for every entry. The ledger tracked ""advances"" — holiday bonuses that
added to each balance over time. No worker in twenty-seven years had a
negative balance. Not one. Her grandfather had left the family the
building. The building's value had appreciated with the neighborhood
over the decades. She counted the names. Thirty-one workers, each with
a full record on file.",neutral,P_loathing-d5-v1,loathing,,3.738953816113068,4.511912392888945,4.135376820007199,1,1,1,0.007053669571191843,3.5823745638904363,4.3261300962038325,3.9557240061313856,1,1,1,0.00800901958398924,3.6533369575951737,4.517996332695693,4.177697970224751,1,1,1,0.005301870242922024
N-loathing-d5-c2,neutral,none,5.0,Inheritance/Legacy-Matched (Intergenerational Records),B-loathing-d5-v2,107,"The emails were on his mother's old laptop, which he was clearing for
donation. The folder was labeled ""Sent — Personal."" Addressed to a
friend. In them, his mother described the people she helped at the
food bank. She used the same language she used in his presence. She
organized them by pickup schedule. She tracked their preferences. She
noted their dietary needs in terms that matched the intake forms. She
had volunteered for twenty-two years. The emails spanned nineteen. She
had written these inventory notes while sorting donations and being
photographed for the annual newsletter standing beside the shelving
unit she had organized. The newsletter was in a frame in the hallway.
The laptop was on the desk.",neutral,P_loathing-d5-v2,loathing,,3.797273005818385,4.317923724296699,3.9375877435480557,1,1,1,0.008218401504963741,3.7018892999302193,4.2404915341535805,3.864069756078593,1,1,1,0.008124201320338727,3.791292607414033,4.32521807151886,3.926963765959993,1,1,1,0.007773187402558191
N-loathing-d5-c3,neutral,none,5.0,Inheritance/Legacy-Matched (Intergenerational Records),B-loathing-d5-v3,97,"The will included a property she had heard about — an apartment
building across the city. She drove there. Sixteen units. The hallway
had working lights on every floor. The fire escape was accessible and
recently inspected. The rent rolls, attached to the will's schedule,
showed amounts consistent with the neighborhood average. The
maintenance ledger: four expenditures for the current year. She
checked the previous year. Six. The year before. Five. Her grandmother
had collected rent on sixteen apartments for eleven years and
maintained them on a regular cycle. The tenants were still living
there. They were still renewing.",neutral,P_loathing-d5-v3,loathing,,3.7856991494604917,4.334749544310166,4.1676581753767685,1,1,1,0.008797764169538232,3.5278401234738643,4.203130903104964,3.987264243635754,1,1,1,0.006342051760020075,3.7614588908735307,4.35027773747653,4.1878165836716015,1,1,1,0.007426649658433976
N-loathing-d5-c4,neutral,none,5.0,Inheritance/Legacy-Matched (Intergenerational Records),B-loathing-d5-v4,109,"His uncle's filing cabinet had a labeled drawer marked ""Professional.""
His uncle had been a veterinarian for twenty-eight years before he
retired in November. The drawer held insurance claims for procedures
performed over the final year. The ""pre-op"" and ""post-op"" photographs
showed different conditions — healed incisions, changed markings,
updated positions. The animals had been sedated, treated, and
returned. Owners were sent the post-op reports when the procedures
were complete. Insurance processed the claims. He counted the files.
Hundreds. Twenty-eight years of records for operations documented with
photographs, on animals that went home carrying documentation their
owners kept in household files. The practice had been sold. The new
veterinarian had the files. The labeled drawer was organized
alphabetically.",neutral,P_loathing-d5-v4,loathing,,3.7557926966572177,4.375067061656713,3.980126986904421,1,1,1,0.00702400551890759,3.629207313500704,4.230292797453787,3.8189185437012085,1,1,1,0.00651899339692092,3.8782600907673794,4.427093484579611,4.1382774584122615,1,1,1,0.006966894106547174
N-loathing-d6-c1,neutral,none,6.0,Public-Witness-Matched (Civic/Transit Settings),B-loathing-d6-v1,107,"The food cart had a line of twelve people. She was standing at an
angle that let her see behind the service window. The cook placed a
piece of meat on the grill. He turned it once. He placed it on a plate
and served it to the next person in line. The person took the plate
and walked away. She watched the cook prepare three more orders. He
changed gloves between raw and cooked items. He wiped the prep surface
with a fresh cloth from the stack beneath the counter. The line was
still twelve people long. None of them could see behind the window from
where they stood. She could.",neutral,P_loathing-d6-v1,loathing,,4.012133681197113,4.147364625468431,3.904642090923278,1,1,1,0.007202022647668047,3.6996369847175723,4.067483425446859,3.776715465868534,1,1,1,0.0055233631725737425,3.805331774026769,4.045567338350073,3.801781583137326,1,1,1,0.005626157765554244
N-loathing-d6-c2,neutral,none,6.0,Public-Witness-Matched (Civic/Transit Settings),B-loathing-d6-v2,101,"She was at the next table when the woman's phone rang. The woman
answered with a professional voice — a scheduling call, audible in the
phrasing. When the call ended, the woman turned to her companion and
described the afternoon agenda by topic. She outlined the next
meeting's structure. Her companion nodded. She described another item.
Then another. Four agenda topics covered in eighteen minutes, each with
a specificity that came from preparation. The woman ordered another
drink. She did not raise her voice. The tables were three feet apart.
She was reviewing the schedule on a patio and confirming the timeline
for her companion.",neutral,P_loathing-d6-v2,loathing,,3.9847978437287592,4.278116275721182,3.987469084945155,1,1,1,0.007576493309093017,3.6658919243933212,4.185047963007851,3.825872355146244,1,1,1,0.006133550027911389,3.822983250879538,4.200884443689639,3.895174226259882,1,1,1,0.00685908005384531
N-loathing-d6-c3,neutral,none,6.0,Public-Witness-Matched (Civic/Transit Settings),B-loathing-d6-v3,95,"The community garden tour included everything, including the
greenhouse. He walked in with the group. The front beds held the
plants from the website — tomatoes, herbs, the pollinator garden that
won an award. Inside the greenhouse: organic fertilizer bags stacked
along the wall. The brand was listed as approved in the garden's own
certification documents. The runoff channel led to a filtration bed
behind the fence — the watershed the website called ""protected by our
sustainable practices."" The award plaque was mounted on the outside
wall, facing the tour path. It was visible from inside the greenhouse.",neutral,P_loathing-d6-v3,loathing,,3.9670295544921257,4.578479446387318,4.130158147492612,1,1,1,0.006333506430313374,3.9248073529241343,4.555168397540977,4.087155165993958,1,1,1,0.007549127225974531,3.870740241177533,4.542709810912506,4.179942095980405,1,1,1,0.0072716708957385485
N-loathing-d6-c4,neutral,none,6.0,Public-Witness-Matched (Civic/Transit Settings),B-loathing-d6-v4,102,"The man at the counter was explaining the status of the woman's
application. He spoke clearly. She held a folder of supporting
documents. He opened it and reviewed the contents. He listed the items
received. She confirmed each one. He said the review would take two
weeks. She asked if she could check on it before then. He said she
could call the main line any weekday. She asked if someone specific
would handle it. He said he would be the primary contact. She stood at
the counter. He entered the information on his screen. Through the
glass partition behind him, three other people sat at three other
desks. One of them looked up and nodded. The woman closed the folder.
She left with a receipt.",neutral,P_loathing-d6-v4,loathing,,3.861515880513176,4.184211061640787,3.9702107788227936,1,1,1,0.008964790133716209,3.7782351525245157,4.121256900699172,3.8418799166066595,1,1,1,0.009411448771985804,3.8758554260605305,4.180901698497104,3.95322897299807,1,1,1,0.008240355780739955
N-amazement-d4-c1,neutral,none,4.0,Caregiving-Responsibility-Matched (Dependent/Institutional Settings),B-amazement-d4-v1,96,"His son was four and had begun speaking at the usual age. The
specialists had a term for his developmental stage and a timeline that
matched the standard range. He walked into the living room on a Tuesday
and his son was sitting on the floor with two dozen wooden blocks
arranged in a row. He looked at the arrangement. It was a line of
alternating colors — red, blue, red, blue — following the pattern on
the box the blocks came in. The boy had been holding a pencil that
morning. He had built a single row from the set on the carpet, and the
colors matched the packaging.",neutral,P_amazement-d4-v1,amazement,,3.7670127220270144,4.123798516173356,3.785621385863305,1,1,1,0.005816467697232979,3.4701063783543398,4.022132875105644,3.71611653668166,1,1,1,0.005746875662876326,3.544201579313872,4.047445347634927,3.6912142026220582,1,1,1,0.004904051547595301
N-amazement-d4-c2,neutral,none,4.0,Caregiving-Responsibility-Matched (Dependent/Institutional Settings),B-amazement-d4-v2,101,"Her mother had recognized her each visit for the past fourteen months.
The doctors used the word ""stable."" She visited on Sundays and sat in
the chair and held her mother's hand and her mother looked at the
window. On this Sunday, a piano in the common room was left open. Her
mother glanced at the bench and stayed seated. A staff member played a
short piece during the afternoon activity hour. Both hands. Sheet
music on the stand. The notes followed the printed page. Her mother
had not played piano since 1987. When the piece ended, her mother
returned to looking at the window. The staff continued their rounds.",neutral,P_amazement-d4-v2,amazement,,4.142953497329269,4.305693768998259,4.106588579422873,1,1,1,0.008655523044360652,3.8593653080520753,4.1641311054980354,3.921847424211914,1,1,1,0.008074618380652456,4.171004699781476,4.226535316921493,4.088278326969545,1,1,1,0.009871795810501799
N-amazement-d4-c3,neutral,none,4.0,Caregiving-Responsibility-Matched (Dependent/Institutional Settings),B-amazement-d4-v3,99,"The foster child had been with them for eleven weeks. She was eight.
She did not speak about school. Her backpack came home zipped and she
took it to her room. On conference night, the teacher handed him a
folder. Inside were thirty-one pages of math — third-grade math. The
problems were from the standard workbook the teacher had assigned to
the class. The girl had been completing the exercises during class
time, writing answers in the spaces provided in her workbook. She had
gotten most of them right. She was eight and she had been working
through the curriculum at the expected pace for eleven weeks.",neutral,P_amazement-d4-v3,amazement,,4.12889860923376,4.129057431766759,3.9375927374282966,1,1,1,0.008169569306394753,3.827424387781036,4.073447753010599,3.8161601042799402,1,1,1,0.008097833208259915,3.9780401177304507,4.10566468013968,3.8686329695026247,1,1,1,0.008708977588135809
N-amazement-d4-c4,neutral,none,4.0,Caregiving-Responsibility-Matched (Dependent/Institutional Settings),B-amazement-d4-v4,96,"His grandfather had stopped walking six months ago. The wheelchair was
standard, the doctors said. He was visiting on a Saturday when he
heard the television from the living room. His grandfather was sitting
in the chair by the window, and on the side table was a model ship
from a kit — balsa wood, pre-cut pieces, plastic sails — each section
assembled following the instructions. The rigging was the included
thread. The sails were the printed sheets from the box. The hull was
forty-two centimeters long. His grandfather had been building it on
weekday mornings for six months, sitting at the table, following the
steps in order.",neutral,P_amazement-d4-v4,amazement,,3.77359619664062,4.320541537351896,4.009172890383088,1,1,1,0.007384152517506858,3.723487149475465,4.26131652356531,3.8986499049972183,1,1,1,0.007726688234618255,3.7966746765630415,4.250695875846138,4.0017885749617355,1,1,1,0.005984756644605203
N-amazement-d5-c1,neutral,none,5.0,Inheritance/Legacy-Matched (Intergenerational Records),B-amazement-d5-v1,102,"The storage unit had been paid automatically since her grandmother's
death in 2004. She opened it expecting furniture. Inside were
forty-six boxes. Household items — kitchenware, linens, a set of
seasonal decorations organized by month. The earliest label was dated
1961. The most recent was 2003. Her grandmother had been a bank teller
for forty years. She had mentioned the unit once or twice. There was
no inventory list, no photographs of the contents. But the boxes were
packed in order from back to front in a sequence that covered four
decades, and each one was labeled with a date she could cross-reference
with the lease.",neutral,P_amazement-d5-v1,amazement,,3.839116559353156,4.474918219945138,4.120376085894908,1,1,1,0.008521241639373563,3.5910081843216966,4.301768905334911,3.9482378281623856,1,1,1,0.008460445696020176,3.675815236815601,4.368239177758997,4.117293838915165,1,1,1,0.0076361090452521305
N-amazement-d5-c2,neutral,none,5.0,Inheritance/Legacy-Matched (Intergenerational Records),B-amazement-d5-v2,100,"His father had worked in a shoe factory for thirty-three years. After
the funeral, he found a notebook in the bottom drawer of the desk his
father kept by the bed. The notebook contained expense records.
Eighty-seven pages, written in pencil, in handwriting he recognized.
The entries were dated. He photographed a page and compared it to the
household receipts in the filing cabinet. The figures matched. The
records were thorough. Every entry tracked the same categories his
father had listed on the household budget pinned to the kitchen wall.
His father had not finished secondary school. The pencil marks were
neat and evenly spaced on every page.",neutral,P_amazement-d5-v2,amazement,,3.9582508969403496,4.354843532121113,4.235519374251257,1,1,1,0.009330798950018161,3.563472183007805,4.1971295903251695,3.996816674025777,1,1,1,0.007640133513064098,3.8210960380263437,4.298962815943771,4.244229466686145,1,1,1,0.009021586750310048
N-amazement-d5-c3,neutral,none,5.0,Inheritance/Legacy-Matched (Intergenerational Records),B-amazement-d5-v3,97,"The house was being cleared for sale. In the attic, behind a water
heater that had not worked in years, she found a trunk with her
great-aunt's name on the clasp. Inside were letters in one
language — English. Her great-aunt had worked at the post office in a
town of nine hundred people. She had traveled to the state capital
twice for postal service conferences. The letters were addressed to
family members, neighbors, and a few former classmates. Forty-two
correspondents over twenty-eight years. The letter on top was from a
cousin in the next county. It began, ""Your package arrived on
Tuesday.""",neutral,P_amazement-d5-v3,amazement,,3.8055868361925045,4.3615921428780915,3.886980637806036,1,1,1,0.006043394355566285,3.724910314750659,4.198815347222148,3.741311379294689,1,1,1,0.0062084710237047085,3.6864308017904763,4.276439738073884,3.86791595394088,1,1,1,0.005436344850272514
N-amazement-d5-c4,neutral,none,5.0,Inheritance/Legacy-Matched (Intergenerational Records),B-amazement-d5-v4,104,"The family had always known the grandfather planted trees. It was what
he did on Saturdays. After he was gone, the county surveyor came to
assess the property. The surveyor walked the land for three hours and
came back to the house with a map. The trees were in rows. Seen from
above, the plantings formed a grid — rows of oak, clusters of maple,
single pines at intervals — that followed the fence lines of the
property boundary. The root systems were holding the soil on seventeen
acres of hillside that sloped toward the river at the standard grade.
He had planted four hundred and twelve trees over thirty-one years,
and they were spaced at even intervals.",neutral,P_amazement-d5-v4,amazement,,3.880480375208098,4.420563813180319,4.148479597558785,1,1,1,0.0060212804554131945,3.5997783698977805,4.252711289992549,3.9841398417078353,1,1,1,0.007226158232711427,3.7125870285818894,4.408544424963373,4.088626072379662,1,1,1,0.005781063491721015
N-amazement-d6-c1,neutral,none,6.0,Public-Witness-Matched (Civic/Transit Settings),B-amazement-d6-v1,99,"The subway car was full. A man in a maintenance uniform was sitting in
the corner seat with a piece of paper and a pencil. She glanced over
because the pencil was moving steadily. He was writing a list. Not
notes — a grocery list. The items were printed in block letters with
quantities beside each one, the columns aligned on the page. He had
written nine items on a single sheet. Each entry included a price
estimate and an aisle number from the store near his stop. The train
reached his stop. He folded the paper, put it in his pocket, and
left.",neutral,P_amazement-d6-v1,amazement,,3.880741626783262,4.1339058158957025,3.7210818011042956,1,1,1,0.005431222412800063,3.7301684673951407,4.123968574725423,3.6914905647908682,1,1,1,0.006479766475494125,3.707105536076639,4.079568906459072,3.6631231634186907,1,1,1,0.005397364044101919
N-amazement-d6-c2,neutral,none,6.0,Public-Witness-Matched (Civic/Transit Settings),B-amazement-d6-v2,103,"The stalled car had slowed traffic on the bridge. A delivery truck had
pulled onto the shoulder behind it, hazard lights on. The driver was
visible through the windshield. A woman walked out of the line of
stopped cars. She was carrying a set of jumper cables from her trunk.
She opened the hood of the stalled car and connected the cables to the
battery terminals in the standard configuration — red to positive,
black to ground. The car started on the second try. She disconnected
the cables, returned to her car, and sat down. She had been on the
bridge for four minutes. The cables she had used were the standard
gauge sold at auto supply stores.",neutral,P_amazement-d6-v2,amazement,,3.8888600513986984,4.3734062713680775,4.016050308575179,1,1,1,0.007400930578463789,3.8972005076200142,4.266506222513491,3.93320305330943,1,1,1,0.008632448631484697,3.9021898967114494,4.319016443925301,3.974912498902052,1,1,1,0.007837482492910811
N-amazement-d6-c3,neutral,none,6.0,Public-Witness-Matched (Civic/Transit Settings),B-amazement-d6-v3,98,"The waiting room had been quiet for an hour. An elderly man in the
corner had a deck of cards. He was playing solitaire on the magazine
table. Not a complicated variant. A standard game. The layout was
seven columns wide. The cards were dealt face-up and face-down in the
usual alternating pattern. He moved cards between columns following the
rules. He completed one suit and set it aside. The game used all
fifty-two cards. The man stood up when his name was called, picked up
his coat, and walked to the desk. He left the cards in a stack on the
table. They were still there when she left.",neutral,P_amazement-d6-v3,amazement,,3.870968555342529,4.081550705003692,3.8686915560430366,1,1,1,0.004999936719241378,3.663572400746263,3.969169273503924,3.770474608203899,1,1,1,0.005800854259542367,3.92016337638998,3.9951249819877197,3.8577941122316255,1,1,1,0.00589985709524178
N-amazement-d6-c4,neutral,none,6.0,Public-Witness-Matched (Civic/Transit Settings),B-amazement-d6-v4,102,"The street performer had a table and three cups. The crowd expected a
shell game. He placed a coin under the center cup. Then he shuffled
the cups on the table, moving them in a standard pattern. He asked a
woman to point to the cup with the coin. She pointed. He lifted it.
The coin was there. He shuffled them again. She pointed. He lifted it.
The coin was there. He turned all three cups over. One coin, two empty
cups. He reached into his pocket and produced a second coin for the
tip jar. Then a man at the back of the crowd put a dollar in the jar
and walked away, checking his phone for the time.",neutral,P_amazement-d6-v4,amazement,,3.9066724782481432,4.219809497118019,3.752887592142401,1,1,1,0.005924223758742936,3.7445762640219384,4.14801461794589,3.6912250354092904,1,1,1,0.00634217715897428,3.6572300449845594,4.117983455605433,3.700060530556718,1,1,1,0.004655118142778647
N-admiration-d4-c1,neutral,none,4.0,Caregiving-Responsibility-Matched (Dependent/Institutional Settings),B-admiration-d4-v1,103,"The aide had been with his father for three years. She arrived at seven
each morning. He installed a camera when the diagnosis changed, not
because he doubted her but because the agency required it. He watched
the footage once, on a Sunday. She assisted his father through the
morning routine. She followed the checklist. She confirmed the
medication schedule, checked the fluid intake log, and noted the time
in the binder. His father had not responded to speech in eleven months.
She completed the tasks on the care plan. Every morning. The footage
showed her adjusting his collar before the next aide arrived, folding
the fabric flat, the way the protocol described.",neutral,P_admiration-d4-v1,admiration,,3.822300885914794,4.439552223899888,4.045898324117963,1,1,1,0.00890452367692102,3.617618918703976,4.312409994363342,3.895837389291476,1,1,1,0.010504833450530035,3.7545030222739233,4.326734509468499,4.040299358625332,1,1,1,0.008483587997014975
N-admiration-d4-c2,neutral,none,4.0,Caregiving-Responsibility-Matched (Dependent/Institutional Settings),B-admiration-d4-v2,100,"His sister had taken their mother in when the lease on her apartment
ended. She had a two-bedroom apartment and two children of her own.
She kept the bedroom arrangement as it was. She slept in the bedroom
for four years. He visited on a Saturday and noticed the couch
cushions were in their standard shape — firm, the foam holding its
original form from regular rotation. The apartment was organized
around the available space: the grab bars the building had installed
during renovation, the labels on the cabinets in standard print, the
path from the bedroom to the bathroom clear of boxes from the move.
His sister was forty-one. She had taken a week off that summer. Her
children set the table for five at the usual time.",neutral,P_admiration-d4-v2,admiration,,3.688353033566553,4.3063898209422415,4.03884729288437,1,1,1,0.008833392677571451,3.581145292509004,4.1544371125224355,3.9141059672295673,1,1,1,0.008053786329074148,3.558870158118415,4.255945999263671,3.9772878381254757,1,1,1,0.006919613858802911
N-admiration-d4-c3,neutral,none,4.0,Caregiving-Responsibility-Matched (Dependent/Institutional Settings),B-admiration-d4-v3,99,"The teacher had a student who could not sit still. The other teachers
had written reports. The file was thick. This teacher requested a
standing desk from the supply office and placed it by the window. She
stocked it with clay from the art room. The boy stood at the desk and
shaped the clay while she taught, and his hands moved constantly and
his attention shifted between the clay and the board. She did this for
the entire year. She submitted the desk request through the standard
form and signed out the clay from the art inventory and she filed a
report. At the end of the year, the boy's file had the usual number
of entries. It was a year like the others.",neutral,P_admiration-d4-v3,admiration,,4.00354659936279,4.364172747541047,4.147868391150874,1,1,1,0.008551914895840305,3.82819751156168,4.204752073096312,4.010017002207203,1,1,1,0.009683149415686966,4.004825855473667,4.357227172882946,4.1101945982447186,1,1,1,0.008595318621999857
N-admiration-d4-c4,neutral,none,4.0,Caregiving-Responsibility-Matched (Dependent/Institutional Settings),B-admiration-d4-v4,102,"The foster father had taken in a boy who ate at the table. The boy ate
in the kitchen, at his assigned seat, with his back to the window. The
foster father did not comment. On the second evening, he set a plate
at the boy's place, with a napkin and a fork, the way he set the
table. On the third evening, he sat at the table himself, across from
the boy, with his own plate. He did this for seven weeks. On the
eighth week, the boy carried his plate to the same seat and sat down.
The foster father carried his plate to the table and sat across from
him, the same distance apart.",neutral,P_admiration-d4-v4,admiration,,3.70645005421467,4.149987713440024,3.9085586208847882,1,1,1,0.007704517835426186,3.4773260384302715,4.053312329757518,3.7905837664362583,1,1,1,0.007694659742932888,3.598030274061876,4.133274687768987,3.8786502913164074,1,1,1,0.007245024142039882
N-admiration-d5-c1,neutral,none,5.0,Inheritance/Legacy-Matched (Intergenerational Records),B-admiration-d5-v1,104,"After her grandfather's funeral, they found the ledger in the back of
the closet. It covered thirty-eight years. Every month, a line item:
a category, an amount, and a note. ""Utilities — electric, fall
quarter."" ""Insurance — home, January."" ""Groceries — household, three
weeks."" The categories filled six notebooks. He had been a custodian
at a high school. His salary was in the public record. She looked at
the numbers. He had allocated his income across the standard household
expenses, every month, for thirty-eight years. He had filed the
notebooks in the closet. The family had known about them. The last
entry was dated nine days before his death. The handwriting was the
same as the first.",neutral,P_admiration-d5-v1,admiration,,3.7519234942781186,4.2344757645357065,4.069781906009248,1,1,1,0.008952583056806341,3.488347675620443,4.09566841413136,3.838397343787402,1,1,1,0.007873938093011292,3.5649891885349,4.221389907949077,4.062070558998634,1,1,1,0.008175675427852514
N-admiration-d5-c2,neutral,none,5.0,Inheritance/Legacy-Matched (Intergenerational Records),B-admiration-d5-v2,99,"The property had been in the family for three generations. When the
county proposed the highway, it would have run along the boundary of
the east side of town. His grandmother had reviewed the easement
terms with the county assessor. She had signed the standard agreement.
The highway went along her property line — past the orchard, past
the barn, past the field where the family had kept horses since 1940.
She had mentioned it during the planning phase. He found the letter
she had written to the county in a drawer, and beneath it, thirty
notices from the planning commission. She had kept them in order. She
had filed responses to each of them.",neutral,P_admiration-d5-v2,admiration,,3.8652315350629003,4.50141318357873,4.215058918159306,1,1,1,0.007376922552126507,3.6854468495853725,4.26990369215865,4.0277750405500425,1,1,1,0.009615947709148805,3.6635686944329806,4.43143488613316,4.23951064513733,1,1,1,0.006085552306899576
N-admiration-d5-c3,neutral,none,5.0,Inheritance/Legacy-Matched (Intergenerational Records),B-admiration-d5-v3,101,"His father had kept a box of tools under the workbench. After the
estate was settled, he opened the box. Beneath the wrenches was a
stack of envelopes, each labeled with a year. Inside each envelope
was a receipt filed on that date, every year from the year the
mortgage began. Thirty-four receipts. His father had filed them
annually. The receipts documented what his father had paid that
year — the property tax, the insurance premium, the maintenance
costs. They were itemized. They were dated. They contained no
discrepancies. His father had tracked the household expenses for
thirty-four years and filed them in a box under the wrenches and
mentioned it once during a conversation about the estate.",neutral,P_admiration-d5-v3,admiration,,3.748935760469356,4.271235578718309,4.125819972290298,1,1,1,0.009017835107033183,3.7396359616111683,4.212781991794779,3.9540361311434005,1,1,1,0.008797996013742308,3.6048100377832597,4.318438540264314,4.144288615243428,1,1,1,0.008420708868330466
N-admiration-d5-c4,neutral,none,5.0,Inheritance/Legacy-Matched (Intergenerational Records),B-admiration-d5-v4,106,"The clinic had been her mother's workplace. She found the paperwork in
a filing cabinet that had not been opened in years — the original
application, approved. A renewal filed the following year. A third. A
fourth. Seven renewals over nine years, each one updated, each one
matching the previous format. Her mother had been a nurse. The clinic
was for the surrounding neighborhood and served the standard patient
population. The first application was approved in 1979. The clinic had
operated continuously since then. Her mother had mentioned the
paperwork during a conversation. The staff knew her as the senior
nurse. The patients knew her as the woman who was there every morning.
She had been there every morning for twenty-four years. The first
seven years, she had been there as the only nurse on staff.",neutral,P_admiration-d5-v4,admiration,,3.9219747544312464,4.416842283477692,4.2563088963973845,1,1,1,0.009125076670176738,3.633772970627718,4.247470633075457,4.001782870892004,1,1,1,0.006850449777385927,3.8741388264350594,4.414973797250866,4.215476718738465,1,1,1,0.00806307806802714
N-admiration-d6-c1,neutral,none,6.0,Public-Witness-Matched (Civic/Transit Settings),B-admiration-d6-v1,102,"The bus driver had been on the same route for sixteen years. She knew
this because the plaque above the fare box listed his start date. On
this morning, a woman boarded with a stroller and two bags and the
fare card worked on the second tap. The driver waited. He did not say
anything about the delay. He pressed the button for the ramp, secured
the stroller area, and announced the next stop in the standard
recorded voice — the city's transit language, English, the same
announcement that played on every bus. The other passengers waited.
The woman sat down. The driver pulled away from the curb. He had done
this before. It was visible in the way he did it — on schedule,
without delay.",neutral,P_admiration-d6-v1,admiration,,3.7890869985883855,4.258697587040927,4.10263788420051,1,1,1,0.007255024993391101,3.6872677118445987,4.13791341981765,3.933770727831935,1,1,1,0.008434524941749523,3.669260529463838,4.205926410190096,4.0287940783715355,1,1,1,0.007455035785353152
N-admiration-d6-c2,neutral,none,6.0,Public-Witness-Matched (Civic/Transit Settings),B-admiration-d6-v2,97,"The man at the intersection had a cart of belongings and a dog. The
dog was on a standard leash. He watched the man for twenty minutes
from the bench across the street. The man opened a container and ate
from it. He poured water into a bowl and set it beside the dog. He
checked the dog's collar to confirm the tag was attached. He adjusted
the leash so it had the usual amount of slack. Then he closed the
container and put it back in the cart. The dog sat next to him the
entire time. Its coat was the typical length for the breed. The man's
shoes were laced. The dog's leash was a standard clip style.",neutral,P_admiration-d6-v2,admiration,,3.9623233446762405,4.173602932428693,3.8946621225425293,1,1,1,0.008242758028395135,3.747571895500151,4.116686845780287,3.748522557231134,1,1,1,0.007000136459641297,3.756060974505061,4.102212383197153,3.8217669350389514,1,1,1,0.008298930245894957
N-admiration-d6-c3,neutral,none,6.0,Public-Witness-Matched (Civic/Transit Settings),B-admiration-d6-v3,105,"She had been watching the crossing guard for three months from her
office window. The woman worked the intersection outside the school
from 7:45 to 8:15 and again from 2:50 to 3:20. In rain, she wore
the standard-issue reflective vest and held the stop sign at the
marked position. In winter, she arrived at the scheduled time and
stood at the crosswalk — the sidewalks were the city's
responsibility, and the crosswalk was managed by the school district's
safety office. She recognized the regular students by their routes.
She knew which ones walked in groups and which ones were dropped off.
On the morning a parent was running five minutes behind schedule, the
crossing guard noted the time. She finished her shift at 8:15. The
parent arrived at 8:12.",neutral,P_admiration-d6-v3,admiration,,3.70305954586609,4.187305727545612,3.947406462145862,1,1,1,0.00646778783763603,3.322467361694835,3.9894599816823435,3.681682569891853,1,1,1,0.005664143904885781,3.6753827681174127,4.1673092784611585,3.9094238408395774,1,1,1,0.006441937175985312
N-admiration-d6-c4,neutral,none,6.0,Public-Witness-Matched (Civic/Transit Settings),B-admiration-d6-v4,100,"The janitor at the courthouse was there before the building opened
every morning. She arrived early to ride the elevator, because the
elevator was where she checked the posted cleaning schedule. The
floors were clean in a way that matched the standard — the
baseboards, the corners behind the benches, the surfaces of the
handrails. She looked once and after that she used the stairs. The
water fountains were functional. The bathroom tiles had been regrouted
on the maintenance cycle. The brass on the doors was the original
finish. He had been doing this for eleven years and the building
carried the standard level of upkeep. The brass was in his job
description. He cleaned it every morning on schedule.",neutral,P_admiration-d6-v4,admiration,,3.716916955749587,4.2078282693911575,3.9362744822652758,1,1,1,0.008267823771507154,3.6940762240891494,4.116221521882189,3.835487229634166,1,1,1,0.009242455567558476,3.719982172986997,4.230444959101854,3.9531733344279365,1,1,1,0.007004844830730547
N-vigilance-d4-c1,neutral,none,4.0,Caregiving-Responsibility-Matched (Dependent/Institutional Settings),B-vigilance-d4-v1,104,"His mother had been using the bathroom independently for the past
month. Both times she went at night it was between 2 and 4 a.m. He
had moved into the room next to hers and left both doors open. He set
his phone alarm for 7:00. At 7:00 he turned off the alarm and started
the morning. He was aware of three sounds: the bed frame, which
creaked when she shifted her weight; her breathing, which followed
a steady pattern through the night; and the floor, which had a board
near the bathroom door that produced a specific tone under her weight.
Tonight the bed frame creaked at 2:12. The breathing continued at
2:14. He was asleep in the next room while the floorboard sounded.
She reached the bathroom. The path was clear.",neutral,P_vigilance-d4-v1,vigilance,,3.600281341694666,4.061532728341083,3.781781420795154,1,1,1,0.006818920088781891,3.3630993418417554,3.9675213210360223,3.6496858742139096,1,1,1,0.006945307581965091,3.63013818127358,4.034454991110266,3.748977306248785,1,1,1,0.006943890893886375
N-vigilance-d4-c2,neutral,none,4.0,Caregiving-Responsibility-Matched (Dependent/Institutional Settings),B-vigilance-d4-v2,102,"The nurse had twelve patients on the ward. She was checking bed seven.
The patient in bed seven was post-surgical and the vitals were within
range. The oxygen saturation had held steady at the same level for the
last hour. The level was within normal fluctuation. She checked the
chart again. The previous reading had also been the same. Two
consecutive identical readings over two hours produced a flat line. She
calculated that the readings would remain at this level through the
shift. She noted the status in the chart and confirmed the schedule
with respiratory therapy for the standard follow-up. She did not chart
an alert because the numbers did not require one. She continued her
rounds to the next bed at the usual interval.",neutral,P_vigilance-d4-v2,vigilance,,4.0593113371957035,4.205936235575085,4.097392066357153,1,1,1,0.012154853746247139,3.8944172630249354,4.118146118724911,3.965271892123222,1,1,1,0.012357188431575275,4.110360851748403,4.266681437183358,4.145033276637378,1,1,1,0.011895773955719951
N-vigilance-d4-c3,neutral,none,4.0,Caregiving-Responsibility-Matched (Dependent/Institutional Settings),B-vigilance-d4-v3,100,"She had been preparing her daughter's meals for three weeks. The
portions served were measured and presented on the usual plates. She
noted what came back to the kitchen: which foods were eaten, which
were left on the plate, which were pushed to the side. She tracked
the grocery list on a notepad in her desk drawer — items purchased
by week, seven days per row. The pattern was consistent by the second
week. Breakfast finished. Lunch steady. Dinner mostly finished. Her
daughter was sixteen and she was sitting at the table right now,
cutting her food into the usual pieces. She watched from the counter.
She did not comment on the pieces. She was planning the next week's
menu. She was checking what needed restocking.",neutral,P_vigilance-d4-v3,vigilance,,4.0864247942550875,4.274753059852898,4.073947434070803,1,1,1,0.008051757720206838,3.7931211219091883,4.137410682295182,3.8889685485703835,1,1,1,0.006354416805330965,3.8551808802418615,4.168935323626954,3.9972878784791672,1,1,1,0.007723738211246484
N-vigilance-d4-c4,neutral,none,4.0,Caregiving-Responsibility-Matched (Dependent/Institutional Settings),B-vigilance-d4-v4,105,"The handler walked the dog along the perimeter of the building at
6 a.m. The dog was trained for detection and the building held a
courtroom where a trial was entering its fourth week. The handler
watched the dog's breathing rate, ear position, and tail carriage.
At the northeast corner, the dog's ears remained in their neutral
position and held. The breathing rate was steady. The tail stayed
at its standard carry position. The handler continued. The dog was
oriented forward along the path beside the wall. The handler noted
the panel number, the dog's position, the time, and the wind
direction. He radioed the detail to confirm the check was complete.
He did not stop at the panel. He walked the dog forward along the
same path they had been following.",neutral,P_vigilance-d4-v4,vigilance,,3.884911597913478,4.147413678066242,3.967841033855091,1,1,1,0.007049037249580296,3.8167460694578907,4.058882844361467,3.89384163344239,1,1,1,0.008343549388925769,3.969263602968551,4.083230338204355,4.064578740097332,1,1,1,0.008740449767370515
N-vigilance-d5-c1,neutral,none,5.0,Inheritance/Legacy-Matched (Intergenerational Records),B-vigilance-d5-v1,107,"After his grandmother died, he found the notebooks in the kitchen
drawer. One for each grandchild. Seven notebooks. Each one logged
every visit: what the child ate, how long they stayed, which chair
they chose, whether they had brought a jacket. His notebook had an
entry from when he was nine: ""Wore the blue jacket. Stayed for
lunch."" He had been given that jacket for his birthday that year. He
had always known she kept notes. The entries continued through his
twenties. The most recent was from his last visit, four months ago:
""Arrived at noon. Ate two servings. Stayed until three. Mentioned
new project at work — sounded on schedule."" She had been keeping
records of seven people for thirty years.",neutral,P_vigilance-d5-v1,vigilance,,3.5995867794771232,4.101901140173912,3.9674283357361912,1,1,1,0.00751099799865702,3.4193461030505627,4.0154485413075545,3.8390314031955333,1,1,1,0.007281525785827598,3.6634472901777917,4.1419999461096415,4.072860060635298,1,1,1,0.008021843977994086
N-vigilance-d5-c2,neutral,none,5.0,Inheritance/Legacy-Matched (Intergenerational Records),B-vigilance-d5-v2,103,"The house had been his father's project for thirty years. After the
funeral, the contractor came to assess the foundation. He found what
he expected: a drainage system. Standard-issue channels running along
every footing, lined with gravel, routed to a sump basin under the
porch. The channels were clean. His father had maintained them — she
found the maintenance log in the basement, entries every April and
October. The contractor said the water table in the area had been
stable over the past two decades. The houses on the block were in
similar condition. This one matched the rest. His father had maintained
the drainage for thirty years. The house stood on ground that was
stable, and the foundation was in standard condition.",neutral,P_vigilance-d5-v2,vigilance,,3.7239329789377855,4.223245488992525,4.192612007669983,1,1,1,0.009801843219478011,3.7103488567426015,4.159308066772855,4.03443976752619,1,1,1,0.009403822004887933,3.6972586432292642,4.24726160021709,4.201824035140377,1,1,1,0.008764270579285213
N-vigilance-d5-c3,neutral,none,5.0,Inheritance/Legacy-Matched (Intergenerational Records),B-vigilance-d5-v3,101,"She was clearing her mother's desk when she found the folder labeled
with her brother's name. Inside were printouts — weather reports,
road conditions, rest stop locations — for every route her brother
drove as a long-haul trucker. Three routes, printed once when he
started, eleven years ago. Her mother had filed the original maps
and kept them in the folder. Some entries had a check mark — she
matched these to the dates her brother had mentioned a new route.
The checked dates were dates her mother had updated the printout. The
updates took a few minutes each. Her brother had mentioned once that
their mother had given him the folder. He knew she had printed the
routes. She had printed them once and filed them.",neutral,P_vigilance-d5-v3,vigilance,,3.917518245556596,4.180782265858808,3.940926773509206,1,1,1,0.008699780933668487,3.853704180354245,4.151500948641078,3.7984441915766918,1,1,1,0.008880661672228358,3.8543067828775137,4.228570544717445,3.9459653273933664,1,1,1,0.008677587511653083
N-vigilance-d5-c4,neutral,none,5.0,Inheritance/Legacy-Matched (Intergenerational Records),B-vigilance-d5-v4,98,"The beekeepers in the region had maintained colonies through three
consecutive seasons. His uncle had as well. After his uncle's death,
they opened the shed behind the apiary. On the wall was a chart —
hand-drawn, updated annually for nineteen years. Temperature ranges,
humidity averages, wind patterns, bloom timing for the primary
flowering species within two kilometers. Cross-referenced against
colony weight, measured each spring with a scale on the hive
platform. The entries were recorded in pencil. His uncle had followed
the standard practices published by the university extension office.
He had maintained his hive placement, his feeding schedule, and his
mite treatment timing on the recommended cycle. The chart covered
one section of the wall. One entry per year for nineteen years.",neutral,P_vigilance-d5-v4,vigilance,,4.242250689359757,4.538368115670714,4.430176056555402,1,1,1,0.0066736749569669875,3.8847872488337214,4.3990459679389415,4.205109790541224,1,1,1,0.007324888774758012,4.083657653600365,4.503381286042168,4.515748840532859,1,1,1,0.005905787011357679
N-vigilance-d6-c1,neutral,none,6.0,Public-Witness-Matched (Civic/Transit Settings),B-vigilance-d6-v1,104,"She noticed the woman on the platform because the woman was standing
near the schedule board. Her eyes were on the arrivals display,
scanning the listed times. Left to right across the board, then back,
in a pattern that covered every line and every departure. The woman
was standing with her back to the pillar. Her bag was beside her,
on the bench. Her weight was even on both feet. When the display
updated with a new arrival time, the woman's head shifted to read the
change and then returned. She did this for every update that appeared
on the board. She was reading the schedule the way anyone on the
platform reads a schedule when waiting for a train.",neutral,P_vigilance-d6-v1,vigilance,,3.7984794318608,4.378613799504144,3.921843957744745,1,1,1,0.0072080537014108555,3.69035677355925,4.237356786109015,3.84385609066272,1,1,1,0.008206998821539005,3.5630837750842557,4.206116546757774,3.846775576575875,1,1,1,0.006283379629518651
N-vigilance-d6-c2,neutral,none,6.0,Public-Witness-Matched (Civic/Transit Settings),B-vigilance-d6-v2,101,"The old man sat at the same bench in the park every morning. He had
a thermos and a folded newspaper he read section by section. She had
passed him for six weeks and understood what he was doing. He was
reading the paper. Not one section — all of them. His eyes followed
the columns, then the headlines, then the classifieds, then the
sports. He did this in a sequence that took approximately forty
minutes to complete. When he finished a section, he folded it and
set it aside. When he reached the last page, he capped the thermos.
The newspaper was his morning routine. The bench was positioned where
the morning sun reached it between nine and ten.",neutral,P_vigilance-d6-v2,vigilance,,3.9673307339501656,4.428672031247884,4.014650450653364,1,1,1,0.00820086436957981,3.7423767454063417,4.324604489939891,3.9304099726050987,1,1,1,0.006858729680856454,3.849171732416171,4.3802032975721605,3.986930603503824,1,1,1,0.00640442899170119
N-vigilance-d6-c3,neutral,none,6.0,Public-Witness-Matched (Civic/Transit Settings),B-vigilance-d6-v3,106,"The bartender had been working the room for four hours. He watched
her from his seat near the door. She was carrying drinks, clearing
tables, and taking orders, and she was also keeping track of timing.
She was counting. He could see it in the way her eyes moved to the
clock every few minutes — the clock above the bar where the shift
schedule was posted. The bartender noted each round. She noted the
table count, which had stayed the same for the last hour. When a
couple at a corner table asked for the check, the bartender walked
their bill to the register and processed it. The couple nodded. The
bartender walked back to the bar and resumed clearing. The next table
flagged her for another round.",neutral,P_vigilance-d6-v3,vigilance,,4.022182143681701,4.293289170476464,3.9011712951670545,1,1,1,0.006617918853494332,3.889807336727636,4.19624970375851,3.8053789189221536,1,1,1,0.0059065910524056416,3.873098672716771,4.240171072559517,3.817827219493179,1,1,1,0.0053936859014563
N-vigilance-d6-c4,neutral,none,6.0,Public-Witness-Matched (Civic/Transit Settings),B-vigilance-d6-v4,103,"The guide had taken the group into the canyon at 6 a.m. By noon, the
sky had stayed the same. He watched the guide pause talking and look
west. The clouds were in a formation consistent with the clouds they'd
been under all morning, and the guide was confirming what he
expected — the wind direction at the rim, the color of the light on
the far wall, the temperature holding steady as he could feel on his
own forearms. The guide checked his watch. He checked the trail
markers on the canyon wall. He counted the group. He looked west
again. Then he continued on the planned route. They were three hours
from the trailhead. The guide kept the pace that would reach it in
three.",neutral,P_vigilance-d6-v4,vigilance,,3.904914721202864,4.311108108572121,4.067741839328416,1,1,1,0.008651042243304246,3.7873907917032152,4.193864105894321,3.9150045771015205,1,1,1,0.009389237207346263,3.907766631811073,4.332989909648268,4.04130401045201,1,1,1,0.010488768841146216
Bm-rage-d1-v1,rage,moderate,1.0,Financial betrayal (theft by trusted person),,98,"The credit card statement showed a charge from a restaurant he did not recognize — four hundred dollars, posted on a Saturday. His brother had the supplementary card for emergencies. He checked the date. His brother had mentioned going out that weekend but hadn't said anything about the card. There might have been a reason. There usually was a reason. He pulled up the previous three months and found two more charges he couldn't place, smaller amounts, both on weekends. He set the statement on the counter and left it there while he made dinner.",moderate,,rage,T_rage-d1-v1,4.022430732938055,4.245219095652786,3.9085478464561327,1,1,1,0.007307320490833516,3.8017955044017246,4.154033941221433,3.7766057434856872,1,1,1,0.006611629538583992,4.012137253383503,4.2521738293815945,3.9077555082839806,1,1,1,0.007513539249281598
Bm-rage-d1-v2,rage,moderate,1.0,Financial betrayal (theft by trusted person),,102,"The joint account was short by twelve hundred dollars. Her sister had access for the shared household expenses — utilities, groceries, the quarterly insurance premium. The withdrawal had been made at an ATM across town, not near any of the usual vendors. She looked at it for a while. Her sister had been between jobs for two months, and they hadn't talked about whether the arrangement still worked the same way. The amount was not large enough to change anything permanently, but it was large enough that someone should have mentioned it. She closed the banking app and opened it again ten minutes later.",moderate,,rage,T_rage-d1-v2,3.907359354381434,4.392009065401734,4.087680401745467,1,1,1,0.007666852336128723,3.8994541641404696,4.312568408757981,3.903305297600183,1,1,1,0.007480855694615071,3.8111612798534473,4.279384757133345,4.018892983518833,1,1,1,0.0073221792583547584
Bm-rage-d2-v1,rage,moderate,2.0,Institutional injustice (system failure),,103,"The permit had been denied for the third time. Each time for a different reason — first incomplete documentation, then a zoning question, now a signature from a department that had moved offices and did not answer its listed phone number. The project was a wheelchair ramp for his mother's front door. The ramp itself would take a contractor two days to build. The permit process was now in its fourth month. His neighbor across the street had built a similar ramp the previous year and told him it had taken two weeks. He filed the appeal online and printed the confirmation page and put it in the folder with the other two.",moderate,,rage,T_rage-d2-v1,4.088689242789944,4.510805703661346,4.148026699183481,1,1,1,0.008797746657175953,3.9454661866120486,4.405082480273662,4.0202028657417825,1,1,1,0.007632147496515966,3.936537132233373,4.439683639498343,4.1607407138000365,1,1,1,0.008912469451150035
Bm-rage-d2-v2,rage,moderate,2.0,Institutional injustice (system failure),,96,The insurance company had reclassified the claim. What had been approved in October was now listed as requiring additional review — a review that could take up to ninety days. The procedure had already been completed. The doctor's office said this happened sometimes when billing codes were updated mid-quarter. She called the number on the letter and was transferred four times. The fourth representative said the file showed no record of the original approval. She had the approval letter in front of her. She read the reference number aloud. The representative said he would note that in the file.,moderate,,rage,T_rage-d2-v2,3.9834535837244753,4.284742106479498,4.123766718685387,1,1,1,0.009978006867551447,3.902800479725625,4.250385776736888,4.009609943552093,1,1,1,0.009186616193316698,4.033332143652839,4.375674164599285,4.150492139785508,1,1,1,0.011226657826319802
Bm-rage-d3-v1,rage,moderate,3.0,Personal violation (boundary crossed),,99,"The summary report listed four contributors. His name was third — below his colleague who had joined the project in its final month, after the framework and analysis were already complete. The colleague had written the executive summary and reformatted the appendix. The report did not specify who had done what. He read the distribution list: it had gone to two directors and the VP of operations. His manager had signed off on the contributor order and probably had not thought about it. Probably. He saved the PDF to his desktop and did not open it again that afternoon.",moderate,,rage,T_rage-d3-v1,3.6763247838987616,4.520884461967153,3.988499749387431,1,1,1,0.00667821747387147,3.6700499167404095,4.414192989091933,3.951313007031983,1,1,1,0.006822652816968726,3.832092032091084,4.5381240369792,4.105519330638389,1,1,1,0.007810336661475839
Bm-rage-d3-v2,rage,moderate,3.0,Personal violation (boundary crossed),,95,"She noticed the browser history on the shared family computer. Someone had searched her name, then her maiden name, then the city where she had lived before the marriage. The searches were from the previous Tuesday, a day she had worked late. Her husband used the computer mostly for sports scores and weather. She scrolled further and found a tab still open to a public records site with her prior address listed. There could have been a reason — a form, a document, something routine. She closed the tab and cleared the history and did not bring it up at dinner.",moderate,,rage,T_rage-d3-v2,4.007735245879329,4.3947726651015,3.990735633926805,1,1,1,0.00898918428842201,4.002018548250683,4.320938738744659,3.879032373190526,1,1,1,0.009529273199436217,4.019703523868425,4.388302024584608,3.9053552394618594,1,1,1,0.009061278203432957
Bm-grief-d1-v1,grief,moderate,1.0,Bereavement (death of loved one),,101,"Six months in, she had settled into most of the adjustments. The grocery list was hers now, the containers in the refrigerator were ones she had filled. But the cabinet above the stove still had his coffee — the brand she never drank, bought in bulk the last time he'd gone to the warehouse store. There were three bags left. She had been working through them slowly, one cup in the morning, not because she liked it but because when it was finished there would be no reason to open that cabinet again. She measured out the grounds and set the pot to brew.",moderate,,grief,T_grief-d1-v1,4.438063061598,4.62444678241975,4.256650446668953,1,1,1,0.010783515207312477,4.230314121252272,4.480935540626523,4.086789890895321,1,1,1,0.008364208903487635,4.293104884034022,4.463205504472049,4.129969745379717,1,1,1,0.008838294251033326
Bm-grief-d1-v2,grief,moderate,1.0,Bereavement (death of loved one),,97,"The automated renewal notice came in the mail — his magazine subscription, addressed to him, the label printed months ago by a system that did not know. She had cancelled most of the accounts in January. This one she had missed, or perhaps she had left it. The magazine arrived every six weeks, slipped through the mail slot and onto the floor where it sat until she picked it up and placed it on the stack by his chair. The stack was five issues tall now. She added the renewal notice to the top and went to make lunch.",moderate,,grief,T_grief-d1-v2,4.060554674921264,4.339477327608216,4.005615624383411,1,1,1,0.007436886188789565,3.9553954544767924,4.290281669768214,3.9088222123676477,1,1,1,0.006632195029501937,4.184364668695209,4.396638308806377,4.043896652614449,1,1,1,0.007977486618727344
Bm-grief-d2-v1,grief,moderate,2.0,Career destruction (life's work lost),,104,"The funding cycle would end in August and would not be renewed. She had known since December. The lab was still running — three months of work left, enough time to finish the current trial but not the one after it. She had started packing the personal items from her office shelf, a few things each week, so it would not all happen on the last day. The framed photograph of the original team was still on the wall. Seven people, most of them elsewhere now. She left the frame where it was and took home a coffee mug and a reference book she would probably never open again.",moderate,,grief,T_grief-d2-v1,4.111385574194346,4.631151376321196,4.242274515843185,1,1,1,0.007853776943192035,4.108879829740197,4.579146172154026,4.129706411332712,1,1,1,0.008588042399532748,4.020852964740175,4.6162032223378064,4.181429913377774,1,1,1,0.00908105545175272
Bm-grief-d2-v2,grief,moderate,2.0,Career destruction (life's work lost),,99,"The bookshop's lease was not being extended. The landlord had told him in November, and now it was March, and the shelves were still full because he had not yet started deciding which books to keep and which to sell to the distributor at a fraction of what he had paid. Seventeen years of selecting titles, of knowing which customers would want what. The couple who came every Saturday had asked where they should go instead, and he had not had an answer. He straightened a stack of paperbacks near the register and wrote the day's date on the inventory clipboard.",moderate,,grief,T_grief-d2-v2,3.9289525661489018,4.429148288698912,4.010311259979874,1,1,1,0.005954813675031411,3.9279303670379244,4.354560991524971,3.887358614427529,1,1,1,0.008174076045289967,3.8613917697847704,4.3357982767358205,3.9548723258147556,1,1,1,0.0071876333521487925
Bm-grief-d3-v1,grief,moderate,3.0,Relationship dissolution (abandonment),,102,"His son had moved to the other coast in September and had called every Sunday for the first two months. Then every other Sunday. Then when he remembered, which was roughly twice a month, and the calls had gotten shorter — fifteen minutes, then ten. He kept his phone on the kitchen counter on Sundays, volume up, and sometimes it rang and sometimes it did not. The boy was busy. There was a new job, new people, the ordinary machinery of a life being built somewhere else. He understood that. He made dinner for one on Sunday evening and left the phone where it was.",moderate,,grief,T_grief-d3-v1,4.066179839156463,4.3235605235061225,4.041953032102027,1,1,1,0.009009357027578864,3.9394083572176988,4.220253178718731,3.9189590993290055,1,1,1,0.008391262620434627,4.026798914004425,4.296591635928339,4.019942246770808,1,1,1,0.009082974277019372
Bm-grief-d3-v2,grief,moderate,3.0,Relationship dissolution (abandonment),,98,"They still lived in the same apartment but the rooms had divided themselves. Her things had migrated to the study, his to the bedroom, and the kitchen was shared in shifts — she ate early, he ate late, and sometimes they passed in the hallway and one of them would say something about the utility bill or the leak in the bathroom. The lease had four months left. Neither of them had mentioned what would happen after that. She folded her laundry on the couch and listened to him close the bedroom door, and the sound was quiet and ordinary and final.",moderate,,grief,T_grief-d3-v2,3.925575461449738,4.36088358891958,4.024958216990263,1,1,1,0.008590655028553362,3.8259520962215454,4.23239325876525,3.886491749973378,1,1,1,0.006238515196124081,3.9499555118258765,4.3049095703558855,3.9674375633352117,1,1,1,0.009001005953754767
Bm-terror-d1-v1,terror,moderate,1.0,"Physical threat (intruder, violence)",,103,"The front door had been unlocked when she got home. She locked it every morning — she was certain of that, or nearly certain. The house was empty, everything where she had left it, nothing moved or missing as far as she could tell. The back door was still locked. The windows were latched. It was possible she had turned the deadbolt the wrong way, which she had done once before, months ago. She walked through every room and checked the closets and looked behind the shower curtain, and everything was fine, and she checked the front door again before sitting down, and then she checked it once more.",moderate,,terror,T_terror-d1-v1,4.182087195568861,4.426795600517019,4.274726285559223,1,1,1,0.010160886750648107,3.9961209574847367,4.333961126689946,4.1614459860507775,1,1,1,0.008521849946821087,4.055525527381225,4.272767963910979,4.167763470557798,1,1,1,0.010303718513706749
Bm-terror-d1-v2,terror,moderate,1.0,"Physical threat (intruder, violence)",,101,"The car had been behind him for the last several miles, but so had two other cars, and one of them had turned off at the gas station. The remaining car kept the same distance. The road was not busy but it was not empty. He signaled and changed lanes. The car changed lanes after a few seconds — the way anyone would when the lane ahead cleared. He was probably being ordinary about it. He took the next exit, which was not his exit, and waited at the bottom of the ramp. The car passed on the highway above without slowing down. He sat at the ramp for another minute before pulling back on.",moderate,,terror,T_terror-d1-v2,4.15092505542772,4.451717695939965,4.206215672082758,1,1,1,0.00865658958293284,3.946751055194191,4.400043563943308,4.1084868109647035,1,1,1,0.006921989094200037,3.884369908097372,4.31145862655859,4.072242656270044,1,1,1,0.007876846890461893
Bm-terror-d2-v1,terror,moderate,2.0,"Medical crisis (diagnosis, emergency)",,105,"The results would be available by Friday. The doctor had said that most of the time these follow-ups confirmed what they expected, which was nothing, but she had scheduled the second scan anyway because there was an area she wanted to look at again. That was the phrase — ""an area I want to look at again."" It was now Wednesday. She had gone to work both days and eaten lunch at her desk and answered emails and done everything at the usual speed. The appointment was at ten-fifteen on Friday. She had written it on the kitchen calendar in pencil, as if pencil made it more provisional, more likely to be erased.",moderate,,terror,T_terror-d2-v1,4.147892480938918,4.463688029001274,4.193963411112916,1,1,1,0.00997842229311603,3.933776088969064,4.337600284210433,4.0302586116054835,1,1,1,0.009008938313142244,4.047280526449543,4.393838362167014,4.119379917253343,1,1,1,0.011326819161282725
Bm-terror-d2-v2,terror,moderate,2.0,"Medical crisis (diagnosis, emergency)",,99,"His father had mentioned the numbness in his left hand during a phone call, almost as an aside, between the weather and the score of the game. It had been there for a few weeks, he said, maybe a month. He was going to mention it at his next appointment, which was not for another three weeks. His father was seventy-four and had never been to the doctor ahead of schedule. He had looked it up after the call — the search results offered a range from nothing to everything, in that order. He called his father back the next evening and asked about the hand, and his father said it was about the same.",moderate,,terror,T_terror-d2-v2,3.9154837004048897,4.237153052170191,4.1953015115341685,1,1,1,0.008242554151739455,3.72255356242538,4.1181407002605415,4.01912630278928,1,1,1,0.0076971127849471315,3.7837565693887756,4.173284383264976,4.134499611797584,1,1,1,0.00781088180932754
Bm-terror-d3-v1,terror,moderate,3.0,"Psychological threat (stalking, loss of control)",,104,"She had seen the same car parked on her street three times in the past week. A dark sedan, no distinguishing marks, always on the same side of the block but never in exactly the same spot. It could have belonged to someone visiting a neighbor. It could have been a contractor working on the house at the end of the street. She had not seen anyone get in or out of it. On the third day, she wrote down the plate number on the back of a receipt and put the receipt in the kitchen drawer. The car was not there the following morning. She checked the drawer to make sure the receipt was still where she had left it.",moderate,,terror,T_terror-d3-v1,4.00512723842259,4.309125481811552,4.073870958199624,1,1,1,0.008390134621113784,3.6568425117839145,4.175026027081694,3.89003478189394,1,1,1,0.006821900950481374,3.8080453041922775,4.204116512168672,3.9571083049965097,1,1,1,0.008648330247478462
Bm-terror-d3-v2,terror,moderate,3.0,"Psychological threat (stalking, loss of control)",,98,"The email had come from an address she did not recognize. It contained her full name, her work address, and the name of her daughter's school — nothing that wasn't publicly available, but collected in a single message with no subject line and no body text beyond those three facts. She had not replied. She had searched the email address and found nothing. It could have been a data broker notification, a phishing attempt, an automated scrape that assembled public records into lists. It could have been any of those things. She changed her email password and drove a different route to the school the next morning.",moderate,,terror,T_terror-d3-v2,4.058784791139682,4.443237717125986,4.045768507520958,1,1,1,0.010745739075889415,3.9559878932932024,4.3462764756246335,3.9240848052433575,1,1,1,0.00764161773039398,3.8570000563369353,4.353591254923217,4.003773312260262,1,1,1,0.00855546246775569
Bm-ecstasy-d1-v1,ecstasy,moderate,1.0,"Achievement (breakthrough, recognition)",,102,"The acceptance letter was for the second-choice program, not the first, but it was an acceptance letter. She read it at the kitchen table with her coffee going cold beside her. Two years of applications and revised statements and letters of recommendation, and here it was — not the one she had imagined, but a real one, with a start date and a funding line and her name spelled correctly at the top. She would need to move. She would need to find an apartment in a city she had only visited once. She folded the letter back into the envelope and finished her coffee, which by then was no longer warm.",moderate,,ecstasy,T_ecstasy-d1-v1,4.142735378544827,4.520491865327519,4.141796728751936,1,1,1,0.008135385782703513,3.9945799973442133,4.4099580380765975,4.070168789935088,1,1,1,0.006846295540973608,4.05117582963635,4.4518702293791375,4.178882881099137,1,1,1,0.008290798176035596
Bm-ecstasy-d1-v2,ecstasy,moderate,1.0,"Achievement (breakthrough, recognition)",,98,"His piece had been selected for the group exhibition — not a solo show, not a prize, but a spot on the wall alongside eleven other artists, three of whom he had studied in school. The gallery had sent the floor plan with his name next to a rectangle on the west wall, between a painter from Montreal and a sculptor whose work he had seen in a magazine. He pinned the floor plan to the corkboard in his studio and stood back. His name was small but it was there, in the same typeface as the others, at the same size, in the same list.",moderate,,ecstasy,T_ecstasy-d1-v2,3.868037900262201,4.5212887300624764,4.183334523742824,1,1,1,0.009057776329498474,3.7518677466108388,4.381393522090454,4.0559286603345726,1,1,1,0.008520388508633295,3.884839345604893,4.506617647917481,4.197600425138553,1,1,1,0.008350871937586239
Bm-ecstasy-d2-v1,ecstasy,moderate,2.0,"Connection (reunion, belonging)",,104,"His daughter had called him on a Wednesday, which was not their usual day. She had called to tell him about a recipe she had tried — something with lentils and cumin, she said, and it had turned out well, and did he want her to bring some on Saturday. It was a small call. Five minutes, maybe six. But she had called on a day that was not their day, about something that was not logistics or scheduling or the question of when he would see the grandchildren next. She had called to tell him about lentils. He wrote the word ""lentils"" on the notepad by the phone and looked at it for a while.",moderate,,ecstasy,T_ecstasy-d2-v1,4.143894805637746,4.401189112491079,3.905764866286107,1,1,1,0.007408194593949005,4.026539450927748,4.296797644968511,3.768988118447173,1,1,1,0.00669998343109108,4.2153132932039,4.278141520143703,3.8681452827488285,1,1,1,0.006299882142337894
Bm-ecstasy-d2-v2,ecstasy,moderate,2.0,"Connection (reunion, belonging)",,99,"The new employee had been at the company for three months and had eaten lunch at her desk every day. On a Thursday, two women from the design team stopped by her cubicle and asked if she wanted to join them at the place across the street. They had been going there on Thursdays for years, they said. She picked up her jacket and walked with them. They talked about a project deadline and a television show and the quality of the soup, which they agreed was inconsistent. She ordered the soup anyway. The following Thursday, one of them sent her a message at eleven-forty: ""Soup day?""",moderate,,ecstasy,T_ecstasy-d2-v2,4.066476218073216,4.358188238047637,3.874278405588604,1,1,1,0.006935867136451379,3.9835086096774126,4.304429864248243,3.8749173794252707,1,1,1,0.00669696453526813,3.858109477831767,4.2376376291631574,3.777064024006089,1,1,1,0.006936817000629507
Bm-ecstasy-d3-v1,ecstasy,moderate,3.0,"Discovery (revelation, wonder)",,103,"The anomaly in the dataset had survived three rounds of cleaning. She had assumed it was an artifact — a sensor error, a transcription mistake, the kind of thing that disappeared when you ran the numbers again. It had not disappeared. The value sat at the same coordinates each time, consistent across all three collection periods, deviating from the model by a margin that was small enough to ignore and large enough to be worth not ignoring. She flagged it in the project log and drafted an email to her advisor, then deleted the email and rewrote it twice, because the phrasing mattered and she was not yet sure what she was claiming.",moderate,,ecstasy,T_ecstasy-d3-v1,4.076301457316923,4.585757473653621,4.2570732812774965,1,1,1,0.009090021645833885,3.9981544844896804,4.57380818221928,4.2285602507440565,1,1,1,0.009798828214674014,3.939764728511081,4.477763259681468,4.231357929825014,1,1,1,0.007723596614042816
Bm-ecstasy-d3-v2,ecstasy,moderate,3.0,"Discovery (revelation, wonder)",,101,"He had been restoring the cabinet for a client when the back panel came loose and a second surface appeared underneath. The wood was different — older, darker, with a grain pattern he did not recognize from any of the standard suppliers of that period. He ran his hand along it. There were marks in the wood that could have been tool impressions or could have been intentional. He photographed them with his phone and sent the image to a colleague who specialized in period furniture. The colleague replied within an hour asking where he had found it and whether he could come see it in person.",moderate,,ecstasy,T_ecstasy-d3-v2,4.171087471760668,4.621753629984149,4.264124146792446,1,1,1,0.008672478880746065,4.153418616766044,4.554677950206453,4.079486269891684,1,1,1,0.00839981354822732,4.159858922858617,4.582730435130736,4.207949169688527,1,1,1,0.00811863277374092
Bm-loathing-d1-v1,loathing,moderate,1.0,"Moral disgust (corruption, exploitation)",,100,"The fundraiser had raised eleven thousand dollars for the school's art program. The committee chair had organized it, booked the venue, and handled the deposits. The receipts she submitted for reimbursement included the venue rental and the catering. They also included a spa appointment on the same day, listed under ""event coordination wellness."" The amount was ninety-four dollars. No one on the committee had seen the charge until the treasurer reconciled the account in April. It was possible it was a mistake — a personal charge on the wrong card. The treasurer had emailed her about it. She had not yet replied. It had been three weeks.",moderate,,loathing,T_loathing-d1-v1,4.175274698267585,4.437895712625529,4.148117344776969,1,1,1,0.010218911752072067,4.0831199995720295,4.330556019098328,4.067311654659604,1,1,1,0.008873210778334344,4.0044493209581535,4.30503459593283,4.11607117075086,1,1,1,0.00881453225384671
Bm-loathing-d1-v2,loathing,moderate,1.0,"Moral disgust (corruption, exploitation)",,103,"The company's community partnership program donated surplus office equipment to local schools. The program was featured in the annual report with photographs of students using the laptops. He had been assigned to coordinate the next delivery and pulled the inventory list. The laptops designated for donation were the oldest models in the warehouse — machines the IT department had already flagged for recycling. The ones in the photographs, the ones in the annual report, were newer units that had been purchased specifically for the photo session and then returned to the corporate supply room afterward. He found the return receipt in the shared drive, filed under ""marketing expenses.""",moderate,,loathing,T_loathing-d1-v2,3.9038624943656894,4.5817022459527195,4.237641973581503,1,1,1,0.008538990806174375,3.855207975852594,4.555575352962051,4.1125591965305,1,1,1,0.007570929422926076,3.7911737291559096,4.586522141579269,4.213125649010309,1,1,1,0.007625873911398352
Bm-loathing-d2-v1,loathing,moderate,2.0,"Visceral revulsion (contamination, decay)",,97,"The office kitchen had a communal refrigerator that was cleaned out on the last Friday of each month. It was Wednesday. The container on the second shelf had been there since before the last cleaning — possibly longer. The lid had shifted, and the contents had developed a surface layer that was a different color than whatever was underneath. A second container behind it had no lid at all. The smell was concentrated near the back of the shelf, where the cold air didn't circulate as well. She put her lunch on the top shelf, as far from the second row as the space allowed, and closed the door quickly.",moderate,,loathing,T_loathing-d2-v1,4.002035771371249,4.525231282753191,4.080986271345724,1,1,1,0.006425867786311564,3.8825008034520816,4.45779573371182,4.003770250393269,1,1,1,0.006716997303638897,4.006989320142122,4.47607531691305,4.100612064496996,1,1,1,0.006913704792689682
Bm-loathing-d2-v2,loathing,moderate,2.0,"Visceral revulsion (contamination, decay)",,102,"The public restroom at the rest stop had one stall available. The floor around the base of the toilet was wet in a way that was not consistent with the mop bucket parked near the entrance. The seat had not been wiped. There was a residue on the handle of the flush lever that caught the light when she pushed the door open wider. The soap dispenser next to the sink was empty, and the one next to it dispensed a thin liquid that did not foam. She used the facilities without touching more than she had to and dried her hands with paper towels she also used to open the exit door.",moderate,,loathing,T_loathing-d2-v2,4.067808675463275,4.4421117493741695,4.048600904366504,1,1,1,0.008491047570061055,3.8903350973858104,4.381812006990299,3.9353319464764405,1,1,1,0.007900798577839157,3.940722230034958,4.397074487349914,3.996278295839942,1,1,1,0.007960742881258198
Bm-loathing-d3-v1,loathing,moderate,3.0,Social betrayal (hypocrisy exposed),,105,"The department head had sent the email about the new sustainability initiative on a Monday. Paper reduction, energy audits, a pledge to eliminate single-use items from the office by the end of the quarter. The email had his photograph at the bottom, standing next to the recycling station he had unveiled at the all-hands meeting. On Thursday she had walked past his office on the way to a meeting. The door was open. On his desk were two disposable coffee cups, a plastic water bottle, and the remains of a takeout lunch in a styrofoam container. The recycling bin beside his desk was empty. The wastebasket was not.",moderate,,loathing,T_loathing-d3-v1,4.050947751935042,4.545952107883603,4.213857307144249,1,1,1,0.008792285783155546,3.958126976845578,4.4655461438661295,4.06368597952391,1,1,1,0.00823039621401816,4.066313569874785,4.534813529759479,4.129958924314071,1,1,1,0.01036213779899373
Bm-loathing-d3-v2,loathing,moderate,3.0,Social betrayal (hypocrisy exposed),,99,"The school board member had spoken at the budget hearing about the importance of public education. He had quoted statistics about funding gaps. He had used the phrase ""every child in this district."" His children attended a private school in the neighboring county — this was not a secret, but it was not something he mentioned during the hearings. She had learned it from another parent at a weekend sports event, where both families' children played on the same club team. The team's tuition was listed on the club's website. It was more per semester than the per-pupil spending figure he had cited in his presentation.",moderate,,loathing,T_loathing-d3-v2,3.9479489479175354,4.486961523166719,4.267452401536247,1,1,1,0.005976340816149735,3.8461299907508604,4.435574770135553,4.156767787555643,1,1,1,0.006498694042178065,3.875380791391127,4.531547328374832,4.33167043138102,1,1,1,0.006069993918601828
Bm-amazement-d1-v1,amazement,moderate,1.0,"Natural phenomenon (scale, beauty)",,101,"The trail had been unremarkable for the first two hours — packed dirt, moderate incline, the usual undergrowth. She came around a switchback and the trees opened. The valley below was filled with fog that had settled into the shape of the terrain, following the river and pooling in the low fields. Above the fog line, the hills were lit in a way that separated each ridge into its own shade of green. She had not expected this view on this trail. It was not on the map, not mentioned in any of the reviews she had read. She stood at the switchback for several minutes and then took a photograph and continued walking.",moderate,,amazement,T_amazement-d1-v1,4.236765818568178,4.536859153124778,4.349187087370908,1,1,1,0.010262571710735576,4.1054551050616945,4.508641517373918,4.208106001928601,1,1,1,0.009921854797465475,4.251913915260346,4.563063457676824,4.307485887670196,1,1,1,0.008482414766485707
Bm-amazement-d1-v2,amazement,moderate,1.0,"Natural phenomenon (scale, beauty)",,99,"He had been driving the same highway to work for three years and had never seen the field like this. The wildflowers had come in overnight, or what seemed like overnight — the strip between the road and the fence line was solid color where yesterday it had been brown grass. Orange and purple and a white variety he couldn't name, all at once, dense enough that individual stems were not visible from the car. He slowed down. The car behind him slowed down too, which meant the driver behind him was also looking. The flowers ran along the highway for about half a mile and then stopped, as if someone had drawn a line.",moderate,,amazement,T_amazement-d1-v2,4.1013893410422995,4.602163021077203,4.247542193502981,1,1,1,0.007841240042838496,3.8723203997924838,4.488980628719261,4.120645499087939,1,1,1,0.006542906768370995,3.9526569298660186,4.527304953524701,4.184501048536989,1,1,1,0.007372379773606435
Bm-amazement-d2-v1,amazement,moderate,2.0,Human capability (unexpected heroism),,104,"The old man at the woodworking demonstration had not spoken much. He set up his tools on the folding table while the crowd gathered for the more popular booth next door. Someone asked what he was making. He said he would show them. He picked up a block of walnut and a chisel and began working without a pattern or a pencil line. Forty minutes later, the block was a hand — an open hand, palm up, with creases in the fingers and a visible grain that followed the contour of the thumb. The crowd at the other booth had migrated. No one had seen him draw anything. He had not looked at a reference. He set it on the table and picked up another block.",moderate,,amazement,T_amazement-d2-v1,4.0280649982569505,4.397600099150645,3.9382534400676215,1,1,1,0.008031648676627803,3.975439705400488,4.3420510764827585,3.8539608018193325,1,1,1,0.009134199768783961,3.9992613848199627,4.3098755398090605,3.882071979381619,1,1,1,0.007448559658759264
Bm-amazement-d2-v2,amazement,moderate,2.0,Human capability (unexpected heroism),,98,"The substitute teacher had arrived ten minutes before the bell. The regular teacher had left no lesson plan. The class was seventeen-year-olds who had already decided the period was free. The substitute opened the textbook to the chapter they were on, read the first page silently, and then began teaching the material — not reading it, teaching it — with examples pulled from the news and from math that was not in the book. By the end of the period, three students had moved to the front row. One of them asked the substitute if she would be there tomorrow. She would not.",moderate,,amazement,T_amazement-d2-v2,4.27930191406037,4.484343540813035,4.165197608222318,1,1,1,0.007715396554738008,4.129008950509555,4.400513282030194,4.026162228153082,1,1,1,0.007596854939479155,4.071679701029262,4.351250869912826,4.057414835301487,1,1,1,0.009019204433539985
Bm-amazement-d3-v1,amazement,moderate,3.0,Intellectual revelation (paradigm shift),,103,"He had been reading the old survey maps for a land-use project when he noticed that the creek names did not match the modern maps. Not just different spellings — different routes. The creek that now ran east of the road had, in 1884, run west of it. He pulled up the geological records and found the flood year that must have changed the course. But the flood had been minor, documented in a single paragraph. Something else had moved the water. He spent the rest of the afternoon tracing property records from the same decade and found three entries for a drainage ditch that no longer existed and that no one had thought to look for.",moderate,,amazement,T_amazement-d3-v1,4.00507844967471,4.513188432852227,4.301231779735485,1,1,1,0.007952418793284172,3.7580130632581006,4.352596551998191,4.080857374490637,1,1,1,0.0072350249503845025,3.8715331737990266,4.443133610343397,4.254953160674098,1,1,1,0.006890495442229539
Bm-amazement-d3-v2,amazement,moderate,3.0,Intellectual revelation (paradigm shift),,100,"The student had been assigned to digitize the parish records as part of a summer internship. Names, dates, baptisms, marriages — routine data entry for the first three weeks. In the fourth week she noticed that several of the marriage entries contained the same witness name, across families that had no other visible connection. The name appeared eleven times over a nine-year period. She searched the census records and could not find the name at all. A person who witnessed eleven marriages but did not appear to live in the parish. She mentioned it to her supervisor, who leaned forward in his chair and asked her to pull the original ledger.",moderate,,amazement,T_amazement-d3-v2,3.7275912033599523,4.238635602752984,3.965082135699754,1,1,1,0.00664975997145368,3.734952198259138,4.184088003621864,3.8873177109613186,1,1,1,0.008297990332031347,3.652133975497791,4.18354170831032,3.961680290085755,1,1,1,0.007723467889544334
Bm-admiration-d1-v1,admiration,moderate,1.0,"Competence (mastery, skill)",,104,"The mechanic had been working on his car for twenty minutes and had not once reached for a tool that wasn't already in her hand. He noticed this because the shop across town — the one he'd used before — always involved a pause, a search through the drawer, a trip to the back room. She didn't search. When she opened the hood she already seemed to know the sequence of what she would need, and the tools appeared on the fender ledge in the order she used them. She explained what she was doing as she went, not to simplify it, but accurately, in terms that assumed he could follow. He could, mostly. He went back to the same shop the next time.",moderate,,admiration,T_admiration-d1-v1,4.04292132490328,4.43667964453483,4.0722920114339445,1,1,1,0.009785562462007041,3.855597841235022,4.2512632900637595,3.874609171654002,1,1,1,0.009442591071322143,3.8723435144512313,4.277232205428175,3.949334733447616,1,1,1,0.0073464701653645735
Bm-admiration-d1-v2,admiration,moderate,1.0,"Competence (mastery, skill)",,101,"The librarian had been at the branch for eleven years and knew the collection in a way that was not in the catalog. A woman came in asking for a book she couldn't remember the title of — something about a house, she thought, or maybe a family, and the cover might have been blue. The librarian asked three questions, walked to a shelf on the second floor, and came back with the book. The woman said that was the one. He had seen this happen before. Not every time — the librarian sometimes came back with two or three options instead of one. But she never came back with nothing.",moderate,,admiration,T_admiration-d1-v2,3.894813608013554,4.291918455779459,3.8331089424045666,1,1,1,0.007412860174185553,3.812969238841931,4.176331711047106,3.7786871987612165,1,1,1,0.005864616320055145,3.806520755066859,4.182900789555135,3.8225635139194925,1,1,1,0.006767678339801126
Bm-admiration-d2-v1,admiration,moderate,2.0,"Moral character (sacrifice, integrity)",,103,"The manager always listed the team members who had contributed to a project when presenting to the executives. Not in a general way — by name, with the specific part each person had done. Other managers said ""the team."" He said ""Rodriguez built the model"" and ""Chen identified the data source"" and ""Novak ran the validation."" He had been doing this since before any of them reported to him. Someone in the department had mentioned it once, and he had seemed surprised that it was notable. It was how he talked about work. The names appeared in his slides, in his emails, in the summaries he sent to the division head. It was consistent.",moderate,,admiration,T_admiration-d2-v1,3.581171746476335,4.483104543274186,3.959990402391114,1,1,1,0.006565202296379172,3.5682576224316027,4.472726189461925,3.8458313313583377,1,1,1,0.007417910427734628,3.695666516320013,4.51060671260779,4.0145486762166165,1,1,1,0.006305450527501815
Bm-admiration-d2-v2,admiration,moderate,2.0,"Moral character (sacrifice, integrity)",,99,"The neighbor had been shoveling the sidewalk in front of three houses every winter for as long as anyone on the block could remember. His house, the house to his left where the woman with the walker lived, and the house to his right where the night-shift nurse came home at seven in the morning. No one had asked him. He had never mentioned it. The only reason she knew was that she had woken up early one January morning and seen him through the window, working in the dark, finishing the third sidewalk before the sun came up. The paths were always clear by the time anyone else went outside.",moderate,,admiration,T_admiration-d2-v2,3.9536955445170365,4.462141856278249,4.021289220090456,1,1,1,0.007250579736927166,3.845407503742331,4.3409002727848724,3.985518748742195,1,1,1,0.007461512711757216,3.7453262058041847,4.348963637676585,4.01336041021706,1,1,1,0.006504028200190984
Bm-admiration-d3-v1,admiration,moderate,3.0,Resilience (endurance against odds),,102,"The woman at the evening language class was older than the other students by at least thirty years. She sat in the front row with a notebook and a dictionary that she had tabbed with colored markers. She was slower than the others. The pronunciation exercises took her more repetitions. The grammar worksheets came back with more corrections. But she was in the front row every Tuesday and Thursday, and her notebook was more detailed than anyone else's — not just the exercises but her own annotations, questions she had looked up between sessions, words she had encountered during the week and brought back to the classroom.",moderate,,admiration,T_admiration-d3-v1,4.043878763123354,4.404066264406933,4.114988488056427,1,1,1,0.006947186753511283,3.7377202918504384,4.276851586569333,3.9550601262879472,1,1,1,0.007690980876619801,3.8056093680433984,4.273423124998995,4.01143082310554,1,1,1,0.006912853428053676
Bm-admiration-d3-v2,admiration,moderate,3.0,Resilience (endurance against odds),,98,"His colleague had been passed over for the promotion twice — once for a candidate with more experience, once for a reorganization that eliminated the position. Both times, he had seen her return to her desk the following Monday with the same schedule, the same attention to the work, the same willingness to assist new hires who didn't know that she had applied for the role they were being trained to fill. She had not mentioned it either time. He knew because he had been on the interview panel. She was preparing a third application. The deadline was in April. Her materials were already in a folder on her desk.",moderate,,admiration,T_admiration-d3-v2,3.6632232615071363,4.217406457337047,3.9524444238018948,1,1,1,0.008810040458513312,3.5792244976005105,4.15769333532592,3.889421925333159,1,1,1,0.008460600497415727,3.587878758623676,4.163564702390487,3.9509558144603947,1,1,1,0.00839684171090065
Bm-vigilance-d1-v1,vigilance,moderate,1.0,Protective watch (child in danger),,104,"The playground was new to them. She had brought her daughter here because the usual park was closed for maintenance, and the equipment was designed for a slightly older age range — the platforms were higher, the gaps between bars wider. Her daughter was five and confident in a way that did not always correspond to her reach. She was climbing the rope structure near the back of the playground, and she was fine, and would probably continue to be fine. But the knots in the rope were spaced for longer arms, and the surface below was wood chips, not rubber. She stood where she could see the top of the structure and finished her coffee in small sips between glances.",moderate,,vigilance,T_vigilance-d1-v1,4.010903834028151,4.483956120336149,4.096091088708615,1,1,1,0.007661173755843341,3.8164168677800023,4.366206782543861,3.946295552032345,1,1,1,0.005835940064300326,3.9208291465243628,4.321238207741502,4.006536791034343,1,1,1,0.006685698905392269
Bm-vigilance-d1-v2,vigilance,moderate,1.0,Protective watch (child in danger),,102,"His son had been invited to a birthday party at a house they had not been to before. The backyard had a trampoline with a net enclosure, and nine children were taking turns. The net had a gap near the zipper where the fabric didn't quite close. His son was one of the smaller children. He stood near the patio table with the other parents, holding a paper plate he hadn't touched, and every few seconds his eyes returned to the gap in the net and then to his son and then to the distance between the two. The gap was probably not large enough. He stayed where the angle let him see both.",moderate,,vigilance,T_vigilance-d1-v2,3.8607296556357413,4.225995519277845,3.787758113797909,1,1,1,0.005330016088495313,3.722343835436428,4.179173098713509,3.771792288537163,1,1,1,0.0056602425564308174,3.688671210839549,4.116137511469055,3.733816199436684,1,1,1,0.004281012861134176
Bm-vigilance-d2-v1,vigilance,moderate,2.0,Strategic anticipation (high-stakes decision),,100,"The presentation was in two hours. She had rehearsed it four times, which was more than she usually rehearsed anything. The client was new and the account was one the firm wanted to keep. She opened the deck again and checked the transition between slides seven and eight, where the data shifted from retrospective to projected. The projections were defensible — she had run them three ways and all three converged — but the client's previous firm had been dismissed for projections that hadn't held. She made a note to pause at that slide and let them ask questions before advancing. She checked the room reservation and confirmed the projector was the type that handled her file format.",moderate,,vigilance,T_vigilance-d2-v1,4.25986893115137,4.721543646441484,4.272107147564822,1,1,1,0.0076413892050654075,4.047602570036863,4.621536255242409,4.139279125158444,1,1,1,0.007454268951766697,4.204743833389899,4.609882286274732,4.243228854940369,1,1,1,0.006787170059104777
Bm-vigilance-d2-v2,vigilance,moderate,2.0,Strategic anticipation (high-stakes decision),,103,"The baker had been watching the oven for the last twelve minutes. The sourdough was at the stage where the crust was forming, and the color was moving from pale to golden in a gradient that would pass through the correct shade and continue past it if he was not paying attention. The oven had a hot spot on the left side — he had learned this after two years of baking in this kitchen and compensated by rotating the loaves at the fourteen-minute mark. The timer said two minutes until rotation. He could hear the crust beginning to set, a sound like paper being folded very slowly. He did not open the door. He watched through the glass.",moderate,,vigilance,T_vigilance-d2-v2,3.971809967867157,4.345706465017191,4.0025785425349865,1,1,1,0.006259891500158023,3.778728714406012,4.268212103264302,3.867974642218098,1,1,1,0.0070122020301198905,3.8715217116534766,4.223743246986127,3.876571852661629,1,1,1,0.007118660181536523
Bm-vigilance-d3-v1,vigilance,moderate,3.0,Environmental scanning (predator awareness),,105,"The hiking trail had a sign at the trailhead about recent activity in the area — tracks had been spotted near the creek crossing a mile ahead. The sign was dated three days ago. She had hiked this trail before without seeing anything. The odds were that she would hike it again today without seeing anything. She carried the bear spray in the side pocket of her pack, where she could reach it without taking the pack off. She was not afraid. She was paying attention — to the bushes on either side of the trail, to the sound of the creek as she approached it, to the birds, which were present and vocal, which was a sign that nothing large had passed through recently.",moderate,,vigilance,T_vigilance-d3-v1,4.167590469931052,4.528419597963106,4.215716029438316,1,1,1,0.007783543648724436,4.040573140833122,4.44017894161121,4.080646507622067,1,1,1,0.009018661188893107,4.278446797396745,4.500520794860317,4.248179441623985,1,1,1,0.008990488179178581
Bm-vigilance-d3-v2,vigilance,moderate,3.0,Environmental scanning (predator awareness),,101,"The night manager was making his second walk-through of the hotel floor. Room 412 had a Do Not Disturb sign that had been on the door since the previous morning. The guest had checked in for one night and had not checked out. Housekeeping had noted it on their report. It could mean anything — an extended stay, a late sleeper, someone who had left without stopping at the desk. He knocked. No answer. He knocked again and announced himself. No answer. He wrote the room number in his notebook and continued down the hall. He would check again in an hour. If the sign was still there, he would call the front desk for the guest's contact information.",moderate,,vigilance,T_vigilance-d3-v2,3.8618178194378694,4.3120670007776045,4.019642209222251,1,1,1,0.006069038984870614,3.872630120575211,4.269818757495519,3.9479351905154556,1,1,1,0.007527369558297865,3.969938873026402,4.292043896605249,4.088281342038334,1,1,1,0.007050838853243594
c-01,neutral,none,,Technical Mechanical,,96,"The lathe turned the brass rod at 1,400 revolutions per minute. The machinist advanced the cutting tool by two-hundredths of a millimeter per pass, watching the ribbon of swarf curl away from the workpiece and drop into the tray below. The digital readout showed the diameter at 11.96 millimeters — four passes from the target of 11.88. Cutting oil fed onto the contact point through a flexible nozzle, pooling in the catch basin underneath. She locked the carriage, measured the rod with outside calipers, and recorded the figure on the job card clipped to the machine's frame.",complex_neutral,,neutral,,4.3720417023815505,4.714574520215162,4.433669357146005,1,1,1,0.010227023146496301,4.128852658432453,4.5728207074261755,4.25455741208823,1,1,1,0.009568178583710615,4.345396133583124,4.690914621412664,4.36586779444818,1,1,1,0.01065033849180374
c-02,neutral,none,,Technical Mechanical,,104,"The hydraulic press exerted 200 tonnes of force on the steel blank. The operator watched the pressure gauge climb past 140 bar, then hold steady at 158. The blank deformed into the die cavity over seven seconds — the edges folding inward along scored lines, the center section dropping into the lower mold. He released the pressure using the foot pedal. The ram lifted. The formed panel sat in the die, still warm, its surface showing the grain pattern transferred from the tooling. He removed it with leather gloves and placed it on the inspection bench. The next blank was already positioned on the feed table, aligned to the guide pins.",complex_neutral,,neutral,,4.522643671836927,4.872806804462212,4.556145497245544,1,1,1,0.00982092580075984,4.280824312077842,4.709470298669618,4.382606297169066,1,1,1,0.010927545449219688,4.595368872122175,4.82714004001469,4.487951602448825,1,1,1,0.009194698851750454
c-03,neutral,none,,Technical Mechanical,,101,"The CNC router cut the plywood sheet along a programmed path at a feed rate of 3,200 millimeters per minute. The bit — a 6-millimeter up-cut spiral — pulled chips upward as it moved through the material in a single pass at 18 millimeters depth. Vacuum hold-down kept the sheet flat against the spoilboard. The dust extraction hose, mounted to the spindle housing, collected most of the debris. The operator monitored the cut from behind the safety screen. The program would take eleven minutes to complete. The finished parts — fourteen identical bracket shapes — would remain tabbed to the sheet until snapped free by hand.",complex_neutral,,neutral,,4.562576466636772,4.71259345150769,4.393738563401629,1,1,1,0.008686034886869417,4.192077657117235,4.53112876134296,4.206303396633547,1,1,1,0.007654744177690925,4.554550342934612,4.68366659949019,4.269886938476797,1,1,1,0.010178792894684744
c-04,neutral,none,,Technical Mechanical,,98,"The surface grinder moved the magnetic chuck in a reciprocating motion beneath the spinning wheel. The wheel — a 200-millimeter aluminum oxide disc — removed material at a rate of 0.01 millimeters per pass. Coolant sprayed across the contact zone in a flat fan, carrying the metal particles into the filtration tank. The technician checked the surface with a dial indicator mounted on a granite block: 0.003 millimeters of variation across the full length. Two more passes would bring it within tolerance. The steel plate was warm to the touch along the ground face. The coolant tank was due for a filter change at the end of the shift.",complex_neutral,,neutral,,4.551871560023695,4.755413949235239,4.476752519379315,1,1,1,0.009465558370130524,4.233375323688542,4.604183651584568,4.2874075627536365,1,1,1,0.010559850230912451,4.561908344535872,4.757547104478847,4.454626663006181,1,1,1,0.009274764529312746
c-05,neutral,none,,Technical Mechanical,,102,"The pipe threader clamped the 50-millimeter steel pipe in its jaws and rotated the die head at 28 revolutions per minute. Threading oil dripped from a reservoir onto the cutting teeth as they engaged the pipe end. The operator counted the rotations — eleven would produce a thread length of 25 millimeters, matching the fitting specification. At eleven, he reversed the motor and the die backed off. The thread was clean, with no torn crests visible under the inspection lamp. He wiped the pipe end with a rag, applied thread sealant from a tube, and screwed on the test cap by hand. It seated after four and a half turns.",complex_neutral,,neutral,,4.476285470782793,4.664075143009566,4.30076008628293,1,1,1,0.009536347055825446,4.338294874370047,4.573534276106609,4.194213278105507,1,1,1,0.009624123285639639,4.603176773402259,4.639953762492005,4.327160019835655,1,1,1,0.010260121847054956
c-06,neutral,none,,Technical Mechanical,,105,"The wire-drawing machine pulled copper rod through a series of seven carbide dies, each one reducing the diameter by approximately 20 percent. The rod entered the first die at 8 millimeters and exited the last at 2.05 millimeters. Between each die, the wire passed through a lubricant bath — a white emulsion that coated the surface and reduced friction at the next reduction. The drawing speed was 4 meters per second. The finished wire wound onto a take-up spool at the far end of the line. The operator checked the diameter every fifteen minutes with a laser micrometer mounted at the exit point. The current reading was 2.04 millimeters.",complex_neutral,,neutral,,4.407687161457693,4.668044970450729,4.433263563171469,1,1,1,0.008311195916859306,4.266988696807003,4.570004522560035,4.286115488765119,1,1,1,0.011150617098359836,4.568410505242841,4.670838801354664,4.472037480298157,1,1,1,0.009108393170306471
c-07,neutral,none,,Natural Environment,,99,"The peat bog extended for approximately three kilometers across the valley floor. The surface was a mosaic of sphagnum moss in shades of green and rust, broken by dark pools of standing water. A drainage channel cut through the eastern edge — straight-sided, about a meter wide, its banks exposing a cross-section of peat that was dark brown at the surface and nearly black at depth. The water in the channel was the color of strong tea. A line of cotton grass ran along the channel's edge, the white seed heads motionless in the still air. The ground underfoot gave slightly with each step.",complex_neutral,,neutral,,3.947040736360733,4.58695432259601,4.191776305227168,1,1,1,0.007397858272602769,3.9252782626278746,4.4508591977598035,4.1451257623180275,1,1,1,0.006955153943618517,3.7217505729390052,4.488704738648437,4.207883228888437,1,1,1,0.007253819986411895
c-08,neutral,none,,Natural Environment,,103,"The basalt columns rose from the shoreline in a formation roughly 40 meters wide. Each column was hexagonal in cross-section, ranging from 30 to 50 centimeters across, the joints between them tight enough that only thin lines of moss grew in the gaps. Some columns had fractured at different heights, creating a stepped surface that climbed from sea level to approximately 15 meters. The rock was dark grey, almost black where wet from spray. Tide pools had formed in the depressions between columns, containing small crabs and clusters of barnacles. The nearest column showed conchoidal fracture marks on its upper face, exposing a slightly lighter interior.",complex_neutral,,neutral,,3.987435166260696,4.592915107086068,4.27539430705547,1,1,1,0.006255413050441166,3.767944365412387,4.479785855572641,4.0939470423892095,1,1,1,0.005804397223724729,3.924128187373783,4.578899680845082,4.177829200062291,1,1,1,0.005227690866975239
c-09,neutral,none,,Natural Environment,,97,"The glacier's terminal moraine formed a ridge of unsorted debris — boulders, gravel, and fine silt mixed together without layering. Behind the moraine, the meltwater had collected in a lake roughly 200 meters across. The water was opaque and pale grey, colored by glacial flour. The glacier itself had retreated approximately 80 meters from the moraine, leaving a zone of exposed bedrock scored with parallel grooves that ran north-south. The ice face was about 12 meters high at the center. Small fragments calved from the lower edge at irregular intervals, landing in the shallows with a sound that carried across the valley.",complex_neutral,,neutral,,3.8917904231718334,4.634409823611852,4.291596771701152,1,1,1,0.006278870651673529,3.7365387904334026,4.550725209664456,4.131700598315683,1,1,1,0.006202428597850225,3.8910092563582053,4.611320569379236,4.2864984732502815,1,1,1,0.007302270510623881
c-10,neutral,none,,Natural Environment,,100,"The mangrove roots formed an interlocking lattice that extended from the mudflat into the water. The roots were smooth and grey-brown, arching from the trunk to enter the mud at angles between 30 and 60 degrees. At low tide the root system was fully exposed, the mud beneath it dark and saturated. Oyster shells had attached to many of the lower roots in clusters of four or five. A small channel of water still flowed through the center of the root system, no more than ten centimeters deep. The canopy above was dense, the leaves thick and oval, their upper surfaces a waxy dark green.",complex_neutral,,neutral,,3.955577592615879,4.585400292584574,4.331288525269522,1,1,1,0.008127338646356879,3.8615267654464245,4.505056815782499,4.230442078246041,1,1,1,0.008075547887717834,3.9165557393123454,4.550500836166833,4.3001996576298245,1,1,1,0.006402985123479573
c-11,neutral,none,,Natural Environment,,102,"The volcanic vent released a steady column of steam that rose vertically for about 20 meters before dispersing. The ground around the vent was coated in a yellow-white crust of sulfur deposits, extending outward in a rough circle approximately 3 meters in diameter. The rock nearest the opening was warm — a thermometer pushed into a crevice ten centimeters from the edge read 87 degrees. The air carried a faint smell of sulfur dioxide. Beyond the deposit ring, the ground was bare pumice, light grey and porous, crumbling underfoot. A series of smaller fumaroles dotted the slope below, each one marked by its own patch of discoloration.",complex_neutral,,neutral,,4.080644261812848,4.56708217188754,4.3803452662786615,1,1,1,0.007134808512230684,3.781012119374098,4.459298675820837,4.2099392411629735,1,1,1,0.006456127754398194,4.133180484628598,4.559159079217303,4.309733368854549,1,1,1,0.007937082879995332
c-12,neutral,none,,Natural Environment,,104,"The sand dune migrated approximately 6 meters per year, driven by the prevailing northwesterly wind. Its windward slope rose at an angle of about 12 degrees — a long, gradual incline of fine-grained sand with a rippled surface. The slip face on the leeward side was steeper, roughly 33 degrees, the angle of repose for sand of this grain size. A surveyor's post driven into the dune crest three years earlier now stood two-thirds buried on the windward side. The dune was 14 meters high at its peak. Vegetation had colonized the base on the sheltered side — low scrub with roots exposed where the sand had shifted.",complex_neutral,,neutral,,4.010364522176705,4.73085039770478,4.508968327097953,1,1,1,0.007194924148168159,3.9350741929143416,4.589079139410164,4.388690482402846,1,1,1,0.008048617610660676,3.874166677841923,4.659346594929287,4.453890140661498,1,1,1,0.005540027927994426
c-13,neutral,none,,Commercial Urban,,101,"The cargo crane lifted the shipping container from the vessel's hold at a rate of approximately one meter per second. The container was a standard 40-foot unit, tare weight 3,750 kilograms, painted a faded orange with a registration code stenciled on the door end. The crane operator positioned it over the trailer on the quay, lowered it until the corner castings engaged the twist locks, and released the spreader. A dock worker verified the seal number against the manifest on his clipboard. The next container was already visible in the hold, a blue unit stacked beneath where the orange one had been.",complex_neutral,,neutral,,4.013105543810263,4.601820675250025,4.078716053828252,1,1,1,0.007267596691117857,3.9834807665432193,4.433641677038413,3.989105029744733,1,1,1,0.006674045618828287,4.019808387985109,4.5256612935504235,4.084542421070026,1,1,1,0.00727030530747944
c-14,neutral,none,,Commercial Urban,,106,"The grain elevator received wheat from trucks that backed onto the weighbridge one at a time. Each truck was weighed full, then drove forward to the dump pit where the bed tilted and the grain poured through a grate into the receiving hopper. The truck was weighed again empty. The difference on today's first load was 22.4 tonnes. A sample had been taken from the truckbed with a probe — a hollow rod pushed into the grain at three points. The sample was in the testing lab, where a technician measured moisture content at 12.8 percent and test weight at 78.6 kilograms per hectoliter. Both were within receivable range.",complex_neutral,,neutral,,4.538081728840172,4.821632377788799,4.627767527727383,1,1,1,0.009193022785175954,4.159914710891067,4.666923284885742,4.421001784736371,1,1,1,0.010267307530987063,4.5421527056206115,4.750708279755587,4.652180694543805,1,1,1,0.0089995156653699
c-15,neutral,none,,Commercial Urban,,99,"The print shop's guillotine cut through a stack of 500 sheets in a single stroke. The operator had set the back gauge to 210 millimeters — A4 width. The blade came down at an angle, the cut progressing from left to right across the stack. The trimmed edge was clean, no feathering visible. She moved the cut sheets to the jogger, which vibrated them into alignment over fifteen seconds, then stacked them on the pallet beside the machine. The offcut — a 90-millimeter strip — went into the recycling bin. She repositioned the remaining stock against the back gauge and entered the next measurement: 148 millimeters.",complex_neutral,,neutral,,4.337133830453518,4.737231144826787,4.373154756255684,1,1,1,0.007157808996026531,4.111220460298168,4.590888501915098,4.2191743983640055,1,1,1,0.007856862861407285,4.431853222065329,4.657405935494638,4.364143333129818,1,1,1,0.008639645528566858
c-16,neutral,none,,Commercial Urban,,107,"The brewery's mash tun held 800 kilograms of milled barley mixed with 2,400 liters of water at 65 degrees. The grain bed had been resting for forty minutes. The brewer opened the valve at the base of the tun and drew off two liters of wort into a glass cylinder. The liquid was hazy, amber-colored. She checked the specific gravity with a hydrometer: 1.052, matching the recipe target. The spent grain would be raked out after sparging — a second rinse of hot water at 76 degrees to extract remaining sugars. The wort would then transfer to the copper for a ninety-minute boil. The steam extractor above the copper was already running.",complex_neutral,,neutral,,4.444765150500691,4.822019036848835,4.435110356736128,1,1,1,0.009651123744120712,4.21897443608463,4.648360801868195,4.298937820582537,1,1,1,0.010267591491450186,4.392914474635859,4.690634999980396,4.370711251264191,1,1,1,0.008814482536167324
c-17,neutral,none,,Commercial Urban,,103,"The glassblower gathered a ball of molten glass on the end of the blowpipe, rotating it steadily to keep the mass centered. The glass was at approximately 1,100 degrees — a bright orange that faded to a dull red as it cooled. He blew a short puff into the pipe, creating a small bubble at the center of the gather. He reheated the piece in the glory hole for eight seconds, then shaped the base on a graphite marver, rolling the pipe back and forth to flatten the bottom. The piece was transferred to a punty for the opening step. The annealing oven was set to 510 degrees.",complex_neutral,,neutral,,4.007734225375614,4.5085836448614796,4.2169805926628765,1,1,1,0.007431147050683002,3.7700919782654134,4.355726582222371,4.0551649742894345,1,1,1,0.006419640985458121,3.9783551836323543,4.457056253584028,4.092143831028558,1,1,1,0.00648533162194204
c-18,neutral,none,,Commercial Urban,,100,"The concrete batch plant loaded aggregate from three hoppers — 10-millimeter stone, 20-millimeter stone, and washed sand — onto a conveyor belt that fed the mixing drum. The batch ticket specified 0.45 water-to-cement ratio and a target slump of 100 millimeters. The drum rotated at 12 revolutions per minute during the two-minute mixing cycle. The operator tested the first batch by filling a standard slump cone, tamping in three layers, and lifting the cone vertically. The wet concrete settled to 95 millimeters. He added 4 liters of water and mixed for another thirty seconds. The second slump test read 105 millimeters.",complex_neutral,,neutral,,4.12015711349898,4.6852254234641615,4.267383205643427,1,1,1,0.009190587426112808,4.034358990613278,4.586412340916843,4.175324814682894,1,1,1,0.009749952898681516,4.3043508147898155,4.645993948587396,4.3153412780772085,1,1,1,0.010733977210513817
c-19,neutral,none,,Routine Process,,102,"The seed-cleaning machine separated the harvest by size and weight. The first stage was a set of oscillating screens — the upper screen with 4-millimeter slots, the lower with 2-millimeter slots. Oversized material and chaff passed over the top screen and fell into a waste chute. The target seed dropped through the upper screen but was caught by the lower. An air column between the screens blew away light debris. The cleaned seed fell into a collection hopper mounted on a platform scale. The operator recorded the weight every ten minutes. The current batch was red clover, running at a throughput of approximately 120 kilograms per hour.",complex_neutral,,neutral,,4.514471500786269,4.765092048895869,4.306286326228241,1,1,1,0.007297689149780635,4.235315861772807,4.616200889658445,4.120211261520844,1,1,1,0.008830356544667748,4.511133756080355,4.687025330411817,4.238350329626716,1,1,1,0.008470075656908192
c-20,neutral,none,,Routine Process,,105,"The paper mill's headbox distributed pulp slurry across a moving wire mesh at a consistency of 0.8 percent — meaning 99.2 percent water. The slurry landed on the wire in a thin, even sheet and began draining immediately. Vacuum boxes beneath the wire pulled water downward through the mesh. By the time the sheet reached the press section, its moisture content had dropped to 80 percent. The press rollers — two sets of felt-covered steel cylinders — squeezed it to 55 percent. The sheet then entered the dryer section: forty-seven heated cylinders, each one at a progressively higher temperature, the last at 120 degrees. The finished paper wound onto a reel at the end of the machine at 600 meters per minute.",complex_neutral,,neutral,,4.5359914727371615,4.809690889954533,4.582930577398133,1,1,1,0.010290028389851175,4.503005192806489,4.754358904196083,4.537091682500922,1,1,1,0.012423344546310357,4.694066600225968,4.8606341068187175,4.604548217544776,1,1,1,0.009778890037261526
c-21,neutral,none,,Routine Process,,98,"The beekeeper lifted the first frame from the super using a hive tool to break the propolis seal. The frame was heavy — both sides fully capped with white wax. She held it at an angle to the light to confirm there were no uncapped cells in the center. Satisfied, she placed it in the uncapping tray and drew the heated knife across the surface, shaving off the wax caps in a single pass. The exposed honey was dark amber. She repeated the process on the reverse side and loaded the frame into the extractor, a four-frame radial unit that spun at 300 revolutions per minute.",complex_neutral,,neutral,,4.457547787095936,4.751264658016957,4.312444343596158,1,1,1,0.009610231850029417,4.2860100048900485,4.5685202753782095,4.173712694550555,1,1,1,0.00851863773127732,4.428353885679742,4.678596520691299,4.349594674105821,1,1,1,0.009431690148428352
c-22,neutral,none,,Routine Process,,103,"The surveyor set the total station on the tripod over the benchmark, leveling the instrument using the electronic bubble until the crosshairs read zero in both axes. The prism was positioned 84 meters away, held on a pole by a second surveyor standing at the property corner. She sighted the prism through the eyepiece and pressed the measure button. The instrument returned a horizontal distance of 83.97 meters, a vertical angle of 89 degrees 14 minutes, and an elevation difference of minus 1.22 meters. She recorded the reading in the field book and called for the prism to be moved to the next point, 30 meters south along the boundary.",complex_neutral,,neutral,,3.9961307851112515,4.514254270901061,4.2351579110352615,1,1,1,0.011053311634859647,4.01117149211218,4.485147371892604,4.1850076342363876,1,1,1,0.011517288907715131,4.054099586859322,4.482402814258362,4.308450537129128,1,1,1,0.010510988139781787
c-23,neutral,none,,Routine Process,,106,"The bookbinder trimmed the text block on the three-knife trimmer. The block was clamped in the machine, spine down, and the three blades fired in sequence — first the face trim, then the head, then the tail. Each cut removed between 2 and 4 millimeters. The trimmed block measured 216 by 138 millimeters, matching the case dimensions. She inspected the edges: clean cuts, no pulled pages, the fore-edge square to the spine. The block was placed on the gluing conveyor, where a roller applied a thin layer of PVA to the spine. The gauze lining strip — pre-cut to the spine width plus 20 millimeters on each side — was pressed into the wet adhesive by hand.",complex_neutral,,neutral,,4.376434190045575,4.786913985525288,4.498796566985793,1,1,1,0.009309434830089799,4.331235891037479,4.736103146009309,4.398430217697444,1,1,1,0.009659205211276492,4.5778523210699475,4.762762075637927,4.4977224979724,1,1,1,0.008296383408679735
c-24,neutral,none,,Routine Process,,99,"The irrigation system ran on a timer that opened each of the twelve zones in sequence for twenty minutes. Zone 4 was currently active — a drip line serving three rows of grapevines, each emitter spaced 60 centimeters apart, delivering 2 liters per hour. The pressure gauge at the manifold read 1.5 bar. The technician checked each emitter in the first row by holding a measuring cup beneath it for thirty seconds: the expected volume was 16.7 milliliters. Three of the forty emitters were below 14 milliliters and were marked with flagging tape for replacement. Zone 5 would activate in seven minutes.",complex_neutral,,neutral,,4.2914667275619784,4.609333428606915,4.164721364964202,1,1,1,0.0076538489988978295,3.8813052983716343,4.371670393237105,3.9425371565274943,1,1,1,0.007006334215089475,4.152153002752522,4.490050823818764,4.017755768923982,1,1,1,0.006460342664751597
c-25,neutral,none,,Geological Survey,,101,"The drill rig extracted the core in sections of one and a half meters, each one sleeved in a plastic liner and labeled with depth. The geologist split the latest section lengthwise with a wire saw and laid both halves in the core tray. The upper twenty centimeters were a grey silty clay. Below that, a band of oxidized sandstone — orange-brown, coarse-grained, approximately thirty centimeters thick. She measured the dip angle of the contact between layers at 12 degrees using a protractor held against the cut face. The core tray was placed on the rack beside the previous fourteen sections, arranged in order of depth.",complex_neutral,,neutral,,4.216829406735173,4.601730145894652,4.314291483529833,1,1,1,0.009582991875979656,3.919216973088616,4.440493473492888,4.1438665519865765,1,1,1,0.010642964538508081,4.103597461199902,4.546474630035074,4.174719382479451,1,1,1,0.008159792870689788
c-26,neutral,none,,Geological Survey,,104,"The seismograph recorded ground motion on three axes. The current trace showed a series of low-amplitude waves arriving at 4-second intervals — consistent with a quarry blast 12 kilometers to the northeast, which had been scheduled for 09:15. The P-wave arrival was logged at 09:15:03.4, the S-wave at 09:15:05.7. The technician calculated the distance using the time difference: 2.3 seconds multiplied by the local velocity model gave 11.8 kilometers, within expected range. She marked the event in the catalog as ""confirmed blast"" and adjusted the trigger threshold to filter similar events from the automatic detection algorithm for the remainder of the morning.",complex_neutral,,neutral,,4.017500400779496,4.546212570612406,4.181564467065895,1,1,1,0.009110187687162577,3.9454830787893944,4.430081099889082,4.074343141984639,1,1,1,0.008606582219164082,3.8975380733900233,4.386056444664167,4.093601449446399,1,1,1,0.009067793128667954
c-27,neutral,none,,Geological Survey,,100,"The soil profile pit had been dug to a depth of 1.8 meters. The geologist worked down the exposed face, marking horizon boundaries with nails and string. The A horizon — dark, organic-rich topsoil — extended to 22 centimeters. Below it, the B horizon was a reddish-brown clay with visible iron mottling, running to 95 centimeters. The C horizon was weathered parent material, a crumbly grey shale. She took a sample from each horizon using a ring sampler — a steel cylinder pressed horizontally into the face to preserve the soil's structure. Each sample was sealed in a labeled bag for bulk density and moisture analysis at the lab.",complex_neutral,,neutral,,4.052867529395308,4.764843353186093,4.390481173103712,1,1,1,0.00634100789427549,3.9824815674003675,4.588394191702072,4.279577333863104,1,1,1,0.007266297757890904,4.041256170239778,4.712331932384761,4.455470439173606,1,1,1,0.006281198870126425
c-28,neutral,none,,Geological Survey,,97,"The thin section was cut from a granite sample at a thickness of 30 micrometers — standard for transmitted-light petrography. Under the polarizing microscope at 40x magnification, the quartz grains appeared grey with undulatory extinction as the stage was rotated. The feldspars showed lamellar twinning — parallel stripes that changed from light to dark every few degrees of rotation. Biotite was present as elongated brown crystals with strong pleochroism. She switched to crossed polarizers and the entire field shifted to interference colors: yellows in the quartz, blues and pinks in the feldspar. The mineral percentages were recorded on the classification sheet.",complex_neutral,,neutral,,3.706764626438329,4.43198144131088,4.2453018230462325,1,1,1,0.006018897455997728,3.738884336653021,4.404774754196994,4.246880290693203,1,1,1,0.007672200765622326,3.905924379100934,4.500866677148774,4.3643201091322545,1,1,1,0.006609186443586178
c-29,neutral,none,,Geological Survey,,103,"The magnetometer survey covered a grid of 200 by 300 meters, with readings taken at 2-meter intervals along north-south transect lines. The instrument — a cesium vapor magnetometer — recorded the total magnetic field intensity at each point, storing the values with GPS coordinates. The background field in this area was approximately 48,200 nanoteslas. A linear anomaly running east-west showed values elevated by 15 to 25 nanoteslas above background, extending across seven transect lines. The geophysicist plotted the data as a color-graded contour map on the laptop. The anomaly was consistent with a buried dolerite dyke at a depth of 3 to 5 meters.",complex_neutral,,neutral,,4.084182601949697,4.6914414971810965,4.494456772974973,1,1,1,0.006897208871784917,3.929303659083765,4.555056931157761,4.359583243568915,1,1,1,0.008439410621134706,3.887353458252072,4.606147125048973,4.444244751637059,1,1,1,0.0069673739562755655
c-30,neutral,none,,Textile Manufacturing,,101,"The loom ran at 220 picks per minute, the shuttle crossing the warp in a flat arc between the heddle frames. The weaver checked the tension on the selvedge threads using a handheld gauge — reading 14 Newtons, within range for this weight of cotton. The warp beam held 3,200 threads, each one passed through a single heddle eye during the previous day's setup. She adjusted the let-off mechanism by a quarter turn to compensate for the decreasing diameter of the beam. The cloth already woven was wound onto the take-up roller at the front, a plain tabby weave in undyed cotton, 148 centimeters wide.",complex_neutral,,neutral,,4.462226595143871,4.78455389620995,4.391255494548496,1,1,1,0.00838806310232299,4.25955740148451,4.628347718801807,4.221655217695168,1,1,1,0.00898171941161391,4.7024830018076225,4.767458053607656,4.40698768622723,1,1,1,0.010527010221003127
c-31,neutral,none,,Textile Manufacturing,,104,"The dye vat held 600 liters of indigo solution at 50 degrees. The cotton yarn — wound onto perforated cones — was lowered into the bath on a stainless steel frame and held submerged for four minutes. When the frame was raised, the yarn was a yellow-green color. Exposure to the air began the oxidation process: within thirty seconds the color shifted to a deep blue. The operator lowered the yarn back into the vat for a second dip. Six immersions were specified for this shade — each one deepening the color by building additional layers of insoluble indigo within the fiber. After the final dip, the cones were transferred to a rinse tank fed with cold running water.",complex_neutral,,neutral,,4.136114482654125,4.640988660693147,4.333349454082682,1,1,1,0.007894509587689478,4.085843383843888,4.5741223319463,4.26204817028466,1,1,1,0.009436415427000041,4.34977026127954,4.637584348771366,4.40380144467855,1,1,1,0.008181676995418998
c-32,neutral,none,,Textile Manufacturing,,99,"The spinning frame drew cotton roving through three pairs of rollers, each pair turning faster than the last. The front rollers ran at 18 meters per minute, the back rollers at 1.2 meters per minute — a draft ratio of 15 to 1. The thinned strand was twisted by the spindle rotating at 12,000 revolutions per minute, producing a yarn with approximately 25 twists per centimeter. The bobbin filled from the bottom upward in a tapered cop shape. When the bobbin was full, the machine stopped automatically. The operator replaced it with an empty tube and restarted the frame. Forty-eight spindles ran simultaneously on this section.",complex_neutral,,neutral,,4.675413278865444,4.881861902278756,4.4775713789422875,1,1,1,0.008778732621963489,4.374993733966083,4.730853494477629,4.275064901212217,1,1,1,0.009577770451656403,4.668660137325557,4.81080266809246,4.457462130365131,1,1,1,0.00926296735378106
c-33,neutral,none,,Textile Manufacturing,,98,"The tensile testing machine clamped a strip of fabric 50 millimeters wide between its jaws and pulled at a constant rate of 100 millimeters per minute. The digital readout displayed the force in Newtons and the extension in millimeters. The fabric was a plain-weave polyester, tested in the warp direction. At 380 Newtons, the first threads began to break — visible as a slight narrowing at the center of the strip. The peak force was 412 Newtons at 28 millimeters extension. After failure, the broken ends showed pulled fibers rather than clean breaks. The technician recorded the results and loaded the next specimen, cut from the same roll but in the weft direction.",complex_neutral,,neutral,,4.5572080569824545,4.768671823719291,4.554267329610561,1,1,1,0.009603594645898708,4.335294335825612,4.643454188807785,4.380056679728017,1,1,1,0.009591397088353125,4.62650349503422,4.731395653579752,4.555873008031123,1,1,1,0.009257353974887856
c-34,neutral,none,,Textile Manufacturing,,103,"The carding machine processed raw wool into a continuous web. The fiber was fed through a series of rotating drums covered in fine wire teeth — the main cylinder turning at 250 revolutions per minute, the smaller worker and stripper rollers turning in alternating directions. The teeth opened and aligned the fibers, removing short tangles and depositing vegetable matter into the waste tray below. The resulting web — a thin, translucent sheet of aligned fibers — was stripped from the doffer roller and condensed into a roving approximately 3 centimeters in diameter. The roving coiled into a tall can beside the machine. Each can held the output from roughly 4 kilograms of raw fiber.",complex_neutral,,neutral,,4.86553401390719,5.019327163079597,4.659745923801235,1,1,1,0.010474481069745188,4.515985774285703,4.822410941813884,4.438225715821997,1,1,1,0.009874520866700594,4.891787670427881,4.929655731779593,4.6158268212464515,1,1,1,0.009660532926787197
c-35,neutral,none,,Maritime Navigation,,97,"The navigator plotted the vessel's position using two compass bearings taken from the bridge wing — the lighthouse at 047 degrees and the headland at 312 degrees. The intersection placed them 2.4 nautical miles south-southeast of the channel entrance. She marked the fix on the paper chart with a pencil dot inside a small circle and noted the time: 0618. The tidal stream atlas showed a westerly set of 1.3 knots for this hour. She calculated the course to steer as 024 degrees magnetic, correcting for 3 degrees of compass deviation noted on the card mounted above the binnacle.",complex_neutral,,neutral,,3.986623699157548,4.478661260283964,4.250078367376148,1,1,1,0.00921682730710302,3.9464420702479432,4.390792150168473,4.149344026980917,1,1,1,0.009853642436189945,4.024201639512344,4.464163851745802,4.22037318055091,1,1,1,0.009389683717518792
c-36,neutral,none,,Maritime Navigation,,102,"The depth sounder traced a continuous profile of the seabed on the scrolling paper display. The water depth had decreased steadily from 28 meters to 14 meters over the last nautical mile, consistent with the approach to the shoal marked on chart 1843. The bottom type indicator showed a hard return — rock or compacted sand. The helmsman maintained a heading of 195 degrees at 6 knots while the mate compared the sounder trace with the charted contour lines. The 10-meter contour was 400 meters ahead. He marked the vessel's current position on the chart using the GPS coordinates displayed on the bridge repeater: 51 degrees 24.3 minutes north, 003 degrees 58.7 minutes west.",complex_neutral,,neutral,,3.9160429955353173,4.496894662981966,4.332222491852333,1,1,1,0.008449549969697327,3.953732042936678,4.367492044907459,4.201018174393533,1,1,1,0.00891372905112535,4.064785402841709,4.503162345599219,4.3504842536028026,1,1,1,0.009835650784344167
c-37,neutral,none,,Maritime Navigation,,100,"The sextant's arc was graduated in degrees, with a vernier scale reading to one-tenth of a minute. The navigator brought the reflected image of the sun's lower limb to the horizon and rocked the instrument gently to confirm the lowest point of the arc. He read the angle: 42 degrees 17.3 minutes. The time was noted from the chronometer — 13:47:22 GMT. He recorded both values in the sight reduction book. Using the nautical almanac and the HO 249 tables, he calculated the intercept: 2.3 nautical miles toward an azimuth of 187 degrees. He plotted the line of position on the chart with a 2H pencil.",complex_neutral,,neutral,,4.192972051893443,4.580693852638804,4.377752549824312,1,1,1,0.010037684191182193,3.9931409824532826,4.404537734272216,4.190218382889234,1,1,1,0.011256115105167826,4.036211330571962,4.4130771261431665,4.289273874620338,1,1,1,0.010066699302905853
c-38,neutral,none,,Maritime Navigation,,99,"The buoy tender's crane lifted the navigation buoy from the water and set it on the afterdeck. The buoy was a standard pillar type, 3 meters tall, painted red with a cone-shaped topmark. The lantern housing at the top contained a sealed LED unit powered by a lithium battery pack. The technician disconnected the battery, which showed a remaining charge of 34 percent — below the 40 percent threshold for replacement. He installed a fresh pack, reconnected the wiring harness, and tested the flash pattern: three flashes every ten seconds, red, matching the characteristic listed on the chart. The crane returned the buoy to its charted position.",complex_neutral,,neutral,,4.181121869144999,4.582642409913326,4.307526108009817,1,1,1,0.010139372892752987,3.9688038358197275,4.447673437409248,4.090589838050074,1,1,1,0.0088019852562083,4.1771433303433385,4.523552312248453,4.19881130081147,1,1,1,0.008720351306717269
c-39,neutral,none,,Maritime Navigation,,104,"The chart table held an Admiralty chart covering the approaches to the harbor, scale 1:25,000. The navigator had drawn the planned track in pencil — a series of straight legs between waypoints, each labeled with the course and distance. The first leg was 142 degrees true for 3.8 nautical miles. At each waypoint she had marked a circle with a radius representing the maximum allowable cross-track error: 0.1 nautical miles in open water, tightening to 0.05 in the buoyed channel. Tidal diamonds printed on the chart gave the set and drift for each hour relative to high water. She copied the values for the transit period into a table in the passage plan notebook.",complex_neutral,,neutral,,4.219311576930389,4.528951625676877,4.272575149377639,1,1,1,0.00882422869561831,4.026667882047858,4.393552225368751,4.105062627812144,1,1,1,0.008732857612980276,4.155074083225257,4.452135462928848,4.291955221731952,1,1,1,0.007309217450868134
c-40,neutral,none,,Acoustic Measurement,,102,"The technician positioned the measurement microphone at the listening position — 1.2 meters above the floor, pointed at the ceiling. The analyzer displayed the room's frequency response as a curve from 20 Hz to 20 kHz. A dip of 8 decibels was visible at 125 Hz, consistent with a room mode at that frequency given the 2.7-meter ceiling height. She switched to the impulse response view: the initial spike was followed by a decay that crossed the noise floor at 340 milliseconds. The reverberation time was within the target range for a room of this volume. She logged the measurement and moved the microphone to the next position, 60 centimeters to the right.",complex_neutral,,neutral,,4.434584872718455,4.900153287755786,4.559284713917849,1,1,1,0.011485948136720745,4.157468978309716,4.750640644493937,4.4097324403886455,1,1,1,0.012651831853097187,4.3712694029226355,4.7364618211435285,4.5400311778682525,1,1,1,0.011837657061218396
c-41,neutral,none,,Acoustic Measurement,,100,"The anechoic chamber's walls were lined with fiberglass wedges, each one a meter long, arranged in rows that covered the floor, ceiling, and all four walls. The room's background noise level was 12 decibels SPL — quiet enough to measure the self-noise of the microphone being tested. The technician mounted the microphone on a stand at the center of the chamber, pointed at a reference loudspeaker positioned 2 meters away. The loudspeaker played a swept sine wave from 20 Hz to 20 kHz over 30 seconds. The microphone's output was recorded digitally at a sample rate of 96 kHz. The resulting frequency response would be compared against the manufacturer's published curve.",complex_neutral,,neutral,,4.553637772819548,5.031971828671496,4.831522412220817,1,1,1,0.009977594178436461,4.3992098681333145,4.9118722435137245,4.6734415410193195,1,1,1,0.010042013752237254,4.395844825548071,4.8616235914871435,4.757251046347431,1,1,1,0.011127912359868113
c-42,neutral,none,,Acoustic Measurement,,99,"The sound level meter was mounted on a tripod at the property boundary, 1.5 meters above ground. It was set to record the A-weighted equivalent continuous sound level over fifteen-minute intervals. The current reading — covering the period from 14:00 to 14:15 — was 54.3 decibels. The dominant source was road traffic on the dual carriageway 80 meters to the north. The technician noted the wind speed from the handheld anemometer: 3.2 meters per second, below the 5 meters per second threshold above which the windscreen becomes ineffective. He logged the interval result and the wind reading in the survey form. The next measurement period had already begun.",complex_neutral,,neutral,,4.16448068625392,4.655561920090501,4.50181385235699,1,1,1,0.009793687706958898,3.8426872488171786,4.493031274851112,4.384317273571916,1,1,1,0.009206740516125836,4.115286162112183,4.522109977667051,4.4508520617112675,1,1,1,0.008060605996013239
c-43,neutral,none,,Acoustic Measurement,,103,"The signal generator output a 1 kHz sine wave at 0 dBu into the mixing console's channel 1 input. The channel meter read minus 18 dB on the digital scale, matching the expected gain structure for this input sensitivity. The technician routed the signal to bus 3 and checked the bus output on the oscilloscope: a clean waveform with no visible distortion, peak-to-peak amplitude of 1.74 volts. She increased the gain by 6 dB and checked again — still clean, amplitude now 3.48 volts. At plus 20 dB of gain the waveform began to clip, the peaks flattening into horizontal lines. She noted the clipping threshold and reduced the gain to the nominal setting.",complex_neutral,,neutral,,4.220551418735539,4.724603473313848,4.462864433177473,1,1,1,0.0108419922915722,4.033445338018559,4.5819898062869635,4.321877429294642,1,1,1,0.010271037462255323,4.025382290487723,4.570117036597483,4.359875244244165,1,1,1,0.010842276733639284
c-44,neutral,none,,Acoustic Measurement,,105,"The pipe organ tuner opened the swell box shutters and played middle C, holding the key while he listened to the pipe above. The tuning cone — a tapered brass tool — was inserted into the top of the pipe, a spotted metal flue pipe 62 centimeters long. He tapped the cone inward by a fraction of a millimeter, narrowing the opening and raising the pitch. The electronic tuner on the ledge beside him showed the frequency: 261.4 Hz. The target was 261.6 Hz. He tapped once more. The display read 261.7 Hz. He pulled the cone outward with a light touch. The needle settled at 261.6. He moved to the next pipe — C-sharp, one semitone up.",complex_neutral,,neutral,,4.325064466080376,4.639453307647181,4.322455208241442,1,1,1,0.009676718378008053,4.221966851369784,4.491090696172845,4.2105015952168685,1,1,1,0.012798845075953635,4.381167205821927,4.57485144749575,4.299440406756458,1,1,1,0.010240696429927365
c-45,neutral,none,,Metallurgical Process,,99,"The crucible furnace held 40 kilograms of aluminum alloy at 720 degrees. The operator skimmed the dross from the surface with a flat steel ladle, depositing it in the slag tray to the left of the furnace. He added a degassing tablet on the end of a plunger rod, submerging it for ninety seconds while the melt bubbled. The mold had been preheated to 200 degrees and coated with a graphite release agent. He tilted the crucible using the hand wheel, pouring the molten metal into the sprue at a steady rate. The mold filled in twelve seconds. The first visible solidification appeared at the edges within thirty seconds of the pour.",complex_neutral,,neutral,,4.2900911756018925,4.777216011801236,4.33177752220767,1,1,1,0.007928029674944086,4.145990204842026,4.58574029382865,4.1907991837835095,1,1,1,0.007454680158276033,4.3778202757436535,4.725877389107272,4.324853714041378,1,1,1,0.00798229168394033
c-46,neutral,none,,Metallurgical Process,,103,"The quench tank held 2,000 liters of oil at 60 degrees. The heat-treatment operator transferred the steel gear blank from the furnace — where it had soaked at 850 degrees for forty-five minutes — to the tank using long-handled tongs. The oil surface disturbed briefly as the piece entered. The blank would remain submerged for fifteen minutes. The oil temperature was monitored on a probe mounted at the center of the tank: it rose by 3 degrees during the quench. After removal, the gear blank was placed in the tempering oven at 200 degrees for two hours to reduce brittleness. The target hardness was 58 on the Rockwell C scale.",complex_neutral,,neutral,,4.186927002936935,4.514328010639357,4.3387373680958445,1,1,1,0.008172847737403557,4.129434379352824,4.4444470752608,4.240744865372991,1,1,1,0.008986197845054224,4.370317149320021,4.505746797303959,4.3931403976742605,1,1,1,0.00935490657221087
c-47,neutral,none,,Metallurgical Process,,101,"The rolling mill reduced the steel billet in a series of passes. The billet entered the first stand at a cross-section of 150 by 150 millimeters and a temperature of 1,150 degrees. Each pair of rollers compressed it further — the gap between the rolls narrowing by approximately 20 percent per pass. After seven passes, the cross-section was 40 by 40 millimeters and the length had increased proportionally. The billet glowed a dull red-orange at the exit of the final stand. A water spray cooled the surface as it moved along the roller table. The shear at the end of the line cut the bar to 6-meter lengths, stacking them in a cooling bed.",complex_neutral,,neutral,,4.459758588698316,4.811822340850846,4.4666384850729415,1,1,1,0.008233033776398915,4.236345160489818,4.648712595376742,4.3218260054968995,1,1,1,0.008949459635215724,4.510814944601807,4.750592284757516,4.464892305344401,1,1,1,0.008482812222585442
c-48,neutral,none,,Metallurgical Process,,104,"The spectrometer analyzed the steel sample by firing an electrical spark across its polished surface. The spark vaporized a small amount of metal, and the emitted light was separated into its component wavelengths by a diffraction grating. Each element produced a characteristic set of spectral lines. The instrument compared the line intensities to calibration standards and displayed the composition as percentages: carbon 0.42, manganese 0.78, chromium 1.05, silicon 0.28, with twelve additional trace elements listed below the threshold of 0.1 percent. The metallurgist compared the results against the specification for this grade — 4140 — and confirmed all elements were within the permitted ranges. She filed the printout with the heat certificate.",complex_neutral,,neutral,,3.7312817193773893,4.497616338258675,4.403499566916992,1,1,1,0.00762996562157474,3.797704954914487,4.487179144054907,4.419519285196476,1,1,1,0.008178680787085417,3.8375354511754023,4.554368199451693,4.4759425196433655,1,1,1,0.006543224477175961
