family,alignment,task,pair_id,layer,relative_depth,c_v,c_a
mistral,base,reader,pair_0,0,0.0,0.0,0.0
mistral,base,reader,pair_0,1,0.03225806451612903,0.10330658960828151,0.01702688120624586
mistral,base,reader,pair_0,2,0.06451612903225806,0.0740198491552578,0.048250662163117915
mistral,base,reader,pair_0,3,0.0967741935483871,0.0,0.046229363804890254
mistral,base,reader,pair_0,4,0.12903225806451613,0.0,0.0
mistral,base,reader,pair_0,5,0.16129032258064516,0.009054652855837004,0.0
mistral,base,reader,pair_0,6,0.1935483870967742,0.09725944792267868,0.0
mistral,base,reader,pair_0,7,0.22580645161290322,0.08279764884366607,0.02128129532264921
mistral,base,reader,pair_0,8,0.25806451612903225,0.12664742558841188,0.0
mistral,base,reader,pair_0,9,0.2903225806451613,0.0,0.046646703984805526
mistral,base,reader,pair_0,10,0.3225806451612903,0.0,0.09316226923453123
mistral,base,reader,pair_0,11,0.3548387096774194,0.1362999383432492,0.12700949808885773
mistral,base,reader,pair_0,12,0.3870967741935484,0.07940400436393515,0.038632322728988096
mistral,base,reader,pair_0,13,0.41935483870967744,0.1303995623723349,0.1542942941022252
mistral,base,reader,pair_0,14,0.45161290322580644,0.07206371802340295,0.09280512347501804
mistral,base,reader,pair_0,15,0.4838709677419355,0.030172497537224577,0.025518490446270983
mistral,base,reader,pair_0,16,0.5161290322580645,0.1835631488562791,0.0
mistral,base,reader,pair_0,17,0.5483870967741935,0.09295118788006095,0.22918910140222817
mistral,base,reader,pair_0,18,0.5806451612903226,0.24257662131842558,0.42008279131943504
mistral,base,reader,pair_0,19,0.6129032258064516,0.32211188386508516,0.3307418558423394
mistral,base,reader,pair_0,20,0.6451612903225806,0.39021108700939633,0.33855840955880695
mistral,base,reader,pair_0,21,0.6774193548387096,0.5569745445478643,0.5200264170248134
mistral,base,reader,pair_0,22,0.7096774193548387,0.5181069732272626,0.5778848133797939
mistral,base,reader,pair_0,23,0.7419354838709677,0.7088290670224077,0.6925718359528594
mistral,base,reader,pair_0,24,0.7741935483870968,1.0413054520545872,0.7554482460088093
mistral,base,reader,pair_0,25,0.8064516129032258,0.9973523409243198,0.8945071561567262
mistral,base,reader,pair_0,26,0.8387096774193549,1.1175907254565232,0.964581695180298
mistral,base,reader,pair_0,27,0.8709677419354839,1.1768447772233397,0.9694807271980058
mistral,base,reader,pair_0,28,0.9032258064516129,1.225221207488281,0.9419171297003474
mistral,base,reader,pair_0,29,0.9354838709677419,1.3711192276941124,1.1747317875912906
mistral,base,reader,pair_0,30,0.967741935483871,1.3540843787341201,1.078127984303454
mistral,base,reader,pair_0,31,1.0,1.403542563887838,1.1062377728878074
mistral,base,reader,pair_1,0,0.0,0.0,0.1103019039962343
mistral,base,reader,pair_1,1,0.03225806451612903,0.03539255970973894,0.0
mistral,base,reader,pair_1,2,0.06451612903225806,0.024175118107257355,0.0
mistral,base,reader,pair_1,3,0.0967741935483871,0.0,0.03199029269839593
mistral,base,reader,pair_1,4,0.12903225806451613,0.0771074110114599,0.12552528638817675
mistral,base,reader,pair_1,5,0.16129032258064516,0.1375940232781235,0.0
mistral,base,reader,pair_1,6,0.1935483870967742,0.0,0.015500575971600466
mistral,base,reader,pair_1,7,0.22580645161290322,0.013043552253974246,0.0
mistral,base,reader,pair_1,8,0.25806451612903225,0.0,0.07934035503930872
mistral,base,reader,pair_1,9,0.2903225806451613,0.13735199770893955,0.001505105989765658
mistral,base,reader,pair_1,10,0.3225806451612903,0.0,0.004258857379897084
mistral,base,reader,pair_1,11,0.3548387096774194,0.0,0.015035213044510817
mistral,base,reader,pair_1,12,0.3870967741935484,0.052817964136375434,0.0438031172510576
mistral,base,reader,pair_1,13,0.41935483870967744,0.12661359197248634,0.08044288692210444
mistral,base,reader,pair_1,14,0.45161290322580644,0.07914361264395917,0.08049537585593998
mistral,base,reader,pair_1,15,0.4838709677419355,0.16436710383492686,0.026149417908980857
mistral,base,reader,pair_1,16,0.5161290322580645,0.06117749820656869,0.07074966782239775
mistral,base,reader,pair_1,17,0.5483870967741935,0.1886648561091812,0.2840644789980967
mistral,base,reader,pair_1,18,0.5806451612903226,0.13252471910834526,0.4117989578627692
mistral,base,reader,pair_1,19,0.6129032258064516,0.21886497413779993,0.24339340033434467
mistral,base,reader,pair_1,20,0.6451612903225806,0.3094645219913707,0.46828807570766867
mistral,base,reader,pair_1,21,0.6774193548387096,0.4238281012186022,0.7137860910005427
mistral,base,reader,pair_1,22,0.7096774193548387,0.6404386372886225,0.7675119765121966
mistral,base,reader,pair_1,23,0.7419354838709677,0.8246088086793129,0.5891318554889543
mistral,base,reader,pair_1,24,0.7741935483870968,0.8278919677362089,0.5946238828894294
mistral,base,reader,pair_1,25,0.8064516129032258,0.9430319825992054,0.9814715049725722
mistral,base,reader,pair_1,26,0.8387096774193549,1.04787206796219,0.909218951186787
mistral,base,reader,pair_1,27,0.8709677419354839,1.2414605392806446,1.0791386473303624
mistral,base,reader,pair_1,28,0.9032258064516129,1.2656889769234194,1.040506124725263
mistral,base,reader,pair_1,29,0.9354838709677419,1.418533217245587,1.1163063743247543
mistral,base,reader,pair_1,30,0.967741935483871,1.374708168326018,1.1479774668073477
mistral,base,reader,pair_1,31,1.0,1.4349509108856784,1.1634595860668377
mistral,base,reader,pair_2,0,0.0,0.1602835864081923,0.0
mistral,base,reader,pair_2,1,0.03225806451612903,0.0,0.1145993912044176
mistral,base,reader,pair_2,2,0.06451612903225806,0.0,0.13967351691671764
mistral,base,reader,pair_2,3,0.0967741935483871,0.0,0.008780347615608287
mistral,base,reader,pair_2,4,0.12903225806451613,0.05956051414476686,0.10101213168192257
mistral,base,reader,pair_2,5,0.16129032258064516,0.08104115949563195,0.0
mistral,base,reader,pair_2,6,0.1935483870967742,0.0,0.03533058750223783
mistral,base,reader,pair_2,7,0.22580645161290322,0.013553621049417942,0.0
mistral,base,reader,pair_2,8,0.25806451612903225,0.03694302520534847,0.09380802701855885
mistral,base,reader,pair_2,9,0.2903225806451613,0.019328453007587947,0.1447451512241774
mistral,base,reader,pair_2,10,0.3225806451612903,0.04165530324430333,0.014463513845330905
mistral,base,reader,pair_2,11,0.3548387096774194,0.020986697962513255,0.0
mistral,base,reader,pair_2,12,0.3870967741935484,0.0,0.0884328350848469
mistral,base,reader,pair_2,13,0.41935483870967744,0.0,0.03970848655808554
mistral,base,reader,pair_2,14,0.45161290322580644,0.033518046160825335,0.12320431238329205
mistral,base,reader,pair_2,15,0.4838709677419355,0.09600680623897281,0.12827494951172758
mistral,base,reader,pair_2,16,0.5161290322580645,0.0,0.1481173460096067
mistral,base,reader,pair_2,17,0.5483870967741935,0.06051982275567742,0.2071308916629723
mistral,base,reader,pair_2,18,0.5806451612903226,0.2530922195630615,0.3435358357004757
mistral,base,reader,pair_2,19,0.6129032258064516,0.2602724032333664,0.3945243537232233
mistral,base,reader,pair_2,20,0.6451612903225806,0.21288822631948812,0.4550758321677648
mistral,base,reader,pair_2,21,0.6774193548387096,0.4925403247286846,0.476054260124223
mistral,base,reader,pair_2,22,0.7096774193548387,0.6044067133789566,0.5985435213096475
mistral,base,reader,pair_2,23,0.7419354838709677,0.7937785133405753,0.8126681326434065
mistral,base,reader,pair_2,24,0.7741935483870968,0.8153300087768575,0.9299365449708461
mistral,base,reader,pair_2,25,0.8064516129032258,0.9795372977305249,1.0572187291632458
mistral,base,reader,pair_2,26,0.8387096774193549,1.0760046184482124,0.9652545313473254
mistral,base,reader,pair_2,27,0.8709677419354839,1.2324249593385905,0.9560896434058583
mistral,base,reader,pair_2,28,0.9032258064516129,1.1561636853922985,0.9970027830234708
mistral,base,reader,pair_2,29,0.9354838709677419,1.44018313460051,1.0696883509334778
mistral,base,reader,pair_2,30,0.967741935483871,1.3713945814578763,1.2441613397023605
mistral,base,reader,pair_2,31,1.0,1.4683442136090576,1.1992736208759904
mistral,base,reader,pair_3,0,0.0,0.0681409846149251,0.0
mistral,base,reader,pair_3,1,0.03225806451612903,0.010250664000377547,0.013526278992150864
mistral,base,reader,pair_3,2,0.06451612903225806,0.0,0.0
mistral,base,reader,pair_3,3,0.0967741935483871,0.0376934134375155,0.0
mistral,base,reader,pair_3,4,0.12903225806451613,0.0,0.0
mistral,base,reader,pair_3,5,0.16129032258064516,0.0,0.07275268717541816
mistral,base,reader,pair_3,6,0.1935483870967742,0.13442059413490817,0.1453164017829158
mistral,base,reader,pair_3,7,0.22580645161290322,0.06727684554822529,0.0455511148344239
mistral,base,reader,pair_3,8,0.25806451612903225,0.0,0.10468802908576295
mistral,base,reader,pair_3,9,0.2903225806451613,0.2163236419596891,0.05585528847279027
mistral,base,reader,pair_3,10,0.3225806451612903,0.027554278083392933,0.08282422005803594
mistral,base,reader,pair_3,11,0.3548387096774194,0.07125979360581897,0.04765826141543002
mistral,base,reader,pair_3,12,0.3870967741935484,0.0,0.07925129095175074
mistral,base,reader,pair_3,13,0.41935483870967744,0.0,0.0
mistral,base,reader,pair_3,14,0.45161290322580644,0.14952914171494186,0.05575107202183547
mistral,base,reader,pair_3,15,0.4838709677419355,0.11639028542537515,0.2483045852414772
mistral,base,reader,pair_3,16,0.5161290322580645,0.18308723339921162,0.12037334518418846
mistral,base,reader,pair_3,17,0.5483870967741935,0.14854329790909232,0.12275173758883624
mistral,base,reader,pair_3,18,0.5806451612903226,0.16542027843602056,0.3628312484791566
mistral,base,reader,pair_3,19,0.6129032258064516,0.2452080810179535,0.12595402611207676
mistral,base,reader,pair_3,20,0.6451612903225806,0.15185980981479774,0.37535958926681334
mistral,base,reader,pair_3,21,0.6774193548387096,0.5492387951566787,0.5484712639042342
mistral,base,reader,pair_3,22,0.7096774193548387,0.5833095551472046,0.5237322467287512
mistral,base,reader,pair_3,23,0.7419354838709677,0.725452505349497,0.5419808448158245
mistral,base,reader,pair_3,24,0.7741935483870968,0.8854592309323688,0.9072419675687498
mistral,base,reader,pair_3,25,0.8064516129032258,0.9293367353117882,0.9790148507255121
mistral,base,reader,pair_3,26,0.8387096774193549,1.0577373251009714,0.9719440064843007
mistral,base,reader,pair_3,27,0.8709677419354839,1.2044949136182732,1.0236627289542477
mistral,base,reader,pair_3,28,0.9032258064516129,1.4163503464647103,1.1314683762051794
mistral,base,reader,pair_3,29,0.9354838709677419,1.2995969652737087,0.8747847014271535
mistral,base,reader,pair_3,30,0.967741935483871,1.4691153802335488,1.1839299496219924
mistral,base,reader,pair_3,31,1.0,1.4421021124508158,1.0984336906688594
mistral,base,reader,pair_4,0,0.0,0.1280577190098589,0.0
mistral,base,reader,pair_4,1,0.03225806451612903,0.0,0.0
mistral,base,reader,pair_4,2,0.06451612903225806,0.03010594464952276,0.0
mistral,base,reader,pair_4,3,0.0967741935483871,0.169486263397635,0.004297700758615385
mistral,base,reader,pair_4,4,0.12903225806451613,0.0,0.04977938810038643
mistral,base,reader,pair_4,5,0.16129032258064516,0.0,0.0
mistral,base,reader,pair_4,6,0.1935483870967742,0.04468663746766839,0.0
mistral,base,reader,pair_4,7,0.22580645161290322,0.08085405881150658,0.037158002199006696
mistral,base,reader,pair_4,8,0.25806451612903225,0.013398461619714096,0.019754486750417112
mistral,base,reader,pair_4,9,0.2903225806451613,0.0,0.05222745566347066
mistral,base,reader,pair_4,10,0.3225806451612903,0.0,0.0
mistral,base,reader,pair_4,11,0.3548387096774194,0.0191935144584705,1.718415190571365e-05
mistral,base,reader,pair_4,12,0.3870967741935484,0.0,0.11276535085927403
mistral,base,reader,pair_4,13,0.41935483870967744,0.0,0.0
mistral,base,reader,pair_4,14,0.45161290322580644,0.03467281238430886,0.03841471963377654
mistral,base,reader,pair_4,15,0.4838709677419355,0.0,0.14891199832616658
mistral,base,reader,pair_4,16,0.5161290322580645,0.0014200781651697303,0.22211442583042343
mistral,base,reader,pair_4,17,0.5483870967741935,0.050763820277003865,0.2942024070875347
mistral,base,reader,pair_4,18,0.5806451612903226,0.20782000601395126,0.2878386841180117
mistral,base,reader,pair_4,19,0.6129032258064516,0.18217915087783845,0.42644842060175353
mistral,base,reader,pair_4,20,0.6451612903225806,0.3722453244293631,0.4104944941248863
mistral,base,reader,pair_4,21,0.6774193548387096,0.4890304464525138,0.4504978726879942
mistral,base,reader,pair_4,22,0.7096774193548387,0.4696264368947518,0.6213643041220038
mistral,base,reader,pair_4,23,0.7419354838709677,0.7194273152821666,0.758227157168222
mistral,base,reader,pair_4,24,0.7741935483870968,0.8633164019489195,0.9121598154019804
mistral,base,reader,pair_4,25,0.8064516129032258,0.8915034293860394,0.9377292656600629
mistral,base,reader,pair_4,26,0.8387096774193549,1.13338039855455,1.0686509032099503
mistral,base,reader,pair_4,27,0.8709677419354839,1.2253630802740476,1.04145762935208
mistral,base,reader,pair_4,28,0.9032258064516129,1.4350967638375012,1.1246743753122512
mistral,base,reader,pair_4,29,0.9354838709677419,1.4024991394918647,1.064771031108447
mistral,base,reader,pair_4,30,0.967741935483871,1.4086471102852096,0.9906241639387485
mistral,base,reader,pair_4,31,1.0,1.3613631586667412,1.194848419692653
mistral,base,reader,pair_5,0,0.0,0.0,0.008524619502793374
mistral,base,reader,pair_5,1,0.03225806451612903,0.001699311575598793,0.032636830422808696
mistral,base,reader,pair_5,2,0.06451612903225806,0.0,0.0
mistral,base,reader,pair_5,3,0.0967741935483871,0.08935600039628876,0.011730769018660107
mistral,base,reader,pair_5,4,0.12903225806451613,0.03368321788715583,0.13329387743000898
mistral,base,reader,pair_5,5,0.16129032258064516,0.015188311177472326,0.0
mistral,base,reader,pair_5,6,0.1935483870967742,0.0,0.07300272291374081
mistral,base,reader,pair_5,7,0.22580645161290322,0.0,0.0
mistral,base,reader,pair_5,8,0.25806451612903225,0.0,0.13170850154290809
mistral,base,reader,pair_5,9,0.2903225806451613,0.10547209545992266,0.0
mistral,base,reader,pair_5,10,0.3225806451612903,0.1611740814735345,0.0
mistral,base,reader,pair_5,11,0.3548387096774194,0.17518063151980884,0.0
mistral,base,reader,pair_5,12,0.3870967741935484,0.10715177597371442,0.004996156093382553
mistral,base,reader,pair_5,13,0.41935483870967744,0.015389703688635771,0.13904177326701356
mistral,base,reader,pair_5,14,0.45161290322580644,0.0,0.11762099288332897
mistral,base,reader,pair_5,15,0.4838709677419355,0.0837109845418869,0.21923835273027703
mistral,base,reader,pair_5,16,0.5161290322580645,0.19479738037361344,0.31496591264669704
mistral,base,reader,pair_5,17,0.5483870967741935,0.14687258876762754,0.24873643028964243
mistral,base,reader,pair_5,18,0.5806451612903226,0.12829861686569016,0.21779934684559482
mistral,base,reader,pair_5,19,0.6129032258064516,0.13695238665446574,0.3359608915238622
mistral,base,reader,pair_5,20,0.6451612903225806,0.3444730737098115,0.441103798442424
mistral,base,reader,pair_5,21,0.6774193548387096,0.48844523217271085,0.4240487659903003
mistral,base,reader,pair_5,22,0.7096774193548387,0.7106160361206484,0.6535783520985498
mistral,base,reader,pair_5,23,0.7419354838709677,0.8011942674457109,0.7516144320272422
mistral,base,reader,pair_5,24,0.7741935483870968,0.78799146983659,0.7868335149548016
mistral,base,reader,pair_5,25,0.8064516129032258,0.7308812122317789,0.9093713004328231
mistral,base,reader,pair_5,26,0.8387096774193549,1.1097844708462032,1.0571951871685703
mistral,base,reader,pair_5,27,0.8709677419354839,1.074892986095884,1.0098665069885606
mistral,base,reader,pair_5,28,0.9032258064516129,1.269761443213504,0.9599161046826259
mistral,base,reader,pair_5,29,0.9354838709677419,1.236361913911619,1.0019411816704122
mistral,base,reader,pair_5,30,0.967741935483871,1.4762421268425991,1.2016407911566986
mistral,base,reader,pair_5,31,1.0,1.3136655093530356,1.1297504156453533
mistral,base,reader,pair_6,0,0.0,0.0380561416053186,0.027146053035267317
mistral,base,reader,pair_6,1,0.03225806451612903,0.0,0.0
mistral,base,reader,pair_6,2,0.06451612903225806,0.0,0.08339524520022176
mistral,base,reader,pair_6,3,0.0967741935483871,0.20821549616270696,0.0
mistral,base,reader,pair_6,4,0.12903225806451613,0.0,0.06944838974317118
mistral,base,reader,pair_6,5,0.16129032258064516,0.12582815006733877,0.1237590588787945
mistral,base,reader,pair_6,6,0.1935483870967742,0.01505738643724821,0.04991798954992544
mistral,base,reader,pair_6,7,0.22580645161290322,0.01036436935759212,0.06802007247123762
mistral,base,reader,pair_6,8,0.25806451612903225,0.07939792294344337,0.0
mistral,base,reader,pair_6,9,0.2903225806451613,0.0,0.0
mistral,base,reader,pair_6,10,0.3225806451612903,0.0,0.042267004515696385
mistral,base,reader,pair_6,11,0.3548387096774194,0.10246223592572962,0.0
mistral,base,reader,pair_6,12,0.3870967741935484,0.09250291583627364,0.034549664100100394
mistral,base,reader,pair_6,13,0.41935483870967744,0.0,0.03647508806836075
mistral,base,reader,pair_6,14,0.45161290322580644,0.018823136499001112,0.13625278831849896
mistral,base,reader,pair_6,15,0.4838709677419355,0.10627860011704712,0.1234278208367011
mistral,base,reader,pair_6,16,0.5161290322580645,0.02030927755538174,0.24086613400965762
mistral,base,reader,pair_6,17,0.5483870967741935,0.06839254673380135,0.12096290717175512
mistral,base,reader,pair_6,18,0.5806451612903226,0.12246672706821926,0.2360615447409021
mistral,base,reader,pair_6,19,0.6129032258064516,0.23351697807757318,0.31822729567274577
mistral,base,reader,pair_6,20,0.6451612903225806,0.3028111998521952,0.49881634429532457
mistral,base,reader,pair_6,21,0.6774193548387096,0.5062995224053932,0.5751726440787515
mistral,base,reader,pair_6,22,0.7096774193548387,0.547252138233269,0.5756290285535854
mistral,base,reader,pair_6,23,0.7419354838709677,0.6951960572534047,0.7122590408276778
mistral,base,reader,pair_6,24,0.7741935483870968,0.9254284227885945,0.7904853129809736
mistral,base,reader,pair_6,25,0.8064516129032258,0.8983658685624751,0.8252811966186223
mistral,base,reader,pair_6,26,0.8387096774193549,1.2564637901506717,0.8855411629621451
mistral,base,reader,pair_6,27,0.8709677419354839,1.1142660611129043,0.9928197669513891
mistral,base,reader,pair_6,28,0.9032258064516129,1.435079253930549,1.0686863588748305
mistral,base,reader,pair_6,29,0.9354838709677419,1.3772265685955063,0.9698566622414458
mistral,base,reader,pair_6,30,0.967741935483871,1.2776249945226639,1.122627529766773
mistral,base,reader,pair_6,31,1.0,1.3922522641416424,1.1742618234450461
mistral,base,reader,pair_7,0,0.0,0.0,0.08533718182704683
mistral,base,reader,pair_7,1,0.03225806451612903,0.10887047219808461,0.0
mistral,base,reader,pair_7,2,0.06451612903225806,0.020012379256605164,0.0
mistral,base,reader,pair_7,3,0.0967741935483871,0.11599954646038939,0.020939537095705656
mistral,base,reader,pair_7,4,0.12903225806451613,0.0771304060061923,0.0
mistral,base,reader,pair_7,5,0.16129032258064516,0.026416402437251178,0.17609141770915215
mistral,base,reader,pair_7,6,0.1935483870967742,0.16799503651976921,0.0
mistral,base,reader,pair_7,7,0.22580645161290322,0.03327559127271063,0.02967873976341611
mistral,base,reader,pair_7,8,0.25806451612903225,0.0,0.0
mistral,base,reader,pair_7,9,0.2903225806451613,0.020802965818732398,0.09610539797726714
mistral,base,reader,pair_7,10,0.3225806451612903,0.050680179054147075,0.0
mistral,base,reader,pair_7,11,0.3548387096774194,0.0,0.0
mistral,base,reader,pair_7,12,0.3870967741935484,0.14222329689370017,0.00577088436395181
mistral,base,reader,pair_7,13,0.41935483870967744,0.0,0.09538201930473253
mistral,base,reader,pair_7,14,0.45161290322580644,0.03378241450973889,0.09106332282365323
mistral,base,reader,pair_7,15,0.4838709677419355,0.11168740502623559,0.08503965517951517
mistral,base,reader,pair_7,16,0.5161290322580645,0.0008495651576363727,0.15324160730418934
mistral,base,reader,pair_7,17,0.5483870967741935,0.12780985494809882,0.1289639876111986
mistral,base,reader,pair_7,18,0.5806451612903226,0.08537559750388962,0.19535927524437602
mistral,base,reader,pair_7,19,0.6129032258064516,0.30791167865893576,0.46481652187950695
mistral,base,reader,pair_7,20,0.6451612903225806,0.4338393077654748,0.3664365685858957
mistral,base,reader,pair_7,21,0.6774193548387096,0.38708333560710817,0.4303671766979413
mistral,base,reader,pair_7,22,0.7096774193548387,0.7189394846992359,0.5902714330719143
mistral,base,reader,pair_7,23,0.7419354838709677,0.710734170672074,0.6859200138302023
mistral,base,reader,pair_7,24,0.7741935483870968,0.8715115611838823,0.7290132300472113
mistral,base,reader,pair_7,25,0.8064516129032258,0.9451137359508668,0.8192942371733085
mistral,base,reader,pair_7,26,0.8387096774193549,0.9261168074095343,0.9805113111984609
mistral,base,reader,pair_7,27,0.8709677419354839,1.2744108850237588,1.0937514494016234
mistral,base,reader,pair_7,28,0.9032258064516129,1.418918977210983,1.1369499051689689
mistral,base,reader,pair_7,29,0.9354838709677419,1.3480339992066241,1.139419572856547
mistral,base,reader,pair_7,30,0.967741935483871,1.3550409497149165,1.186229833843354
mistral,base,reader,pair_7,31,1.0,1.405877035175045,0.9570838477943027
mistral,base,reader,pair_8,0,0.0,0.0,0.005989997543732131
mistral,base,reader,pair_8,1,0.03225806451612903,0.0,0.0394426830271726
mistral,base,reader,pair_8,2,0.06451612903225806,0.09536083181648385,0.0
mistral,base,reader,pair_8,3,0.0967741935483871,0.06106783378083441,0.07226397016882245
mistral,base,reader,pair_8,4,0.12903225806451613,0.0,0.0
mistral,base,reader,pair_8,5,0.16129032258064516,0.0,0.0
mistral,base,reader,pair_8,6,0.1935483870967742,0.0,0.10083025658875565
mistral,base,reader,pair_8,7,0.22580645161290322,0.0,0.0
mistral,base,reader,pair_8,8,0.25806451612903225,0.0,0.0
mistral,base,reader,pair_8,9,0.2903225806451613,0.0,0.03447132433482181
mistral,base,reader,pair_8,10,0.3225806451612903,0.0271838396855352,0.0
mistral,base,reader,pair_8,11,0.3548387096774194,0.041952488127498896,0.019937743607153842
mistral,base,reader,pair_8,12,0.3870967741935484,0.0,0.008663885970501564
mistral,base,reader,pair_8,13,0.41935483870967744,0.1046800248290829,0.11593782751403867
mistral,base,reader,pair_8,14,0.45161290322580644,0.055631314531077856,0.18447003729241543
mistral,base,reader,pair_8,15,0.4838709677419355,0.06189206016168347,0.13503180444556379
mistral,base,reader,pair_8,16,0.5161290322580645,0.12828906257262268,0.14301207020421244
mistral,base,reader,pair_8,17,0.5483870967741935,0.026401893926173772,0.3570340624206611
mistral,base,reader,pair_8,18,0.5806451612903226,0.2492274228427866,0.1751942819074746
mistral,base,reader,pair_8,19,0.6129032258064516,0.16398913770885448,0.2688117409538672
mistral,base,reader,pair_8,20,0.6451612903225806,0.21006785852302198,0.4684526169539067
mistral,base,reader,pair_8,21,0.6774193548387096,0.5627501193421666,0.5635154298330934
mistral,base,reader,pair_8,22,0.7096774193548387,0.6967416124274214,0.5955471759445381
mistral,base,reader,pair_8,23,0.7419354838709677,0.7347739681143669,0.6498659260253045
mistral,base,reader,pair_8,24,0.7741935483870968,0.859831710665854,0.8988291833073982
mistral,base,reader,pair_8,25,0.8064516129032258,1.051826850556757,0.9738898175092882
mistral,base,reader,pair_8,26,0.8387096774193549,1.082711402709544,1.0331657638995981
mistral,base,reader,pair_8,27,0.8709677419354839,1.3313865683514992,1.061238176305847
mistral,base,reader,pair_8,28,0.9032258064516129,1.182985834250983,1.0835575675578706
mistral,base,reader,pair_8,29,0.9354838709677419,1.3733565808054666,1.0422157530388783
mistral,base,reader,pair_8,30,0.967741935483871,1.3150678482435278,1.0578292180124855
mistral,base,reader,pair_8,31,1.0,1.5207731262202009,1.1537289881885973
mistral,base,reader,pair_9,0,0.0,0.13385814007896132,0.0
mistral,base,reader,pair_9,1,0.03225806451612903,0.03407179223745112,0.12952207897692786
mistral,base,reader,pair_9,2,0.06451612903225806,0.14691254274089996,0.0
mistral,base,reader,pair_9,3,0.0967741935483871,0.12789815631179952,0.09038899637509358
mistral,base,reader,pair_9,4,0.12903225806451613,0.095457594782601,0.021090891023790772
mistral,base,reader,pair_9,5,0.16129032258064516,0.08209447051910675,0.07867648878460737
mistral,base,reader,pair_9,6,0.1935483870967742,0.0,0.0
mistral,base,reader,pair_9,7,0.22580645161290322,0.09414004063461097,0.09570365081814741
mistral,base,reader,pair_9,8,0.25806451612903225,0.06428642042661945,0.0
mistral,base,reader,pair_9,9,0.2903225806451613,0.0,0.0
mistral,base,reader,pair_9,10,0.3225806451612903,0.13952375082694318,0.021090091955702717
mistral,base,reader,pair_9,11,0.3548387096774194,0.0814770800983297,0.010091511784041853
mistral,base,reader,pair_9,12,0.3870967741935484,0.0,0.1149892829857086
mistral,base,reader,pair_9,13,0.41935483870967744,0.12651976686909638,0.21860510309147566
mistral,base,reader,pair_9,14,0.45161290322580644,0.03314835128001737,0.05571737569509067
mistral,base,reader,pair_9,15,0.4838709677419355,0.07282305002094233,0.04218674763836035
mistral,base,reader,pair_9,16,0.5161290322580645,0.01682710198448635,0.21499156326407876
mistral,base,reader,pair_9,17,0.5483870967741935,0.1050742207612659,0.17490006481314951
mistral,base,reader,pair_9,18,0.5806451612903226,0.20609325824429411,0.2523451259938368
mistral,base,reader,pair_9,19,0.6129032258064516,0.4363265383929513,0.3316002144675145
mistral,base,reader,pair_9,20,0.6451612903225806,0.45701473265316483,0.4963850194550114
mistral,base,reader,pair_9,21,0.6774193548387096,0.521278980008526,0.5619599454870126
mistral,base,reader,pair_9,22,0.7096774193548387,0.5610078373466878,0.6298640532334797
mistral,base,reader,pair_9,23,0.7419354838709677,0.6661431769369274,0.7544188413356828
mistral,base,reader,pair_9,24,0.7741935483870968,0.936442184924605,0.6186029803922706
mistral,base,reader,pair_9,25,0.8064516129032258,0.8938742905280527,0.7968434374983508
mistral,base,reader,pair_9,26,0.8387096774193549,1.1676076652954286,1.0102054087804504
mistral,base,reader,pair_9,27,0.8709677419354839,1.18235038844807,1.1365631676411003
mistral,base,reader,pair_9,28,0.9032258064516129,1.2637529856797278,1.1041097525085213
mistral,base,reader,pair_9,29,0.9354838709677419,1.4175128538121677,1.082859570809234
mistral,base,reader,pair_9,30,0.967741935483871,1.4805850392185238,1.0929938749367583
mistral,base,reader,pair_9,31,1.0,1.4270385858573298,1.1516371877183693
mistral,base,reader,pair_10,0,0.0,0.060329182386130234,0.11573398184363702
mistral,base,reader,pair_10,1,0.03225806451612903,0.0,0.0
mistral,base,reader,pair_10,2,0.06451612903225806,0.053112733885048724,0.0
mistral,base,reader,pair_10,3,0.0967741935483871,0.004228416459803356,0.04882764532528925
mistral,base,reader,pair_10,4,0.12903225806451613,0.0,0.0
mistral,base,reader,pair_10,5,0.16129032258064516,0.0,0.0
mistral,base,reader,pair_10,6,0.1935483870967742,0.0012704258327409356,0.03918428079340757
mistral,base,reader,pair_10,7,0.22580645161290322,0.05786623676892613,0.0
mistral,base,reader,pair_10,8,0.25806451612903225,0.10363040452204005,0.0
mistral,base,reader,pair_10,9,0.2903225806451613,0.0,0.10831439579825519
mistral,base,reader,pair_10,10,0.3225806451612903,0.0,0.0
mistral,base,reader,pair_10,11,0.3548387096774194,0.0,0.13748018952569144
mistral,base,reader,pair_10,12,0.3870967741935484,0.0,0.0
mistral,base,reader,pair_10,13,0.41935483870967744,0.0,0.03633423654647697
mistral,base,reader,pair_10,14,0.45161290322580644,0.0,0.18621423580322394
mistral,base,reader,pair_10,15,0.4838709677419355,0.004022699921728351,0.03048525334345223
mistral,base,reader,pair_10,16,0.5161290322580645,0.11559194958927507,0.07842031086004278
mistral,base,reader,pair_10,17,0.5483870967741935,0.11245244020076098,0.2888199428137107
mistral,base,reader,pair_10,18,0.5806451612903226,0.10944031893952931,0.2494418930919131
mistral,base,reader,pair_10,19,0.6129032258064516,0.18338747667860966,0.32906771166023824
mistral,base,reader,pair_10,20,0.6451612903225806,0.5766204111969213,0.26892513372700977
mistral,base,reader,pair_10,21,0.6774193548387096,0.5156382988528654,0.5372191069838311
mistral,base,reader,pair_10,22,0.7096774193548387,0.5162948505783211,0.7104004811431268
mistral,base,reader,pair_10,23,0.7419354838709677,0.8138084969674961,0.6520695724902825
mistral,base,reader,pair_10,24,0.7741935483870968,0.8511167069721667,0.7641560768981056
mistral,base,reader,pair_10,25,0.8064516129032258,1.0308992935698553,0.9066439967793223
mistral,base,reader,pair_10,26,0.8387096774193549,1.1139960188561229,0.9947013670098674
mistral,base,reader,pair_10,27,0.8709677419354839,1.2563453996279639,1.135181496989777
mistral,base,reader,pair_10,28,0.9032258064516129,1.225332629792342,1.055867674019569
mistral,base,reader,pair_10,29,0.9354838709677419,1.5498121539573142,1.0451503586106856
mistral,base,reader,pair_10,30,0.967741935483871,1.4962080152057173,1.0446812298993962
mistral,base,reader,pair_10,31,1.0,1.4871653373763403,1.1293590839206962
mistral,base,reader,pair_11,0,0.0,0.033169038853893267,0.0
mistral,base,reader,pair_11,1,0.03225806451612903,0.10422329837262324,0.0
mistral,base,reader,pair_11,2,0.06451612903225806,0.0,0.04041611603643091
mistral,base,reader,pair_11,3,0.0967741935483871,0.0,0.0
mistral,base,reader,pair_11,4,0.12903225806451613,0.0,0.0
mistral,base,reader,pair_11,5,0.16129032258064516,0.1389960141335689,0.18807541651531343
mistral,base,reader,pair_11,6,0.1935483870967742,0.0,0.02074216016115186
mistral,base,reader,pair_11,7,0.22580645161290322,0.0,0.03082122934554886
mistral,base,reader,pair_11,8,0.25806451612903225,0.0,0.0432950528099093
mistral,base,reader,pair_11,9,0.2903225806451613,0.0,0.0
mistral,base,reader,pair_11,10,0.3225806451612903,0.0,0.0
mistral,base,reader,pair_11,11,0.3548387096774194,0.06716913024243334,0.0
mistral,base,reader,pair_11,12,0.3870967741935484,0.13893242290950855,0.1175661452633449
mistral,base,reader,pair_11,13,0.41935483870967744,0.12703600344040444,0.03628772954973455
mistral,base,reader,pair_11,14,0.45161290322580644,0.14751065199451177,0.1988612709573056
mistral,base,reader,pair_11,15,0.4838709677419355,0.028261334944470893,0.13020832707236593
mistral,base,reader,pair_11,16,0.5161290322580645,0.20306650301203394,0.17872149968771528
mistral,base,reader,pair_11,17,0.5483870967741935,0.06655791145789403,0.3044071451037535
mistral,base,reader,pair_11,18,0.5806451612903226,0.2723955286032585,0.20856239477641095
mistral,base,reader,pair_11,19,0.6129032258064516,0.2794740083194866,0.35712927037350867
mistral,base,reader,pair_11,20,0.6451612903225806,0.4242592332664539,0.38118366143073096
mistral,base,reader,pair_11,21,0.6774193548387096,0.5503483149991002,0.6087013820445518
mistral,base,reader,pair_11,22,0.7096774193548387,0.5431821939180599,0.5861600524150701
mistral,base,reader,pair_11,23,0.7419354838709677,0.6203865365926381,0.839958163985401
mistral,base,reader,pair_11,24,0.7741935483870968,0.7814708160945729,0.7988731752514376
mistral,base,reader,pair_11,25,0.8064516129032258,1.1497184155842033,0.9583315576561021
mistral,base,reader,pair_11,26,0.8387096774193549,1.1420744333009254,0.9823957450306242
mistral,base,reader,pair_11,27,0.8709677419354839,1.2008979035814198,0.906399072703633
mistral,base,reader,pair_11,28,0.9032258064516129,1.3424998074511478,0.9713942902351085
mistral,base,reader,pair_11,29,0.9354838709677419,1.5286085809818986,0.9667737563411716
mistral,base,reader,pair_11,30,0.967741935483871,1.3760507989402688,1.1272158228913944
mistral,base,reader,pair_11,31,1.0,1.3818464240246202,1.1476552860757523
mistral,base,reader,pair_12,0,0.0,0.05796599830372151,0.12070007460333268
mistral,base,reader,pair_12,1,0.03225806451612903,0.014736843166526447,0.0035119828268810396
mistral,base,reader,pair_12,2,0.06451612903225806,0.03262031963167906,0.008820043620298871
mistral,base,reader,pair_12,3,0.0967741935483871,0.0,0.0061334547245668275
mistral,base,reader,pair_12,4,0.12903225806451613,0.10421738696570872,0.015412176730736641
mistral,base,reader,pair_12,5,0.16129032258064516,0.004356062059322889,0.0
mistral,base,reader,pair_12,6,0.1935483870967742,0.05123746600327071,0.04403651959622007
mistral,base,reader,pair_12,7,0.22580645161290322,0.042086556434926745,0.0
mistral,base,reader,pair_12,8,0.25806451612903225,0.0,0.0
mistral,base,reader,pair_12,9,0.2903225806451613,0.00515087943696368,0.0
mistral,base,reader,pair_12,10,0.3225806451612903,0.06571804717469033,0.0
mistral,base,reader,pair_12,11,0.3548387096774194,0.0,0.10522606063350487
mistral,base,reader,pair_12,12,0.3870967741935484,0.0018803229221918127,0.0524002470910487
mistral,base,reader,pair_12,13,0.41935483870967744,0.0,0.04090420140397896
mistral,base,reader,pair_12,14,0.45161290322580644,0.03022615352989996,0.09940829565000872
mistral,base,reader,pair_12,15,0.4838709677419355,0.13314964912662192,0.07383779929151271
mistral,base,reader,pair_12,16,0.5161290322580645,0.06822867991079547,0.302731375698513
mistral,base,reader,pair_12,17,0.5483870967741935,0.1118521607943258,0.33338440689463655
mistral,base,reader,pair_12,18,0.5806451612903226,0.03419781783629189,0.2662304017021177
mistral,base,reader,pair_12,19,0.6129032258064516,0.34339775409102036,0.4116936647462516
mistral,base,reader,pair_12,20,0.6451612903225806,0.4557792666898538,0.41143147446486295
mistral,base,reader,pair_12,21,0.6774193548387096,0.4548233697910214,0.34389451087475226
mistral,base,reader,pair_12,22,0.7096774193548387,0.4601864869426296,0.6726470714288546
mistral,base,reader,pair_12,23,0.7419354838709677,0.664461209365426,0.7934377149708709
mistral,base,reader,pair_12,24,0.7741935483870968,0.8347512202120703,0.857820075669277
mistral,base,reader,pair_12,25,0.8064516129032258,0.927829332572076,0.8088656958717293
mistral,base,reader,pair_12,26,0.8387096774193549,1.2036375445754557,1.0068267198270746
mistral,base,reader,pair_12,27,0.8709677419354839,1.217048309601707,1.0848174117830316
mistral,base,reader,pair_12,28,0.9032258064516129,1.3671254548690557,1.153976265362969
mistral,base,reader,pair_12,29,0.9354838709677419,1.3284142108452275,1.036985843478472
mistral,base,reader,pair_12,30,0.967741935483871,1.4022117788930075,1.1520443391581718
mistral,base,reader,pair_12,31,1.0,1.323322183599753,0.9656414517187719
mistral,base,reader,pair_13,0,0.0,0.0336578641233415,0.10055271297312185
mistral,base,reader,pair_13,1,0.03225806451612903,0.011263630848463088,0.0
mistral,base,reader,pair_13,2,0.06451612903225806,0.01604053461117,0.019923502485386546
mistral,base,reader,pair_13,3,0.0967741935483871,0.0,0.025771019793403297
mistral,base,reader,pair_13,4,0.12903225806451613,0.09682143346868478,0.0371471408029209
mistral,base,reader,pair_13,5,0.16129032258064516,0.0,0.06699349180164706
mistral,base,reader,pair_13,6,0.1935483870967742,0.05174027773517545,0.0
mistral,base,reader,pair_13,7,0.22580645161290322,0.10820240653709431,0.07738979707363043
mistral,base,reader,pair_13,8,0.25806451612903225,0.03273854835896843,0.05309158750037339
mistral,base,reader,pair_13,9,0.2903225806451613,0.02540512751286651,0.0
mistral,base,reader,pair_13,10,0.3225806451612903,0.06170102390266832,0.03145963165056981
mistral,base,reader,pair_13,11,0.3548387096774194,0.10455446693370041,0.0
mistral,base,reader,pair_13,12,0.3870967741935484,0.0,0.0
mistral,base,reader,pair_13,13,0.41935483870967744,0.11266430420912175,0.06639920975524814
mistral,base,reader,pair_13,14,0.45161290322580644,0.0,0.0
mistral,base,reader,pair_13,15,0.4838709677419355,0.26420247112801604,0.13281211423324338
mistral,base,reader,pair_13,16,0.5161290322580645,0.03623193442673978,0.128120989035742
mistral,base,reader,pair_13,17,0.5483870967741935,0.2171687677410813,0.19397095726021021
mistral,base,reader,pair_13,18,0.5806451612903226,0.08860719805082977,0.2726980645581846
mistral,base,reader,pair_13,19,0.6129032258064516,0.3741415923487227,0.45479292816624817
mistral,base,reader,pair_13,20,0.6451612903225806,0.43864003547086866,0.3862064679930236
mistral,base,reader,pair_13,21,0.6774193548387096,0.3279274134284632,0.5027568680037651
mistral,base,reader,pair_13,22,0.7096774193548387,0.5393020935633634,0.6297764782804204
mistral,base,reader,pair_13,23,0.7419354838709677,0.7877244407642309,0.6795242254569837
mistral,base,reader,pair_13,24,0.7741935483870968,0.7967568267178051,0.7256544796495865
mistral,base,reader,pair_13,25,0.8064516129032258,1.0534501775135816,0.9253681429415003
mistral,base,reader,pair_13,26,0.8387096774193549,1.1873132361866485,0.8577770189492255
mistral,base,reader,pair_13,27,0.8709677419354839,1.1772383761683658,1.1193987439156936
mistral,base,reader,pair_13,28,0.9032258064516129,1.3266624445816033,1.1555592371940377
mistral,base,reader,pair_13,29,0.9354838709677419,1.431069435335905,1.1548685884256973
mistral,base,reader,pair_13,30,0.967741935483871,1.3486559243508822,1.1137516493188377
mistral,base,reader,pair_13,31,1.0,1.4543012521329037,1.3310471536535213
mistral,base,reader,pair_14,0,0.0,0.0595486246586357,0.0
mistral,base,reader,pair_14,1,0.03225806451612903,0.01517752908629375,0.03616608852374718
mistral,base,reader,pair_14,2,0.06451612903225806,0.0,0.060762180053211184
mistral,base,reader,pair_14,3,0.0967741935483871,0.08876746500890255,0.20002327709721746
mistral,base,reader,pair_14,4,0.12903225806451613,0.12314100106954042,0.02929681917089244
mistral,base,reader,pair_14,5,0.16129032258064516,0.0,0.0
mistral,base,reader,pair_14,6,0.1935483870967742,0.08192074225942586,0.10634602859826078
mistral,base,reader,pair_14,7,0.22580645161290322,0.12288512920101263,0.03666066608858332
mistral,base,reader,pair_14,8,0.25806451612903225,0.006885646669231799,0.009280043867199841
mistral,base,reader,pair_14,9,0.2903225806451613,0.07340996287540112,0.0
mistral,base,reader,pair_14,10,0.3225806451612903,0.0,0.0
mistral,base,reader,pair_14,11,0.3548387096774194,0.0,0.027535240968029222
mistral,base,reader,pair_14,12,0.3870967741935484,0.11527683531534963,0.05430673164764552
mistral,base,reader,pair_14,13,0.41935483870967744,0.07072914795217172,0.05921031194841281
mistral,base,reader,pair_14,14,0.45161290322580644,0.0017420991031715238,0.005007591417596949
mistral,base,reader,pair_14,15,0.4838709677419355,0.0796342548292977,0.12158934217222318
mistral,base,reader,pair_14,16,0.5161290322580645,0.001053120473372332,0.12009082303261628
mistral,base,reader,pair_14,17,0.5483870967741935,0.03715784368709474,0.14810897072379503
mistral,base,reader,pair_14,18,0.5806451612903226,0.27339757382442764,0.3092969382386865
mistral,base,reader,pair_14,19,0.6129032258064516,0.2848673938671483,0.2782463244939399
mistral,base,reader,pair_14,20,0.6451612903225806,0.2861432242257028,0.537296798166516
mistral,base,reader,pair_14,21,0.6774193548387096,0.3880653421769424,0.4827809977890521
mistral,base,reader,pair_14,22,0.7096774193548387,0.6254673765049796,0.7232476456758936
mistral,base,reader,pair_14,23,0.7419354838709677,0.8125939907535722,0.7418337666242941
mistral,base,reader,pair_14,24,0.7741935483870968,0.8087485905759705,0.8418880307695263
mistral,base,reader,pair_14,25,0.8064516129032258,1.0358508494592007,0.8750127469545677
mistral,base,reader,pair_14,26,0.8387096774193549,1.0968892383811386,1.0213587271763838
mistral,base,reader,pair_14,27,0.8709677419354839,1.3727945227720386,0.882316048339011
mistral,base,reader,pair_14,28,0.9032258064516129,1.2976408041396654,0.9347915243671967
mistral,base,reader,pair_14,29,0.9354838709677419,1.3597782953311548,1.0714827671685228
mistral,base,reader,pair_14,30,0.967741935483871,1.5607856008487633,1.1663330200265172
mistral,base,reader,pair_14,31,1.0,1.3439893509433827,1.26814684166142
mistral,base,reader,pair_15,0,0.0,0.0,0.05690811781881142
mistral,base,reader,pair_15,1,0.03225806451612903,0.1457843678271607,0.03410224470075399
mistral,base,reader,pair_15,2,0.06451612903225806,0.058907772833674876,0.04630004009880959
mistral,base,reader,pair_15,3,0.0967741935483871,0.0,0.027847972434930004
mistral,base,reader,pair_15,4,0.12903225806451613,0.0,0.05200342607482945
mistral,base,reader,pair_15,5,0.16129032258064516,0.0,0.0759052877269175
mistral,base,reader,pair_15,6,0.1935483870967742,0.0,0.001849290079117205
mistral,base,reader,pair_15,7,0.22580645161290322,0.0,0.0
mistral,base,reader,pair_15,8,0.25806451612903225,0.04923592425095883,0.0
mistral,base,reader,pair_15,9,0.2903225806451613,0.0,0.0
mistral,base,reader,pair_15,10,0.3225806451612903,0.0,0.061105678988119146
mistral,base,reader,pair_15,11,0.3548387096774194,0.03128369318234809,0.0014651841328721243
mistral,base,reader,pair_15,12,0.3870967741935484,0.04314567793236877,0.23121701031209838
mistral,base,reader,pair_15,13,0.41935483870967744,0.007645662249541944,0.0
mistral,base,reader,pair_15,14,0.45161290322580644,0.0,0.04096453948394312
mistral,base,reader,pair_15,15,0.4838709677419355,0.15468980611475616,0.2227647208142512
mistral,base,reader,pair_15,16,0.5161290322580645,0.04699005165023968,0.18301124304853178
mistral,base,reader,pair_15,17,0.5483870967741935,0.11463310489453378,0.1163006306999778
mistral,base,reader,pair_15,18,0.5806451612903226,0.18102034851209153,0.30880251946105153
mistral,base,reader,pair_15,19,0.6129032258064516,0.1575845762651787,0.373192831578978
mistral,base,reader,pair_15,20,0.6451612903225806,0.42260488336807683,0.3025179675342292
mistral,base,reader,pair_15,21,0.6774193548387096,0.4580424818463928,0.5957285009597492
mistral,base,reader,pair_15,22,0.7096774193548387,0.6545662203924455,0.5401274570361094
mistral,base,reader,pair_15,23,0.7419354838709677,0.6828264364821641,0.7272597922954561
mistral,base,reader,pair_15,24,0.7741935483870968,0.9430141838147905,0.9704867211051901
mistral,base,reader,pair_15,25,0.8064516129032258,1.013118722487162,0.9952287279343607
mistral,base,reader,pair_15,26,0.8387096774193549,1.1014695273913773,0.9321714083940837
mistral,base,reader,pair_15,27,0.8709677419354839,1.3023068260531634,1.1473496020142289
mistral,base,reader,pair_15,28,0.9032258064516129,1.445035398821471,1.0037742197674309
mistral,base,reader,pair_15,29,0.9354838709677419,1.2737275745145278,1.2300610390691484
mistral,base,reader,pair_15,30,0.967741935483871,1.2278154277298308,1.1060792196965494
mistral,base,reader,pair_15,31,1.0,1.3793988202589742,1.2559271501145315
mistral,base,reader,pair_16,0,0.0,0.011413811317996764,0.04428413100276509
mistral,base,reader,pair_16,1,0.03225806451612903,0.014803697695562569,0.0
mistral,base,reader,pair_16,2,0.06451612903225806,0.04737032543685765,0.0
mistral,base,reader,pair_16,3,0.0967741935483871,0.0,0.0
mistral,base,reader,pair_16,4,0.12903225806451613,0.0,0.0
mistral,base,reader,pair_16,5,0.16129032258064516,0.010224283186391877,0.18254215732544335
mistral,base,reader,pair_16,6,0.1935483870967742,0.0,0.07989197990445612
mistral,base,reader,pair_16,7,0.22580645161290322,0.0,0.10403518990897878
mistral,base,reader,pair_16,8,0.25806451612903225,0.0,0.08642359932455841
mistral,base,reader,pair_16,9,0.2903225806451613,0.034446566520086486,0.05282896792234783
mistral,base,reader,pair_16,10,0.3225806451612903,0.0,0.0
mistral,base,reader,pair_16,11,0.3548387096774194,0.12211819485701839,0.0
mistral,base,reader,pair_16,12,0.3870967741935484,0.0,0.08677740852756344
mistral,base,reader,pair_16,13,0.41935483870967744,0.18520399561198625,0.16506734626302522
mistral,base,reader,pair_16,14,0.45161290322580644,0.1503729158098435,0.0550310583444046
mistral,base,reader,pair_16,15,0.4838709677419355,0.07441603726493529,0.06434036209251257
mistral,base,reader,pair_16,16,0.5161290322580645,0.06071610281635328,0.17342749434982815
mistral,base,reader,pair_16,17,0.5483870967741935,0.06176491080794651,0.3213030718739025
mistral,base,reader,pair_16,18,0.5806451612903226,0.1771038099076302,0.24962100555968958
mistral,base,reader,pair_16,19,0.6129032258064516,0.1717895255169125,0.4542923307115518
mistral,base,reader,pair_16,20,0.6451612903225806,0.3838632614723974,0.41552395236527234
mistral,base,reader,pair_16,21,0.6774193548387096,0.34538303812323723,0.5953525784557193
mistral,base,reader,pair_16,22,0.7096774193548387,0.558284375992719,0.7042634047941337
mistral,base,reader,pair_16,23,0.7419354838709677,0.7140674725183473,0.8364145266245838
mistral,base,reader,pair_16,24,0.7741935483870968,0.8528751569994202,0.9388223952286028
mistral,base,reader,pair_16,25,0.8064516129032258,1.0579158028055393,0.783811721507981
mistral,base,reader,pair_16,26,0.8387096774193549,1.0908818134863136,1.0838524342691902
mistral,base,reader,pair_16,27,0.8709677419354839,1.236868055498625,0.9734613768276461
mistral,base,reader,pair_16,28,0.9032258064516129,1.300881580085888,1.1525534570766285
mistral,base,reader,pair_16,29,0.9354838709677419,1.3835876456470344,1.0804054097546654
mistral,base,reader,pair_16,30,0.967741935483871,1.2619129526022892,1.2568726759531537
mistral,base,reader,pair_16,31,1.0,1.3544692521533224,1.22761622531816
mistral,base,reader,pair_17,0,0.0,0.0,0.0
mistral,base,reader,pair_17,1,0.03225806451612903,0.0,0.06976072638017579
mistral,base,reader,pair_17,2,0.06451612903225806,0.0,0.04731172889035441
mistral,base,reader,pair_17,3,0.0967741935483871,0.1398833965224118,0.012713496222299309
mistral,base,reader,pair_17,4,0.12903225806451613,0.0,0.0
mistral,base,reader,pair_17,5,0.16129032258064516,0.0,0.07250743339213568
mistral,base,reader,pair_17,6,0.1935483870967742,0.05759179906432453,0.031763063030560146
mistral,base,reader,pair_17,7,0.22580645161290322,0.0,0.0
mistral,base,reader,pair_17,8,0.25806451612903225,0.0,0.0
mistral,base,reader,pair_17,9,0.2903225806451613,0.0,0.0
mistral,base,reader,pair_17,10,0.3225806451612903,0.0,0.08966830262361714
mistral,base,reader,pair_17,11,0.3548387096774194,0.0,0.0
mistral,base,reader,pair_17,12,0.3870967741935484,0.09086429247063618,0.0
mistral,base,reader,pair_17,13,0.41935483870967744,0.014935211907443981,0.07087420159846135
mistral,base,reader,pair_17,14,0.45161290322580644,0.048911544488612464,0.23776538341612463
mistral,base,reader,pair_17,15,0.4838709677419355,0.05687317533609263,0.06870611629728537
mistral,base,reader,pair_17,16,0.5161290322580645,0.04946322409888377,0.16784679206503533
mistral,base,reader,pair_17,17,0.5483870967741935,0.04908958337249594,0.0924308370751417
mistral,base,reader,pair_17,18,0.5806451612903226,0.10915212690293069,0.2562609133351478
mistral,base,reader,pair_17,19,0.6129032258064516,0.3749141240794266,0.30293584215788294
mistral,base,reader,pair_17,20,0.6451612903225806,0.2834833334797514,0.3289761008351768
mistral,base,reader,pair_17,21,0.6774193548387096,0.5497849715026923,0.5619842512046987
mistral,base,reader,pair_17,22,0.7096774193548387,0.6364479902468785,0.6666028784920303
mistral,base,reader,pair_17,23,0.7419354838709677,0.6567648122848039,0.7406100214098895
mistral,base,reader,pair_17,24,0.7741935483870968,0.7790389019543469,0.8507840881411552
mistral,base,reader,pair_17,25,0.8064516129032258,1.0905847977770975,1.0990018588618722
mistral,base,reader,pair_17,26,0.8387096774193549,1.044495918719734,1.0589429510199002
mistral,base,reader,pair_17,27,0.8709677419354839,1.2856578661523241,0.9230620670445892
mistral,base,reader,pair_17,28,0.9032258064516129,1.3137436776643632,1.170014583269884
mistral,base,reader,pair_17,29,0.9354838709677419,1.3035448325450676,1.1313051065572477
mistral,base,reader,pair_17,30,0.967741935483871,1.3848634379175657,1.1510740401398483
mistral,base,reader,pair_17,31,1.0,1.3706187597384143,1.1504363719376636
mistral,base,reader,pair_18,0,0.0,0.03866844147297367,0.0
mistral,base,reader,pair_18,1,0.03225806451612903,0.0,0.0
mistral,base,reader,pair_18,2,0.06451612903225806,0.0,0.005000873359930165
mistral,base,reader,pair_18,3,0.0967741935483871,0.0,0.07458645642462507
mistral,base,reader,pair_18,4,0.12903225806451613,0.02257708991743816,0.0
mistral,base,reader,pair_18,5,0.16129032258064516,0.11780405879907696,0.0
mistral,base,reader,pair_18,6,0.1935483870967742,0.0,0.09959396307438173
mistral,base,reader,pair_18,7,0.22580645161290322,0.0,0.17530758001543323
mistral,base,reader,pair_18,8,0.25806451612903225,0.0,0.0
mistral,base,reader,pair_18,9,0.2903225806451613,0.02390184824286298,0.0
mistral,base,reader,pair_18,10,0.3225806451612903,0.01532151248237014,0.0
mistral,base,reader,pair_18,11,0.3548387096774194,0.0,0.060005682689126386
mistral,base,reader,pair_18,12,0.3870967741935484,0.027000351290670584,0.030022640302956267
mistral,base,reader,pair_18,13,0.41935483870967744,0.0,0.05133717821697484
mistral,base,reader,pair_18,14,0.45161290322580644,0.0,0.18674987686880412
mistral,base,reader,pair_18,15,0.4838709677419355,0.0,0.14593923097515746
mistral,base,reader,pair_18,16,0.5161290322580645,0.11202787520666417,0.022510778078305482
mistral,base,reader,pair_18,17,0.5483870967741935,0.14808231027211405,0.3067592414203536
mistral,base,reader,pair_18,18,0.5806451612903226,0.15620703198173708,0.3331064813773711
mistral,base,reader,pair_18,19,0.6129032258064516,0.23732778942888214,0.36696683364240723
mistral,base,reader,pair_18,20,0.6451612903225806,0.4003432896746176,0.42615976832259866
mistral,base,reader,pair_18,21,0.6774193548387096,0.48782770222749694,0.4083816797494713
mistral,base,reader,pair_18,22,0.7096774193548387,0.5800347826294577,0.4872126039588798
mistral,base,reader,pair_18,23,0.7419354838709677,0.680469782371852,0.6693282637358896
mistral,base,reader,pair_18,24,0.7741935483870968,0.8912418277470856,0.7790901377955173
mistral,base,reader,pair_18,25,0.8064516129032258,1.143508116860947,0.8608068189688982
mistral,base,reader,pair_18,26,0.8387096774193549,1.0304789706368656,0.7933318571692232
mistral,base,reader,pair_18,27,0.8709677419354839,1.2133491675230974,0.9893398762757328
mistral,base,reader,pair_18,28,0.9032258064516129,1.3557743989573785,1.1308517972471266
mistral,base,reader,pair_18,29,0.9354838709677419,1.4153580491399222,1.0222845001950422
mistral,base,reader,pair_18,30,0.967741935483871,1.2980785407436843,1.0889375858637067
mistral,base,reader,pair_18,31,1.0,1.35607291128585,1.153809359699621
mistral,base,reader,pair_19,0,0.0,0.0,0.05820294313814795
mistral,base,reader,pair_19,1,0.03225806451612903,0.0,0.0
mistral,base,reader,pair_19,2,0.06451612903225806,0.0552059718946375,0.20790687398493496
mistral,base,reader,pair_19,3,0.0967741935483871,0.051656796103268086,0.0
mistral,base,reader,pair_19,4,0.12903225806451613,0.0,0.13214350641652411
mistral,base,reader,pair_19,5,0.16129032258064516,0.0,0.004572244948240943
mistral,base,reader,pair_19,6,0.1935483870967742,0.0,0.08691193419209428
mistral,base,reader,pair_19,7,0.22580645161290322,0.019596023469962382,0.0
mistral,base,reader,pair_19,8,0.25806451612903225,0.0,0.0
mistral,base,reader,pair_19,9,0.2903225806451613,0.0,0.07901851034369728
mistral,base,reader,pair_19,10,0.3225806451612903,0.0,0.0
mistral,base,reader,pair_19,11,0.3548387096774194,0.14437330931460007,0.17601966221711263
mistral,base,reader,pair_19,12,0.3870967741935484,0.17111790957982317,0.08378173082299697
mistral,base,reader,pair_19,13,0.41935483870967744,0.09500849142822415,0.0045488651233645955
mistral,base,reader,pair_19,14,0.45161290322580644,0.0,0.0
mistral,base,reader,pair_19,15,0.4838709677419355,0.0989284050086939,0.18139396059326127
mistral,base,reader,pair_19,16,0.5161290322580645,0.13325449983762153,0.1385208693408339
mistral,base,reader,pair_19,17,0.5483870967741935,0.09231920455274563,0.2923609736883184
mistral,base,reader,pair_19,18,0.5806451612903226,0.09325350001379494,0.29579170753187545
mistral,base,reader,pair_19,19,0.6129032258064516,0.34128297478568287,0.3970245323460036
mistral,base,reader,pair_19,20,0.6451612903225806,0.36493131570867343,0.480911344780383
mistral,base,reader,pair_19,21,0.6774193548387096,0.4809184247224396,0.5221329804349037
mistral,base,reader,pair_19,22,0.7096774193548387,0.43803440814409367,0.4799718817480412
mistral,base,reader,pair_19,23,0.7419354838709677,0.7357275036333211,0.7054520866960764
mistral,base,reader,pair_19,24,0.7741935483870968,1.0037021850586452,0.8247662338286242
mistral,base,reader,pair_19,25,0.8064516129032258,1.1680755575307342,0.8261989836906776
mistral,base,reader,pair_19,26,0.8387096774193549,1.2316747724884678,1.0014335888748216
mistral,base,reader,pair_19,27,0.8709677419354839,1.32542476192355,0.9501259946734308
mistral,base,reader,pair_19,28,0.9032258064516129,1.2332994006460043,1.0200865921359519
mistral,base,reader,pair_19,29,0.9354838709677419,1.476567137968385,1.1385441676070742
mistral,base,reader,pair_19,30,0.967741935483871,1.500553660677533,1.0379560337847158
mistral,base,reader,pair_19,31,1.0,1.5641674993914192,1.2458564103364471
mistral,base,reader,pair_20,0,0.0,0.0,0.0
mistral,base,reader,pair_20,1,0.03225806451612903,0.0,0.04759805028824876
mistral,base,reader,pair_20,2,0.06451612903225806,0.0,0.05390082304122655
mistral,base,reader,pair_20,3,0.0967741935483871,0.0,0.11038155008283632
mistral,base,reader,pair_20,4,0.12903225806451613,0.097087521940633,0.0761653098411852
mistral,base,reader,pair_20,5,0.16129032258064516,0.0,0.08407554574441502
mistral,base,reader,pair_20,6,0.1935483870967742,0.0,0.11944679478581843
mistral,base,reader,pair_20,7,0.22580645161290322,0.0,0.0
mistral,base,reader,pair_20,8,0.25806451612903225,0.07174017764550449,0.0
mistral,base,reader,pair_20,9,0.2903225806451613,0.0,0.0
mistral,base,reader,pair_20,10,0.3225806451612903,0.0,0.0
mistral,base,reader,pair_20,11,0.3548387096774194,0.022808547803213255,0.03055328942383152
mistral,base,reader,pair_20,12,0.3870967741935484,0.022975735210211692,0.0
mistral,base,reader,pair_20,13,0.41935483870967744,0.0,0.10115795923616552
mistral,base,reader,pair_20,14,0.45161290322580644,0.0,0.0
mistral,base,reader,pair_20,15,0.4838709677419355,0.05342868974664615,0.3016330273386227
mistral,base,reader,pair_20,16,0.5161290322580645,0.25816888743153504,0.0
mistral,base,reader,pair_20,17,0.5483870967741935,0.08435004250938624,0.2019155653778024
mistral,base,reader,pair_20,18,0.5806451612903226,0.1609466245857376,0.27230491243956645
mistral,base,reader,pair_20,19,0.6129032258064516,0.1913204629235258,0.3352019622489838
mistral,base,reader,pair_20,20,0.6451612903225806,0.23609815662938202,0.3074385938149333
mistral,base,reader,pair_20,21,0.6774193548387096,0.35062101580894933,0.5292963851120446
mistral,base,reader,pair_20,22,0.7096774193548387,0.6207967197379965,0.8151158220093855
mistral,base,reader,pair_20,23,0.7419354838709677,0.6574839920349472,0.8002650663438732
mistral,base,reader,pair_20,24,0.7741935483870968,0.8513651238237501,0.7811517407272458
mistral,base,reader,pair_20,25,0.8064516129032258,1.0474763966726115,0.8791281369725631
mistral,base,reader,pair_20,26,0.8387096774193549,1.0522099543489278,0.9003000611615635
mistral,base,reader,pair_20,27,0.8709677419354839,1.13567692194335,0.928316958144493
mistral,base,reader,pair_20,28,0.9032258064516129,1.3288771435271658,1.0759085478528663
mistral,base,reader,pair_20,29,0.9354838709677419,1.263111857162486,0.9751709045796836
mistral,base,reader,pair_20,30,0.967741935483871,1.4720392271046825,1.105779072361489
mistral,base,reader,pair_20,31,1.0,1.4163940715730952,1.12806848873398
mistral,base,reader,pair_21,0,0.0,0.0,0.0
mistral,base,reader,pair_21,1,0.03225806451612903,0.0910188956253611,0.08590989429299725
mistral,base,reader,pair_21,2,0.06451612903225806,0.010127068602657349,0.0
mistral,base,reader,pair_21,3,0.0967741935483871,0.002423425727107153,0.004888983786439262
mistral,base,reader,pair_21,4,0.12903225806451613,0.04933532096408583,0.041689856351564324
mistral,base,reader,pair_21,5,0.16129032258064516,0.09744826531359196,0.0
mistral,base,reader,pair_21,6,0.1935483870967742,0.0,0.15169432885590545
mistral,base,reader,pair_21,7,0.22580645161290322,0.15867495055101347,0.055755598131708196
mistral,base,reader,pair_21,8,0.25806451612903225,0.0,0.08131994254762874
mistral,base,reader,pair_21,9,0.2903225806451613,0.0018413039587589618,0.0
mistral,base,reader,pair_21,10,0.3225806451612903,0.06642831428656247,0.23821457311902094
mistral,base,reader,pair_21,11,0.3548387096774194,0.02500113996151787,0.035544513339383355
mistral,base,reader,pair_21,12,0.3870967741935484,0.0,0.0171368248714064
mistral,base,reader,pair_21,13,0.41935483870967744,0.17723841643037164,0.04537383040677391
mistral,base,reader,pair_21,14,0.45161290322580644,0.0,0.051239460367577726
mistral,base,reader,pair_21,15,0.4838709677419355,0.08541204456654311,0.03663613014533647
mistral,base,reader,pair_21,16,0.5161290322580645,0.12307917609325053,0.09983983237561098
mistral,base,reader,pair_21,17,0.5483870967741935,0.17513629463854136,0.3535725917884837
mistral,base,reader,pair_21,18,0.5806451612903226,0.13223438646493751,0.30654620713896574
mistral,base,reader,pair_21,19,0.6129032258064516,0.3121069268746615,0.4096854266836168
mistral,base,reader,pair_21,20,0.6451612903225806,0.3747773848698546,0.5447178140883296
mistral,base,reader,pair_21,21,0.6774193548387096,0.24794158462863194,0.5208948805955373
mistral,base,reader,pair_21,22,0.7096774193548387,0.4968154743678644,0.6616337518915685
mistral,base,reader,pair_21,23,0.7419354838709677,0.8240393608604739,0.7457428245117598
mistral,base,reader,pair_21,24,0.7741935483870968,0.8148056432571404,0.8629041999751147
mistral,base,reader,pair_21,25,0.8064516129032258,1.185947822764392,0.8760864864329119
mistral,base,reader,pair_21,26,0.8387096774193549,1.1041808639806867,0.9985543798816199
mistral,base,reader,pair_21,27,0.8709677419354839,1.2080546422194842,1.0955769726686573
mistral,base,reader,pair_21,28,0.9032258064516129,1.2029007964764276,1.018524332414833
mistral,base,reader,pair_21,29,0.9354838709677419,1.162253005063909,1.1036886183547558
mistral,base,reader,pair_21,30,0.967741935483871,1.4170478706081913,1.0654649946855033
mistral,base,reader,pair_21,31,1.0,1.3606849907605965,1.166048032649624
mistral,base,reader,pair_22,0,0.0,0.2183457330642442,0.0
mistral,base,reader,pair_22,1,0.03225806451612903,0.038186406357871114,0.0
mistral,base,reader,pair_22,2,0.06451612903225806,0.0,0.07474481838083041
mistral,base,reader,pair_22,3,0.0967741935483871,0.011591712690695987,0.0
mistral,base,reader,pair_22,4,0.12903225806451613,0.0,0.0
mistral,base,reader,pair_22,5,0.16129032258064516,0.11183102137659816,0.0
mistral,base,reader,pair_22,6,0.1935483870967742,0.0,0.003630757791725642
mistral,base,reader,pair_22,7,0.22580645161290322,0.0,0.1513545769276666
mistral,base,reader,pair_22,8,0.25806451612903225,0.0,0.12066827054872065
mistral,base,reader,pair_22,9,0.2903225806451613,0.0,0.0
mistral,base,reader,pair_22,10,0.3225806451612903,0.19745161817831985,0.0
mistral,base,reader,pair_22,11,0.3548387096774194,0.0,0.1415407933601096
mistral,base,reader,pair_22,12,0.3870967741935484,0.12063905856085413,0.09862334534782916
mistral,base,reader,pair_22,13,0.41935483870967744,0.07000425500592186,0.22795817811948785
mistral,base,reader,pair_22,14,0.45161290322580644,0.17750769546161377,0.17159662164998152
mistral,base,reader,pair_22,15,0.4838709677419355,0.07774048751126512,0.0
mistral,base,reader,pair_22,16,0.5161290322580645,0.11895616829657565,0.1307834298779106
mistral,base,reader,pair_22,17,0.5483870967741935,0.27237296606747635,0.20952245746256692
mistral,base,reader,pair_22,18,0.5806451612903226,0.15963566037053153,0.2588809450684648
mistral,base,reader,pair_22,19,0.6129032258064516,0.29503882804267073,0.33233295919863065
mistral,base,reader,pair_22,20,0.6451612903225806,0.39126494168398157,0.5563799435633803
mistral,base,reader,pair_22,21,0.6774193548387096,0.46133740241055005,0.6013331865011177
mistral,base,reader,pair_22,22,0.7096774193548387,0.6344754005389804,0.6928669641708566
mistral,base,reader,pair_22,23,0.7419354838709677,0.5983098169882493,0.6696520887199762
mistral,base,reader,pair_22,24,0.7741935483870968,0.8967190207831385,0.8565252717595881
mistral,base,reader,pair_22,25,0.8064516129032258,1.0120056349978972,0.702448714665606
mistral,base,reader,pair_22,26,0.8387096774193549,1.0418902525823264,0.8057276163442735
mistral,base,reader,pair_22,27,0.8709677419354839,1.3552563336972194,0.8942377605997955
mistral,base,reader,pair_22,28,0.9032258064516129,1.3074724424986541,1.1298992672760164
mistral,base,reader,pair_22,29,0.9354838709677419,1.2852470608109368,0.9952509351494672
mistral,base,reader,pair_22,30,0.967741935483871,1.3872712187204863,0.948038596853013
mistral,base,reader,pair_22,31,1.0,1.4209776671115018,1.090854065782466
mistral,base,reader,pair_23,0,0.0,0.031984737344076884,0.0
mistral,base,reader,pair_23,1,0.03225806451612903,0.05235615246253998,0.08094275724810336
mistral,base,reader,pair_23,2,0.06451612903225806,0.0,0.03245988911203011
mistral,base,reader,pair_23,3,0.0967741935483871,0.0,0.13034863901232815
mistral,base,reader,pair_23,4,0.12903225806451613,0.062118076870696426,0.0
mistral,base,reader,pair_23,5,0.16129032258064516,0.0,0.0
mistral,base,reader,pair_23,6,0.1935483870967742,0.0,0.0
mistral,base,reader,pair_23,7,0.22580645161290322,0.0,0.10166695157640461
mistral,base,reader,pair_23,8,0.25806451612903225,0.01933976871832031,0.09598206384275353
mistral,base,reader,pair_23,9,0.2903225806451613,0.007852440941477795,0.00978497938058333
mistral,base,reader,pair_23,10,0.3225806451612903,0.0,0.0
mistral,base,reader,pair_23,11,0.3548387096774194,0.025185100165861223,0.1497235970814797
mistral,base,reader,pair_23,12,0.3870967741935484,0.014062644030986836,0.11040946903217111
mistral,base,reader,pair_23,13,0.41935483870967744,0.0,0.04247023152841621
mistral,base,reader,pair_23,14,0.45161290322580644,0.039150218843709346,0.11075772065274975
mistral,base,reader,pair_23,15,0.4838709677419355,0.05601630724855275,0.12241020368976312
mistral,base,reader,pair_23,16,0.5161290322580645,0.06772469839200593,0.20514531429920807
mistral,base,reader,pair_23,17,0.5483870967741935,0.15522478494529146,0.18478833579287401
mistral,base,reader,pair_23,18,0.5806451612903226,0.1075474260422472,0.21823072021678838
mistral,base,reader,pair_23,19,0.6129032258064516,0.37887751626732635,0.38058397658736404
mistral,base,reader,pair_23,20,0.6451612903225806,0.4057191367603835,0.5054443009738986
mistral,base,reader,pair_23,21,0.6774193548387096,0.45022436570205326,0.5601315540868559
mistral,base,reader,pair_23,22,0.7096774193548387,0.6054817914178884,0.5086134989448602
mistral,base,reader,pair_23,23,0.7419354838709677,0.748207901843523,0.6700059951611088
mistral,base,reader,pair_23,24,0.7741935483870968,0.7993840728917243,0.8359806073462835
mistral,base,reader,pair_23,25,0.8064516129032258,1.2176177064985279,0.7572657714980955
mistral,base,reader,pair_23,26,0.8387096774193549,0.9524598529415866,0.9684114742778961
mistral,base,reader,pair_23,27,0.8709677419354839,1.0556071960497306,1.0046960142800023
mistral,base,reader,pair_23,28,0.9032258064516129,1.127288987648392,1.0969451725469714
mistral,base,reader,pair_23,29,0.9354838709677419,1.3491034925563632,1.0218011471394988
mistral,base,reader,pair_23,30,0.967741935483871,1.4947583946340626,1.138018443608654
mistral,base,reader,pair_23,31,1.0,1.4791554249392034,1.0491885184278407
mistral,base,reader,pair_24,0,0.0,0.03002252207138445,0.0
mistral,base,reader,pair_24,1,0.03225806451612903,0.1902800367768805,0.07552758077552288
mistral,base,reader,pair_24,2,0.06451612903225806,0.015071927542743432,0.0894357287324532
mistral,base,reader,pair_24,3,0.0967741935483871,0.013331518619224325,0.0
mistral,base,reader,pair_24,4,0.12903225806451613,0.013130992783628167,0.0
mistral,base,reader,pair_24,5,0.16129032258064516,0.0,0.023480134674593048
mistral,base,reader,pair_24,6,0.1935483870967742,0.0,0.17492122510610755
mistral,base,reader,pair_24,7,0.22580645161290322,0.0,0.030552495530848933
mistral,base,reader,pair_24,8,0.25806451612903225,0.1631149261364814,0.0778892078183586
mistral,base,reader,pair_24,9,0.2903225806451613,0.17787365378248557,0.03250924302314688
mistral,base,reader,pair_24,10,0.3225806451612903,0.0,0.0
mistral,base,reader,pair_24,11,0.3548387096774194,0.0,0.05408553315951373
mistral,base,reader,pair_24,12,0.3870967741935484,0.09392827820201403,0.13019432606621453
mistral,base,reader,pair_24,13,0.41935483870967744,0.0,0.013908894985157766
mistral,base,reader,pair_24,14,0.45161290322580644,0.07655539143006837,0.0
mistral,base,reader,pair_24,15,0.4838709677419355,0.0,0.14138581832487576
mistral,base,reader,pair_24,16,0.5161290322580645,0.09850965986390409,0.23855459585126076
mistral,base,reader,pair_24,17,0.5483870967741935,0.12967101646252852,0.18927767220886135
mistral,base,reader,pair_24,18,0.5806451612903226,0.10024787198771837,0.30243305234510004
mistral,base,reader,pair_24,19,0.6129032258064516,0.21842452339720883,0.4143539219782191
mistral,base,reader,pair_24,20,0.6451612903225806,0.22180677624717143,0.581711660396842
mistral,base,reader,pair_24,21,0.6774193548387096,0.3845892530655665,0.49902538084067233
mistral,base,reader,pair_24,22,0.7096774193548387,0.6284411504316573,0.6798484779493689
mistral,base,reader,pair_24,23,0.7419354838709677,0.7560503271083469,0.6744480677197782
mistral,base,reader,pair_24,24,0.7741935483870968,0.6843421374412444,0.7977774041023974
mistral,base,reader,pair_24,25,0.8064516129032258,1.0502524084409814,0.9263897832086395
mistral,base,reader,pair_24,26,0.8387096774193549,1.1905294796185713,0.9295194888356977
mistral,base,reader,pair_24,27,0.8709677419354839,1.1510811792553333,0.9188560315796792
mistral,base,reader,pair_24,28,0.9032258064516129,1.339419662622684,1.078076752629508
mistral,base,reader,pair_24,29,0.9354838709677419,1.3488302049441148,1.0892206518873375
mistral,base,reader,pair_24,30,0.967741935483871,1.3742131040452543,1.089493325176752
mistral,base,reader,pair_24,31,1.0,1.4814182758307013,1.0803270280948034
mistral,base,reader,pair_25,0,0.0,0.12149295580438164,0.12213793969090794
mistral,base,reader,pair_25,1,0.03225806451612903,0.13782547326618222,0.10035130247282423
mistral,base,reader,pair_25,2,0.06451612903225806,0.0,0.07714152087641162
mistral,base,reader,pair_25,3,0.0967741935483871,0.0,0.012269888719716536
mistral,base,reader,pair_25,4,0.12903225806451613,0.038014975075025104,0.0
mistral,base,reader,pair_25,5,0.16129032258064516,0.0011891946581831887,0.06458253552780464
mistral,base,reader,pair_25,6,0.1935483870967742,0.07783547572340928,0.07072942526472976
mistral,base,reader,pair_25,7,0.22580645161290322,0.20568076238156766,0.18071879474823907
mistral,base,reader,pair_25,8,0.25806451612903225,0.012141953538343745,0.02535633202027572
mistral,base,reader,pair_25,9,0.2903225806451613,0.04051881510067934,0.07162244910455737
mistral,base,reader,pair_25,10,0.3225806451612903,0.13843837897302722,0.0
mistral,base,reader,pair_25,11,0.3548387096774194,0.0,0.02838117604176425
mistral,base,reader,pair_25,12,0.3870967741935484,0.2618831883681018,0.15743372527100002
mistral,base,reader,pair_25,13,0.41935483870967744,0.0,0.07872022545816966
mistral,base,reader,pair_25,14,0.45161290322580644,0.0,0.12762474563825074
mistral,base,reader,pair_25,15,0.4838709677419355,0.04468766052823708,0.23138244611321993
mistral,base,reader,pair_25,16,0.5161290322580645,0.19391070562824902,0.3030393434254962
mistral,base,reader,pair_25,17,0.5483870967741935,0.15340220774207092,0.2716818450345893
mistral,base,reader,pair_25,18,0.5806451612903226,0.2715509058237357,0.33510338528009065
mistral,base,reader,pair_25,19,0.6129032258064516,0.18231660759632645,0.28419949959913143
mistral,base,reader,pair_25,20,0.6451612903225806,0.37712679082329614,0.31162153975519746
mistral,base,reader,pair_25,21,0.6774193548387096,0.5796388750568965,0.46167434406203284
mistral,base,reader,pair_25,22,0.7096774193548387,0.6723909799276708,0.6153184442966537
mistral,base,reader,pair_25,23,0.7419354838709677,0.5936916822941015,0.7468416833783624
mistral,base,reader,pair_25,24,0.7741935483870968,0.8349795275752633,0.7085128424464001
mistral,base,reader,pair_25,25,0.8064516129032258,1.0831638214444395,0.9027588553415781
mistral,base,reader,pair_25,26,0.8387096774193549,1.1112483557297599,1.099830861703392
mistral,base,reader,pair_25,27,0.8709677419354839,1.097784514485092,1.1413591397227805
mistral,base,reader,pair_25,28,0.9032258064516129,1.353105569875758,1.0944718266579405
mistral,base,reader,pair_25,29,0.9354838709677419,1.1507949137202524,1.1379887760608014
mistral,base,reader,pair_25,30,0.967741935483871,1.3720745956925726,1.2537758700138295
mistral,base,reader,pair_25,31,1.0,1.4239954298286195,1.0285359789479664
mistral,base,reader,pair_26,0,0.0,0.0,0.0
mistral,base,reader,pair_26,1,0.03225806451612903,0.03016083478518287,0.0
mistral,base,reader,pair_26,2,0.06451612903225806,0.09111732448116792,0.06329951324808772
mistral,base,reader,pair_26,3,0.0967741935483871,0.0,0.15732182663955427
mistral,base,reader,pair_26,4,0.12903225806451613,0.02344850623503692,0.0
mistral,base,reader,pair_26,5,0.16129032258064516,0.0,0.11783909640824394
mistral,base,reader,pair_26,6,0.1935483870967742,0.10755841908467452,0.08033391568882564
mistral,base,reader,pair_26,7,0.22580645161290322,0.0,0.0
mistral,base,reader,pair_26,8,0.25806451612903225,0.0,0.14097729012536597
mistral,base,reader,pair_26,9,0.2903225806451613,0.005963950558168723,0.07467644155505948
mistral,base,reader,pair_26,10,0.3225806451612903,0.0,0.0
mistral,base,reader,pair_26,11,0.3548387096774194,0.007321189717841332,0.079176423860633
mistral,base,reader,pair_26,12,0.3870967741935484,0.03208408778071703,0.08205331786325562
mistral,base,reader,pair_26,13,0.41935483870967744,0.01302704819288389,0.08579898003323655
mistral,base,reader,pair_26,14,0.45161290322580644,0.07631392506190568,0.06422566447464025
mistral,base,reader,pair_26,15,0.4838709677419355,0.0,0.10037361447949056
mistral,base,reader,pair_26,16,0.5161290322580645,0.18844870081098214,0.0
mistral,base,reader,pair_26,17,0.5483870967741935,0.07116636043667635,0.215829542398926
mistral,base,reader,pair_26,18,0.5806451612903226,0.05859913847189355,0.40654065534263495
mistral,base,reader,pair_26,19,0.6129032258064516,0.22779406504664562,0.37945150187530263
mistral,base,reader,pair_26,20,0.6451612903225806,0.26885351183286765,0.3906291743673064
mistral,base,reader,pair_26,21,0.6774193548387096,0.4331696507131639,0.49435863596696045
mistral,base,reader,pair_26,22,0.7096774193548387,0.5277043654117546,0.5551416470606848
mistral,base,reader,pair_26,23,0.7419354838709677,0.7612614660403845,0.6051613733814494
mistral,base,reader,pair_26,24,0.7741935483870968,0.9514176651572238,0.8424712105282891
mistral,base,reader,pair_26,25,0.8064516129032258,0.9757817417588739,0.9396506080864061
mistral,base,reader,pair_26,26,0.8387096774193549,1.0088069914955942,0.9457052133889009
mistral,base,reader,pair_26,27,0.8709677419354839,1.126704789556722,1.010154394865998
mistral,base,reader,pair_26,28,0.9032258064516129,1.2422052183400814,0.9673659220910513
mistral,base,reader,pair_26,29,0.9354838709677419,1.269027630495414,1.1186754550360773
mistral,base,reader,pair_26,30,0.967741935483871,1.3352838151736899,1.0227340068702413
mistral,base,reader,pair_26,31,1.0,1.4359774030017167,1.1720197207305147
mistral,base,reader,pair_27,0,0.0,0.0,0.0
mistral,base,reader,pair_27,1,0.03225806451612903,0.08913384750704001,0.0
mistral,base,reader,pair_27,2,0.06451612903225806,0.11179031844542778,0.0
mistral,base,reader,pair_27,3,0.0967741935483871,0.07294699844688148,0.0
mistral,base,reader,pair_27,4,0.12903225806451613,0.0,0.0
mistral,base,reader,pair_27,5,0.16129032258064516,0.14011413320621344,0.0
mistral,base,reader,pair_27,6,0.1935483870967742,0.0,0.0
mistral,base,reader,pair_27,7,0.22580645161290322,0.0,0.005781763994131052
mistral,base,reader,pair_27,8,0.25806451612903225,0.0,0.0
mistral,base,reader,pair_27,9,0.2903225806451613,0.06358162716689005,0.0
mistral,base,reader,pair_27,10,0.3225806451612903,0.0638268002326161,0.10178970021844855
mistral,base,reader,pair_27,11,0.3548387096774194,0.08747990660465425,0.0
mistral,base,reader,pair_27,12,0.3870967741935484,0.0,0.03756387177540357
mistral,base,reader,pair_27,13,0.41935483870967744,0.0300105697336514,0.0
mistral,base,reader,pair_27,14,0.45161290322580644,0.12695462071341176,0.2252404730177721
mistral,base,reader,pair_27,15,0.4838709677419355,0.0064837855131387664,0.09395458975852256
mistral,base,reader,pair_27,16,0.5161290322580645,0.22725240790202678,0.1888174560680002
mistral,base,reader,pair_27,17,0.5483870967741935,0.1455730549421246,0.22923285091450973
mistral,base,reader,pair_27,18,0.5806451612903226,0.011366974225116594,0.19576378740873113
mistral,base,reader,pair_27,19,0.6129032258064516,0.3465152289784749,0.2603195728026801
mistral,base,reader,pair_27,20,0.6451612903225806,0.4180381394929978,0.48869505442220856
mistral,base,reader,pair_27,21,0.6774193548387096,0.3701980618362696,0.5925040813436984
mistral,base,reader,pair_27,22,0.7096774193548387,0.6128914487544205,0.7810707821309719
mistral,base,reader,pair_27,23,0.7419354838709677,0.7259552589304186,0.7359129947643908
mistral,base,reader,pair_27,24,0.7741935483870968,0.768391753428377,0.9669517453198713
mistral,base,reader,pair_27,25,0.8064516129032258,0.8176566530758383,0.9018796263343628
mistral,base,reader,pair_27,26,0.8387096774193549,1.1445363479249744,0.9945068864742682
mistral,base,reader,pair_27,27,0.8709677419354839,1.2510964500500243,1.0098158281746736
mistral,base,reader,pair_27,28,0.9032258064516129,1.4241336450158113,1.1528885901646502
mistral,base,reader,pair_27,29,0.9354838709677419,1.4329370588761454,1.2914067375053842
mistral,base,reader,pair_27,30,0.967741935483871,1.3418927685046331,1.1058044222833652
mistral,base,reader,pair_27,31,1.0,1.443581118279579,1.0346125592407431
mistral,base,reader,pair_28,0,0.0,0.09681516214084421,0.0
mistral,base,reader,pair_28,1,0.03225806451612903,0.008634104740649863,0.033518452697972864
mistral,base,reader,pair_28,2,0.06451612903225806,0.0,0.0
mistral,base,reader,pair_28,3,0.0967741935483871,0.026048009976335145,0.0
mistral,base,reader,pair_28,4,0.12903225806451613,0.003079502898967203,0.0
mistral,base,reader,pair_28,5,0.16129032258064516,0.0479547938884587,0.04792517259465536
mistral,base,reader,pair_28,6,0.1935483870967742,0.0,0.05744159497261569
mistral,base,reader,pair_28,7,0.22580645161290322,0.057984089798518164,0.06243665670263535
mistral,base,reader,pair_28,8,0.25806451612903225,0.0,0.0
mistral,base,reader,pair_28,9,0.2903225806451613,0.0,0.0
mistral,base,reader,pair_28,10,0.3225806451612903,0.03306178064424078,0.0
mistral,base,reader,pair_28,11,0.3548387096774194,0.04643387468787468,0.0
mistral,base,reader,pair_28,12,0.3870967741935484,0.0,0.0
mistral,base,reader,pair_28,13,0.41935483870967744,0.042573764741292264,0.0
mistral,base,reader,pair_28,14,0.45161290322580644,0.08765754501010316,0.10840043311448777
mistral,base,reader,pair_28,15,0.4838709677419355,0.17257080225167334,0.23209085782431205
mistral,base,reader,pair_28,16,0.5161290322580645,0.20262691432772517,0.0691537257922969
mistral,base,reader,pair_28,17,0.5483870967741935,0.08530032155490107,0.2784731345997932
mistral,base,reader,pair_28,18,0.5806451612903226,0.1323118684840284,0.28896355927038603
mistral,base,reader,pair_28,19,0.6129032258064516,0.13384701178999303,0.3937973875486661
mistral,base,reader,pair_28,20,0.6451612903225806,0.3336110230708463,0.3509846613437958
mistral,base,reader,pair_28,21,0.6774193548387096,0.546573870671098,0.4386072577721434
mistral,base,reader,pair_28,22,0.7096774193548387,0.6177918562543298,0.7199757185790684
mistral,base,reader,pair_28,23,0.7419354838709677,0.7104416852848497,0.7171034959387206
mistral,base,reader,pair_28,24,0.7741935483870968,0.9418718784941223,0.9227002617815385
mistral,base,reader,pair_28,25,0.8064516129032258,0.987823599083417,0.8394719292158482
mistral,base,reader,pair_28,26,0.8387096774193549,1.0218692203265236,0.9037949925113744
mistral,base,reader,pair_28,27,0.8709677419354839,1.3405387873625858,0.8695672466057889
mistral,base,reader,pair_28,28,0.9032258064516129,1.2363745301990954,0.9457401733502186
mistral,base,reader,pair_28,29,0.9354838709677419,1.2738582698773047,1.1016700188888475
mistral,base,reader,pair_28,30,0.967741935483871,1.3885134356974322,1.0863424156840416
mistral,base,reader,pair_28,31,1.0,1.43228310672486,1.1573146420114448
mistral,base,reader,pair_29,0,0.0,0.0,0.009233072517449186
mistral,base,reader,pair_29,1,0.03225806451612903,0.0,0.0
mistral,base,reader,pair_29,2,0.06451612903225806,0.0,0.0
mistral,base,reader,pair_29,3,0.0967741935483871,0.0,0.0
mistral,base,reader,pair_29,4,0.12903225806451613,0.03449506940311608,0.0
mistral,base,reader,pair_29,5,0.16129032258064516,0.0,0.03063769041683742
mistral,base,reader,pair_29,6,0.1935483870967742,0.09819492244616204,0.0
mistral,base,reader,pair_29,7,0.22580645161290322,0.13986532481160055,0.0
mistral,base,reader,pair_29,8,0.25806451612903225,0.023040989738582807,0.0018170065256245312
mistral,base,reader,pair_29,9,0.2903225806451613,0.0672196837775491,0.05503927251566297
mistral,base,reader,pair_29,10,0.3225806451612903,0.08122675271022113,0.038450267033271215
mistral,base,reader,pair_29,11,0.3548387096774194,0.0853797563163795,0.11007441396926779
mistral,base,reader,pair_29,12,0.3870967741935484,0.0022798190293546114,0.014836015953274863
mistral,base,reader,pair_29,13,0.41935483870967744,0.0,0.1585078413906636
mistral,base,reader,pair_29,14,0.45161290322580644,0.062446146340495765,0.019493781122179976
mistral,base,reader,pair_29,15,0.4838709677419355,0.10324836392745385,0.2626054421368286
mistral,base,reader,pair_29,16,0.5161290322580645,0.13254958056975705,0.22216670772779343
mistral,base,reader,pair_29,17,0.5483870967741935,0.21022104935908487,0.2519011249570295
mistral,base,reader,pair_29,18,0.5806451612903226,0.26312667457714756,0.23344095446733817
mistral,base,reader,pair_29,19,0.6129032258064516,0.22825044698869018,0.2323066068282414
mistral,base,reader,pair_29,20,0.6451612903225806,0.3063879203407053,0.42458721643450503
mistral,base,reader,pair_29,21,0.6774193548387096,0.4073041742718462,0.509819044951567
mistral,base,reader,pair_29,22,0.7096774193548387,0.4354140716860623,0.6240754912727321
mistral,base,reader,pair_29,23,0.7419354838709677,0.7947466209483709,0.7957364991599346
mistral,base,reader,pair_29,24,0.7741935483870968,0.8508671137872941,0.8718032161934179
mistral,base,reader,pair_29,25,0.8064516129032258,0.9773240703691694,0.9413258220077444
mistral,base,reader,pair_29,26,0.8387096774193549,1.1497935842705043,0.9524858816781957
mistral,base,reader,pair_29,27,0.8709677419354839,1.0702483300378853,0.8435217796050044
mistral,base,reader,pair_29,28,0.9032258064516129,1.3386330592128457,0.9819548244326056
mistral,base,reader,pair_29,29,0.9354838709677419,1.4116072339327272,1.255581481888726
mistral,base,reader,pair_29,30,0.967741935483871,1.4596095606812842,1.1051077189055405
mistral,base,reader,pair_29,31,1.0,1.5070652125205477,1.269624702662918
mistral,base,reader,pair_30,0,0.0,0.0,0.09843597998053095
mistral,base,reader,pair_30,1,0.03225806451612903,0.021102597358530605,0.039929227569557836
mistral,base,reader,pair_30,2,0.06451612903225806,0.0,0.0
mistral,base,reader,pair_30,3,0.0967741935483871,0.0,0.0
mistral,base,reader,pair_30,4,0.12903225806451613,0.0,0.06391209127076904
mistral,base,reader,pair_30,5,0.16129032258064516,0.0,0.0
mistral,base,reader,pair_30,6,0.1935483870967742,0.02446710836208043,0.0
mistral,base,reader,pair_30,7,0.22580645161290322,0.0,0.10660715287073678
mistral,base,reader,pair_30,8,0.25806451612903225,0.0,0.1272726494664202
mistral,base,reader,pair_30,9,0.2903225806451613,0.0,0.0
mistral,base,reader,pair_30,10,0.3225806451612903,0.013633754851423874,0.03639262396626894
mistral,base,reader,pair_30,11,0.3548387096774194,0.1339440007165963,0.0
mistral,base,reader,pair_30,12,0.3870967741935484,0.03285792219632371,0.0
mistral,base,reader,pair_30,13,0.41935483870967744,0.05843044133827554,0.14641844500201384
mistral,base,reader,pair_30,14,0.45161290322580644,0.059334194810740704,0.030253380991007002
mistral,base,reader,pair_30,15,0.4838709677419355,0.08320995680774995,0.2402812595077305
mistral,base,reader,pair_30,16,0.5161290322580645,0.15598009954415348,0.11803671914117281
mistral,base,reader,pair_30,17,0.5483870967741935,0.019134409281932455,0.21861937950592225
mistral,base,reader,pair_30,18,0.5806451612903226,0.24063407281858415,0.29963670258185243
mistral,base,reader,pair_30,19,0.6129032258064516,0.17980691224399342,0.2852855348993303
mistral,base,reader,pair_30,20,0.6451612903225806,0.3869095086997587,0.43140834527379035
mistral,base,reader,pair_30,21,0.6774193548387096,0.3449164968269427,0.46985664118902937
mistral,base,reader,pair_30,22,0.7096774193548387,0.6137111608711006,0.6614440359984411
mistral,base,reader,pair_30,23,0.7419354838709677,0.6750586578011558,0.7631888783671201
mistral,base,reader,pair_30,24,0.7741935483870968,0.8319799793133966,0.7171101868359269
mistral,base,reader,pair_30,25,0.8064516129032258,1.0667935951917755,0.8695049384578745
mistral,base,reader,pair_30,26,0.8387096774193549,1.0792399637099155,1.1090486453548813
mistral,base,reader,pair_30,27,0.8709677419354839,1.3126826416396025,1.0423391922889496
mistral,base,reader,pair_30,28,0.9032258064516129,1.1832204322790514,1.1275419166202612
mistral,base,reader,pair_30,29,0.9354838709677419,1.3527362826031388,1.0513336666946584
mistral,base,reader,pair_30,30,0.967741935483871,1.2500083626547616,1.2668016427047701
mistral,base,reader,pair_30,31,1.0,1.3224444514351772,1.2569758305131578
mistral,base,reader,pair_31,0,0.0,0.010204091381841406,0.0
mistral,base,reader,pair_31,1,0.03225806451612903,0.04800511813115284,0.0
mistral,base,reader,pair_31,2,0.06451612903225806,0.0,0.0
mistral,base,reader,pair_31,3,0.0967741935483871,0.0,0.0
mistral,base,reader,pair_31,4,0.12903225806451613,0.006020648548816617,0.043663729446825304
mistral,base,reader,pair_31,5,0.16129032258064516,0.0818888319095829,0.0
mistral,base,reader,pair_31,6,0.1935483870967742,0.0,0.0
mistral,base,reader,pair_31,7,0.22580645161290322,0.1018159514759708,0.10788596857732578
mistral,base,reader,pair_31,8,0.25806451612903225,0.0,0.13470899104562042
mistral,base,reader,pair_31,9,0.2903225806451613,0.0,0.0
mistral,base,reader,pair_31,10,0.3225806451612903,0.0,0.023822090177546294
mistral,base,reader,pair_31,11,0.3548387096774194,0.03478945333987937,0.008752382701986076
mistral,base,reader,pair_31,12,0.3870967741935484,0.06079269673075825,0.08877151909266712
mistral,base,reader,pair_31,13,0.41935483870967744,0.1534028285699604,0.013028884899933951
mistral,base,reader,pair_31,14,0.45161290322580644,0.11402364898029635,0.09126536705409379
mistral,base,reader,pair_31,15,0.4838709677419355,0.12579795419915452,0.17441259921942254
mistral,base,reader,pair_31,16,0.5161290322580645,0.0,0.20424791845104
mistral,base,reader,pair_31,17,0.5483870967741935,0.019387951909088,0.2726802187037932
mistral,base,reader,pair_31,18,0.5806451612903226,0.20935963272495692,0.27269830409567847
mistral,base,reader,pair_31,19,0.6129032258064516,0.304847301013225,0.4012482059650745
mistral,base,reader,pair_31,20,0.6451612903225806,0.43736231355180594,0.3442541208928071
mistral,base,reader,pair_31,21,0.6774193548387096,0.5133793047817045,0.48908487689792957
mistral,base,reader,pair_31,22,0.7096774193548387,0.5800092990972502,0.612783269407026
mistral,base,reader,pair_31,23,0.7419354838709677,0.7120249348862517,0.7649078525492605
mistral,base,reader,pair_31,24,0.7741935483870968,0.8492969353301861,0.7100604385451373
mistral,base,reader,pair_31,25,0.8064516129032258,1.1665825547180542,0.9093261384767262
mistral,base,reader,pair_31,26,0.8387096774193549,1.103528297181466,1.0466338148315912
mistral,base,reader,pair_31,27,0.8709677419354839,1.1970389145880898,0.9785280790729181
mistral,base,reader,pair_31,28,0.9032258064516129,1.4419965871926483,1.0442335109049952
mistral,base,reader,pair_31,29,0.9354838709677419,1.4951625624618123,1.2819518654407078
mistral,base,reader,pair_31,30,0.967741935483871,1.3027442998738972,1.0060434131102338
mistral,base,reader,pair_31,31,1.0,1.4299387113540916,1.2382141221385579
mistral,base,reader,pair_32,0,0.0,0.0,0.0
mistral,base,reader,pair_32,1,0.03225806451612903,0.0,0.10961751956114574
mistral,base,reader,pair_32,2,0.06451612903225806,0.0,0.0
mistral,base,reader,pair_32,3,0.0967741935483871,0.0793070668453614,0.06500121505111052
mistral,base,reader,pair_32,4,0.12903225806451613,0.015491737085028986,0.0
mistral,base,reader,pair_32,5,0.16129032258064516,0.0,0.0
mistral,base,reader,pair_32,6,0.1935483870967742,0.0,0.10278152771079416
mistral,base,reader,pair_32,7,0.22580645161290322,0.044645671147172335,0.0
mistral,base,reader,pair_32,8,0.25806451612903225,0.0,0.0444095393391885
mistral,base,reader,pair_32,9,0.2903225806451613,0.053276856456333656,0.0
mistral,base,reader,pair_32,10,0.3225806451612903,0.0,0.0
mistral,base,reader,pair_32,11,0.3548387096774194,0.07696825707468745,0.08194085563435666
mistral,base,reader,pair_32,12,0.3870967741935484,0.059150149011645406,0.09909435716378961
mistral,base,reader,pair_32,13,0.41935483870967744,0.0,0.0788888936274578
mistral,base,reader,pair_32,14,0.45161290322580644,0.0,0.05530987289893755
mistral,base,reader,pair_32,15,0.4838709677419355,0.0,0.11776287976079519
mistral,base,reader,pair_32,16,0.5161290322580645,0.12495720770367655,0.22753995736267763
mistral,base,reader,pair_32,17,0.5483870967741935,0.03946200626978569,0.34677290445190007
mistral,base,reader,pair_32,18,0.5806451612903226,0.2798483068492487,0.2188509639722147
mistral,base,reader,pair_32,19,0.6129032258064516,0.19129768799194166,0.41718848435329436
mistral,base,reader,pair_32,20,0.6451612903225806,0.32695169258146944,0.4016937027268684
mistral,base,reader,pair_32,21,0.6774193548387096,0.39787998618426274,0.5148539025077906
mistral,base,reader,pair_32,22,0.7096774193548387,0.6728651331222638,0.5944579896939817
mistral,base,reader,pair_32,23,0.7419354838709677,0.7058553405504369,0.8048897386592224
mistral,base,reader,pair_32,24,0.7741935483870968,0.9744361928036434,0.7921612801481844
mistral,base,reader,pair_32,25,0.8064516129032258,0.948119750181274,0.9188321670604761
mistral,base,reader,pair_32,26,0.8387096774193549,1.168207983244417,0.8893343902981202
mistral,base,reader,pair_32,27,0.8709677419354839,1.4193287352422612,0.9691544038470905
mistral,base,reader,pair_32,28,0.9032258064516129,1.3686682970375543,1.0043524009900446
mistral,base,reader,pair_32,29,0.9354838709677419,1.428145736601386,1.2560186695493645
mistral,base,reader,pair_32,30,0.967741935483871,1.365881580751458,0.9865291867116646
mistral,base,reader,pair_32,31,1.0,1.4761839629058402,1.1500321098907196
mistral,base,reader,pair_33,0,0.0,0.0,0.13998909583378996
mistral,base,reader,pair_33,1,0.03225806451612903,0.0,0.0
mistral,base,reader,pair_33,2,0.06451612903225806,0.14800373192075558,0.02300622298122301
mistral,base,reader,pair_33,3,0.0967741935483871,0.04319373446416035,0.04420992403928116
mistral,base,reader,pair_33,4,0.12903225806451613,0.1722942218940646,0.02023644694412608
mistral,base,reader,pair_33,5,0.16129032258064516,0.0,0.0
mistral,base,reader,pair_33,6,0.1935483870967742,0.0,0.13578530500074448
mistral,base,reader,pair_33,7,0.22580645161290322,0.0,0.0
mistral,base,reader,pair_33,8,0.25806451612903225,0.12291274325809565,0.05998730303940077
mistral,base,reader,pair_33,9,0.2903225806451613,0.0,0.048000175105910585
mistral,base,reader,pair_33,10,0.3225806451612903,0.013047374816700173,0.06686434256816484
mistral,base,reader,pair_33,11,0.3548387096774194,0.02170335040690839,0.05920905726915933
mistral,base,reader,pair_33,12,0.3870967741935484,0.0,0.11568139624313155
mistral,base,reader,pair_33,13,0.41935483870967744,0.0715854151593184,0.11899642979375727
mistral,base,reader,pair_33,14,0.45161290322580644,0.09324867210561771,0.09106173334709818
mistral,base,reader,pair_33,15,0.4838709677419355,0.03678238257767853,0.0
mistral,base,reader,pair_33,16,0.5161290322580645,0.0974822942403668,0.0
mistral,base,reader,pair_33,17,0.5483870967741935,0.15267845928975746,0.2740381229713177
mistral,base,reader,pair_33,18,0.5806451612903226,0.22847077610962555,0.26442609007407253
mistral,base,reader,pair_33,19,0.6129032258064516,0.311667810910414,0.463634321573447
mistral,base,reader,pair_33,20,0.6451612903225806,0.31258890673447026,0.4312678957588337
mistral,base,reader,pair_33,21,0.6774193548387096,0.5450615763164284,0.5488507848983749
mistral,base,reader,pair_33,22,0.7096774193548387,0.7625224980211814,0.6096272663337743
mistral,base,reader,pair_33,23,0.7419354838709677,0.7427896261833341,0.6550522534660398
mistral,base,reader,pair_33,24,0.7741935483870968,0.881917155921231,0.7757259466858751
mistral,base,reader,pair_33,25,0.8064516129032258,0.8654232972220801,0.7391464274523136
mistral,base,reader,pair_33,26,0.8387096774193549,1.1460928107439559,0.8937020700278074
mistral,base,reader,pair_33,27,0.8709677419354839,1.2066366173425944,1.0106146541438963
mistral,base,reader,pair_33,28,0.9032258064516129,1.2593230016894075,1.196293228866736
mistral,base,reader,pair_33,29,0.9354838709677419,1.3354601986267234,1.0491803808962792
mistral,base,reader,pair_33,30,0.967741935483871,1.3182516249938614,1.1899987756619386
mistral,base,reader,pair_33,31,1.0,1.3954086059148165,1.2415378036918272
mistral,base,reader,pair_34,0,0.0,0.0425472781023771,0.0
mistral,base,reader,pair_34,1,0.03225806451612903,0.03545172712377463,0.04531600900141134
mistral,base,reader,pair_34,2,0.06451612903225806,0.0,0.021818219973282486
mistral,base,reader,pair_34,3,0.0967741935483871,0.029387810032024404,0.010045027263922267
mistral,base,reader,pair_34,4,0.12903225806451613,0.05057798401249701,0.0
mistral,base,reader,pair_34,5,0.16129032258064516,0.12884694913346972,0.21022495455082021
mistral,base,reader,pair_34,6,0.1935483870967742,0.0,0.0
mistral,base,reader,pair_34,7,0.22580645161290322,0.034718154002856334,0.04818045344688419
mistral,base,reader,pair_34,8,0.25806451612903225,0.018054832746818815,0.0
mistral,base,reader,pair_34,9,0.2903225806451613,0.03740128697579903,0.08967372150817712
mistral,base,reader,pair_34,10,0.3225806451612903,0.0,0.1756168255900813
mistral,base,reader,pair_34,11,0.3548387096774194,0.0,0.10144040576723393
mistral,base,reader,pair_34,12,0.3870967741935484,0.00999170865818574,0.0
mistral,base,reader,pair_34,13,0.41935483870967744,0.03042500188886454,0.06173451097881456
mistral,base,reader,pair_34,14,0.45161290322580644,0.25614988884593326,0.1826162079295073
mistral,base,reader,pair_34,15,0.4838709677419355,0.21530907094464086,0.2477741072588849
mistral,base,reader,pair_34,16,0.5161290322580645,0.0929218235434729,0.11899878590392879
mistral,base,reader,pair_34,17,0.5483870967741935,0.27124883779163406,0.1314099165084408
mistral,base,reader,pair_34,18,0.5806451612903226,0.18097313380149305,0.23576262908405607
mistral,base,reader,pair_34,19,0.6129032258064516,0.30309818819096696,0.5175903706537236
mistral,base,reader,pair_34,20,0.6451612903225806,0.3191176791515517,0.36052672228068927
mistral,base,reader,pair_34,21,0.6774193548387096,0.530302569225843,0.41013622042028164
mistral,base,reader,pair_34,22,0.7096774193548387,0.6037638742655647,0.5843591259219768
mistral,base,reader,pair_34,23,0.7419354838709677,0.75892462686427,0.7635445403289808
mistral,base,reader,pair_34,24,0.7741935483870968,0.7819030860736881,0.9674531723553462
mistral,base,reader,pair_34,25,0.8064516129032258,1.1106102561250215,0.8243823108203228
mistral,base,reader,pair_34,26,0.8387096774193549,1.0288624741090233,0.9318748801344511
mistral,base,reader,pair_34,27,0.8709677419354839,1.1143257119750405,0.9345063581221015
mistral,base,reader,pair_34,28,0.9032258064516129,1.3820778079514693,1.0672484448484945
mistral,base,reader,pair_34,29,0.9354838709677419,1.4177702633538118,1.2716810654110229
mistral,base,reader,pair_34,30,0.967741935483871,1.3919927732354567,1.0833275030959362
mistral,base,reader,pair_34,31,1.0,1.4298038101045571,1.22949489458975
mistral,base,reader,pair_35,0,0.0,0.02251935755803028,0.0
mistral,base,reader,pair_35,1,0.03225806451612903,0.0,0.0
mistral,base,reader,pair_35,2,0.06451612903225806,0.0,0.0
mistral,base,reader,pair_35,3,0.0967741935483871,0.044654619897675815,0.07169482495462974
mistral,base,reader,pair_35,4,0.12903225806451613,0.0,0.0
mistral,base,reader,pair_35,5,0.16129032258064516,0.013490322370643975,0.009423893602900763
mistral,base,reader,pair_35,6,0.1935483870967742,0.0,0.0
mistral,base,reader,pair_35,7,0.22580645161290322,0.0,0.0
mistral,base,reader,pair_35,8,0.25806451612903225,0.0,0.015524005400975911
mistral,base,reader,pair_35,9,0.2903225806451613,0.014538680069232791,0.07238336626213035
mistral,base,reader,pair_35,10,0.3225806451612903,0.1026900859349785,0.00020888126478175312
mistral,base,reader,pair_35,11,0.3548387096774194,0.0484608755206371,0.09487585740256242
mistral,base,reader,pair_35,12,0.3870967741935484,0.0,0.05226710794161732
mistral,base,reader,pair_35,13,0.41935483870967744,0.0037875477004936514,0.0911247160619172
mistral,base,reader,pair_35,14,0.45161290322580644,0.20245543020429407,0.07273601784667881
mistral,base,reader,pair_35,15,0.4838709677419355,0.12245457939242287,0.204713744288179
mistral,base,reader,pair_35,16,0.5161290322580645,0.13187512762213033,0.21184140285218372
mistral,base,reader,pair_35,17,0.5483870967741935,0.03361131293289564,0.2078833688212392
mistral,base,reader,pair_35,18,0.5806451612903226,0.17819232613646524,0.2679125338996657
mistral,base,reader,pair_35,19,0.6129032258064516,0.18797892721156773,0.40793502516977137
mistral,base,reader,pair_35,20,0.6451612903225806,0.3309708288290962,0.3326837255156963
mistral,base,reader,pair_35,21,0.6774193548387096,0.39516711370267926,0.41840856277120564
mistral,base,reader,pair_35,22,0.7096774193548387,0.456112250509859,0.6855008873113678
mistral,base,reader,pair_35,23,0.7419354838709677,0.7516818926199843,0.8550789695877614
mistral,base,reader,pair_35,24,0.7741935483870968,0.7598464022834207,0.8559304154039281
mistral,base,reader,pair_35,25,0.8064516129032258,1.0359539080873112,0.9385150067296506
mistral,base,reader,pair_35,26,0.8387096774193549,1.1715049400164101,1.0060661603302976
mistral,base,reader,pair_35,27,0.8709677419354839,1.2206729563319616,0.9566782737244202
mistral,base,reader,pair_35,28,0.9032258064516129,1.3760558874695834,0.8615177285307355
mistral,base,reader,pair_35,29,0.9354838709677419,1.2748760505145504,1.1044326938871156
mistral,base,reader,pair_35,30,0.967741935483871,1.3153742513458595,1.144123661241237
mistral,base,reader,pair_35,31,1.0,1.3539490595948378,1.2553878746708846
mistral,base,reader,pair_36,0,0.0,0.0,0.0
mistral,base,reader,pair_36,1,0.03225806451612903,0.0,0.032312076825888214
mistral,base,reader,pair_36,2,0.06451612903225806,0.0,0.0
mistral,base,reader,pair_36,3,0.0967741935483871,0.0,0.0
mistral,base,reader,pair_36,4,0.12903225806451613,0.0,0.0
mistral,base,reader,pair_36,5,0.16129032258064516,0.0,0.05429679933133708
mistral,base,reader,pair_36,6,0.1935483870967742,0.08199535913556731,0.0
mistral,base,reader,pair_36,7,0.22580645161290322,0.14777022943966625,0.015630094845201038
mistral,base,reader,pair_36,8,0.25806451612903225,0.02494642578680491,0.0
mistral,base,reader,pair_36,9,0.2903225806451613,0.0,0.16497378117808112
mistral,base,reader,pair_36,10,0.3225806451612903,0.02763440707676071,0.12349217531440153
mistral,base,reader,pair_36,11,0.3548387096774194,0.06445816362940253,0.0
mistral,base,reader,pair_36,12,0.3870967741935484,0.009301766600848384,0.05530031075222581
mistral,base,reader,pair_36,13,0.41935483870967744,0.027792234224253722,0.05842782208010548
mistral,base,reader,pair_36,14,0.45161290322580644,0.09853183049640792,0.021792607304663064
mistral,base,reader,pair_36,15,0.4838709677419355,0.0,0.0848217161124008
mistral,base,reader,pair_36,16,0.5161290322580645,0.10721723689240886,0.11248354309289657
mistral,base,reader,pair_36,17,0.5483870967741935,0.10266501404998729,0.28567925437430086
mistral,base,reader,pair_36,18,0.5806451612903226,0.2232755630239475,0.23791671109202217
mistral,base,reader,pair_36,19,0.6129032258064516,0.02076744992025692,0.25414025460908646
mistral,base,reader,pair_36,20,0.6451612903225806,0.32415961812982746,0.479416849132379
mistral,base,reader,pair_36,21,0.6774193548387096,0.36605300553942827,0.5690532303695054
mistral,base,reader,pair_36,22,0.7096774193548387,0.5356515122215422,0.6627853224886808
mistral,base,reader,pair_36,23,0.7419354838709677,0.6097739624340095,0.7040946764065921
mistral,base,reader,pair_36,24,0.7741935483870968,0.8400670104738426,0.8461811251556967
mistral,base,reader,pair_36,25,0.8064516129032258,0.9357771376280443,0.9060932658881409
mistral,base,reader,pair_36,26,0.8387096774193549,1.0188402556279423,0.9246839024968231
mistral,base,reader,pair_36,27,0.8709677419354839,1.021834932910062,0.9603398823379913
mistral,base,reader,pair_36,28,0.9032258064516129,1.2048005400949036,1.0970078840669473
mistral,base,reader,pair_36,29,0.9354838709677419,1.2942629286531602,1.1222048841521701
mistral,base,reader,pair_36,30,0.967741935483871,1.4199570495614655,1.0931037613204624
mistral,base,reader,pair_36,31,1.0,1.445126805459546,1.3143773085737194
mistral,base,reader,pair_37,0,0.0,0.0,0.0
mistral,base,reader,pair_37,1,0.03225806451612903,0.0,0.022897230314586587
mistral,base,reader,pair_37,2,0.06451612903225806,0.038796236627890925,0.0
mistral,base,reader,pair_37,3,0.0967741935483871,0.0,0.0
mistral,base,reader,pair_37,4,0.12903225806451613,0.0,0.04551909780972632
mistral,base,reader,pair_37,5,0.16129032258064516,0.012393480988218184,0.03995722189765444
mistral,base,reader,pair_37,6,0.1935483870967742,0.07894104776890569,0.06218562425645397
mistral,base,reader,pair_37,7,0.22580645161290322,0.08909122924821844,0.01164550235648391
mistral,base,reader,pair_37,8,0.25806451612903225,0.0,0.06068682193985641
mistral,base,reader,pair_37,9,0.2903225806451613,0.0,0.11596063415220094
mistral,base,reader,pair_37,10,0.3225806451612903,0.0,0.05794745448143698
mistral,base,reader,pair_37,11,0.3548387096774194,0.0,0.038755633344395184
mistral,base,reader,pair_37,12,0.3870967741935484,0.08466114828415632,0.0
mistral,base,reader,pair_37,13,0.41935483870967744,0.0,0.05394940502808039
mistral,base,reader,pair_37,14,0.45161290322580644,0.0,0.20447131311318947
mistral,base,reader,pair_37,15,0.4838709677419355,0.03907234949762109,0.11499582875589331
mistral,base,reader,pair_37,16,0.5161290322580645,0.08014854487131647,0.0909140643199927
mistral,base,reader,pair_37,17,0.5483870967741935,0.046748290701520465,0.3845520231717807
mistral,base,reader,pair_37,18,0.5806451612903226,0.31801242219509185,0.2428944068285571
mistral,base,reader,pair_37,19,0.6129032258064516,0.24249888591609645,0.4022734660185534
mistral,base,reader,pair_37,20,0.6451612903225806,0.29470474581628175,0.3560350492495511
mistral,base,reader,pair_37,21,0.6774193548387096,0.44460904141818036,0.5686292746112669
mistral,base,reader,pair_37,22,0.7096774193548387,0.6722989288532911,0.7496638121860675
mistral,base,reader,pair_37,23,0.7419354838709677,0.7357734747856668,0.7764403326140104
mistral,base,reader,pair_37,24,0.7741935483870968,0.8656038775238606,0.9332842531279932
mistral,base,reader,pair_37,25,0.8064516129032258,0.9143947257785481,0.9880232646259841
mistral,base,reader,pair_37,26,0.8387096774193549,1.0177676392835755,0.9896535222852696
mistral,base,reader,pair_37,27,0.8709677419354839,1.2919149532184018,1.0156559051958856
mistral,base,reader,pair_37,28,0.9032258064516129,1.2717619903133675,1.1258553833094347
mistral,base,reader,pair_37,29,0.9354838709677419,1.3531088664118924,1.0268009325577057
mistral,base,reader,pair_37,30,0.967741935483871,1.322661803084177,1.06482186976631
mistral,base,reader,pair_37,31,1.0,1.4647918499466432,1.0539776039671886
mistral,base,reader,pair_38,0,0.0,0.04701292289777647,0.0
mistral,base,reader,pair_38,1,0.03225806451612903,0.02167586876080565,0.0
mistral,base,reader,pair_38,2,0.06451612903225806,0.0,0.005250139278552349
mistral,base,reader,pair_38,3,0.0967741935483871,0.0,0.0377241477753828
mistral,base,reader,pair_38,4,0.12903225806451613,0.0,0.0
mistral,base,reader,pair_38,5,0.16129032258064516,0.0,0.0
mistral,base,reader,pair_38,6,0.1935483870967742,0.06671167368752165,0.014482940617238732
mistral,base,reader,pair_38,7,0.22580645161290322,0.0,0.0
mistral,base,reader,pair_38,8,0.25806451612903225,0.08158374831322526,0.0
mistral,base,reader,pair_38,9,0.2903225806451613,0.04358629436324095,0.07869272974909403
mistral,base,reader,pair_38,10,0.3225806451612903,0.0,0.004814699605730506
mistral,base,reader,pair_38,11,0.3548387096774194,0.0,0.10106829777421686
mistral,base,reader,pair_38,12,0.3870967741935484,0.0,0.0
mistral,base,reader,pair_38,13,0.41935483870967744,0.03154552492190465,0.05614748029196752
mistral,base,reader,pair_38,14,0.45161290322580644,0.06521238749702557,0.0
mistral,base,reader,pair_38,15,0.4838709677419355,0.2062953762707005,0.15137003396677193
mistral,base,reader,pair_38,16,0.5161290322580645,0.012736620911349167,0.2803946865169632
mistral,base,reader,pair_38,17,0.5483870967741935,0.1290340601545997,0.15009191596029464
mistral,base,reader,pair_38,18,0.5806451612903226,0.1442476502575014,0.31388863463507594
mistral,base,reader,pair_38,19,0.6129032258064516,0.28241383050935265,0.39657754860445604
mistral,base,reader,pair_38,20,0.6451612903225806,0.3562687181783718,0.5029594386985595
mistral,base,reader,pair_38,21,0.6774193548387096,0.4339790879272495,0.5089885117756914
mistral,base,reader,pair_38,22,0.7096774193548387,0.5642686150981254,0.7174396725982598
mistral,base,reader,pair_38,23,0.7419354838709677,0.7329645454555994,0.5892099884995557
mistral,base,reader,pair_38,24,0.7741935483870968,0.7677992954519227,0.7320153526945039
mistral,base,reader,pair_38,25,0.8064516129032258,1.0004298726453835,1.0192714332531887
mistral,base,reader,pair_38,26,0.8387096774193549,0.9871107723143162,0.8256945793430516
mistral,base,reader,pair_38,27,0.8709677419354839,1.0867095404995433,1.0058493846965326
mistral,base,reader,pair_38,28,0.9032258064516129,1.2425726833147979,1.1217966325807358
mistral,base,reader,pair_38,29,0.9354838709677419,1.2048495827110821,1.122695140872379
mistral,base,reader,pair_38,30,0.967741935483871,1.3457444172258277,1.206736488737049
mistral,base,reader,pair_38,31,1.0,1.430785349914025,1.083890843369684
mistral,base,reader,pair_39,0,0.0,0.0,0.0920233669328724
mistral,base,reader,pair_39,1,0.03225806451612903,0.0,0.0
mistral,base,reader,pair_39,2,0.06451612903225806,0.0,0.007617929194297502
mistral,base,reader,pair_39,3,0.0967741935483871,0.014747705421514889,0.0
mistral,base,reader,pair_39,4,0.12903225806451613,0.0,0.0
mistral,base,reader,pair_39,5,0.16129032258064516,0.08962700000285458,0.0
mistral,base,reader,pair_39,6,0.1935483870967742,0.0,0.0
mistral,base,reader,pair_39,7,0.22580645161290322,0.0,0.07135392584706793
mistral,base,reader,pair_39,8,0.25806451612903225,0.0009700561639907047,0.006788385298492128
mistral,base,reader,pair_39,9,0.2903225806451613,0.08688027115513534,0.0785219290338884
mistral,base,reader,pair_39,10,0.3225806451612903,0.022420791505061873,0.17983890231177263
mistral,base,reader,pair_39,11,0.3548387096774194,0.0,0.13444774075759222
mistral,base,reader,pair_39,12,0.3870967741935484,0.07347601554463506,0.0
mistral,base,reader,pair_39,13,0.41935483870967744,0.12128719921031841,0.16145490473359997
mistral,base,reader,pair_39,14,0.45161290322580644,0.026046720414154474,0.026420021694485915
mistral,base,reader,pair_39,15,0.4838709677419355,0.01269485400556749,0.2295183549207948
mistral,base,reader,pair_39,16,0.5161290322580645,0.1230073218300081,0.07902082089382095
mistral,base,reader,pair_39,17,0.5483870967741935,0.23800034708434414,0.29095201427777306
mistral,base,reader,pair_39,18,0.5806451612903226,0.07789800254598465,0.3009803138295305
mistral,base,reader,pair_39,19,0.6129032258064516,0.24288115439178118,0.36198227886216605
mistral,base,reader,pair_39,20,0.6451612903225806,0.38634759559959464,0.47469315666460693
mistral,base,reader,pair_39,21,0.6774193548387096,0.5154342095654243,0.5197381758216645
mistral,base,reader,pair_39,22,0.7096774193548387,0.5460711171208961,0.6191127582463974
mistral,base,reader,pair_39,23,0.7419354838709677,0.4860300918217147,0.7041444183665557
mistral,base,reader,pair_39,24,0.7741935483870968,0.9589991749441975,0.7586360595832385
mistral,base,reader,pair_39,25,0.8064516129032258,0.8878655800749796,0.9297736581676403
mistral,base,reader,pair_39,26,0.8387096774193549,1.3095403745451666,0.9229873321440831
mistral,base,reader,pair_39,27,0.8709677419354839,1.2511290478882058,0.9781432767817614
mistral,base,reader,pair_39,28,0.9032258064516129,1.1935326350435609,1.024809055014075
mistral,base,reader,pair_39,29,0.9354838709677419,1.319190967571065,1.0678925769332048
mistral,base,reader,pair_39,30,0.967741935483871,1.305162779117835,1.0166643440412517
mistral,base,reader,pair_39,31,1.0,1.3117556883820929,1.1361303564251115
mistral,base,reader,pair_40,0,0.0,0.0,0.07724305181174831
mistral,base,reader,pair_40,1,0.03225806451612903,0.06934427288395496,0.0
mistral,base,reader,pair_40,2,0.06451612903225806,0.0,0.0
mistral,base,reader,pair_40,3,0.0967741935483871,0.0,0.0
mistral,base,reader,pair_40,4,0.12903225806451613,0.0,0.0
mistral,base,reader,pair_40,5,0.16129032258064516,0.05795826014959109,0.0
mistral,base,reader,pair_40,6,0.1935483870967742,0.0,0.04497332015391183
mistral,base,reader,pair_40,7,0.22580645161290322,0.04595740711020421,0.11568281639336371
mistral,base,reader,pair_40,8,0.25806451612903225,0.0,0.022496125134566582
mistral,base,reader,pair_40,9,0.2903225806451613,0.0,0.0
mistral,base,reader,pair_40,10,0.3225806451612903,0.08231137636195315,0.05755096841663308
mistral,base,reader,pair_40,11,0.3548387096774194,0.0,0.035982137062554174
mistral,base,reader,pair_40,12,0.3870967741935484,0.06386971737057885,0.03279780323003974
mistral,base,reader,pair_40,13,0.41935483870967744,0.018716712814096773,0.2472643180980909
mistral,base,reader,pair_40,14,0.45161290322580644,0.0,0.04030635682326913
mistral,base,reader,pair_40,15,0.4838709677419355,0.17230003179814657,0.13123035451658713
mistral,base,reader,pair_40,16,0.5161290322580645,0.07189755234828002,0.06405463314899736
mistral,base,reader,pair_40,17,0.5483870967741935,0.14594548098166815,0.256848875399265
mistral,base,reader,pair_40,18,0.5806451612903226,0.26146182915317007,0.38069203814891034
mistral,base,reader,pair_40,19,0.6129032258064516,0.2687539430602098,0.30168521579578433
mistral,base,reader,pair_40,20,0.6451612903225806,0.23634659375241787,0.5574808307155826
mistral,base,reader,pair_40,21,0.6774193548387096,0.39665075422988477,0.6253005573901289
mistral,base,reader,pair_40,22,0.7096774193548387,0.6299661869708814,0.609354127857969
mistral,base,reader,pair_40,23,0.7419354838709677,0.8252772154316861,0.7203554893419364
mistral,base,reader,pair_40,24,0.7741935483870968,0.9598542415772627,0.7950670337921635
mistral,base,reader,pair_40,25,0.8064516129032258,0.9712681558582722,0.8853188468934104
mistral,base,reader,pair_40,26,0.8387096774193549,1.2813996239180407,0.9936405286460502
mistral,base,reader,pair_40,27,0.8709677419354839,1.2146958328867647,0.8906231944637388
mistral,base,reader,pair_40,28,0.9032258064516129,1.2391561277827192,0.9606688453628197
mistral,base,reader,pair_40,29,0.9354838709677419,1.1915074087060293,1.0281826420133116
mistral,base,reader,pair_40,30,0.967741935483871,1.551994487059262,1.2138583036181045
mistral,base,reader,pair_40,31,1.0,1.5084826527783814,1.1063587223786369
mistral,base,reader,pair_41,0,0.0,0.0,0.0
mistral,base,reader,pair_41,1,0.03225806451612903,0.06971739451967654,0.0
mistral,base,reader,pair_41,2,0.06451612903225806,0.0,0.05421750508252508
mistral,base,reader,pair_41,3,0.0967741935483871,0.0,0.08166383644465779
mistral,base,reader,pair_41,4,0.12903225806451613,0.0,0.0
mistral,base,reader,pair_41,5,0.16129032258064516,0.07920626741133549,0.030701014416501606
mistral,base,reader,pair_41,6,0.1935483870967742,0.01656536997819681,0.0
mistral,base,reader,pair_41,7,0.22580645161290322,0.06369277839168397,0.11733148783958243
mistral,base,reader,pair_41,8,0.25806451612903225,0.0,0.0
mistral,base,reader,pair_41,9,0.2903225806451613,0.14465990704417445,0.0
mistral,base,reader,pair_41,10,0.3225806451612903,0.0,0.06726708391088498
mistral,base,reader,pair_41,11,0.3548387096774194,0.0,0.09481816824891331
mistral,base,reader,pair_41,12,0.3870967741935484,0.0,0.027690841407174763
mistral,base,reader,pair_41,13,0.41935483870967744,0.0,0.009810055274525206
mistral,base,reader,pair_41,14,0.45161290322580644,0.044019564268454534,0.2060284908725855
mistral,base,reader,pair_41,15,0.4838709677419355,0.0,0.15372163685928938
mistral,base,reader,pair_41,16,0.5161290322580645,0.03732945006379186,0.15234083558812458
mistral,base,reader,pair_41,17,0.5483870967741935,0.18821583433237177,0.21636036408137865
mistral,base,reader,pair_41,18,0.5806451612903226,0.30055141968829735,0.15760848790841786
mistral,base,reader,pair_41,19,0.6129032258064516,0.0988805780224612,0.3283889116844187
mistral,base,reader,pair_41,20,0.6451612903225806,0.348653811088392,0.5196440744863573
mistral,base,reader,pair_41,21,0.6774193548387096,0.3857772087693926,0.5253933661934873
mistral,base,reader,pair_41,22,0.7096774193548387,0.49268165932489033,0.7017634361978489
mistral,base,reader,pair_41,23,0.7419354838709677,0.7855710052847653,0.7425574109632989
mistral,base,reader,pair_41,24,0.7741935483870968,0.8485449704025104,0.806159145095526
mistral,base,reader,pair_41,25,0.8064516129032258,0.9100805276191111,0.7624840512982587
mistral,base,reader,pair_41,26,0.8387096774193549,1.178493454914792,0.9930195109907217
mistral,base,reader,pair_41,27,0.8709677419354839,1.23901633220086,0.9591497540893107
mistral,base,reader,pair_41,28,0.9032258064516129,1.1998798607672014,1.1196829062062372
mistral,base,reader,pair_41,29,0.9354838709677419,1.3721154032848213,1.0724031188442626
mistral,base,reader,pair_41,30,0.967741935483871,1.490108312607249,1.2513657422164077
mistral,base,reader,pair_41,31,1.0,1.5543957234510968,1.1016832507975471
mistral,base,reader,pair_42,0,0.0,0.040746175648108576,0.07092297423464533
mistral,base,reader,pair_42,1,0.03225806451612903,0.0,0.20435100158476327
mistral,base,reader,pair_42,2,0.06451612903225806,0.0,0.06794408760562165
mistral,base,reader,pair_42,3,0.0967741935483871,0.054175676352017164,0.0966203712338624
mistral,base,reader,pair_42,4,0.12903225806451613,0.0,0.0
mistral,base,reader,pair_42,5,0.16129032258064516,0.0018460696246571867,0.019807711276499215
mistral,base,reader,pair_42,6,0.1935483870967742,0.0,0.10916310101108487
mistral,base,reader,pair_42,7,0.22580645161290322,0.0,0.05632319972419192
mistral,base,reader,pair_42,8,0.25806451612903225,0.09301293333088137,0.0
mistral,base,reader,pair_42,9,0.2903225806451613,0.0,0.0066282713588606615
mistral,base,reader,pair_42,10,0.3225806451612903,0.0,0.0
mistral,base,reader,pair_42,11,0.3548387096774194,0.0,0.2690876243174206
mistral,base,reader,pair_42,12,0.3870967741935484,0.0075467245048592615,0.0008891041177333733
mistral,base,reader,pair_42,13,0.41935483870967744,0.0,0.1100317271168344
mistral,base,reader,pair_42,14,0.45161290322580644,0.04610708497366149,0.0
mistral,base,reader,pair_42,15,0.4838709677419355,0.018055151751061427,0.15324092996044544
mistral,base,reader,pair_42,16,0.5161290322580645,0.04569391787758293,0.2280353368689547
mistral,base,reader,pair_42,17,0.5483870967741935,0.14762250375616282,0.2917399923275735
mistral,base,reader,pair_42,18,0.5806451612903226,0.23483754415548214,0.31437869016101566
mistral,base,reader,pair_42,19,0.6129032258064516,0.3669826533236209,0.24042187123796133
mistral,base,reader,pair_42,20,0.6451612903225806,0.2051847517990284,0.3705218066846111
mistral,base,reader,pair_42,21,0.6774193548387096,0.4113678698848173,0.5130061299062929
mistral,base,reader,pair_42,22,0.7096774193548387,0.423365398638998,0.7339099253072647
mistral,base,reader,pair_42,23,0.7419354838709677,0.7110056698146883,0.7359876151222523
mistral,base,reader,pair_42,24,0.7741935483870968,0.7643009868290037,0.7884463486846616
mistral,base,reader,pair_42,25,0.8064516129032258,0.9579930049866173,0.9100478762903746
mistral,base,reader,pair_42,26,0.8387096774193549,1.1980919127545662,0.9622338714439869
mistral,base,reader,pair_42,27,0.8709677419354839,1.1484944874988758,1.0389757176502845
mistral,base,reader,pair_42,28,0.9032258064516129,1.3016852820385734,0.9861650983323205
mistral,base,reader,pair_42,29,0.9354838709677419,1.3495531465467523,0.9519315570185936
mistral,base,reader,pair_42,30,0.967741935483871,1.3952139344395167,0.8849150500369038
mistral,base,reader,pair_42,31,1.0,1.3897689539592244,1.2017999684331089
mistral,base,reader,pair_43,0,0.0,0.0,0.011629091772941682
mistral,base,reader,pair_43,1,0.03225806451612903,0.014052045014559584,0.0
mistral,base,reader,pair_43,2,0.06451612903225806,0.0,0.0
mistral,base,reader,pair_43,3,0.0967741935483871,0.0,0.031198307425563083
mistral,base,reader,pair_43,4,0.12903225806451613,0.07590057128558972,0.0
mistral,base,reader,pair_43,5,0.16129032258064516,0.0,0.0
mistral,base,reader,pair_43,6,0.1935483870967742,0.11087341582822484,0.0
mistral,base,reader,pair_43,7,0.22580645161290322,0.08044607438378058,0.0
mistral,base,reader,pair_43,8,0.25806451612903225,0.0,0.0
mistral,base,reader,pair_43,9,0.2903225806451613,0.0,0.0
mistral,base,reader,pair_43,10,0.3225806451612903,0.0,0.0
mistral,base,reader,pair_43,11,0.3548387096774194,0.003854235290346366,0.0
mistral,base,reader,pair_43,12,0.3870967741935484,0.0,0.021737065060226116
mistral,base,reader,pair_43,13,0.41935483870967744,0.0,0.0
mistral,base,reader,pair_43,14,0.45161290322580644,0.04879890822948698,0.0
mistral,base,reader,pair_43,15,0.4838709677419355,0.21777760443462701,0.22604087356365624
mistral,base,reader,pair_43,16,0.5161290322580645,0.2280438707480158,0.15924779809745385
mistral,base,reader,pair_43,17,0.5483870967741935,0.0,0.35778177692147023
mistral,base,reader,pair_43,18,0.5806451612903226,0.18704684235614497,0.42160390222629796
mistral,base,reader,pair_43,19,0.6129032258064516,0.3398755440556587,0.3807556429762187
mistral,base,reader,pair_43,20,0.6451612903225806,0.2481136958655757,0.36624779488690923
mistral,base,reader,pair_43,21,0.6774193548387096,0.4224588583843469,0.5359737258645924
mistral,base,reader,pair_43,22,0.7096774193548387,0.5597297680311689,0.6507013014716458
mistral,base,reader,pair_43,23,0.7419354838709677,0.8286728043960215,0.870380901580033
mistral,base,reader,pair_43,24,0.7741935483870968,0.7252058448084497,0.8507019984745636
mistral,base,reader,pair_43,25,0.8064516129032258,1.072845868996878,0.9035486911956465
mistral,base,reader,pair_43,26,0.8387096774193549,1.1569036424377852,0.9062050258893243
mistral,base,reader,pair_43,27,0.8709677419354839,1.2226221643368151,1.0047701260118944
mistral,base,reader,pair_43,28,0.9032258064516129,1.2380714591802038,1.0212112396537874
mistral,base,reader,pair_43,29,0.9354838709677419,1.388249789558027,1.0691571357251675
mistral,base,reader,pair_43,30,0.967741935483871,1.3923439329204361,1.1060363902899575
mistral,base,reader,pair_43,31,1.0,1.3920611867900194,1.0545434938467058
mistral,base,reader,pair_44,0,0.0,0.0,0.014545160760491378
mistral,base,reader,pair_44,1,0.03225806451612903,0.0,0.0
mistral,base,reader,pair_44,2,0.06451612903225806,0.0,0.034429684274165144
mistral,base,reader,pair_44,3,0.0967741935483871,0.04140331228318567,0.0
mistral,base,reader,pair_44,4,0.12903225806451613,0.04490266961056449,0.0
mistral,base,reader,pair_44,5,0.16129032258064516,0.0,0.07449787813873253
mistral,base,reader,pair_44,6,0.1935483870967742,0.0,0.08033554210319244
mistral,base,reader,pair_44,7,0.22580645161290322,0.012634867059526877,0.16117109324045514
mistral,base,reader,pair_44,8,0.25806451612903225,0.13161513376738315,0.04489641909644557
mistral,base,reader,pair_44,9,0.2903225806451613,0.0,0.12294131295790309
mistral,base,reader,pair_44,10,0.3225806451612903,0.038447647548924914,0.08857750210199795
mistral,base,reader,pair_44,11,0.3548387096774194,0.05446880643702339,0.059696977534469335
mistral,base,reader,pair_44,12,0.3870967741935484,0.0,0.12410901027019676
mistral,base,reader,pair_44,13,0.41935483870967744,0.0,0.18383731563454292
mistral,base,reader,pair_44,14,0.45161290322580644,0.0,0.10276199632104802
mistral,base,reader,pair_44,15,0.4838709677419355,0.1823092123923931,0.15763698963891606
mistral,base,reader,pair_44,16,0.5161290322580645,0.019576469596192456,0.24348584780554922
mistral,base,reader,pair_44,17,0.5483870967741935,0.11780264768416955,0.27494507486150094
mistral,base,reader,pair_44,18,0.5806451612903226,0.1399379001668838,0.3028349171359559
mistral,base,reader,pair_44,19,0.6129032258064516,0.36766272381292114,0.3538613789410237
mistral,base,reader,pair_44,20,0.6451612903225806,0.512666144615594,0.5449544501673207
mistral,base,reader,pair_44,21,0.6774193548387096,0.49204381773746686,0.541034970095132
mistral,base,reader,pair_44,22,0.7096774193548387,0.5276782551112856,0.683650318992081
mistral,base,reader,pair_44,23,0.7419354838709677,0.7166972841640866,0.7519222741412801
mistral,base,reader,pair_44,24,0.7741935483870968,0.9533761709997091,0.7787132905421329
mistral,base,reader,pair_44,25,0.8064516129032258,1.0411499376224957,0.7307167731337953
mistral,base,reader,pair_44,26,0.8387096774193549,1.217826546678943,0.8585502172965662
mistral,base,reader,pair_44,27,0.8709677419354839,1.207962652008106,1.042413685139946
mistral,base,reader,pair_44,28,0.9032258064516129,1.3237698359858934,1.0971007584407124
mistral,base,reader,pair_44,29,0.9354838709677419,1.3963286013510712,1.2618532681821124
mistral,base,reader,pair_44,30,0.967741935483871,1.5047013281194954,1.1776769982334108
mistral,base,reader,pair_44,31,1.0,1.279431782812208,1.1005671982513106
mistral,base,reader,pair_45,0,0.0,0.1307394408326274,0.0
mistral,base,reader,pair_45,1,0.03225806451612903,0.0,0.0
mistral,base,reader,pair_45,2,0.06451612903225806,0.1678543896489302,0.0
mistral,base,reader,pair_45,3,0.0967741935483871,0.007620707504813136,0.0
mistral,base,reader,pair_45,4,0.12903225806451613,0.0,0.006715515444220369
mistral,base,reader,pair_45,5,0.16129032258064516,0.0,0.0
mistral,base,reader,pair_45,6,0.1935483870967742,0.0,0.0
mistral,base,reader,pair_45,7,0.22580645161290322,0.0,0.0
mistral,base,reader,pair_45,8,0.25806451612903225,0.0,0.02563460916804515
mistral,base,reader,pair_45,9,0.2903225806451613,0.0,0.0863936096389452
mistral,base,reader,pair_45,10,0.3225806451612903,0.0,0.11501693992091912
mistral,base,reader,pair_45,11,0.3548387096774194,0.02830883187039855,0.0
mistral,base,reader,pair_45,12,0.3870967741935484,0.11974986008134897,0.06536194107589734
mistral,base,reader,pair_45,13,0.41935483870967744,0.1439086124298714,0.19097729637370248
mistral,base,reader,pair_45,14,0.45161290322580644,0.0,0.144508524114988
mistral,base,reader,pair_45,15,0.4838709677419355,0.005179185787747301,0.0783014184038038
mistral,base,reader,pair_45,16,0.5161290322580645,0.019262319331033048,0.31050665084985246
mistral,base,reader,pair_45,17,0.5483870967741935,0.24387070384991663,0.3350862428187974
mistral,base,reader,pair_45,18,0.5806451612903226,0.07245331908983259,0.3281836769348094
mistral,base,reader,pair_45,19,0.6129032258064516,0.21479744821185884,0.3041913876470625
mistral,base,reader,pair_45,20,0.6451612903225806,0.32278685930570594,0.4583957748321299
mistral,base,reader,pair_45,21,0.6774193548387096,0.45313342562063696,0.45049908781342274
mistral,base,reader,pair_45,22,0.7096774193548387,0.5482258411319763,0.689046274069969
mistral,base,reader,pair_45,23,0.7419354838709677,0.8359136255586461,0.7679917860275054
mistral,base,reader,pair_45,24,0.7741935483870968,0.8193058694202516,0.9611115043722831
mistral,base,reader,pair_45,25,0.8064516129032258,1.067644662796499,0.8751373100426176
mistral,base,reader,pair_45,26,0.8387096774193549,1.0103906044078628,0.8052549048982149
mistral,base,reader,pair_45,27,0.8709677419354839,1.3495416535570541,1.0950935785263056
mistral,base,reader,pair_45,28,0.9032258064516129,1.271573095523633,1.0922121092732933
mistral,base,reader,pair_45,29,0.9354838709677419,1.2685044204101794,1.1884404748081885
mistral,base,reader,pair_45,30,0.967741935483871,1.3270186874630905,1.0466102625095322
mistral,base,reader,pair_45,31,1.0,1.5318558445720527,1.0790927397213699
mistral,base,reader,pair_46,0,0.0,0.0,0.09340738115901301
mistral,base,reader,pair_46,1,0.03225806451612903,0.018684266660398144,0.09867930586549326
mistral,base,reader,pair_46,2,0.06451612903225806,0.0,0.0
mistral,base,reader,pair_46,3,0.0967741935483871,0.06733729186757337,0.03028217982699801
mistral,base,reader,pair_46,4,0.12903225806451613,0.011137188192147193,0.0
mistral,base,reader,pair_46,5,0.16129032258064516,0.0,0.0
mistral,base,reader,pair_46,6,0.1935483870967742,0.055938363763652216,0.0
mistral,base,reader,pair_46,7,0.22580645161290322,0.0,0.044358376854131173
mistral,base,reader,pair_46,8,0.25806451612903225,0.0,0.07087157744916273
mistral,base,reader,pair_46,9,0.2903225806451613,0.0,0.0929259029135297
mistral,base,reader,pair_46,10,0.3225806451612903,0.11871783992217998,0.0
mistral,base,reader,pair_46,11,0.3548387096774194,0.0,0.0
mistral,base,reader,pair_46,12,0.3870967741935484,0.04159840484661509,0.2207823837014112
mistral,base,reader,pair_46,13,0.41935483870967744,0.0026572452142097323,0.06468518538285065
mistral,base,reader,pair_46,14,0.45161290322580644,0.0,0.03479691007207802
mistral,base,reader,pair_46,15,0.4838709677419355,0.13129454703998256,0.2123331768734636
mistral,base,reader,pair_46,16,0.5161290322580645,0.1589611441975829,0.2643968780574935
mistral,base,reader,pair_46,17,0.5483870967741935,0.10408234909846616,0.1816934992334988
mistral,base,reader,pair_46,18,0.5806451612903226,0.3268416552138341,0.21773153972279996
mistral,base,reader,pair_46,19,0.6129032258064516,0.2364069131156684,0.34713965929481283
mistral,base,reader,pair_46,20,0.6451612903225806,0.30145385054625146,0.4220035605359173
mistral,base,reader,pair_46,21,0.6774193548387096,0.4256560398176663,0.5560447964274404
mistral,base,reader,pair_46,22,0.7096774193548387,0.5596063511601873,0.7165074709199404
mistral,base,reader,pair_46,23,0.7419354838709677,0.6922738099856676,0.7124268118934834
mistral,base,reader,pair_46,24,0.7741935483870968,0.878696558449312,0.6907581411308975
mistral,base,reader,pair_46,25,0.8064516129032258,0.9404307517762658,0.9486128083813569
mistral,base,reader,pair_46,26,0.8387096774193549,1.1440511196308318,0.967415820588156
mistral,base,reader,pair_46,27,0.8709677419354839,1.2489249094115185,0.9268206800319713
mistral,base,reader,pair_46,28,0.9032258064516129,1.310909199376947,1.0111175037021056
mistral,base,reader,pair_46,29,0.9354838709677419,1.386625733692724,1.2280004718913866
mistral,base,reader,pair_46,30,0.967741935483871,1.298266749078469,1.2493915137580804
mistral,base,reader,pair_46,31,1.0,1.3797907944135326,1.185312676513285
mistral,base,reader,pair_47,0,0.0,0.0,0.0
mistral,base,reader,pair_47,1,0.03225806451612903,0.0,0.1029852235832166
mistral,base,reader,pair_47,2,0.06451612903225806,0.16534669515733302,0.0
mistral,base,reader,pair_47,3,0.0967741935483871,0.0,0.10072263614155091
mistral,base,reader,pair_47,4,0.12903225806451613,0.0,0.0
mistral,base,reader,pair_47,5,0.16129032258064516,0.05813138920097794,0.007330180065807737
mistral,base,reader,pair_47,6,0.1935483870967742,0.10687007293606207,0.008407017585066774
mistral,base,reader,pair_47,7,0.22580645161290322,0.0,0.16790533044831848
mistral,base,reader,pair_47,8,0.25806451612903225,0.0,0.06549999808053472
mistral,base,reader,pair_47,9,0.2903225806451613,0.010925588874821184,0.0
mistral,base,reader,pair_47,10,0.3225806451612903,0.0,0.12495226443384873
mistral,base,reader,pair_47,11,0.3548387096774194,0.060363786521872645,0.18583495292760543
mistral,base,reader,pair_47,12,0.3870967741935484,0.03341383291379698,0.0653516800763126
mistral,base,reader,pair_47,13,0.41935483870967744,0.0,0.0
mistral,base,reader,pair_47,14,0.45161290322580644,0.09924147081538784,0.07519220797424304
mistral,base,reader,pair_47,15,0.4838709677419355,0.061676995675563465,0.13589853157512669
mistral,base,reader,pair_47,16,0.5161290322580645,0.18925354208131057,0.1521551148620631
mistral,base,reader,pair_47,17,0.5483870967741935,0.06926158030497412,0.21634698167406946
mistral,base,reader,pair_47,18,0.5806451612903226,0.3256962028931672,0.303849954266034
mistral,base,reader,pair_47,19,0.6129032258064516,0.2529301875162863,0.33001118321160805
mistral,base,reader,pair_47,20,0.6451612903225806,0.3080490937915742,0.35531750381911414
mistral,base,reader,pair_47,21,0.6774193548387096,0.3992006383496451,0.5453073680455311
mistral,base,reader,pair_47,22,0.7096774193548387,0.4741159269536621,0.6136208618275237
mistral,base,reader,pair_47,23,0.7419354838709677,0.618460764391572,0.654426830327926
mistral,base,reader,pair_47,24,0.7741935483870968,0.8224351081357856,0.8125091563194463
mistral,base,reader,pair_47,25,0.8064516129032258,0.9859183292059109,1.0021720213002963
mistral,base,reader,pair_47,26,0.8387096774193549,1.215427363000932,0.9428359347358003
mistral,base,reader,pair_47,27,0.8709677419354839,1.200038218255792,0.9552908631133151
mistral,base,reader,pair_47,28,0.9032258064516129,1.424994774646367,1.1549760667970614
mistral,base,reader,pair_47,29,0.9354838709677419,1.2748036482260627,1.0886697301416663
mistral,base,reader,pair_47,30,0.967741935483871,1.5050664509909792,1.0924289173222665
mistral,base,reader,pair_47,31,1.0,1.3926350336560747,1.2229255878642245
mistral,base,reader,pair_48,0,0.0,0.0,0.17578227921210313
mistral,base,reader,pair_48,1,0.03225806451612903,0.029258610466061607,0.0
mistral,base,reader,pair_48,2,0.06451612903225806,0.0,0.06761944592089192
mistral,base,reader,pair_48,3,0.0967741935483871,0.0,0.032511013766331705
mistral,base,reader,pair_48,4,0.12903225806451613,0.02932511084274833,0.04833348258091478
mistral,base,reader,pair_48,5,0.16129032258064516,0.0,0.0
mistral,base,reader,pair_48,6,0.1935483870967742,0.044603465530934125,0.056039635672882684
mistral,base,reader,pair_48,7,0.22580645161290322,0.12382460186725128,0.0
mistral,base,reader,pair_48,8,0.25806451612903225,0.0,0.0
mistral,base,reader,pair_48,9,0.2903225806451613,0.015761405208972557,0.10676142477541714
mistral,base,reader,pair_48,10,0.3225806451612903,0.0,0.0
mistral,base,reader,pair_48,11,0.3548387096774194,0.07977181771387494,0.04113582167188802
mistral,base,reader,pair_48,12,0.3870967741935484,0.0,0.010911485822374063
mistral,base,reader,pair_48,13,0.41935483870967744,0.03617755252415172,0.0445589252604035
mistral,base,reader,pair_48,14,0.45161290322580644,0.08252638312774702,0.030048378902368868
mistral,base,reader,pair_48,15,0.4838709677419355,0.07880768824689183,0.06047015721592401
mistral,base,reader,pair_48,16,0.5161290322580645,0.0,0.22624741184491545
mistral,base,reader,pair_48,17,0.5483870967741935,0.112541265353547,0.1628079901640107
mistral,base,reader,pair_48,18,0.5806451612903226,0.08301073833208517,0.2460391796052983
mistral,base,reader,pair_48,19,0.6129032258064516,0.3379896342471606,0.3730540744900227
mistral,base,reader,pair_48,20,0.6451612903225806,0.4162490759999503,0.4899449774380871
mistral,base,reader,pair_48,21,0.6774193548387096,0.5403452857579414,0.5470126953686019
mistral,base,reader,pair_48,22,0.7096774193548387,0.6365790080567302,0.49279456736961846
mistral,base,reader,pair_48,23,0.7419354838709677,0.7400217835595673,0.564024556262851
mistral,base,reader,pair_48,24,0.7741935483870968,0.9313060811268664,1.0286644914394343
mistral,base,reader,pair_48,25,0.8064516129032258,0.9751029678888903,1.0099435153737333
mistral,base,reader,pair_48,26,0.8387096774193549,1.1861329931124105,0.9425196261662863
mistral,base,reader,pair_48,27,0.8709677419354839,1.1777304335235685,1.0598813281103696
mistral,base,reader,pair_48,28,0.9032258064516129,1.307566710218389,1.0743551008874863
mistral,base,reader,pair_48,29,0.9354838709677419,1.3435912760739566,1.0683649079965636
mistral,base,reader,pair_48,30,0.967741935483871,1.325025375320215,0.9999457338120258
mistral,base,reader,pair_48,31,1.0,1.4210726183049949,1.1691008648553276
mistral,base,reader,pair_49,0,0.0,0.0,0.0
mistral,base,reader,pair_49,1,0.03225806451612903,0.0,0.06389808834352892
mistral,base,reader,pair_49,2,0.06451612903225806,0.08572697859535591,0.0
mistral,base,reader,pair_49,3,0.0967741935483871,0.0,0.02847195979100898
mistral,base,reader,pair_49,4,0.12903225806451613,0.0,0.04721034682197579
mistral,base,reader,pair_49,5,0.16129032258064516,0.14453350065906947,0.08579737537953182
mistral,base,reader,pair_49,6,0.1935483870967742,0.0665505082269546,0.15472313665867757
mistral,base,reader,pair_49,7,0.22580645161290322,0.0,0.03816891386808647
mistral,base,reader,pair_49,8,0.25806451612903225,0.0,0.15377901370358332
mistral,base,reader,pair_49,9,0.2903225806451613,0.06479781786320922,0.013590121436559941
mistral,base,reader,pair_49,10,0.3225806451612903,0.0,0.0
mistral,base,reader,pair_49,11,0.3548387096774194,0.0,0.0
mistral,base,reader,pair_49,12,0.3870967741935484,0.0,0.008558943978733566
mistral,base,reader,pair_49,13,0.41935483870967744,0.0,0.025306554129058988
mistral,base,reader,pair_49,14,0.45161290322580644,0.019493524813347134,0.11100027335159682
mistral,base,reader,pair_49,15,0.4838709677419355,0.12425311270024007,0.0922247268892592
mistral,base,reader,pair_49,16,0.5161290322580645,0.0,0.1472637689833075
mistral,base,reader,pair_49,17,0.5483870967741935,0.059440469557515196,0.2151378135566768
mistral,base,reader,pair_49,18,0.5806451612903226,0.05599484520568025,0.21269063394476528
mistral,base,reader,pair_49,19,0.6129032258064516,0.17337750962007306,0.37806537707606225
mistral,base,reader,pair_49,20,0.6451612903225806,0.2661917606019264,0.3725214607299812
mistral,base,reader,pair_49,21,0.6774193548387096,0.41455890865008926,0.5524015586450508
mistral,base,reader,pair_49,22,0.7096774193548387,0.5079273711846567,0.5034138324342441
mistral,base,reader,pair_49,23,0.7419354838709677,0.6332757418808402,0.7176140277803862
mistral,base,reader,pair_49,24,0.7741935483870968,0.8757545924875427,0.9242881850473474
mistral,base,reader,pair_49,25,0.8064516129032258,0.8923425846894294,0.8249903701421198
mistral,base,reader,pair_49,26,0.8387096774193549,1.1779530410916017,0.891287105180128
mistral,base,reader,pair_49,27,0.8709677419354839,1.2395692447478204,1.0685845288760656
mistral,base,reader,pair_49,28,0.9032258064516129,1.275382514447347,1.110622880945781
mistral,base,reader,pair_49,29,0.9354838709677419,1.482449171544595,1.1490830140660442
mistral,base,reader,pair_49,30,0.967741935483871,1.4469093370056325,1.2297935991804991
mistral,base,reader,pair_49,31,1.0,1.5303024216288517,1.2636454300658015
mistral,base,self,pair_0,0,0.0,0.0,0.0
mistral,base,self,pair_0,1,0.03225806451612903,0.10330658960828151,0.01702688120624586
mistral,base,self,pair_0,2,0.06451612903225806,0.0740198491552578,0.048250662163117915
mistral,base,self,pair_0,3,0.0967741935483871,0.0,0.046229363804890254
mistral,base,self,pair_0,4,0.12903225806451613,0.0,0.0
mistral,base,self,pair_0,5,0.16129032258064516,0.009054652855837004,0.0
mistral,base,self,pair_0,6,0.1935483870967742,0.09725944792267868,0.0
mistral,base,self,pair_0,7,0.22580645161290322,0.08279764884366607,0.02128129532264921
mistral,base,self,pair_0,8,0.25806451612903225,0.12664742558841188,0.0
mistral,base,self,pair_0,9,0.2903225806451613,0.0,0.046646703984805526
mistral,base,self,pair_0,10,0.3225806451612903,0.0,0.09316226923453123
mistral,base,self,pair_0,11,0.3548387096774194,0.1362999383432492,0.12700949808885773
mistral,base,self,pair_0,12,0.3870967741935484,0.07940400436393515,0.038632322728988096
mistral,base,self,pair_0,13,0.41935483870967744,0.1303995623723349,0.1542942941022252
mistral,base,self,pair_0,14,0.45161290322580644,0.07206371802340295,0.09280512347501804
mistral,base,self,pair_0,15,0.4838709677419355,0.030172497537224577,0.025518490446270983
mistral,base,self,pair_0,16,0.5161290322580645,0.1835631488562791,0.0
mistral,base,self,pair_0,17,0.5483870967741935,0.09295118788006095,0.22918910140222817
mistral,base,self,pair_0,18,0.5806451612903226,0.24257662131842558,0.42008279131943504
mistral,base,self,pair_0,19,0.6129032258064516,0.32211188386508516,0.3307418558423394
mistral,base,self,pair_0,20,0.6451612903225806,0.39021108700939633,0.33855840955880695
mistral,base,self,pair_0,21,0.6774193548387096,0.5569745445478643,0.5200264170248134
mistral,base,self,pair_0,22,0.7096774193548387,0.5181069732272626,0.5778848133797939
mistral,base,self,pair_0,23,0.7419354838709677,0.7088290670224077,0.6925718359528594
mistral,base,self,pair_0,24,0.7741935483870968,1.0413054520545872,0.7554482460088093
mistral,base,self,pair_0,25,0.8064516129032258,0.9973523409243198,0.8945071561567262
mistral,base,self,pair_0,26,0.8387096774193549,1.1175907254565232,0.964581695180298
mistral,base,self,pair_0,27,0.8709677419354839,1.1768447772233397,0.9694807271980058
mistral,base,self,pair_0,28,0.9032258064516129,1.225221207488281,0.9419171297003474
mistral,base,self,pair_0,29,0.9354838709677419,1.3711192276941124,1.1747317875912906
mistral,base,self,pair_0,30,0.967741935483871,1.3540843787341201,1.078127984303454
mistral,base,self,pair_0,31,1.0,1.403542563887838,1.1062377728878074
mistral,base,self,pair_1,0,0.0,0.0,0.1103019039962343
mistral,base,self,pair_1,1,0.03225806451612903,0.03539255970973894,0.0
mistral,base,self,pair_1,2,0.06451612903225806,0.024175118107257355,0.0
mistral,base,self,pair_1,3,0.0967741935483871,0.0,0.03199029269839593
mistral,base,self,pair_1,4,0.12903225806451613,0.0771074110114599,0.12552528638817675
mistral,base,self,pair_1,5,0.16129032258064516,0.1375940232781235,0.0
mistral,base,self,pair_1,6,0.1935483870967742,0.0,0.015500575971600466
mistral,base,self,pair_1,7,0.22580645161290322,0.013043552253974246,0.0
mistral,base,self,pair_1,8,0.25806451612903225,0.0,0.07934035503930872
mistral,base,self,pair_1,9,0.2903225806451613,0.13735199770893955,0.001505105989765658
mistral,base,self,pair_1,10,0.3225806451612903,0.0,0.004258857379897084
mistral,base,self,pair_1,11,0.3548387096774194,0.0,0.015035213044510817
mistral,base,self,pair_1,12,0.3870967741935484,0.052817964136375434,0.0438031172510576
mistral,base,self,pair_1,13,0.41935483870967744,0.12661359197248634,0.08044288692210444
mistral,base,self,pair_1,14,0.45161290322580644,0.07914361264395917,0.08049537585593998
mistral,base,self,pair_1,15,0.4838709677419355,0.16436710383492686,0.026149417908980857
mistral,base,self,pair_1,16,0.5161290322580645,0.06117749820656869,0.07074966782239775
mistral,base,self,pair_1,17,0.5483870967741935,0.1886648561091812,0.2840644789980967
mistral,base,self,pair_1,18,0.5806451612903226,0.13252471910834526,0.4117989578627692
mistral,base,self,pair_1,19,0.6129032258064516,0.21886497413779993,0.24339340033434467
mistral,base,self,pair_1,20,0.6451612903225806,0.3094645219913707,0.46828807570766867
mistral,base,self,pair_1,21,0.6774193548387096,0.4238281012186022,0.7137860910005427
mistral,base,self,pair_1,22,0.7096774193548387,0.6404386372886225,0.7675119765121966
mistral,base,self,pair_1,23,0.7419354838709677,0.8246088086793129,0.5891318554889543
mistral,base,self,pair_1,24,0.7741935483870968,0.8278919677362089,0.5946238828894294
mistral,base,self,pair_1,25,0.8064516129032258,0.9430319825992054,0.9814715049725722
mistral,base,self,pair_1,26,0.8387096774193549,1.04787206796219,0.909218951186787
mistral,base,self,pair_1,27,0.8709677419354839,1.2414605392806446,1.0791386473303624
mistral,base,self,pair_1,28,0.9032258064516129,1.2656889769234194,1.040506124725263
mistral,base,self,pair_1,29,0.9354838709677419,1.418533217245587,1.1163063743247543
mistral,base,self,pair_1,30,0.967741935483871,1.374708168326018,1.1479774668073477
mistral,base,self,pair_1,31,1.0,1.4349509108856784,1.1634595860668377
mistral,base,self,pair_2,0,0.0,0.1602835864081923,0.0
mistral,base,self,pair_2,1,0.03225806451612903,0.0,0.1145993912044176
mistral,base,self,pair_2,2,0.06451612903225806,0.0,0.13967351691671764
mistral,base,self,pair_2,3,0.0967741935483871,0.0,0.008780347615608287
mistral,base,self,pair_2,4,0.12903225806451613,0.05956051414476686,0.10101213168192257
mistral,base,self,pair_2,5,0.16129032258064516,0.08104115949563195,0.0
mistral,base,self,pair_2,6,0.1935483870967742,0.0,0.03533058750223783
mistral,base,self,pair_2,7,0.22580645161290322,0.013553621049417942,0.0
mistral,base,self,pair_2,8,0.25806451612903225,0.03694302520534847,0.09380802701855885
mistral,base,self,pair_2,9,0.2903225806451613,0.019328453007587947,0.1447451512241774
mistral,base,self,pair_2,10,0.3225806451612903,0.04165530324430333,0.014463513845330905
mistral,base,self,pair_2,11,0.3548387096774194,0.020986697962513255,0.0
mistral,base,self,pair_2,12,0.3870967741935484,0.0,0.0884328350848469
mistral,base,self,pair_2,13,0.41935483870967744,0.0,0.03970848655808554
mistral,base,self,pair_2,14,0.45161290322580644,0.033518046160825335,0.12320431238329205
mistral,base,self,pair_2,15,0.4838709677419355,0.09600680623897281,0.12827494951172758
mistral,base,self,pair_2,16,0.5161290322580645,0.0,0.1481173460096067
mistral,base,self,pair_2,17,0.5483870967741935,0.06051982275567742,0.2071308916629723
mistral,base,self,pair_2,18,0.5806451612903226,0.2530922195630615,0.3435358357004757
mistral,base,self,pair_2,19,0.6129032258064516,0.2602724032333664,0.3945243537232233
mistral,base,self,pair_2,20,0.6451612903225806,0.21288822631948812,0.4550758321677648
mistral,base,self,pair_2,21,0.6774193548387096,0.4925403247286846,0.476054260124223
mistral,base,self,pair_2,22,0.7096774193548387,0.6044067133789566,0.5985435213096475
mistral,base,self,pair_2,23,0.7419354838709677,0.7937785133405753,0.8126681326434065
mistral,base,self,pair_2,24,0.7741935483870968,0.8153300087768575,0.9299365449708461
mistral,base,self,pair_2,25,0.8064516129032258,0.9795372977305249,1.0572187291632458
mistral,base,self,pair_2,26,0.8387096774193549,1.0760046184482124,0.9652545313473254
mistral,base,self,pair_2,27,0.8709677419354839,1.2324249593385905,0.9560896434058583
mistral,base,self,pair_2,28,0.9032258064516129,1.1561636853922985,0.9970027830234708
mistral,base,self,pair_2,29,0.9354838709677419,1.44018313460051,1.0696883509334778
mistral,base,self,pair_2,30,0.967741935483871,1.3713945814578763,1.2441613397023605
mistral,base,self,pair_2,31,1.0,1.4683442136090576,1.1992736208759904
mistral,base,self,pair_3,0,0.0,0.0681409846149251,0.0
mistral,base,self,pair_3,1,0.03225806451612903,0.010250664000377547,0.013526278992150864
mistral,base,self,pair_3,2,0.06451612903225806,0.0,0.0
mistral,base,self,pair_3,3,0.0967741935483871,0.0376934134375155,0.0
mistral,base,self,pair_3,4,0.12903225806451613,0.0,0.0
mistral,base,self,pair_3,5,0.16129032258064516,0.0,0.07275268717541816
mistral,base,self,pair_3,6,0.1935483870967742,0.13442059413490817,0.1453164017829158
mistral,base,self,pair_3,7,0.22580645161290322,0.06727684554822529,0.0455511148344239
mistral,base,self,pair_3,8,0.25806451612903225,0.0,0.10468802908576295
mistral,base,self,pair_3,9,0.2903225806451613,0.2163236419596891,0.05585528847279027
mistral,base,self,pair_3,10,0.3225806451612903,0.027554278083392933,0.08282422005803594
mistral,base,self,pair_3,11,0.3548387096774194,0.07125979360581897,0.04765826141543002
mistral,base,self,pair_3,12,0.3870967741935484,0.0,0.07925129095175074
mistral,base,self,pair_3,13,0.41935483870967744,0.0,0.0
mistral,base,self,pair_3,14,0.45161290322580644,0.14952914171494186,0.05575107202183547
mistral,base,self,pair_3,15,0.4838709677419355,0.11639028542537515,0.2483045852414772
mistral,base,self,pair_3,16,0.5161290322580645,0.18308723339921162,0.12037334518418846
mistral,base,self,pair_3,17,0.5483870967741935,0.14854329790909232,0.12275173758883624
mistral,base,self,pair_3,18,0.5806451612903226,0.16542027843602056,0.3628312484791566
mistral,base,self,pair_3,19,0.6129032258064516,0.2452080810179535,0.12595402611207676
mistral,base,self,pair_3,20,0.6451612903225806,0.15185980981479774,0.37535958926681334
mistral,base,self,pair_3,21,0.6774193548387096,0.5492387951566787,0.5484712639042342
mistral,base,self,pair_3,22,0.7096774193548387,0.5833095551472046,0.5237322467287512
mistral,base,self,pair_3,23,0.7419354838709677,0.725452505349497,0.5419808448158245
mistral,base,self,pair_3,24,0.7741935483870968,0.8854592309323688,0.9072419675687498
mistral,base,self,pair_3,25,0.8064516129032258,0.9293367353117882,0.9790148507255121
mistral,base,self,pair_3,26,0.8387096774193549,1.0577373251009714,0.9719440064843007
mistral,base,self,pair_3,27,0.8709677419354839,1.2044949136182732,1.0236627289542477
mistral,base,self,pair_3,28,0.9032258064516129,1.4163503464647103,1.1314683762051794
mistral,base,self,pair_3,29,0.9354838709677419,1.2995969652737087,0.8747847014271535
mistral,base,self,pair_3,30,0.967741935483871,1.4691153802335488,1.1839299496219924
mistral,base,self,pair_3,31,1.0,1.4421021124508158,1.0984336906688594
mistral,base,self,pair_4,0,0.0,0.1280577190098589,0.0
mistral,base,self,pair_4,1,0.03225806451612903,0.0,0.0
mistral,base,self,pair_4,2,0.06451612903225806,0.03010594464952276,0.0
mistral,base,self,pair_4,3,0.0967741935483871,0.169486263397635,0.004297700758615385
mistral,base,self,pair_4,4,0.12903225806451613,0.0,0.04977938810038643
mistral,base,self,pair_4,5,0.16129032258064516,0.0,0.0
mistral,base,self,pair_4,6,0.1935483870967742,0.04468663746766839,0.0
mistral,base,self,pair_4,7,0.22580645161290322,0.08085405881150658,0.037158002199006696
mistral,base,self,pair_4,8,0.25806451612903225,0.013398461619714096,0.019754486750417112
mistral,base,self,pair_4,9,0.2903225806451613,0.0,0.05222745566347066
mistral,base,self,pair_4,10,0.3225806451612903,0.0,0.0
mistral,base,self,pair_4,11,0.3548387096774194,0.0191935144584705,1.718415190571365e-05
mistral,base,self,pair_4,12,0.3870967741935484,0.0,0.11276535085927403
mistral,base,self,pair_4,13,0.41935483870967744,0.0,0.0
mistral,base,self,pair_4,14,0.45161290322580644,0.03467281238430886,0.03841471963377654
mistral,base,self,pair_4,15,0.4838709677419355,0.0,0.14891199832616658
mistral,base,self,pair_4,16,0.5161290322580645,0.0014200781651697303,0.22211442583042343
mistral,base,self,pair_4,17,0.5483870967741935,0.050763820277003865,0.2942024070875347
mistral,base,self,pair_4,18,0.5806451612903226,0.20782000601395126,0.2878386841180117
mistral,base,self,pair_4,19,0.6129032258064516,0.18217915087783845,0.42644842060175353
mistral,base,self,pair_4,20,0.6451612903225806,0.3722453244293631,0.4104944941248863
mistral,base,self,pair_4,21,0.6774193548387096,0.4890304464525138,0.4504978726879942
mistral,base,self,pair_4,22,0.7096774193548387,0.4696264368947518,0.6213643041220038
mistral,base,self,pair_4,23,0.7419354838709677,0.7194273152821666,0.758227157168222
mistral,base,self,pair_4,24,0.7741935483870968,0.8633164019489195,0.9121598154019804
mistral,base,self,pair_4,25,0.8064516129032258,0.8915034293860394,0.9377292656600629
mistral,base,self,pair_4,26,0.8387096774193549,1.13338039855455,1.0686509032099503
mistral,base,self,pair_4,27,0.8709677419354839,1.2253630802740476,1.04145762935208
mistral,base,self,pair_4,28,0.9032258064516129,1.4350967638375012,1.1246743753122512
mistral,base,self,pair_4,29,0.9354838709677419,1.4024991394918647,1.064771031108447
mistral,base,self,pair_4,30,0.967741935483871,1.4086471102852096,0.9906241639387485
mistral,base,self,pair_4,31,1.0,1.3613631586667412,1.194848419692653
mistral,base,self,pair_5,0,0.0,0.0,0.008524619502793374
mistral,base,self,pair_5,1,0.03225806451612903,0.001699311575598793,0.032636830422808696
mistral,base,self,pair_5,2,0.06451612903225806,0.0,0.0
mistral,base,self,pair_5,3,0.0967741935483871,0.08935600039628876,0.011730769018660107
mistral,base,self,pair_5,4,0.12903225806451613,0.03368321788715583,0.13329387743000898
mistral,base,self,pair_5,5,0.16129032258064516,0.015188311177472326,0.0
mistral,base,self,pair_5,6,0.1935483870967742,0.0,0.07300272291374081
mistral,base,self,pair_5,7,0.22580645161290322,0.0,0.0
mistral,base,self,pair_5,8,0.25806451612903225,0.0,0.13170850154290809
mistral,base,self,pair_5,9,0.2903225806451613,0.10547209545992266,0.0
mistral,base,self,pair_5,10,0.3225806451612903,0.1611740814735345,0.0
mistral,base,self,pair_5,11,0.3548387096774194,0.17518063151980884,0.0
mistral,base,self,pair_5,12,0.3870967741935484,0.10715177597371442,0.004996156093382553
mistral,base,self,pair_5,13,0.41935483870967744,0.015389703688635771,0.13904177326701356
mistral,base,self,pair_5,14,0.45161290322580644,0.0,0.11762099288332897
mistral,base,self,pair_5,15,0.4838709677419355,0.0837109845418869,0.21923835273027703
mistral,base,self,pair_5,16,0.5161290322580645,0.19479738037361344,0.31496591264669704
mistral,base,self,pair_5,17,0.5483870967741935,0.14687258876762754,0.24873643028964243
mistral,base,self,pair_5,18,0.5806451612903226,0.12829861686569016,0.21779934684559482
mistral,base,self,pair_5,19,0.6129032258064516,0.13695238665446574,0.3359608915238622
mistral,base,self,pair_5,20,0.6451612903225806,0.3444730737098115,0.441103798442424
mistral,base,self,pair_5,21,0.6774193548387096,0.48844523217271085,0.4240487659903003
mistral,base,self,pair_5,22,0.7096774193548387,0.7106160361206484,0.6535783520985498
mistral,base,self,pair_5,23,0.7419354838709677,0.8011942674457109,0.7516144320272422
mistral,base,self,pair_5,24,0.7741935483870968,0.78799146983659,0.7868335149548016
mistral,base,self,pair_5,25,0.8064516129032258,0.7308812122317789,0.9093713004328231
mistral,base,self,pair_5,26,0.8387096774193549,1.1097844708462032,1.0571951871685703
mistral,base,self,pair_5,27,0.8709677419354839,1.074892986095884,1.0098665069885606
mistral,base,self,pair_5,28,0.9032258064516129,1.269761443213504,0.9599161046826259
mistral,base,self,pair_5,29,0.9354838709677419,1.236361913911619,1.0019411816704122
mistral,base,self,pair_5,30,0.967741935483871,1.4762421268425991,1.2016407911566986
mistral,base,self,pair_5,31,1.0,1.3136655093530356,1.1297504156453533
mistral,base,self,pair_6,0,0.0,0.0380561416053186,0.027146053035267317
mistral,base,self,pair_6,1,0.03225806451612903,0.0,0.0
mistral,base,self,pair_6,2,0.06451612903225806,0.0,0.08339524520022176
mistral,base,self,pair_6,3,0.0967741935483871,0.20821549616270696,0.0
mistral,base,self,pair_6,4,0.12903225806451613,0.0,0.06944838974317118
mistral,base,self,pair_6,5,0.16129032258064516,0.12582815006733877,0.1237590588787945
mistral,base,self,pair_6,6,0.1935483870967742,0.01505738643724821,0.04991798954992544
mistral,base,self,pair_6,7,0.22580645161290322,0.01036436935759212,0.06802007247123762
mistral,base,self,pair_6,8,0.25806451612903225,0.07939792294344337,0.0
mistral,base,self,pair_6,9,0.2903225806451613,0.0,0.0
mistral,base,self,pair_6,10,0.3225806451612903,0.0,0.042267004515696385
mistral,base,self,pair_6,11,0.3548387096774194,0.10246223592572962,0.0
mistral,base,self,pair_6,12,0.3870967741935484,0.09250291583627364,0.034549664100100394
mistral,base,self,pair_6,13,0.41935483870967744,0.0,0.03647508806836075
mistral,base,self,pair_6,14,0.45161290322580644,0.018823136499001112,0.13625278831849896
mistral,base,self,pair_6,15,0.4838709677419355,0.10627860011704712,0.1234278208367011
mistral,base,self,pair_6,16,0.5161290322580645,0.02030927755538174,0.24086613400965762
mistral,base,self,pair_6,17,0.5483870967741935,0.06839254673380135,0.12096290717175512
mistral,base,self,pair_6,18,0.5806451612903226,0.12246672706821926,0.2360615447409021
mistral,base,self,pair_6,19,0.6129032258064516,0.23351697807757318,0.31822729567274577
mistral,base,self,pair_6,20,0.6451612903225806,0.3028111998521952,0.49881634429532457
mistral,base,self,pair_6,21,0.6774193548387096,0.5062995224053932,0.5751726440787515
mistral,base,self,pair_6,22,0.7096774193548387,0.547252138233269,0.5756290285535854
mistral,base,self,pair_6,23,0.7419354838709677,0.6951960572534047,0.7122590408276778
mistral,base,self,pair_6,24,0.7741935483870968,0.9254284227885945,0.7904853129809736
mistral,base,self,pair_6,25,0.8064516129032258,0.8983658685624751,0.8252811966186223
mistral,base,self,pair_6,26,0.8387096774193549,1.2564637901506717,0.8855411629621451
mistral,base,self,pair_6,27,0.8709677419354839,1.1142660611129043,0.9928197669513891
mistral,base,self,pair_6,28,0.9032258064516129,1.435079253930549,1.0686863588748305
mistral,base,self,pair_6,29,0.9354838709677419,1.3772265685955063,0.9698566622414458
mistral,base,self,pair_6,30,0.967741935483871,1.2776249945226639,1.122627529766773
mistral,base,self,pair_6,31,1.0,1.3922522641416424,1.1742618234450461
mistral,base,self,pair_7,0,0.0,0.0,0.08533718182704683
mistral,base,self,pair_7,1,0.03225806451612903,0.10887047219808461,0.0
mistral,base,self,pair_7,2,0.06451612903225806,0.020012379256605164,0.0
mistral,base,self,pair_7,3,0.0967741935483871,0.11599954646038939,0.020939537095705656
mistral,base,self,pair_7,4,0.12903225806451613,0.0771304060061923,0.0
mistral,base,self,pair_7,5,0.16129032258064516,0.026416402437251178,0.17609141770915215
mistral,base,self,pair_7,6,0.1935483870967742,0.16799503651976921,0.0
mistral,base,self,pair_7,7,0.22580645161290322,0.03327559127271063,0.02967873976341611
mistral,base,self,pair_7,8,0.25806451612903225,0.0,0.0
mistral,base,self,pair_7,9,0.2903225806451613,0.020802965818732398,0.09610539797726714
mistral,base,self,pair_7,10,0.3225806451612903,0.050680179054147075,0.0
mistral,base,self,pair_7,11,0.3548387096774194,0.0,0.0
mistral,base,self,pair_7,12,0.3870967741935484,0.14222329689370017,0.00577088436395181
mistral,base,self,pair_7,13,0.41935483870967744,0.0,0.09538201930473253
mistral,base,self,pair_7,14,0.45161290322580644,0.03378241450973889,0.09106332282365323
mistral,base,self,pair_7,15,0.4838709677419355,0.11168740502623559,0.08503965517951517
mistral,base,self,pair_7,16,0.5161290322580645,0.0008495651576363727,0.15324160730418934
mistral,base,self,pair_7,17,0.5483870967741935,0.12780985494809882,0.1289639876111986
mistral,base,self,pair_7,18,0.5806451612903226,0.08537559750388962,0.19535927524437602
mistral,base,self,pair_7,19,0.6129032258064516,0.30791167865893576,0.46481652187950695
mistral,base,self,pair_7,20,0.6451612903225806,0.4338393077654748,0.3664365685858957
mistral,base,self,pair_7,21,0.6774193548387096,0.38708333560710817,0.4303671766979413
mistral,base,self,pair_7,22,0.7096774193548387,0.7189394846992359,0.5902714330719143
mistral,base,self,pair_7,23,0.7419354838709677,0.710734170672074,0.6859200138302023
mistral,base,self,pair_7,24,0.7741935483870968,0.8715115611838823,0.7290132300472113
mistral,base,self,pair_7,25,0.8064516129032258,0.9451137359508668,0.8192942371733085
mistral,base,self,pair_7,26,0.8387096774193549,0.9261168074095343,0.9805113111984609
mistral,base,self,pair_7,27,0.8709677419354839,1.2744108850237588,1.0937514494016234
mistral,base,self,pair_7,28,0.9032258064516129,1.418918977210983,1.1369499051689689
mistral,base,self,pair_7,29,0.9354838709677419,1.3480339992066241,1.139419572856547
mistral,base,self,pair_7,30,0.967741935483871,1.3550409497149165,1.186229833843354
mistral,base,self,pair_7,31,1.0,1.405877035175045,0.9570838477943027
mistral,base,self,pair_8,0,0.0,0.0,0.005989997543732131
mistral,base,self,pair_8,1,0.03225806451612903,0.0,0.0394426830271726
mistral,base,self,pair_8,2,0.06451612903225806,0.09536083181648385,0.0
mistral,base,self,pair_8,3,0.0967741935483871,0.06106783378083441,0.07226397016882245
mistral,base,self,pair_8,4,0.12903225806451613,0.0,0.0
mistral,base,self,pair_8,5,0.16129032258064516,0.0,0.0
mistral,base,self,pair_8,6,0.1935483870967742,0.0,0.10083025658875565
mistral,base,self,pair_8,7,0.22580645161290322,0.0,0.0
mistral,base,self,pair_8,8,0.25806451612903225,0.0,0.0
mistral,base,self,pair_8,9,0.2903225806451613,0.0,0.03447132433482181
mistral,base,self,pair_8,10,0.3225806451612903,0.0271838396855352,0.0
mistral,base,self,pair_8,11,0.3548387096774194,0.041952488127498896,0.019937743607153842
mistral,base,self,pair_8,12,0.3870967741935484,0.0,0.008663885970501564
mistral,base,self,pair_8,13,0.41935483870967744,0.1046800248290829,0.11593782751403867
mistral,base,self,pair_8,14,0.45161290322580644,0.055631314531077856,0.18447003729241543
mistral,base,self,pair_8,15,0.4838709677419355,0.06189206016168347,0.13503180444556379
mistral,base,self,pair_8,16,0.5161290322580645,0.12828906257262268,0.14301207020421244
mistral,base,self,pair_8,17,0.5483870967741935,0.026401893926173772,0.3570340624206611
mistral,base,self,pair_8,18,0.5806451612903226,0.2492274228427866,0.1751942819074746
mistral,base,self,pair_8,19,0.6129032258064516,0.16398913770885448,0.2688117409538672
mistral,base,self,pair_8,20,0.6451612903225806,0.21006785852302198,0.4684526169539067
mistral,base,self,pair_8,21,0.6774193548387096,0.5627501193421666,0.5635154298330934
mistral,base,self,pair_8,22,0.7096774193548387,0.6967416124274214,0.5955471759445381
mistral,base,self,pair_8,23,0.7419354838709677,0.7347739681143669,0.6498659260253045
mistral,base,self,pair_8,24,0.7741935483870968,0.859831710665854,0.8988291833073982
mistral,base,self,pair_8,25,0.8064516129032258,1.051826850556757,0.9738898175092882
mistral,base,self,pair_8,26,0.8387096774193549,1.082711402709544,1.0331657638995981
mistral,base,self,pair_8,27,0.8709677419354839,1.3313865683514992,1.061238176305847
mistral,base,self,pair_8,28,0.9032258064516129,1.182985834250983,1.0835575675578706
mistral,base,self,pair_8,29,0.9354838709677419,1.3733565808054666,1.0422157530388783
mistral,base,self,pair_8,30,0.967741935483871,1.3150678482435278,1.0578292180124855
mistral,base,self,pair_8,31,1.0,1.5207731262202009,1.1537289881885973
mistral,base,self,pair_9,0,0.0,0.13385814007896132,0.0
mistral,base,self,pair_9,1,0.03225806451612903,0.03407179223745112,0.12952207897692786
mistral,base,self,pair_9,2,0.06451612903225806,0.14691254274089996,0.0
mistral,base,self,pair_9,3,0.0967741935483871,0.12789815631179952,0.09038899637509358
mistral,base,self,pair_9,4,0.12903225806451613,0.095457594782601,0.021090891023790772
mistral,base,self,pair_9,5,0.16129032258064516,0.08209447051910675,0.07867648878460737
mistral,base,self,pair_9,6,0.1935483870967742,0.0,0.0
mistral,base,self,pair_9,7,0.22580645161290322,0.09414004063461097,0.09570365081814741
mistral,base,self,pair_9,8,0.25806451612903225,0.06428642042661945,0.0
mistral,base,self,pair_9,9,0.2903225806451613,0.0,0.0
mistral,base,self,pair_9,10,0.3225806451612903,0.13952375082694318,0.021090091955702717
mistral,base,self,pair_9,11,0.3548387096774194,0.0814770800983297,0.010091511784041853
mistral,base,self,pair_9,12,0.3870967741935484,0.0,0.1149892829857086
mistral,base,self,pair_9,13,0.41935483870967744,0.12651976686909638,0.21860510309147566
mistral,base,self,pair_9,14,0.45161290322580644,0.03314835128001737,0.05571737569509067
mistral,base,self,pair_9,15,0.4838709677419355,0.07282305002094233,0.04218674763836035
mistral,base,self,pair_9,16,0.5161290322580645,0.01682710198448635,0.21499156326407876
mistral,base,self,pair_9,17,0.5483870967741935,0.1050742207612659,0.17490006481314951
mistral,base,self,pair_9,18,0.5806451612903226,0.20609325824429411,0.2523451259938368
mistral,base,self,pair_9,19,0.6129032258064516,0.4363265383929513,0.3316002144675145
mistral,base,self,pair_9,20,0.6451612903225806,0.45701473265316483,0.4963850194550114
mistral,base,self,pair_9,21,0.6774193548387096,0.521278980008526,0.5619599454870126
mistral,base,self,pair_9,22,0.7096774193548387,0.5610078373466878,0.6298640532334797
mistral,base,self,pair_9,23,0.7419354838709677,0.6661431769369274,0.7544188413356828
mistral,base,self,pair_9,24,0.7741935483870968,0.936442184924605,0.6186029803922706
mistral,base,self,pair_9,25,0.8064516129032258,0.8938742905280527,0.7968434374983508
mistral,base,self,pair_9,26,0.8387096774193549,1.1676076652954286,1.0102054087804504
mistral,base,self,pair_9,27,0.8709677419354839,1.18235038844807,1.1365631676411003
mistral,base,self,pair_9,28,0.9032258064516129,1.2637529856797278,1.1041097525085213
mistral,base,self,pair_9,29,0.9354838709677419,1.4175128538121677,1.082859570809234
mistral,base,self,pair_9,30,0.967741935483871,1.4805850392185238,1.0929938749367583
mistral,base,self,pair_9,31,1.0,1.4270385858573298,1.1516371877183693
mistral,base,self,pair_10,0,0.0,0.060329182386130234,0.11573398184363702
mistral,base,self,pair_10,1,0.03225806451612903,0.0,0.0
mistral,base,self,pair_10,2,0.06451612903225806,0.053112733885048724,0.0
mistral,base,self,pair_10,3,0.0967741935483871,0.004228416459803356,0.04882764532528925
mistral,base,self,pair_10,4,0.12903225806451613,0.0,0.0
mistral,base,self,pair_10,5,0.16129032258064516,0.0,0.0
mistral,base,self,pair_10,6,0.1935483870967742,0.0012704258327409356,0.03918428079340757
mistral,base,self,pair_10,7,0.22580645161290322,0.05786623676892613,0.0
mistral,base,self,pair_10,8,0.25806451612903225,0.10363040452204005,0.0
mistral,base,self,pair_10,9,0.2903225806451613,0.0,0.10831439579825519
mistral,base,self,pair_10,10,0.3225806451612903,0.0,0.0
mistral,base,self,pair_10,11,0.3548387096774194,0.0,0.13748018952569144
mistral,base,self,pair_10,12,0.3870967741935484,0.0,0.0
mistral,base,self,pair_10,13,0.41935483870967744,0.0,0.03633423654647697
mistral,base,self,pair_10,14,0.45161290322580644,0.0,0.18621423580322394
mistral,base,self,pair_10,15,0.4838709677419355,0.004022699921728351,0.03048525334345223
mistral,base,self,pair_10,16,0.5161290322580645,0.11559194958927507,0.07842031086004278
mistral,base,self,pair_10,17,0.5483870967741935,0.11245244020076098,0.2888199428137107
mistral,base,self,pair_10,18,0.5806451612903226,0.10944031893952931,0.2494418930919131
mistral,base,self,pair_10,19,0.6129032258064516,0.18338747667860966,0.32906771166023824
mistral,base,self,pair_10,20,0.6451612903225806,0.5766204111969213,0.26892513372700977
mistral,base,self,pair_10,21,0.6774193548387096,0.5156382988528654,0.5372191069838311
mistral,base,self,pair_10,22,0.7096774193548387,0.5162948505783211,0.7104004811431268
mistral,base,self,pair_10,23,0.7419354838709677,0.8138084969674961,0.6520695724902825
mistral,base,self,pair_10,24,0.7741935483870968,0.8511167069721667,0.7641560768981056
mistral,base,self,pair_10,25,0.8064516129032258,1.0308992935698553,0.9066439967793223
mistral,base,self,pair_10,26,0.8387096774193549,1.1139960188561229,0.9947013670098674
mistral,base,self,pair_10,27,0.8709677419354839,1.2563453996279639,1.135181496989777
mistral,base,self,pair_10,28,0.9032258064516129,1.225332629792342,1.055867674019569
mistral,base,self,pair_10,29,0.9354838709677419,1.5498121539573142,1.0451503586106856
mistral,base,self,pair_10,30,0.967741935483871,1.4962080152057173,1.0446812298993962
mistral,base,self,pair_10,31,1.0,1.4871653373763403,1.1293590839206962
mistral,base,self,pair_11,0,0.0,0.033169038853893267,0.0
mistral,base,self,pair_11,1,0.03225806451612903,0.10422329837262324,0.0
mistral,base,self,pair_11,2,0.06451612903225806,0.0,0.04041611603643091
mistral,base,self,pair_11,3,0.0967741935483871,0.0,0.0
mistral,base,self,pair_11,4,0.12903225806451613,0.0,0.0
mistral,base,self,pair_11,5,0.16129032258064516,0.1389960141335689,0.18807541651531343
mistral,base,self,pair_11,6,0.1935483870967742,0.0,0.02074216016115186
mistral,base,self,pair_11,7,0.22580645161290322,0.0,0.03082122934554886
mistral,base,self,pair_11,8,0.25806451612903225,0.0,0.0432950528099093
mistral,base,self,pair_11,9,0.2903225806451613,0.0,0.0
mistral,base,self,pair_11,10,0.3225806451612903,0.0,0.0
mistral,base,self,pair_11,11,0.3548387096774194,0.06716913024243334,0.0
mistral,base,self,pair_11,12,0.3870967741935484,0.13893242290950855,0.1175661452633449
mistral,base,self,pair_11,13,0.41935483870967744,0.12703600344040444,0.03628772954973455
mistral,base,self,pair_11,14,0.45161290322580644,0.14751065199451177,0.1988612709573056
mistral,base,self,pair_11,15,0.4838709677419355,0.028261334944470893,0.13020832707236593
mistral,base,self,pair_11,16,0.5161290322580645,0.20306650301203394,0.17872149968771528
mistral,base,self,pair_11,17,0.5483870967741935,0.06655791145789403,0.3044071451037535
mistral,base,self,pair_11,18,0.5806451612903226,0.2723955286032585,0.20856239477641095
mistral,base,self,pair_11,19,0.6129032258064516,0.2794740083194866,0.35712927037350867
mistral,base,self,pair_11,20,0.6451612903225806,0.4242592332664539,0.38118366143073096
mistral,base,self,pair_11,21,0.6774193548387096,0.5503483149991002,0.6087013820445518
mistral,base,self,pair_11,22,0.7096774193548387,0.5431821939180599,0.5861600524150701
mistral,base,self,pair_11,23,0.7419354838709677,0.6203865365926381,0.839958163985401
mistral,base,self,pair_11,24,0.7741935483870968,0.7814708160945729,0.7988731752514376
mistral,base,self,pair_11,25,0.8064516129032258,1.1497184155842033,0.9583315576561021
mistral,base,self,pair_11,26,0.8387096774193549,1.1420744333009254,0.9823957450306242
mistral,base,self,pair_11,27,0.8709677419354839,1.2008979035814198,0.906399072703633
mistral,base,self,pair_11,28,0.9032258064516129,1.3424998074511478,0.9713942902351085
mistral,base,self,pair_11,29,0.9354838709677419,1.5286085809818986,0.9667737563411716
mistral,base,self,pair_11,30,0.967741935483871,1.3760507989402688,1.1272158228913944
mistral,base,self,pair_11,31,1.0,1.3818464240246202,1.1476552860757523
mistral,base,self,pair_12,0,0.0,0.05796599830372151,0.12070007460333268
mistral,base,self,pair_12,1,0.03225806451612903,0.014736843166526447,0.0035119828268810396
mistral,base,self,pair_12,2,0.06451612903225806,0.03262031963167906,0.008820043620298871
mistral,base,self,pair_12,3,0.0967741935483871,0.0,0.0061334547245668275
mistral,base,self,pair_12,4,0.12903225806451613,0.10421738696570872,0.015412176730736641
mistral,base,self,pair_12,5,0.16129032258064516,0.004356062059322889,0.0
mistral,base,self,pair_12,6,0.1935483870967742,0.05123746600327071,0.04403651959622007
mistral,base,self,pair_12,7,0.22580645161290322,0.042086556434926745,0.0
mistral,base,self,pair_12,8,0.25806451612903225,0.0,0.0
mistral,base,self,pair_12,9,0.2903225806451613,0.00515087943696368,0.0
mistral,base,self,pair_12,10,0.3225806451612903,0.06571804717469033,0.0
mistral,base,self,pair_12,11,0.3548387096774194,0.0,0.10522606063350487
mistral,base,self,pair_12,12,0.3870967741935484,0.0018803229221918127,0.0524002470910487
mistral,base,self,pair_12,13,0.41935483870967744,0.0,0.04090420140397896
mistral,base,self,pair_12,14,0.45161290322580644,0.03022615352989996,0.09940829565000872
mistral,base,self,pair_12,15,0.4838709677419355,0.13314964912662192,0.07383779929151271
mistral,base,self,pair_12,16,0.5161290322580645,0.06822867991079547,0.302731375698513
mistral,base,self,pair_12,17,0.5483870967741935,0.1118521607943258,0.33338440689463655
mistral,base,self,pair_12,18,0.5806451612903226,0.03419781783629189,0.2662304017021177
mistral,base,self,pair_12,19,0.6129032258064516,0.34339775409102036,0.4116936647462516
mistral,base,self,pair_12,20,0.6451612903225806,0.4557792666898538,0.41143147446486295
mistral,base,self,pair_12,21,0.6774193548387096,0.4548233697910214,0.34389451087475226
mistral,base,self,pair_12,22,0.7096774193548387,0.4601864869426296,0.6726470714288546
mistral,base,self,pair_12,23,0.7419354838709677,0.664461209365426,0.7934377149708709
mistral,base,self,pair_12,24,0.7741935483870968,0.8347512202120703,0.857820075669277
mistral,base,self,pair_12,25,0.8064516129032258,0.927829332572076,0.8088656958717293
mistral,base,self,pair_12,26,0.8387096774193549,1.2036375445754557,1.0068267198270746
mistral,base,self,pair_12,27,0.8709677419354839,1.217048309601707,1.0848174117830316
mistral,base,self,pair_12,28,0.9032258064516129,1.3671254548690557,1.153976265362969
mistral,base,self,pair_12,29,0.9354838709677419,1.3284142108452275,1.036985843478472
mistral,base,self,pair_12,30,0.967741935483871,1.4022117788930075,1.1520443391581718
mistral,base,self,pair_12,31,1.0,1.323322183599753,0.9656414517187719
mistral,base,self,pair_13,0,0.0,0.0336578641233415,0.10055271297312185
mistral,base,self,pair_13,1,0.03225806451612903,0.011263630848463088,0.0
mistral,base,self,pair_13,2,0.06451612903225806,0.01604053461117,0.019923502485386546
mistral,base,self,pair_13,3,0.0967741935483871,0.0,0.025771019793403297
mistral,base,self,pair_13,4,0.12903225806451613,0.09682143346868478,0.0371471408029209
mistral,base,self,pair_13,5,0.16129032258064516,0.0,0.06699349180164706
mistral,base,self,pair_13,6,0.1935483870967742,0.05174027773517545,0.0
mistral,base,self,pair_13,7,0.22580645161290322,0.10820240653709431,0.07738979707363043
mistral,base,self,pair_13,8,0.25806451612903225,0.03273854835896843,0.05309158750037339
mistral,base,self,pair_13,9,0.2903225806451613,0.02540512751286651,0.0
mistral,base,self,pair_13,10,0.3225806451612903,0.06170102390266832,0.03145963165056981
mistral,base,self,pair_13,11,0.3548387096774194,0.10455446693370041,0.0
mistral,base,self,pair_13,12,0.3870967741935484,0.0,0.0
mistral,base,self,pair_13,13,0.41935483870967744,0.11266430420912175,0.06639920975524814
mistral,base,self,pair_13,14,0.45161290322580644,0.0,0.0
mistral,base,self,pair_13,15,0.4838709677419355,0.26420247112801604,0.13281211423324338
mistral,base,self,pair_13,16,0.5161290322580645,0.03623193442673978,0.128120989035742
mistral,base,self,pair_13,17,0.5483870967741935,0.2171687677410813,0.19397095726021021
mistral,base,self,pair_13,18,0.5806451612903226,0.08860719805082977,0.2726980645581846
mistral,base,self,pair_13,19,0.6129032258064516,0.3741415923487227,0.45479292816624817
mistral,base,self,pair_13,20,0.6451612903225806,0.43864003547086866,0.3862064679930236
mistral,base,self,pair_13,21,0.6774193548387096,0.3279274134284632,0.5027568680037651
mistral,base,self,pair_13,22,0.7096774193548387,0.5393020935633634,0.6297764782804204
mistral,base,self,pair_13,23,0.7419354838709677,0.7877244407642309,0.6795242254569837
mistral,base,self,pair_13,24,0.7741935483870968,0.7967568267178051,0.7256544796495865
mistral,base,self,pair_13,25,0.8064516129032258,1.0534501775135816,0.9253681429415003
mistral,base,self,pair_13,26,0.8387096774193549,1.1873132361866485,0.8577770189492255
mistral,base,self,pair_13,27,0.8709677419354839,1.1772383761683658,1.1193987439156936
mistral,base,self,pair_13,28,0.9032258064516129,1.3266624445816033,1.1555592371940377
mistral,base,self,pair_13,29,0.9354838709677419,1.431069435335905,1.1548685884256973
mistral,base,self,pair_13,30,0.967741935483871,1.3486559243508822,1.1137516493188377
mistral,base,self,pair_13,31,1.0,1.4543012521329037,1.3310471536535213
mistral,base,self,pair_14,0,0.0,0.0595486246586357,0.0
mistral,base,self,pair_14,1,0.03225806451612903,0.01517752908629375,0.03616608852374718
mistral,base,self,pair_14,2,0.06451612903225806,0.0,0.060762180053211184
mistral,base,self,pair_14,3,0.0967741935483871,0.08876746500890255,0.20002327709721746
mistral,base,self,pair_14,4,0.12903225806451613,0.12314100106954042,0.02929681917089244
mistral,base,self,pair_14,5,0.16129032258064516,0.0,0.0
mistral,base,self,pair_14,6,0.1935483870967742,0.08192074225942586,0.10634602859826078
mistral,base,self,pair_14,7,0.22580645161290322,0.12288512920101263,0.03666066608858332
mistral,base,self,pair_14,8,0.25806451612903225,0.006885646669231799,0.009280043867199841
mistral,base,self,pair_14,9,0.2903225806451613,0.07340996287540112,0.0
mistral,base,self,pair_14,10,0.3225806451612903,0.0,0.0
mistral,base,self,pair_14,11,0.3548387096774194,0.0,0.027535240968029222
mistral,base,self,pair_14,12,0.3870967741935484,0.11527683531534963,0.05430673164764552
mistral,base,self,pair_14,13,0.41935483870967744,0.07072914795217172,0.05921031194841281
mistral,base,self,pair_14,14,0.45161290322580644,0.0017420991031715238,0.005007591417596949
mistral,base,self,pair_14,15,0.4838709677419355,0.0796342548292977,0.12158934217222318
mistral,base,self,pair_14,16,0.5161290322580645,0.001053120473372332,0.12009082303261628
mistral,base,self,pair_14,17,0.5483870967741935,0.03715784368709474,0.14810897072379503
mistral,base,self,pair_14,18,0.5806451612903226,0.27339757382442764,0.3092969382386865
mistral,base,self,pair_14,19,0.6129032258064516,0.2848673938671483,0.2782463244939399
mistral,base,self,pair_14,20,0.6451612903225806,0.2861432242257028,0.537296798166516
mistral,base,self,pair_14,21,0.6774193548387096,0.3880653421769424,0.4827809977890521
mistral,base,self,pair_14,22,0.7096774193548387,0.6254673765049796,0.7232476456758936
mistral,base,self,pair_14,23,0.7419354838709677,0.8125939907535722,0.7418337666242941
mistral,base,self,pair_14,24,0.7741935483870968,0.8087485905759705,0.8418880307695263
mistral,base,self,pair_14,25,0.8064516129032258,1.0358508494592007,0.8750127469545677
mistral,base,self,pair_14,26,0.8387096774193549,1.0968892383811386,1.0213587271763838
mistral,base,self,pair_14,27,0.8709677419354839,1.3727945227720386,0.882316048339011
mistral,base,self,pair_14,28,0.9032258064516129,1.2976408041396654,0.9347915243671967
mistral,base,self,pair_14,29,0.9354838709677419,1.3597782953311548,1.0714827671685228
mistral,base,self,pair_14,30,0.967741935483871,1.5607856008487633,1.1663330200265172
mistral,base,self,pair_14,31,1.0,1.3439893509433827,1.26814684166142
mistral,base,self,pair_15,0,0.0,0.0,0.05690811781881142
mistral,base,self,pair_15,1,0.03225806451612903,0.1457843678271607,0.03410224470075399
mistral,base,self,pair_15,2,0.06451612903225806,0.058907772833674876,0.04630004009880959
mistral,base,self,pair_15,3,0.0967741935483871,0.0,0.027847972434930004
mistral,base,self,pair_15,4,0.12903225806451613,0.0,0.05200342607482945
mistral,base,self,pair_15,5,0.16129032258064516,0.0,0.0759052877269175
mistral,base,self,pair_15,6,0.1935483870967742,0.0,0.001849290079117205
mistral,base,self,pair_15,7,0.22580645161290322,0.0,0.0
mistral,base,self,pair_15,8,0.25806451612903225,0.04923592425095883,0.0
mistral,base,self,pair_15,9,0.2903225806451613,0.0,0.0
mistral,base,self,pair_15,10,0.3225806451612903,0.0,0.061105678988119146
mistral,base,self,pair_15,11,0.3548387096774194,0.03128369318234809,0.0014651841328721243
mistral,base,self,pair_15,12,0.3870967741935484,0.04314567793236877,0.23121701031209838
mistral,base,self,pair_15,13,0.41935483870967744,0.007645662249541944,0.0
mistral,base,self,pair_15,14,0.45161290322580644,0.0,0.04096453948394312
mistral,base,self,pair_15,15,0.4838709677419355,0.15468980611475616,0.2227647208142512
mistral,base,self,pair_15,16,0.5161290322580645,0.04699005165023968,0.18301124304853178
mistral,base,self,pair_15,17,0.5483870967741935,0.11463310489453378,0.1163006306999778
mistral,base,self,pair_15,18,0.5806451612903226,0.18102034851209153,0.30880251946105153
mistral,base,self,pair_15,19,0.6129032258064516,0.1575845762651787,0.373192831578978
mistral,base,self,pair_15,20,0.6451612903225806,0.42260488336807683,0.3025179675342292
mistral,base,self,pair_15,21,0.6774193548387096,0.4580424818463928,0.5957285009597492
mistral,base,self,pair_15,22,0.7096774193548387,0.6545662203924455,0.5401274570361094
mistral,base,self,pair_15,23,0.7419354838709677,0.6828264364821641,0.7272597922954561
mistral,base,self,pair_15,24,0.7741935483870968,0.9430141838147905,0.9704867211051901
mistral,base,self,pair_15,25,0.8064516129032258,1.013118722487162,0.9952287279343607
mistral,base,self,pair_15,26,0.8387096774193549,1.1014695273913773,0.9321714083940837
mistral,base,self,pair_15,27,0.8709677419354839,1.3023068260531634,1.1473496020142289
mistral,base,self,pair_15,28,0.9032258064516129,1.445035398821471,1.0037742197674309
mistral,base,self,pair_15,29,0.9354838709677419,1.2737275745145278,1.2300610390691484
mistral,base,self,pair_15,30,0.967741935483871,1.2278154277298308,1.1060792196965494
mistral,base,self,pair_15,31,1.0,1.3793988202589742,1.2559271501145315
mistral,base,self,pair_16,0,0.0,0.011413811317996764,0.04428413100276509
mistral,base,self,pair_16,1,0.03225806451612903,0.014803697695562569,0.0
mistral,base,self,pair_16,2,0.06451612903225806,0.04737032543685765,0.0
mistral,base,self,pair_16,3,0.0967741935483871,0.0,0.0
mistral,base,self,pair_16,4,0.12903225806451613,0.0,0.0
mistral,base,self,pair_16,5,0.16129032258064516,0.010224283186391877,0.18254215732544335
mistral,base,self,pair_16,6,0.1935483870967742,0.0,0.07989197990445612
mistral,base,self,pair_16,7,0.22580645161290322,0.0,0.10403518990897878
mistral,base,self,pair_16,8,0.25806451612903225,0.0,0.08642359932455841
mistral,base,self,pair_16,9,0.2903225806451613,0.034446566520086486,0.05282896792234783
mistral,base,self,pair_16,10,0.3225806451612903,0.0,0.0
mistral,base,self,pair_16,11,0.3548387096774194,0.12211819485701839,0.0
mistral,base,self,pair_16,12,0.3870967741935484,0.0,0.08677740852756344
mistral,base,self,pair_16,13,0.41935483870967744,0.18520399561198625,0.16506734626302522
mistral,base,self,pair_16,14,0.45161290322580644,0.1503729158098435,0.0550310583444046
mistral,base,self,pair_16,15,0.4838709677419355,0.07441603726493529,0.06434036209251257
mistral,base,self,pair_16,16,0.5161290322580645,0.06071610281635328,0.17342749434982815
mistral,base,self,pair_16,17,0.5483870967741935,0.06176491080794651,0.3213030718739025
mistral,base,self,pair_16,18,0.5806451612903226,0.1771038099076302,0.24962100555968958
mistral,base,self,pair_16,19,0.6129032258064516,0.1717895255169125,0.4542923307115518
mistral,base,self,pair_16,20,0.6451612903225806,0.3838632614723974,0.41552395236527234
mistral,base,self,pair_16,21,0.6774193548387096,0.34538303812323723,0.5953525784557193
mistral,base,self,pair_16,22,0.7096774193548387,0.558284375992719,0.7042634047941337
mistral,base,self,pair_16,23,0.7419354838709677,0.7140674725183473,0.8364145266245838
mistral,base,self,pair_16,24,0.7741935483870968,0.8528751569994202,0.9388223952286028
mistral,base,self,pair_16,25,0.8064516129032258,1.0579158028055393,0.783811721507981
mistral,base,self,pair_16,26,0.8387096774193549,1.0908818134863136,1.0838524342691902
mistral,base,self,pair_16,27,0.8709677419354839,1.236868055498625,0.9734613768276461
mistral,base,self,pair_16,28,0.9032258064516129,1.300881580085888,1.1525534570766285
mistral,base,self,pair_16,29,0.9354838709677419,1.3835876456470344,1.0804054097546654
mistral,base,self,pair_16,30,0.967741935483871,1.2619129526022892,1.2568726759531537
mistral,base,self,pair_16,31,1.0,1.3544692521533224,1.22761622531816
mistral,base,self,pair_17,0,0.0,0.0,0.0
mistral,base,self,pair_17,1,0.03225806451612903,0.0,0.06976072638017579
mistral,base,self,pair_17,2,0.06451612903225806,0.0,0.04731172889035441
mistral,base,self,pair_17,3,0.0967741935483871,0.1398833965224118,0.012713496222299309
mistral,base,self,pair_17,4,0.12903225806451613,0.0,0.0
mistral,base,self,pair_17,5,0.16129032258064516,0.0,0.07250743339213568
mistral,base,self,pair_17,6,0.1935483870967742,0.05759179906432453,0.031763063030560146
mistral,base,self,pair_17,7,0.22580645161290322,0.0,0.0
mistral,base,self,pair_17,8,0.25806451612903225,0.0,0.0
mistral,base,self,pair_17,9,0.2903225806451613,0.0,0.0
mistral,base,self,pair_17,10,0.3225806451612903,0.0,0.08966830262361714
mistral,base,self,pair_17,11,0.3548387096774194,0.0,0.0
mistral,base,self,pair_17,12,0.3870967741935484,0.09086429247063618,0.0
mistral,base,self,pair_17,13,0.41935483870967744,0.014935211907443981,0.07087420159846135
mistral,base,self,pair_17,14,0.45161290322580644,0.048911544488612464,0.23776538341612463
mistral,base,self,pair_17,15,0.4838709677419355,0.05687317533609263,0.06870611629728537
mistral,base,self,pair_17,16,0.5161290322580645,0.04946322409888377,0.16784679206503533
mistral,base,self,pair_17,17,0.5483870967741935,0.04908958337249594,0.0924308370751417
mistral,base,self,pair_17,18,0.5806451612903226,0.10915212690293069,0.2562609133351478
mistral,base,self,pair_17,19,0.6129032258064516,0.3749141240794266,0.30293584215788294
mistral,base,self,pair_17,20,0.6451612903225806,0.2834833334797514,0.3289761008351768
mistral,base,self,pair_17,21,0.6774193548387096,0.5497849715026923,0.5619842512046987
mistral,base,self,pair_17,22,0.7096774193548387,0.6364479902468785,0.6666028784920303
mistral,base,self,pair_17,23,0.7419354838709677,0.6567648122848039,0.7406100214098895
mistral,base,self,pair_17,24,0.7741935483870968,0.7790389019543469,0.8507840881411552
mistral,base,self,pair_17,25,0.8064516129032258,1.0905847977770975,1.0990018588618722
mistral,base,self,pair_17,26,0.8387096774193549,1.044495918719734,1.0589429510199002
mistral,base,self,pair_17,27,0.8709677419354839,1.2856578661523241,0.9230620670445892
mistral,base,self,pair_17,28,0.9032258064516129,1.3137436776643632,1.170014583269884
mistral,base,self,pair_17,29,0.9354838709677419,1.3035448325450676,1.1313051065572477
mistral,base,self,pair_17,30,0.967741935483871,1.3848634379175657,1.1510740401398483
mistral,base,self,pair_17,31,1.0,1.3706187597384143,1.1504363719376636
mistral,base,self,pair_18,0,0.0,0.03866844147297367,0.0
mistral,base,self,pair_18,1,0.03225806451612903,0.0,0.0
mistral,base,self,pair_18,2,0.06451612903225806,0.0,0.005000873359930165
mistral,base,self,pair_18,3,0.0967741935483871,0.0,0.07458645642462507
mistral,base,self,pair_18,4,0.12903225806451613,0.02257708991743816,0.0
mistral,base,self,pair_18,5,0.16129032258064516,0.11780405879907696,0.0
mistral,base,self,pair_18,6,0.1935483870967742,0.0,0.09959396307438173
mistral,base,self,pair_18,7,0.22580645161290322,0.0,0.17530758001543323
mistral,base,self,pair_18,8,0.25806451612903225,0.0,0.0
mistral,base,self,pair_18,9,0.2903225806451613,0.02390184824286298,0.0
mistral,base,self,pair_18,10,0.3225806451612903,0.01532151248237014,0.0
mistral,base,self,pair_18,11,0.3548387096774194,0.0,0.060005682689126386
mistral,base,self,pair_18,12,0.3870967741935484,0.027000351290670584,0.030022640302956267
mistral,base,self,pair_18,13,0.41935483870967744,0.0,0.05133717821697484
mistral,base,self,pair_18,14,0.45161290322580644,0.0,0.18674987686880412
mistral,base,self,pair_18,15,0.4838709677419355,0.0,0.14593923097515746
mistral,base,self,pair_18,16,0.5161290322580645,0.11202787520666417,0.022510778078305482
mistral,base,self,pair_18,17,0.5483870967741935,0.14808231027211405,0.3067592414203536
mistral,base,self,pair_18,18,0.5806451612903226,0.15620703198173708,0.3331064813773711
mistral,base,self,pair_18,19,0.6129032258064516,0.23732778942888214,0.36696683364240723
mistral,base,self,pair_18,20,0.6451612903225806,0.4003432896746176,0.42615976832259866
mistral,base,self,pair_18,21,0.6774193548387096,0.48782770222749694,0.4083816797494713
mistral,base,self,pair_18,22,0.7096774193548387,0.5800347826294577,0.4872126039588798
mistral,base,self,pair_18,23,0.7419354838709677,0.680469782371852,0.6693282637358896
mistral,base,self,pair_18,24,0.7741935483870968,0.8912418277470856,0.7790901377955173
mistral,base,self,pair_18,25,0.8064516129032258,1.143508116860947,0.8608068189688982
mistral,base,self,pair_18,26,0.8387096774193549,1.0304789706368656,0.7933318571692232
mistral,base,self,pair_18,27,0.8709677419354839,1.2133491675230974,0.9893398762757328
mistral,base,self,pair_18,28,0.9032258064516129,1.3557743989573785,1.1308517972471266
mistral,base,self,pair_18,29,0.9354838709677419,1.4153580491399222,1.0222845001950422
mistral,base,self,pair_18,30,0.967741935483871,1.2980785407436843,1.0889375858637067
mistral,base,self,pair_18,31,1.0,1.35607291128585,1.153809359699621
mistral,base,self,pair_19,0,0.0,0.0,0.05820294313814795
mistral,base,self,pair_19,1,0.03225806451612903,0.0,0.0
mistral,base,self,pair_19,2,0.06451612903225806,0.0552059718946375,0.20790687398493496
mistral,base,self,pair_19,3,0.0967741935483871,0.051656796103268086,0.0
mistral,base,self,pair_19,4,0.12903225806451613,0.0,0.13214350641652411
mistral,base,self,pair_19,5,0.16129032258064516,0.0,0.004572244948240943
mistral,base,self,pair_19,6,0.1935483870967742,0.0,0.08691193419209428
mistral,base,self,pair_19,7,0.22580645161290322,0.019596023469962382,0.0
mistral,base,self,pair_19,8,0.25806451612903225,0.0,0.0
mistral,base,self,pair_19,9,0.2903225806451613,0.0,0.07901851034369728
mistral,base,self,pair_19,10,0.3225806451612903,0.0,0.0
mistral,base,self,pair_19,11,0.3548387096774194,0.14437330931460007,0.17601966221711263
mistral,base,self,pair_19,12,0.3870967741935484,0.17111790957982317,0.08378173082299697
mistral,base,self,pair_19,13,0.41935483870967744,0.09500849142822415,0.0045488651233645955
mistral,base,self,pair_19,14,0.45161290322580644,0.0,0.0
mistral,base,self,pair_19,15,0.4838709677419355,0.0989284050086939,0.18139396059326127
mistral,base,self,pair_19,16,0.5161290322580645,0.13325449983762153,0.1385208693408339
mistral,base,self,pair_19,17,0.5483870967741935,0.09231920455274563,0.2923609736883184
mistral,base,self,pair_19,18,0.5806451612903226,0.09325350001379494,0.29579170753187545
mistral,base,self,pair_19,19,0.6129032258064516,0.34128297478568287,0.3970245323460036
mistral,base,self,pair_19,20,0.6451612903225806,0.36493131570867343,0.480911344780383
mistral,base,self,pair_19,21,0.6774193548387096,0.4809184247224396,0.5221329804349037
mistral,base,self,pair_19,22,0.7096774193548387,0.43803440814409367,0.4799718817480412
mistral,base,self,pair_19,23,0.7419354838709677,0.7357275036333211,0.7054520866960764
mistral,base,self,pair_19,24,0.7741935483870968,1.0037021850586452,0.8247662338286242
mistral,base,self,pair_19,25,0.8064516129032258,1.1680755575307342,0.8261989836906776
mistral,base,self,pair_19,26,0.8387096774193549,1.2316747724884678,1.0014335888748216
mistral,base,self,pair_19,27,0.8709677419354839,1.32542476192355,0.9501259946734308
mistral,base,self,pair_19,28,0.9032258064516129,1.2332994006460043,1.0200865921359519
mistral,base,self,pair_19,29,0.9354838709677419,1.476567137968385,1.1385441676070742
mistral,base,self,pair_19,30,0.967741935483871,1.500553660677533,1.0379560337847158
mistral,base,self,pair_19,31,1.0,1.5641674993914192,1.2458564103364471
mistral,base,self,pair_20,0,0.0,0.0,0.0
mistral,base,self,pair_20,1,0.03225806451612903,0.0,0.04759805028824876
mistral,base,self,pair_20,2,0.06451612903225806,0.0,0.05390082304122655
mistral,base,self,pair_20,3,0.0967741935483871,0.0,0.11038155008283632
mistral,base,self,pair_20,4,0.12903225806451613,0.097087521940633,0.0761653098411852
mistral,base,self,pair_20,5,0.16129032258064516,0.0,0.08407554574441502
mistral,base,self,pair_20,6,0.1935483870967742,0.0,0.11944679478581843
mistral,base,self,pair_20,7,0.22580645161290322,0.0,0.0
mistral,base,self,pair_20,8,0.25806451612903225,0.07174017764550449,0.0
mistral,base,self,pair_20,9,0.2903225806451613,0.0,0.0
mistral,base,self,pair_20,10,0.3225806451612903,0.0,0.0
mistral,base,self,pair_20,11,0.3548387096774194,0.022808547803213255,0.03055328942383152
mistral,base,self,pair_20,12,0.3870967741935484,0.022975735210211692,0.0
mistral,base,self,pair_20,13,0.41935483870967744,0.0,0.10115795923616552
mistral,base,self,pair_20,14,0.45161290322580644,0.0,0.0
mistral,base,self,pair_20,15,0.4838709677419355,0.05342868974664615,0.3016330273386227
mistral,base,self,pair_20,16,0.5161290322580645,0.25816888743153504,0.0
mistral,base,self,pair_20,17,0.5483870967741935,0.08435004250938624,0.2019155653778024
mistral,base,self,pair_20,18,0.5806451612903226,0.1609466245857376,0.27230491243956645
mistral,base,self,pair_20,19,0.6129032258064516,0.1913204629235258,0.3352019622489838
mistral,base,self,pair_20,20,0.6451612903225806,0.23609815662938202,0.3074385938149333
mistral,base,self,pair_20,21,0.6774193548387096,0.35062101580894933,0.5292963851120446
mistral,base,self,pair_20,22,0.7096774193548387,0.6207967197379965,0.8151158220093855
mistral,base,self,pair_20,23,0.7419354838709677,0.6574839920349472,0.8002650663438732
mistral,base,self,pair_20,24,0.7741935483870968,0.8513651238237501,0.7811517407272458
mistral,base,self,pair_20,25,0.8064516129032258,1.0474763966726115,0.8791281369725631
mistral,base,self,pair_20,26,0.8387096774193549,1.0522099543489278,0.9003000611615635
mistral,base,self,pair_20,27,0.8709677419354839,1.13567692194335,0.928316958144493
mistral,base,self,pair_20,28,0.9032258064516129,1.3288771435271658,1.0759085478528663
mistral,base,self,pair_20,29,0.9354838709677419,1.263111857162486,0.9751709045796836
mistral,base,self,pair_20,30,0.967741935483871,1.4720392271046825,1.105779072361489
mistral,base,self,pair_20,31,1.0,1.4163940715730952,1.12806848873398
mistral,base,self,pair_21,0,0.0,0.0,0.0
mistral,base,self,pair_21,1,0.03225806451612903,0.0910188956253611,0.08590989429299725
mistral,base,self,pair_21,2,0.06451612903225806,0.010127068602657349,0.0
mistral,base,self,pair_21,3,0.0967741935483871,0.002423425727107153,0.004888983786439262
mistral,base,self,pair_21,4,0.12903225806451613,0.04933532096408583,0.041689856351564324
mistral,base,self,pair_21,5,0.16129032258064516,0.09744826531359196,0.0
mistral,base,self,pair_21,6,0.1935483870967742,0.0,0.15169432885590545
mistral,base,self,pair_21,7,0.22580645161290322,0.15867495055101347,0.055755598131708196
mistral,base,self,pair_21,8,0.25806451612903225,0.0,0.08131994254762874
mistral,base,self,pair_21,9,0.2903225806451613,0.0018413039587589618,0.0
mistral,base,self,pair_21,10,0.3225806451612903,0.06642831428656247,0.23821457311902094
mistral,base,self,pair_21,11,0.3548387096774194,0.02500113996151787,0.035544513339383355
mistral,base,self,pair_21,12,0.3870967741935484,0.0,0.0171368248714064
mistral,base,self,pair_21,13,0.41935483870967744,0.17723841643037164,0.04537383040677391
mistral,base,self,pair_21,14,0.45161290322580644,0.0,0.051239460367577726
mistral,base,self,pair_21,15,0.4838709677419355,0.08541204456654311,0.03663613014533647
mistral,base,self,pair_21,16,0.5161290322580645,0.12307917609325053,0.09983983237561098
mistral,base,self,pair_21,17,0.5483870967741935,0.17513629463854136,0.3535725917884837
mistral,base,self,pair_21,18,0.5806451612903226,0.13223438646493751,0.30654620713896574
mistral,base,self,pair_21,19,0.6129032258064516,0.3121069268746615,0.4096854266836168
mistral,base,self,pair_21,20,0.6451612903225806,0.3747773848698546,0.5447178140883296
mistral,base,self,pair_21,21,0.6774193548387096,0.24794158462863194,0.5208948805955373
mistral,base,self,pair_21,22,0.7096774193548387,0.4968154743678644,0.6616337518915685
mistral,base,self,pair_21,23,0.7419354838709677,0.8240393608604739,0.7457428245117598
mistral,base,self,pair_21,24,0.7741935483870968,0.8148056432571404,0.8629041999751147
mistral,base,self,pair_21,25,0.8064516129032258,1.185947822764392,0.8760864864329119
mistral,base,self,pair_21,26,0.8387096774193549,1.1041808639806867,0.9985543798816199
mistral,base,self,pair_21,27,0.8709677419354839,1.2080546422194842,1.0955769726686573
mistral,base,self,pair_21,28,0.9032258064516129,1.2029007964764276,1.018524332414833
mistral,base,self,pair_21,29,0.9354838709677419,1.162253005063909,1.1036886183547558
mistral,base,self,pair_21,30,0.967741935483871,1.4170478706081913,1.0654649946855033
mistral,base,self,pair_21,31,1.0,1.3606849907605965,1.166048032649624
mistral,base,self,pair_22,0,0.0,0.2183457330642442,0.0
mistral,base,self,pair_22,1,0.03225806451612903,0.038186406357871114,0.0
mistral,base,self,pair_22,2,0.06451612903225806,0.0,0.07474481838083041
mistral,base,self,pair_22,3,0.0967741935483871,0.011591712690695987,0.0
mistral,base,self,pair_22,4,0.12903225806451613,0.0,0.0
mistral,base,self,pair_22,5,0.16129032258064516,0.11183102137659816,0.0
mistral,base,self,pair_22,6,0.1935483870967742,0.0,0.003630757791725642
mistral,base,self,pair_22,7,0.22580645161290322,0.0,0.1513545769276666
mistral,base,self,pair_22,8,0.25806451612903225,0.0,0.12066827054872065
mistral,base,self,pair_22,9,0.2903225806451613,0.0,0.0
mistral,base,self,pair_22,10,0.3225806451612903,0.19745161817831985,0.0
mistral,base,self,pair_22,11,0.3548387096774194,0.0,0.1415407933601096
mistral,base,self,pair_22,12,0.3870967741935484,0.12063905856085413,0.09862334534782916
mistral,base,self,pair_22,13,0.41935483870967744,0.07000425500592186,0.22795817811948785
mistral,base,self,pair_22,14,0.45161290322580644,0.17750769546161377,0.17159662164998152
mistral,base,self,pair_22,15,0.4838709677419355,0.07774048751126512,0.0
mistral,base,self,pair_22,16,0.5161290322580645,0.11895616829657565,0.1307834298779106
mistral,base,self,pair_22,17,0.5483870967741935,0.27237296606747635,0.20952245746256692
mistral,base,self,pair_22,18,0.5806451612903226,0.15963566037053153,0.2588809450684648
mistral,base,self,pair_22,19,0.6129032258064516,0.29503882804267073,0.33233295919863065
mistral,base,self,pair_22,20,0.6451612903225806,0.39126494168398157,0.5563799435633803
mistral,base,self,pair_22,21,0.6774193548387096,0.46133740241055005,0.6013331865011177
mistral,base,self,pair_22,22,0.7096774193548387,0.6344754005389804,0.6928669641708566
mistral,base,self,pair_22,23,0.7419354838709677,0.5983098169882493,0.6696520887199762
mistral,base,self,pair_22,24,0.7741935483870968,0.8967190207831385,0.8565252717595881
mistral,base,self,pair_22,25,0.8064516129032258,1.0120056349978972,0.702448714665606
mistral,base,self,pair_22,26,0.8387096774193549,1.0418902525823264,0.8057276163442735
mistral,base,self,pair_22,27,0.8709677419354839,1.3552563336972194,0.8942377605997955
mistral,base,self,pair_22,28,0.9032258064516129,1.3074724424986541,1.1298992672760164
mistral,base,self,pair_22,29,0.9354838709677419,1.2852470608109368,0.9952509351494672
mistral,base,self,pair_22,30,0.967741935483871,1.3872712187204863,0.948038596853013
mistral,base,self,pair_22,31,1.0,1.4209776671115018,1.090854065782466
mistral,base,self,pair_23,0,0.0,0.031984737344076884,0.0
mistral,base,self,pair_23,1,0.03225806451612903,0.05235615246253998,0.08094275724810336
mistral,base,self,pair_23,2,0.06451612903225806,0.0,0.03245988911203011
mistral,base,self,pair_23,3,0.0967741935483871,0.0,0.13034863901232815
mistral,base,self,pair_23,4,0.12903225806451613,0.062118076870696426,0.0
mistral,base,self,pair_23,5,0.16129032258064516,0.0,0.0
mistral,base,self,pair_23,6,0.1935483870967742,0.0,0.0
mistral,base,self,pair_23,7,0.22580645161290322,0.0,0.10166695157640461
mistral,base,self,pair_23,8,0.25806451612903225,0.01933976871832031,0.09598206384275353
mistral,base,self,pair_23,9,0.2903225806451613,0.007852440941477795,0.00978497938058333
mistral,base,self,pair_23,10,0.3225806451612903,0.0,0.0
mistral,base,self,pair_23,11,0.3548387096774194,0.025185100165861223,0.1497235970814797
mistral,base,self,pair_23,12,0.3870967741935484,0.014062644030986836,0.11040946903217111
mistral,base,self,pair_23,13,0.41935483870967744,0.0,0.04247023152841621
mistral,base,self,pair_23,14,0.45161290322580644,0.039150218843709346,0.11075772065274975
mistral,base,self,pair_23,15,0.4838709677419355,0.05601630724855275,0.12241020368976312
mistral,base,self,pair_23,16,0.5161290322580645,0.06772469839200593,0.20514531429920807
mistral,base,self,pair_23,17,0.5483870967741935,0.15522478494529146,0.18478833579287401
mistral,base,self,pair_23,18,0.5806451612903226,0.1075474260422472,0.21823072021678838
mistral,base,self,pair_23,19,0.6129032258064516,0.37887751626732635,0.38058397658736404
mistral,base,self,pair_23,20,0.6451612903225806,0.4057191367603835,0.5054443009738986
mistral,base,self,pair_23,21,0.6774193548387096,0.45022436570205326,0.5601315540868559
mistral,base,self,pair_23,22,0.7096774193548387,0.6054817914178884,0.5086134989448602
mistral,base,self,pair_23,23,0.7419354838709677,0.748207901843523,0.6700059951611088
mistral,base,self,pair_23,24,0.7741935483870968,0.7993840728917243,0.8359806073462835
mistral,base,self,pair_23,25,0.8064516129032258,1.2176177064985279,0.7572657714980955
mistral,base,self,pair_23,26,0.8387096774193549,0.9524598529415866,0.9684114742778961
mistral,base,self,pair_23,27,0.8709677419354839,1.0556071960497306,1.0046960142800023
mistral,base,self,pair_23,28,0.9032258064516129,1.127288987648392,1.0969451725469714
mistral,base,self,pair_23,29,0.9354838709677419,1.3491034925563632,1.0218011471394988
mistral,base,self,pair_23,30,0.967741935483871,1.4947583946340626,1.138018443608654
mistral,base,self,pair_23,31,1.0,1.4791554249392034,1.0491885184278407
mistral,base,self,pair_24,0,0.0,0.03002252207138445,0.0
mistral,base,self,pair_24,1,0.03225806451612903,0.1902800367768805,0.07552758077552288
mistral,base,self,pair_24,2,0.06451612903225806,0.015071927542743432,0.0894357287324532
mistral,base,self,pair_24,3,0.0967741935483871,0.013331518619224325,0.0
mistral,base,self,pair_24,4,0.12903225806451613,0.013130992783628167,0.0
mistral,base,self,pair_24,5,0.16129032258064516,0.0,0.023480134674593048
mistral,base,self,pair_24,6,0.1935483870967742,0.0,0.17492122510610755
mistral,base,self,pair_24,7,0.22580645161290322,0.0,0.030552495530848933
mistral,base,self,pair_24,8,0.25806451612903225,0.1631149261364814,0.0778892078183586
mistral,base,self,pair_24,9,0.2903225806451613,0.17787365378248557,0.03250924302314688
mistral,base,self,pair_24,10,0.3225806451612903,0.0,0.0
mistral,base,self,pair_24,11,0.3548387096774194,0.0,0.05408553315951373
mistral,base,self,pair_24,12,0.3870967741935484,0.09392827820201403,0.13019432606621453
mistral,base,self,pair_24,13,0.41935483870967744,0.0,0.013908894985157766
mistral,base,self,pair_24,14,0.45161290322580644,0.07655539143006837,0.0
mistral,base,self,pair_24,15,0.4838709677419355,0.0,0.14138581832487576
mistral,base,self,pair_24,16,0.5161290322580645,0.09850965986390409,0.23855459585126076
mistral,base,self,pair_24,17,0.5483870967741935,0.12967101646252852,0.18927767220886135
mistral,base,self,pair_24,18,0.5806451612903226,0.10024787198771837,0.30243305234510004
mistral,base,self,pair_24,19,0.6129032258064516,0.21842452339720883,0.4143539219782191
mistral,base,self,pair_24,20,0.6451612903225806,0.22180677624717143,0.581711660396842
mistral,base,self,pair_24,21,0.6774193548387096,0.3845892530655665,0.49902538084067233
mistral,base,self,pair_24,22,0.7096774193548387,0.6284411504316573,0.6798484779493689
mistral,base,self,pair_24,23,0.7419354838709677,0.7560503271083469,0.6744480677197782
mistral,base,self,pair_24,24,0.7741935483870968,0.6843421374412444,0.7977774041023974
mistral,base,self,pair_24,25,0.8064516129032258,1.0502524084409814,0.9263897832086395
mistral,base,self,pair_24,26,0.8387096774193549,1.1905294796185713,0.9295194888356977
mistral,base,self,pair_24,27,0.8709677419354839,1.1510811792553333,0.9188560315796792
mistral,base,self,pair_24,28,0.9032258064516129,1.339419662622684,1.078076752629508
mistral,base,self,pair_24,29,0.9354838709677419,1.3488302049441148,1.0892206518873375
mistral,base,self,pair_24,30,0.967741935483871,1.3742131040452543,1.089493325176752
mistral,base,self,pair_24,31,1.0,1.4814182758307013,1.0803270280948034
mistral,base,self,pair_25,0,0.0,0.12149295580438164,0.12213793969090794
mistral,base,self,pair_25,1,0.03225806451612903,0.13782547326618222,0.10035130247282423
mistral,base,self,pair_25,2,0.06451612903225806,0.0,0.07714152087641162
mistral,base,self,pair_25,3,0.0967741935483871,0.0,0.012269888719716536
mistral,base,self,pair_25,4,0.12903225806451613,0.038014975075025104,0.0
mistral,base,self,pair_25,5,0.16129032258064516,0.0011891946581831887,0.06458253552780464
mistral,base,self,pair_25,6,0.1935483870967742,0.07783547572340928,0.07072942526472976
mistral,base,self,pair_25,7,0.22580645161290322,0.20568076238156766,0.18071879474823907
mistral,base,self,pair_25,8,0.25806451612903225,0.012141953538343745,0.02535633202027572
mistral,base,self,pair_25,9,0.2903225806451613,0.04051881510067934,0.07162244910455737
mistral,base,self,pair_25,10,0.3225806451612903,0.13843837897302722,0.0
mistral,base,self,pair_25,11,0.3548387096774194,0.0,0.02838117604176425
mistral,base,self,pair_25,12,0.3870967741935484,0.2618831883681018,0.15743372527100002
mistral,base,self,pair_25,13,0.41935483870967744,0.0,0.07872022545816966
mistral,base,self,pair_25,14,0.45161290322580644,0.0,0.12762474563825074
mistral,base,self,pair_25,15,0.4838709677419355,0.04468766052823708,0.23138244611321993
mistral,base,self,pair_25,16,0.5161290322580645,0.19391070562824902,0.3030393434254962
mistral,base,self,pair_25,17,0.5483870967741935,0.15340220774207092,0.2716818450345893
mistral,base,self,pair_25,18,0.5806451612903226,0.2715509058237357,0.33510338528009065
mistral,base,self,pair_25,19,0.6129032258064516,0.18231660759632645,0.28419949959913143
mistral,base,self,pair_25,20,0.6451612903225806,0.37712679082329614,0.31162153975519746
mistral,base,self,pair_25,21,0.6774193548387096,0.5796388750568965,0.46167434406203284
mistral,base,self,pair_25,22,0.7096774193548387,0.6723909799276708,0.6153184442966537
mistral,base,self,pair_25,23,0.7419354838709677,0.5936916822941015,0.7468416833783624
mistral,base,self,pair_25,24,0.7741935483870968,0.8349795275752633,0.7085128424464001
mistral,base,self,pair_25,25,0.8064516129032258,1.0831638214444395,0.9027588553415781
mistral,base,self,pair_25,26,0.8387096774193549,1.1112483557297599,1.099830861703392
mistral,base,self,pair_25,27,0.8709677419354839,1.097784514485092,1.1413591397227805
mistral,base,self,pair_25,28,0.9032258064516129,1.353105569875758,1.0944718266579405
mistral,base,self,pair_25,29,0.9354838709677419,1.1507949137202524,1.1379887760608014
mistral,base,self,pair_25,30,0.967741935483871,1.3720745956925726,1.2537758700138295
mistral,base,self,pair_25,31,1.0,1.4239954298286195,1.0285359789479664
mistral,base,self,pair_26,0,0.0,0.0,0.0
mistral,base,self,pair_26,1,0.03225806451612903,0.03016083478518287,0.0
mistral,base,self,pair_26,2,0.06451612903225806,0.09111732448116792,0.06329951324808772
mistral,base,self,pair_26,3,0.0967741935483871,0.0,0.15732182663955427
mistral,base,self,pair_26,4,0.12903225806451613,0.02344850623503692,0.0
mistral,base,self,pair_26,5,0.16129032258064516,0.0,0.11783909640824394
mistral,base,self,pair_26,6,0.1935483870967742,0.10755841908467452,0.08033391568882564
mistral,base,self,pair_26,7,0.22580645161290322,0.0,0.0
mistral,base,self,pair_26,8,0.25806451612903225,0.0,0.14097729012536597
mistral,base,self,pair_26,9,0.2903225806451613,0.005963950558168723,0.07467644155505948
mistral,base,self,pair_26,10,0.3225806451612903,0.0,0.0
mistral,base,self,pair_26,11,0.3548387096774194,0.007321189717841332,0.079176423860633
mistral,base,self,pair_26,12,0.3870967741935484,0.03208408778071703,0.08205331786325562
mistral,base,self,pair_26,13,0.41935483870967744,0.01302704819288389,0.08579898003323655
mistral,base,self,pair_26,14,0.45161290322580644,0.07631392506190568,0.06422566447464025
mistral,base,self,pair_26,15,0.4838709677419355,0.0,0.10037361447949056
mistral,base,self,pair_26,16,0.5161290322580645,0.18844870081098214,0.0
mistral,base,self,pair_26,17,0.5483870967741935,0.07116636043667635,0.215829542398926
mistral,base,self,pair_26,18,0.5806451612903226,0.05859913847189355,0.40654065534263495
mistral,base,self,pair_26,19,0.6129032258064516,0.22779406504664562,0.37945150187530263
mistral,base,self,pair_26,20,0.6451612903225806,0.26885351183286765,0.3906291743673064
mistral,base,self,pair_26,21,0.6774193548387096,0.4331696507131639,0.49435863596696045
mistral,base,self,pair_26,22,0.7096774193548387,0.5277043654117546,0.5551416470606848
mistral,base,self,pair_26,23,0.7419354838709677,0.7612614660403845,0.6051613733814494
mistral,base,self,pair_26,24,0.7741935483870968,0.9514176651572238,0.8424712105282891
mistral,base,self,pair_26,25,0.8064516129032258,0.9757817417588739,0.9396506080864061
mistral,base,self,pair_26,26,0.8387096774193549,1.0088069914955942,0.9457052133889009
mistral,base,self,pair_26,27,0.8709677419354839,1.126704789556722,1.010154394865998
mistral,base,self,pair_26,28,0.9032258064516129,1.2422052183400814,0.9673659220910513
mistral,base,self,pair_26,29,0.9354838709677419,1.269027630495414,1.1186754550360773
mistral,base,self,pair_26,30,0.967741935483871,1.3352838151736899,1.0227340068702413
mistral,base,self,pair_26,31,1.0,1.4359774030017167,1.1720197207305147
mistral,base,self,pair_27,0,0.0,0.0,0.0
mistral,base,self,pair_27,1,0.03225806451612903,0.08913384750704001,0.0
mistral,base,self,pair_27,2,0.06451612903225806,0.11179031844542778,0.0
mistral,base,self,pair_27,3,0.0967741935483871,0.07294699844688148,0.0
mistral,base,self,pair_27,4,0.12903225806451613,0.0,0.0
mistral,base,self,pair_27,5,0.16129032258064516,0.14011413320621344,0.0
mistral,base,self,pair_27,6,0.1935483870967742,0.0,0.0
mistral,base,self,pair_27,7,0.22580645161290322,0.0,0.005781763994131052
mistral,base,self,pair_27,8,0.25806451612903225,0.0,0.0
mistral,base,self,pair_27,9,0.2903225806451613,0.06358162716689005,0.0
mistral,base,self,pair_27,10,0.3225806451612903,0.0638268002326161,0.10178970021844855
mistral,base,self,pair_27,11,0.3548387096774194,0.08747990660465425,0.0
mistral,base,self,pair_27,12,0.3870967741935484,0.0,0.03756387177540357
mistral,base,self,pair_27,13,0.41935483870967744,0.0300105697336514,0.0
mistral,base,self,pair_27,14,0.45161290322580644,0.12695462071341176,0.2252404730177721
mistral,base,self,pair_27,15,0.4838709677419355,0.0064837855131387664,0.09395458975852256
mistral,base,self,pair_27,16,0.5161290322580645,0.22725240790202678,0.1888174560680002
mistral,base,self,pair_27,17,0.5483870967741935,0.1455730549421246,0.22923285091450973
mistral,base,self,pair_27,18,0.5806451612903226,0.011366974225116594,0.19576378740873113
mistral,base,self,pair_27,19,0.6129032258064516,0.3465152289784749,0.2603195728026801
mistral,base,self,pair_27,20,0.6451612903225806,0.4180381394929978,0.48869505442220856
mistral,base,self,pair_27,21,0.6774193548387096,0.3701980618362696,0.5925040813436984
mistral,base,self,pair_27,22,0.7096774193548387,0.6128914487544205,0.7810707821309719
mistral,base,self,pair_27,23,0.7419354838709677,0.7259552589304186,0.7359129947643908
mistral,base,self,pair_27,24,0.7741935483870968,0.768391753428377,0.9669517453198713
mistral,base,self,pair_27,25,0.8064516129032258,0.8176566530758383,0.9018796263343628
mistral,base,self,pair_27,26,0.8387096774193549,1.1445363479249744,0.9945068864742682
mistral,base,self,pair_27,27,0.8709677419354839,1.2510964500500243,1.0098158281746736
mistral,base,self,pair_27,28,0.9032258064516129,1.4241336450158113,1.1528885901646502
mistral,base,self,pair_27,29,0.9354838709677419,1.4329370588761454,1.2914067375053842
mistral,base,self,pair_27,30,0.967741935483871,1.3418927685046331,1.1058044222833652
mistral,base,self,pair_27,31,1.0,1.443581118279579,1.0346125592407431
mistral,base,self,pair_28,0,0.0,0.09681516214084421,0.0
mistral,base,self,pair_28,1,0.03225806451612903,0.008634104740649863,0.033518452697972864
mistral,base,self,pair_28,2,0.06451612903225806,0.0,0.0
mistral,base,self,pair_28,3,0.0967741935483871,0.026048009976335145,0.0
mistral,base,self,pair_28,4,0.12903225806451613,0.003079502898967203,0.0
mistral,base,self,pair_28,5,0.16129032258064516,0.0479547938884587,0.04792517259465536
mistral,base,self,pair_28,6,0.1935483870967742,0.0,0.05744159497261569
mistral,base,self,pair_28,7,0.22580645161290322,0.057984089798518164,0.06243665670263535
mistral,base,self,pair_28,8,0.25806451612903225,0.0,0.0
mistral,base,self,pair_28,9,0.2903225806451613,0.0,0.0
mistral,base,self,pair_28,10,0.3225806451612903,0.03306178064424078,0.0
mistral,base,self,pair_28,11,0.3548387096774194,0.04643387468787468,0.0
mistral,base,self,pair_28,12,0.3870967741935484,0.0,0.0
mistral,base,self,pair_28,13,0.41935483870967744,0.042573764741292264,0.0
mistral,base,self,pair_28,14,0.45161290322580644,0.08765754501010316,0.10840043311448777
mistral,base,self,pair_28,15,0.4838709677419355,0.17257080225167334,0.23209085782431205
mistral,base,self,pair_28,16,0.5161290322580645,0.20262691432772517,0.0691537257922969
mistral,base,self,pair_28,17,0.5483870967741935,0.08530032155490107,0.2784731345997932
mistral,base,self,pair_28,18,0.5806451612903226,0.1323118684840284,0.28896355927038603
mistral,base,self,pair_28,19,0.6129032258064516,0.13384701178999303,0.3937973875486661
mistral,base,self,pair_28,20,0.6451612903225806,0.3336110230708463,0.3509846613437958
mistral,base,self,pair_28,21,0.6774193548387096,0.546573870671098,0.4386072577721434
mistral,base,self,pair_28,22,0.7096774193548387,0.6177918562543298,0.7199757185790684
mistral,base,self,pair_28,23,0.7419354838709677,0.7104416852848497,0.7171034959387206
mistral,base,self,pair_28,24,0.7741935483870968,0.9418718784941223,0.9227002617815385
mistral,base,self,pair_28,25,0.8064516129032258,0.987823599083417,0.8394719292158482
mistral,base,self,pair_28,26,0.8387096774193549,1.0218692203265236,0.9037949925113744
mistral,base,self,pair_28,27,0.8709677419354839,1.3405387873625858,0.8695672466057889
mistral,base,self,pair_28,28,0.9032258064516129,1.2363745301990954,0.9457401733502186
mistral,base,self,pair_28,29,0.9354838709677419,1.2738582698773047,1.1016700188888475
mistral,base,self,pair_28,30,0.967741935483871,1.3885134356974322,1.0863424156840416
mistral,base,self,pair_28,31,1.0,1.43228310672486,1.1573146420114448
mistral,base,self,pair_29,0,0.0,0.0,0.009233072517449186
mistral,base,self,pair_29,1,0.03225806451612903,0.0,0.0
mistral,base,self,pair_29,2,0.06451612903225806,0.0,0.0
mistral,base,self,pair_29,3,0.0967741935483871,0.0,0.0
mistral,base,self,pair_29,4,0.12903225806451613,0.03449506940311608,0.0
mistral,base,self,pair_29,5,0.16129032258064516,0.0,0.03063769041683742
mistral,base,self,pair_29,6,0.1935483870967742,0.09819492244616204,0.0
mistral,base,self,pair_29,7,0.22580645161290322,0.13986532481160055,0.0
mistral,base,self,pair_29,8,0.25806451612903225,0.023040989738582807,0.0018170065256245312
mistral,base,self,pair_29,9,0.2903225806451613,0.0672196837775491,0.05503927251566297
mistral,base,self,pair_29,10,0.3225806451612903,0.08122675271022113,0.038450267033271215
mistral,base,self,pair_29,11,0.3548387096774194,0.0853797563163795,0.11007441396926779
mistral,base,self,pair_29,12,0.3870967741935484,0.0022798190293546114,0.014836015953274863
mistral,base,self,pair_29,13,0.41935483870967744,0.0,0.1585078413906636
mistral,base,self,pair_29,14,0.45161290322580644,0.062446146340495765,0.019493781122179976
mistral,base,self,pair_29,15,0.4838709677419355,0.10324836392745385,0.2626054421368286
mistral,base,self,pair_29,16,0.5161290322580645,0.13254958056975705,0.22216670772779343
mistral,base,self,pair_29,17,0.5483870967741935,0.21022104935908487,0.2519011249570295
mistral,base,self,pair_29,18,0.5806451612903226,0.26312667457714756,0.23344095446733817
mistral,base,self,pair_29,19,0.6129032258064516,0.22825044698869018,0.2323066068282414
mistral,base,self,pair_29,20,0.6451612903225806,0.3063879203407053,0.42458721643450503
mistral,base,self,pair_29,21,0.6774193548387096,0.4073041742718462,0.509819044951567
mistral,base,self,pair_29,22,0.7096774193548387,0.4354140716860623,0.6240754912727321
mistral,base,self,pair_29,23,0.7419354838709677,0.7947466209483709,0.7957364991599346
mistral,base,self,pair_29,24,0.7741935483870968,0.8508671137872941,0.8718032161934179
mistral,base,self,pair_29,25,0.8064516129032258,0.9773240703691694,0.9413258220077444
mistral,base,self,pair_29,26,0.8387096774193549,1.1497935842705043,0.9524858816781957
mistral,base,self,pair_29,27,0.8709677419354839,1.0702483300378853,0.8435217796050044
mistral,base,self,pair_29,28,0.9032258064516129,1.3386330592128457,0.9819548244326056
mistral,base,self,pair_29,29,0.9354838709677419,1.4116072339327272,1.255581481888726
mistral,base,self,pair_29,30,0.967741935483871,1.4596095606812842,1.1051077189055405
mistral,base,self,pair_29,31,1.0,1.5070652125205477,1.269624702662918
mistral,base,self,pair_30,0,0.0,0.0,0.09843597998053095
mistral,base,self,pair_30,1,0.03225806451612903,0.021102597358530605,0.039929227569557836
mistral,base,self,pair_30,2,0.06451612903225806,0.0,0.0
mistral,base,self,pair_30,3,0.0967741935483871,0.0,0.0
mistral,base,self,pair_30,4,0.12903225806451613,0.0,0.06391209127076904
mistral,base,self,pair_30,5,0.16129032258064516,0.0,0.0
mistral,base,self,pair_30,6,0.1935483870967742,0.02446710836208043,0.0
mistral,base,self,pair_30,7,0.22580645161290322,0.0,0.10660715287073678
mistral,base,self,pair_30,8,0.25806451612903225,0.0,0.1272726494664202
mistral,base,self,pair_30,9,0.2903225806451613,0.0,0.0
mistral,base,self,pair_30,10,0.3225806451612903,0.013633754851423874,0.03639262396626894
mistral,base,self,pair_30,11,0.3548387096774194,0.1339440007165963,0.0
mistral,base,self,pair_30,12,0.3870967741935484,0.03285792219632371,0.0
mistral,base,self,pair_30,13,0.41935483870967744,0.05843044133827554,0.14641844500201384
mistral,base,self,pair_30,14,0.45161290322580644,0.059334194810740704,0.030253380991007002
mistral,base,self,pair_30,15,0.4838709677419355,0.08320995680774995,0.2402812595077305
mistral,base,self,pair_30,16,0.5161290322580645,0.15598009954415348,0.11803671914117281
mistral,base,self,pair_30,17,0.5483870967741935,0.019134409281932455,0.21861937950592225
mistral,base,self,pair_30,18,0.5806451612903226,0.24063407281858415,0.29963670258185243
mistral,base,self,pair_30,19,0.6129032258064516,0.17980691224399342,0.2852855348993303
mistral,base,self,pair_30,20,0.6451612903225806,0.3869095086997587,0.43140834527379035
mistral,base,self,pair_30,21,0.6774193548387096,0.3449164968269427,0.46985664118902937
mistral,base,self,pair_30,22,0.7096774193548387,0.6137111608711006,0.6614440359984411
mistral,base,self,pair_30,23,0.7419354838709677,0.6750586578011558,0.7631888783671201
mistral,base,self,pair_30,24,0.7741935483870968,0.8319799793133966,0.7171101868359269
mistral,base,self,pair_30,25,0.8064516129032258,1.0667935951917755,0.8695049384578745
mistral,base,self,pair_30,26,0.8387096774193549,1.0792399637099155,1.1090486453548813
mistral,base,self,pair_30,27,0.8709677419354839,1.3126826416396025,1.0423391922889496
mistral,base,self,pair_30,28,0.9032258064516129,1.1832204322790514,1.1275419166202612
mistral,base,self,pair_30,29,0.9354838709677419,1.3527362826031388,1.0513336666946584
mistral,base,self,pair_30,30,0.967741935483871,1.2500083626547616,1.2668016427047701
mistral,base,self,pair_30,31,1.0,1.3224444514351772,1.2569758305131578
mistral,base,self,pair_31,0,0.0,0.010204091381841406,0.0
mistral,base,self,pair_31,1,0.03225806451612903,0.04800511813115284,0.0
mistral,base,self,pair_31,2,0.06451612903225806,0.0,0.0
mistral,base,self,pair_31,3,0.0967741935483871,0.0,0.0
mistral,base,self,pair_31,4,0.12903225806451613,0.006020648548816617,0.043663729446825304
mistral,base,self,pair_31,5,0.16129032258064516,0.0818888319095829,0.0
mistral,base,self,pair_31,6,0.1935483870967742,0.0,0.0
mistral,base,self,pair_31,7,0.22580645161290322,0.1018159514759708,0.10788596857732578
mistral,base,self,pair_31,8,0.25806451612903225,0.0,0.13470899104562042
mistral,base,self,pair_31,9,0.2903225806451613,0.0,0.0
mistral,base,self,pair_31,10,0.3225806451612903,0.0,0.023822090177546294
mistral,base,self,pair_31,11,0.3548387096774194,0.03478945333987937,0.008752382701986076
mistral,base,self,pair_31,12,0.3870967741935484,0.06079269673075825,0.08877151909266712
mistral,base,self,pair_31,13,0.41935483870967744,0.1534028285699604,0.013028884899933951
mistral,base,self,pair_31,14,0.45161290322580644,0.11402364898029635,0.09126536705409379
mistral,base,self,pair_31,15,0.4838709677419355,0.12579795419915452,0.17441259921942254
mistral,base,self,pair_31,16,0.5161290322580645,0.0,0.20424791845104
mistral,base,self,pair_31,17,0.5483870967741935,0.019387951909088,0.2726802187037932
mistral,base,self,pair_31,18,0.5806451612903226,0.20935963272495692,0.27269830409567847
mistral,base,self,pair_31,19,0.6129032258064516,0.304847301013225,0.4012482059650745
mistral,base,self,pair_31,20,0.6451612903225806,0.43736231355180594,0.3442541208928071
mistral,base,self,pair_31,21,0.6774193548387096,0.5133793047817045,0.48908487689792957
mistral,base,self,pair_31,22,0.7096774193548387,0.5800092990972502,0.612783269407026
mistral,base,self,pair_31,23,0.7419354838709677,0.7120249348862517,0.7649078525492605
mistral,base,self,pair_31,24,0.7741935483870968,0.8492969353301861,0.7100604385451373
mistral,base,self,pair_31,25,0.8064516129032258,1.1665825547180542,0.9093261384767262
mistral,base,self,pair_31,26,0.8387096774193549,1.103528297181466,1.0466338148315912
mistral,base,self,pair_31,27,0.8709677419354839,1.1970389145880898,0.9785280790729181
mistral,base,self,pair_31,28,0.9032258064516129,1.4419965871926483,1.0442335109049952
mistral,base,self,pair_31,29,0.9354838709677419,1.4951625624618123,1.2819518654407078
mistral,base,self,pair_31,30,0.967741935483871,1.3027442998738972,1.0060434131102338
mistral,base,self,pair_31,31,1.0,1.4299387113540916,1.2382141221385579
mistral,base,self,pair_32,0,0.0,0.0,0.0
mistral,base,self,pair_32,1,0.03225806451612903,0.0,0.10961751956114574
mistral,base,self,pair_32,2,0.06451612903225806,0.0,0.0
mistral,base,self,pair_32,3,0.0967741935483871,0.0793070668453614,0.06500121505111052
mistral,base,self,pair_32,4,0.12903225806451613,0.015491737085028986,0.0
mistral,base,self,pair_32,5,0.16129032258064516,0.0,0.0
mistral,base,self,pair_32,6,0.1935483870967742,0.0,0.10278152771079416
mistral,base,self,pair_32,7,0.22580645161290322,0.044645671147172335,0.0
mistral,base,self,pair_32,8,0.25806451612903225,0.0,0.0444095393391885
mistral,base,self,pair_32,9,0.2903225806451613,0.053276856456333656,0.0
mistral,base,self,pair_32,10,0.3225806451612903,0.0,0.0
mistral,base,self,pair_32,11,0.3548387096774194,0.07696825707468745,0.08194085563435666
mistral,base,self,pair_32,12,0.3870967741935484,0.059150149011645406,0.09909435716378961
mistral,base,self,pair_32,13,0.41935483870967744,0.0,0.0788888936274578
mistral,base,self,pair_32,14,0.45161290322580644,0.0,0.05530987289893755
mistral,base,self,pair_32,15,0.4838709677419355,0.0,0.11776287976079519
mistral,base,self,pair_32,16,0.5161290322580645,0.12495720770367655,0.22753995736267763
mistral,base,self,pair_32,17,0.5483870967741935,0.03946200626978569,0.34677290445190007
mistral,base,self,pair_32,18,0.5806451612903226,0.2798483068492487,0.2188509639722147
mistral,base,self,pair_32,19,0.6129032258064516,0.19129768799194166,0.41718848435329436
mistral,base,self,pair_32,20,0.6451612903225806,0.32695169258146944,0.4016937027268684
mistral,base,self,pair_32,21,0.6774193548387096,0.39787998618426274,0.5148539025077906
mistral,base,self,pair_32,22,0.7096774193548387,0.6728651331222638,0.5944579896939817
mistral,base,self,pair_32,23,0.7419354838709677,0.7058553405504369,0.8048897386592224
mistral,base,self,pair_32,24,0.7741935483870968,0.9744361928036434,0.7921612801481844
mistral,base,self,pair_32,25,0.8064516129032258,0.948119750181274,0.9188321670604761
mistral,base,self,pair_32,26,0.8387096774193549,1.168207983244417,0.8893343902981202
mistral,base,self,pair_32,27,0.8709677419354839,1.4193287352422612,0.9691544038470905
mistral,base,self,pair_32,28,0.9032258064516129,1.3686682970375543,1.0043524009900446
mistral,base,self,pair_32,29,0.9354838709677419,1.428145736601386,1.2560186695493645
mistral,base,self,pair_32,30,0.967741935483871,1.365881580751458,0.9865291867116646
mistral,base,self,pair_32,31,1.0,1.4761839629058402,1.1500321098907196
mistral,base,self,pair_33,0,0.0,0.0,0.13998909583378996
mistral,base,self,pair_33,1,0.03225806451612903,0.0,0.0
mistral,base,self,pair_33,2,0.06451612903225806,0.14800373192075558,0.02300622298122301
mistral,base,self,pair_33,3,0.0967741935483871,0.04319373446416035,0.04420992403928116
mistral,base,self,pair_33,4,0.12903225806451613,0.1722942218940646,0.02023644694412608
mistral,base,self,pair_33,5,0.16129032258064516,0.0,0.0
mistral,base,self,pair_33,6,0.1935483870967742,0.0,0.13578530500074448
mistral,base,self,pair_33,7,0.22580645161290322,0.0,0.0
mistral,base,self,pair_33,8,0.25806451612903225,0.12291274325809565,0.05998730303940077
mistral,base,self,pair_33,9,0.2903225806451613,0.0,0.048000175105910585
mistral,base,self,pair_33,10,0.3225806451612903,0.013047374816700173,0.06686434256816484
mistral,base,self,pair_33,11,0.3548387096774194,0.02170335040690839,0.05920905726915933
mistral,base,self,pair_33,12,0.3870967741935484,0.0,0.11568139624313155
mistral,base,self,pair_33,13,0.41935483870967744,0.0715854151593184,0.11899642979375727
mistral,base,self,pair_33,14,0.45161290322580644,0.09324867210561771,0.09106173334709818
mistral,base,self,pair_33,15,0.4838709677419355,0.03678238257767853,0.0
mistral,base,self,pair_33,16,0.5161290322580645,0.0974822942403668,0.0
mistral,base,self,pair_33,17,0.5483870967741935,0.15267845928975746,0.2740381229713177
mistral,base,self,pair_33,18,0.5806451612903226,0.22847077610962555,0.26442609007407253
mistral,base,self,pair_33,19,0.6129032258064516,0.311667810910414,0.463634321573447
mistral,base,self,pair_33,20,0.6451612903225806,0.31258890673447026,0.4312678957588337
mistral,base,self,pair_33,21,0.6774193548387096,0.5450615763164284,0.5488507848983749
mistral,base,self,pair_33,22,0.7096774193548387,0.7625224980211814,0.6096272663337743
mistral,base,self,pair_33,23,0.7419354838709677,0.7427896261833341,0.6550522534660398
mistral,base,self,pair_33,24,0.7741935483870968,0.881917155921231,0.7757259466858751
mistral,base,self,pair_33,25,0.8064516129032258,0.8654232972220801,0.7391464274523136
mistral,base,self,pair_33,26,0.8387096774193549,1.1460928107439559,0.8937020700278074
mistral,base,self,pair_33,27,0.8709677419354839,1.2066366173425944,1.0106146541438963
mistral,base,self,pair_33,28,0.9032258064516129,1.2593230016894075,1.196293228866736
mistral,base,self,pair_33,29,0.9354838709677419,1.3354601986267234,1.0491803808962792
mistral,base,self,pair_33,30,0.967741935483871,1.3182516249938614,1.1899987756619386
mistral,base,self,pair_33,31,1.0,1.3954086059148165,1.2415378036918272
mistral,base,self,pair_34,0,0.0,0.0425472781023771,0.0
mistral,base,self,pair_34,1,0.03225806451612903,0.03545172712377463,0.04531600900141134
mistral,base,self,pair_34,2,0.06451612903225806,0.0,0.021818219973282486
mistral,base,self,pair_34,3,0.0967741935483871,0.029387810032024404,0.010045027263922267
mistral,base,self,pair_34,4,0.12903225806451613,0.05057798401249701,0.0
mistral,base,self,pair_34,5,0.16129032258064516,0.12884694913346972,0.21022495455082021
mistral,base,self,pair_34,6,0.1935483870967742,0.0,0.0
mistral,base,self,pair_34,7,0.22580645161290322,0.034718154002856334,0.04818045344688419
mistral,base,self,pair_34,8,0.25806451612903225,0.018054832746818815,0.0
mistral,base,self,pair_34,9,0.2903225806451613,0.03740128697579903,0.08967372150817712
mistral,base,self,pair_34,10,0.3225806451612903,0.0,0.1756168255900813
mistral,base,self,pair_34,11,0.3548387096774194,0.0,0.10144040576723393
mistral,base,self,pair_34,12,0.3870967741935484,0.00999170865818574,0.0
mistral,base,self,pair_34,13,0.41935483870967744,0.03042500188886454,0.06173451097881456
mistral,base,self,pair_34,14,0.45161290322580644,0.25614988884593326,0.1826162079295073
mistral,base,self,pair_34,15,0.4838709677419355,0.21530907094464086,0.2477741072588849
mistral,base,self,pair_34,16,0.5161290322580645,0.0929218235434729,0.11899878590392879
mistral,base,self,pair_34,17,0.5483870967741935,0.27124883779163406,0.1314099165084408
mistral,base,self,pair_34,18,0.5806451612903226,0.18097313380149305,0.23576262908405607
mistral,base,self,pair_34,19,0.6129032258064516,0.30309818819096696,0.5175903706537236
mistral,base,self,pair_34,20,0.6451612903225806,0.3191176791515517,0.36052672228068927
mistral,base,self,pair_34,21,0.6774193548387096,0.530302569225843,0.41013622042028164
mistral,base,self,pair_34,22,0.7096774193548387,0.6037638742655647,0.5843591259219768
mistral,base,self,pair_34,23,0.7419354838709677,0.75892462686427,0.7635445403289808
mistral,base,self,pair_34,24,0.7741935483870968,0.7819030860736881,0.9674531723553462
mistral,base,self,pair_34,25,0.8064516129032258,1.1106102561250215,0.8243823108203228
mistral,base,self,pair_34,26,0.8387096774193549,1.0288624741090233,0.9318748801344511
mistral,base,self,pair_34,27,0.8709677419354839,1.1143257119750405,0.9345063581221015
mistral,base,self,pair_34,28,0.9032258064516129,1.3820778079514693,1.0672484448484945
mistral,base,self,pair_34,29,0.9354838709677419,1.4177702633538118,1.2716810654110229
mistral,base,self,pair_34,30,0.967741935483871,1.3919927732354567,1.0833275030959362
mistral,base,self,pair_34,31,1.0,1.4298038101045571,1.22949489458975
mistral,base,self,pair_35,0,0.0,0.02251935755803028,0.0
mistral,base,self,pair_35,1,0.03225806451612903,0.0,0.0
mistral,base,self,pair_35,2,0.06451612903225806,0.0,0.0
mistral,base,self,pair_35,3,0.0967741935483871,0.044654619897675815,0.07169482495462974
mistral,base,self,pair_35,4,0.12903225806451613,0.0,0.0
mistral,base,self,pair_35,5,0.16129032258064516,0.013490322370643975,0.009423893602900763
mistral,base,self,pair_35,6,0.1935483870967742,0.0,0.0
mistral,base,self,pair_35,7,0.22580645161290322,0.0,0.0
mistral,base,self,pair_35,8,0.25806451612903225,0.0,0.015524005400975911
mistral,base,self,pair_35,9,0.2903225806451613,0.014538680069232791,0.07238336626213035
mistral,base,self,pair_35,10,0.3225806451612903,0.1026900859349785,0.00020888126478175312
mistral,base,self,pair_35,11,0.3548387096774194,0.0484608755206371,0.09487585740256242
mistral,base,self,pair_35,12,0.3870967741935484,0.0,0.05226710794161732
mistral,base,self,pair_35,13,0.41935483870967744,0.0037875477004936514,0.0911247160619172
mistral,base,self,pair_35,14,0.45161290322580644,0.20245543020429407,0.07273601784667881
mistral,base,self,pair_35,15,0.4838709677419355,0.12245457939242287,0.204713744288179
mistral,base,self,pair_35,16,0.5161290322580645,0.13187512762213033,0.21184140285218372
mistral,base,self,pair_35,17,0.5483870967741935,0.03361131293289564,0.2078833688212392
mistral,base,self,pair_35,18,0.5806451612903226,0.17819232613646524,0.2679125338996657
mistral,base,self,pair_35,19,0.6129032258064516,0.18797892721156773,0.40793502516977137
mistral,base,self,pair_35,20,0.6451612903225806,0.3309708288290962,0.3326837255156963
mistral,base,self,pair_35,21,0.6774193548387096,0.39516711370267926,0.41840856277120564
mistral,base,self,pair_35,22,0.7096774193548387,0.456112250509859,0.6855008873113678
mistral,base,self,pair_35,23,0.7419354838709677,0.7516818926199843,0.8550789695877614
mistral,base,self,pair_35,24,0.7741935483870968,0.7598464022834207,0.8559304154039281
mistral,base,self,pair_35,25,0.8064516129032258,1.0359539080873112,0.9385150067296506
mistral,base,self,pair_35,26,0.8387096774193549,1.1715049400164101,1.0060661603302976
mistral,base,self,pair_35,27,0.8709677419354839,1.2206729563319616,0.9566782737244202
mistral,base,self,pair_35,28,0.9032258064516129,1.3760558874695834,0.8615177285307355
mistral,base,self,pair_35,29,0.9354838709677419,1.2748760505145504,1.1044326938871156
mistral,base,self,pair_35,30,0.967741935483871,1.3153742513458595,1.144123661241237
mistral,base,self,pair_35,31,1.0,1.3539490595948378,1.2553878746708846
mistral,base,self,pair_36,0,0.0,0.0,0.0
mistral,base,self,pair_36,1,0.03225806451612903,0.0,0.032312076825888214
mistral,base,self,pair_36,2,0.06451612903225806,0.0,0.0
mistral,base,self,pair_36,3,0.0967741935483871,0.0,0.0
mistral,base,self,pair_36,4,0.12903225806451613,0.0,0.0
mistral,base,self,pair_36,5,0.16129032258064516,0.0,0.05429679933133708
mistral,base,self,pair_36,6,0.1935483870967742,0.08199535913556731,0.0
mistral,base,self,pair_36,7,0.22580645161290322,0.14777022943966625,0.015630094845201038
mistral,base,self,pair_36,8,0.25806451612903225,0.02494642578680491,0.0
mistral,base,self,pair_36,9,0.2903225806451613,0.0,0.16497378117808112
mistral,base,self,pair_36,10,0.3225806451612903,0.02763440707676071,0.12349217531440153
mistral,base,self,pair_36,11,0.3548387096774194,0.06445816362940253,0.0
mistral,base,self,pair_36,12,0.3870967741935484,0.009301766600848384,0.05530031075222581
mistral,base,self,pair_36,13,0.41935483870967744,0.027792234224253722,0.05842782208010548
mistral,base,self,pair_36,14,0.45161290322580644,0.09853183049640792,0.021792607304663064
mistral,base,self,pair_36,15,0.4838709677419355,0.0,0.0848217161124008
mistral,base,self,pair_36,16,0.5161290322580645,0.10721723689240886,0.11248354309289657
mistral,base,self,pair_36,17,0.5483870967741935,0.10266501404998729,0.28567925437430086
mistral,base,self,pair_36,18,0.5806451612903226,0.2232755630239475,0.23791671109202217
mistral,base,self,pair_36,19,0.6129032258064516,0.02076744992025692,0.25414025460908646
mistral,base,self,pair_36,20,0.6451612903225806,0.32415961812982746,0.479416849132379
mistral,base,self,pair_36,21,0.6774193548387096,0.36605300553942827,0.5690532303695054
mistral,base,self,pair_36,22,0.7096774193548387,0.5356515122215422,0.6627853224886808
mistral,base,self,pair_36,23,0.7419354838709677,0.6097739624340095,0.7040946764065921
mistral,base,self,pair_36,24,0.7741935483870968,0.8400670104738426,0.8461811251556967
mistral,base,self,pair_36,25,0.8064516129032258,0.9357771376280443,0.9060932658881409
mistral,base,self,pair_36,26,0.8387096774193549,1.0188402556279423,0.9246839024968231
mistral,base,self,pair_36,27,0.8709677419354839,1.021834932910062,0.9603398823379913
mistral,base,self,pair_36,28,0.9032258064516129,1.2048005400949036,1.0970078840669473
mistral,base,self,pair_36,29,0.9354838709677419,1.2942629286531602,1.1222048841521701
mistral,base,self,pair_36,30,0.967741935483871,1.4199570495614655,1.0931037613204624
mistral,base,self,pair_36,31,1.0,1.445126805459546,1.3143773085737194
mistral,base,self,pair_37,0,0.0,0.0,0.0
mistral,base,self,pair_37,1,0.03225806451612903,0.0,0.022897230314586587
mistral,base,self,pair_37,2,0.06451612903225806,0.038796236627890925,0.0
mistral,base,self,pair_37,3,0.0967741935483871,0.0,0.0
mistral,base,self,pair_37,4,0.12903225806451613,0.0,0.04551909780972632
mistral,base,self,pair_37,5,0.16129032258064516,0.012393480988218184,0.03995722189765444
mistral,base,self,pair_37,6,0.1935483870967742,0.07894104776890569,0.06218562425645397
mistral,base,self,pair_37,7,0.22580645161290322,0.08909122924821844,0.01164550235648391
mistral,base,self,pair_37,8,0.25806451612903225,0.0,0.06068682193985641
mistral,base,self,pair_37,9,0.2903225806451613,0.0,0.11596063415220094
mistral,base,self,pair_37,10,0.3225806451612903,0.0,0.05794745448143698
mistral,base,self,pair_37,11,0.3548387096774194,0.0,0.038755633344395184
mistral,base,self,pair_37,12,0.3870967741935484,0.08466114828415632,0.0
mistral,base,self,pair_37,13,0.41935483870967744,0.0,0.05394940502808039
mistral,base,self,pair_37,14,0.45161290322580644,0.0,0.20447131311318947
mistral,base,self,pair_37,15,0.4838709677419355,0.03907234949762109,0.11499582875589331
mistral,base,self,pair_37,16,0.5161290322580645,0.08014854487131647,0.0909140643199927
mistral,base,self,pair_37,17,0.5483870967741935,0.046748290701520465,0.3845520231717807
mistral,base,self,pair_37,18,0.5806451612903226,0.31801242219509185,0.2428944068285571
mistral,base,self,pair_37,19,0.6129032258064516,0.24249888591609645,0.4022734660185534
mistral,base,self,pair_37,20,0.6451612903225806,0.29470474581628175,0.3560350492495511
mistral,base,self,pair_37,21,0.6774193548387096,0.44460904141818036,0.5686292746112669
mistral,base,self,pair_37,22,0.7096774193548387,0.6722989288532911,0.7496638121860675
mistral,base,self,pair_37,23,0.7419354838709677,0.7357734747856668,0.7764403326140104
mistral,base,self,pair_37,24,0.7741935483870968,0.8656038775238606,0.9332842531279932
mistral,base,self,pair_37,25,0.8064516129032258,0.9143947257785481,0.9880232646259841
mistral,base,self,pair_37,26,0.8387096774193549,1.0177676392835755,0.9896535222852696
mistral,base,self,pair_37,27,0.8709677419354839,1.2919149532184018,1.0156559051958856
mistral,base,self,pair_37,28,0.9032258064516129,1.2717619903133675,1.1258553833094347
mistral,base,self,pair_37,29,0.9354838709677419,1.3531088664118924,1.0268009325577057
mistral,base,self,pair_37,30,0.967741935483871,1.322661803084177,1.06482186976631
mistral,base,self,pair_37,31,1.0,1.4647918499466432,1.0539776039671886
mistral,base,self,pair_38,0,0.0,0.04701292289777647,0.0
mistral,base,self,pair_38,1,0.03225806451612903,0.02167586876080565,0.0
mistral,base,self,pair_38,2,0.06451612903225806,0.0,0.005250139278552349
mistral,base,self,pair_38,3,0.0967741935483871,0.0,0.0377241477753828
mistral,base,self,pair_38,4,0.12903225806451613,0.0,0.0
mistral,base,self,pair_38,5,0.16129032258064516,0.0,0.0
mistral,base,self,pair_38,6,0.1935483870967742,0.06671167368752165,0.014482940617238732
mistral,base,self,pair_38,7,0.22580645161290322,0.0,0.0
mistral,base,self,pair_38,8,0.25806451612903225,0.08158374831322526,0.0
mistral,base,self,pair_38,9,0.2903225806451613,0.04358629436324095,0.07869272974909403
mistral,base,self,pair_38,10,0.3225806451612903,0.0,0.004814699605730506
mistral,base,self,pair_38,11,0.3548387096774194,0.0,0.10106829777421686
mistral,base,self,pair_38,12,0.3870967741935484,0.0,0.0
mistral,base,self,pair_38,13,0.41935483870967744,0.03154552492190465,0.05614748029196752
mistral,base,self,pair_38,14,0.45161290322580644,0.06521238749702557,0.0
mistral,base,self,pair_38,15,0.4838709677419355,0.2062953762707005,0.15137003396677193
mistral,base,self,pair_38,16,0.5161290322580645,0.012736620911349167,0.2803946865169632
mistral,base,self,pair_38,17,0.5483870967741935,0.1290340601545997,0.15009191596029464
mistral,base,self,pair_38,18,0.5806451612903226,0.1442476502575014,0.31388863463507594
mistral,base,self,pair_38,19,0.6129032258064516,0.28241383050935265,0.39657754860445604
mistral,base,self,pair_38,20,0.6451612903225806,0.3562687181783718,0.5029594386985595
mistral,base,self,pair_38,21,0.6774193548387096,0.4339790879272495,0.5089885117756914
mistral,base,self,pair_38,22,0.7096774193548387,0.5642686150981254,0.7174396725982598
mistral,base,self,pair_38,23,0.7419354838709677,0.7329645454555994,0.5892099884995557
mistral,base,self,pair_38,24,0.7741935483870968,0.7677992954519227,0.7320153526945039
mistral,base,self,pair_38,25,0.8064516129032258,1.0004298726453835,1.0192714332531887
mistral,base,self,pair_38,26,0.8387096774193549,0.9871107723143162,0.8256945793430516
mistral,base,self,pair_38,27,0.8709677419354839,1.0867095404995433,1.0058493846965326
mistral,base,self,pair_38,28,0.9032258064516129,1.2425726833147979,1.1217966325807358
mistral,base,self,pair_38,29,0.9354838709677419,1.2048495827110821,1.122695140872379
mistral,base,self,pair_38,30,0.967741935483871,1.3457444172258277,1.206736488737049
mistral,base,self,pair_38,31,1.0,1.430785349914025,1.083890843369684
mistral,base,self,pair_39,0,0.0,0.0,0.0920233669328724
mistral,base,self,pair_39,1,0.03225806451612903,0.0,0.0
mistral,base,self,pair_39,2,0.06451612903225806,0.0,0.007617929194297502
mistral,base,self,pair_39,3,0.0967741935483871,0.014747705421514889,0.0
mistral,base,self,pair_39,4,0.12903225806451613,0.0,0.0
mistral,base,self,pair_39,5,0.16129032258064516,0.08962700000285458,0.0
mistral,base,self,pair_39,6,0.1935483870967742,0.0,0.0
mistral,base,self,pair_39,7,0.22580645161290322,0.0,0.07135392584706793
mistral,base,self,pair_39,8,0.25806451612903225,0.0009700561639907047,0.006788385298492128
mistral,base,self,pair_39,9,0.2903225806451613,0.08688027115513534,0.0785219290338884
mistral,base,self,pair_39,10,0.3225806451612903,0.022420791505061873,0.17983890231177263
mistral,base,self,pair_39,11,0.3548387096774194,0.0,0.13444774075759222
mistral,base,self,pair_39,12,0.3870967741935484,0.07347601554463506,0.0
mistral,base,self,pair_39,13,0.41935483870967744,0.12128719921031841,0.16145490473359997
mistral,base,self,pair_39,14,0.45161290322580644,0.026046720414154474,0.026420021694485915
mistral,base,self,pair_39,15,0.4838709677419355,0.01269485400556749,0.2295183549207948
mistral,base,self,pair_39,16,0.5161290322580645,0.1230073218300081,0.07902082089382095
mistral,base,self,pair_39,17,0.5483870967741935,0.23800034708434414,0.29095201427777306
mistral,base,self,pair_39,18,0.5806451612903226,0.07789800254598465,0.3009803138295305
mistral,base,self,pair_39,19,0.6129032258064516,0.24288115439178118,0.36198227886216605
mistral,base,self,pair_39,20,0.6451612903225806,0.38634759559959464,0.47469315666460693
mistral,base,self,pair_39,21,0.6774193548387096,0.5154342095654243,0.5197381758216645
mistral,base,self,pair_39,22,0.7096774193548387,0.5460711171208961,0.6191127582463974
mistral,base,self,pair_39,23,0.7419354838709677,0.4860300918217147,0.7041444183665557
mistral,base,self,pair_39,24,0.7741935483870968,0.9589991749441975,0.7586360595832385
mistral,base,self,pair_39,25,0.8064516129032258,0.8878655800749796,0.9297736581676403
mistral,base,self,pair_39,26,0.8387096774193549,1.3095403745451666,0.9229873321440831
mistral,base,self,pair_39,27,0.8709677419354839,1.2511290478882058,0.9781432767817614
mistral,base,self,pair_39,28,0.9032258064516129,1.1935326350435609,1.024809055014075
mistral,base,self,pair_39,29,0.9354838709677419,1.319190967571065,1.0678925769332048
mistral,base,self,pair_39,30,0.967741935483871,1.305162779117835,1.0166643440412517
mistral,base,self,pair_39,31,1.0,1.3117556883820929,1.1361303564251115
mistral,base,self,pair_40,0,0.0,0.0,0.07724305181174831
mistral,base,self,pair_40,1,0.03225806451612903,0.06934427288395496,0.0
mistral,base,self,pair_40,2,0.06451612903225806,0.0,0.0
mistral,base,self,pair_40,3,0.0967741935483871,0.0,0.0
mistral,base,self,pair_40,4,0.12903225806451613,0.0,0.0
mistral,base,self,pair_40,5,0.16129032258064516,0.05795826014959109,0.0
mistral,base,self,pair_40,6,0.1935483870967742,0.0,0.04497332015391183
mistral,base,self,pair_40,7,0.22580645161290322,0.04595740711020421,0.11568281639336371
mistral,base,self,pair_40,8,0.25806451612903225,0.0,0.022496125134566582
mistral,base,self,pair_40,9,0.2903225806451613,0.0,0.0
mistral,base,self,pair_40,10,0.3225806451612903,0.08231137636195315,0.05755096841663308
mistral,base,self,pair_40,11,0.3548387096774194,0.0,0.035982137062554174
mistral,base,self,pair_40,12,0.3870967741935484,0.06386971737057885,0.03279780323003974
mistral,base,self,pair_40,13,0.41935483870967744,0.018716712814096773,0.2472643180980909
mistral,base,self,pair_40,14,0.45161290322580644,0.0,0.04030635682326913
mistral,base,self,pair_40,15,0.4838709677419355,0.17230003179814657,0.13123035451658713
mistral,base,self,pair_40,16,0.5161290322580645,0.07189755234828002,0.06405463314899736
mistral,base,self,pair_40,17,0.5483870967741935,0.14594548098166815,0.256848875399265
mistral,base,self,pair_40,18,0.5806451612903226,0.26146182915317007,0.38069203814891034
mistral,base,self,pair_40,19,0.6129032258064516,0.2687539430602098,0.30168521579578433
mistral,base,self,pair_40,20,0.6451612903225806,0.23634659375241787,0.5574808307155826
mistral,base,self,pair_40,21,0.6774193548387096,0.39665075422988477,0.6253005573901289
mistral,base,self,pair_40,22,0.7096774193548387,0.6299661869708814,0.609354127857969
mistral,base,self,pair_40,23,0.7419354838709677,0.8252772154316861,0.7203554893419364
mistral,base,self,pair_40,24,0.7741935483870968,0.9598542415772627,0.7950670337921635
mistral,base,self,pair_40,25,0.8064516129032258,0.9712681558582722,0.8853188468934104
mistral,base,self,pair_40,26,0.8387096774193549,1.2813996239180407,0.9936405286460502
mistral,base,self,pair_40,27,0.8709677419354839,1.2146958328867647,0.8906231944637388
mistral,base,self,pair_40,28,0.9032258064516129,1.2391561277827192,0.9606688453628197
mistral,base,self,pair_40,29,0.9354838709677419,1.1915074087060293,1.0281826420133116
mistral,base,self,pair_40,30,0.967741935483871,1.551994487059262,1.2138583036181045
mistral,base,self,pair_40,31,1.0,1.5084826527783814,1.1063587223786369
mistral,base,self,pair_41,0,0.0,0.0,0.0
mistral,base,self,pair_41,1,0.03225806451612903,0.06971739451967654,0.0
mistral,base,self,pair_41,2,0.06451612903225806,0.0,0.05421750508252508
mistral,base,self,pair_41,3,0.0967741935483871,0.0,0.08166383644465779
mistral,base,self,pair_41,4,0.12903225806451613,0.0,0.0
mistral,base,self,pair_41,5,0.16129032258064516,0.07920626741133549,0.030701014416501606
mistral,base,self,pair_41,6,0.1935483870967742,0.01656536997819681,0.0
mistral,base,self,pair_41,7,0.22580645161290322,0.06369277839168397,0.11733148783958243
mistral,base,self,pair_41,8,0.25806451612903225,0.0,0.0
mistral,base,self,pair_41,9,0.2903225806451613,0.14465990704417445,0.0
mistral,base,self,pair_41,10,0.3225806451612903,0.0,0.06726708391088498
mistral,base,self,pair_41,11,0.3548387096774194,0.0,0.09481816824891331
mistral,base,self,pair_41,12,0.3870967741935484,0.0,0.027690841407174763
mistral,base,self,pair_41,13,0.41935483870967744,0.0,0.009810055274525206
mistral,base,self,pair_41,14,0.45161290322580644,0.044019564268454534,0.2060284908725855
mistral,base,self,pair_41,15,0.4838709677419355,0.0,0.15372163685928938
mistral,base,self,pair_41,16,0.5161290322580645,0.03732945006379186,0.15234083558812458
mistral,base,self,pair_41,17,0.5483870967741935,0.18821583433237177,0.21636036408137865
mistral,base,self,pair_41,18,0.5806451612903226,0.30055141968829735,0.15760848790841786
mistral,base,self,pair_41,19,0.6129032258064516,0.0988805780224612,0.3283889116844187
mistral,base,self,pair_41,20,0.6451612903225806,0.348653811088392,0.5196440744863573
mistral,base,self,pair_41,21,0.6774193548387096,0.3857772087693926,0.5253933661934873
mistral,base,self,pair_41,22,0.7096774193548387,0.49268165932489033,0.7017634361978489
mistral,base,self,pair_41,23,0.7419354838709677,0.7855710052847653,0.7425574109632989
mistral,base,self,pair_41,24,0.7741935483870968,0.8485449704025104,0.806159145095526
mistral,base,self,pair_41,25,0.8064516129032258,0.9100805276191111,0.7624840512982587
mistral,base,self,pair_41,26,0.8387096774193549,1.178493454914792,0.9930195109907217
mistral,base,self,pair_41,27,0.8709677419354839,1.23901633220086,0.9591497540893107
mistral,base,self,pair_41,28,0.9032258064516129,1.1998798607672014,1.1196829062062372
mistral,base,self,pair_41,29,0.9354838709677419,1.3721154032848213,1.0724031188442626
mistral,base,self,pair_41,30,0.967741935483871,1.490108312607249,1.2513657422164077
mistral,base,self,pair_41,31,1.0,1.5543957234510968,1.1016832507975471
mistral,base,self,pair_42,0,0.0,0.040746175648108576,0.07092297423464533
mistral,base,self,pair_42,1,0.03225806451612903,0.0,0.20435100158476327
mistral,base,self,pair_42,2,0.06451612903225806,0.0,0.06794408760562165
mistral,base,self,pair_42,3,0.0967741935483871,0.054175676352017164,0.0966203712338624
mistral,base,self,pair_42,4,0.12903225806451613,0.0,0.0
mistral,base,self,pair_42,5,0.16129032258064516,0.0018460696246571867,0.019807711276499215
mistral,base,self,pair_42,6,0.1935483870967742,0.0,0.10916310101108487
mistral,base,self,pair_42,7,0.22580645161290322,0.0,0.05632319972419192
mistral,base,self,pair_42,8,0.25806451612903225,0.09301293333088137,0.0
mistral,base,self,pair_42,9,0.2903225806451613,0.0,0.0066282713588606615
mistral,base,self,pair_42,10,0.3225806451612903,0.0,0.0
mistral,base,self,pair_42,11,0.3548387096774194,0.0,0.2690876243174206
mistral,base,self,pair_42,12,0.3870967741935484,0.0075467245048592615,0.0008891041177333733
mistral,base,self,pair_42,13,0.41935483870967744,0.0,0.1100317271168344
mistral,base,self,pair_42,14,0.45161290322580644,0.04610708497366149,0.0
mistral,base,self,pair_42,15,0.4838709677419355,0.018055151751061427,0.15324092996044544
mistral,base,self,pair_42,16,0.5161290322580645,0.04569391787758293,0.2280353368689547
mistral,base,self,pair_42,17,0.5483870967741935,0.14762250375616282,0.2917399923275735
mistral,base,self,pair_42,18,0.5806451612903226,0.23483754415548214,0.31437869016101566
mistral,base,self,pair_42,19,0.6129032258064516,0.3669826533236209,0.24042187123796133
mistral,base,self,pair_42,20,0.6451612903225806,0.2051847517990284,0.3705218066846111
mistral,base,self,pair_42,21,0.6774193548387096,0.4113678698848173,0.5130061299062929
mistral,base,self,pair_42,22,0.7096774193548387,0.423365398638998,0.7339099253072647
mistral,base,self,pair_42,23,0.7419354838709677,0.7110056698146883,0.7359876151222523
mistral,base,self,pair_42,24,0.7741935483870968,0.7643009868290037,0.7884463486846616
mistral,base,self,pair_42,25,0.8064516129032258,0.9579930049866173,0.9100478762903746
mistral,base,self,pair_42,26,0.8387096774193549,1.1980919127545662,0.9622338714439869
mistral,base,self,pair_42,27,0.8709677419354839,1.1484944874988758,1.0389757176502845
mistral,base,self,pair_42,28,0.9032258064516129,1.3016852820385734,0.9861650983323205
mistral,base,self,pair_42,29,0.9354838709677419,1.3495531465467523,0.9519315570185936
mistral,base,self,pair_42,30,0.967741935483871,1.3952139344395167,0.8849150500369038
mistral,base,self,pair_42,31,1.0,1.3897689539592244,1.2017999684331089
mistral,base,self,pair_43,0,0.0,0.0,0.011629091772941682
mistral,base,self,pair_43,1,0.03225806451612903,0.014052045014559584,0.0
mistral,base,self,pair_43,2,0.06451612903225806,0.0,0.0
mistral,base,self,pair_43,3,0.0967741935483871,0.0,0.031198307425563083
mistral,base,self,pair_43,4,0.12903225806451613,0.07590057128558972,0.0
mistral,base,self,pair_43,5,0.16129032258064516,0.0,0.0
mistral,base,self,pair_43,6,0.1935483870967742,0.11087341582822484,0.0
mistral,base,self,pair_43,7,0.22580645161290322,0.08044607438378058,0.0
mistral,base,self,pair_43,8,0.25806451612903225,0.0,0.0
mistral,base,self,pair_43,9,0.2903225806451613,0.0,0.0
mistral,base,self,pair_43,10,0.3225806451612903,0.0,0.0
mistral,base,self,pair_43,11,0.3548387096774194,0.003854235290346366,0.0
mistral,base,self,pair_43,12,0.3870967741935484,0.0,0.021737065060226116
mistral,base,self,pair_43,13,0.41935483870967744,0.0,0.0
mistral,base,self,pair_43,14,0.45161290322580644,0.04879890822948698,0.0
mistral,base,self,pair_43,15,0.4838709677419355,0.21777760443462701,0.22604087356365624
mistral,base,self,pair_43,16,0.5161290322580645,0.2280438707480158,0.15924779809745385
mistral,base,self,pair_43,17,0.5483870967741935,0.0,0.35778177692147023
mistral,base,self,pair_43,18,0.5806451612903226,0.18704684235614497,0.42160390222629796
mistral,base,self,pair_43,19,0.6129032258064516,0.3398755440556587,0.3807556429762187
mistral,base,self,pair_43,20,0.6451612903225806,0.2481136958655757,0.36624779488690923
mistral,base,self,pair_43,21,0.6774193548387096,0.4224588583843469,0.5359737258645924
mistral,base,self,pair_43,22,0.7096774193548387,0.5597297680311689,0.6507013014716458
mistral,base,self,pair_43,23,0.7419354838709677,0.8286728043960215,0.870380901580033
mistral,base,self,pair_43,24,0.7741935483870968,0.7252058448084497,0.8507019984745636
mistral,base,self,pair_43,25,0.8064516129032258,1.072845868996878,0.9035486911956465
mistral,base,self,pair_43,26,0.8387096774193549,1.1569036424377852,0.9062050258893243
mistral,base,self,pair_43,27,0.8709677419354839,1.2226221643368151,1.0047701260118944
mistral,base,self,pair_43,28,0.9032258064516129,1.2380714591802038,1.0212112396537874
mistral,base,self,pair_43,29,0.9354838709677419,1.388249789558027,1.0691571357251675
mistral,base,self,pair_43,30,0.967741935483871,1.3923439329204361,1.1060363902899575
mistral,base,self,pair_43,31,1.0,1.3920611867900194,1.0545434938467058
mistral,base,self,pair_44,0,0.0,0.0,0.014545160760491378
mistral,base,self,pair_44,1,0.03225806451612903,0.0,0.0
mistral,base,self,pair_44,2,0.06451612903225806,0.0,0.034429684274165144
mistral,base,self,pair_44,3,0.0967741935483871,0.04140331228318567,0.0
mistral,base,self,pair_44,4,0.12903225806451613,0.04490266961056449,0.0
mistral,base,self,pair_44,5,0.16129032258064516,0.0,0.07449787813873253
mistral,base,self,pair_44,6,0.1935483870967742,0.0,0.08033554210319244
mistral,base,self,pair_44,7,0.22580645161290322,0.012634867059526877,0.16117109324045514
mistral,base,self,pair_44,8,0.25806451612903225,0.13161513376738315,0.04489641909644557
mistral,base,self,pair_44,9,0.2903225806451613,0.0,0.12294131295790309
mistral,base,self,pair_44,10,0.3225806451612903,0.038447647548924914,0.08857750210199795
mistral,base,self,pair_44,11,0.3548387096774194,0.05446880643702339,0.059696977534469335
mistral,base,self,pair_44,12,0.3870967741935484,0.0,0.12410901027019676
mistral,base,self,pair_44,13,0.41935483870967744,0.0,0.18383731563454292
mistral,base,self,pair_44,14,0.45161290322580644,0.0,0.10276199632104802
mistral,base,self,pair_44,15,0.4838709677419355,0.1823092123923931,0.15763698963891606
mistral,base,self,pair_44,16,0.5161290322580645,0.019576469596192456,0.24348584780554922
mistral,base,self,pair_44,17,0.5483870967741935,0.11780264768416955,0.27494507486150094
mistral,base,self,pair_44,18,0.5806451612903226,0.1399379001668838,0.3028349171359559
mistral,base,self,pair_44,19,0.6129032258064516,0.36766272381292114,0.3538613789410237
mistral,base,self,pair_44,20,0.6451612903225806,0.512666144615594,0.5449544501673207
mistral,base,self,pair_44,21,0.6774193548387096,0.49204381773746686,0.541034970095132
mistral,base,self,pair_44,22,0.7096774193548387,0.5276782551112856,0.683650318992081
mistral,base,self,pair_44,23,0.7419354838709677,0.7166972841640866,0.7519222741412801
mistral,base,self,pair_44,24,0.7741935483870968,0.9533761709997091,0.7787132905421329
mistral,base,self,pair_44,25,0.8064516129032258,1.0411499376224957,0.7307167731337953
mistral,base,self,pair_44,26,0.8387096774193549,1.217826546678943,0.8585502172965662
mistral,base,self,pair_44,27,0.8709677419354839,1.207962652008106,1.042413685139946
mistral,base,self,pair_44,28,0.9032258064516129,1.3237698359858934,1.0971007584407124
mistral,base,self,pair_44,29,0.9354838709677419,1.3963286013510712,1.2618532681821124
mistral,base,self,pair_44,30,0.967741935483871,1.5047013281194954,1.1776769982334108
mistral,base,self,pair_44,31,1.0,1.279431782812208,1.1005671982513106
mistral,base,self,pair_45,0,0.0,0.1307394408326274,0.0
mistral,base,self,pair_45,1,0.03225806451612903,0.0,0.0
mistral,base,self,pair_45,2,0.06451612903225806,0.1678543896489302,0.0
mistral,base,self,pair_45,3,0.0967741935483871,0.007620707504813136,0.0
mistral,base,self,pair_45,4,0.12903225806451613,0.0,0.006715515444220369
mistral,base,self,pair_45,5,0.16129032258064516,0.0,0.0
mistral,base,self,pair_45,6,0.1935483870967742,0.0,0.0
mistral,base,self,pair_45,7,0.22580645161290322,0.0,0.0
mistral,base,self,pair_45,8,0.25806451612903225,0.0,0.02563460916804515
mistral,base,self,pair_45,9,0.2903225806451613,0.0,0.0863936096389452
mistral,base,self,pair_45,10,0.3225806451612903,0.0,0.11501693992091912
mistral,base,self,pair_45,11,0.3548387096774194,0.02830883187039855,0.0
mistral,base,self,pair_45,12,0.3870967741935484,0.11974986008134897,0.06536194107589734
mistral,base,self,pair_45,13,0.41935483870967744,0.1439086124298714,0.19097729637370248
mistral,base,self,pair_45,14,0.45161290322580644,0.0,0.144508524114988
mistral,base,self,pair_45,15,0.4838709677419355,0.005179185787747301,0.0783014184038038
mistral,base,self,pair_45,16,0.5161290322580645,0.019262319331033048,0.31050665084985246
mistral,base,self,pair_45,17,0.5483870967741935,0.24387070384991663,0.3350862428187974
mistral,base,self,pair_45,18,0.5806451612903226,0.07245331908983259,0.3281836769348094
mistral,base,self,pair_45,19,0.6129032258064516,0.21479744821185884,0.3041913876470625
mistral,base,self,pair_45,20,0.6451612903225806,0.32278685930570594,0.4583957748321299
mistral,base,self,pair_45,21,0.6774193548387096,0.45313342562063696,0.45049908781342274
mistral,base,self,pair_45,22,0.7096774193548387,0.5482258411319763,0.689046274069969
mistral,base,self,pair_45,23,0.7419354838709677,0.8359136255586461,0.7679917860275054
mistral,base,self,pair_45,24,0.7741935483870968,0.8193058694202516,0.9611115043722831
mistral,base,self,pair_45,25,0.8064516129032258,1.067644662796499,0.8751373100426176
mistral,base,self,pair_45,26,0.8387096774193549,1.0103906044078628,0.8052549048982149
mistral,base,self,pair_45,27,0.8709677419354839,1.3495416535570541,1.0950935785263056
mistral,base,self,pair_45,28,0.9032258064516129,1.271573095523633,1.0922121092732933
mistral,base,self,pair_45,29,0.9354838709677419,1.2685044204101794,1.1884404748081885
mistral,base,self,pair_45,30,0.967741935483871,1.3270186874630905,1.0466102625095322
mistral,base,self,pair_45,31,1.0,1.5318558445720527,1.0790927397213699
mistral,base,self,pair_46,0,0.0,0.0,0.09340738115901301
mistral,base,self,pair_46,1,0.03225806451612903,0.018684266660398144,0.09867930586549326
mistral,base,self,pair_46,2,0.06451612903225806,0.0,0.0
mistral,base,self,pair_46,3,0.0967741935483871,0.06733729186757337,0.03028217982699801
mistral,base,self,pair_46,4,0.12903225806451613,0.011137188192147193,0.0
mistral,base,self,pair_46,5,0.16129032258064516,0.0,0.0
mistral,base,self,pair_46,6,0.1935483870967742,0.055938363763652216,0.0
mistral,base,self,pair_46,7,0.22580645161290322,0.0,0.044358376854131173
mistral,base,self,pair_46,8,0.25806451612903225,0.0,0.07087157744916273
mistral,base,self,pair_46,9,0.2903225806451613,0.0,0.0929259029135297
mistral,base,self,pair_46,10,0.3225806451612903,0.11871783992217998,0.0
mistral,base,self,pair_46,11,0.3548387096774194,0.0,0.0
mistral,base,self,pair_46,12,0.3870967741935484,0.04159840484661509,0.2207823837014112
mistral,base,self,pair_46,13,0.41935483870967744,0.0026572452142097323,0.06468518538285065
mistral,base,self,pair_46,14,0.45161290322580644,0.0,0.03479691007207802
mistral,base,self,pair_46,15,0.4838709677419355,0.13129454703998256,0.2123331768734636
mistral,base,self,pair_46,16,0.5161290322580645,0.1589611441975829,0.2643968780574935
mistral,base,self,pair_46,17,0.5483870967741935,0.10408234909846616,0.1816934992334988
mistral,base,self,pair_46,18,0.5806451612903226,0.3268416552138341,0.21773153972279996
mistral,base,self,pair_46,19,0.6129032258064516,0.2364069131156684,0.34713965929481283
mistral,base,self,pair_46,20,0.6451612903225806,0.30145385054625146,0.4220035605359173
mistral,base,self,pair_46,21,0.6774193548387096,0.4256560398176663,0.5560447964274404
mistral,base,self,pair_46,22,0.7096774193548387,0.5596063511601873,0.7165074709199404
mistral,base,self,pair_46,23,0.7419354838709677,0.6922738099856676,0.7124268118934834
mistral,base,self,pair_46,24,0.7741935483870968,0.878696558449312,0.6907581411308975
mistral,base,self,pair_46,25,0.8064516129032258,0.9404307517762658,0.9486128083813569
mistral,base,self,pair_46,26,0.8387096774193549,1.1440511196308318,0.967415820588156
mistral,base,self,pair_46,27,0.8709677419354839,1.2489249094115185,0.9268206800319713
mistral,base,self,pair_46,28,0.9032258064516129,1.310909199376947,1.0111175037021056
mistral,base,self,pair_46,29,0.9354838709677419,1.386625733692724,1.2280004718913866
mistral,base,self,pair_46,30,0.967741935483871,1.298266749078469,1.2493915137580804
mistral,base,self,pair_46,31,1.0,1.3797907944135326,1.185312676513285
mistral,base,self,pair_47,0,0.0,0.0,0.0
mistral,base,self,pair_47,1,0.03225806451612903,0.0,0.1029852235832166
mistral,base,self,pair_47,2,0.06451612903225806,0.16534669515733302,0.0
mistral,base,self,pair_47,3,0.0967741935483871,0.0,0.10072263614155091
mistral,base,self,pair_47,4,0.12903225806451613,0.0,0.0
mistral,base,self,pair_47,5,0.16129032258064516,0.05813138920097794,0.007330180065807737
mistral,base,self,pair_47,6,0.1935483870967742,0.10687007293606207,0.008407017585066774
mistral,base,self,pair_47,7,0.22580645161290322,0.0,0.16790533044831848
mistral,base,self,pair_47,8,0.25806451612903225,0.0,0.06549999808053472
mistral,base,self,pair_47,9,0.2903225806451613,0.010925588874821184,0.0
mistral,base,self,pair_47,10,0.3225806451612903,0.0,0.12495226443384873
mistral,base,self,pair_47,11,0.3548387096774194,0.060363786521872645,0.18583495292760543
mistral,base,self,pair_47,12,0.3870967741935484,0.03341383291379698,0.0653516800763126
mistral,base,self,pair_47,13,0.41935483870967744,0.0,0.0
mistral,base,self,pair_47,14,0.45161290322580644,0.09924147081538784,0.07519220797424304
mistral,base,self,pair_47,15,0.4838709677419355,0.061676995675563465,0.13589853157512669
mistral,base,self,pair_47,16,0.5161290322580645,0.18925354208131057,0.1521551148620631
mistral,base,self,pair_47,17,0.5483870967741935,0.06926158030497412,0.21634698167406946
mistral,base,self,pair_47,18,0.5806451612903226,0.3256962028931672,0.303849954266034
mistral,base,self,pair_47,19,0.6129032258064516,0.2529301875162863,0.33001118321160805
mistral,base,self,pair_47,20,0.6451612903225806,0.3080490937915742,0.35531750381911414
mistral,base,self,pair_47,21,0.6774193548387096,0.3992006383496451,0.5453073680455311
mistral,base,self,pair_47,22,0.7096774193548387,0.4741159269536621,0.6136208618275237
mistral,base,self,pair_47,23,0.7419354838709677,0.618460764391572,0.654426830327926
mistral,base,self,pair_47,24,0.7741935483870968,0.8224351081357856,0.8125091563194463
mistral,base,self,pair_47,25,0.8064516129032258,0.9859183292059109,1.0021720213002963
mistral,base,self,pair_47,26,0.8387096774193549,1.215427363000932,0.9428359347358003
mistral,base,self,pair_47,27,0.8709677419354839,1.200038218255792,0.9552908631133151
mistral,base,self,pair_47,28,0.9032258064516129,1.424994774646367,1.1549760667970614
mistral,base,self,pair_47,29,0.9354838709677419,1.2748036482260627,1.0886697301416663
mistral,base,self,pair_47,30,0.967741935483871,1.5050664509909792,1.0924289173222665
mistral,base,self,pair_47,31,1.0,1.3926350336560747,1.2229255878642245
mistral,base,self,pair_48,0,0.0,0.0,0.17578227921210313
mistral,base,self,pair_48,1,0.03225806451612903,0.029258610466061607,0.0
mistral,base,self,pair_48,2,0.06451612903225806,0.0,0.06761944592089192
mistral,base,self,pair_48,3,0.0967741935483871,0.0,0.032511013766331705
mistral,base,self,pair_48,4,0.12903225806451613,0.02932511084274833,0.04833348258091478
mistral,base,self,pair_48,5,0.16129032258064516,0.0,0.0
mistral,base,self,pair_48,6,0.1935483870967742,0.044603465530934125,0.056039635672882684
mistral,base,self,pair_48,7,0.22580645161290322,0.12382460186725128,0.0
mistral,base,self,pair_48,8,0.25806451612903225,0.0,0.0
mistral,base,self,pair_48,9,0.2903225806451613,0.015761405208972557,0.10676142477541714
mistral,base,self,pair_48,10,0.3225806451612903,0.0,0.0
mistral,base,self,pair_48,11,0.3548387096774194,0.07977181771387494,0.04113582167188802
mistral,base,self,pair_48,12,0.3870967741935484,0.0,0.010911485822374063
mistral,base,self,pair_48,13,0.41935483870967744,0.03617755252415172,0.0445589252604035
mistral,base,self,pair_48,14,0.45161290322580644,0.08252638312774702,0.030048378902368868
mistral,base,self,pair_48,15,0.4838709677419355,0.07880768824689183,0.06047015721592401
mistral,base,self,pair_48,16,0.5161290322580645,0.0,0.22624741184491545
mistral,base,self,pair_48,17,0.5483870967741935,0.112541265353547,0.1628079901640107
mistral,base,self,pair_48,18,0.5806451612903226,0.08301073833208517,0.2460391796052983
mistral,base,self,pair_48,19,0.6129032258064516,0.3379896342471606,0.3730540744900227
mistral,base,self,pair_48,20,0.6451612903225806,0.4162490759999503,0.4899449774380871
mistral,base,self,pair_48,21,0.6774193548387096,0.5403452857579414,0.5470126953686019
mistral,base,self,pair_48,22,0.7096774193548387,0.6365790080567302,0.49279456736961846
mistral,base,self,pair_48,23,0.7419354838709677,0.7400217835595673,0.564024556262851
mistral,base,self,pair_48,24,0.7741935483870968,0.9313060811268664,1.0286644914394343
mistral,base,self,pair_48,25,0.8064516129032258,0.9751029678888903,1.0099435153737333
mistral,base,self,pair_48,26,0.8387096774193549,1.1861329931124105,0.9425196261662863
mistral,base,self,pair_48,27,0.8709677419354839,1.1777304335235685,1.0598813281103696
mistral,base,self,pair_48,28,0.9032258064516129,1.307566710218389,1.0743551008874863
mistral,base,self,pair_48,29,0.9354838709677419,1.3435912760739566,1.0683649079965636
mistral,base,self,pair_48,30,0.967741935483871,1.325025375320215,0.9999457338120258
mistral,base,self,pair_48,31,1.0,1.4210726183049949,1.1691008648553276
mistral,base,self,pair_49,0,0.0,0.0,0.0
mistral,base,self,pair_49,1,0.03225806451612903,0.0,0.06389808834352892
mistral,base,self,pair_49,2,0.06451612903225806,0.08572697859535591,0.0
mistral,base,self,pair_49,3,0.0967741935483871,0.0,0.02847195979100898
mistral,base,self,pair_49,4,0.12903225806451613,0.0,0.04721034682197579
mistral,base,self,pair_49,5,0.16129032258064516,0.14453350065906947,0.08579737537953182
mistral,base,self,pair_49,6,0.1935483870967742,0.0665505082269546,0.15472313665867757
mistral,base,self,pair_49,7,0.22580645161290322,0.0,0.03816891386808647
mistral,base,self,pair_49,8,0.25806451612903225,0.0,0.15377901370358332
mistral,base,self,pair_49,9,0.2903225806451613,0.06479781786320922,0.013590121436559941
mistral,base,self,pair_49,10,0.3225806451612903,0.0,0.0
mistral,base,self,pair_49,11,0.3548387096774194,0.0,0.0
mistral,base,self,pair_49,12,0.3870967741935484,0.0,0.008558943978733566
mistral,base,self,pair_49,13,0.41935483870967744,0.0,0.025306554129058988
mistral,base,self,pair_49,14,0.45161290322580644,0.019493524813347134,0.11100027335159682
mistral,base,self,pair_49,15,0.4838709677419355,0.12425311270024007,0.0922247268892592
mistral,base,self,pair_49,16,0.5161290322580645,0.0,0.1472637689833075
mistral,base,self,pair_49,17,0.5483870967741935,0.059440469557515196,0.2151378135566768
mistral,base,self,pair_49,18,0.5806451612903226,0.05599484520568025,0.21269063394476528
mistral,base,self,pair_49,19,0.6129032258064516,0.17337750962007306,0.37806537707606225
mistral,base,self,pair_49,20,0.6451612903225806,0.2661917606019264,0.3725214607299812
mistral,base,self,pair_49,21,0.6774193548387096,0.41455890865008926,0.5524015586450508
mistral,base,self,pair_49,22,0.7096774193548387,0.5079273711846567,0.5034138324342441
mistral,base,self,pair_49,23,0.7419354838709677,0.6332757418808402,0.7176140277803862
mistral,base,self,pair_49,24,0.7741935483870968,0.8757545924875427,0.9242881850473474
mistral,base,self,pair_49,25,0.8064516129032258,0.8923425846894294,0.8249903701421198
mistral,base,self,pair_49,26,0.8387096774193549,1.1779530410916017,0.891287105180128
mistral,base,self,pair_49,27,0.8709677419354839,1.2395692447478204,1.0685845288760656
mistral,base,self,pair_49,28,0.9032258064516129,1.275382514447347,1.110622880945781
mistral,base,self,pair_49,29,0.9354838709677419,1.482449171544595,1.1490830140660442
mistral,base,self,pair_49,30,0.967741935483871,1.4469093370056325,1.2297935991804991
mistral,base,self,pair_49,31,1.0,1.5303024216288517,1.2636454300658015
mistral,inst,reader,pair_0,0,0.0,0.0,0.0
mistral,inst,reader,pair_0,1,0.03225806451612903,0.10330658960828151,0.01702688120624586
mistral,inst,reader,pair_0,2,0.06451612903225806,0.0740198491552578,0.048250662163117915
mistral,inst,reader,pair_0,3,0.0967741935483871,0.0,0.046229363804890254
mistral,inst,reader,pair_0,4,0.12903225806451613,0.0,0.0
mistral,inst,reader,pair_0,5,0.16129032258064516,0.009054652855837004,0.0
mistral,inst,reader,pair_0,6,0.1935483870967742,0.09725944792267868,0.0
mistral,inst,reader,pair_0,7,0.22580645161290322,0.08279764884366607,0.02128129532264921
mistral,inst,reader,pair_0,8,0.25806451612903225,0.12664742558841188,0.0
mistral,inst,reader,pair_0,9,0.2903225806451613,0.0,0.046646703984805526
mistral,inst,reader,pair_0,10,0.3225806451612903,0.0,0.09316226923453123
mistral,inst,reader,pair_0,11,0.3548387096774194,0.1362999383432492,0.12700949808885773
mistral,inst,reader,pair_0,12,0.3870967741935484,0.07940400436393515,0.038632322728988096
mistral,inst,reader,pair_0,13,0.41935483870967744,0.1303995623723349,0.1542942941022252
mistral,inst,reader,pair_0,14,0.45161290322580644,0.07206371802340295,0.09280512347501804
mistral,inst,reader,pair_0,15,0.4838709677419355,0.030172497537224577,0.025518490446270983
mistral,inst,reader,pair_0,16,0.5161290322580645,0.1835631488562791,0.0
mistral,inst,reader,pair_0,17,0.5483870967741935,0.09295118788006095,0.22918910140222817
mistral,inst,reader,pair_0,18,0.5806451612903226,0.24257662131842558,0.42008279131943504
mistral,inst,reader,pair_0,19,0.6129032258064516,0.32211188386508516,0.3307418558423394
mistral,inst,reader,pair_0,20,0.6451612903225806,0.39021108700939633,0.33855840955880695
mistral,inst,reader,pair_0,21,0.6774193548387096,0.5569745445478643,0.5200264170248134
mistral,inst,reader,pair_0,22,0.7096774193548387,0.5181069732272626,0.5778848133797939
mistral,inst,reader,pair_0,23,0.7419354838709677,0.7088290670224077,0.6925718359528594
mistral,inst,reader,pair_0,24,0.7741935483870968,1.0413054520545872,0.7554482460088093
mistral,inst,reader,pair_0,25,0.8064516129032258,0.9973523409243198,0.8945071561567262
mistral,inst,reader,pair_0,26,0.8387096774193549,1.1175907254565232,0.964581695180298
mistral,inst,reader,pair_0,27,0.8709677419354839,1.1768447772233397,0.9694807271980058
mistral,inst,reader,pair_0,28,0.9032258064516129,1.225221207488281,0.9419171297003474
mistral,inst,reader,pair_0,29,0.9354838709677419,1.3711192276941124,1.1747317875912906
mistral,inst,reader,pair_0,30,0.967741935483871,1.3540843787341201,1.078127984303454
mistral,inst,reader,pair_0,31,1.0,1.403542563887838,1.1062377728878074
mistral,inst,reader,pair_1,0,0.0,0.0,0.1103019039962343
mistral,inst,reader,pair_1,1,0.03225806451612903,0.03539255970973894,0.0
mistral,inst,reader,pair_1,2,0.06451612903225806,0.024175118107257355,0.0
mistral,inst,reader,pair_1,3,0.0967741935483871,0.0,0.03199029269839593
mistral,inst,reader,pair_1,4,0.12903225806451613,0.0771074110114599,0.12552528638817675
mistral,inst,reader,pair_1,5,0.16129032258064516,0.1375940232781235,0.0
mistral,inst,reader,pair_1,6,0.1935483870967742,0.0,0.015500575971600466
mistral,inst,reader,pair_1,7,0.22580645161290322,0.013043552253974246,0.0
mistral,inst,reader,pair_1,8,0.25806451612903225,0.0,0.07934035503930872
mistral,inst,reader,pair_1,9,0.2903225806451613,0.13735199770893955,0.001505105989765658
mistral,inst,reader,pair_1,10,0.3225806451612903,0.0,0.004258857379897084
mistral,inst,reader,pair_1,11,0.3548387096774194,0.0,0.015035213044510817
mistral,inst,reader,pair_1,12,0.3870967741935484,0.052817964136375434,0.0438031172510576
mistral,inst,reader,pair_1,13,0.41935483870967744,0.12661359197248634,0.08044288692210444
mistral,inst,reader,pair_1,14,0.45161290322580644,0.07914361264395917,0.08049537585593998
mistral,inst,reader,pair_1,15,0.4838709677419355,0.16436710383492686,0.026149417908980857
mistral,inst,reader,pair_1,16,0.5161290322580645,0.06117749820656869,0.07074966782239775
mistral,inst,reader,pair_1,17,0.5483870967741935,0.1886648561091812,0.2840644789980967
mistral,inst,reader,pair_1,18,0.5806451612903226,0.13252471910834526,0.4117989578627692
mistral,inst,reader,pair_1,19,0.6129032258064516,0.21886497413779993,0.24339340033434467
mistral,inst,reader,pair_1,20,0.6451612903225806,0.3094645219913707,0.46828807570766867
mistral,inst,reader,pair_1,21,0.6774193548387096,0.4238281012186022,0.7137860910005427
mistral,inst,reader,pair_1,22,0.7096774193548387,0.6404386372886225,0.7675119765121966
mistral,inst,reader,pair_1,23,0.7419354838709677,0.8246088086793129,0.5891318554889543
mistral,inst,reader,pair_1,24,0.7741935483870968,0.8278919677362089,0.5946238828894294
mistral,inst,reader,pair_1,25,0.8064516129032258,0.9430319825992054,0.9814715049725722
mistral,inst,reader,pair_1,26,0.8387096774193549,1.04787206796219,0.909218951186787
mistral,inst,reader,pair_1,27,0.8709677419354839,1.2414605392806446,1.0791386473303624
mistral,inst,reader,pair_1,28,0.9032258064516129,1.2656889769234194,1.040506124725263
mistral,inst,reader,pair_1,29,0.9354838709677419,1.418533217245587,1.1163063743247543
mistral,inst,reader,pair_1,30,0.967741935483871,1.374708168326018,1.1479774668073477
mistral,inst,reader,pair_1,31,1.0,1.4349509108856784,1.1634595860668377
mistral,inst,reader,pair_2,0,0.0,0.1602835864081923,0.0
mistral,inst,reader,pair_2,1,0.03225806451612903,0.0,0.1145993912044176
mistral,inst,reader,pair_2,2,0.06451612903225806,0.0,0.13967351691671764
mistral,inst,reader,pair_2,3,0.0967741935483871,0.0,0.008780347615608287
mistral,inst,reader,pair_2,4,0.12903225806451613,0.05956051414476686,0.10101213168192257
mistral,inst,reader,pair_2,5,0.16129032258064516,0.08104115949563195,0.0
mistral,inst,reader,pair_2,6,0.1935483870967742,0.0,0.03533058750223783
mistral,inst,reader,pair_2,7,0.22580645161290322,0.013553621049417942,0.0
mistral,inst,reader,pair_2,8,0.25806451612903225,0.03694302520534847,0.09380802701855885
mistral,inst,reader,pair_2,9,0.2903225806451613,0.019328453007587947,0.1447451512241774
mistral,inst,reader,pair_2,10,0.3225806451612903,0.04165530324430333,0.014463513845330905
mistral,inst,reader,pair_2,11,0.3548387096774194,0.020986697962513255,0.0
mistral,inst,reader,pair_2,12,0.3870967741935484,0.0,0.0884328350848469
mistral,inst,reader,pair_2,13,0.41935483870967744,0.0,0.03970848655808554
mistral,inst,reader,pair_2,14,0.45161290322580644,0.033518046160825335,0.12320431238329205
mistral,inst,reader,pair_2,15,0.4838709677419355,0.09600680623897281,0.12827494951172758
mistral,inst,reader,pair_2,16,0.5161290322580645,0.0,0.1481173460096067
mistral,inst,reader,pair_2,17,0.5483870967741935,0.06051982275567742,0.2071308916629723
mistral,inst,reader,pair_2,18,0.5806451612903226,0.2530922195630615,0.3435358357004757
mistral,inst,reader,pair_2,19,0.6129032258064516,0.2602724032333664,0.3945243537232233
mistral,inst,reader,pair_2,20,0.6451612903225806,0.21288822631948812,0.4550758321677648
mistral,inst,reader,pair_2,21,0.6774193548387096,0.4925403247286846,0.476054260124223
mistral,inst,reader,pair_2,22,0.7096774193548387,0.6044067133789566,0.5985435213096475
mistral,inst,reader,pair_2,23,0.7419354838709677,0.7937785133405753,0.8126681326434065
mistral,inst,reader,pair_2,24,0.7741935483870968,0.8153300087768575,0.9299365449708461
mistral,inst,reader,pair_2,25,0.8064516129032258,0.9795372977305249,1.0572187291632458
mistral,inst,reader,pair_2,26,0.8387096774193549,1.0760046184482124,0.9652545313473254
mistral,inst,reader,pair_2,27,0.8709677419354839,1.2324249593385905,0.9560896434058583
mistral,inst,reader,pair_2,28,0.9032258064516129,1.1561636853922985,0.9970027830234708
mistral,inst,reader,pair_2,29,0.9354838709677419,1.44018313460051,1.0696883509334778
mistral,inst,reader,pair_2,30,0.967741935483871,1.3713945814578763,1.2441613397023605
mistral,inst,reader,pair_2,31,1.0,1.4683442136090576,1.1992736208759904
mistral,inst,reader,pair_3,0,0.0,0.0681409846149251,0.0
mistral,inst,reader,pair_3,1,0.03225806451612903,0.010250664000377547,0.013526278992150864
mistral,inst,reader,pair_3,2,0.06451612903225806,0.0,0.0
mistral,inst,reader,pair_3,3,0.0967741935483871,0.0376934134375155,0.0
mistral,inst,reader,pair_3,4,0.12903225806451613,0.0,0.0
mistral,inst,reader,pair_3,5,0.16129032258064516,0.0,0.07275268717541816
mistral,inst,reader,pair_3,6,0.1935483870967742,0.13442059413490817,0.1453164017829158
mistral,inst,reader,pair_3,7,0.22580645161290322,0.06727684554822529,0.0455511148344239
mistral,inst,reader,pair_3,8,0.25806451612903225,0.0,0.10468802908576295
mistral,inst,reader,pair_3,9,0.2903225806451613,0.2163236419596891,0.05585528847279027
mistral,inst,reader,pair_3,10,0.3225806451612903,0.027554278083392933,0.08282422005803594
mistral,inst,reader,pair_3,11,0.3548387096774194,0.07125979360581897,0.04765826141543002
mistral,inst,reader,pair_3,12,0.3870967741935484,0.0,0.07925129095175074
mistral,inst,reader,pair_3,13,0.41935483870967744,0.0,0.0
mistral,inst,reader,pair_3,14,0.45161290322580644,0.14952914171494186,0.05575107202183547
mistral,inst,reader,pair_3,15,0.4838709677419355,0.11639028542537515,0.2483045852414772
mistral,inst,reader,pair_3,16,0.5161290322580645,0.18308723339921162,0.12037334518418846
mistral,inst,reader,pair_3,17,0.5483870967741935,0.14854329790909232,0.12275173758883624
mistral,inst,reader,pair_3,18,0.5806451612903226,0.16542027843602056,0.3628312484791566
mistral,inst,reader,pair_3,19,0.6129032258064516,0.2452080810179535,0.12595402611207676
mistral,inst,reader,pair_3,20,0.6451612903225806,0.15185980981479774,0.37535958926681334
mistral,inst,reader,pair_3,21,0.6774193548387096,0.5492387951566787,0.5484712639042342
mistral,inst,reader,pair_3,22,0.7096774193548387,0.5833095551472046,0.5237322467287512
mistral,inst,reader,pair_3,23,0.7419354838709677,0.725452505349497,0.5419808448158245
mistral,inst,reader,pair_3,24,0.7741935483870968,0.8854592309323688,0.9072419675687498
mistral,inst,reader,pair_3,25,0.8064516129032258,0.9293367353117882,0.9790148507255121
mistral,inst,reader,pair_3,26,0.8387096774193549,1.0577373251009714,0.9719440064843007
mistral,inst,reader,pair_3,27,0.8709677419354839,1.2044949136182732,1.0236627289542477
mistral,inst,reader,pair_3,28,0.9032258064516129,1.4163503464647103,1.1314683762051794
mistral,inst,reader,pair_3,29,0.9354838709677419,1.2995969652737087,0.8747847014271535
mistral,inst,reader,pair_3,30,0.967741935483871,1.4691153802335488,1.1839299496219924
mistral,inst,reader,pair_3,31,1.0,1.4421021124508158,1.0984336906688594
mistral,inst,reader,pair_4,0,0.0,0.1280577190098589,0.0
mistral,inst,reader,pair_4,1,0.03225806451612903,0.0,0.0
mistral,inst,reader,pair_4,2,0.06451612903225806,0.03010594464952276,0.0
mistral,inst,reader,pair_4,3,0.0967741935483871,0.169486263397635,0.004297700758615385
mistral,inst,reader,pair_4,4,0.12903225806451613,0.0,0.04977938810038643
mistral,inst,reader,pair_4,5,0.16129032258064516,0.0,0.0
mistral,inst,reader,pair_4,6,0.1935483870967742,0.04468663746766839,0.0
mistral,inst,reader,pair_4,7,0.22580645161290322,0.08085405881150658,0.037158002199006696
mistral,inst,reader,pair_4,8,0.25806451612903225,0.013398461619714096,0.019754486750417112
mistral,inst,reader,pair_4,9,0.2903225806451613,0.0,0.05222745566347066
mistral,inst,reader,pair_4,10,0.3225806451612903,0.0,0.0
mistral,inst,reader,pair_4,11,0.3548387096774194,0.0191935144584705,1.718415190571365e-05
mistral,inst,reader,pair_4,12,0.3870967741935484,0.0,0.11276535085927403
mistral,inst,reader,pair_4,13,0.41935483870967744,0.0,0.0
mistral,inst,reader,pair_4,14,0.45161290322580644,0.03467281238430886,0.03841471963377654
mistral,inst,reader,pair_4,15,0.4838709677419355,0.0,0.14891199832616658
mistral,inst,reader,pair_4,16,0.5161290322580645,0.0014200781651697303,0.22211442583042343
mistral,inst,reader,pair_4,17,0.5483870967741935,0.050763820277003865,0.2942024070875347
mistral,inst,reader,pair_4,18,0.5806451612903226,0.20782000601395126,0.2878386841180117
mistral,inst,reader,pair_4,19,0.6129032258064516,0.18217915087783845,0.42644842060175353
mistral,inst,reader,pair_4,20,0.6451612903225806,0.3722453244293631,0.4104944941248863
mistral,inst,reader,pair_4,21,0.6774193548387096,0.4890304464525138,0.4504978726879942
mistral,inst,reader,pair_4,22,0.7096774193548387,0.4696264368947518,0.6213643041220038
mistral,inst,reader,pair_4,23,0.7419354838709677,0.7194273152821666,0.758227157168222
mistral,inst,reader,pair_4,24,0.7741935483870968,0.8633164019489195,0.9121598154019804
mistral,inst,reader,pair_4,25,0.8064516129032258,0.8915034293860394,0.9377292656600629
mistral,inst,reader,pair_4,26,0.8387096774193549,1.13338039855455,1.0686509032099503
mistral,inst,reader,pair_4,27,0.8709677419354839,1.2253630802740476,1.04145762935208
mistral,inst,reader,pair_4,28,0.9032258064516129,1.4350967638375012,1.1246743753122512
mistral,inst,reader,pair_4,29,0.9354838709677419,1.4024991394918647,1.064771031108447
mistral,inst,reader,pair_4,30,0.967741935483871,1.4086471102852096,0.9906241639387485
mistral,inst,reader,pair_4,31,1.0,1.3613631586667412,1.194848419692653
mistral,inst,reader,pair_5,0,0.0,0.0,0.008524619502793374
mistral,inst,reader,pair_5,1,0.03225806451612903,0.001699311575598793,0.032636830422808696
mistral,inst,reader,pair_5,2,0.06451612903225806,0.0,0.0
mistral,inst,reader,pair_5,3,0.0967741935483871,0.08935600039628876,0.011730769018660107
mistral,inst,reader,pair_5,4,0.12903225806451613,0.03368321788715583,0.13329387743000898
mistral,inst,reader,pair_5,5,0.16129032258064516,0.015188311177472326,0.0
mistral,inst,reader,pair_5,6,0.1935483870967742,0.0,0.07300272291374081
mistral,inst,reader,pair_5,7,0.22580645161290322,0.0,0.0
mistral,inst,reader,pair_5,8,0.25806451612903225,0.0,0.13170850154290809
mistral,inst,reader,pair_5,9,0.2903225806451613,0.10547209545992266,0.0
mistral,inst,reader,pair_5,10,0.3225806451612903,0.1611740814735345,0.0
mistral,inst,reader,pair_5,11,0.3548387096774194,0.17518063151980884,0.0
mistral,inst,reader,pair_5,12,0.3870967741935484,0.10715177597371442,0.004996156093382553
mistral,inst,reader,pair_5,13,0.41935483870967744,0.015389703688635771,0.13904177326701356
mistral,inst,reader,pair_5,14,0.45161290322580644,0.0,0.11762099288332897
mistral,inst,reader,pair_5,15,0.4838709677419355,0.0837109845418869,0.21923835273027703
mistral,inst,reader,pair_5,16,0.5161290322580645,0.19479738037361344,0.31496591264669704
mistral,inst,reader,pair_5,17,0.5483870967741935,0.14687258876762754,0.24873643028964243
mistral,inst,reader,pair_5,18,0.5806451612903226,0.12829861686569016,0.21779934684559482
mistral,inst,reader,pair_5,19,0.6129032258064516,0.13695238665446574,0.3359608915238622
mistral,inst,reader,pair_5,20,0.6451612903225806,0.3444730737098115,0.441103798442424
mistral,inst,reader,pair_5,21,0.6774193548387096,0.48844523217271085,0.4240487659903003
mistral,inst,reader,pair_5,22,0.7096774193548387,0.7106160361206484,0.6535783520985498
mistral,inst,reader,pair_5,23,0.7419354838709677,0.8011942674457109,0.7516144320272422
mistral,inst,reader,pair_5,24,0.7741935483870968,0.78799146983659,0.7868335149548016
mistral,inst,reader,pair_5,25,0.8064516129032258,0.7308812122317789,0.9093713004328231
mistral,inst,reader,pair_5,26,0.8387096774193549,1.1097844708462032,1.0571951871685703
mistral,inst,reader,pair_5,27,0.8709677419354839,1.074892986095884,1.0098665069885606
mistral,inst,reader,pair_5,28,0.9032258064516129,1.269761443213504,0.9599161046826259
mistral,inst,reader,pair_5,29,0.9354838709677419,1.236361913911619,1.0019411816704122
mistral,inst,reader,pair_5,30,0.967741935483871,1.4762421268425991,1.2016407911566986
mistral,inst,reader,pair_5,31,1.0,1.3136655093530356,1.1297504156453533
mistral,inst,reader,pair_6,0,0.0,0.0380561416053186,0.027146053035267317
mistral,inst,reader,pair_6,1,0.03225806451612903,0.0,0.0
mistral,inst,reader,pair_6,2,0.06451612903225806,0.0,0.08339524520022176
mistral,inst,reader,pair_6,3,0.0967741935483871,0.20821549616270696,0.0
mistral,inst,reader,pair_6,4,0.12903225806451613,0.0,0.06944838974317118
mistral,inst,reader,pair_6,5,0.16129032258064516,0.12582815006733877,0.1237590588787945
mistral,inst,reader,pair_6,6,0.1935483870967742,0.01505738643724821,0.04991798954992544
mistral,inst,reader,pair_6,7,0.22580645161290322,0.01036436935759212,0.06802007247123762
mistral,inst,reader,pair_6,8,0.25806451612903225,0.07939792294344337,0.0
mistral,inst,reader,pair_6,9,0.2903225806451613,0.0,0.0
mistral,inst,reader,pair_6,10,0.3225806451612903,0.0,0.042267004515696385
mistral,inst,reader,pair_6,11,0.3548387096774194,0.10246223592572962,0.0
mistral,inst,reader,pair_6,12,0.3870967741935484,0.09250291583627364,0.034549664100100394
mistral,inst,reader,pair_6,13,0.41935483870967744,0.0,0.03647508806836075
mistral,inst,reader,pair_6,14,0.45161290322580644,0.018823136499001112,0.13625278831849896
mistral,inst,reader,pair_6,15,0.4838709677419355,0.10627860011704712,0.1234278208367011
mistral,inst,reader,pair_6,16,0.5161290322580645,0.02030927755538174,0.24086613400965762
mistral,inst,reader,pair_6,17,0.5483870967741935,0.06839254673380135,0.12096290717175512
mistral,inst,reader,pair_6,18,0.5806451612903226,0.12246672706821926,0.2360615447409021
mistral,inst,reader,pair_6,19,0.6129032258064516,0.23351697807757318,0.31822729567274577
mistral,inst,reader,pair_6,20,0.6451612903225806,0.3028111998521952,0.49881634429532457
mistral,inst,reader,pair_6,21,0.6774193548387096,0.5062995224053932,0.5751726440787515
mistral,inst,reader,pair_6,22,0.7096774193548387,0.547252138233269,0.5756290285535854
mistral,inst,reader,pair_6,23,0.7419354838709677,0.6951960572534047,0.7122590408276778
mistral,inst,reader,pair_6,24,0.7741935483870968,0.9254284227885945,0.7904853129809736
mistral,inst,reader,pair_6,25,0.8064516129032258,0.8983658685624751,0.8252811966186223
mistral,inst,reader,pair_6,26,0.8387096774193549,1.2564637901506717,0.8855411629621451
mistral,inst,reader,pair_6,27,0.8709677419354839,1.1142660611129043,0.9928197669513891
mistral,inst,reader,pair_6,28,0.9032258064516129,1.435079253930549,1.0686863588748305
mistral,inst,reader,pair_6,29,0.9354838709677419,1.3772265685955063,0.9698566622414458
mistral,inst,reader,pair_6,30,0.967741935483871,1.2776249945226639,1.122627529766773
mistral,inst,reader,pair_6,31,1.0,1.3922522641416424,1.1742618234450461
mistral,inst,reader,pair_7,0,0.0,0.0,0.08533718182704683
mistral,inst,reader,pair_7,1,0.03225806451612903,0.10887047219808461,0.0
mistral,inst,reader,pair_7,2,0.06451612903225806,0.020012379256605164,0.0
mistral,inst,reader,pair_7,3,0.0967741935483871,0.11599954646038939,0.020939537095705656
mistral,inst,reader,pair_7,4,0.12903225806451613,0.0771304060061923,0.0
mistral,inst,reader,pair_7,5,0.16129032258064516,0.026416402437251178,0.17609141770915215
mistral,inst,reader,pair_7,6,0.1935483870967742,0.16799503651976921,0.0
mistral,inst,reader,pair_7,7,0.22580645161290322,0.03327559127271063,0.02967873976341611
mistral,inst,reader,pair_7,8,0.25806451612903225,0.0,0.0
mistral,inst,reader,pair_7,9,0.2903225806451613,0.020802965818732398,0.09610539797726714
mistral,inst,reader,pair_7,10,0.3225806451612903,0.050680179054147075,0.0
mistral,inst,reader,pair_7,11,0.3548387096774194,0.0,0.0
mistral,inst,reader,pair_7,12,0.3870967741935484,0.14222329689370017,0.00577088436395181
mistral,inst,reader,pair_7,13,0.41935483870967744,0.0,0.09538201930473253
mistral,inst,reader,pair_7,14,0.45161290322580644,0.03378241450973889,0.09106332282365323
mistral,inst,reader,pair_7,15,0.4838709677419355,0.11168740502623559,0.08503965517951517
mistral,inst,reader,pair_7,16,0.5161290322580645,0.0008495651576363727,0.15324160730418934
mistral,inst,reader,pair_7,17,0.5483870967741935,0.12780985494809882,0.1289639876111986
mistral,inst,reader,pair_7,18,0.5806451612903226,0.08537559750388962,0.19535927524437602
mistral,inst,reader,pair_7,19,0.6129032258064516,0.30791167865893576,0.46481652187950695
mistral,inst,reader,pair_7,20,0.6451612903225806,0.4338393077654748,0.3664365685858957
mistral,inst,reader,pair_7,21,0.6774193548387096,0.38708333560710817,0.4303671766979413
mistral,inst,reader,pair_7,22,0.7096774193548387,0.7189394846992359,0.5902714330719143
mistral,inst,reader,pair_7,23,0.7419354838709677,0.710734170672074,0.6859200138302023
mistral,inst,reader,pair_7,24,0.7741935483870968,0.8715115611838823,0.7290132300472113
mistral,inst,reader,pair_7,25,0.8064516129032258,0.9451137359508668,0.8192942371733085
mistral,inst,reader,pair_7,26,0.8387096774193549,0.9261168074095343,0.9805113111984609
mistral,inst,reader,pair_7,27,0.8709677419354839,1.2744108850237588,1.0937514494016234
mistral,inst,reader,pair_7,28,0.9032258064516129,1.418918977210983,1.1369499051689689
mistral,inst,reader,pair_7,29,0.9354838709677419,1.3480339992066241,1.139419572856547
mistral,inst,reader,pair_7,30,0.967741935483871,1.3550409497149165,1.186229833843354
mistral,inst,reader,pair_7,31,1.0,1.405877035175045,0.9570838477943027
mistral,inst,reader,pair_8,0,0.0,0.0,0.005989997543732131
mistral,inst,reader,pair_8,1,0.03225806451612903,0.0,0.0394426830271726
mistral,inst,reader,pair_8,2,0.06451612903225806,0.09536083181648385,0.0
mistral,inst,reader,pair_8,3,0.0967741935483871,0.06106783378083441,0.07226397016882245
mistral,inst,reader,pair_8,4,0.12903225806451613,0.0,0.0
mistral,inst,reader,pair_8,5,0.16129032258064516,0.0,0.0
mistral,inst,reader,pair_8,6,0.1935483870967742,0.0,0.10083025658875565
mistral,inst,reader,pair_8,7,0.22580645161290322,0.0,0.0
mistral,inst,reader,pair_8,8,0.25806451612903225,0.0,0.0
mistral,inst,reader,pair_8,9,0.2903225806451613,0.0,0.03447132433482181
mistral,inst,reader,pair_8,10,0.3225806451612903,0.0271838396855352,0.0
mistral,inst,reader,pair_8,11,0.3548387096774194,0.041952488127498896,0.019937743607153842
mistral,inst,reader,pair_8,12,0.3870967741935484,0.0,0.008663885970501564
mistral,inst,reader,pair_8,13,0.41935483870967744,0.1046800248290829,0.11593782751403867
mistral,inst,reader,pair_8,14,0.45161290322580644,0.055631314531077856,0.18447003729241543
mistral,inst,reader,pair_8,15,0.4838709677419355,0.06189206016168347,0.13503180444556379
mistral,inst,reader,pair_8,16,0.5161290322580645,0.12828906257262268,0.14301207020421244
mistral,inst,reader,pair_8,17,0.5483870967741935,0.026401893926173772,0.3570340624206611
mistral,inst,reader,pair_8,18,0.5806451612903226,0.2492274228427866,0.1751942819074746
mistral,inst,reader,pair_8,19,0.6129032258064516,0.16398913770885448,0.2688117409538672
mistral,inst,reader,pair_8,20,0.6451612903225806,0.21006785852302198,0.4684526169539067
mistral,inst,reader,pair_8,21,0.6774193548387096,0.5627501193421666,0.5635154298330934
mistral,inst,reader,pair_8,22,0.7096774193548387,0.6967416124274214,0.5955471759445381
mistral,inst,reader,pair_8,23,0.7419354838709677,0.7347739681143669,0.6498659260253045
mistral,inst,reader,pair_8,24,0.7741935483870968,0.859831710665854,0.8988291833073982
mistral,inst,reader,pair_8,25,0.8064516129032258,1.051826850556757,0.9738898175092882
mistral,inst,reader,pair_8,26,0.8387096774193549,1.082711402709544,1.0331657638995981
mistral,inst,reader,pair_8,27,0.8709677419354839,1.3313865683514992,1.061238176305847
mistral,inst,reader,pair_8,28,0.9032258064516129,1.182985834250983,1.0835575675578706
mistral,inst,reader,pair_8,29,0.9354838709677419,1.3733565808054666,1.0422157530388783
mistral,inst,reader,pair_8,30,0.967741935483871,1.3150678482435278,1.0578292180124855
mistral,inst,reader,pair_8,31,1.0,1.5207731262202009,1.1537289881885973
mistral,inst,reader,pair_9,0,0.0,0.13385814007896132,0.0
mistral,inst,reader,pair_9,1,0.03225806451612903,0.03407179223745112,0.12952207897692786
mistral,inst,reader,pair_9,2,0.06451612903225806,0.14691254274089996,0.0
mistral,inst,reader,pair_9,3,0.0967741935483871,0.12789815631179952,0.09038899637509358
mistral,inst,reader,pair_9,4,0.12903225806451613,0.095457594782601,0.021090891023790772
mistral,inst,reader,pair_9,5,0.16129032258064516,0.08209447051910675,0.07867648878460737
mistral,inst,reader,pair_9,6,0.1935483870967742,0.0,0.0
mistral,inst,reader,pair_9,7,0.22580645161290322,0.09414004063461097,0.09570365081814741
mistral,inst,reader,pair_9,8,0.25806451612903225,0.06428642042661945,0.0
mistral,inst,reader,pair_9,9,0.2903225806451613,0.0,0.0
mistral,inst,reader,pair_9,10,0.3225806451612903,0.13952375082694318,0.021090091955702717
mistral,inst,reader,pair_9,11,0.3548387096774194,0.0814770800983297,0.010091511784041853
mistral,inst,reader,pair_9,12,0.3870967741935484,0.0,0.1149892829857086
mistral,inst,reader,pair_9,13,0.41935483870967744,0.12651976686909638,0.21860510309147566
mistral,inst,reader,pair_9,14,0.45161290322580644,0.03314835128001737,0.05571737569509067
mistral,inst,reader,pair_9,15,0.4838709677419355,0.07282305002094233,0.04218674763836035
mistral,inst,reader,pair_9,16,0.5161290322580645,0.01682710198448635,0.21499156326407876
mistral,inst,reader,pair_9,17,0.5483870967741935,0.1050742207612659,0.17490006481314951
mistral,inst,reader,pair_9,18,0.5806451612903226,0.20609325824429411,0.2523451259938368
mistral,inst,reader,pair_9,19,0.6129032258064516,0.4363265383929513,0.3316002144675145
mistral,inst,reader,pair_9,20,0.6451612903225806,0.45701473265316483,0.4963850194550114
mistral,inst,reader,pair_9,21,0.6774193548387096,0.521278980008526,0.5619599454870126
mistral,inst,reader,pair_9,22,0.7096774193548387,0.5610078373466878,0.6298640532334797
mistral,inst,reader,pair_9,23,0.7419354838709677,0.6661431769369274,0.7544188413356828
mistral,inst,reader,pair_9,24,0.7741935483870968,0.936442184924605,0.6186029803922706
mistral,inst,reader,pair_9,25,0.8064516129032258,0.8938742905280527,0.7968434374983508
mistral,inst,reader,pair_9,26,0.8387096774193549,1.1676076652954286,1.0102054087804504
mistral,inst,reader,pair_9,27,0.8709677419354839,1.18235038844807,1.1365631676411003
mistral,inst,reader,pair_9,28,0.9032258064516129,1.2637529856797278,1.1041097525085213
mistral,inst,reader,pair_9,29,0.9354838709677419,1.4175128538121677,1.082859570809234
mistral,inst,reader,pair_9,30,0.967741935483871,1.4805850392185238,1.0929938749367583
mistral,inst,reader,pair_9,31,1.0,1.4270385858573298,1.1516371877183693
mistral,inst,reader,pair_10,0,0.0,0.060329182386130234,0.11573398184363702
mistral,inst,reader,pair_10,1,0.03225806451612903,0.0,0.0
mistral,inst,reader,pair_10,2,0.06451612903225806,0.053112733885048724,0.0
mistral,inst,reader,pair_10,3,0.0967741935483871,0.004228416459803356,0.04882764532528925
mistral,inst,reader,pair_10,4,0.12903225806451613,0.0,0.0
mistral,inst,reader,pair_10,5,0.16129032258064516,0.0,0.0
mistral,inst,reader,pair_10,6,0.1935483870967742,0.0012704258327409356,0.03918428079340757
mistral,inst,reader,pair_10,7,0.22580645161290322,0.05786623676892613,0.0
mistral,inst,reader,pair_10,8,0.25806451612903225,0.10363040452204005,0.0
mistral,inst,reader,pair_10,9,0.2903225806451613,0.0,0.10831439579825519
mistral,inst,reader,pair_10,10,0.3225806451612903,0.0,0.0
mistral,inst,reader,pair_10,11,0.3548387096774194,0.0,0.13748018952569144
mistral,inst,reader,pair_10,12,0.3870967741935484,0.0,0.0
mistral,inst,reader,pair_10,13,0.41935483870967744,0.0,0.03633423654647697
mistral,inst,reader,pair_10,14,0.45161290322580644,0.0,0.18621423580322394
mistral,inst,reader,pair_10,15,0.4838709677419355,0.004022699921728351,0.03048525334345223
mistral,inst,reader,pair_10,16,0.5161290322580645,0.11559194958927507,0.07842031086004278
mistral,inst,reader,pair_10,17,0.5483870967741935,0.11245244020076098,0.2888199428137107
mistral,inst,reader,pair_10,18,0.5806451612903226,0.10944031893952931,0.2494418930919131
mistral,inst,reader,pair_10,19,0.6129032258064516,0.18338747667860966,0.32906771166023824
mistral,inst,reader,pair_10,20,0.6451612903225806,0.5766204111969213,0.26892513372700977
mistral,inst,reader,pair_10,21,0.6774193548387096,0.5156382988528654,0.5372191069838311
mistral,inst,reader,pair_10,22,0.7096774193548387,0.5162948505783211,0.7104004811431268
mistral,inst,reader,pair_10,23,0.7419354838709677,0.8138084969674961,0.6520695724902825
mistral,inst,reader,pair_10,24,0.7741935483870968,0.8511167069721667,0.7641560768981056
mistral,inst,reader,pair_10,25,0.8064516129032258,1.0308992935698553,0.9066439967793223
mistral,inst,reader,pair_10,26,0.8387096774193549,1.1139960188561229,0.9947013670098674
mistral,inst,reader,pair_10,27,0.8709677419354839,1.2563453996279639,1.135181496989777
mistral,inst,reader,pair_10,28,0.9032258064516129,1.225332629792342,1.055867674019569
mistral,inst,reader,pair_10,29,0.9354838709677419,1.5498121539573142,1.0451503586106856
mistral,inst,reader,pair_10,30,0.967741935483871,1.4962080152057173,1.0446812298993962
mistral,inst,reader,pair_10,31,1.0,1.4871653373763403,1.1293590839206962
mistral,inst,reader,pair_11,0,0.0,0.033169038853893267,0.0
mistral,inst,reader,pair_11,1,0.03225806451612903,0.10422329837262324,0.0
mistral,inst,reader,pair_11,2,0.06451612903225806,0.0,0.04041611603643091
mistral,inst,reader,pair_11,3,0.0967741935483871,0.0,0.0
mistral,inst,reader,pair_11,4,0.12903225806451613,0.0,0.0
mistral,inst,reader,pair_11,5,0.16129032258064516,0.1389960141335689,0.18807541651531343
mistral,inst,reader,pair_11,6,0.1935483870967742,0.0,0.02074216016115186
mistral,inst,reader,pair_11,7,0.22580645161290322,0.0,0.03082122934554886
mistral,inst,reader,pair_11,8,0.25806451612903225,0.0,0.0432950528099093
mistral,inst,reader,pair_11,9,0.2903225806451613,0.0,0.0
mistral,inst,reader,pair_11,10,0.3225806451612903,0.0,0.0
mistral,inst,reader,pair_11,11,0.3548387096774194,0.06716913024243334,0.0
mistral,inst,reader,pair_11,12,0.3870967741935484,0.13893242290950855,0.1175661452633449
mistral,inst,reader,pair_11,13,0.41935483870967744,0.12703600344040444,0.03628772954973455
mistral,inst,reader,pair_11,14,0.45161290322580644,0.14751065199451177,0.1988612709573056
mistral,inst,reader,pair_11,15,0.4838709677419355,0.028261334944470893,0.13020832707236593
mistral,inst,reader,pair_11,16,0.5161290322580645,0.20306650301203394,0.17872149968771528
mistral,inst,reader,pair_11,17,0.5483870967741935,0.06655791145789403,0.3044071451037535
mistral,inst,reader,pair_11,18,0.5806451612903226,0.2723955286032585,0.20856239477641095
mistral,inst,reader,pair_11,19,0.6129032258064516,0.2794740083194866,0.35712927037350867
mistral,inst,reader,pair_11,20,0.6451612903225806,0.4242592332664539,0.38118366143073096
mistral,inst,reader,pair_11,21,0.6774193548387096,0.5503483149991002,0.6087013820445518
mistral,inst,reader,pair_11,22,0.7096774193548387,0.5431821939180599,0.5861600524150701
mistral,inst,reader,pair_11,23,0.7419354838709677,0.6203865365926381,0.839958163985401
mistral,inst,reader,pair_11,24,0.7741935483870968,0.7814708160945729,0.7988731752514376
mistral,inst,reader,pair_11,25,0.8064516129032258,1.1497184155842033,0.9583315576561021
mistral,inst,reader,pair_11,26,0.8387096774193549,1.1420744333009254,0.9823957450306242
mistral,inst,reader,pair_11,27,0.8709677419354839,1.2008979035814198,0.906399072703633
mistral,inst,reader,pair_11,28,0.9032258064516129,1.3424998074511478,0.9713942902351085
mistral,inst,reader,pair_11,29,0.9354838709677419,1.5286085809818986,0.9667737563411716
mistral,inst,reader,pair_11,30,0.967741935483871,1.3760507989402688,1.1272158228913944
mistral,inst,reader,pair_11,31,1.0,1.3818464240246202,1.1476552860757523
mistral,inst,reader,pair_12,0,0.0,0.05796599830372151,0.12070007460333268
mistral,inst,reader,pair_12,1,0.03225806451612903,0.014736843166526447,0.0035119828268810396
mistral,inst,reader,pair_12,2,0.06451612903225806,0.03262031963167906,0.008820043620298871
mistral,inst,reader,pair_12,3,0.0967741935483871,0.0,0.0061334547245668275
mistral,inst,reader,pair_12,4,0.12903225806451613,0.10421738696570872,0.015412176730736641
mistral,inst,reader,pair_12,5,0.16129032258064516,0.004356062059322889,0.0
mistral,inst,reader,pair_12,6,0.1935483870967742,0.05123746600327071,0.04403651959622007
mistral,inst,reader,pair_12,7,0.22580645161290322,0.042086556434926745,0.0
mistral,inst,reader,pair_12,8,0.25806451612903225,0.0,0.0
mistral,inst,reader,pair_12,9,0.2903225806451613,0.00515087943696368,0.0
mistral,inst,reader,pair_12,10,0.3225806451612903,0.06571804717469033,0.0
mistral,inst,reader,pair_12,11,0.3548387096774194,0.0,0.10522606063350487
mistral,inst,reader,pair_12,12,0.3870967741935484,0.0018803229221918127,0.0524002470910487
mistral,inst,reader,pair_12,13,0.41935483870967744,0.0,0.04090420140397896
mistral,inst,reader,pair_12,14,0.45161290322580644,0.03022615352989996,0.09940829565000872
mistral,inst,reader,pair_12,15,0.4838709677419355,0.13314964912662192,0.07383779929151271
mistral,inst,reader,pair_12,16,0.5161290322580645,0.06822867991079547,0.302731375698513
mistral,inst,reader,pair_12,17,0.5483870967741935,0.1118521607943258,0.33338440689463655
mistral,inst,reader,pair_12,18,0.5806451612903226,0.03419781783629189,0.2662304017021177
mistral,inst,reader,pair_12,19,0.6129032258064516,0.34339775409102036,0.4116936647462516
mistral,inst,reader,pair_12,20,0.6451612903225806,0.4557792666898538,0.41143147446486295
mistral,inst,reader,pair_12,21,0.6774193548387096,0.4548233697910214,0.34389451087475226
mistral,inst,reader,pair_12,22,0.7096774193548387,0.4601864869426296,0.6726470714288546
mistral,inst,reader,pair_12,23,0.7419354838709677,0.664461209365426,0.7934377149708709
mistral,inst,reader,pair_12,24,0.7741935483870968,0.8347512202120703,0.857820075669277
mistral,inst,reader,pair_12,25,0.8064516129032258,0.927829332572076,0.8088656958717293
mistral,inst,reader,pair_12,26,0.8387096774193549,1.2036375445754557,1.0068267198270746
mistral,inst,reader,pair_12,27,0.8709677419354839,1.217048309601707,1.0848174117830316
mistral,inst,reader,pair_12,28,0.9032258064516129,1.3671254548690557,1.153976265362969
mistral,inst,reader,pair_12,29,0.9354838709677419,1.3284142108452275,1.036985843478472
mistral,inst,reader,pair_12,30,0.967741935483871,1.4022117788930075,1.1520443391581718
mistral,inst,reader,pair_12,31,1.0,1.323322183599753,0.9656414517187719
mistral,inst,reader,pair_13,0,0.0,0.0336578641233415,0.10055271297312185
mistral,inst,reader,pair_13,1,0.03225806451612903,0.011263630848463088,0.0
mistral,inst,reader,pair_13,2,0.06451612903225806,0.01604053461117,0.019923502485386546
mistral,inst,reader,pair_13,3,0.0967741935483871,0.0,0.025771019793403297
mistral,inst,reader,pair_13,4,0.12903225806451613,0.09682143346868478,0.0371471408029209
mistral,inst,reader,pair_13,5,0.16129032258064516,0.0,0.06699349180164706
mistral,inst,reader,pair_13,6,0.1935483870967742,0.05174027773517545,0.0
mistral,inst,reader,pair_13,7,0.22580645161290322,0.10820240653709431,0.07738979707363043
mistral,inst,reader,pair_13,8,0.25806451612903225,0.03273854835896843,0.05309158750037339
mistral,inst,reader,pair_13,9,0.2903225806451613,0.02540512751286651,0.0
mistral,inst,reader,pair_13,10,0.3225806451612903,0.06170102390266832,0.03145963165056981
mistral,inst,reader,pair_13,11,0.3548387096774194,0.10455446693370041,0.0
mistral,inst,reader,pair_13,12,0.3870967741935484,0.0,0.0
mistral,inst,reader,pair_13,13,0.41935483870967744,0.11266430420912175,0.06639920975524814
mistral,inst,reader,pair_13,14,0.45161290322580644,0.0,0.0
mistral,inst,reader,pair_13,15,0.4838709677419355,0.26420247112801604,0.13281211423324338
mistral,inst,reader,pair_13,16,0.5161290322580645,0.03623193442673978,0.128120989035742
mistral,inst,reader,pair_13,17,0.5483870967741935,0.2171687677410813,0.19397095726021021
mistral,inst,reader,pair_13,18,0.5806451612903226,0.08860719805082977,0.2726980645581846
mistral,inst,reader,pair_13,19,0.6129032258064516,0.3741415923487227,0.45479292816624817
mistral,inst,reader,pair_13,20,0.6451612903225806,0.43864003547086866,0.3862064679930236
mistral,inst,reader,pair_13,21,0.6774193548387096,0.3279274134284632,0.5027568680037651
mistral,inst,reader,pair_13,22,0.7096774193548387,0.5393020935633634,0.6297764782804204
mistral,inst,reader,pair_13,23,0.7419354838709677,0.7877244407642309,0.6795242254569837
mistral,inst,reader,pair_13,24,0.7741935483870968,0.7967568267178051,0.7256544796495865
mistral,inst,reader,pair_13,25,0.8064516129032258,1.0534501775135816,0.9253681429415003
mistral,inst,reader,pair_13,26,0.8387096774193549,1.1873132361866485,0.8577770189492255
mistral,inst,reader,pair_13,27,0.8709677419354839,1.1772383761683658,1.1193987439156936
mistral,inst,reader,pair_13,28,0.9032258064516129,1.3266624445816033,1.1555592371940377
mistral,inst,reader,pair_13,29,0.9354838709677419,1.431069435335905,1.1548685884256973
mistral,inst,reader,pair_13,30,0.967741935483871,1.3486559243508822,1.1137516493188377
mistral,inst,reader,pair_13,31,1.0,1.4543012521329037,1.3310471536535213
mistral,inst,reader,pair_14,0,0.0,0.0595486246586357,0.0
mistral,inst,reader,pair_14,1,0.03225806451612903,0.01517752908629375,0.03616608852374718
mistral,inst,reader,pair_14,2,0.06451612903225806,0.0,0.060762180053211184
mistral,inst,reader,pair_14,3,0.0967741935483871,0.08876746500890255,0.20002327709721746
mistral,inst,reader,pair_14,4,0.12903225806451613,0.12314100106954042,0.02929681917089244
mistral,inst,reader,pair_14,5,0.16129032258064516,0.0,0.0
mistral,inst,reader,pair_14,6,0.1935483870967742,0.08192074225942586,0.10634602859826078
mistral,inst,reader,pair_14,7,0.22580645161290322,0.12288512920101263,0.03666066608858332
mistral,inst,reader,pair_14,8,0.25806451612903225,0.006885646669231799,0.009280043867199841
mistral,inst,reader,pair_14,9,0.2903225806451613,0.07340996287540112,0.0
mistral,inst,reader,pair_14,10,0.3225806451612903,0.0,0.0
mistral,inst,reader,pair_14,11,0.3548387096774194,0.0,0.027535240968029222
mistral,inst,reader,pair_14,12,0.3870967741935484,0.11527683531534963,0.05430673164764552
mistral,inst,reader,pair_14,13,0.41935483870967744,0.07072914795217172,0.05921031194841281
mistral,inst,reader,pair_14,14,0.45161290322580644,0.0017420991031715238,0.005007591417596949
mistral,inst,reader,pair_14,15,0.4838709677419355,0.0796342548292977,0.12158934217222318
mistral,inst,reader,pair_14,16,0.5161290322580645,0.001053120473372332,0.12009082303261628
mistral,inst,reader,pair_14,17,0.5483870967741935,0.03715784368709474,0.14810897072379503
mistral,inst,reader,pair_14,18,0.5806451612903226,0.27339757382442764,0.3092969382386865
mistral,inst,reader,pair_14,19,0.6129032258064516,0.2848673938671483,0.2782463244939399
mistral,inst,reader,pair_14,20,0.6451612903225806,0.2861432242257028,0.537296798166516
mistral,inst,reader,pair_14,21,0.6774193548387096,0.3880653421769424,0.4827809977890521
mistral,inst,reader,pair_14,22,0.7096774193548387,0.6254673765049796,0.7232476456758936
mistral,inst,reader,pair_14,23,0.7419354838709677,0.8125939907535722,0.7418337666242941
mistral,inst,reader,pair_14,24,0.7741935483870968,0.8087485905759705,0.8418880307695263
mistral,inst,reader,pair_14,25,0.8064516129032258,1.0358508494592007,0.8750127469545677
mistral,inst,reader,pair_14,26,0.8387096774193549,1.0968892383811386,1.0213587271763838
mistral,inst,reader,pair_14,27,0.8709677419354839,1.3727945227720386,0.882316048339011
mistral,inst,reader,pair_14,28,0.9032258064516129,1.2976408041396654,0.9347915243671967
mistral,inst,reader,pair_14,29,0.9354838709677419,1.3597782953311548,1.0714827671685228
mistral,inst,reader,pair_14,30,0.967741935483871,1.5607856008487633,1.1663330200265172
mistral,inst,reader,pair_14,31,1.0,1.3439893509433827,1.26814684166142
mistral,inst,reader,pair_15,0,0.0,0.0,0.05690811781881142
mistral,inst,reader,pair_15,1,0.03225806451612903,0.1457843678271607,0.03410224470075399
mistral,inst,reader,pair_15,2,0.06451612903225806,0.058907772833674876,0.04630004009880959
mistral,inst,reader,pair_15,3,0.0967741935483871,0.0,0.027847972434930004
mistral,inst,reader,pair_15,4,0.12903225806451613,0.0,0.05200342607482945
mistral,inst,reader,pair_15,5,0.16129032258064516,0.0,0.0759052877269175
mistral,inst,reader,pair_15,6,0.1935483870967742,0.0,0.001849290079117205
mistral,inst,reader,pair_15,7,0.22580645161290322,0.0,0.0
mistral,inst,reader,pair_15,8,0.25806451612903225,0.04923592425095883,0.0
mistral,inst,reader,pair_15,9,0.2903225806451613,0.0,0.0
mistral,inst,reader,pair_15,10,0.3225806451612903,0.0,0.061105678988119146
mistral,inst,reader,pair_15,11,0.3548387096774194,0.03128369318234809,0.0014651841328721243
mistral,inst,reader,pair_15,12,0.3870967741935484,0.04314567793236877,0.23121701031209838
mistral,inst,reader,pair_15,13,0.41935483870967744,0.007645662249541944,0.0
mistral,inst,reader,pair_15,14,0.45161290322580644,0.0,0.04096453948394312
mistral,inst,reader,pair_15,15,0.4838709677419355,0.15468980611475616,0.2227647208142512
mistral,inst,reader,pair_15,16,0.5161290322580645,0.04699005165023968,0.18301124304853178
mistral,inst,reader,pair_15,17,0.5483870967741935,0.11463310489453378,0.1163006306999778
mistral,inst,reader,pair_15,18,0.5806451612903226,0.18102034851209153,0.30880251946105153
mistral,inst,reader,pair_15,19,0.6129032258064516,0.1575845762651787,0.373192831578978
mistral,inst,reader,pair_15,20,0.6451612903225806,0.42260488336807683,0.3025179675342292
mistral,inst,reader,pair_15,21,0.6774193548387096,0.4580424818463928,0.5957285009597492
mistral,inst,reader,pair_15,22,0.7096774193548387,0.6545662203924455,0.5401274570361094
mistral,inst,reader,pair_15,23,0.7419354838709677,0.6828264364821641,0.7272597922954561
mistral,inst,reader,pair_15,24,0.7741935483870968,0.9430141838147905,0.9704867211051901
mistral,inst,reader,pair_15,25,0.8064516129032258,1.013118722487162,0.9952287279343607
mistral,inst,reader,pair_15,26,0.8387096774193549,1.1014695273913773,0.9321714083940837
mistral,inst,reader,pair_15,27,0.8709677419354839,1.3023068260531634,1.1473496020142289
mistral,inst,reader,pair_15,28,0.9032258064516129,1.445035398821471,1.0037742197674309
mistral,inst,reader,pair_15,29,0.9354838709677419,1.2737275745145278,1.2300610390691484
mistral,inst,reader,pair_15,30,0.967741935483871,1.2278154277298308,1.1060792196965494
mistral,inst,reader,pair_15,31,1.0,1.3793988202589742,1.2559271501145315
mistral,inst,reader,pair_16,0,0.0,0.011413811317996764,0.04428413100276509
mistral,inst,reader,pair_16,1,0.03225806451612903,0.014803697695562569,0.0
mistral,inst,reader,pair_16,2,0.06451612903225806,0.04737032543685765,0.0
mistral,inst,reader,pair_16,3,0.0967741935483871,0.0,0.0
mistral,inst,reader,pair_16,4,0.12903225806451613,0.0,0.0
mistral,inst,reader,pair_16,5,0.16129032258064516,0.010224283186391877,0.18254215732544335
mistral,inst,reader,pair_16,6,0.1935483870967742,0.0,0.07989197990445612
mistral,inst,reader,pair_16,7,0.22580645161290322,0.0,0.10403518990897878
mistral,inst,reader,pair_16,8,0.25806451612903225,0.0,0.08642359932455841
mistral,inst,reader,pair_16,9,0.2903225806451613,0.034446566520086486,0.05282896792234783
mistral,inst,reader,pair_16,10,0.3225806451612903,0.0,0.0
mistral,inst,reader,pair_16,11,0.3548387096774194,0.12211819485701839,0.0
mistral,inst,reader,pair_16,12,0.3870967741935484,0.0,0.08677740852756344
mistral,inst,reader,pair_16,13,0.41935483870967744,0.18520399561198625,0.16506734626302522
mistral,inst,reader,pair_16,14,0.45161290322580644,0.1503729158098435,0.0550310583444046
mistral,inst,reader,pair_16,15,0.4838709677419355,0.07441603726493529,0.06434036209251257
mistral,inst,reader,pair_16,16,0.5161290322580645,0.06071610281635328,0.17342749434982815
mistral,inst,reader,pair_16,17,0.5483870967741935,0.06176491080794651,0.3213030718739025
mistral,inst,reader,pair_16,18,0.5806451612903226,0.1771038099076302,0.24962100555968958
mistral,inst,reader,pair_16,19,0.6129032258064516,0.1717895255169125,0.4542923307115518
mistral,inst,reader,pair_16,20,0.6451612903225806,0.3838632614723974,0.41552395236527234
mistral,inst,reader,pair_16,21,0.6774193548387096,0.34538303812323723,0.5953525784557193
mistral,inst,reader,pair_16,22,0.7096774193548387,0.558284375992719,0.7042634047941337
mistral,inst,reader,pair_16,23,0.7419354838709677,0.7140674725183473,0.8364145266245838
mistral,inst,reader,pair_16,24,0.7741935483870968,0.8528751569994202,0.9388223952286028
mistral,inst,reader,pair_16,25,0.8064516129032258,1.0579158028055393,0.783811721507981
mistral,inst,reader,pair_16,26,0.8387096774193549,1.0908818134863136,1.0838524342691902
mistral,inst,reader,pair_16,27,0.8709677419354839,1.236868055498625,0.9734613768276461
mistral,inst,reader,pair_16,28,0.9032258064516129,1.300881580085888,1.1525534570766285
mistral,inst,reader,pair_16,29,0.9354838709677419,1.3835876456470344,1.0804054097546654
mistral,inst,reader,pair_16,30,0.967741935483871,1.2619129526022892,1.2568726759531537
mistral,inst,reader,pair_16,31,1.0,1.3544692521533224,1.22761622531816
mistral,inst,reader,pair_17,0,0.0,0.0,0.0
mistral,inst,reader,pair_17,1,0.03225806451612903,0.0,0.06976072638017579
mistral,inst,reader,pair_17,2,0.06451612903225806,0.0,0.04731172889035441
mistral,inst,reader,pair_17,3,0.0967741935483871,0.1398833965224118,0.012713496222299309
mistral,inst,reader,pair_17,4,0.12903225806451613,0.0,0.0
mistral,inst,reader,pair_17,5,0.16129032258064516,0.0,0.07250743339213568
mistral,inst,reader,pair_17,6,0.1935483870967742,0.05759179906432453,0.031763063030560146
mistral,inst,reader,pair_17,7,0.22580645161290322,0.0,0.0
mistral,inst,reader,pair_17,8,0.25806451612903225,0.0,0.0
mistral,inst,reader,pair_17,9,0.2903225806451613,0.0,0.0
mistral,inst,reader,pair_17,10,0.3225806451612903,0.0,0.08966830262361714
mistral,inst,reader,pair_17,11,0.3548387096774194,0.0,0.0
mistral,inst,reader,pair_17,12,0.3870967741935484,0.09086429247063618,0.0
mistral,inst,reader,pair_17,13,0.41935483870967744,0.014935211907443981,0.07087420159846135
mistral,inst,reader,pair_17,14,0.45161290322580644,0.048911544488612464,0.23776538341612463
mistral,inst,reader,pair_17,15,0.4838709677419355,0.05687317533609263,0.06870611629728537
mistral,inst,reader,pair_17,16,0.5161290322580645,0.04946322409888377,0.16784679206503533
mistral,inst,reader,pair_17,17,0.5483870967741935,0.04908958337249594,0.0924308370751417
mistral,inst,reader,pair_17,18,0.5806451612903226,0.10915212690293069,0.2562609133351478
mistral,inst,reader,pair_17,19,0.6129032258064516,0.3749141240794266,0.30293584215788294
mistral,inst,reader,pair_17,20,0.6451612903225806,0.2834833334797514,0.3289761008351768
mistral,inst,reader,pair_17,21,0.6774193548387096,0.5497849715026923,0.5619842512046987
mistral,inst,reader,pair_17,22,0.7096774193548387,0.6364479902468785,0.6666028784920303
mistral,inst,reader,pair_17,23,0.7419354838709677,0.6567648122848039,0.7406100214098895
mistral,inst,reader,pair_17,24,0.7741935483870968,0.7790389019543469,0.8507840881411552
mistral,inst,reader,pair_17,25,0.8064516129032258,1.0905847977770975,1.0990018588618722
mistral,inst,reader,pair_17,26,0.8387096774193549,1.044495918719734,1.0589429510199002
mistral,inst,reader,pair_17,27,0.8709677419354839,1.2856578661523241,0.9230620670445892
mistral,inst,reader,pair_17,28,0.9032258064516129,1.3137436776643632,1.170014583269884
mistral,inst,reader,pair_17,29,0.9354838709677419,1.3035448325450676,1.1313051065572477
mistral,inst,reader,pair_17,30,0.967741935483871,1.3848634379175657,1.1510740401398483
mistral,inst,reader,pair_17,31,1.0,1.3706187597384143,1.1504363719376636
mistral,inst,reader,pair_18,0,0.0,0.03866844147297367,0.0
mistral,inst,reader,pair_18,1,0.03225806451612903,0.0,0.0
mistral,inst,reader,pair_18,2,0.06451612903225806,0.0,0.005000873359930165
mistral,inst,reader,pair_18,3,0.0967741935483871,0.0,0.07458645642462507
mistral,inst,reader,pair_18,4,0.12903225806451613,0.02257708991743816,0.0
mistral,inst,reader,pair_18,5,0.16129032258064516,0.11780405879907696,0.0
mistral,inst,reader,pair_18,6,0.1935483870967742,0.0,0.09959396307438173
mistral,inst,reader,pair_18,7,0.22580645161290322,0.0,0.17530758001543323
mistral,inst,reader,pair_18,8,0.25806451612903225,0.0,0.0
mistral,inst,reader,pair_18,9,0.2903225806451613,0.02390184824286298,0.0
mistral,inst,reader,pair_18,10,0.3225806451612903,0.01532151248237014,0.0
mistral,inst,reader,pair_18,11,0.3548387096774194,0.0,0.060005682689126386
mistral,inst,reader,pair_18,12,0.3870967741935484,0.027000351290670584,0.030022640302956267
mistral,inst,reader,pair_18,13,0.41935483870967744,0.0,0.05133717821697484
mistral,inst,reader,pair_18,14,0.45161290322580644,0.0,0.18674987686880412
mistral,inst,reader,pair_18,15,0.4838709677419355,0.0,0.14593923097515746
mistral,inst,reader,pair_18,16,0.5161290322580645,0.11202787520666417,0.022510778078305482
mistral,inst,reader,pair_18,17,0.5483870967741935,0.14808231027211405,0.3067592414203536
mistral,inst,reader,pair_18,18,0.5806451612903226,0.15620703198173708,0.3331064813773711
mistral,inst,reader,pair_18,19,0.6129032258064516,0.23732778942888214,0.36696683364240723
mistral,inst,reader,pair_18,20,0.6451612903225806,0.4003432896746176,0.42615976832259866
mistral,inst,reader,pair_18,21,0.6774193548387096,0.48782770222749694,0.4083816797494713
mistral,inst,reader,pair_18,22,0.7096774193548387,0.5800347826294577,0.4872126039588798
mistral,inst,reader,pair_18,23,0.7419354838709677,0.680469782371852,0.6693282637358896
mistral,inst,reader,pair_18,24,0.7741935483870968,0.8912418277470856,0.7790901377955173
mistral,inst,reader,pair_18,25,0.8064516129032258,1.143508116860947,0.8608068189688982
mistral,inst,reader,pair_18,26,0.8387096774193549,1.0304789706368656,0.7933318571692232
mistral,inst,reader,pair_18,27,0.8709677419354839,1.2133491675230974,0.9893398762757328
mistral,inst,reader,pair_18,28,0.9032258064516129,1.3557743989573785,1.1308517972471266
mistral,inst,reader,pair_18,29,0.9354838709677419,1.4153580491399222,1.0222845001950422
mistral,inst,reader,pair_18,30,0.967741935483871,1.2980785407436843,1.0889375858637067
mistral,inst,reader,pair_18,31,1.0,1.35607291128585,1.153809359699621
mistral,inst,reader,pair_19,0,0.0,0.0,0.05820294313814795
mistral,inst,reader,pair_19,1,0.03225806451612903,0.0,0.0
mistral,inst,reader,pair_19,2,0.06451612903225806,0.0552059718946375,0.20790687398493496
mistral,inst,reader,pair_19,3,0.0967741935483871,0.051656796103268086,0.0
mistral,inst,reader,pair_19,4,0.12903225806451613,0.0,0.13214350641652411
mistral,inst,reader,pair_19,5,0.16129032258064516,0.0,0.004572244948240943
mistral,inst,reader,pair_19,6,0.1935483870967742,0.0,0.08691193419209428
mistral,inst,reader,pair_19,7,0.22580645161290322,0.019596023469962382,0.0
mistral,inst,reader,pair_19,8,0.25806451612903225,0.0,0.0
mistral,inst,reader,pair_19,9,0.2903225806451613,0.0,0.07901851034369728
mistral,inst,reader,pair_19,10,0.3225806451612903,0.0,0.0
mistral,inst,reader,pair_19,11,0.3548387096774194,0.14437330931460007,0.17601966221711263
mistral,inst,reader,pair_19,12,0.3870967741935484,0.17111790957982317,0.08378173082299697
mistral,inst,reader,pair_19,13,0.41935483870967744,0.09500849142822415,0.0045488651233645955
mistral,inst,reader,pair_19,14,0.45161290322580644,0.0,0.0
mistral,inst,reader,pair_19,15,0.4838709677419355,0.0989284050086939,0.18139396059326127
mistral,inst,reader,pair_19,16,0.5161290322580645,0.13325449983762153,0.1385208693408339
mistral,inst,reader,pair_19,17,0.5483870967741935,0.09231920455274563,0.2923609736883184
mistral,inst,reader,pair_19,18,0.5806451612903226,0.09325350001379494,0.29579170753187545
mistral,inst,reader,pair_19,19,0.6129032258064516,0.34128297478568287,0.3970245323460036
mistral,inst,reader,pair_19,20,0.6451612903225806,0.36493131570867343,0.480911344780383
mistral,inst,reader,pair_19,21,0.6774193548387096,0.4809184247224396,0.5221329804349037
mistral,inst,reader,pair_19,22,0.7096774193548387,0.43803440814409367,0.4799718817480412
mistral,inst,reader,pair_19,23,0.7419354838709677,0.7357275036333211,0.7054520866960764
mistral,inst,reader,pair_19,24,0.7741935483870968,1.0037021850586452,0.8247662338286242
mistral,inst,reader,pair_19,25,0.8064516129032258,1.1680755575307342,0.8261989836906776
mistral,inst,reader,pair_19,26,0.8387096774193549,1.2316747724884678,1.0014335888748216
mistral,inst,reader,pair_19,27,0.8709677419354839,1.32542476192355,0.9501259946734308
mistral,inst,reader,pair_19,28,0.9032258064516129,1.2332994006460043,1.0200865921359519
mistral,inst,reader,pair_19,29,0.9354838709677419,1.476567137968385,1.1385441676070742
mistral,inst,reader,pair_19,30,0.967741935483871,1.500553660677533,1.0379560337847158
mistral,inst,reader,pair_19,31,1.0,1.5641674993914192,1.2458564103364471
mistral,inst,reader,pair_20,0,0.0,0.0,0.0
mistral,inst,reader,pair_20,1,0.03225806451612903,0.0,0.04759805028824876
mistral,inst,reader,pair_20,2,0.06451612903225806,0.0,0.05390082304122655
mistral,inst,reader,pair_20,3,0.0967741935483871,0.0,0.11038155008283632
mistral,inst,reader,pair_20,4,0.12903225806451613,0.097087521940633,0.0761653098411852
mistral,inst,reader,pair_20,5,0.16129032258064516,0.0,0.08407554574441502
mistral,inst,reader,pair_20,6,0.1935483870967742,0.0,0.11944679478581843
mistral,inst,reader,pair_20,7,0.22580645161290322,0.0,0.0
mistral,inst,reader,pair_20,8,0.25806451612903225,0.07174017764550449,0.0
mistral,inst,reader,pair_20,9,0.2903225806451613,0.0,0.0
mistral,inst,reader,pair_20,10,0.3225806451612903,0.0,0.0
mistral,inst,reader,pair_20,11,0.3548387096774194,0.022808547803213255,0.03055328942383152
mistral,inst,reader,pair_20,12,0.3870967741935484,0.022975735210211692,0.0
mistral,inst,reader,pair_20,13,0.41935483870967744,0.0,0.10115795923616552
mistral,inst,reader,pair_20,14,0.45161290322580644,0.0,0.0
mistral,inst,reader,pair_20,15,0.4838709677419355,0.05342868974664615,0.3016330273386227
mistral,inst,reader,pair_20,16,0.5161290322580645,0.25816888743153504,0.0
mistral,inst,reader,pair_20,17,0.5483870967741935,0.08435004250938624,0.2019155653778024
mistral,inst,reader,pair_20,18,0.5806451612903226,0.1609466245857376,0.27230491243956645
mistral,inst,reader,pair_20,19,0.6129032258064516,0.1913204629235258,0.3352019622489838
mistral,inst,reader,pair_20,20,0.6451612903225806,0.23609815662938202,0.3074385938149333
mistral,inst,reader,pair_20,21,0.6774193548387096,0.35062101580894933,0.5292963851120446
mistral,inst,reader,pair_20,22,0.7096774193548387,0.6207967197379965,0.8151158220093855
mistral,inst,reader,pair_20,23,0.7419354838709677,0.6574839920349472,0.8002650663438732
mistral,inst,reader,pair_20,24,0.7741935483870968,0.8513651238237501,0.7811517407272458
mistral,inst,reader,pair_20,25,0.8064516129032258,1.0474763966726115,0.8791281369725631
mistral,inst,reader,pair_20,26,0.8387096774193549,1.0522099543489278,0.9003000611615635
mistral,inst,reader,pair_20,27,0.8709677419354839,1.13567692194335,0.928316958144493
mistral,inst,reader,pair_20,28,0.9032258064516129,1.3288771435271658,1.0759085478528663
mistral,inst,reader,pair_20,29,0.9354838709677419,1.263111857162486,0.9751709045796836
mistral,inst,reader,pair_20,30,0.967741935483871,1.4720392271046825,1.105779072361489
mistral,inst,reader,pair_20,31,1.0,1.4163940715730952,1.12806848873398
mistral,inst,reader,pair_21,0,0.0,0.0,0.0
mistral,inst,reader,pair_21,1,0.03225806451612903,0.0910188956253611,0.08590989429299725
mistral,inst,reader,pair_21,2,0.06451612903225806,0.010127068602657349,0.0
mistral,inst,reader,pair_21,3,0.0967741935483871,0.002423425727107153,0.004888983786439262
mistral,inst,reader,pair_21,4,0.12903225806451613,0.04933532096408583,0.041689856351564324
mistral,inst,reader,pair_21,5,0.16129032258064516,0.09744826531359196,0.0
mistral,inst,reader,pair_21,6,0.1935483870967742,0.0,0.15169432885590545
mistral,inst,reader,pair_21,7,0.22580645161290322,0.15867495055101347,0.055755598131708196
mistral,inst,reader,pair_21,8,0.25806451612903225,0.0,0.08131994254762874
mistral,inst,reader,pair_21,9,0.2903225806451613,0.0018413039587589618,0.0
mistral,inst,reader,pair_21,10,0.3225806451612903,0.06642831428656247,0.23821457311902094
mistral,inst,reader,pair_21,11,0.3548387096774194,0.02500113996151787,0.035544513339383355
mistral,inst,reader,pair_21,12,0.3870967741935484,0.0,0.0171368248714064
mistral,inst,reader,pair_21,13,0.41935483870967744,0.17723841643037164,0.04537383040677391
mistral,inst,reader,pair_21,14,0.45161290322580644,0.0,0.051239460367577726
mistral,inst,reader,pair_21,15,0.4838709677419355,0.08541204456654311,0.03663613014533647
mistral,inst,reader,pair_21,16,0.5161290322580645,0.12307917609325053,0.09983983237561098
mistral,inst,reader,pair_21,17,0.5483870967741935,0.17513629463854136,0.3535725917884837
mistral,inst,reader,pair_21,18,0.5806451612903226,0.13223438646493751,0.30654620713896574
mistral,inst,reader,pair_21,19,0.6129032258064516,0.3121069268746615,0.4096854266836168
mistral,inst,reader,pair_21,20,0.6451612903225806,0.3747773848698546,0.5447178140883296
mistral,inst,reader,pair_21,21,0.6774193548387096,0.24794158462863194,0.5208948805955373
mistral,inst,reader,pair_21,22,0.7096774193548387,0.4968154743678644,0.6616337518915685
mistral,inst,reader,pair_21,23,0.7419354838709677,0.8240393608604739,0.7457428245117598
mistral,inst,reader,pair_21,24,0.7741935483870968,0.8148056432571404,0.8629041999751147
mistral,inst,reader,pair_21,25,0.8064516129032258,1.185947822764392,0.8760864864329119
mistral,inst,reader,pair_21,26,0.8387096774193549,1.1041808639806867,0.9985543798816199
mistral,inst,reader,pair_21,27,0.8709677419354839,1.2080546422194842,1.0955769726686573
mistral,inst,reader,pair_21,28,0.9032258064516129,1.2029007964764276,1.018524332414833
mistral,inst,reader,pair_21,29,0.9354838709677419,1.162253005063909,1.1036886183547558
mistral,inst,reader,pair_21,30,0.967741935483871,1.4170478706081913,1.0654649946855033
mistral,inst,reader,pair_21,31,1.0,1.3606849907605965,1.166048032649624
mistral,inst,reader,pair_22,0,0.0,0.2183457330642442,0.0
mistral,inst,reader,pair_22,1,0.03225806451612903,0.038186406357871114,0.0
mistral,inst,reader,pair_22,2,0.06451612903225806,0.0,0.07474481838083041
mistral,inst,reader,pair_22,3,0.0967741935483871,0.011591712690695987,0.0
mistral,inst,reader,pair_22,4,0.12903225806451613,0.0,0.0
mistral,inst,reader,pair_22,5,0.16129032258064516,0.11183102137659816,0.0
mistral,inst,reader,pair_22,6,0.1935483870967742,0.0,0.003630757791725642
mistral,inst,reader,pair_22,7,0.22580645161290322,0.0,0.1513545769276666
mistral,inst,reader,pair_22,8,0.25806451612903225,0.0,0.12066827054872065
mistral,inst,reader,pair_22,9,0.2903225806451613,0.0,0.0
mistral,inst,reader,pair_22,10,0.3225806451612903,0.19745161817831985,0.0
mistral,inst,reader,pair_22,11,0.3548387096774194,0.0,0.1415407933601096
mistral,inst,reader,pair_22,12,0.3870967741935484,0.12063905856085413,0.09862334534782916
mistral,inst,reader,pair_22,13,0.41935483870967744,0.07000425500592186,0.22795817811948785
mistral,inst,reader,pair_22,14,0.45161290322580644,0.17750769546161377,0.17159662164998152
mistral,inst,reader,pair_22,15,0.4838709677419355,0.07774048751126512,0.0
mistral,inst,reader,pair_22,16,0.5161290322580645,0.11895616829657565,0.1307834298779106
mistral,inst,reader,pair_22,17,0.5483870967741935,0.27237296606747635,0.20952245746256692
mistral,inst,reader,pair_22,18,0.5806451612903226,0.15963566037053153,0.2588809450684648
mistral,inst,reader,pair_22,19,0.6129032258064516,0.29503882804267073,0.33233295919863065
mistral,inst,reader,pair_22,20,0.6451612903225806,0.39126494168398157,0.5563799435633803
mistral,inst,reader,pair_22,21,0.6774193548387096,0.46133740241055005,0.6013331865011177
mistral,inst,reader,pair_22,22,0.7096774193548387,0.6344754005389804,0.6928669641708566
mistral,inst,reader,pair_22,23,0.7419354838709677,0.5983098169882493,0.6696520887199762
mistral,inst,reader,pair_22,24,0.7741935483870968,0.8967190207831385,0.8565252717595881
mistral,inst,reader,pair_22,25,0.8064516129032258,1.0120056349978972,0.702448714665606
mistral,inst,reader,pair_22,26,0.8387096774193549,1.0418902525823264,0.8057276163442735
mistral,inst,reader,pair_22,27,0.8709677419354839,1.3552563336972194,0.8942377605997955
mistral,inst,reader,pair_22,28,0.9032258064516129,1.3074724424986541,1.1298992672760164
mistral,inst,reader,pair_22,29,0.9354838709677419,1.2852470608109368,0.9952509351494672
mistral,inst,reader,pair_22,30,0.967741935483871,1.3872712187204863,0.948038596853013
mistral,inst,reader,pair_22,31,1.0,1.4209776671115018,1.090854065782466
mistral,inst,reader,pair_23,0,0.0,0.031984737344076884,0.0
mistral,inst,reader,pair_23,1,0.03225806451612903,0.05235615246253998,0.08094275724810336
mistral,inst,reader,pair_23,2,0.06451612903225806,0.0,0.03245988911203011
mistral,inst,reader,pair_23,3,0.0967741935483871,0.0,0.13034863901232815
mistral,inst,reader,pair_23,4,0.12903225806451613,0.062118076870696426,0.0
mistral,inst,reader,pair_23,5,0.16129032258064516,0.0,0.0
mistral,inst,reader,pair_23,6,0.1935483870967742,0.0,0.0
mistral,inst,reader,pair_23,7,0.22580645161290322,0.0,0.10166695157640461
mistral,inst,reader,pair_23,8,0.25806451612903225,0.01933976871832031,0.09598206384275353
mistral,inst,reader,pair_23,9,0.2903225806451613,0.007852440941477795,0.00978497938058333
mistral,inst,reader,pair_23,10,0.3225806451612903,0.0,0.0
mistral,inst,reader,pair_23,11,0.3548387096774194,0.025185100165861223,0.1497235970814797
mistral,inst,reader,pair_23,12,0.3870967741935484,0.014062644030986836,0.11040946903217111
mistral,inst,reader,pair_23,13,0.41935483870967744,0.0,0.04247023152841621
mistral,inst,reader,pair_23,14,0.45161290322580644,0.039150218843709346,0.11075772065274975
mistral,inst,reader,pair_23,15,0.4838709677419355,0.05601630724855275,0.12241020368976312
mistral,inst,reader,pair_23,16,0.5161290322580645,0.06772469839200593,0.20514531429920807
mistral,inst,reader,pair_23,17,0.5483870967741935,0.15522478494529146,0.18478833579287401
mistral,inst,reader,pair_23,18,0.5806451612903226,0.1075474260422472,0.21823072021678838
mistral,inst,reader,pair_23,19,0.6129032258064516,0.37887751626732635,0.38058397658736404
mistral,inst,reader,pair_23,20,0.6451612903225806,0.4057191367603835,0.5054443009738986
mistral,inst,reader,pair_23,21,0.6774193548387096,0.45022436570205326,0.5601315540868559
mistral,inst,reader,pair_23,22,0.7096774193548387,0.6054817914178884,0.5086134989448602
mistral,inst,reader,pair_23,23,0.7419354838709677,0.748207901843523,0.6700059951611088
mistral,inst,reader,pair_23,24,0.7741935483870968,0.7993840728917243,0.8359806073462835
mistral,inst,reader,pair_23,25,0.8064516129032258,1.2176177064985279,0.7572657714980955
mistral,inst,reader,pair_23,26,0.8387096774193549,0.9524598529415866,0.9684114742778961
mistral,inst,reader,pair_23,27,0.8709677419354839,1.0556071960497306,1.0046960142800023
mistral,inst,reader,pair_23,28,0.9032258064516129,1.127288987648392,1.0969451725469714
mistral,inst,reader,pair_23,29,0.9354838709677419,1.3491034925563632,1.0218011471394988
mistral,inst,reader,pair_23,30,0.967741935483871,1.4947583946340626,1.138018443608654
mistral,inst,reader,pair_23,31,1.0,1.4791554249392034,1.0491885184278407
mistral,inst,reader,pair_24,0,0.0,0.03002252207138445,0.0
mistral,inst,reader,pair_24,1,0.03225806451612903,0.1902800367768805,0.07552758077552288
mistral,inst,reader,pair_24,2,0.06451612903225806,0.015071927542743432,0.0894357287324532
mistral,inst,reader,pair_24,3,0.0967741935483871,0.013331518619224325,0.0
mistral,inst,reader,pair_24,4,0.12903225806451613,0.013130992783628167,0.0
mistral,inst,reader,pair_24,5,0.16129032258064516,0.0,0.023480134674593048
mistral,inst,reader,pair_24,6,0.1935483870967742,0.0,0.17492122510610755
mistral,inst,reader,pair_24,7,0.22580645161290322,0.0,0.030552495530848933
mistral,inst,reader,pair_24,8,0.25806451612903225,0.1631149261364814,0.0778892078183586
mistral,inst,reader,pair_24,9,0.2903225806451613,0.17787365378248557,0.03250924302314688
mistral,inst,reader,pair_24,10,0.3225806451612903,0.0,0.0
mistral,inst,reader,pair_24,11,0.3548387096774194,0.0,0.05408553315951373
mistral,inst,reader,pair_24,12,0.3870967741935484,0.09392827820201403,0.13019432606621453
mistral,inst,reader,pair_24,13,0.41935483870967744,0.0,0.013908894985157766
mistral,inst,reader,pair_24,14,0.45161290322580644,0.07655539143006837,0.0
mistral,inst,reader,pair_24,15,0.4838709677419355,0.0,0.14138581832487576
mistral,inst,reader,pair_24,16,0.5161290322580645,0.09850965986390409,0.23855459585126076
mistral,inst,reader,pair_24,17,0.5483870967741935,0.12967101646252852,0.18927767220886135
mistral,inst,reader,pair_24,18,0.5806451612903226,0.10024787198771837,0.30243305234510004
mistral,inst,reader,pair_24,19,0.6129032258064516,0.21842452339720883,0.4143539219782191
mistral,inst,reader,pair_24,20,0.6451612903225806,0.22180677624717143,0.581711660396842
mistral,inst,reader,pair_24,21,0.6774193548387096,0.3845892530655665,0.49902538084067233
mistral,inst,reader,pair_24,22,0.7096774193548387,0.6284411504316573,0.6798484779493689
mistral,inst,reader,pair_24,23,0.7419354838709677,0.7560503271083469,0.6744480677197782
mistral,inst,reader,pair_24,24,0.7741935483870968,0.6843421374412444,0.7977774041023974
mistral,inst,reader,pair_24,25,0.8064516129032258,1.0502524084409814,0.9263897832086395
mistral,inst,reader,pair_24,26,0.8387096774193549,1.1905294796185713,0.9295194888356977
mistral,inst,reader,pair_24,27,0.8709677419354839,1.1510811792553333,0.9188560315796792
mistral,inst,reader,pair_24,28,0.9032258064516129,1.339419662622684,1.078076752629508
mistral,inst,reader,pair_24,29,0.9354838709677419,1.3488302049441148,1.0892206518873375
mistral,inst,reader,pair_24,30,0.967741935483871,1.3742131040452543,1.089493325176752
mistral,inst,reader,pair_24,31,1.0,1.4814182758307013,1.0803270280948034
mistral,inst,reader,pair_25,0,0.0,0.12149295580438164,0.12213793969090794
mistral,inst,reader,pair_25,1,0.03225806451612903,0.13782547326618222,0.10035130247282423
mistral,inst,reader,pair_25,2,0.06451612903225806,0.0,0.07714152087641162
mistral,inst,reader,pair_25,3,0.0967741935483871,0.0,0.012269888719716536
mistral,inst,reader,pair_25,4,0.12903225806451613,0.038014975075025104,0.0
mistral,inst,reader,pair_25,5,0.16129032258064516,0.0011891946581831887,0.06458253552780464
mistral,inst,reader,pair_25,6,0.1935483870967742,0.07783547572340928,0.07072942526472976
mistral,inst,reader,pair_25,7,0.22580645161290322,0.20568076238156766,0.18071879474823907
mistral,inst,reader,pair_25,8,0.25806451612903225,0.012141953538343745,0.02535633202027572
mistral,inst,reader,pair_25,9,0.2903225806451613,0.04051881510067934,0.07162244910455737
mistral,inst,reader,pair_25,10,0.3225806451612903,0.13843837897302722,0.0
mistral,inst,reader,pair_25,11,0.3548387096774194,0.0,0.02838117604176425
mistral,inst,reader,pair_25,12,0.3870967741935484,0.2618831883681018,0.15743372527100002
mistral,inst,reader,pair_25,13,0.41935483870967744,0.0,0.07872022545816966
mistral,inst,reader,pair_25,14,0.45161290322580644,0.0,0.12762474563825074
mistral,inst,reader,pair_25,15,0.4838709677419355,0.04468766052823708,0.23138244611321993
mistral,inst,reader,pair_25,16,0.5161290322580645,0.19391070562824902,0.3030393434254962
mistral,inst,reader,pair_25,17,0.5483870967741935,0.15340220774207092,0.2716818450345893
mistral,inst,reader,pair_25,18,0.5806451612903226,0.2715509058237357,0.33510338528009065
mistral,inst,reader,pair_25,19,0.6129032258064516,0.18231660759632645,0.28419949959913143
mistral,inst,reader,pair_25,20,0.6451612903225806,0.37712679082329614,0.31162153975519746
mistral,inst,reader,pair_25,21,0.6774193548387096,0.5796388750568965,0.46167434406203284
mistral,inst,reader,pair_25,22,0.7096774193548387,0.6723909799276708,0.6153184442966537
mistral,inst,reader,pair_25,23,0.7419354838709677,0.5936916822941015,0.7468416833783624
mistral,inst,reader,pair_25,24,0.7741935483870968,0.8349795275752633,0.7085128424464001
mistral,inst,reader,pair_25,25,0.8064516129032258,1.0831638214444395,0.9027588553415781
mistral,inst,reader,pair_25,26,0.8387096774193549,1.1112483557297599,1.099830861703392
mistral,inst,reader,pair_25,27,0.8709677419354839,1.097784514485092,1.1413591397227805
mistral,inst,reader,pair_25,28,0.9032258064516129,1.353105569875758,1.0944718266579405
mistral,inst,reader,pair_25,29,0.9354838709677419,1.1507949137202524,1.1379887760608014
mistral,inst,reader,pair_25,30,0.967741935483871,1.3720745956925726,1.2537758700138295
mistral,inst,reader,pair_25,31,1.0,1.4239954298286195,1.0285359789479664
mistral,inst,reader,pair_26,0,0.0,0.0,0.0
mistral,inst,reader,pair_26,1,0.03225806451612903,0.03016083478518287,0.0
mistral,inst,reader,pair_26,2,0.06451612903225806,0.09111732448116792,0.06329951324808772
mistral,inst,reader,pair_26,3,0.0967741935483871,0.0,0.15732182663955427
mistral,inst,reader,pair_26,4,0.12903225806451613,0.02344850623503692,0.0
mistral,inst,reader,pair_26,5,0.16129032258064516,0.0,0.11783909640824394
mistral,inst,reader,pair_26,6,0.1935483870967742,0.10755841908467452,0.08033391568882564
mistral,inst,reader,pair_26,7,0.22580645161290322,0.0,0.0
mistral,inst,reader,pair_26,8,0.25806451612903225,0.0,0.14097729012536597
mistral,inst,reader,pair_26,9,0.2903225806451613,0.005963950558168723,0.07467644155505948
mistral,inst,reader,pair_26,10,0.3225806451612903,0.0,0.0
mistral,inst,reader,pair_26,11,0.3548387096774194,0.007321189717841332,0.079176423860633
mistral,inst,reader,pair_26,12,0.3870967741935484,0.03208408778071703,0.08205331786325562
mistral,inst,reader,pair_26,13,0.41935483870967744,0.01302704819288389,0.08579898003323655
mistral,inst,reader,pair_26,14,0.45161290322580644,0.07631392506190568,0.06422566447464025
mistral,inst,reader,pair_26,15,0.4838709677419355,0.0,0.10037361447949056
mistral,inst,reader,pair_26,16,0.5161290322580645,0.18844870081098214,0.0
mistral,inst,reader,pair_26,17,0.5483870967741935,0.07116636043667635,0.215829542398926
mistral,inst,reader,pair_26,18,0.5806451612903226,0.05859913847189355,0.40654065534263495
mistral,inst,reader,pair_26,19,0.6129032258064516,0.22779406504664562,0.37945150187530263
mistral,inst,reader,pair_26,20,0.6451612903225806,0.26885351183286765,0.3906291743673064
mistral,inst,reader,pair_26,21,0.6774193548387096,0.4331696507131639,0.49435863596696045
mistral,inst,reader,pair_26,22,0.7096774193548387,0.5277043654117546,0.5551416470606848
mistral,inst,reader,pair_26,23,0.7419354838709677,0.7612614660403845,0.6051613733814494
mistral,inst,reader,pair_26,24,0.7741935483870968,0.9514176651572238,0.8424712105282891
mistral,inst,reader,pair_26,25,0.8064516129032258,0.9757817417588739,0.9396506080864061
mistral,inst,reader,pair_26,26,0.8387096774193549,1.0088069914955942,0.9457052133889009
mistral,inst,reader,pair_26,27,0.8709677419354839,1.126704789556722,1.010154394865998
mistral,inst,reader,pair_26,28,0.9032258064516129,1.2422052183400814,0.9673659220910513
mistral,inst,reader,pair_26,29,0.9354838709677419,1.269027630495414,1.1186754550360773
mistral,inst,reader,pair_26,30,0.967741935483871,1.3352838151736899,1.0227340068702413
mistral,inst,reader,pair_26,31,1.0,1.4359774030017167,1.1720197207305147
mistral,inst,reader,pair_27,0,0.0,0.0,0.0
mistral,inst,reader,pair_27,1,0.03225806451612903,0.08913384750704001,0.0
mistral,inst,reader,pair_27,2,0.06451612903225806,0.11179031844542778,0.0
mistral,inst,reader,pair_27,3,0.0967741935483871,0.07294699844688148,0.0
mistral,inst,reader,pair_27,4,0.12903225806451613,0.0,0.0
mistral,inst,reader,pair_27,5,0.16129032258064516,0.14011413320621344,0.0
mistral,inst,reader,pair_27,6,0.1935483870967742,0.0,0.0
mistral,inst,reader,pair_27,7,0.22580645161290322,0.0,0.005781763994131052
mistral,inst,reader,pair_27,8,0.25806451612903225,0.0,0.0
mistral,inst,reader,pair_27,9,0.2903225806451613,0.06358162716689005,0.0
mistral,inst,reader,pair_27,10,0.3225806451612903,0.0638268002326161,0.10178970021844855
mistral,inst,reader,pair_27,11,0.3548387096774194,0.08747990660465425,0.0
mistral,inst,reader,pair_27,12,0.3870967741935484,0.0,0.03756387177540357
mistral,inst,reader,pair_27,13,0.41935483870967744,0.0300105697336514,0.0
mistral,inst,reader,pair_27,14,0.45161290322580644,0.12695462071341176,0.2252404730177721
mistral,inst,reader,pair_27,15,0.4838709677419355,0.0064837855131387664,0.09395458975852256
mistral,inst,reader,pair_27,16,0.5161290322580645,0.22725240790202678,0.1888174560680002
mistral,inst,reader,pair_27,17,0.5483870967741935,0.1455730549421246,0.22923285091450973
mistral,inst,reader,pair_27,18,0.5806451612903226,0.011366974225116594,0.19576378740873113
mistral,inst,reader,pair_27,19,0.6129032258064516,0.3465152289784749,0.2603195728026801
mistral,inst,reader,pair_27,20,0.6451612903225806,0.4180381394929978,0.48869505442220856
mistral,inst,reader,pair_27,21,0.6774193548387096,0.3701980618362696,0.5925040813436984
mistral,inst,reader,pair_27,22,0.7096774193548387,0.6128914487544205,0.7810707821309719
mistral,inst,reader,pair_27,23,0.7419354838709677,0.7259552589304186,0.7359129947643908
mistral,inst,reader,pair_27,24,0.7741935483870968,0.768391753428377,0.9669517453198713
mistral,inst,reader,pair_27,25,0.8064516129032258,0.8176566530758383,0.9018796263343628
mistral,inst,reader,pair_27,26,0.8387096774193549,1.1445363479249744,0.9945068864742682
mistral,inst,reader,pair_27,27,0.8709677419354839,1.2510964500500243,1.0098158281746736
mistral,inst,reader,pair_27,28,0.9032258064516129,1.4241336450158113,1.1528885901646502
mistral,inst,reader,pair_27,29,0.9354838709677419,1.4329370588761454,1.2914067375053842
mistral,inst,reader,pair_27,30,0.967741935483871,1.3418927685046331,1.1058044222833652
mistral,inst,reader,pair_27,31,1.0,1.443581118279579,1.0346125592407431
mistral,inst,reader,pair_28,0,0.0,0.09681516214084421,0.0
mistral,inst,reader,pair_28,1,0.03225806451612903,0.008634104740649863,0.033518452697972864
mistral,inst,reader,pair_28,2,0.06451612903225806,0.0,0.0
mistral,inst,reader,pair_28,3,0.0967741935483871,0.026048009976335145,0.0
mistral,inst,reader,pair_28,4,0.12903225806451613,0.003079502898967203,0.0
mistral,inst,reader,pair_28,5,0.16129032258064516,0.0479547938884587,0.04792517259465536
mistral,inst,reader,pair_28,6,0.1935483870967742,0.0,0.05744159497261569
mistral,inst,reader,pair_28,7,0.22580645161290322,0.057984089798518164,0.06243665670263535
mistral,inst,reader,pair_28,8,0.25806451612903225,0.0,0.0
mistral,inst,reader,pair_28,9,0.2903225806451613,0.0,0.0
mistral,inst,reader,pair_28,10,0.3225806451612903,0.03306178064424078,0.0
mistral,inst,reader,pair_28,11,0.3548387096774194,0.04643387468787468,0.0
mistral,inst,reader,pair_28,12,0.3870967741935484,0.0,0.0
mistral,inst,reader,pair_28,13,0.41935483870967744,0.042573764741292264,0.0
mistral,inst,reader,pair_28,14,0.45161290322580644,0.08765754501010316,0.10840043311448777
mistral,inst,reader,pair_28,15,0.4838709677419355,0.17257080225167334,0.23209085782431205
mistral,inst,reader,pair_28,16,0.5161290322580645,0.20262691432772517,0.0691537257922969
mistral,inst,reader,pair_28,17,0.5483870967741935,0.08530032155490107,0.2784731345997932
mistral,inst,reader,pair_28,18,0.5806451612903226,0.1323118684840284,0.28896355927038603
mistral,inst,reader,pair_28,19,0.6129032258064516,0.13384701178999303,0.3937973875486661
mistral,inst,reader,pair_28,20,0.6451612903225806,0.3336110230708463,0.3509846613437958
mistral,inst,reader,pair_28,21,0.6774193548387096,0.546573870671098,0.4386072577721434
mistral,inst,reader,pair_28,22,0.7096774193548387,0.6177918562543298,0.7199757185790684
mistral,inst,reader,pair_28,23,0.7419354838709677,0.7104416852848497,0.7171034959387206
mistral,inst,reader,pair_28,24,0.7741935483870968,0.9418718784941223,0.9227002617815385
mistral,inst,reader,pair_28,25,0.8064516129032258,0.987823599083417,0.8394719292158482
mistral,inst,reader,pair_28,26,0.8387096774193549,1.0218692203265236,0.9037949925113744
mistral,inst,reader,pair_28,27,0.8709677419354839,1.3405387873625858,0.8695672466057889
mistral,inst,reader,pair_28,28,0.9032258064516129,1.2363745301990954,0.9457401733502186
mistral,inst,reader,pair_28,29,0.9354838709677419,1.2738582698773047,1.1016700188888475
mistral,inst,reader,pair_28,30,0.967741935483871,1.3885134356974322,1.0863424156840416
mistral,inst,reader,pair_28,31,1.0,1.43228310672486,1.1573146420114448
mistral,inst,reader,pair_29,0,0.0,0.0,0.009233072517449186
mistral,inst,reader,pair_29,1,0.03225806451612903,0.0,0.0
mistral,inst,reader,pair_29,2,0.06451612903225806,0.0,0.0
mistral,inst,reader,pair_29,3,0.0967741935483871,0.0,0.0
mistral,inst,reader,pair_29,4,0.12903225806451613,0.03449506940311608,0.0
mistral,inst,reader,pair_29,5,0.16129032258064516,0.0,0.03063769041683742
mistral,inst,reader,pair_29,6,0.1935483870967742,0.09819492244616204,0.0
mistral,inst,reader,pair_29,7,0.22580645161290322,0.13986532481160055,0.0
mistral,inst,reader,pair_29,8,0.25806451612903225,0.023040989738582807,0.0018170065256245312
mistral,inst,reader,pair_29,9,0.2903225806451613,0.0672196837775491,0.05503927251566297
mistral,inst,reader,pair_29,10,0.3225806451612903,0.08122675271022113,0.038450267033271215
mistral,inst,reader,pair_29,11,0.3548387096774194,0.0853797563163795,0.11007441396926779
mistral,inst,reader,pair_29,12,0.3870967741935484,0.0022798190293546114,0.014836015953274863
mistral,inst,reader,pair_29,13,0.41935483870967744,0.0,0.1585078413906636
mistral,inst,reader,pair_29,14,0.45161290322580644,0.062446146340495765,0.019493781122179976
mistral,inst,reader,pair_29,15,0.4838709677419355,0.10324836392745385,0.2626054421368286
mistral,inst,reader,pair_29,16,0.5161290322580645,0.13254958056975705,0.22216670772779343
mistral,inst,reader,pair_29,17,0.5483870967741935,0.21022104935908487,0.2519011249570295
mistral,inst,reader,pair_29,18,0.5806451612903226,0.26312667457714756,0.23344095446733817
mistral,inst,reader,pair_29,19,0.6129032258064516,0.22825044698869018,0.2323066068282414
mistral,inst,reader,pair_29,20,0.6451612903225806,0.3063879203407053,0.42458721643450503
mistral,inst,reader,pair_29,21,0.6774193548387096,0.4073041742718462,0.509819044951567
mistral,inst,reader,pair_29,22,0.7096774193548387,0.4354140716860623,0.6240754912727321
mistral,inst,reader,pair_29,23,0.7419354838709677,0.7947466209483709,0.7957364991599346
mistral,inst,reader,pair_29,24,0.7741935483870968,0.8508671137872941,0.8718032161934179
mistral,inst,reader,pair_29,25,0.8064516129032258,0.9773240703691694,0.9413258220077444
mistral,inst,reader,pair_29,26,0.8387096774193549,1.1497935842705043,0.9524858816781957
mistral,inst,reader,pair_29,27,0.8709677419354839,1.0702483300378853,0.8435217796050044
mistral,inst,reader,pair_29,28,0.9032258064516129,1.3386330592128457,0.9819548244326056
mistral,inst,reader,pair_29,29,0.9354838709677419,1.4116072339327272,1.255581481888726
mistral,inst,reader,pair_29,30,0.967741935483871,1.4596095606812842,1.1051077189055405
mistral,inst,reader,pair_29,31,1.0,1.5070652125205477,1.269624702662918
mistral,inst,reader,pair_30,0,0.0,0.0,0.09843597998053095
mistral,inst,reader,pair_30,1,0.03225806451612903,0.021102597358530605,0.039929227569557836
mistral,inst,reader,pair_30,2,0.06451612903225806,0.0,0.0
mistral,inst,reader,pair_30,3,0.0967741935483871,0.0,0.0
mistral,inst,reader,pair_30,4,0.12903225806451613,0.0,0.06391209127076904
mistral,inst,reader,pair_30,5,0.16129032258064516,0.0,0.0
mistral,inst,reader,pair_30,6,0.1935483870967742,0.02446710836208043,0.0
mistral,inst,reader,pair_30,7,0.22580645161290322,0.0,0.10660715287073678
mistral,inst,reader,pair_30,8,0.25806451612903225,0.0,0.1272726494664202
mistral,inst,reader,pair_30,9,0.2903225806451613,0.0,0.0
mistral,inst,reader,pair_30,10,0.3225806451612903,0.013633754851423874,0.03639262396626894
mistral,inst,reader,pair_30,11,0.3548387096774194,0.1339440007165963,0.0
mistral,inst,reader,pair_30,12,0.3870967741935484,0.03285792219632371,0.0
mistral,inst,reader,pair_30,13,0.41935483870967744,0.05843044133827554,0.14641844500201384
mistral,inst,reader,pair_30,14,0.45161290322580644,0.059334194810740704,0.030253380991007002
mistral,inst,reader,pair_30,15,0.4838709677419355,0.08320995680774995,0.2402812595077305
mistral,inst,reader,pair_30,16,0.5161290322580645,0.15598009954415348,0.11803671914117281
mistral,inst,reader,pair_30,17,0.5483870967741935,0.019134409281932455,0.21861937950592225
mistral,inst,reader,pair_30,18,0.5806451612903226,0.24063407281858415,0.29963670258185243
mistral,inst,reader,pair_30,19,0.6129032258064516,0.17980691224399342,0.2852855348993303
mistral,inst,reader,pair_30,20,0.6451612903225806,0.3869095086997587,0.43140834527379035
mistral,inst,reader,pair_30,21,0.6774193548387096,0.3449164968269427,0.46985664118902937
mistral,inst,reader,pair_30,22,0.7096774193548387,0.6137111608711006,0.6614440359984411
mistral,inst,reader,pair_30,23,0.7419354838709677,0.6750586578011558,0.7631888783671201
mistral,inst,reader,pair_30,24,0.7741935483870968,0.8319799793133966,0.7171101868359269
mistral,inst,reader,pair_30,25,0.8064516129032258,1.0667935951917755,0.8695049384578745
mistral,inst,reader,pair_30,26,0.8387096774193549,1.0792399637099155,1.1090486453548813
mistral,inst,reader,pair_30,27,0.8709677419354839,1.3126826416396025,1.0423391922889496
mistral,inst,reader,pair_30,28,0.9032258064516129,1.1832204322790514,1.1275419166202612
mistral,inst,reader,pair_30,29,0.9354838709677419,1.3527362826031388,1.0513336666946584
mistral,inst,reader,pair_30,30,0.967741935483871,1.2500083626547616,1.2668016427047701
mistral,inst,reader,pair_30,31,1.0,1.3224444514351772,1.2569758305131578
mistral,inst,reader,pair_31,0,0.0,0.010204091381841406,0.0
mistral,inst,reader,pair_31,1,0.03225806451612903,0.04800511813115284,0.0
mistral,inst,reader,pair_31,2,0.06451612903225806,0.0,0.0
mistral,inst,reader,pair_31,3,0.0967741935483871,0.0,0.0
mistral,inst,reader,pair_31,4,0.12903225806451613,0.006020648548816617,0.043663729446825304
mistral,inst,reader,pair_31,5,0.16129032258064516,0.0818888319095829,0.0
mistral,inst,reader,pair_31,6,0.1935483870967742,0.0,0.0
mistral,inst,reader,pair_31,7,0.22580645161290322,0.1018159514759708,0.10788596857732578
mistral,inst,reader,pair_31,8,0.25806451612903225,0.0,0.13470899104562042
mistral,inst,reader,pair_31,9,0.2903225806451613,0.0,0.0
mistral,inst,reader,pair_31,10,0.3225806451612903,0.0,0.023822090177546294
mistral,inst,reader,pair_31,11,0.3548387096774194,0.03478945333987937,0.008752382701986076
mistral,inst,reader,pair_31,12,0.3870967741935484,0.06079269673075825,0.08877151909266712
mistral,inst,reader,pair_31,13,0.41935483870967744,0.1534028285699604,0.013028884899933951
mistral,inst,reader,pair_31,14,0.45161290322580644,0.11402364898029635,0.09126536705409379
mistral,inst,reader,pair_31,15,0.4838709677419355,0.12579795419915452,0.17441259921942254
mistral,inst,reader,pair_31,16,0.5161290322580645,0.0,0.20424791845104
mistral,inst,reader,pair_31,17,0.5483870967741935,0.019387951909088,0.2726802187037932
mistral,inst,reader,pair_31,18,0.5806451612903226,0.20935963272495692,0.27269830409567847
mistral,inst,reader,pair_31,19,0.6129032258064516,0.304847301013225,0.4012482059650745
mistral,inst,reader,pair_31,20,0.6451612903225806,0.43736231355180594,0.3442541208928071
mistral,inst,reader,pair_31,21,0.6774193548387096,0.5133793047817045,0.48908487689792957
mistral,inst,reader,pair_31,22,0.7096774193548387,0.5800092990972502,0.612783269407026
mistral,inst,reader,pair_31,23,0.7419354838709677,0.7120249348862517,0.7649078525492605
mistral,inst,reader,pair_31,24,0.7741935483870968,0.8492969353301861,0.7100604385451373
mistral,inst,reader,pair_31,25,0.8064516129032258,1.1665825547180542,0.9093261384767262
mistral,inst,reader,pair_31,26,0.8387096774193549,1.103528297181466,1.0466338148315912
mistral,inst,reader,pair_31,27,0.8709677419354839,1.1970389145880898,0.9785280790729181
mistral,inst,reader,pair_31,28,0.9032258064516129,1.4419965871926483,1.0442335109049952
mistral,inst,reader,pair_31,29,0.9354838709677419,1.4951625624618123,1.2819518654407078
mistral,inst,reader,pair_31,30,0.967741935483871,1.3027442998738972,1.0060434131102338
mistral,inst,reader,pair_31,31,1.0,1.4299387113540916,1.2382141221385579
mistral,inst,reader,pair_32,0,0.0,0.0,0.0
mistral,inst,reader,pair_32,1,0.03225806451612903,0.0,0.10961751956114574
mistral,inst,reader,pair_32,2,0.06451612903225806,0.0,0.0
mistral,inst,reader,pair_32,3,0.0967741935483871,0.0793070668453614,0.06500121505111052
mistral,inst,reader,pair_32,4,0.12903225806451613,0.015491737085028986,0.0
mistral,inst,reader,pair_32,5,0.16129032258064516,0.0,0.0
mistral,inst,reader,pair_32,6,0.1935483870967742,0.0,0.10278152771079416
mistral,inst,reader,pair_32,7,0.22580645161290322,0.044645671147172335,0.0
mistral,inst,reader,pair_32,8,0.25806451612903225,0.0,0.0444095393391885
mistral,inst,reader,pair_32,9,0.2903225806451613,0.053276856456333656,0.0
mistral,inst,reader,pair_32,10,0.3225806451612903,0.0,0.0
mistral,inst,reader,pair_32,11,0.3548387096774194,0.07696825707468745,0.08194085563435666
mistral,inst,reader,pair_32,12,0.3870967741935484,0.059150149011645406,0.09909435716378961
mistral,inst,reader,pair_32,13,0.41935483870967744,0.0,0.0788888936274578
mistral,inst,reader,pair_32,14,0.45161290322580644,0.0,0.05530987289893755
mistral,inst,reader,pair_32,15,0.4838709677419355,0.0,0.11776287976079519
mistral,inst,reader,pair_32,16,0.5161290322580645,0.12495720770367655,0.22753995736267763
mistral,inst,reader,pair_32,17,0.5483870967741935,0.03946200626978569,0.34677290445190007
mistral,inst,reader,pair_32,18,0.5806451612903226,0.2798483068492487,0.2188509639722147
mistral,inst,reader,pair_32,19,0.6129032258064516,0.19129768799194166,0.41718848435329436
mistral,inst,reader,pair_32,20,0.6451612903225806,0.32695169258146944,0.4016937027268684
mistral,inst,reader,pair_32,21,0.6774193548387096,0.39787998618426274,0.5148539025077906
mistral,inst,reader,pair_32,22,0.7096774193548387,0.6728651331222638,0.5944579896939817
mistral,inst,reader,pair_32,23,0.7419354838709677,0.7058553405504369,0.8048897386592224
mistral,inst,reader,pair_32,24,0.7741935483870968,0.9744361928036434,0.7921612801481844
mistral,inst,reader,pair_32,25,0.8064516129032258,0.948119750181274,0.9188321670604761
mistral,inst,reader,pair_32,26,0.8387096774193549,1.168207983244417,0.8893343902981202
mistral,inst,reader,pair_32,27,0.8709677419354839,1.4193287352422612,0.9691544038470905
mistral,inst,reader,pair_32,28,0.9032258064516129,1.3686682970375543,1.0043524009900446
mistral,inst,reader,pair_32,29,0.9354838709677419,1.428145736601386,1.2560186695493645
mistral,inst,reader,pair_32,30,0.967741935483871,1.365881580751458,0.9865291867116646
mistral,inst,reader,pair_32,31,1.0,1.4761839629058402,1.1500321098907196
mistral,inst,reader,pair_33,0,0.0,0.0,0.13998909583378996
mistral,inst,reader,pair_33,1,0.03225806451612903,0.0,0.0
mistral,inst,reader,pair_33,2,0.06451612903225806,0.14800373192075558,0.02300622298122301
mistral,inst,reader,pair_33,3,0.0967741935483871,0.04319373446416035,0.04420992403928116
mistral,inst,reader,pair_33,4,0.12903225806451613,0.1722942218940646,0.02023644694412608
mistral,inst,reader,pair_33,5,0.16129032258064516,0.0,0.0
mistral,inst,reader,pair_33,6,0.1935483870967742,0.0,0.13578530500074448
mistral,inst,reader,pair_33,7,0.22580645161290322,0.0,0.0
mistral,inst,reader,pair_33,8,0.25806451612903225,0.12291274325809565,0.05998730303940077
mistral,inst,reader,pair_33,9,0.2903225806451613,0.0,0.048000175105910585
mistral,inst,reader,pair_33,10,0.3225806451612903,0.013047374816700173,0.06686434256816484
mistral,inst,reader,pair_33,11,0.3548387096774194,0.02170335040690839,0.05920905726915933
mistral,inst,reader,pair_33,12,0.3870967741935484,0.0,0.11568139624313155
mistral,inst,reader,pair_33,13,0.41935483870967744,0.0715854151593184,0.11899642979375727
mistral,inst,reader,pair_33,14,0.45161290322580644,0.09324867210561771,0.09106173334709818
mistral,inst,reader,pair_33,15,0.4838709677419355,0.03678238257767853,0.0
mistral,inst,reader,pair_33,16,0.5161290322580645,0.0974822942403668,0.0
mistral,inst,reader,pair_33,17,0.5483870967741935,0.15267845928975746,0.2740381229713177
mistral,inst,reader,pair_33,18,0.5806451612903226,0.22847077610962555,0.26442609007407253
mistral,inst,reader,pair_33,19,0.6129032258064516,0.311667810910414,0.463634321573447
mistral,inst,reader,pair_33,20,0.6451612903225806,0.31258890673447026,0.4312678957588337
mistral,inst,reader,pair_33,21,0.6774193548387096,0.5450615763164284,0.5488507848983749
mistral,inst,reader,pair_33,22,0.7096774193548387,0.7625224980211814,0.6096272663337743
mistral,inst,reader,pair_33,23,0.7419354838709677,0.7427896261833341,0.6550522534660398
mistral,inst,reader,pair_33,24,0.7741935483870968,0.881917155921231,0.7757259466858751
mistral,inst,reader,pair_33,25,0.8064516129032258,0.8654232972220801,0.7391464274523136
mistral,inst,reader,pair_33,26,0.8387096774193549,1.1460928107439559,0.8937020700278074
mistral,inst,reader,pair_33,27,0.8709677419354839,1.2066366173425944,1.0106146541438963
mistral,inst,reader,pair_33,28,0.9032258064516129,1.2593230016894075,1.196293228866736
mistral,inst,reader,pair_33,29,0.9354838709677419,1.3354601986267234,1.0491803808962792
mistral,inst,reader,pair_33,30,0.967741935483871,1.3182516249938614,1.1899987756619386
mistral,inst,reader,pair_33,31,1.0,1.3954086059148165,1.2415378036918272
mistral,inst,reader,pair_34,0,0.0,0.0425472781023771,0.0
mistral,inst,reader,pair_34,1,0.03225806451612903,0.03545172712377463,0.04531600900141134
mistral,inst,reader,pair_34,2,0.06451612903225806,0.0,0.021818219973282486
mistral,inst,reader,pair_34,3,0.0967741935483871,0.029387810032024404,0.010045027263922267
mistral,inst,reader,pair_34,4,0.12903225806451613,0.05057798401249701,0.0
mistral,inst,reader,pair_34,5,0.16129032258064516,0.12884694913346972,0.21022495455082021
mistral,inst,reader,pair_34,6,0.1935483870967742,0.0,0.0
mistral,inst,reader,pair_34,7,0.22580645161290322,0.034718154002856334,0.04818045344688419
mistral,inst,reader,pair_34,8,0.25806451612903225,0.018054832746818815,0.0
mistral,inst,reader,pair_34,9,0.2903225806451613,0.03740128697579903,0.08967372150817712
mistral,inst,reader,pair_34,10,0.3225806451612903,0.0,0.1756168255900813
mistral,inst,reader,pair_34,11,0.3548387096774194,0.0,0.10144040576723393
mistral,inst,reader,pair_34,12,0.3870967741935484,0.00999170865818574,0.0
mistral,inst,reader,pair_34,13,0.41935483870967744,0.03042500188886454,0.06173451097881456
mistral,inst,reader,pair_34,14,0.45161290322580644,0.25614988884593326,0.1826162079295073
mistral,inst,reader,pair_34,15,0.4838709677419355,0.21530907094464086,0.2477741072588849
mistral,inst,reader,pair_34,16,0.5161290322580645,0.0929218235434729,0.11899878590392879
mistral,inst,reader,pair_34,17,0.5483870967741935,0.27124883779163406,0.1314099165084408
mistral,inst,reader,pair_34,18,0.5806451612903226,0.18097313380149305,0.23576262908405607
mistral,inst,reader,pair_34,19,0.6129032258064516,0.30309818819096696,0.5175903706537236
mistral,inst,reader,pair_34,20,0.6451612903225806,0.3191176791515517,0.36052672228068927
mistral,inst,reader,pair_34,21,0.6774193548387096,0.530302569225843,0.41013622042028164
mistral,inst,reader,pair_34,22,0.7096774193548387,0.6037638742655647,0.5843591259219768
mistral,inst,reader,pair_34,23,0.7419354838709677,0.75892462686427,0.7635445403289808
mistral,inst,reader,pair_34,24,0.7741935483870968,0.7819030860736881,0.9674531723553462
mistral,inst,reader,pair_34,25,0.8064516129032258,1.1106102561250215,0.8243823108203228
mistral,inst,reader,pair_34,26,0.8387096774193549,1.0288624741090233,0.9318748801344511
mistral,inst,reader,pair_34,27,0.8709677419354839,1.1143257119750405,0.9345063581221015
mistral,inst,reader,pair_34,28,0.9032258064516129,1.3820778079514693,1.0672484448484945
mistral,inst,reader,pair_34,29,0.9354838709677419,1.4177702633538118,1.2716810654110229
mistral,inst,reader,pair_34,30,0.967741935483871,1.3919927732354567,1.0833275030959362
mistral,inst,reader,pair_34,31,1.0,1.4298038101045571,1.22949489458975
mistral,inst,reader,pair_35,0,0.0,0.02251935755803028,0.0
mistral,inst,reader,pair_35,1,0.03225806451612903,0.0,0.0
mistral,inst,reader,pair_35,2,0.06451612903225806,0.0,0.0
mistral,inst,reader,pair_35,3,0.0967741935483871,0.044654619897675815,0.07169482495462974
mistral,inst,reader,pair_35,4,0.12903225806451613,0.0,0.0
mistral,inst,reader,pair_35,5,0.16129032258064516,0.013490322370643975,0.009423893602900763
mistral,inst,reader,pair_35,6,0.1935483870967742,0.0,0.0
mistral,inst,reader,pair_35,7,0.22580645161290322,0.0,0.0
mistral,inst,reader,pair_35,8,0.25806451612903225,0.0,0.015524005400975911
mistral,inst,reader,pair_35,9,0.2903225806451613,0.014538680069232791,0.07238336626213035
mistral,inst,reader,pair_35,10,0.3225806451612903,0.1026900859349785,0.00020888126478175312
mistral,inst,reader,pair_35,11,0.3548387096774194,0.0484608755206371,0.09487585740256242
mistral,inst,reader,pair_35,12,0.3870967741935484,0.0,0.05226710794161732
mistral,inst,reader,pair_35,13,0.41935483870967744,0.0037875477004936514,0.0911247160619172
mistral,inst,reader,pair_35,14,0.45161290322580644,0.20245543020429407,0.07273601784667881
mistral,inst,reader,pair_35,15,0.4838709677419355,0.12245457939242287,0.204713744288179
mistral,inst,reader,pair_35,16,0.5161290322580645,0.13187512762213033,0.21184140285218372
mistral,inst,reader,pair_35,17,0.5483870967741935,0.03361131293289564,0.2078833688212392
mistral,inst,reader,pair_35,18,0.5806451612903226,0.17819232613646524,0.2679125338996657
mistral,inst,reader,pair_35,19,0.6129032258064516,0.18797892721156773,0.40793502516977137
mistral,inst,reader,pair_35,20,0.6451612903225806,0.3309708288290962,0.3326837255156963
mistral,inst,reader,pair_35,21,0.6774193548387096,0.39516711370267926,0.41840856277120564
mistral,inst,reader,pair_35,22,0.7096774193548387,0.456112250509859,0.6855008873113678
mistral,inst,reader,pair_35,23,0.7419354838709677,0.7516818926199843,0.8550789695877614
mistral,inst,reader,pair_35,24,0.7741935483870968,0.7598464022834207,0.8559304154039281
mistral,inst,reader,pair_35,25,0.8064516129032258,1.0359539080873112,0.9385150067296506
mistral,inst,reader,pair_35,26,0.8387096774193549,1.1715049400164101,1.0060661603302976
mistral,inst,reader,pair_35,27,0.8709677419354839,1.2206729563319616,0.9566782737244202
mistral,inst,reader,pair_35,28,0.9032258064516129,1.3760558874695834,0.8615177285307355
mistral,inst,reader,pair_35,29,0.9354838709677419,1.2748760505145504,1.1044326938871156
mistral,inst,reader,pair_35,30,0.967741935483871,1.3153742513458595,1.144123661241237
mistral,inst,reader,pair_35,31,1.0,1.3539490595948378,1.2553878746708846
mistral,inst,reader,pair_36,0,0.0,0.0,0.0
mistral,inst,reader,pair_36,1,0.03225806451612903,0.0,0.032312076825888214
mistral,inst,reader,pair_36,2,0.06451612903225806,0.0,0.0
mistral,inst,reader,pair_36,3,0.0967741935483871,0.0,0.0
mistral,inst,reader,pair_36,4,0.12903225806451613,0.0,0.0
mistral,inst,reader,pair_36,5,0.16129032258064516,0.0,0.05429679933133708
mistral,inst,reader,pair_36,6,0.1935483870967742,0.08199535913556731,0.0
mistral,inst,reader,pair_36,7,0.22580645161290322,0.14777022943966625,0.015630094845201038
mistral,inst,reader,pair_36,8,0.25806451612903225,0.02494642578680491,0.0
mistral,inst,reader,pair_36,9,0.2903225806451613,0.0,0.16497378117808112
mistral,inst,reader,pair_36,10,0.3225806451612903,0.02763440707676071,0.12349217531440153
mistral,inst,reader,pair_36,11,0.3548387096774194,0.06445816362940253,0.0
mistral,inst,reader,pair_36,12,0.3870967741935484,0.009301766600848384,0.05530031075222581
mistral,inst,reader,pair_36,13,0.41935483870967744,0.027792234224253722,0.05842782208010548
mistral,inst,reader,pair_36,14,0.45161290322580644,0.09853183049640792,0.021792607304663064
mistral,inst,reader,pair_36,15,0.4838709677419355,0.0,0.0848217161124008
mistral,inst,reader,pair_36,16,0.5161290322580645,0.10721723689240886,0.11248354309289657
mistral,inst,reader,pair_36,17,0.5483870967741935,0.10266501404998729,0.28567925437430086
mistral,inst,reader,pair_36,18,0.5806451612903226,0.2232755630239475,0.23791671109202217
mistral,inst,reader,pair_36,19,0.6129032258064516,0.02076744992025692,0.25414025460908646
mistral,inst,reader,pair_36,20,0.6451612903225806,0.32415961812982746,0.479416849132379
mistral,inst,reader,pair_36,21,0.6774193548387096,0.36605300553942827,0.5690532303695054
mistral,inst,reader,pair_36,22,0.7096774193548387,0.5356515122215422,0.6627853224886808
mistral,inst,reader,pair_36,23,0.7419354838709677,0.6097739624340095,0.7040946764065921
mistral,inst,reader,pair_36,24,0.7741935483870968,0.8400670104738426,0.8461811251556967
mistral,inst,reader,pair_36,25,0.8064516129032258,0.9357771376280443,0.9060932658881409
mistral,inst,reader,pair_36,26,0.8387096774193549,1.0188402556279423,0.9246839024968231
mistral,inst,reader,pair_36,27,0.8709677419354839,1.021834932910062,0.9603398823379913
mistral,inst,reader,pair_36,28,0.9032258064516129,1.2048005400949036,1.0970078840669473
mistral,inst,reader,pair_36,29,0.9354838709677419,1.2942629286531602,1.1222048841521701
mistral,inst,reader,pair_36,30,0.967741935483871,1.4199570495614655,1.0931037613204624
mistral,inst,reader,pair_36,31,1.0,1.445126805459546,1.3143773085737194
mistral,inst,reader,pair_37,0,0.0,0.0,0.0
mistral,inst,reader,pair_37,1,0.03225806451612903,0.0,0.022897230314586587
mistral,inst,reader,pair_37,2,0.06451612903225806,0.038796236627890925,0.0
mistral,inst,reader,pair_37,3,0.0967741935483871,0.0,0.0
mistral,inst,reader,pair_37,4,0.12903225806451613,0.0,0.04551909780972632
mistral,inst,reader,pair_37,5,0.16129032258064516,0.012393480988218184,0.03995722189765444
mistral,inst,reader,pair_37,6,0.1935483870967742,0.07894104776890569,0.06218562425645397
mistral,inst,reader,pair_37,7,0.22580645161290322,0.08909122924821844,0.01164550235648391
mistral,inst,reader,pair_37,8,0.25806451612903225,0.0,0.06068682193985641
mistral,inst,reader,pair_37,9,0.2903225806451613,0.0,0.11596063415220094
mistral,inst,reader,pair_37,10,0.3225806451612903,0.0,0.05794745448143698
mistral,inst,reader,pair_37,11,0.3548387096774194,0.0,0.038755633344395184
mistral,inst,reader,pair_37,12,0.3870967741935484,0.08466114828415632,0.0
mistral,inst,reader,pair_37,13,0.41935483870967744,0.0,0.05394940502808039
mistral,inst,reader,pair_37,14,0.45161290322580644,0.0,0.20447131311318947
mistral,inst,reader,pair_37,15,0.4838709677419355,0.03907234949762109,0.11499582875589331
mistral,inst,reader,pair_37,16,0.5161290322580645,0.08014854487131647,0.0909140643199927
mistral,inst,reader,pair_37,17,0.5483870967741935,0.046748290701520465,0.3845520231717807
mistral,inst,reader,pair_37,18,0.5806451612903226,0.31801242219509185,0.2428944068285571
mistral,inst,reader,pair_37,19,0.6129032258064516,0.24249888591609645,0.4022734660185534
mistral,inst,reader,pair_37,20,0.6451612903225806,0.29470474581628175,0.3560350492495511
mistral,inst,reader,pair_37,21,0.6774193548387096,0.44460904141818036,0.5686292746112669
mistral,inst,reader,pair_37,22,0.7096774193548387,0.6722989288532911,0.7496638121860675
mistral,inst,reader,pair_37,23,0.7419354838709677,0.7357734747856668,0.7764403326140104
mistral,inst,reader,pair_37,24,0.7741935483870968,0.8656038775238606,0.9332842531279932
mistral,inst,reader,pair_37,25,0.8064516129032258,0.9143947257785481,0.9880232646259841
mistral,inst,reader,pair_37,26,0.8387096774193549,1.0177676392835755,0.9896535222852696
mistral,inst,reader,pair_37,27,0.8709677419354839,1.2919149532184018,1.0156559051958856
mistral,inst,reader,pair_37,28,0.9032258064516129,1.2717619903133675,1.1258553833094347
mistral,inst,reader,pair_37,29,0.9354838709677419,1.3531088664118924,1.0268009325577057
mistral,inst,reader,pair_37,30,0.967741935483871,1.322661803084177,1.06482186976631
mistral,inst,reader,pair_37,31,1.0,1.4647918499466432,1.0539776039671886
mistral,inst,reader,pair_38,0,0.0,0.04701292289777647,0.0
mistral,inst,reader,pair_38,1,0.03225806451612903,0.02167586876080565,0.0
mistral,inst,reader,pair_38,2,0.06451612903225806,0.0,0.005250139278552349
mistral,inst,reader,pair_38,3,0.0967741935483871,0.0,0.0377241477753828
mistral,inst,reader,pair_38,4,0.12903225806451613,0.0,0.0
mistral,inst,reader,pair_38,5,0.16129032258064516,0.0,0.0
mistral,inst,reader,pair_38,6,0.1935483870967742,0.06671167368752165,0.014482940617238732
mistral,inst,reader,pair_38,7,0.22580645161290322,0.0,0.0
mistral,inst,reader,pair_38,8,0.25806451612903225,0.08158374831322526,0.0
mistral,inst,reader,pair_38,9,0.2903225806451613,0.04358629436324095,0.07869272974909403
mistral,inst,reader,pair_38,10,0.3225806451612903,0.0,0.004814699605730506
mistral,inst,reader,pair_38,11,0.3548387096774194,0.0,0.10106829777421686
mistral,inst,reader,pair_38,12,0.3870967741935484,0.0,0.0
mistral,inst,reader,pair_38,13,0.41935483870967744,0.03154552492190465,0.05614748029196752
mistral,inst,reader,pair_38,14,0.45161290322580644,0.06521238749702557,0.0
mistral,inst,reader,pair_38,15,0.4838709677419355,0.2062953762707005,0.15137003396677193
mistral,inst,reader,pair_38,16,0.5161290322580645,0.012736620911349167,0.2803946865169632
mistral,inst,reader,pair_38,17,0.5483870967741935,0.1290340601545997,0.15009191596029464
mistral,inst,reader,pair_38,18,0.5806451612903226,0.1442476502575014,0.31388863463507594
mistral,inst,reader,pair_38,19,0.6129032258064516,0.28241383050935265,0.39657754860445604
mistral,inst,reader,pair_38,20,0.6451612903225806,0.3562687181783718,0.5029594386985595
mistral,inst,reader,pair_38,21,0.6774193548387096,0.4339790879272495,0.5089885117756914
mistral,inst,reader,pair_38,22,0.7096774193548387,0.5642686150981254,0.7174396725982598
mistral,inst,reader,pair_38,23,0.7419354838709677,0.7329645454555994,0.5892099884995557
mistral,inst,reader,pair_38,24,0.7741935483870968,0.7677992954519227,0.7320153526945039
mistral,inst,reader,pair_38,25,0.8064516129032258,1.0004298726453835,1.0192714332531887
mistral,inst,reader,pair_38,26,0.8387096774193549,0.9871107723143162,0.8256945793430516
mistral,inst,reader,pair_38,27,0.8709677419354839,1.0867095404995433,1.0058493846965326
mistral,inst,reader,pair_38,28,0.9032258064516129,1.2425726833147979,1.1217966325807358
mistral,inst,reader,pair_38,29,0.9354838709677419,1.2048495827110821,1.122695140872379
mistral,inst,reader,pair_38,30,0.967741935483871,1.3457444172258277,1.206736488737049
mistral,inst,reader,pair_38,31,1.0,1.430785349914025,1.083890843369684
mistral,inst,reader,pair_39,0,0.0,0.0,0.0920233669328724
mistral,inst,reader,pair_39,1,0.03225806451612903,0.0,0.0
mistral,inst,reader,pair_39,2,0.06451612903225806,0.0,0.007617929194297502
mistral,inst,reader,pair_39,3,0.0967741935483871,0.014747705421514889,0.0
mistral,inst,reader,pair_39,4,0.12903225806451613,0.0,0.0
mistral,inst,reader,pair_39,5,0.16129032258064516,0.08962700000285458,0.0
mistral,inst,reader,pair_39,6,0.1935483870967742,0.0,0.0
mistral,inst,reader,pair_39,7,0.22580645161290322,0.0,0.07135392584706793
mistral,inst,reader,pair_39,8,0.25806451612903225,0.0009700561639907047,0.006788385298492128
mistral,inst,reader,pair_39,9,0.2903225806451613,0.08688027115513534,0.0785219290338884
mistral,inst,reader,pair_39,10,0.3225806451612903,0.022420791505061873,0.17983890231177263
mistral,inst,reader,pair_39,11,0.3548387096774194,0.0,0.13444774075759222
mistral,inst,reader,pair_39,12,0.3870967741935484,0.07347601554463506,0.0
mistral,inst,reader,pair_39,13,0.41935483870967744,0.12128719921031841,0.16145490473359997
mistral,inst,reader,pair_39,14,0.45161290322580644,0.026046720414154474,0.026420021694485915
mistral,inst,reader,pair_39,15,0.4838709677419355,0.01269485400556749,0.2295183549207948
mistral,inst,reader,pair_39,16,0.5161290322580645,0.1230073218300081,0.07902082089382095
mistral,inst,reader,pair_39,17,0.5483870967741935,0.23800034708434414,0.29095201427777306
mistral,inst,reader,pair_39,18,0.5806451612903226,0.07789800254598465,0.3009803138295305
mistral,inst,reader,pair_39,19,0.6129032258064516,0.24288115439178118,0.36198227886216605
mistral,inst,reader,pair_39,20,0.6451612903225806,0.38634759559959464,0.47469315666460693
mistral,inst,reader,pair_39,21,0.6774193548387096,0.5154342095654243,0.5197381758216645
mistral,inst,reader,pair_39,22,0.7096774193548387,0.5460711171208961,0.6191127582463974
mistral,inst,reader,pair_39,23,0.7419354838709677,0.4860300918217147,0.7041444183665557
mistral,inst,reader,pair_39,24,0.7741935483870968,0.9589991749441975,0.7586360595832385
mistral,inst,reader,pair_39,25,0.8064516129032258,0.8878655800749796,0.9297736581676403
mistral,inst,reader,pair_39,26,0.8387096774193549,1.3095403745451666,0.9229873321440831
mistral,inst,reader,pair_39,27,0.8709677419354839,1.2511290478882058,0.9781432767817614
mistral,inst,reader,pair_39,28,0.9032258064516129,1.1935326350435609,1.024809055014075
mistral,inst,reader,pair_39,29,0.9354838709677419,1.319190967571065,1.0678925769332048
mistral,inst,reader,pair_39,30,0.967741935483871,1.305162779117835,1.0166643440412517
mistral,inst,reader,pair_39,31,1.0,1.3117556883820929,1.1361303564251115
mistral,inst,reader,pair_40,0,0.0,0.0,0.07724305181174831
mistral,inst,reader,pair_40,1,0.03225806451612903,0.06934427288395496,0.0
mistral,inst,reader,pair_40,2,0.06451612903225806,0.0,0.0
mistral,inst,reader,pair_40,3,0.0967741935483871,0.0,0.0
mistral,inst,reader,pair_40,4,0.12903225806451613,0.0,0.0
mistral,inst,reader,pair_40,5,0.16129032258064516,0.05795826014959109,0.0
mistral,inst,reader,pair_40,6,0.1935483870967742,0.0,0.04497332015391183
mistral,inst,reader,pair_40,7,0.22580645161290322,0.04595740711020421,0.11568281639336371
mistral,inst,reader,pair_40,8,0.25806451612903225,0.0,0.022496125134566582
mistral,inst,reader,pair_40,9,0.2903225806451613,0.0,0.0
mistral,inst,reader,pair_40,10,0.3225806451612903,0.08231137636195315,0.05755096841663308
mistral,inst,reader,pair_40,11,0.3548387096774194,0.0,0.035982137062554174
mistral,inst,reader,pair_40,12,0.3870967741935484,0.06386971737057885,0.03279780323003974
mistral,inst,reader,pair_40,13,0.41935483870967744,0.018716712814096773,0.2472643180980909
mistral,inst,reader,pair_40,14,0.45161290322580644,0.0,0.04030635682326913
mistral,inst,reader,pair_40,15,0.4838709677419355,0.17230003179814657,0.13123035451658713
mistral,inst,reader,pair_40,16,0.5161290322580645,0.07189755234828002,0.06405463314899736
mistral,inst,reader,pair_40,17,0.5483870967741935,0.14594548098166815,0.256848875399265
mistral,inst,reader,pair_40,18,0.5806451612903226,0.26146182915317007,0.38069203814891034
mistral,inst,reader,pair_40,19,0.6129032258064516,0.2687539430602098,0.30168521579578433
mistral,inst,reader,pair_40,20,0.6451612903225806,0.23634659375241787,0.5574808307155826
mistral,inst,reader,pair_40,21,0.6774193548387096,0.39665075422988477,0.6253005573901289
mistral,inst,reader,pair_40,22,0.7096774193548387,0.6299661869708814,0.609354127857969
mistral,inst,reader,pair_40,23,0.7419354838709677,0.8252772154316861,0.7203554893419364
mistral,inst,reader,pair_40,24,0.7741935483870968,0.9598542415772627,0.7950670337921635
mistral,inst,reader,pair_40,25,0.8064516129032258,0.9712681558582722,0.8853188468934104
mistral,inst,reader,pair_40,26,0.8387096774193549,1.2813996239180407,0.9936405286460502
mistral,inst,reader,pair_40,27,0.8709677419354839,1.2146958328867647,0.8906231944637388
mistral,inst,reader,pair_40,28,0.9032258064516129,1.2391561277827192,0.9606688453628197
mistral,inst,reader,pair_40,29,0.9354838709677419,1.1915074087060293,1.0281826420133116
mistral,inst,reader,pair_40,30,0.967741935483871,1.551994487059262,1.2138583036181045
mistral,inst,reader,pair_40,31,1.0,1.5084826527783814,1.1063587223786369
mistral,inst,reader,pair_41,0,0.0,0.0,0.0
mistral,inst,reader,pair_41,1,0.03225806451612903,0.06971739451967654,0.0
mistral,inst,reader,pair_41,2,0.06451612903225806,0.0,0.05421750508252508
mistral,inst,reader,pair_41,3,0.0967741935483871,0.0,0.08166383644465779
mistral,inst,reader,pair_41,4,0.12903225806451613,0.0,0.0
mistral,inst,reader,pair_41,5,0.16129032258064516,0.07920626741133549,0.030701014416501606
mistral,inst,reader,pair_41,6,0.1935483870967742,0.01656536997819681,0.0
mistral,inst,reader,pair_41,7,0.22580645161290322,0.06369277839168397,0.11733148783958243
mistral,inst,reader,pair_41,8,0.25806451612903225,0.0,0.0
mistral,inst,reader,pair_41,9,0.2903225806451613,0.14465990704417445,0.0
mistral,inst,reader,pair_41,10,0.3225806451612903,0.0,0.06726708391088498
mistral,inst,reader,pair_41,11,0.3548387096774194,0.0,0.09481816824891331
mistral,inst,reader,pair_41,12,0.3870967741935484,0.0,0.027690841407174763
mistral,inst,reader,pair_41,13,0.41935483870967744,0.0,0.009810055274525206
mistral,inst,reader,pair_41,14,0.45161290322580644,0.044019564268454534,0.2060284908725855
mistral,inst,reader,pair_41,15,0.4838709677419355,0.0,0.15372163685928938
mistral,inst,reader,pair_41,16,0.5161290322580645,0.03732945006379186,0.15234083558812458
mistral,inst,reader,pair_41,17,0.5483870967741935,0.18821583433237177,0.21636036408137865
mistral,inst,reader,pair_41,18,0.5806451612903226,0.30055141968829735,0.15760848790841786
mistral,inst,reader,pair_41,19,0.6129032258064516,0.0988805780224612,0.3283889116844187
mistral,inst,reader,pair_41,20,0.6451612903225806,0.348653811088392,0.5196440744863573
mistral,inst,reader,pair_41,21,0.6774193548387096,0.3857772087693926,0.5253933661934873
mistral,inst,reader,pair_41,22,0.7096774193548387,0.49268165932489033,0.7017634361978489
mistral,inst,reader,pair_41,23,0.7419354838709677,0.7855710052847653,0.7425574109632989
mistral,inst,reader,pair_41,24,0.7741935483870968,0.8485449704025104,0.806159145095526
mistral,inst,reader,pair_41,25,0.8064516129032258,0.9100805276191111,0.7624840512982587
mistral,inst,reader,pair_41,26,0.8387096774193549,1.178493454914792,0.9930195109907217
mistral,inst,reader,pair_41,27,0.8709677419354839,1.23901633220086,0.9591497540893107
mistral,inst,reader,pair_41,28,0.9032258064516129,1.1998798607672014,1.1196829062062372
mistral,inst,reader,pair_41,29,0.9354838709677419,1.3721154032848213,1.0724031188442626
mistral,inst,reader,pair_41,30,0.967741935483871,1.490108312607249,1.2513657422164077
mistral,inst,reader,pair_41,31,1.0,1.5543957234510968,1.1016832507975471
mistral,inst,reader,pair_42,0,0.0,0.040746175648108576,0.07092297423464533
mistral,inst,reader,pair_42,1,0.03225806451612903,0.0,0.20435100158476327
mistral,inst,reader,pair_42,2,0.06451612903225806,0.0,0.06794408760562165
mistral,inst,reader,pair_42,3,0.0967741935483871,0.054175676352017164,0.0966203712338624
mistral,inst,reader,pair_42,4,0.12903225806451613,0.0,0.0
mistral,inst,reader,pair_42,5,0.16129032258064516,0.0018460696246571867,0.019807711276499215
mistral,inst,reader,pair_42,6,0.1935483870967742,0.0,0.10916310101108487
mistral,inst,reader,pair_42,7,0.22580645161290322,0.0,0.05632319972419192
mistral,inst,reader,pair_42,8,0.25806451612903225,0.09301293333088137,0.0
mistral,inst,reader,pair_42,9,0.2903225806451613,0.0,0.0066282713588606615
mistral,inst,reader,pair_42,10,0.3225806451612903,0.0,0.0
mistral,inst,reader,pair_42,11,0.3548387096774194,0.0,0.2690876243174206
mistral,inst,reader,pair_42,12,0.3870967741935484,0.0075467245048592615,0.0008891041177333733
mistral,inst,reader,pair_42,13,0.41935483870967744,0.0,0.1100317271168344
mistral,inst,reader,pair_42,14,0.45161290322580644,0.04610708497366149,0.0
mistral,inst,reader,pair_42,15,0.4838709677419355,0.018055151751061427,0.15324092996044544
mistral,inst,reader,pair_42,16,0.5161290322580645,0.04569391787758293,0.2280353368689547
mistral,inst,reader,pair_42,17,0.5483870967741935,0.14762250375616282,0.2917399923275735
mistral,inst,reader,pair_42,18,0.5806451612903226,0.23483754415548214,0.31437869016101566
mistral,inst,reader,pair_42,19,0.6129032258064516,0.3669826533236209,0.24042187123796133
mistral,inst,reader,pair_42,20,0.6451612903225806,0.2051847517990284,0.3705218066846111
mistral,inst,reader,pair_42,21,0.6774193548387096,0.4113678698848173,0.5130061299062929
mistral,inst,reader,pair_42,22,0.7096774193548387,0.423365398638998,0.7339099253072647
mistral,inst,reader,pair_42,23,0.7419354838709677,0.7110056698146883,0.7359876151222523
mistral,inst,reader,pair_42,24,0.7741935483870968,0.7643009868290037,0.7884463486846616
mistral,inst,reader,pair_42,25,0.8064516129032258,0.9579930049866173,0.9100478762903746
mistral,inst,reader,pair_42,26,0.8387096774193549,1.1980919127545662,0.9622338714439869
mistral,inst,reader,pair_42,27,0.8709677419354839,1.1484944874988758,1.0389757176502845
mistral,inst,reader,pair_42,28,0.9032258064516129,1.3016852820385734,0.9861650983323205
mistral,inst,reader,pair_42,29,0.9354838709677419,1.3495531465467523,0.9519315570185936
mistral,inst,reader,pair_42,30,0.967741935483871,1.3952139344395167,0.8849150500369038
mistral,inst,reader,pair_42,31,1.0,1.3897689539592244,1.2017999684331089
mistral,inst,reader,pair_43,0,0.0,0.0,0.011629091772941682
mistral,inst,reader,pair_43,1,0.03225806451612903,0.014052045014559584,0.0
mistral,inst,reader,pair_43,2,0.06451612903225806,0.0,0.0
mistral,inst,reader,pair_43,3,0.0967741935483871,0.0,0.031198307425563083
mistral,inst,reader,pair_43,4,0.12903225806451613,0.07590057128558972,0.0
mistral,inst,reader,pair_43,5,0.16129032258064516,0.0,0.0
mistral,inst,reader,pair_43,6,0.1935483870967742,0.11087341582822484,0.0
mistral,inst,reader,pair_43,7,0.22580645161290322,0.08044607438378058,0.0
mistral,inst,reader,pair_43,8,0.25806451612903225,0.0,0.0
mistral,inst,reader,pair_43,9,0.2903225806451613,0.0,0.0
mistral,inst,reader,pair_43,10,0.3225806451612903,0.0,0.0
mistral,inst,reader,pair_43,11,0.3548387096774194,0.003854235290346366,0.0
mistral,inst,reader,pair_43,12,0.3870967741935484,0.0,0.021737065060226116
mistral,inst,reader,pair_43,13,0.41935483870967744,0.0,0.0
mistral,inst,reader,pair_43,14,0.45161290322580644,0.04879890822948698,0.0
mistral,inst,reader,pair_43,15,0.4838709677419355,0.21777760443462701,0.22604087356365624
mistral,inst,reader,pair_43,16,0.5161290322580645,0.2280438707480158,0.15924779809745385
mistral,inst,reader,pair_43,17,0.5483870967741935,0.0,0.35778177692147023
mistral,inst,reader,pair_43,18,0.5806451612903226,0.18704684235614497,0.42160390222629796
mistral,inst,reader,pair_43,19,0.6129032258064516,0.3398755440556587,0.3807556429762187
mistral,inst,reader,pair_43,20,0.6451612903225806,0.2481136958655757,0.36624779488690923
mistral,inst,reader,pair_43,21,0.6774193548387096,0.4224588583843469,0.5359737258645924
mistral,inst,reader,pair_43,22,0.7096774193548387,0.5597297680311689,0.6507013014716458
mistral,inst,reader,pair_43,23,0.7419354838709677,0.8286728043960215,0.870380901580033
mistral,inst,reader,pair_43,24,0.7741935483870968,0.7252058448084497,0.8507019984745636
mistral,inst,reader,pair_43,25,0.8064516129032258,1.072845868996878,0.9035486911956465
mistral,inst,reader,pair_43,26,0.8387096774193549,1.1569036424377852,0.9062050258893243
mistral,inst,reader,pair_43,27,0.8709677419354839,1.2226221643368151,1.0047701260118944
mistral,inst,reader,pair_43,28,0.9032258064516129,1.2380714591802038,1.0212112396537874
mistral,inst,reader,pair_43,29,0.9354838709677419,1.388249789558027,1.0691571357251675
mistral,inst,reader,pair_43,30,0.967741935483871,1.3923439329204361,1.1060363902899575
mistral,inst,reader,pair_43,31,1.0,1.3920611867900194,1.0545434938467058
mistral,inst,reader,pair_44,0,0.0,0.0,0.014545160760491378
mistral,inst,reader,pair_44,1,0.03225806451612903,0.0,0.0
mistral,inst,reader,pair_44,2,0.06451612903225806,0.0,0.034429684274165144
mistral,inst,reader,pair_44,3,0.0967741935483871,0.04140331228318567,0.0
mistral,inst,reader,pair_44,4,0.12903225806451613,0.04490266961056449,0.0
mistral,inst,reader,pair_44,5,0.16129032258064516,0.0,0.07449787813873253
mistral,inst,reader,pair_44,6,0.1935483870967742,0.0,0.08033554210319244
mistral,inst,reader,pair_44,7,0.22580645161290322,0.012634867059526877,0.16117109324045514
mistral,inst,reader,pair_44,8,0.25806451612903225,0.13161513376738315,0.04489641909644557
mistral,inst,reader,pair_44,9,0.2903225806451613,0.0,0.12294131295790309
mistral,inst,reader,pair_44,10,0.3225806451612903,0.038447647548924914,0.08857750210199795
mistral,inst,reader,pair_44,11,0.3548387096774194,0.05446880643702339,0.059696977534469335
mistral,inst,reader,pair_44,12,0.3870967741935484,0.0,0.12410901027019676
mistral,inst,reader,pair_44,13,0.41935483870967744,0.0,0.18383731563454292
mistral,inst,reader,pair_44,14,0.45161290322580644,0.0,0.10276199632104802
mistral,inst,reader,pair_44,15,0.4838709677419355,0.1823092123923931,0.15763698963891606
mistral,inst,reader,pair_44,16,0.5161290322580645,0.019576469596192456,0.24348584780554922
mistral,inst,reader,pair_44,17,0.5483870967741935,0.11780264768416955,0.27494507486150094
mistral,inst,reader,pair_44,18,0.5806451612903226,0.1399379001668838,0.3028349171359559
mistral,inst,reader,pair_44,19,0.6129032258064516,0.36766272381292114,0.3538613789410237
mistral,inst,reader,pair_44,20,0.6451612903225806,0.512666144615594,0.5449544501673207
mistral,inst,reader,pair_44,21,0.6774193548387096,0.49204381773746686,0.541034970095132
mistral,inst,reader,pair_44,22,0.7096774193548387,0.5276782551112856,0.683650318992081
mistral,inst,reader,pair_44,23,0.7419354838709677,0.7166972841640866,0.7519222741412801
mistral,inst,reader,pair_44,24,0.7741935483870968,0.9533761709997091,0.7787132905421329
mistral,inst,reader,pair_44,25,0.8064516129032258,1.0411499376224957,0.7307167731337953
mistral,inst,reader,pair_44,26,0.8387096774193549,1.217826546678943,0.8585502172965662
mistral,inst,reader,pair_44,27,0.8709677419354839,1.207962652008106,1.042413685139946
mistral,inst,reader,pair_44,28,0.9032258064516129,1.3237698359858934,1.0971007584407124
mistral,inst,reader,pair_44,29,0.9354838709677419,1.3963286013510712,1.2618532681821124
mistral,inst,reader,pair_44,30,0.967741935483871,1.5047013281194954,1.1776769982334108
mistral,inst,reader,pair_44,31,1.0,1.279431782812208,1.1005671982513106
mistral,inst,reader,pair_45,0,0.0,0.1307394408326274,0.0
mistral,inst,reader,pair_45,1,0.03225806451612903,0.0,0.0
mistral,inst,reader,pair_45,2,0.06451612903225806,0.1678543896489302,0.0
mistral,inst,reader,pair_45,3,0.0967741935483871,0.007620707504813136,0.0
mistral,inst,reader,pair_45,4,0.12903225806451613,0.0,0.006715515444220369
mistral,inst,reader,pair_45,5,0.16129032258064516,0.0,0.0
mistral,inst,reader,pair_45,6,0.1935483870967742,0.0,0.0
mistral,inst,reader,pair_45,7,0.22580645161290322,0.0,0.0
mistral,inst,reader,pair_45,8,0.25806451612903225,0.0,0.02563460916804515
mistral,inst,reader,pair_45,9,0.2903225806451613,0.0,0.0863936096389452
mistral,inst,reader,pair_45,10,0.3225806451612903,0.0,0.11501693992091912
mistral,inst,reader,pair_45,11,0.3548387096774194,0.02830883187039855,0.0
mistral,inst,reader,pair_45,12,0.3870967741935484,0.11974986008134897,0.06536194107589734
mistral,inst,reader,pair_45,13,0.41935483870967744,0.1439086124298714,0.19097729637370248
mistral,inst,reader,pair_45,14,0.45161290322580644,0.0,0.144508524114988
mistral,inst,reader,pair_45,15,0.4838709677419355,0.005179185787747301,0.0783014184038038
mistral,inst,reader,pair_45,16,0.5161290322580645,0.019262319331033048,0.31050665084985246
mistral,inst,reader,pair_45,17,0.5483870967741935,0.24387070384991663,0.3350862428187974
mistral,inst,reader,pair_45,18,0.5806451612903226,0.07245331908983259,0.3281836769348094
mistral,inst,reader,pair_45,19,0.6129032258064516,0.21479744821185884,0.3041913876470625
mistral,inst,reader,pair_45,20,0.6451612903225806,0.32278685930570594,0.4583957748321299
mistral,inst,reader,pair_45,21,0.6774193548387096,0.45313342562063696,0.45049908781342274
mistral,inst,reader,pair_45,22,0.7096774193548387,0.5482258411319763,0.689046274069969
mistral,inst,reader,pair_45,23,0.7419354838709677,0.8359136255586461,0.7679917860275054
mistral,inst,reader,pair_45,24,0.7741935483870968,0.8193058694202516,0.9611115043722831
mistral,inst,reader,pair_45,25,0.8064516129032258,1.067644662796499,0.8751373100426176
mistral,inst,reader,pair_45,26,0.8387096774193549,1.0103906044078628,0.8052549048982149
mistral,inst,reader,pair_45,27,0.8709677419354839,1.3495416535570541,1.0950935785263056
mistral,inst,reader,pair_45,28,0.9032258064516129,1.271573095523633,1.0922121092732933
mistral,inst,reader,pair_45,29,0.9354838709677419,1.2685044204101794,1.1884404748081885
mistral,inst,reader,pair_45,30,0.967741935483871,1.3270186874630905,1.0466102625095322
mistral,inst,reader,pair_45,31,1.0,1.5318558445720527,1.0790927397213699
mistral,inst,reader,pair_46,0,0.0,0.0,0.09340738115901301
mistral,inst,reader,pair_46,1,0.03225806451612903,0.018684266660398144,0.09867930586549326
mistral,inst,reader,pair_46,2,0.06451612903225806,0.0,0.0
mistral,inst,reader,pair_46,3,0.0967741935483871,0.06733729186757337,0.03028217982699801
mistral,inst,reader,pair_46,4,0.12903225806451613,0.011137188192147193,0.0
mistral,inst,reader,pair_46,5,0.16129032258064516,0.0,0.0
mistral,inst,reader,pair_46,6,0.1935483870967742,0.055938363763652216,0.0
mistral,inst,reader,pair_46,7,0.22580645161290322,0.0,0.044358376854131173
mistral,inst,reader,pair_46,8,0.25806451612903225,0.0,0.07087157744916273
mistral,inst,reader,pair_46,9,0.2903225806451613,0.0,0.0929259029135297
mistral,inst,reader,pair_46,10,0.3225806451612903,0.11871783992217998,0.0
mistral,inst,reader,pair_46,11,0.3548387096774194,0.0,0.0
mistral,inst,reader,pair_46,12,0.3870967741935484,0.04159840484661509,0.2207823837014112
mistral,inst,reader,pair_46,13,0.41935483870967744,0.0026572452142097323,0.06468518538285065
mistral,inst,reader,pair_46,14,0.45161290322580644,0.0,0.03479691007207802
mistral,inst,reader,pair_46,15,0.4838709677419355,0.13129454703998256,0.2123331768734636
mistral,inst,reader,pair_46,16,0.5161290322580645,0.1589611441975829,0.2643968780574935
mistral,inst,reader,pair_46,17,0.5483870967741935,0.10408234909846616,0.1816934992334988
mistral,inst,reader,pair_46,18,0.5806451612903226,0.3268416552138341,0.21773153972279996
mistral,inst,reader,pair_46,19,0.6129032258064516,0.2364069131156684,0.34713965929481283
mistral,inst,reader,pair_46,20,0.6451612903225806,0.30145385054625146,0.4220035605359173
mistral,inst,reader,pair_46,21,0.6774193548387096,0.4256560398176663,0.5560447964274404
mistral,inst,reader,pair_46,22,0.7096774193548387,0.5596063511601873,0.7165074709199404
mistral,inst,reader,pair_46,23,0.7419354838709677,0.6922738099856676,0.7124268118934834
mistral,inst,reader,pair_46,24,0.7741935483870968,0.878696558449312,0.6907581411308975
mistral,inst,reader,pair_46,25,0.8064516129032258,0.9404307517762658,0.9486128083813569
mistral,inst,reader,pair_46,26,0.8387096774193549,1.1440511196308318,0.967415820588156
mistral,inst,reader,pair_46,27,0.8709677419354839,1.2489249094115185,0.9268206800319713
mistral,inst,reader,pair_46,28,0.9032258064516129,1.310909199376947,1.0111175037021056
mistral,inst,reader,pair_46,29,0.9354838709677419,1.386625733692724,1.2280004718913866
mistral,inst,reader,pair_46,30,0.967741935483871,1.298266749078469,1.2493915137580804
mistral,inst,reader,pair_46,31,1.0,1.3797907944135326,1.185312676513285
mistral,inst,reader,pair_47,0,0.0,0.0,0.0
mistral,inst,reader,pair_47,1,0.03225806451612903,0.0,0.1029852235832166
mistral,inst,reader,pair_47,2,0.06451612903225806,0.16534669515733302,0.0
mistral,inst,reader,pair_47,3,0.0967741935483871,0.0,0.10072263614155091
mistral,inst,reader,pair_47,4,0.12903225806451613,0.0,0.0
mistral,inst,reader,pair_47,5,0.16129032258064516,0.05813138920097794,0.007330180065807737
mistral,inst,reader,pair_47,6,0.1935483870967742,0.10687007293606207,0.008407017585066774
mistral,inst,reader,pair_47,7,0.22580645161290322,0.0,0.16790533044831848
mistral,inst,reader,pair_47,8,0.25806451612903225,0.0,0.06549999808053472
mistral,inst,reader,pair_47,9,0.2903225806451613,0.010925588874821184,0.0
mistral,inst,reader,pair_47,10,0.3225806451612903,0.0,0.12495226443384873
mistral,inst,reader,pair_47,11,0.3548387096774194,0.060363786521872645,0.18583495292760543
mistral,inst,reader,pair_47,12,0.3870967741935484,0.03341383291379698,0.0653516800763126
mistral,inst,reader,pair_47,13,0.41935483870967744,0.0,0.0
mistral,inst,reader,pair_47,14,0.45161290322580644,0.09924147081538784,0.07519220797424304
mistral,inst,reader,pair_47,15,0.4838709677419355,0.061676995675563465,0.13589853157512669
mistral,inst,reader,pair_47,16,0.5161290322580645,0.18925354208131057,0.1521551148620631
mistral,inst,reader,pair_47,17,0.5483870967741935,0.06926158030497412,0.21634698167406946
mistral,inst,reader,pair_47,18,0.5806451612903226,0.3256962028931672,0.303849954266034
mistral,inst,reader,pair_47,19,0.6129032258064516,0.2529301875162863,0.33001118321160805
mistral,inst,reader,pair_47,20,0.6451612903225806,0.3080490937915742,0.35531750381911414
mistral,inst,reader,pair_47,21,0.6774193548387096,0.3992006383496451,0.5453073680455311
mistral,inst,reader,pair_47,22,0.7096774193548387,0.4741159269536621,0.6136208618275237
mistral,inst,reader,pair_47,23,0.7419354838709677,0.618460764391572,0.654426830327926
mistral,inst,reader,pair_47,24,0.7741935483870968,0.8224351081357856,0.8125091563194463
mistral,inst,reader,pair_47,25,0.8064516129032258,0.9859183292059109,1.0021720213002963
mistral,inst,reader,pair_47,26,0.8387096774193549,1.215427363000932,0.9428359347358003
mistral,inst,reader,pair_47,27,0.8709677419354839,1.200038218255792,0.9552908631133151
mistral,inst,reader,pair_47,28,0.9032258064516129,1.424994774646367,1.1549760667970614
mistral,inst,reader,pair_47,29,0.9354838709677419,1.2748036482260627,1.0886697301416663
mistral,inst,reader,pair_47,30,0.967741935483871,1.5050664509909792,1.0924289173222665
mistral,inst,reader,pair_47,31,1.0,1.3926350336560747,1.2229255878642245
mistral,inst,reader,pair_48,0,0.0,0.0,0.17578227921210313
mistral,inst,reader,pair_48,1,0.03225806451612903,0.029258610466061607,0.0
mistral,inst,reader,pair_48,2,0.06451612903225806,0.0,0.06761944592089192
mistral,inst,reader,pair_48,3,0.0967741935483871,0.0,0.032511013766331705
mistral,inst,reader,pair_48,4,0.12903225806451613,0.02932511084274833,0.04833348258091478
mistral,inst,reader,pair_48,5,0.16129032258064516,0.0,0.0
mistral,inst,reader,pair_48,6,0.1935483870967742,0.044603465530934125,0.056039635672882684
mistral,inst,reader,pair_48,7,0.22580645161290322,0.12382460186725128,0.0
mistral,inst,reader,pair_48,8,0.25806451612903225,0.0,0.0
mistral,inst,reader,pair_48,9,0.2903225806451613,0.015761405208972557,0.10676142477541714
mistral,inst,reader,pair_48,10,0.3225806451612903,0.0,0.0
mistral,inst,reader,pair_48,11,0.3548387096774194,0.07977181771387494,0.04113582167188802
mistral,inst,reader,pair_48,12,0.3870967741935484,0.0,0.010911485822374063
mistral,inst,reader,pair_48,13,0.41935483870967744,0.03617755252415172,0.0445589252604035
mistral,inst,reader,pair_48,14,0.45161290322580644,0.08252638312774702,0.030048378902368868
mistral,inst,reader,pair_48,15,0.4838709677419355,0.07880768824689183,0.06047015721592401
mistral,inst,reader,pair_48,16,0.5161290322580645,0.0,0.22624741184491545
mistral,inst,reader,pair_48,17,0.5483870967741935,0.112541265353547,0.1628079901640107
mistral,inst,reader,pair_48,18,0.5806451612903226,0.08301073833208517,0.2460391796052983
mistral,inst,reader,pair_48,19,0.6129032258064516,0.3379896342471606,0.3730540744900227
mistral,inst,reader,pair_48,20,0.6451612903225806,0.4162490759999503,0.4899449774380871
mistral,inst,reader,pair_48,21,0.6774193548387096,0.5403452857579414,0.5470126953686019
mistral,inst,reader,pair_48,22,0.7096774193548387,0.6365790080567302,0.49279456736961846
mistral,inst,reader,pair_48,23,0.7419354838709677,0.7400217835595673,0.564024556262851
mistral,inst,reader,pair_48,24,0.7741935483870968,0.9313060811268664,1.0286644914394343
mistral,inst,reader,pair_48,25,0.8064516129032258,0.9751029678888903,1.0099435153737333
mistral,inst,reader,pair_48,26,0.8387096774193549,1.1861329931124105,0.9425196261662863
mistral,inst,reader,pair_48,27,0.8709677419354839,1.1777304335235685,1.0598813281103696
mistral,inst,reader,pair_48,28,0.9032258064516129,1.307566710218389,1.0743551008874863
mistral,inst,reader,pair_48,29,0.9354838709677419,1.3435912760739566,1.0683649079965636
mistral,inst,reader,pair_48,30,0.967741935483871,1.325025375320215,0.9999457338120258
mistral,inst,reader,pair_48,31,1.0,1.4210726183049949,1.1691008648553276
mistral,inst,reader,pair_49,0,0.0,0.0,0.0
mistral,inst,reader,pair_49,1,0.03225806451612903,0.0,0.06389808834352892
mistral,inst,reader,pair_49,2,0.06451612903225806,0.08572697859535591,0.0
mistral,inst,reader,pair_49,3,0.0967741935483871,0.0,0.02847195979100898
mistral,inst,reader,pair_49,4,0.12903225806451613,0.0,0.04721034682197579
mistral,inst,reader,pair_49,5,0.16129032258064516,0.14453350065906947,0.08579737537953182
mistral,inst,reader,pair_49,6,0.1935483870967742,0.0665505082269546,0.15472313665867757
mistral,inst,reader,pair_49,7,0.22580645161290322,0.0,0.03816891386808647
mistral,inst,reader,pair_49,8,0.25806451612903225,0.0,0.15377901370358332
mistral,inst,reader,pair_49,9,0.2903225806451613,0.06479781786320922,0.013590121436559941
mistral,inst,reader,pair_49,10,0.3225806451612903,0.0,0.0
mistral,inst,reader,pair_49,11,0.3548387096774194,0.0,0.0
mistral,inst,reader,pair_49,12,0.3870967741935484,0.0,0.008558943978733566
mistral,inst,reader,pair_49,13,0.41935483870967744,0.0,0.025306554129058988
mistral,inst,reader,pair_49,14,0.45161290322580644,0.019493524813347134,0.11100027335159682
mistral,inst,reader,pair_49,15,0.4838709677419355,0.12425311270024007,0.0922247268892592
mistral,inst,reader,pair_49,16,0.5161290322580645,0.0,0.1472637689833075
mistral,inst,reader,pair_49,17,0.5483870967741935,0.059440469557515196,0.2151378135566768
mistral,inst,reader,pair_49,18,0.5806451612903226,0.05599484520568025,0.21269063394476528
mistral,inst,reader,pair_49,19,0.6129032258064516,0.17337750962007306,0.37806537707606225
mistral,inst,reader,pair_49,20,0.6451612903225806,0.2661917606019264,0.3725214607299812
mistral,inst,reader,pair_49,21,0.6774193548387096,0.41455890865008926,0.5524015586450508
mistral,inst,reader,pair_49,22,0.7096774193548387,0.5079273711846567,0.5034138324342441
mistral,inst,reader,pair_49,23,0.7419354838709677,0.6332757418808402,0.7176140277803862
mistral,inst,reader,pair_49,24,0.7741935483870968,0.8757545924875427,0.9242881850473474
mistral,inst,reader,pair_49,25,0.8064516129032258,0.8923425846894294,0.8249903701421198
mistral,inst,reader,pair_49,26,0.8387096774193549,1.1779530410916017,0.891287105180128
mistral,inst,reader,pair_49,27,0.8709677419354839,1.2395692447478204,1.0685845288760656
mistral,inst,reader,pair_49,28,0.9032258064516129,1.275382514447347,1.110622880945781
mistral,inst,reader,pair_49,29,0.9354838709677419,1.482449171544595,1.1490830140660442
mistral,inst,reader,pair_49,30,0.967741935483871,1.4469093370056325,1.2297935991804991
mistral,inst,reader,pair_49,31,1.0,1.5303024216288517,1.2636454300658015
mistral,inst,self,pair_0,0,0.0,0.0,0.0
mistral,inst,self,pair_0,1,0.03225806451612903,0.10330658960828151,0.01702688120624586
mistral,inst,self,pair_0,2,0.06451612903225806,0.0740198491552578,0.048250662163117915
mistral,inst,self,pair_0,3,0.0967741935483871,0.0,0.046229363804890254
mistral,inst,self,pair_0,4,0.12903225806451613,0.0,0.0
mistral,inst,self,pair_0,5,0.16129032258064516,0.009054652855837004,0.0
mistral,inst,self,pair_0,6,0.1935483870967742,0.09725944792267868,0.0
mistral,inst,self,pair_0,7,0.22580645161290322,0.08279764884366607,0.02128129532264921
mistral,inst,self,pair_0,8,0.25806451612903225,0.12664742558841188,0.0
mistral,inst,self,pair_0,9,0.2903225806451613,0.0,0.046646703984805526
mistral,inst,self,pair_0,10,0.3225806451612903,0.0,0.09316226923453123
mistral,inst,self,pair_0,11,0.3548387096774194,0.1362999383432492,0.12700949808885773
mistral,inst,self,pair_0,12,0.3870967741935484,0.07940400436393515,0.038632322728988096
mistral,inst,self,pair_0,13,0.41935483870967744,0.1303995623723349,0.1542942941022252
mistral,inst,self,pair_0,14,0.45161290322580644,0.07206371802340295,0.09280512347501804
mistral,inst,self,pair_0,15,0.4838709677419355,0.030172497537224577,0.025518490446270983
mistral,inst,self,pair_0,16,0.5161290322580645,0.1835631488562791,0.0
mistral,inst,self,pair_0,17,0.5483870967741935,0.09295118788006095,0.22918910140222817
mistral,inst,self,pair_0,18,0.5806451612903226,0.24257662131842558,0.42008279131943504
mistral,inst,self,pair_0,19,0.6129032258064516,0.32211188386508516,0.3307418558423394
mistral,inst,self,pair_0,20,0.6451612903225806,0.39021108700939633,0.33855840955880695
mistral,inst,self,pair_0,21,0.6774193548387096,0.5569745445478643,0.5200264170248134
mistral,inst,self,pair_0,22,0.7096774193548387,0.5181069732272626,0.5778848133797939
mistral,inst,self,pair_0,23,0.7419354838709677,0.7088290670224077,0.6925718359528594
mistral,inst,self,pair_0,24,0.7741935483870968,1.0413054520545872,0.7554482460088093
mistral,inst,self,pair_0,25,0.8064516129032258,0.9973523409243198,0.8945071561567262
mistral,inst,self,pair_0,26,0.8387096774193549,1.1175907254565232,0.964581695180298
mistral,inst,self,pair_0,27,0.8709677419354839,1.1768447772233397,0.9694807271980058
mistral,inst,self,pair_0,28,0.9032258064516129,1.225221207488281,0.9419171297003474
mistral,inst,self,pair_0,29,0.9354838709677419,1.3711192276941124,1.1747317875912906
mistral,inst,self,pair_0,30,0.967741935483871,1.3540843787341201,1.078127984303454
mistral,inst,self,pair_0,31,1.0,1.403542563887838,1.1062377728878074
mistral,inst,self,pair_1,0,0.0,0.0,0.1103019039962343
mistral,inst,self,pair_1,1,0.03225806451612903,0.03539255970973894,0.0
mistral,inst,self,pair_1,2,0.06451612903225806,0.024175118107257355,0.0
mistral,inst,self,pair_1,3,0.0967741935483871,0.0,0.03199029269839593
mistral,inst,self,pair_1,4,0.12903225806451613,0.0771074110114599,0.12552528638817675
mistral,inst,self,pair_1,5,0.16129032258064516,0.1375940232781235,0.0
mistral,inst,self,pair_1,6,0.1935483870967742,0.0,0.015500575971600466
mistral,inst,self,pair_1,7,0.22580645161290322,0.013043552253974246,0.0
mistral,inst,self,pair_1,8,0.25806451612903225,0.0,0.07934035503930872
mistral,inst,self,pair_1,9,0.2903225806451613,0.13735199770893955,0.001505105989765658
mistral,inst,self,pair_1,10,0.3225806451612903,0.0,0.004258857379897084
mistral,inst,self,pair_1,11,0.3548387096774194,0.0,0.015035213044510817
mistral,inst,self,pair_1,12,0.3870967741935484,0.052817964136375434,0.0438031172510576
mistral,inst,self,pair_1,13,0.41935483870967744,0.12661359197248634,0.08044288692210444
mistral,inst,self,pair_1,14,0.45161290322580644,0.07914361264395917,0.08049537585593998
mistral,inst,self,pair_1,15,0.4838709677419355,0.16436710383492686,0.026149417908980857
mistral,inst,self,pair_1,16,0.5161290322580645,0.06117749820656869,0.07074966782239775
mistral,inst,self,pair_1,17,0.5483870967741935,0.1886648561091812,0.2840644789980967
mistral,inst,self,pair_1,18,0.5806451612903226,0.13252471910834526,0.4117989578627692
mistral,inst,self,pair_1,19,0.6129032258064516,0.21886497413779993,0.24339340033434467
mistral,inst,self,pair_1,20,0.6451612903225806,0.3094645219913707,0.46828807570766867
mistral,inst,self,pair_1,21,0.6774193548387096,0.4238281012186022,0.7137860910005427
mistral,inst,self,pair_1,22,0.7096774193548387,0.6404386372886225,0.7675119765121966
mistral,inst,self,pair_1,23,0.7419354838709677,0.8246088086793129,0.5891318554889543
mistral,inst,self,pair_1,24,0.7741935483870968,0.8278919677362089,0.5946238828894294
mistral,inst,self,pair_1,25,0.8064516129032258,0.9430319825992054,0.9814715049725722
mistral,inst,self,pair_1,26,0.8387096774193549,1.04787206796219,0.909218951186787
mistral,inst,self,pair_1,27,0.8709677419354839,1.2414605392806446,1.0791386473303624
mistral,inst,self,pair_1,28,0.9032258064516129,1.2656889769234194,1.040506124725263
mistral,inst,self,pair_1,29,0.9354838709677419,1.418533217245587,1.1163063743247543
mistral,inst,self,pair_1,30,0.967741935483871,1.374708168326018,1.1479774668073477
mistral,inst,self,pair_1,31,1.0,1.4349509108856784,1.1634595860668377
mistral,inst,self,pair_2,0,0.0,0.1602835864081923,0.0
mistral,inst,self,pair_2,1,0.03225806451612903,0.0,0.1145993912044176
mistral,inst,self,pair_2,2,0.06451612903225806,0.0,0.13967351691671764
mistral,inst,self,pair_2,3,0.0967741935483871,0.0,0.008780347615608287
mistral,inst,self,pair_2,4,0.12903225806451613,0.05956051414476686,0.10101213168192257
mistral,inst,self,pair_2,5,0.16129032258064516,0.08104115949563195,0.0
mistral,inst,self,pair_2,6,0.1935483870967742,0.0,0.03533058750223783
mistral,inst,self,pair_2,7,0.22580645161290322,0.013553621049417942,0.0
mistral,inst,self,pair_2,8,0.25806451612903225,0.03694302520534847,0.09380802701855885
mistral,inst,self,pair_2,9,0.2903225806451613,0.019328453007587947,0.1447451512241774
mistral,inst,self,pair_2,10,0.3225806451612903,0.04165530324430333,0.014463513845330905
mistral,inst,self,pair_2,11,0.3548387096774194,0.020986697962513255,0.0
mistral,inst,self,pair_2,12,0.3870967741935484,0.0,0.0884328350848469
mistral,inst,self,pair_2,13,0.41935483870967744,0.0,0.03970848655808554
mistral,inst,self,pair_2,14,0.45161290322580644,0.033518046160825335,0.12320431238329205
mistral,inst,self,pair_2,15,0.4838709677419355,0.09600680623897281,0.12827494951172758
mistral,inst,self,pair_2,16,0.5161290322580645,0.0,0.1481173460096067
mistral,inst,self,pair_2,17,0.5483870967741935,0.06051982275567742,0.2071308916629723
mistral,inst,self,pair_2,18,0.5806451612903226,0.2530922195630615,0.3435358357004757
mistral,inst,self,pair_2,19,0.6129032258064516,0.2602724032333664,0.3945243537232233
mistral,inst,self,pair_2,20,0.6451612903225806,0.21288822631948812,0.4550758321677648
mistral,inst,self,pair_2,21,0.6774193548387096,0.4925403247286846,0.476054260124223
mistral,inst,self,pair_2,22,0.7096774193548387,0.6044067133789566,0.5985435213096475
mistral,inst,self,pair_2,23,0.7419354838709677,0.7937785133405753,0.8126681326434065
mistral,inst,self,pair_2,24,0.7741935483870968,0.8153300087768575,0.9299365449708461
mistral,inst,self,pair_2,25,0.8064516129032258,0.9795372977305249,1.0572187291632458
mistral,inst,self,pair_2,26,0.8387096774193549,1.0760046184482124,0.9652545313473254
mistral,inst,self,pair_2,27,0.8709677419354839,1.2324249593385905,0.9560896434058583
mistral,inst,self,pair_2,28,0.9032258064516129,1.1561636853922985,0.9970027830234708
mistral,inst,self,pair_2,29,0.9354838709677419,1.44018313460051,1.0696883509334778
mistral,inst,self,pair_2,30,0.967741935483871,1.3713945814578763,1.2441613397023605
mistral,inst,self,pair_2,31,1.0,1.4683442136090576,1.1992736208759904
mistral,inst,self,pair_3,0,0.0,0.0681409846149251,0.0
mistral,inst,self,pair_3,1,0.03225806451612903,0.010250664000377547,0.013526278992150864
mistral,inst,self,pair_3,2,0.06451612903225806,0.0,0.0
mistral,inst,self,pair_3,3,0.0967741935483871,0.0376934134375155,0.0
mistral,inst,self,pair_3,4,0.12903225806451613,0.0,0.0
mistral,inst,self,pair_3,5,0.16129032258064516,0.0,0.07275268717541816
mistral,inst,self,pair_3,6,0.1935483870967742,0.13442059413490817,0.1453164017829158
mistral,inst,self,pair_3,7,0.22580645161290322,0.06727684554822529,0.0455511148344239
mistral,inst,self,pair_3,8,0.25806451612903225,0.0,0.10468802908576295
mistral,inst,self,pair_3,9,0.2903225806451613,0.2163236419596891,0.05585528847279027
mistral,inst,self,pair_3,10,0.3225806451612903,0.027554278083392933,0.08282422005803594
mistral,inst,self,pair_3,11,0.3548387096774194,0.07125979360581897,0.04765826141543002
mistral,inst,self,pair_3,12,0.3870967741935484,0.0,0.07925129095175074
mistral,inst,self,pair_3,13,0.41935483870967744,0.0,0.0
mistral,inst,self,pair_3,14,0.45161290322580644,0.14952914171494186,0.05575107202183547
mistral,inst,self,pair_3,15,0.4838709677419355,0.11639028542537515,0.2483045852414772
mistral,inst,self,pair_3,16,0.5161290322580645,0.18308723339921162,0.12037334518418846
mistral,inst,self,pair_3,17,0.5483870967741935,0.14854329790909232,0.12275173758883624
mistral,inst,self,pair_3,18,0.5806451612903226,0.16542027843602056,0.3628312484791566
mistral,inst,self,pair_3,19,0.6129032258064516,0.2452080810179535,0.12595402611207676
mistral,inst,self,pair_3,20,0.6451612903225806,0.15185980981479774,0.37535958926681334
mistral,inst,self,pair_3,21,0.6774193548387096,0.5492387951566787,0.5484712639042342
mistral,inst,self,pair_3,22,0.7096774193548387,0.5833095551472046,0.5237322467287512
mistral,inst,self,pair_3,23,0.7419354838709677,0.725452505349497,0.5419808448158245
mistral,inst,self,pair_3,24,0.7741935483870968,0.8854592309323688,0.9072419675687498
mistral,inst,self,pair_3,25,0.8064516129032258,0.9293367353117882,0.9790148507255121
mistral,inst,self,pair_3,26,0.8387096774193549,1.0577373251009714,0.9719440064843007
mistral,inst,self,pair_3,27,0.8709677419354839,1.2044949136182732,1.0236627289542477
mistral,inst,self,pair_3,28,0.9032258064516129,1.4163503464647103,1.1314683762051794
mistral,inst,self,pair_3,29,0.9354838709677419,1.2995969652737087,0.8747847014271535
mistral,inst,self,pair_3,30,0.967741935483871,1.4691153802335488,1.1839299496219924
mistral,inst,self,pair_3,31,1.0,1.4421021124508158,1.0984336906688594
mistral,inst,self,pair_4,0,0.0,0.1280577190098589,0.0
mistral,inst,self,pair_4,1,0.03225806451612903,0.0,0.0
mistral,inst,self,pair_4,2,0.06451612903225806,0.03010594464952276,0.0
mistral,inst,self,pair_4,3,0.0967741935483871,0.169486263397635,0.004297700758615385
mistral,inst,self,pair_4,4,0.12903225806451613,0.0,0.04977938810038643
mistral,inst,self,pair_4,5,0.16129032258064516,0.0,0.0
mistral,inst,self,pair_4,6,0.1935483870967742,0.04468663746766839,0.0
mistral,inst,self,pair_4,7,0.22580645161290322,0.08085405881150658,0.037158002199006696
mistral,inst,self,pair_4,8,0.25806451612903225,0.013398461619714096,0.019754486750417112
mistral,inst,self,pair_4,9,0.2903225806451613,0.0,0.05222745566347066
mistral,inst,self,pair_4,10,0.3225806451612903,0.0,0.0
mistral,inst,self,pair_4,11,0.3548387096774194,0.0191935144584705,1.718415190571365e-05
mistral,inst,self,pair_4,12,0.3870967741935484,0.0,0.11276535085927403
mistral,inst,self,pair_4,13,0.41935483870967744,0.0,0.0
mistral,inst,self,pair_4,14,0.45161290322580644,0.03467281238430886,0.03841471963377654
mistral,inst,self,pair_4,15,0.4838709677419355,0.0,0.14891199832616658
mistral,inst,self,pair_4,16,0.5161290322580645,0.0014200781651697303,0.22211442583042343
mistral,inst,self,pair_4,17,0.5483870967741935,0.050763820277003865,0.2942024070875347
mistral,inst,self,pair_4,18,0.5806451612903226,0.20782000601395126,0.2878386841180117
mistral,inst,self,pair_4,19,0.6129032258064516,0.18217915087783845,0.42644842060175353
mistral,inst,self,pair_4,20,0.6451612903225806,0.3722453244293631,0.4104944941248863
mistral,inst,self,pair_4,21,0.6774193548387096,0.4890304464525138,0.4504978726879942
mistral,inst,self,pair_4,22,0.7096774193548387,0.4696264368947518,0.6213643041220038
mistral,inst,self,pair_4,23,0.7419354838709677,0.7194273152821666,0.758227157168222
mistral,inst,self,pair_4,24,0.7741935483870968,0.8633164019489195,0.9121598154019804
mistral,inst,self,pair_4,25,0.8064516129032258,0.8915034293860394,0.9377292656600629
mistral,inst,self,pair_4,26,0.8387096774193549,1.13338039855455,1.0686509032099503
mistral,inst,self,pair_4,27,0.8709677419354839,1.2253630802740476,1.04145762935208
mistral,inst,self,pair_4,28,0.9032258064516129,1.4350967638375012,1.1246743753122512
mistral,inst,self,pair_4,29,0.9354838709677419,1.4024991394918647,1.064771031108447
mistral,inst,self,pair_4,30,0.967741935483871,1.4086471102852096,0.9906241639387485
mistral,inst,self,pair_4,31,1.0,1.3613631586667412,1.194848419692653
mistral,inst,self,pair_5,0,0.0,0.0,0.008524619502793374
mistral,inst,self,pair_5,1,0.03225806451612903,0.001699311575598793,0.032636830422808696
mistral,inst,self,pair_5,2,0.06451612903225806,0.0,0.0
mistral,inst,self,pair_5,3,0.0967741935483871,0.08935600039628876,0.011730769018660107
mistral,inst,self,pair_5,4,0.12903225806451613,0.03368321788715583,0.13329387743000898
mistral,inst,self,pair_5,5,0.16129032258064516,0.015188311177472326,0.0
mistral,inst,self,pair_5,6,0.1935483870967742,0.0,0.07300272291374081
mistral,inst,self,pair_5,7,0.22580645161290322,0.0,0.0
mistral,inst,self,pair_5,8,0.25806451612903225,0.0,0.13170850154290809
mistral,inst,self,pair_5,9,0.2903225806451613,0.10547209545992266,0.0
mistral,inst,self,pair_5,10,0.3225806451612903,0.1611740814735345,0.0
mistral,inst,self,pair_5,11,0.3548387096774194,0.17518063151980884,0.0
mistral,inst,self,pair_5,12,0.3870967741935484,0.10715177597371442,0.004996156093382553
mistral,inst,self,pair_5,13,0.41935483870967744,0.015389703688635771,0.13904177326701356
mistral,inst,self,pair_5,14,0.45161290322580644,0.0,0.11762099288332897
mistral,inst,self,pair_5,15,0.4838709677419355,0.0837109845418869,0.21923835273027703
mistral,inst,self,pair_5,16,0.5161290322580645,0.19479738037361344,0.31496591264669704
mistral,inst,self,pair_5,17,0.5483870967741935,0.14687258876762754,0.24873643028964243
mistral,inst,self,pair_5,18,0.5806451612903226,0.12829861686569016,0.21779934684559482
mistral,inst,self,pair_5,19,0.6129032258064516,0.13695238665446574,0.3359608915238622
mistral,inst,self,pair_5,20,0.6451612903225806,0.3444730737098115,0.441103798442424
mistral,inst,self,pair_5,21,0.6774193548387096,0.48844523217271085,0.4240487659903003
mistral,inst,self,pair_5,22,0.7096774193548387,0.7106160361206484,0.6535783520985498
mistral,inst,self,pair_5,23,0.7419354838709677,0.8011942674457109,0.7516144320272422
mistral,inst,self,pair_5,24,0.7741935483870968,0.78799146983659,0.7868335149548016
mistral,inst,self,pair_5,25,0.8064516129032258,0.7308812122317789,0.9093713004328231
mistral,inst,self,pair_5,26,0.8387096774193549,1.1097844708462032,1.0571951871685703
mistral,inst,self,pair_5,27,0.8709677419354839,1.074892986095884,1.0098665069885606
mistral,inst,self,pair_5,28,0.9032258064516129,1.269761443213504,0.9599161046826259
mistral,inst,self,pair_5,29,0.9354838709677419,1.236361913911619,1.0019411816704122
mistral,inst,self,pair_5,30,0.967741935483871,1.4762421268425991,1.2016407911566986
mistral,inst,self,pair_5,31,1.0,1.3136655093530356,1.1297504156453533
mistral,inst,self,pair_6,0,0.0,0.0380561416053186,0.027146053035267317
mistral,inst,self,pair_6,1,0.03225806451612903,0.0,0.0
mistral,inst,self,pair_6,2,0.06451612903225806,0.0,0.08339524520022176
mistral,inst,self,pair_6,3,0.0967741935483871,0.20821549616270696,0.0
mistral,inst,self,pair_6,4,0.12903225806451613,0.0,0.06944838974317118
mistral,inst,self,pair_6,5,0.16129032258064516,0.12582815006733877,0.1237590588787945
mistral,inst,self,pair_6,6,0.1935483870967742,0.01505738643724821,0.04991798954992544
mistral,inst,self,pair_6,7,0.22580645161290322,0.01036436935759212,0.06802007247123762
mistral,inst,self,pair_6,8,0.25806451612903225,0.07939792294344337,0.0
mistral,inst,self,pair_6,9,0.2903225806451613,0.0,0.0
mistral,inst,self,pair_6,10,0.3225806451612903,0.0,0.042267004515696385
mistral,inst,self,pair_6,11,0.3548387096774194,0.10246223592572962,0.0
mistral,inst,self,pair_6,12,0.3870967741935484,0.09250291583627364,0.034549664100100394
mistral,inst,self,pair_6,13,0.41935483870967744,0.0,0.03647508806836075
mistral,inst,self,pair_6,14,0.45161290322580644,0.018823136499001112,0.13625278831849896
mistral,inst,self,pair_6,15,0.4838709677419355,0.10627860011704712,0.1234278208367011
mistral,inst,self,pair_6,16,0.5161290322580645,0.02030927755538174,0.24086613400965762
mistral,inst,self,pair_6,17,0.5483870967741935,0.06839254673380135,0.12096290717175512
mistral,inst,self,pair_6,18,0.5806451612903226,0.12246672706821926,0.2360615447409021
mistral,inst,self,pair_6,19,0.6129032258064516,0.23351697807757318,0.31822729567274577
mistral,inst,self,pair_6,20,0.6451612903225806,0.3028111998521952,0.49881634429532457
mistral,inst,self,pair_6,21,0.6774193548387096,0.5062995224053932,0.5751726440787515
mistral,inst,self,pair_6,22,0.7096774193548387,0.547252138233269,0.5756290285535854
mistral,inst,self,pair_6,23,0.7419354838709677,0.6951960572534047,0.7122590408276778
mistral,inst,self,pair_6,24,0.7741935483870968,0.9254284227885945,0.7904853129809736
mistral,inst,self,pair_6,25,0.8064516129032258,0.8983658685624751,0.8252811966186223
mistral,inst,self,pair_6,26,0.8387096774193549,1.2564637901506717,0.8855411629621451
mistral,inst,self,pair_6,27,0.8709677419354839,1.1142660611129043,0.9928197669513891
mistral,inst,self,pair_6,28,0.9032258064516129,1.435079253930549,1.0686863588748305
mistral,inst,self,pair_6,29,0.9354838709677419,1.3772265685955063,0.9698566622414458
mistral,inst,self,pair_6,30,0.967741935483871,1.2776249945226639,1.122627529766773
mistral,inst,self,pair_6,31,1.0,1.3922522641416424,1.1742618234450461
mistral,inst,self,pair_7,0,0.0,0.0,0.08533718182704683
mistral,inst,self,pair_7,1,0.03225806451612903,0.10887047219808461,0.0
mistral,inst,self,pair_7,2,0.06451612903225806,0.020012379256605164,0.0
mistral,inst,self,pair_7,3,0.0967741935483871,0.11599954646038939,0.020939537095705656
mistral,inst,self,pair_7,4,0.12903225806451613,0.0771304060061923,0.0
mistral,inst,self,pair_7,5,0.16129032258064516,0.026416402437251178,0.17609141770915215
mistral,inst,self,pair_7,6,0.1935483870967742,0.16799503651976921,0.0
mistral,inst,self,pair_7,7,0.22580645161290322,0.03327559127271063,0.02967873976341611
mistral,inst,self,pair_7,8,0.25806451612903225,0.0,0.0
mistral,inst,self,pair_7,9,0.2903225806451613,0.020802965818732398,0.09610539797726714
mistral,inst,self,pair_7,10,0.3225806451612903,0.050680179054147075,0.0
mistral,inst,self,pair_7,11,0.3548387096774194,0.0,0.0
mistral,inst,self,pair_7,12,0.3870967741935484,0.14222329689370017,0.00577088436395181
mistral,inst,self,pair_7,13,0.41935483870967744,0.0,0.09538201930473253
mistral,inst,self,pair_7,14,0.45161290322580644,0.03378241450973889,0.09106332282365323
mistral,inst,self,pair_7,15,0.4838709677419355,0.11168740502623559,0.08503965517951517
mistral,inst,self,pair_7,16,0.5161290322580645,0.0008495651576363727,0.15324160730418934
mistral,inst,self,pair_7,17,0.5483870967741935,0.12780985494809882,0.1289639876111986
mistral,inst,self,pair_7,18,0.5806451612903226,0.08537559750388962,0.19535927524437602
mistral,inst,self,pair_7,19,0.6129032258064516,0.30791167865893576,0.46481652187950695
mistral,inst,self,pair_7,20,0.6451612903225806,0.4338393077654748,0.3664365685858957
mistral,inst,self,pair_7,21,0.6774193548387096,0.38708333560710817,0.4303671766979413
mistral,inst,self,pair_7,22,0.7096774193548387,0.7189394846992359,0.5902714330719143
mistral,inst,self,pair_7,23,0.7419354838709677,0.710734170672074,0.6859200138302023
mistral,inst,self,pair_7,24,0.7741935483870968,0.8715115611838823,0.7290132300472113
mistral,inst,self,pair_7,25,0.8064516129032258,0.9451137359508668,0.8192942371733085
mistral,inst,self,pair_7,26,0.8387096774193549,0.9261168074095343,0.9805113111984609
mistral,inst,self,pair_7,27,0.8709677419354839,1.2744108850237588,1.0937514494016234
mistral,inst,self,pair_7,28,0.9032258064516129,1.418918977210983,1.1369499051689689
mistral,inst,self,pair_7,29,0.9354838709677419,1.3480339992066241,1.139419572856547
mistral,inst,self,pair_7,30,0.967741935483871,1.3550409497149165,1.186229833843354
mistral,inst,self,pair_7,31,1.0,1.405877035175045,0.9570838477943027
mistral,inst,self,pair_8,0,0.0,0.0,0.005989997543732131
mistral,inst,self,pair_8,1,0.03225806451612903,0.0,0.0394426830271726
mistral,inst,self,pair_8,2,0.06451612903225806,0.09536083181648385,0.0
mistral,inst,self,pair_8,3,0.0967741935483871,0.06106783378083441,0.07226397016882245
mistral,inst,self,pair_8,4,0.12903225806451613,0.0,0.0
mistral,inst,self,pair_8,5,0.16129032258064516,0.0,0.0
mistral,inst,self,pair_8,6,0.1935483870967742,0.0,0.10083025658875565
mistral,inst,self,pair_8,7,0.22580645161290322,0.0,0.0
mistral,inst,self,pair_8,8,0.25806451612903225,0.0,0.0
mistral,inst,self,pair_8,9,0.2903225806451613,0.0,0.03447132433482181
mistral,inst,self,pair_8,10,0.3225806451612903,0.0271838396855352,0.0
mistral,inst,self,pair_8,11,0.3548387096774194,0.041952488127498896,0.019937743607153842
mistral,inst,self,pair_8,12,0.3870967741935484,0.0,0.008663885970501564
mistral,inst,self,pair_8,13,0.41935483870967744,0.1046800248290829,0.11593782751403867
mistral,inst,self,pair_8,14,0.45161290322580644,0.055631314531077856,0.18447003729241543
mistral,inst,self,pair_8,15,0.4838709677419355,0.06189206016168347,0.13503180444556379
mistral,inst,self,pair_8,16,0.5161290322580645,0.12828906257262268,0.14301207020421244
mistral,inst,self,pair_8,17,0.5483870967741935,0.026401893926173772,0.3570340624206611
mistral,inst,self,pair_8,18,0.5806451612903226,0.2492274228427866,0.1751942819074746
mistral,inst,self,pair_8,19,0.6129032258064516,0.16398913770885448,0.2688117409538672
mistral,inst,self,pair_8,20,0.6451612903225806,0.21006785852302198,0.4684526169539067
mistral,inst,self,pair_8,21,0.6774193548387096,0.5627501193421666,0.5635154298330934
mistral,inst,self,pair_8,22,0.7096774193548387,0.6967416124274214,0.5955471759445381
mistral,inst,self,pair_8,23,0.7419354838709677,0.7347739681143669,0.6498659260253045
mistral,inst,self,pair_8,24,0.7741935483870968,0.859831710665854,0.8988291833073982
mistral,inst,self,pair_8,25,0.8064516129032258,1.051826850556757,0.9738898175092882
mistral,inst,self,pair_8,26,0.8387096774193549,1.082711402709544,1.0331657638995981
mistral,inst,self,pair_8,27,0.8709677419354839,1.3313865683514992,1.061238176305847
mistral,inst,self,pair_8,28,0.9032258064516129,1.182985834250983,1.0835575675578706
mistral,inst,self,pair_8,29,0.9354838709677419,1.3733565808054666,1.0422157530388783
mistral,inst,self,pair_8,30,0.967741935483871,1.3150678482435278,1.0578292180124855
mistral,inst,self,pair_8,31,1.0,1.5207731262202009,1.1537289881885973
mistral,inst,self,pair_9,0,0.0,0.13385814007896132,0.0
mistral,inst,self,pair_9,1,0.03225806451612903,0.03407179223745112,0.12952207897692786
mistral,inst,self,pair_9,2,0.06451612903225806,0.14691254274089996,0.0
mistral,inst,self,pair_9,3,0.0967741935483871,0.12789815631179952,0.09038899637509358
mistral,inst,self,pair_9,4,0.12903225806451613,0.095457594782601,0.021090891023790772
mistral,inst,self,pair_9,5,0.16129032258064516,0.08209447051910675,0.07867648878460737
mistral,inst,self,pair_9,6,0.1935483870967742,0.0,0.0
mistral,inst,self,pair_9,7,0.22580645161290322,0.09414004063461097,0.09570365081814741
mistral,inst,self,pair_9,8,0.25806451612903225,0.06428642042661945,0.0
mistral,inst,self,pair_9,9,0.2903225806451613,0.0,0.0
mistral,inst,self,pair_9,10,0.3225806451612903,0.13952375082694318,0.021090091955702717
mistral,inst,self,pair_9,11,0.3548387096774194,0.0814770800983297,0.010091511784041853
mistral,inst,self,pair_9,12,0.3870967741935484,0.0,0.1149892829857086
mistral,inst,self,pair_9,13,0.41935483870967744,0.12651976686909638,0.21860510309147566
mistral,inst,self,pair_9,14,0.45161290322580644,0.03314835128001737,0.05571737569509067
mistral,inst,self,pair_9,15,0.4838709677419355,0.07282305002094233,0.04218674763836035
mistral,inst,self,pair_9,16,0.5161290322580645,0.01682710198448635,0.21499156326407876
mistral,inst,self,pair_9,17,0.5483870967741935,0.1050742207612659,0.17490006481314951
mistral,inst,self,pair_9,18,0.5806451612903226,0.20609325824429411,0.2523451259938368
mistral,inst,self,pair_9,19,0.6129032258064516,0.4363265383929513,0.3316002144675145
mistral,inst,self,pair_9,20,0.6451612903225806,0.45701473265316483,0.4963850194550114
mistral,inst,self,pair_9,21,0.6774193548387096,0.521278980008526,0.5619599454870126
mistral,inst,self,pair_9,22,0.7096774193548387,0.5610078373466878,0.6298640532334797
mistral,inst,self,pair_9,23,0.7419354838709677,0.6661431769369274,0.7544188413356828
mistral,inst,self,pair_9,24,0.7741935483870968,0.936442184924605,0.6186029803922706
mistral,inst,self,pair_9,25,0.8064516129032258,0.8938742905280527,0.7968434374983508
mistral,inst,self,pair_9,26,0.8387096774193549,1.1676076652954286,1.0102054087804504
mistral,inst,self,pair_9,27,0.8709677419354839,1.18235038844807,1.1365631676411003
mistral,inst,self,pair_9,28,0.9032258064516129,1.2637529856797278,1.1041097525085213
mistral,inst,self,pair_9,29,0.9354838709677419,1.4175128538121677,1.082859570809234
mistral,inst,self,pair_9,30,0.967741935483871,1.4805850392185238,1.0929938749367583
mistral,inst,self,pair_9,31,1.0,1.4270385858573298,1.1516371877183693
mistral,inst,self,pair_10,0,0.0,0.060329182386130234,0.11573398184363702
mistral,inst,self,pair_10,1,0.03225806451612903,0.0,0.0
mistral,inst,self,pair_10,2,0.06451612903225806,0.053112733885048724,0.0
mistral,inst,self,pair_10,3,0.0967741935483871,0.004228416459803356,0.04882764532528925
mistral,inst,self,pair_10,4,0.12903225806451613,0.0,0.0
mistral,inst,self,pair_10,5,0.16129032258064516,0.0,0.0
mistral,inst,self,pair_10,6,0.1935483870967742,0.0012704258327409356,0.03918428079340757
mistral,inst,self,pair_10,7,0.22580645161290322,0.05786623676892613,0.0
mistral,inst,self,pair_10,8,0.25806451612903225,0.10363040452204005,0.0
mistral,inst,self,pair_10,9,0.2903225806451613,0.0,0.10831439579825519
mistral,inst,self,pair_10,10,0.3225806451612903,0.0,0.0
mistral,inst,self,pair_10,11,0.3548387096774194,0.0,0.13748018952569144
mistral,inst,self,pair_10,12,0.3870967741935484,0.0,0.0
mistral,inst,self,pair_10,13,0.41935483870967744,0.0,0.03633423654647697
mistral,inst,self,pair_10,14,0.45161290322580644,0.0,0.18621423580322394
mistral,inst,self,pair_10,15,0.4838709677419355,0.004022699921728351,0.03048525334345223
mistral,inst,self,pair_10,16,0.5161290322580645,0.11559194958927507,0.07842031086004278
mistral,inst,self,pair_10,17,0.5483870967741935,0.11245244020076098,0.2888199428137107
mistral,inst,self,pair_10,18,0.5806451612903226,0.10944031893952931,0.2494418930919131
mistral,inst,self,pair_10,19,0.6129032258064516,0.18338747667860966,0.32906771166023824
mistral,inst,self,pair_10,20,0.6451612903225806,0.5766204111969213,0.26892513372700977
mistral,inst,self,pair_10,21,0.6774193548387096,0.5156382988528654,0.5372191069838311
mistral,inst,self,pair_10,22,0.7096774193548387,0.5162948505783211,0.7104004811431268
mistral,inst,self,pair_10,23,0.7419354838709677,0.8138084969674961,0.6520695724902825
mistral,inst,self,pair_10,24,0.7741935483870968,0.8511167069721667,0.7641560768981056
mistral,inst,self,pair_10,25,0.8064516129032258,1.0308992935698553,0.9066439967793223
mistral,inst,self,pair_10,26,0.8387096774193549,1.1139960188561229,0.9947013670098674
mistral,inst,self,pair_10,27,0.8709677419354839,1.2563453996279639,1.135181496989777
mistral,inst,self,pair_10,28,0.9032258064516129,1.225332629792342,1.055867674019569
mistral,inst,self,pair_10,29,0.9354838709677419,1.5498121539573142,1.0451503586106856
mistral,inst,self,pair_10,30,0.967741935483871,1.4962080152057173,1.0446812298993962
mistral,inst,self,pair_10,31,1.0,1.4871653373763403,1.1293590839206962
mistral,inst,self,pair_11,0,0.0,0.033169038853893267,0.0
mistral,inst,self,pair_11,1,0.03225806451612903,0.10422329837262324,0.0
mistral,inst,self,pair_11,2,0.06451612903225806,0.0,0.04041611603643091
mistral,inst,self,pair_11,3,0.0967741935483871,0.0,0.0
mistral,inst,self,pair_11,4,0.12903225806451613,0.0,0.0
mistral,inst,self,pair_11,5,0.16129032258064516,0.1389960141335689,0.18807541651531343
mistral,inst,self,pair_11,6,0.1935483870967742,0.0,0.02074216016115186
mistral,inst,self,pair_11,7,0.22580645161290322,0.0,0.03082122934554886
mistral,inst,self,pair_11,8,0.25806451612903225,0.0,0.0432950528099093
mistral,inst,self,pair_11,9,0.2903225806451613,0.0,0.0
mistral,inst,self,pair_11,10,0.3225806451612903,0.0,0.0
mistral,inst,self,pair_11,11,0.3548387096774194,0.06716913024243334,0.0
mistral,inst,self,pair_11,12,0.3870967741935484,0.13893242290950855,0.1175661452633449
mistral,inst,self,pair_11,13,0.41935483870967744,0.12703600344040444,0.03628772954973455
mistral,inst,self,pair_11,14,0.45161290322580644,0.14751065199451177,0.1988612709573056
mistral,inst,self,pair_11,15,0.4838709677419355,0.028261334944470893,0.13020832707236593
mistral,inst,self,pair_11,16,0.5161290322580645,0.20306650301203394,0.17872149968771528
mistral,inst,self,pair_11,17,0.5483870967741935,0.06655791145789403,0.3044071451037535
mistral,inst,self,pair_11,18,0.5806451612903226,0.2723955286032585,0.20856239477641095
mistral,inst,self,pair_11,19,0.6129032258064516,0.2794740083194866,0.35712927037350867
mistral,inst,self,pair_11,20,0.6451612903225806,0.4242592332664539,0.38118366143073096
mistral,inst,self,pair_11,21,0.6774193548387096,0.5503483149991002,0.6087013820445518
mistral,inst,self,pair_11,22,0.7096774193548387,0.5431821939180599,0.5861600524150701
mistral,inst,self,pair_11,23,0.7419354838709677,0.6203865365926381,0.839958163985401
mistral,inst,self,pair_11,24,0.7741935483870968,0.7814708160945729,0.7988731752514376
mistral,inst,self,pair_11,25,0.8064516129032258,1.1497184155842033,0.9583315576561021
mistral,inst,self,pair_11,26,0.8387096774193549,1.1420744333009254,0.9823957450306242
mistral,inst,self,pair_11,27,0.8709677419354839,1.2008979035814198,0.906399072703633
mistral,inst,self,pair_11,28,0.9032258064516129,1.3424998074511478,0.9713942902351085
mistral,inst,self,pair_11,29,0.9354838709677419,1.5286085809818986,0.9667737563411716
mistral,inst,self,pair_11,30,0.967741935483871,1.3760507989402688,1.1272158228913944
mistral,inst,self,pair_11,31,1.0,1.3818464240246202,1.1476552860757523
mistral,inst,self,pair_12,0,0.0,0.05796599830372151,0.12070007460333268
mistral,inst,self,pair_12,1,0.03225806451612903,0.014736843166526447,0.0035119828268810396
mistral,inst,self,pair_12,2,0.06451612903225806,0.03262031963167906,0.008820043620298871
mistral,inst,self,pair_12,3,0.0967741935483871,0.0,0.0061334547245668275
mistral,inst,self,pair_12,4,0.12903225806451613,0.10421738696570872,0.015412176730736641
mistral,inst,self,pair_12,5,0.16129032258064516,0.004356062059322889,0.0
mistral,inst,self,pair_12,6,0.1935483870967742,0.05123746600327071,0.04403651959622007
mistral,inst,self,pair_12,7,0.22580645161290322,0.042086556434926745,0.0
mistral,inst,self,pair_12,8,0.25806451612903225,0.0,0.0
mistral,inst,self,pair_12,9,0.2903225806451613,0.00515087943696368,0.0
mistral,inst,self,pair_12,10,0.3225806451612903,0.06571804717469033,0.0
mistral,inst,self,pair_12,11,0.3548387096774194,0.0,0.10522606063350487
mistral,inst,self,pair_12,12,0.3870967741935484,0.0018803229221918127,0.0524002470910487
mistral,inst,self,pair_12,13,0.41935483870967744,0.0,0.04090420140397896
mistral,inst,self,pair_12,14,0.45161290322580644,0.03022615352989996,0.09940829565000872
mistral,inst,self,pair_12,15,0.4838709677419355,0.13314964912662192,0.07383779929151271
mistral,inst,self,pair_12,16,0.5161290322580645,0.06822867991079547,0.302731375698513
mistral,inst,self,pair_12,17,0.5483870967741935,0.1118521607943258,0.33338440689463655
mistral,inst,self,pair_12,18,0.5806451612903226,0.03419781783629189,0.2662304017021177
mistral,inst,self,pair_12,19,0.6129032258064516,0.34339775409102036,0.4116936647462516
mistral,inst,self,pair_12,20,0.6451612903225806,0.4557792666898538,0.41143147446486295
mistral,inst,self,pair_12,21,0.6774193548387096,0.4548233697910214,0.34389451087475226
mistral,inst,self,pair_12,22,0.7096774193548387,0.4601864869426296,0.6726470714288546
mistral,inst,self,pair_12,23,0.7419354838709677,0.664461209365426,0.7934377149708709
mistral,inst,self,pair_12,24,0.7741935483870968,0.8347512202120703,0.857820075669277
mistral,inst,self,pair_12,25,0.8064516129032258,0.927829332572076,0.8088656958717293
mistral,inst,self,pair_12,26,0.8387096774193549,1.2036375445754557,1.0068267198270746
mistral,inst,self,pair_12,27,0.8709677419354839,1.217048309601707,1.0848174117830316
mistral,inst,self,pair_12,28,0.9032258064516129,1.3671254548690557,1.153976265362969
mistral,inst,self,pair_12,29,0.9354838709677419,1.3284142108452275,1.036985843478472
mistral,inst,self,pair_12,30,0.967741935483871,1.4022117788930075,1.1520443391581718
mistral,inst,self,pair_12,31,1.0,1.323322183599753,0.9656414517187719
mistral,inst,self,pair_13,0,0.0,0.0336578641233415,0.10055271297312185
mistral,inst,self,pair_13,1,0.03225806451612903,0.011263630848463088,0.0
mistral,inst,self,pair_13,2,0.06451612903225806,0.01604053461117,0.019923502485386546
mistral,inst,self,pair_13,3,0.0967741935483871,0.0,0.025771019793403297
mistral,inst,self,pair_13,4,0.12903225806451613,0.09682143346868478,0.0371471408029209
mistral,inst,self,pair_13,5,0.16129032258064516,0.0,0.06699349180164706
mistral,inst,self,pair_13,6,0.1935483870967742,0.05174027773517545,0.0
mistral,inst,self,pair_13,7,0.22580645161290322,0.10820240653709431,0.07738979707363043
mistral,inst,self,pair_13,8,0.25806451612903225,0.03273854835896843,0.05309158750037339
mistral,inst,self,pair_13,9,0.2903225806451613,0.02540512751286651,0.0
mistral,inst,self,pair_13,10,0.3225806451612903,0.06170102390266832,0.03145963165056981
mistral,inst,self,pair_13,11,0.3548387096774194,0.10455446693370041,0.0
mistral,inst,self,pair_13,12,0.3870967741935484,0.0,0.0
mistral,inst,self,pair_13,13,0.41935483870967744,0.11266430420912175,0.06639920975524814
mistral,inst,self,pair_13,14,0.45161290322580644,0.0,0.0
mistral,inst,self,pair_13,15,0.4838709677419355,0.26420247112801604,0.13281211423324338
mistral,inst,self,pair_13,16,0.5161290322580645,0.03623193442673978,0.128120989035742
mistral,inst,self,pair_13,17,0.5483870967741935,0.2171687677410813,0.19397095726021021
mistral,inst,self,pair_13,18,0.5806451612903226,0.08860719805082977,0.2726980645581846
mistral,inst,self,pair_13,19,0.6129032258064516,0.3741415923487227,0.45479292816624817
mistral,inst,self,pair_13,20,0.6451612903225806,0.43864003547086866,0.3862064679930236
mistral,inst,self,pair_13,21,0.6774193548387096,0.3279274134284632,0.5027568680037651
mistral,inst,self,pair_13,22,0.7096774193548387,0.5393020935633634,0.6297764782804204
mistral,inst,self,pair_13,23,0.7419354838709677,0.7877244407642309,0.6795242254569837
mistral,inst,self,pair_13,24,0.7741935483870968,0.7967568267178051,0.7256544796495865
mistral,inst,self,pair_13,25,0.8064516129032258,1.0534501775135816,0.9253681429415003
mistral,inst,self,pair_13,26,0.8387096774193549,1.1873132361866485,0.8577770189492255
mistral,inst,self,pair_13,27,0.8709677419354839,1.1772383761683658,1.1193987439156936
mistral,inst,self,pair_13,28,0.9032258064516129,1.3266624445816033,1.1555592371940377
mistral,inst,self,pair_13,29,0.9354838709677419,1.431069435335905,1.1548685884256973
mistral,inst,self,pair_13,30,0.967741935483871,1.3486559243508822,1.1137516493188377
mistral,inst,self,pair_13,31,1.0,1.4543012521329037,1.3310471536535213
mistral,inst,self,pair_14,0,0.0,0.0595486246586357,0.0
mistral,inst,self,pair_14,1,0.03225806451612903,0.01517752908629375,0.03616608852374718
mistral,inst,self,pair_14,2,0.06451612903225806,0.0,0.060762180053211184
mistral,inst,self,pair_14,3,0.0967741935483871,0.08876746500890255,0.20002327709721746
mistral,inst,self,pair_14,4,0.12903225806451613,0.12314100106954042,0.02929681917089244
mistral,inst,self,pair_14,5,0.16129032258064516,0.0,0.0
mistral,inst,self,pair_14,6,0.1935483870967742,0.08192074225942586,0.10634602859826078
mistral,inst,self,pair_14,7,0.22580645161290322,0.12288512920101263,0.03666066608858332
mistral,inst,self,pair_14,8,0.25806451612903225,0.006885646669231799,0.009280043867199841
mistral,inst,self,pair_14,9,0.2903225806451613,0.07340996287540112,0.0
mistral,inst,self,pair_14,10,0.3225806451612903,0.0,0.0
mistral,inst,self,pair_14,11,0.3548387096774194,0.0,0.027535240968029222
mistral,inst,self,pair_14,12,0.3870967741935484,0.11527683531534963,0.05430673164764552
mistral,inst,self,pair_14,13,0.41935483870967744,0.07072914795217172,0.05921031194841281
mistral,inst,self,pair_14,14,0.45161290322580644,0.0017420991031715238,0.005007591417596949
mistral,inst,self,pair_14,15,0.4838709677419355,0.0796342548292977,0.12158934217222318
mistral,inst,self,pair_14,16,0.5161290322580645,0.001053120473372332,0.12009082303261628
mistral,inst,self,pair_14,17,0.5483870967741935,0.03715784368709474,0.14810897072379503
mistral,inst,self,pair_14,18,0.5806451612903226,0.27339757382442764,0.3092969382386865
mistral,inst,self,pair_14,19,0.6129032258064516,0.2848673938671483,0.2782463244939399
mistral,inst,self,pair_14,20,0.6451612903225806,0.2861432242257028,0.537296798166516
mistral,inst,self,pair_14,21,0.6774193548387096,0.3880653421769424,0.4827809977890521
mistral,inst,self,pair_14,22,0.7096774193548387,0.6254673765049796,0.7232476456758936
mistral,inst,self,pair_14,23,0.7419354838709677,0.8125939907535722,0.7418337666242941
mistral,inst,self,pair_14,24,0.7741935483870968,0.8087485905759705,0.8418880307695263
mistral,inst,self,pair_14,25,0.8064516129032258,1.0358508494592007,0.8750127469545677
mistral,inst,self,pair_14,26,0.8387096774193549,1.0968892383811386,1.0213587271763838
mistral,inst,self,pair_14,27,0.8709677419354839,1.3727945227720386,0.882316048339011
mistral,inst,self,pair_14,28,0.9032258064516129,1.2976408041396654,0.9347915243671967
mistral,inst,self,pair_14,29,0.9354838709677419,1.3597782953311548,1.0714827671685228
mistral,inst,self,pair_14,30,0.967741935483871,1.5607856008487633,1.1663330200265172
mistral,inst,self,pair_14,31,1.0,1.3439893509433827,1.26814684166142
mistral,inst,self,pair_15,0,0.0,0.0,0.05690811781881142
mistral,inst,self,pair_15,1,0.03225806451612903,0.1457843678271607,0.03410224470075399
mistral,inst,self,pair_15,2,0.06451612903225806,0.058907772833674876,0.04630004009880959
mistral,inst,self,pair_15,3,0.0967741935483871,0.0,0.027847972434930004
mistral,inst,self,pair_15,4,0.12903225806451613,0.0,0.05200342607482945
mistral,inst,self,pair_15,5,0.16129032258064516,0.0,0.0759052877269175
mistral,inst,self,pair_15,6,0.1935483870967742,0.0,0.001849290079117205
mistral,inst,self,pair_15,7,0.22580645161290322,0.0,0.0
mistral,inst,self,pair_15,8,0.25806451612903225,0.04923592425095883,0.0
mistral,inst,self,pair_15,9,0.2903225806451613,0.0,0.0
mistral,inst,self,pair_15,10,0.3225806451612903,0.0,0.061105678988119146
mistral,inst,self,pair_15,11,0.3548387096774194,0.03128369318234809,0.0014651841328721243
mistral,inst,self,pair_15,12,0.3870967741935484,0.04314567793236877,0.23121701031209838
mistral,inst,self,pair_15,13,0.41935483870967744,0.007645662249541944,0.0
mistral,inst,self,pair_15,14,0.45161290322580644,0.0,0.04096453948394312
mistral,inst,self,pair_15,15,0.4838709677419355,0.15468980611475616,0.2227647208142512
mistral,inst,self,pair_15,16,0.5161290322580645,0.04699005165023968,0.18301124304853178
mistral,inst,self,pair_15,17,0.5483870967741935,0.11463310489453378,0.1163006306999778
mistral,inst,self,pair_15,18,0.5806451612903226,0.18102034851209153,0.30880251946105153
mistral,inst,self,pair_15,19,0.6129032258064516,0.1575845762651787,0.373192831578978
mistral,inst,self,pair_15,20,0.6451612903225806,0.42260488336807683,0.3025179675342292
mistral,inst,self,pair_15,21,0.6774193548387096,0.4580424818463928,0.5957285009597492
mistral,inst,self,pair_15,22,0.7096774193548387,0.6545662203924455,0.5401274570361094
mistral,inst,self,pair_15,23,0.7419354838709677,0.6828264364821641,0.7272597922954561
mistral,inst,self,pair_15,24,0.7741935483870968,0.9430141838147905,0.9704867211051901
mistral,inst,self,pair_15,25,0.8064516129032258,1.013118722487162,0.9952287279343607
mistral,inst,self,pair_15,26,0.8387096774193549,1.1014695273913773,0.9321714083940837
mistral,inst,self,pair_15,27,0.8709677419354839,1.3023068260531634,1.1473496020142289
mistral,inst,self,pair_15,28,0.9032258064516129,1.445035398821471,1.0037742197674309
mistral,inst,self,pair_15,29,0.9354838709677419,1.2737275745145278,1.2300610390691484
mistral,inst,self,pair_15,30,0.967741935483871,1.2278154277298308,1.1060792196965494
mistral,inst,self,pair_15,31,1.0,1.3793988202589742,1.2559271501145315
mistral,inst,self,pair_16,0,0.0,0.011413811317996764,0.04428413100276509
mistral,inst,self,pair_16,1,0.03225806451612903,0.014803697695562569,0.0
mistral,inst,self,pair_16,2,0.06451612903225806,0.04737032543685765,0.0
mistral,inst,self,pair_16,3,0.0967741935483871,0.0,0.0
mistral,inst,self,pair_16,4,0.12903225806451613,0.0,0.0
mistral,inst,self,pair_16,5,0.16129032258064516,0.010224283186391877,0.18254215732544335
mistral,inst,self,pair_16,6,0.1935483870967742,0.0,0.07989197990445612
mistral,inst,self,pair_16,7,0.22580645161290322,0.0,0.10403518990897878
mistral,inst,self,pair_16,8,0.25806451612903225,0.0,0.08642359932455841
mistral,inst,self,pair_16,9,0.2903225806451613,0.034446566520086486,0.05282896792234783
mistral,inst,self,pair_16,10,0.3225806451612903,0.0,0.0
mistral,inst,self,pair_16,11,0.3548387096774194,0.12211819485701839,0.0
mistral,inst,self,pair_16,12,0.3870967741935484,0.0,0.08677740852756344
mistral,inst,self,pair_16,13,0.41935483870967744,0.18520399561198625,0.16506734626302522
mistral,inst,self,pair_16,14,0.45161290322580644,0.1503729158098435,0.0550310583444046
mistral,inst,self,pair_16,15,0.4838709677419355,0.07441603726493529,0.06434036209251257
mistral,inst,self,pair_16,16,0.5161290322580645,0.06071610281635328,0.17342749434982815
mistral,inst,self,pair_16,17,0.5483870967741935,0.06176491080794651,0.3213030718739025
mistral,inst,self,pair_16,18,0.5806451612903226,0.1771038099076302,0.24962100555968958
mistral,inst,self,pair_16,19,0.6129032258064516,0.1717895255169125,0.4542923307115518
mistral,inst,self,pair_16,20,0.6451612903225806,0.3838632614723974,0.41552395236527234
mistral,inst,self,pair_16,21,0.6774193548387096,0.34538303812323723,0.5953525784557193
mistral,inst,self,pair_16,22,0.7096774193548387,0.558284375992719,0.7042634047941337
mistral,inst,self,pair_16,23,0.7419354838709677,0.7140674725183473,0.8364145266245838
mistral,inst,self,pair_16,24,0.7741935483870968,0.8528751569994202,0.9388223952286028
mistral,inst,self,pair_16,25,0.8064516129032258,1.0579158028055393,0.783811721507981
mistral,inst,self,pair_16,26,0.8387096774193549,1.0908818134863136,1.0838524342691902
mistral,inst,self,pair_16,27,0.8709677419354839,1.236868055498625,0.9734613768276461
mistral,inst,self,pair_16,28,0.9032258064516129,1.300881580085888,1.1525534570766285
mistral,inst,self,pair_16,29,0.9354838709677419,1.3835876456470344,1.0804054097546654
mistral,inst,self,pair_16,30,0.967741935483871,1.2619129526022892,1.2568726759531537
mistral,inst,self,pair_16,31,1.0,1.3544692521533224,1.22761622531816
mistral,inst,self,pair_17,0,0.0,0.0,0.0
mistral,inst,self,pair_17,1,0.03225806451612903,0.0,0.06976072638017579
mistral,inst,self,pair_17,2,0.06451612903225806,0.0,0.04731172889035441
mistral,inst,self,pair_17,3,0.0967741935483871,0.1398833965224118,0.012713496222299309
mistral,inst,self,pair_17,4,0.12903225806451613,0.0,0.0
mistral,inst,self,pair_17,5,0.16129032258064516,0.0,0.07250743339213568
mistral,inst,self,pair_17,6,0.1935483870967742,0.05759179906432453,0.031763063030560146
mistral,inst,self,pair_17,7,0.22580645161290322,0.0,0.0
mistral,inst,self,pair_17,8,0.25806451612903225,0.0,0.0
mistral,inst,self,pair_17,9,0.2903225806451613,0.0,0.0
mistral,inst,self,pair_17,10,0.3225806451612903,0.0,0.08966830262361714
mistral,inst,self,pair_17,11,0.3548387096774194,0.0,0.0
mistral,inst,self,pair_17,12,0.3870967741935484,0.09086429247063618,0.0
mistral,inst,self,pair_17,13,0.41935483870967744,0.014935211907443981,0.07087420159846135
mistral,inst,self,pair_17,14,0.45161290322580644,0.048911544488612464,0.23776538341612463
mistral,inst,self,pair_17,15,0.4838709677419355,0.05687317533609263,0.06870611629728537
mistral,inst,self,pair_17,16,0.5161290322580645,0.04946322409888377,0.16784679206503533
mistral,inst,self,pair_17,17,0.5483870967741935,0.04908958337249594,0.0924308370751417
mistral,inst,self,pair_17,18,0.5806451612903226,0.10915212690293069,0.2562609133351478
mistral,inst,self,pair_17,19,0.6129032258064516,0.3749141240794266,0.30293584215788294
mistral,inst,self,pair_17,20,0.6451612903225806,0.2834833334797514,0.3289761008351768
mistral,inst,self,pair_17,21,0.6774193548387096,0.5497849715026923,0.5619842512046987
mistral,inst,self,pair_17,22,0.7096774193548387,0.6364479902468785,0.6666028784920303
mistral,inst,self,pair_17,23,0.7419354838709677,0.6567648122848039,0.7406100214098895
mistral,inst,self,pair_17,24,0.7741935483870968,0.7790389019543469,0.8507840881411552
mistral,inst,self,pair_17,25,0.8064516129032258,1.0905847977770975,1.0990018588618722
mistral,inst,self,pair_17,26,0.8387096774193549,1.044495918719734,1.0589429510199002
mistral,inst,self,pair_17,27,0.8709677419354839,1.2856578661523241,0.9230620670445892
mistral,inst,self,pair_17,28,0.9032258064516129,1.3137436776643632,1.170014583269884
mistral,inst,self,pair_17,29,0.9354838709677419,1.3035448325450676,1.1313051065572477
mistral,inst,self,pair_17,30,0.967741935483871,1.3848634379175657,1.1510740401398483
mistral,inst,self,pair_17,31,1.0,1.3706187597384143,1.1504363719376636
mistral,inst,self,pair_18,0,0.0,0.03866844147297367,0.0
mistral,inst,self,pair_18,1,0.03225806451612903,0.0,0.0
mistral,inst,self,pair_18,2,0.06451612903225806,0.0,0.005000873359930165
mistral,inst,self,pair_18,3,0.0967741935483871,0.0,0.07458645642462507
mistral,inst,self,pair_18,4,0.12903225806451613,0.02257708991743816,0.0
mistral,inst,self,pair_18,5,0.16129032258064516,0.11780405879907696,0.0
mistral,inst,self,pair_18,6,0.1935483870967742,0.0,0.09959396307438173
mistral,inst,self,pair_18,7,0.22580645161290322,0.0,0.17530758001543323
mistral,inst,self,pair_18,8,0.25806451612903225,0.0,0.0
mistral,inst,self,pair_18,9,0.2903225806451613,0.02390184824286298,0.0
mistral,inst,self,pair_18,10,0.3225806451612903,0.01532151248237014,0.0
mistral,inst,self,pair_18,11,0.3548387096774194,0.0,0.060005682689126386
mistral,inst,self,pair_18,12,0.3870967741935484,0.027000351290670584,0.030022640302956267
mistral,inst,self,pair_18,13,0.41935483870967744,0.0,0.05133717821697484
mistral,inst,self,pair_18,14,0.45161290322580644,0.0,0.18674987686880412
mistral,inst,self,pair_18,15,0.4838709677419355,0.0,0.14593923097515746
mistral,inst,self,pair_18,16,0.5161290322580645,0.11202787520666417,0.022510778078305482
mistral,inst,self,pair_18,17,0.5483870967741935,0.14808231027211405,0.3067592414203536
mistral,inst,self,pair_18,18,0.5806451612903226,0.15620703198173708,0.3331064813773711
mistral,inst,self,pair_18,19,0.6129032258064516,0.23732778942888214,0.36696683364240723
mistral,inst,self,pair_18,20,0.6451612903225806,0.4003432896746176,0.42615976832259866
mistral,inst,self,pair_18,21,0.6774193548387096,0.48782770222749694,0.4083816797494713
mistral,inst,self,pair_18,22,0.7096774193548387,0.5800347826294577,0.4872126039588798
mistral,inst,self,pair_18,23,0.7419354838709677,0.680469782371852,0.6693282637358896
mistral,inst,self,pair_18,24,0.7741935483870968,0.8912418277470856,0.7790901377955173
mistral,inst,self,pair_18,25,0.8064516129032258,1.143508116860947,0.8608068189688982
mistral,inst,self,pair_18,26,0.8387096774193549,1.0304789706368656,0.7933318571692232
mistral,inst,self,pair_18,27,0.8709677419354839,1.2133491675230974,0.9893398762757328
mistral,inst,self,pair_18,28,0.9032258064516129,1.3557743989573785,1.1308517972471266
mistral,inst,self,pair_18,29,0.9354838709677419,1.4153580491399222,1.0222845001950422
mistral,inst,self,pair_18,30,0.967741935483871,1.2980785407436843,1.0889375858637067
mistral,inst,self,pair_18,31,1.0,1.35607291128585,1.153809359699621
mistral,inst,self,pair_19,0,0.0,0.0,0.05820294313814795
mistral,inst,self,pair_19,1,0.03225806451612903,0.0,0.0
mistral,inst,self,pair_19,2,0.06451612903225806,0.0552059718946375,0.20790687398493496
mistral,inst,self,pair_19,3,0.0967741935483871,0.051656796103268086,0.0
mistral,inst,self,pair_19,4,0.12903225806451613,0.0,0.13214350641652411
mistral,inst,self,pair_19,5,0.16129032258064516,0.0,0.004572244948240943
mistral,inst,self,pair_19,6,0.1935483870967742,0.0,0.08691193419209428
mistral,inst,self,pair_19,7,0.22580645161290322,0.019596023469962382,0.0
mistral,inst,self,pair_19,8,0.25806451612903225,0.0,0.0
mistral,inst,self,pair_19,9,0.2903225806451613,0.0,0.07901851034369728
mistral,inst,self,pair_19,10,0.3225806451612903,0.0,0.0
mistral,inst,self,pair_19,11,0.3548387096774194,0.14437330931460007,0.17601966221711263
mistral,inst,self,pair_19,12,0.3870967741935484,0.17111790957982317,0.08378173082299697
mistral,inst,self,pair_19,13,0.41935483870967744,0.09500849142822415,0.0045488651233645955
mistral,inst,self,pair_19,14,0.45161290322580644,0.0,0.0
mistral,inst,self,pair_19,15,0.4838709677419355,0.0989284050086939,0.18139396059326127
mistral,inst,self,pair_19,16,0.5161290322580645,0.13325449983762153,0.1385208693408339
mistral,inst,self,pair_19,17,0.5483870967741935,0.09231920455274563,0.2923609736883184
mistral,inst,self,pair_19,18,0.5806451612903226,0.09325350001379494,0.29579170753187545
mistral,inst,self,pair_19,19,0.6129032258064516,0.34128297478568287,0.3970245323460036
mistral,inst,self,pair_19,20,0.6451612903225806,0.36493131570867343,0.480911344780383
mistral,inst,self,pair_19,21,0.6774193548387096,0.4809184247224396,0.5221329804349037
mistral,inst,self,pair_19,22,0.7096774193548387,0.43803440814409367,0.4799718817480412
mistral,inst,self,pair_19,23,0.7419354838709677,0.7357275036333211,0.7054520866960764
mistral,inst,self,pair_19,24,0.7741935483870968,1.0037021850586452,0.8247662338286242
mistral,inst,self,pair_19,25,0.8064516129032258,1.1680755575307342,0.8261989836906776
mistral,inst,self,pair_19,26,0.8387096774193549,1.2316747724884678,1.0014335888748216
mistral,inst,self,pair_19,27,0.8709677419354839,1.32542476192355,0.9501259946734308
mistral,inst,self,pair_19,28,0.9032258064516129,1.2332994006460043,1.0200865921359519
mistral,inst,self,pair_19,29,0.9354838709677419,1.476567137968385,1.1385441676070742
mistral,inst,self,pair_19,30,0.967741935483871,1.500553660677533,1.0379560337847158
mistral,inst,self,pair_19,31,1.0,1.5641674993914192,1.2458564103364471
mistral,inst,self,pair_20,0,0.0,0.0,0.0
mistral,inst,self,pair_20,1,0.03225806451612903,0.0,0.04759805028824876
mistral,inst,self,pair_20,2,0.06451612903225806,0.0,0.05390082304122655
mistral,inst,self,pair_20,3,0.0967741935483871,0.0,0.11038155008283632
mistral,inst,self,pair_20,4,0.12903225806451613,0.097087521940633,0.0761653098411852
mistral,inst,self,pair_20,5,0.16129032258064516,0.0,0.08407554574441502
mistral,inst,self,pair_20,6,0.1935483870967742,0.0,0.11944679478581843
mistral,inst,self,pair_20,7,0.22580645161290322,0.0,0.0
mistral,inst,self,pair_20,8,0.25806451612903225,0.07174017764550449,0.0
mistral,inst,self,pair_20,9,0.2903225806451613,0.0,0.0
mistral,inst,self,pair_20,10,0.3225806451612903,0.0,0.0
mistral,inst,self,pair_20,11,0.3548387096774194,0.022808547803213255,0.03055328942383152
mistral,inst,self,pair_20,12,0.3870967741935484,0.022975735210211692,0.0
mistral,inst,self,pair_20,13,0.41935483870967744,0.0,0.10115795923616552
mistral,inst,self,pair_20,14,0.45161290322580644,0.0,0.0
mistral,inst,self,pair_20,15,0.4838709677419355,0.05342868974664615,0.3016330273386227
mistral,inst,self,pair_20,16,0.5161290322580645,0.25816888743153504,0.0
mistral,inst,self,pair_20,17,0.5483870967741935,0.08435004250938624,0.2019155653778024
mistral,inst,self,pair_20,18,0.5806451612903226,0.1609466245857376,0.27230491243956645
mistral,inst,self,pair_20,19,0.6129032258064516,0.1913204629235258,0.3352019622489838
mistral,inst,self,pair_20,20,0.6451612903225806,0.23609815662938202,0.3074385938149333
mistral,inst,self,pair_20,21,0.6774193548387096,0.35062101580894933,0.5292963851120446
mistral,inst,self,pair_20,22,0.7096774193548387,0.6207967197379965,0.8151158220093855
mistral,inst,self,pair_20,23,0.7419354838709677,0.6574839920349472,0.8002650663438732
mistral,inst,self,pair_20,24,0.7741935483870968,0.8513651238237501,0.7811517407272458
mistral,inst,self,pair_20,25,0.8064516129032258,1.0474763966726115,0.8791281369725631
mistral,inst,self,pair_20,26,0.8387096774193549,1.0522099543489278,0.9003000611615635
mistral,inst,self,pair_20,27,0.8709677419354839,1.13567692194335,0.928316958144493
mistral,inst,self,pair_20,28,0.9032258064516129,1.3288771435271658,1.0759085478528663
mistral,inst,self,pair_20,29,0.9354838709677419,1.263111857162486,0.9751709045796836
mistral,inst,self,pair_20,30,0.967741935483871,1.4720392271046825,1.105779072361489
mistral,inst,self,pair_20,31,1.0,1.4163940715730952,1.12806848873398
mistral,inst,self,pair_21,0,0.0,0.0,0.0
mistral,inst,self,pair_21,1,0.03225806451612903,0.0910188956253611,0.08590989429299725
mistral,inst,self,pair_21,2,0.06451612903225806,0.010127068602657349,0.0
mistral,inst,self,pair_21,3,0.0967741935483871,0.002423425727107153,0.004888983786439262
mistral,inst,self,pair_21,4,0.12903225806451613,0.04933532096408583,0.041689856351564324
mistral,inst,self,pair_21,5,0.16129032258064516,0.09744826531359196,0.0
mistral,inst,self,pair_21,6,0.1935483870967742,0.0,0.15169432885590545
mistral,inst,self,pair_21,7,0.22580645161290322,0.15867495055101347,0.055755598131708196
mistral,inst,self,pair_21,8,0.25806451612903225,0.0,0.08131994254762874
mistral,inst,self,pair_21,9,0.2903225806451613,0.0018413039587589618,0.0
mistral,inst,self,pair_21,10,0.3225806451612903,0.06642831428656247,0.23821457311902094
mistral,inst,self,pair_21,11,0.3548387096774194,0.02500113996151787,0.035544513339383355
mistral,inst,self,pair_21,12,0.3870967741935484,0.0,0.0171368248714064
mistral,inst,self,pair_21,13,0.41935483870967744,0.17723841643037164,0.04537383040677391
mistral,inst,self,pair_21,14,0.45161290322580644,0.0,0.051239460367577726
mistral,inst,self,pair_21,15,0.4838709677419355,0.08541204456654311,0.03663613014533647
mistral,inst,self,pair_21,16,0.5161290322580645,0.12307917609325053,0.09983983237561098
mistral,inst,self,pair_21,17,0.5483870967741935,0.17513629463854136,0.3535725917884837
mistral,inst,self,pair_21,18,0.5806451612903226,0.13223438646493751,0.30654620713896574
mistral,inst,self,pair_21,19,0.6129032258064516,0.3121069268746615,0.4096854266836168
mistral,inst,self,pair_21,20,0.6451612903225806,0.3747773848698546,0.5447178140883296
mistral,inst,self,pair_21,21,0.6774193548387096,0.24794158462863194,0.5208948805955373
mistral,inst,self,pair_21,22,0.7096774193548387,0.4968154743678644,0.6616337518915685
mistral,inst,self,pair_21,23,0.7419354838709677,0.8240393608604739,0.7457428245117598
mistral,inst,self,pair_21,24,0.7741935483870968,0.8148056432571404,0.8629041999751147
mistral,inst,self,pair_21,25,0.8064516129032258,1.185947822764392,0.8760864864329119
mistral,inst,self,pair_21,26,0.8387096774193549,1.1041808639806867,0.9985543798816199
mistral,inst,self,pair_21,27,0.8709677419354839,1.2080546422194842,1.0955769726686573
mistral,inst,self,pair_21,28,0.9032258064516129,1.2029007964764276,1.018524332414833
mistral,inst,self,pair_21,29,0.9354838709677419,1.162253005063909,1.1036886183547558
mistral,inst,self,pair_21,30,0.967741935483871,1.4170478706081913,1.0654649946855033
mistral,inst,self,pair_21,31,1.0,1.3606849907605965,1.166048032649624
mistral,inst,self,pair_22,0,0.0,0.2183457330642442,0.0
mistral,inst,self,pair_22,1,0.03225806451612903,0.038186406357871114,0.0
mistral,inst,self,pair_22,2,0.06451612903225806,0.0,0.07474481838083041
mistral,inst,self,pair_22,3,0.0967741935483871,0.011591712690695987,0.0
mistral,inst,self,pair_22,4,0.12903225806451613,0.0,0.0
mistral,inst,self,pair_22,5,0.16129032258064516,0.11183102137659816,0.0
mistral,inst,self,pair_22,6,0.1935483870967742,0.0,0.003630757791725642
mistral,inst,self,pair_22,7,0.22580645161290322,0.0,0.1513545769276666
mistral,inst,self,pair_22,8,0.25806451612903225,0.0,0.12066827054872065
mistral,inst,self,pair_22,9,0.2903225806451613,0.0,0.0
mistral,inst,self,pair_22,10,0.3225806451612903,0.19745161817831985,0.0
mistral,inst,self,pair_22,11,0.3548387096774194,0.0,0.1415407933601096
mistral,inst,self,pair_22,12,0.3870967741935484,0.12063905856085413,0.09862334534782916
mistral,inst,self,pair_22,13,0.41935483870967744,0.07000425500592186,0.22795817811948785
mistral,inst,self,pair_22,14,0.45161290322580644,0.17750769546161377,0.17159662164998152
mistral,inst,self,pair_22,15,0.4838709677419355,0.07774048751126512,0.0
mistral,inst,self,pair_22,16,0.5161290322580645,0.11895616829657565,0.1307834298779106
mistral,inst,self,pair_22,17,0.5483870967741935,0.27237296606747635,0.20952245746256692
mistral,inst,self,pair_22,18,0.5806451612903226,0.15963566037053153,0.2588809450684648
mistral,inst,self,pair_22,19,0.6129032258064516,0.29503882804267073,0.33233295919863065
mistral,inst,self,pair_22,20,0.6451612903225806,0.39126494168398157,0.5563799435633803
mistral,inst,self,pair_22,21,0.6774193548387096,0.46133740241055005,0.6013331865011177
mistral,inst,self,pair_22,22,0.7096774193548387,0.6344754005389804,0.6928669641708566
mistral,inst,self,pair_22,23,0.7419354838709677,0.5983098169882493,0.6696520887199762
mistral,inst,self,pair_22,24,0.7741935483870968,0.8967190207831385,0.8565252717595881
mistral,inst,self,pair_22,25,0.8064516129032258,1.0120056349978972,0.702448714665606
mistral,inst,self,pair_22,26,0.8387096774193549,1.0418902525823264,0.8057276163442735
mistral,inst,self,pair_22,27,0.8709677419354839,1.3552563336972194,0.8942377605997955
mistral,inst,self,pair_22,28,0.9032258064516129,1.3074724424986541,1.1298992672760164
mistral,inst,self,pair_22,29,0.9354838709677419,1.2852470608109368,0.9952509351494672
mistral,inst,self,pair_22,30,0.967741935483871,1.3872712187204863,0.948038596853013
mistral,inst,self,pair_22,31,1.0,1.4209776671115018,1.090854065782466
mistral,inst,self,pair_23,0,0.0,0.031984737344076884,0.0
mistral,inst,self,pair_23,1,0.03225806451612903,0.05235615246253998,0.08094275724810336
mistral,inst,self,pair_23,2,0.06451612903225806,0.0,0.03245988911203011
mistral,inst,self,pair_23,3,0.0967741935483871,0.0,0.13034863901232815
mistral,inst,self,pair_23,4,0.12903225806451613,0.062118076870696426,0.0
mistral,inst,self,pair_23,5,0.16129032258064516,0.0,0.0
mistral,inst,self,pair_23,6,0.1935483870967742,0.0,0.0
mistral,inst,self,pair_23,7,0.22580645161290322,0.0,0.10166695157640461
mistral,inst,self,pair_23,8,0.25806451612903225,0.01933976871832031,0.09598206384275353
mistral,inst,self,pair_23,9,0.2903225806451613,0.007852440941477795,0.00978497938058333
mistral,inst,self,pair_23,10,0.3225806451612903,0.0,0.0
mistral,inst,self,pair_23,11,0.3548387096774194,0.025185100165861223,0.1497235970814797
mistral,inst,self,pair_23,12,0.3870967741935484,0.014062644030986836,0.11040946903217111
mistral,inst,self,pair_23,13,0.41935483870967744,0.0,0.04247023152841621
mistral,inst,self,pair_23,14,0.45161290322580644,0.039150218843709346,0.11075772065274975
mistral,inst,self,pair_23,15,0.4838709677419355,0.05601630724855275,0.12241020368976312
mistral,inst,self,pair_23,16,0.5161290322580645,0.06772469839200593,0.20514531429920807
mistral,inst,self,pair_23,17,0.5483870967741935,0.15522478494529146,0.18478833579287401
mistral,inst,self,pair_23,18,0.5806451612903226,0.1075474260422472,0.21823072021678838
mistral,inst,self,pair_23,19,0.6129032258064516,0.37887751626732635,0.38058397658736404
mistral,inst,self,pair_23,20,0.6451612903225806,0.4057191367603835,0.5054443009738986
mistral,inst,self,pair_23,21,0.6774193548387096,0.45022436570205326,0.5601315540868559
mistral,inst,self,pair_23,22,0.7096774193548387,0.6054817914178884,0.5086134989448602
mistral,inst,self,pair_23,23,0.7419354838709677,0.748207901843523,0.6700059951611088
mistral,inst,self,pair_23,24,0.7741935483870968,0.7993840728917243,0.8359806073462835
mistral,inst,self,pair_23,25,0.8064516129032258,1.2176177064985279,0.7572657714980955
mistral,inst,self,pair_23,26,0.8387096774193549,0.9524598529415866,0.9684114742778961
mistral,inst,self,pair_23,27,0.8709677419354839,1.0556071960497306,1.0046960142800023
mistral,inst,self,pair_23,28,0.9032258064516129,1.127288987648392,1.0969451725469714
mistral,inst,self,pair_23,29,0.9354838709677419,1.3491034925563632,1.0218011471394988
mistral,inst,self,pair_23,30,0.967741935483871,1.4947583946340626,1.138018443608654
mistral,inst,self,pair_23,31,1.0,1.4791554249392034,1.0491885184278407
mistral,inst,self,pair_24,0,0.0,0.03002252207138445,0.0
mistral,inst,self,pair_24,1,0.03225806451612903,0.1902800367768805,0.07552758077552288
mistral,inst,self,pair_24,2,0.06451612903225806,0.015071927542743432,0.0894357287324532
mistral,inst,self,pair_24,3,0.0967741935483871,0.013331518619224325,0.0
mistral,inst,self,pair_24,4,0.12903225806451613,0.013130992783628167,0.0
mistral,inst,self,pair_24,5,0.16129032258064516,0.0,0.023480134674593048
mistral,inst,self,pair_24,6,0.1935483870967742,0.0,0.17492122510610755
mistral,inst,self,pair_24,7,0.22580645161290322,0.0,0.030552495530848933
mistral,inst,self,pair_24,8,0.25806451612903225,0.1631149261364814,0.0778892078183586
mistral,inst,self,pair_24,9,0.2903225806451613,0.17787365378248557,0.03250924302314688
mistral,inst,self,pair_24,10,0.3225806451612903,0.0,0.0
mistral,inst,self,pair_24,11,0.3548387096774194,0.0,0.05408553315951373
mistral,inst,self,pair_24,12,0.3870967741935484,0.09392827820201403,0.13019432606621453
mistral,inst,self,pair_24,13,0.41935483870967744,0.0,0.013908894985157766
mistral,inst,self,pair_24,14,0.45161290322580644,0.07655539143006837,0.0
mistral,inst,self,pair_24,15,0.4838709677419355,0.0,0.14138581832487576
mistral,inst,self,pair_24,16,0.5161290322580645,0.09850965986390409,0.23855459585126076
mistral,inst,self,pair_24,17,0.5483870967741935,0.12967101646252852,0.18927767220886135
mistral,inst,self,pair_24,18,0.5806451612903226,0.10024787198771837,0.30243305234510004
mistral,inst,self,pair_24,19,0.6129032258064516,0.21842452339720883,0.4143539219782191
mistral,inst,self,pair_24,20,0.6451612903225806,0.22180677624717143,0.581711660396842
mistral,inst,self,pair_24,21,0.6774193548387096,0.3845892530655665,0.49902538084067233
mistral,inst,self,pair_24,22,0.7096774193548387,0.6284411504316573,0.6798484779493689
mistral,inst,self,pair_24,23,0.7419354838709677,0.7560503271083469,0.6744480677197782
mistral,inst,self,pair_24,24,0.7741935483870968,0.6843421374412444,0.7977774041023974
mistral,inst,self,pair_24,25,0.8064516129032258,1.0502524084409814,0.9263897832086395
mistral,inst,self,pair_24,26,0.8387096774193549,1.1905294796185713,0.9295194888356977
mistral,inst,self,pair_24,27,0.8709677419354839,1.1510811792553333,0.9188560315796792
mistral,inst,self,pair_24,28,0.9032258064516129,1.339419662622684,1.078076752629508
mistral,inst,self,pair_24,29,0.9354838709677419,1.3488302049441148,1.0892206518873375
mistral,inst,self,pair_24,30,0.967741935483871,1.3742131040452543,1.089493325176752
mistral,inst,self,pair_24,31,1.0,1.4814182758307013,1.0803270280948034
mistral,inst,self,pair_25,0,0.0,0.12149295580438164,0.12213793969090794
mistral,inst,self,pair_25,1,0.03225806451612903,0.13782547326618222,0.10035130247282423
mistral,inst,self,pair_25,2,0.06451612903225806,0.0,0.07714152087641162
mistral,inst,self,pair_25,3,0.0967741935483871,0.0,0.012269888719716536
mistral,inst,self,pair_25,4,0.12903225806451613,0.038014975075025104,0.0
mistral,inst,self,pair_25,5,0.16129032258064516,0.0011891946581831887,0.06458253552780464
mistral,inst,self,pair_25,6,0.1935483870967742,0.07783547572340928,0.07072942526472976
mistral,inst,self,pair_25,7,0.22580645161290322,0.20568076238156766,0.18071879474823907
mistral,inst,self,pair_25,8,0.25806451612903225,0.012141953538343745,0.02535633202027572
mistral,inst,self,pair_25,9,0.2903225806451613,0.04051881510067934,0.07162244910455737
mistral,inst,self,pair_25,10,0.3225806451612903,0.13843837897302722,0.0
mistral,inst,self,pair_25,11,0.3548387096774194,0.0,0.02838117604176425
mistral,inst,self,pair_25,12,0.3870967741935484,0.2618831883681018,0.15743372527100002
mistral,inst,self,pair_25,13,0.41935483870967744,0.0,0.07872022545816966
mistral,inst,self,pair_25,14,0.45161290322580644,0.0,0.12762474563825074
mistral,inst,self,pair_25,15,0.4838709677419355,0.04468766052823708,0.23138244611321993
mistral,inst,self,pair_25,16,0.5161290322580645,0.19391070562824902,0.3030393434254962
mistral,inst,self,pair_25,17,0.5483870967741935,0.15340220774207092,0.2716818450345893
mistral,inst,self,pair_25,18,0.5806451612903226,0.2715509058237357,0.33510338528009065
mistral,inst,self,pair_25,19,0.6129032258064516,0.18231660759632645,0.28419949959913143
mistral,inst,self,pair_25,20,0.6451612903225806,0.37712679082329614,0.31162153975519746
mistral,inst,self,pair_25,21,0.6774193548387096,0.5796388750568965,0.46167434406203284
mistral,inst,self,pair_25,22,0.7096774193548387,0.6723909799276708,0.6153184442966537
mistral,inst,self,pair_25,23,0.7419354838709677,0.5936916822941015,0.7468416833783624
mistral,inst,self,pair_25,24,0.7741935483870968,0.8349795275752633,0.7085128424464001
mistral,inst,self,pair_25,25,0.8064516129032258,1.0831638214444395,0.9027588553415781
mistral,inst,self,pair_25,26,0.8387096774193549,1.1112483557297599,1.099830861703392
mistral,inst,self,pair_25,27,0.8709677419354839,1.097784514485092,1.1413591397227805
mistral,inst,self,pair_25,28,0.9032258064516129,1.353105569875758,1.0944718266579405
mistral,inst,self,pair_25,29,0.9354838709677419,1.1507949137202524,1.1379887760608014
mistral,inst,self,pair_25,30,0.967741935483871,1.3720745956925726,1.2537758700138295
mistral,inst,self,pair_25,31,1.0,1.4239954298286195,1.0285359789479664
mistral,inst,self,pair_26,0,0.0,0.0,0.0
mistral,inst,self,pair_26,1,0.03225806451612903,0.03016083478518287,0.0
mistral,inst,self,pair_26,2,0.06451612903225806,0.09111732448116792,0.06329951324808772
mistral,inst,self,pair_26,3,0.0967741935483871,0.0,0.15732182663955427
mistral,inst,self,pair_26,4,0.12903225806451613,0.02344850623503692,0.0
mistral,inst,self,pair_26,5,0.16129032258064516,0.0,0.11783909640824394
mistral,inst,self,pair_26,6,0.1935483870967742,0.10755841908467452,0.08033391568882564
mistral,inst,self,pair_26,7,0.22580645161290322,0.0,0.0
mistral,inst,self,pair_26,8,0.25806451612903225,0.0,0.14097729012536597
mistral,inst,self,pair_26,9,0.2903225806451613,0.005963950558168723,0.07467644155505948
mistral,inst,self,pair_26,10,0.3225806451612903,0.0,0.0
mistral,inst,self,pair_26,11,0.3548387096774194,0.007321189717841332,0.079176423860633
mistral,inst,self,pair_26,12,0.3870967741935484,0.03208408778071703,0.08205331786325562
mistral,inst,self,pair_26,13,0.41935483870967744,0.01302704819288389,0.08579898003323655
mistral,inst,self,pair_26,14,0.45161290322580644,0.07631392506190568,0.06422566447464025
mistral,inst,self,pair_26,15,0.4838709677419355,0.0,0.10037361447949056
mistral,inst,self,pair_26,16,0.5161290322580645,0.18844870081098214,0.0
mistral,inst,self,pair_26,17,0.5483870967741935,0.07116636043667635,0.215829542398926
mistral,inst,self,pair_26,18,0.5806451612903226,0.05859913847189355,0.40654065534263495
mistral,inst,self,pair_26,19,0.6129032258064516,0.22779406504664562,0.37945150187530263
mistral,inst,self,pair_26,20,0.6451612903225806,0.26885351183286765,0.3906291743673064
mistral,inst,self,pair_26,21,0.6774193548387096,0.4331696507131639,0.49435863596696045
mistral,inst,self,pair_26,22,0.7096774193548387,0.5277043654117546,0.5551416470606848
mistral,inst,self,pair_26,23,0.7419354838709677,0.7612614660403845,0.6051613733814494
mistral,inst,self,pair_26,24,0.7741935483870968,0.9514176651572238,0.8424712105282891
mistral,inst,self,pair_26,25,0.8064516129032258,0.9757817417588739,0.9396506080864061
mistral,inst,self,pair_26,26,0.8387096774193549,1.0088069914955942,0.9457052133889009
mistral,inst,self,pair_26,27,0.8709677419354839,1.126704789556722,1.010154394865998
mistral,inst,self,pair_26,28,0.9032258064516129,1.2422052183400814,0.9673659220910513
mistral,inst,self,pair_26,29,0.9354838709677419,1.269027630495414,1.1186754550360773
mistral,inst,self,pair_26,30,0.967741935483871,1.3352838151736899,1.0227340068702413
mistral,inst,self,pair_26,31,1.0,1.4359774030017167,1.1720197207305147
mistral,inst,self,pair_27,0,0.0,0.0,0.0
mistral,inst,self,pair_27,1,0.03225806451612903,0.08913384750704001,0.0
mistral,inst,self,pair_27,2,0.06451612903225806,0.11179031844542778,0.0
mistral,inst,self,pair_27,3,0.0967741935483871,0.07294699844688148,0.0
mistral,inst,self,pair_27,4,0.12903225806451613,0.0,0.0
mistral,inst,self,pair_27,5,0.16129032258064516,0.14011413320621344,0.0
mistral,inst,self,pair_27,6,0.1935483870967742,0.0,0.0
mistral,inst,self,pair_27,7,0.22580645161290322,0.0,0.005781763994131052
mistral,inst,self,pair_27,8,0.25806451612903225,0.0,0.0
mistral,inst,self,pair_27,9,0.2903225806451613,0.06358162716689005,0.0
mistral,inst,self,pair_27,10,0.3225806451612903,0.0638268002326161,0.10178970021844855
mistral,inst,self,pair_27,11,0.3548387096774194,0.08747990660465425,0.0
mistral,inst,self,pair_27,12,0.3870967741935484,0.0,0.03756387177540357
mistral,inst,self,pair_27,13,0.41935483870967744,0.0300105697336514,0.0
mistral,inst,self,pair_27,14,0.45161290322580644,0.12695462071341176,0.2252404730177721
mistral,inst,self,pair_27,15,0.4838709677419355,0.0064837855131387664,0.09395458975852256
mistral,inst,self,pair_27,16,0.5161290322580645,0.22725240790202678,0.1888174560680002
mistral,inst,self,pair_27,17,0.5483870967741935,0.1455730549421246,0.22923285091450973
mistral,inst,self,pair_27,18,0.5806451612903226,0.011366974225116594,0.19576378740873113
mistral,inst,self,pair_27,19,0.6129032258064516,0.3465152289784749,0.2603195728026801
mistral,inst,self,pair_27,20,0.6451612903225806,0.4180381394929978,0.48869505442220856
mistral,inst,self,pair_27,21,0.6774193548387096,0.3701980618362696,0.5925040813436984
mistral,inst,self,pair_27,22,0.7096774193548387,0.6128914487544205,0.7810707821309719
mistral,inst,self,pair_27,23,0.7419354838709677,0.7259552589304186,0.7359129947643908
mistral,inst,self,pair_27,24,0.7741935483870968,0.768391753428377,0.9669517453198713
mistral,inst,self,pair_27,25,0.8064516129032258,0.8176566530758383,0.9018796263343628
mistral,inst,self,pair_27,26,0.8387096774193549,1.1445363479249744,0.9945068864742682
mistral,inst,self,pair_27,27,0.8709677419354839,1.2510964500500243,1.0098158281746736
mistral,inst,self,pair_27,28,0.9032258064516129,1.4241336450158113,1.1528885901646502
mistral,inst,self,pair_27,29,0.9354838709677419,1.4329370588761454,1.2914067375053842
mistral,inst,self,pair_27,30,0.967741935483871,1.3418927685046331,1.1058044222833652
mistral,inst,self,pair_27,31,1.0,1.443581118279579,1.0346125592407431
mistral,inst,self,pair_28,0,0.0,0.09681516214084421,0.0
mistral,inst,self,pair_28,1,0.03225806451612903,0.008634104740649863,0.033518452697972864
mistral,inst,self,pair_28,2,0.06451612903225806,0.0,0.0
mistral,inst,self,pair_28,3,0.0967741935483871,0.026048009976335145,0.0
mistral,inst,self,pair_28,4,0.12903225806451613,0.003079502898967203,0.0
mistral,inst,self,pair_28,5,0.16129032258064516,0.0479547938884587,0.04792517259465536
mistral,inst,self,pair_28,6,0.1935483870967742,0.0,0.05744159497261569
mistral,inst,self,pair_28,7,0.22580645161290322,0.057984089798518164,0.06243665670263535
mistral,inst,self,pair_28,8,0.25806451612903225,0.0,0.0
mistral,inst,self,pair_28,9,0.2903225806451613,0.0,0.0
mistral,inst,self,pair_28,10,0.3225806451612903,0.03306178064424078,0.0
mistral,inst,self,pair_28,11,0.3548387096774194,0.04643387468787468,0.0
mistral,inst,self,pair_28,12,0.3870967741935484,0.0,0.0
mistral,inst,self,pair_28,13,0.41935483870967744,0.042573764741292264,0.0
mistral,inst,self,pair_28,14,0.45161290322580644,0.08765754501010316,0.10840043311448777
mistral,inst,self,pair_28,15,0.4838709677419355,0.17257080225167334,0.23209085782431205
mistral,inst,self,pair_28,16,0.5161290322580645,0.20262691432772517,0.0691537257922969
mistral,inst,self,pair_28,17,0.5483870967741935,0.08530032155490107,0.2784731345997932
mistral,inst,self,pair_28,18,0.5806451612903226,0.1323118684840284,0.28896355927038603
mistral,inst,self,pair_28,19,0.6129032258064516,0.13384701178999303,0.3937973875486661
mistral,inst,self,pair_28,20,0.6451612903225806,0.3336110230708463,0.3509846613437958
mistral,inst,self,pair_28,21,0.6774193548387096,0.546573870671098,0.4386072577721434
mistral,inst,self,pair_28,22,0.7096774193548387,0.6177918562543298,0.7199757185790684
mistral,inst,self,pair_28,23,0.7419354838709677,0.7104416852848497,0.7171034959387206
mistral,inst,self,pair_28,24,0.7741935483870968,0.9418718784941223,0.9227002617815385
mistral,inst,self,pair_28,25,0.8064516129032258,0.987823599083417,0.8394719292158482
mistral,inst,self,pair_28,26,0.8387096774193549,1.0218692203265236,0.9037949925113744
mistral,inst,self,pair_28,27,0.8709677419354839,1.3405387873625858,0.8695672466057889
mistral,inst,self,pair_28,28,0.9032258064516129,1.2363745301990954,0.9457401733502186
mistral,inst,self,pair_28,29,0.9354838709677419,1.2738582698773047,1.1016700188888475
mistral,inst,self,pair_28,30,0.967741935483871,1.3885134356974322,1.0863424156840416
mistral,inst,self,pair_28,31,1.0,1.43228310672486,1.1573146420114448
mistral,inst,self,pair_29,0,0.0,0.0,0.009233072517449186
mistral,inst,self,pair_29,1,0.03225806451612903,0.0,0.0
mistral,inst,self,pair_29,2,0.06451612903225806,0.0,0.0
mistral,inst,self,pair_29,3,0.0967741935483871,0.0,0.0
mistral,inst,self,pair_29,4,0.12903225806451613,0.03449506940311608,0.0
mistral,inst,self,pair_29,5,0.16129032258064516,0.0,0.03063769041683742
mistral,inst,self,pair_29,6,0.1935483870967742,0.09819492244616204,0.0
mistral,inst,self,pair_29,7,0.22580645161290322,0.13986532481160055,0.0
mistral,inst,self,pair_29,8,0.25806451612903225,0.023040989738582807,0.0018170065256245312
mistral,inst,self,pair_29,9,0.2903225806451613,0.0672196837775491,0.05503927251566297
mistral,inst,self,pair_29,10,0.3225806451612903,0.08122675271022113,0.038450267033271215
mistral,inst,self,pair_29,11,0.3548387096774194,0.0853797563163795,0.11007441396926779
mistral,inst,self,pair_29,12,0.3870967741935484,0.0022798190293546114,0.014836015953274863
mistral,inst,self,pair_29,13,0.41935483870967744,0.0,0.1585078413906636
mistral,inst,self,pair_29,14,0.45161290322580644,0.062446146340495765,0.019493781122179976
mistral,inst,self,pair_29,15,0.4838709677419355,0.10324836392745385,0.2626054421368286
mistral,inst,self,pair_29,16,0.5161290322580645,0.13254958056975705,0.22216670772779343
mistral,inst,self,pair_29,17,0.5483870967741935,0.21022104935908487,0.2519011249570295
mistral,inst,self,pair_29,18,0.5806451612903226,0.26312667457714756,0.23344095446733817
mistral,inst,self,pair_29,19,0.6129032258064516,0.22825044698869018,0.2323066068282414
mistral,inst,self,pair_29,20,0.6451612903225806,0.3063879203407053,0.42458721643450503
mistral,inst,self,pair_29,21,0.6774193548387096,0.4073041742718462,0.509819044951567
mistral,inst,self,pair_29,22,0.7096774193548387,0.4354140716860623,0.6240754912727321
mistral,inst,self,pair_29,23,0.7419354838709677,0.7947466209483709,0.7957364991599346
mistral,inst,self,pair_29,24,0.7741935483870968,0.8508671137872941,0.8718032161934179
mistral,inst,self,pair_29,25,0.8064516129032258,0.9773240703691694,0.9413258220077444
mistral,inst,self,pair_29,26,0.8387096774193549,1.1497935842705043,0.9524858816781957
mistral,inst,self,pair_29,27,0.8709677419354839,1.0702483300378853,0.8435217796050044
mistral,inst,self,pair_29,28,0.9032258064516129,1.3386330592128457,0.9819548244326056
mistral,inst,self,pair_29,29,0.9354838709677419,1.4116072339327272,1.255581481888726
mistral,inst,self,pair_29,30,0.967741935483871,1.4596095606812842,1.1051077189055405
mistral,inst,self,pair_29,31,1.0,1.5070652125205477,1.269624702662918
mistral,inst,self,pair_30,0,0.0,0.0,0.09843597998053095
mistral,inst,self,pair_30,1,0.03225806451612903,0.021102597358530605,0.039929227569557836
mistral,inst,self,pair_30,2,0.06451612903225806,0.0,0.0
mistral,inst,self,pair_30,3,0.0967741935483871,0.0,0.0
mistral,inst,self,pair_30,4,0.12903225806451613,0.0,0.06391209127076904
mistral,inst,self,pair_30,5,0.16129032258064516,0.0,0.0
mistral,inst,self,pair_30,6,0.1935483870967742,0.02446710836208043,0.0
mistral,inst,self,pair_30,7,0.22580645161290322,0.0,0.10660715287073678
mistral,inst,self,pair_30,8,0.25806451612903225,0.0,0.1272726494664202
mistral,inst,self,pair_30,9,0.2903225806451613,0.0,0.0
mistral,inst,self,pair_30,10,0.3225806451612903,0.013633754851423874,0.03639262396626894
mistral,inst,self,pair_30,11,0.3548387096774194,0.1339440007165963,0.0
mistral,inst,self,pair_30,12,0.3870967741935484,0.03285792219632371,0.0
mistral,inst,self,pair_30,13,0.41935483870967744,0.05843044133827554,0.14641844500201384
mistral,inst,self,pair_30,14,0.45161290322580644,0.059334194810740704,0.030253380991007002
mistral,inst,self,pair_30,15,0.4838709677419355,0.08320995680774995,0.2402812595077305
mistral,inst,self,pair_30,16,0.5161290322580645,0.15598009954415348,0.11803671914117281
mistral,inst,self,pair_30,17,0.5483870967741935,0.019134409281932455,0.21861937950592225
mistral,inst,self,pair_30,18,0.5806451612903226,0.24063407281858415,0.29963670258185243
mistral,inst,self,pair_30,19,0.6129032258064516,0.17980691224399342,0.2852855348993303
mistral,inst,self,pair_30,20,0.6451612903225806,0.3869095086997587,0.43140834527379035
mistral,inst,self,pair_30,21,0.6774193548387096,0.3449164968269427,0.46985664118902937
mistral,inst,self,pair_30,22,0.7096774193548387,0.6137111608711006,0.6614440359984411
mistral,inst,self,pair_30,23,0.7419354838709677,0.6750586578011558,0.7631888783671201
mistral,inst,self,pair_30,24,0.7741935483870968,0.8319799793133966,0.7171101868359269
mistral,inst,self,pair_30,25,0.8064516129032258,1.0667935951917755,0.8695049384578745
mistral,inst,self,pair_30,26,0.8387096774193549,1.0792399637099155,1.1090486453548813
mistral,inst,self,pair_30,27,0.8709677419354839,1.3126826416396025,1.0423391922889496
mistral,inst,self,pair_30,28,0.9032258064516129,1.1832204322790514,1.1275419166202612
mistral,inst,self,pair_30,29,0.9354838709677419,1.3527362826031388,1.0513336666946584
mistral,inst,self,pair_30,30,0.967741935483871,1.2500083626547616,1.2668016427047701
mistral,inst,self,pair_30,31,1.0,1.3224444514351772,1.2569758305131578
mistral,inst,self,pair_31,0,0.0,0.010204091381841406,0.0
mistral,inst,self,pair_31,1,0.03225806451612903,0.04800511813115284,0.0
mistral,inst,self,pair_31,2,0.06451612903225806,0.0,0.0
mistral,inst,self,pair_31,3,0.0967741935483871,0.0,0.0
mistral,inst,self,pair_31,4,0.12903225806451613,0.006020648548816617,0.043663729446825304
mistral,inst,self,pair_31,5,0.16129032258064516,0.0818888319095829,0.0
mistral,inst,self,pair_31,6,0.1935483870967742,0.0,0.0
mistral,inst,self,pair_31,7,0.22580645161290322,0.1018159514759708,0.10788596857732578
mistral,inst,self,pair_31,8,0.25806451612903225,0.0,0.13470899104562042
mistral,inst,self,pair_31,9,0.2903225806451613,0.0,0.0
mistral,inst,self,pair_31,10,0.3225806451612903,0.0,0.023822090177546294
mistral,inst,self,pair_31,11,0.3548387096774194,0.03478945333987937,0.008752382701986076
mistral,inst,self,pair_31,12,0.3870967741935484,0.06079269673075825,0.08877151909266712
mistral,inst,self,pair_31,13,0.41935483870967744,0.1534028285699604,0.013028884899933951
mistral,inst,self,pair_31,14,0.45161290322580644,0.11402364898029635,0.09126536705409379
mistral,inst,self,pair_31,15,0.4838709677419355,0.12579795419915452,0.17441259921942254
mistral,inst,self,pair_31,16,0.5161290322580645,0.0,0.20424791845104
mistral,inst,self,pair_31,17,0.5483870967741935,0.019387951909088,0.2726802187037932
mistral,inst,self,pair_31,18,0.5806451612903226,0.20935963272495692,0.27269830409567847
mistral,inst,self,pair_31,19,0.6129032258064516,0.304847301013225,0.4012482059650745
mistral,inst,self,pair_31,20,0.6451612903225806,0.43736231355180594,0.3442541208928071
mistral,inst,self,pair_31,21,0.6774193548387096,0.5133793047817045,0.48908487689792957
mistral,inst,self,pair_31,22,0.7096774193548387,0.5800092990972502,0.612783269407026
mistral,inst,self,pair_31,23,0.7419354838709677,0.7120249348862517,0.7649078525492605
mistral,inst,self,pair_31,24,0.7741935483870968,0.8492969353301861,0.7100604385451373
mistral,inst,self,pair_31,25,0.8064516129032258,1.1665825547180542,0.9093261384767262
mistral,inst,self,pair_31,26,0.8387096774193549,1.103528297181466,1.0466338148315912
mistral,inst,self,pair_31,27,0.8709677419354839,1.1970389145880898,0.9785280790729181
mistral,inst,self,pair_31,28,0.9032258064516129,1.4419965871926483,1.0442335109049952
mistral,inst,self,pair_31,29,0.9354838709677419,1.4951625624618123,1.2819518654407078
mistral,inst,self,pair_31,30,0.967741935483871,1.3027442998738972,1.0060434131102338
mistral,inst,self,pair_31,31,1.0,1.4299387113540916,1.2382141221385579
mistral,inst,self,pair_32,0,0.0,0.0,0.0
mistral,inst,self,pair_32,1,0.03225806451612903,0.0,0.10961751956114574
mistral,inst,self,pair_32,2,0.06451612903225806,0.0,0.0
mistral,inst,self,pair_32,3,0.0967741935483871,0.0793070668453614,0.06500121505111052
mistral,inst,self,pair_32,4,0.12903225806451613,0.015491737085028986,0.0
mistral,inst,self,pair_32,5,0.16129032258064516,0.0,0.0
mistral,inst,self,pair_32,6,0.1935483870967742,0.0,0.10278152771079416
mistral,inst,self,pair_32,7,0.22580645161290322,0.044645671147172335,0.0
mistral,inst,self,pair_32,8,0.25806451612903225,0.0,0.0444095393391885
mistral,inst,self,pair_32,9,0.2903225806451613,0.053276856456333656,0.0
mistral,inst,self,pair_32,10,0.3225806451612903,0.0,0.0
mistral,inst,self,pair_32,11,0.3548387096774194,0.07696825707468745,0.08194085563435666
mistral,inst,self,pair_32,12,0.3870967741935484,0.059150149011645406,0.09909435716378961
mistral,inst,self,pair_32,13,0.41935483870967744,0.0,0.0788888936274578
mistral,inst,self,pair_32,14,0.45161290322580644,0.0,0.05530987289893755
mistral,inst,self,pair_32,15,0.4838709677419355,0.0,0.11776287976079519
mistral,inst,self,pair_32,16,0.5161290322580645,0.12495720770367655,0.22753995736267763
mistral,inst,self,pair_32,17,0.5483870967741935,0.03946200626978569,0.34677290445190007
mistral,inst,self,pair_32,18,0.5806451612903226,0.2798483068492487,0.2188509639722147
mistral,inst,self,pair_32,19,0.6129032258064516,0.19129768799194166,0.41718848435329436
mistral,inst,self,pair_32,20,0.6451612903225806,0.32695169258146944,0.4016937027268684
mistral,inst,self,pair_32,21,0.6774193548387096,0.39787998618426274,0.5148539025077906
mistral,inst,self,pair_32,22,0.7096774193548387,0.6728651331222638,0.5944579896939817
mistral,inst,self,pair_32,23,0.7419354838709677,0.7058553405504369,0.8048897386592224
mistral,inst,self,pair_32,24,0.7741935483870968,0.9744361928036434,0.7921612801481844
mistral,inst,self,pair_32,25,0.8064516129032258,0.948119750181274,0.9188321670604761
mistral,inst,self,pair_32,26,0.8387096774193549,1.168207983244417,0.8893343902981202
mistral,inst,self,pair_32,27,0.8709677419354839,1.4193287352422612,0.9691544038470905
mistral,inst,self,pair_32,28,0.9032258064516129,1.3686682970375543,1.0043524009900446
mistral,inst,self,pair_32,29,0.9354838709677419,1.428145736601386,1.2560186695493645
mistral,inst,self,pair_32,30,0.967741935483871,1.365881580751458,0.9865291867116646
mistral,inst,self,pair_32,31,1.0,1.4761839629058402,1.1500321098907196
mistral,inst,self,pair_33,0,0.0,0.0,0.13998909583378996
mistral,inst,self,pair_33,1,0.03225806451612903,0.0,0.0
mistral,inst,self,pair_33,2,0.06451612903225806,0.14800373192075558,0.02300622298122301
mistral,inst,self,pair_33,3,0.0967741935483871,0.04319373446416035,0.04420992403928116
mistral,inst,self,pair_33,4,0.12903225806451613,0.1722942218940646,0.02023644694412608
mistral,inst,self,pair_33,5,0.16129032258064516,0.0,0.0
mistral,inst,self,pair_33,6,0.1935483870967742,0.0,0.13578530500074448
mistral,inst,self,pair_33,7,0.22580645161290322,0.0,0.0
mistral,inst,self,pair_33,8,0.25806451612903225,0.12291274325809565,0.05998730303940077
mistral,inst,self,pair_33,9,0.2903225806451613,0.0,0.048000175105910585
mistral,inst,self,pair_33,10,0.3225806451612903,0.013047374816700173,0.06686434256816484
mistral,inst,self,pair_33,11,0.3548387096774194,0.02170335040690839,0.05920905726915933
mistral,inst,self,pair_33,12,0.3870967741935484,0.0,0.11568139624313155
mistral,inst,self,pair_33,13,0.41935483870967744,0.0715854151593184,0.11899642979375727
mistral,inst,self,pair_33,14,0.45161290322580644,0.09324867210561771,0.09106173334709818
mistral,inst,self,pair_33,15,0.4838709677419355,0.03678238257767853,0.0
mistral,inst,self,pair_33,16,0.5161290322580645,0.0974822942403668,0.0
mistral,inst,self,pair_33,17,0.5483870967741935,0.15267845928975746,0.2740381229713177
mistral,inst,self,pair_33,18,0.5806451612903226,0.22847077610962555,0.26442609007407253
mistral,inst,self,pair_33,19,0.6129032258064516,0.311667810910414,0.463634321573447
mistral,inst,self,pair_33,20,0.6451612903225806,0.31258890673447026,0.4312678957588337
mistral,inst,self,pair_33,21,0.6774193548387096,0.5450615763164284,0.5488507848983749
mistral,inst,self,pair_33,22,0.7096774193548387,0.7625224980211814,0.6096272663337743
mistral,inst,self,pair_33,23,0.7419354838709677,0.7427896261833341,0.6550522534660398
mistral,inst,self,pair_33,24,0.7741935483870968,0.881917155921231,0.7757259466858751
mistral,inst,self,pair_33,25,0.8064516129032258,0.8654232972220801,0.7391464274523136
mistral,inst,self,pair_33,26,0.8387096774193549,1.1460928107439559,0.8937020700278074
mistral,inst,self,pair_33,27,0.8709677419354839,1.2066366173425944,1.0106146541438963
mistral,inst,self,pair_33,28,0.9032258064516129,1.2593230016894075,1.196293228866736
mistral,inst,self,pair_33,29,0.9354838709677419,1.3354601986267234,1.0491803808962792
mistral,inst,self,pair_33,30,0.967741935483871,1.3182516249938614,1.1899987756619386
mistral,inst,self,pair_33,31,1.0,1.3954086059148165,1.2415378036918272
mistral,inst,self,pair_34,0,0.0,0.0425472781023771,0.0
mistral,inst,self,pair_34,1,0.03225806451612903,0.03545172712377463,0.04531600900141134
mistral,inst,self,pair_34,2,0.06451612903225806,0.0,0.021818219973282486
mistral,inst,self,pair_34,3,0.0967741935483871,0.029387810032024404,0.010045027263922267
mistral,inst,self,pair_34,4,0.12903225806451613,0.05057798401249701,0.0
mistral,inst,self,pair_34,5,0.16129032258064516,0.12884694913346972,0.21022495455082021
mistral,inst,self,pair_34,6,0.1935483870967742,0.0,0.0
mistral,inst,self,pair_34,7,0.22580645161290322,0.034718154002856334,0.04818045344688419
mistral,inst,self,pair_34,8,0.25806451612903225,0.018054832746818815,0.0
mistral,inst,self,pair_34,9,0.2903225806451613,0.03740128697579903,0.08967372150817712
mistral,inst,self,pair_34,10,0.3225806451612903,0.0,0.1756168255900813
mistral,inst,self,pair_34,11,0.3548387096774194,0.0,0.10144040576723393
mistral,inst,self,pair_34,12,0.3870967741935484,0.00999170865818574,0.0
mistral,inst,self,pair_34,13,0.41935483870967744,0.03042500188886454,0.06173451097881456
mistral,inst,self,pair_34,14,0.45161290322580644,0.25614988884593326,0.1826162079295073
mistral,inst,self,pair_34,15,0.4838709677419355,0.21530907094464086,0.2477741072588849
mistral,inst,self,pair_34,16,0.5161290322580645,0.0929218235434729,0.11899878590392879
mistral,inst,self,pair_34,17,0.5483870967741935,0.27124883779163406,0.1314099165084408
mistral,inst,self,pair_34,18,0.5806451612903226,0.18097313380149305,0.23576262908405607
mistral,inst,self,pair_34,19,0.6129032258064516,0.30309818819096696,0.5175903706537236
mistral,inst,self,pair_34,20,0.6451612903225806,0.3191176791515517,0.36052672228068927
mistral,inst,self,pair_34,21,0.6774193548387096,0.530302569225843,0.41013622042028164
mistral,inst,self,pair_34,22,0.7096774193548387,0.6037638742655647,0.5843591259219768
mistral,inst,self,pair_34,23,0.7419354838709677,0.75892462686427,0.7635445403289808
mistral,inst,self,pair_34,24,0.7741935483870968,0.7819030860736881,0.9674531723553462
mistral,inst,self,pair_34,25,0.8064516129032258,1.1106102561250215,0.8243823108203228
mistral,inst,self,pair_34,26,0.8387096774193549,1.0288624741090233,0.9318748801344511
mistral,inst,self,pair_34,27,0.8709677419354839,1.1143257119750405,0.9345063581221015
mistral,inst,self,pair_34,28,0.9032258064516129,1.3820778079514693,1.0672484448484945
mistral,inst,self,pair_34,29,0.9354838709677419,1.4177702633538118,1.2716810654110229
mistral,inst,self,pair_34,30,0.967741935483871,1.3919927732354567,1.0833275030959362
mistral,inst,self,pair_34,31,1.0,1.4298038101045571,1.22949489458975
mistral,inst,self,pair_35,0,0.0,0.02251935755803028,0.0
mistral,inst,self,pair_35,1,0.03225806451612903,0.0,0.0
mistral,inst,self,pair_35,2,0.06451612903225806,0.0,0.0
mistral,inst,self,pair_35,3,0.0967741935483871,0.044654619897675815,0.07169482495462974
mistral,inst,self,pair_35,4,0.12903225806451613,0.0,0.0
mistral,inst,self,pair_35,5,0.16129032258064516,0.013490322370643975,0.009423893602900763
mistral,inst,self,pair_35,6,0.1935483870967742,0.0,0.0
mistral,inst,self,pair_35,7,0.22580645161290322,0.0,0.0
mistral,inst,self,pair_35,8,0.25806451612903225,0.0,0.015524005400975911
mistral,inst,self,pair_35,9,0.2903225806451613,0.014538680069232791,0.07238336626213035
mistral,inst,self,pair_35,10,0.3225806451612903,0.1026900859349785,0.00020888126478175312
mistral,inst,self,pair_35,11,0.3548387096774194,0.0484608755206371,0.09487585740256242
mistral,inst,self,pair_35,12,0.3870967741935484,0.0,0.05226710794161732
mistral,inst,self,pair_35,13,0.41935483870967744,0.0037875477004936514,0.0911247160619172
mistral,inst,self,pair_35,14,0.45161290322580644,0.20245543020429407,0.07273601784667881
mistral,inst,self,pair_35,15,0.4838709677419355,0.12245457939242287,0.204713744288179
mistral,inst,self,pair_35,16,0.5161290322580645,0.13187512762213033,0.21184140285218372
mistral,inst,self,pair_35,17,0.5483870967741935,0.03361131293289564,0.2078833688212392
mistral,inst,self,pair_35,18,0.5806451612903226,0.17819232613646524,0.2679125338996657
mistral,inst,self,pair_35,19,0.6129032258064516,0.18797892721156773,0.40793502516977137
mistral,inst,self,pair_35,20,0.6451612903225806,0.3309708288290962,0.3326837255156963
mistral,inst,self,pair_35,21,0.6774193548387096,0.39516711370267926,0.41840856277120564
mistral,inst,self,pair_35,22,0.7096774193548387,0.456112250509859,0.6855008873113678
mistral,inst,self,pair_35,23,0.7419354838709677,0.7516818926199843,0.8550789695877614
mistral,inst,self,pair_35,24,0.7741935483870968,0.7598464022834207,0.8559304154039281
mistral,inst,self,pair_35,25,0.8064516129032258,1.0359539080873112,0.9385150067296506
mistral,inst,self,pair_35,26,0.8387096774193549,1.1715049400164101,1.0060661603302976
mistral,inst,self,pair_35,27,0.8709677419354839,1.2206729563319616,0.9566782737244202
mistral,inst,self,pair_35,28,0.9032258064516129,1.3760558874695834,0.8615177285307355
mistral,inst,self,pair_35,29,0.9354838709677419,1.2748760505145504,1.1044326938871156
mistral,inst,self,pair_35,30,0.967741935483871,1.3153742513458595,1.144123661241237
mistral,inst,self,pair_35,31,1.0,1.3539490595948378,1.2553878746708846
mistral,inst,self,pair_36,0,0.0,0.0,0.0
mistral,inst,self,pair_36,1,0.03225806451612903,0.0,0.032312076825888214
mistral,inst,self,pair_36,2,0.06451612903225806,0.0,0.0
mistral,inst,self,pair_36,3,0.0967741935483871,0.0,0.0
mistral,inst,self,pair_36,4,0.12903225806451613,0.0,0.0
mistral,inst,self,pair_36,5,0.16129032258064516,0.0,0.05429679933133708
mistral,inst,self,pair_36,6,0.1935483870967742,0.08199535913556731,0.0
mistral,inst,self,pair_36,7,0.22580645161290322,0.14777022943966625,0.015630094845201038
mistral,inst,self,pair_36,8,0.25806451612903225,0.02494642578680491,0.0
mistral,inst,self,pair_36,9,0.2903225806451613,0.0,0.16497378117808112
mistral,inst,self,pair_36,10,0.3225806451612903,0.02763440707676071,0.12349217531440153
mistral,inst,self,pair_36,11,0.3548387096774194,0.06445816362940253,0.0
mistral,inst,self,pair_36,12,0.3870967741935484,0.009301766600848384,0.05530031075222581
mistral,inst,self,pair_36,13,0.41935483870967744,0.027792234224253722,0.05842782208010548
mistral,inst,self,pair_36,14,0.45161290322580644,0.09853183049640792,0.021792607304663064
mistral,inst,self,pair_36,15,0.4838709677419355,0.0,0.0848217161124008
mistral,inst,self,pair_36,16,0.5161290322580645,0.10721723689240886,0.11248354309289657
mistral,inst,self,pair_36,17,0.5483870967741935,0.10266501404998729,0.28567925437430086
mistral,inst,self,pair_36,18,0.5806451612903226,0.2232755630239475,0.23791671109202217
mistral,inst,self,pair_36,19,0.6129032258064516,0.02076744992025692,0.25414025460908646
mistral,inst,self,pair_36,20,0.6451612903225806,0.32415961812982746,0.479416849132379
mistral,inst,self,pair_36,21,0.6774193548387096,0.36605300553942827,0.5690532303695054
mistral,inst,self,pair_36,22,0.7096774193548387,0.5356515122215422,0.6627853224886808
mistral,inst,self,pair_36,23,0.7419354838709677,0.6097739624340095,0.7040946764065921
mistral,inst,self,pair_36,24,0.7741935483870968,0.8400670104738426,0.8461811251556967
mistral,inst,self,pair_36,25,0.8064516129032258,0.9357771376280443,0.9060932658881409
mistral,inst,self,pair_36,26,0.8387096774193549,1.0188402556279423,0.9246839024968231
mistral,inst,self,pair_36,27,0.8709677419354839,1.021834932910062,0.9603398823379913
mistral,inst,self,pair_36,28,0.9032258064516129,1.2048005400949036,1.0970078840669473
mistral,inst,self,pair_36,29,0.9354838709677419,1.2942629286531602,1.1222048841521701
mistral,inst,self,pair_36,30,0.967741935483871,1.4199570495614655,1.0931037613204624
mistral,inst,self,pair_36,31,1.0,1.445126805459546,1.3143773085737194
mistral,inst,self,pair_37,0,0.0,0.0,0.0
mistral,inst,self,pair_37,1,0.03225806451612903,0.0,0.022897230314586587
mistral,inst,self,pair_37,2,0.06451612903225806,0.038796236627890925,0.0
mistral,inst,self,pair_37,3,0.0967741935483871,0.0,0.0
mistral,inst,self,pair_37,4,0.12903225806451613,0.0,0.04551909780972632
mistral,inst,self,pair_37,5,0.16129032258064516,0.012393480988218184,0.03995722189765444
mistral,inst,self,pair_37,6,0.1935483870967742,0.07894104776890569,0.06218562425645397
mistral,inst,self,pair_37,7,0.22580645161290322,0.08909122924821844,0.01164550235648391
mistral,inst,self,pair_37,8,0.25806451612903225,0.0,0.06068682193985641
mistral,inst,self,pair_37,9,0.2903225806451613,0.0,0.11596063415220094
mistral,inst,self,pair_37,10,0.3225806451612903,0.0,0.05794745448143698
mistral,inst,self,pair_37,11,0.3548387096774194,0.0,0.038755633344395184
mistral,inst,self,pair_37,12,0.3870967741935484,0.08466114828415632,0.0
mistral,inst,self,pair_37,13,0.41935483870967744,0.0,0.05394940502808039
mistral,inst,self,pair_37,14,0.45161290322580644,0.0,0.20447131311318947
mistral,inst,self,pair_37,15,0.4838709677419355,0.03907234949762109,0.11499582875589331
mistral,inst,self,pair_37,16,0.5161290322580645,0.08014854487131647,0.0909140643199927
mistral,inst,self,pair_37,17,0.5483870967741935,0.046748290701520465,0.3845520231717807
mistral,inst,self,pair_37,18,0.5806451612903226,0.31801242219509185,0.2428944068285571
mistral,inst,self,pair_37,19,0.6129032258064516,0.24249888591609645,0.4022734660185534
mistral,inst,self,pair_37,20,0.6451612903225806,0.29470474581628175,0.3560350492495511
mistral,inst,self,pair_37,21,0.6774193548387096,0.44460904141818036,0.5686292746112669
mistral,inst,self,pair_37,22,0.7096774193548387,0.6722989288532911,0.7496638121860675
mistral,inst,self,pair_37,23,0.7419354838709677,0.7357734747856668,0.7764403326140104
mistral,inst,self,pair_37,24,0.7741935483870968,0.8656038775238606,0.9332842531279932
mistral,inst,self,pair_37,25,0.8064516129032258,0.9143947257785481,0.9880232646259841
mistral,inst,self,pair_37,26,0.8387096774193549,1.0177676392835755,0.9896535222852696
mistral,inst,self,pair_37,27,0.8709677419354839,1.2919149532184018,1.0156559051958856
mistral,inst,self,pair_37,28,0.9032258064516129,1.2717619903133675,1.1258553833094347
mistral,inst,self,pair_37,29,0.9354838709677419,1.3531088664118924,1.0268009325577057
mistral,inst,self,pair_37,30,0.967741935483871,1.322661803084177,1.06482186976631
mistral,inst,self,pair_37,31,1.0,1.4647918499466432,1.0539776039671886
mistral,inst,self,pair_38,0,0.0,0.04701292289777647,0.0
mistral,inst,self,pair_38,1,0.03225806451612903,0.02167586876080565,0.0
mistral,inst,self,pair_38,2,0.06451612903225806,0.0,0.005250139278552349
mistral,inst,self,pair_38,3,0.0967741935483871,0.0,0.0377241477753828
mistral,inst,self,pair_38,4,0.12903225806451613,0.0,0.0
mistral,inst,self,pair_38,5,0.16129032258064516,0.0,0.0
mistral,inst,self,pair_38,6,0.1935483870967742,0.06671167368752165,0.014482940617238732
mistral,inst,self,pair_38,7,0.22580645161290322,0.0,0.0
mistral,inst,self,pair_38,8,0.25806451612903225,0.08158374831322526,0.0
mistral,inst,self,pair_38,9,0.2903225806451613,0.04358629436324095,0.07869272974909403
mistral,inst,self,pair_38,10,0.3225806451612903,0.0,0.004814699605730506
mistral,inst,self,pair_38,11,0.3548387096774194,0.0,0.10106829777421686
mistral,inst,self,pair_38,12,0.3870967741935484,0.0,0.0
mistral,inst,self,pair_38,13,0.41935483870967744,0.03154552492190465,0.05614748029196752
mistral,inst,self,pair_38,14,0.45161290322580644,0.06521238749702557,0.0
mistral,inst,self,pair_38,15,0.4838709677419355,0.2062953762707005,0.15137003396677193
mistral,inst,self,pair_38,16,0.5161290322580645,0.012736620911349167,0.2803946865169632
mistral,inst,self,pair_38,17,0.5483870967741935,0.1290340601545997,0.15009191596029464
mistral,inst,self,pair_38,18,0.5806451612903226,0.1442476502575014,0.31388863463507594
mistral,inst,self,pair_38,19,0.6129032258064516,0.28241383050935265,0.39657754860445604
mistral,inst,self,pair_38,20,0.6451612903225806,0.3562687181783718,0.5029594386985595
mistral,inst,self,pair_38,21,0.6774193548387096,0.4339790879272495,0.5089885117756914
mistral,inst,self,pair_38,22,0.7096774193548387,0.5642686150981254,0.7174396725982598
mistral,inst,self,pair_38,23,0.7419354838709677,0.7329645454555994,0.5892099884995557
mistral,inst,self,pair_38,24,0.7741935483870968,0.7677992954519227,0.7320153526945039
mistral,inst,self,pair_38,25,0.8064516129032258,1.0004298726453835,1.0192714332531887
mistral,inst,self,pair_38,26,0.8387096774193549,0.9871107723143162,0.8256945793430516
mistral,inst,self,pair_38,27,0.8709677419354839,1.0867095404995433,1.0058493846965326
mistral,inst,self,pair_38,28,0.9032258064516129,1.2425726833147979,1.1217966325807358
mistral,inst,self,pair_38,29,0.9354838709677419,1.2048495827110821,1.122695140872379
mistral,inst,self,pair_38,30,0.967741935483871,1.3457444172258277,1.206736488737049
mistral,inst,self,pair_38,31,1.0,1.430785349914025,1.083890843369684
mistral,inst,self,pair_39,0,0.0,0.0,0.0920233669328724
mistral,inst,self,pair_39,1,0.03225806451612903,0.0,0.0
mistral,inst,self,pair_39,2,0.06451612903225806,0.0,0.007617929194297502
mistral,inst,self,pair_39,3,0.0967741935483871,0.014747705421514889,0.0
mistral,inst,self,pair_39,4,0.12903225806451613,0.0,0.0
mistral,inst,self,pair_39,5,0.16129032258064516,0.08962700000285458,0.0
mistral,inst,self,pair_39,6,0.1935483870967742,0.0,0.0
mistral,inst,self,pair_39,7,0.22580645161290322,0.0,0.07135392584706793
mistral,inst,self,pair_39,8,0.25806451612903225,0.0009700561639907047,0.006788385298492128
mistral,inst,self,pair_39,9,0.2903225806451613,0.08688027115513534,0.0785219290338884
mistral,inst,self,pair_39,10,0.3225806451612903,0.022420791505061873,0.17983890231177263
mistral,inst,self,pair_39,11,0.3548387096774194,0.0,0.13444774075759222
mistral,inst,self,pair_39,12,0.3870967741935484,0.07347601554463506,0.0
mistral,inst,self,pair_39,13,0.41935483870967744,0.12128719921031841,0.16145490473359997
mistral,inst,self,pair_39,14,0.45161290322580644,0.026046720414154474,0.026420021694485915
mistral,inst,self,pair_39,15,0.4838709677419355,0.01269485400556749,0.2295183549207948
mistral,inst,self,pair_39,16,0.5161290322580645,0.1230073218300081,0.07902082089382095
mistral,inst,self,pair_39,17,0.5483870967741935,0.23800034708434414,0.29095201427777306
mistral,inst,self,pair_39,18,0.5806451612903226,0.07789800254598465,0.3009803138295305
mistral,inst,self,pair_39,19,0.6129032258064516,0.24288115439178118,0.36198227886216605
mistral,inst,self,pair_39,20,0.6451612903225806,0.38634759559959464,0.47469315666460693
mistral,inst,self,pair_39,21,0.6774193548387096,0.5154342095654243,0.5197381758216645
mistral,inst,self,pair_39,22,0.7096774193548387,0.5460711171208961,0.6191127582463974
mistral,inst,self,pair_39,23,0.7419354838709677,0.4860300918217147,0.7041444183665557
mistral,inst,self,pair_39,24,0.7741935483870968,0.9589991749441975,0.7586360595832385
mistral,inst,self,pair_39,25,0.8064516129032258,0.8878655800749796,0.9297736581676403
mistral,inst,self,pair_39,26,0.8387096774193549,1.3095403745451666,0.9229873321440831
mistral,inst,self,pair_39,27,0.8709677419354839,1.2511290478882058,0.9781432767817614
mistral,inst,self,pair_39,28,0.9032258064516129,1.1935326350435609,1.024809055014075
mistral,inst,self,pair_39,29,0.9354838709677419,1.319190967571065,1.0678925769332048
mistral,inst,self,pair_39,30,0.967741935483871,1.305162779117835,1.0166643440412517
mistral,inst,self,pair_39,31,1.0,1.3117556883820929,1.1361303564251115
mistral,inst,self,pair_40,0,0.0,0.0,0.07724305181174831
mistral,inst,self,pair_40,1,0.03225806451612903,0.06934427288395496,0.0
mistral,inst,self,pair_40,2,0.06451612903225806,0.0,0.0
mistral,inst,self,pair_40,3,0.0967741935483871,0.0,0.0
mistral,inst,self,pair_40,4,0.12903225806451613,0.0,0.0
mistral,inst,self,pair_40,5,0.16129032258064516,0.05795826014959109,0.0
mistral,inst,self,pair_40,6,0.1935483870967742,0.0,0.04497332015391183
mistral,inst,self,pair_40,7,0.22580645161290322,0.04595740711020421,0.11568281639336371
mistral,inst,self,pair_40,8,0.25806451612903225,0.0,0.022496125134566582
mistral,inst,self,pair_40,9,0.2903225806451613,0.0,0.0
mistral,inst,self,pair_40,10,0.3225806451612903,0.08231137636195315,0.05755096841663308
mistral,inst,self,pair_40,11,0.3548387096774194,0.0,0.035982137062554174
mistral,inst,self,pair_40,12,0.3870967741935484,0.06386971737057885,0.03279780323003974
mistral,inst,self,pair_40,13,0.41935483870967744,0.018716712814096773,0.2472643180980909
mistral,inst,self,pair_40,14,0.45161290322580644,0.0,0.04030635682326913
mistral,inst,self,pair_40,15,0.4838709677419355,0.17230003179814657,0.13123035451658713
mistral,inst,self,pair_40,16,0.5161290322580645,0.07189755234828002,0.06405463314899736
mistral,inst,self,pair_40,17,0.5483870967741935,0.14594548098166815,0.256848875399265
mistral,inst,self,pair_40,18,0.5806451612903226,0.26146182915317007,0.38069203814891034
mistral,inst,self,pair_40,19,0.6129032258064516,0.2687539430602098,0.30168521579578433
mistral,inst,self,pair_40,20,0.6451612903225806,0.23634659375241787,0.5574808307155826
mistral,inst,self,pair_40,21,0.6774193548387096,0.39665075422988477,0.6253005573901289
mistral,inst,self,pair_40,22,0.7096774193548387,0.6299661869708814,0.609354127857969
mistral,inst,self,pair_40,23,0.7419354838709677,0.8252772154316861,0.7203554893419364
mistral,inst,self,pair_40,24,0.7741935483870968,0.9598542415772627,0.7950670337921635
mistral,inst,self,pair_40,25,0.8064516129032258,0.9712681558582722,0.8853188468934104
mistral,inst,self,pair_40,26,0.8387096774193549,1.2813996239180407,0.9936405286460502
mistral,inst,self,pair_40,27,0.8709677419354839,1.2146958328867647,0.8906231944637388
mistral,inst,self,pair_40,28,0.9032258064516129,1.2391561277827192,0.9606688453628197
mistral,inst,self,pair_40,29,0.9354838709677419,1.1915074087060293,1.0281826420133116
mistral,inst,self,pair_40,30,0.967741935483871,1.551994487059262,1.2138583036181045
mistral,inst,self,pair_40,31,1.0,1.5084826527783814,1.1063587223786369
mistral,inst,self,pair_41,0,0.0,0.0,0.0
mistral,inst,self,pair_41,1,0.03225806451612903,0.06971739451967654,0.0
mistral,inst,self,pair_41,2,0.06451612903225806,0.0,0.05421750508252508
mistral,inst,self,pair_41,3,0.0967741935483871,0.0,0.08166383644465779
mistral,inst,self,pair_41,4,0.12903225806451613,0.0,0.0
mistral,inst,self,pair_41,5,0.16129032258064516,0.07920626741133549,0.030701014416501606
mistral,inst,self,pair_41,6,0.1935483870967742,0.01656536997819681,0.0
mistral,inst,self,pair_41,7,0.22580645161290322,0.06369277839168397,0.11733148783958243
mistral,inst,self,pair_41,8,0.25806451612903225,0.0,0.0
mistral,inst,self,pair_41,9,0.2903225806451613,0.14465990704417445,0.0
mistral,inst,self,pair_41,10,0.3225806451612903,0.0,0.06726708391088498
mistral,inst,self,pair_41,11,0.3548387096774194,0.0,0.09481816824891331
mistral,inst,self,pair_41,12,0.3870967741935484,0.0,0.027690841407174763
mistral,inst,self,pair_41,13,0.41935483870967744,0.0,0.009810055274525206
mistral,inst,self,pair_41,14,0.45161290322580644,0.044019564268454534,0.2060284908725855
mistral,inst,self,pair_41,15,0.4838709677419355,0.0,0.15372163685928938
mistral,inst,self,pair_41,16,0.5161290322580645,0.03732945006379186,0.15234083558812458
mistral,inst,self,pair_41,17,0.5483870967741935,0.18821583433237177,0.21636036408137865
mistral,inst,self,pair_41,18,0.5806451612903226,0.30055141968829735,0.15760848790841786
mistral,inst,self,pair_41,19,0.6129032258064516,0.0988805780224612,0.3283889116844187
mistral,inst,self,pair_41,20,0.6451612903225806,0.348653811088392,0.5196440744863573
mistral,inst,self,pair_41,21,0.6774193548387096,0.3857772087693926,0.5253933661934873
mistral,inst,self,pair_41,22,0.7096774193548387,0.49268165932489033,0.7017634361978489
mistral,inst,self,pair_41,23,0.7419354838709677,0.7855710052847653,0.7425574109632989
mistral,inst,self,pair_41,24,0.7741935483870968,0.8485449704025104,0.806159145095526
mistral,inst,self,pair_41,25,0.8064516129032258,0.9100805276191111,0.7624840512982587
mistral,inst,self,pair_41,26,0.8387096774193549,1.178493454914792,0.9930195109907217
mistral,inst,self,pair_41,27,0.8709677419354839,1.23901633220086,0.9591497540893107
mistral,inst,self,pair_41,28,0.9032258064516129,1.1998798607672014,1.1196829062062372
mistral,inst,self,pair_41,29,0.9354838709677419,1.3721154032848213,1.0724031188442626
mistral,inst,self,pair_41,30,0.967741935483871,1.490108312607249,1.2513657422164077
mistral,inst,self,pair_41,31,1.0,1.5543957234510968,1.1016832507975471
mistral,inst,self,pair_42,0,0.0,0.040746175648108576,0.07092297423464533
mistral,inst,self,pair_42,1,0.03225806451612903,0.0,0.20435100158476327
mistral,inst,self,pair_42,2,0.06451612903225806,0.0,0.06794408760562165
mistral,inst,self,pair_42,3,0.0967741935483871,0.054175676352017164,0.0966203712338624
mistral,inst,self,pair_42,4,0.12903225806451613,0.0,0.0
mistral,inst,self,pair_42,5,0.16129032258064516,0.0018460696246571867,0.019807711276499215
mistral,inst,self,pair_42,6,0.1935483870967742,0.0,0.10916310101108487
mistral,inst,self,pair_42,7,0.22580645161290322,0.0,0.05632319972419192
mistral,inst,self,pair_42,8,0.25806451612903225,0.09301293333088137,0.0
mistral,inst,self,pair_42,9,0.2903225806451613,0.0,0.0066282713588606615
mistral,inst,self,pair_42,10,0.3225806451612903,0.0,0.0
mistral,inst,self,pair_42,11,0.3548387096774194,0.0,0.2690876243174206
mistral,inst,self,pair_42,12,0.3870967741935484,0.0075467245048592615,0.0008891041177333733
mistral,inst,self,pair_42,13,0.41935483870967744,0.0,0.1100317271168344
mistral,inst,self,pair_42,14,0.45161290322580644,0.04610708497366149,0.0
mistral,inst,self,pair_42,15,0.4838709677419355,0.018055151751061427,0.15324092996044544
mistral,inst,self,pair_42,16,0.5161290322580645,0.04569391787758293,0.2280353368689547
mistral,inst,self,pair_42,17,0.5483870967741935,0.14762250375616282,0.2917399923275735
mistral,inst,self,pair_42,18,0.5806451612903226,0.23483754415548214,0.31437869016101566
mistral,inst,self,pair_42,19,0.6129032258064516,0.3669826533236209,0.24042187123796133
mistral,inst,self,pair_42,20,0.6451612903225806,0.2051847517990284,0.3705218066846111
mistral,inst,self,pair_42,21,0.6774193548387096,0.4113678698848173,0.5130061299062929
mistral,inst,self,pair_42,22,0.7096774193548387,0.423365398638998,0.7339099253072647
mistral,inst,self,pair_42,23,0.7419354838709677,0.7110056698146883,0.7359876151222523
mistral,inst,self,pair_42,24,0.7741935483870968,0.7643009868290037,0.7884463486846616
mistral,inst,self,pair_42,25,0.8064516129032258,0.9579930049866173,0.9100478762903746
mistral,inst,self,pair_42,26,0.8387096774193549,1.1980919127545662,0.9622338714439869
mistral,inst,self,pair_42,27,0.8709677419354839,1.1484944874988758,1.0389757176502845
mistral,inst,self,pair_42,28,0.9032258064516129,1.3016852820385734,0.9861650983323205
mistral,inst,self,pair_42,29,0.9354838709677419,1.3495531465467523,0.9519315570185936
mistral,inst,self,pair_42,30,0.967741935483871,1.3952139344395167,0.8849150500369038
mistral,inst,self,pair_42,31,1.0,1.3897689539592244,1.2017999684331089
mistral,inst,self,pair_43,0,0.0,0.0,0.011629091772941682
mistral,inst,self,pair_43,1,0.03225806451612903,0.014052045014559584,0.0
mistral,inst,self,pair_43,2,0.06451612903225806,0.0,0.0
mistral,inst,self,pair_43,3,0.0967741935483871,0.0,0.031198307425563083
mistral,inst,self,pair_43,4,0.12903225806451613,0.07590057128558972,0.0
mistral,inst,self,pair_43,5,0.16129032258064516,0.0,0.0
mistral,inst,self,pair_43,6,0.1935483870967742,0.11087341582822484,0.0
mistral,inst,self,pair_43,7,0.22580645161290322,0.08044607438378058,0.0
mistral,inst,self,pair_43,8,0.25806451612903225,0.0,0.0
mistral,inst,self,pair_43,9,0.2903225806451613,0.0,0.0
mistral,inst,self,pair_43,10,0.3225806451612903,0.0,0.0
mistral,inst,self,pair_43,11,0.3548387096774194,0.003854235290346366,0.0
mistral,inst,self,pair_43,12,0.3870967741935484,0.0,0.021737065060226116
mistral,inst,self,pair_43,13,0.41935483870967744,0.0,0.0
mistral,inst,self,pair_43,14,0.45161290322580644,0.04879890822948698,0.0
mistral,inst,self,pair_43,15,0.4838709677419355,0.21777760443462701,0.22604087356365624
mistral,inst,self,pair_43,16,0.5161290322580645,0.2280438707480158,0.15924779809745385
mistral,inst,self,pair_43,17,0.5483870967741935,0.0,0.35778177692147023
mistral,inst,self,pair_43,18,0.5806451612903226,0.18704684235614497,0.42160390222629796
mistral,inst,self,pair_43,19,0.6129032258064516,0.3398755440556587,0.3807556429762187
mistral,inst,self,pair_43,20,0.6451612903225806,0.2481136958655757,0.36624779488690923
mistral,inst,self,pair_43,21,0.6774193548387096,0.4224588583843469,0.5359737258645924
mistral,inst,self,pair_43,22,0.7096774193548387,0.5597297680311689,0.6507013014716458
mistral,inst,self,pair_43,23,0.7419354838709677,0.8286728043960215,0.870380901580033
mistral,inst,self,pair_43,24,0.7741935483870968,0.7252058448084497,0.8507019984745636
mistral,inst,self,pair_43,25,0.8064516129032258,1.072845868996878,0.9035486911956465
mistral,inst,self,pair_43,26,0.8387096774193549,1.1569036424377852,0.9062050258893243
mistral,inst,self,pair_43,27,0.8709677419354839,1.2226221643368151,1.0047701260118944
mistral,inst,self,pair_43,28,0.9032258064516129,1.2380714591802038,1.0212112396537874
mistral,inst,self,pair_43,29,0.9354838709677419,1.388249789558027,1.0691571357251675
mistral,inst,self,pair_43,30,0.967741935483871,1.3923439329204361,1.1060363902899575
mistral,inst,self,pair_43,31,1.0,1.3920611867900194,1.0545434938467058
mistral,inst,self,pair_44,0,0.0,0.0,0.014545160760491378
mistral,inst,self,pair_44,1,0.03225806451612903,0.0,0.0
mistral,inst,self,pair_44,2,0.06451612903225806,0.0,0.034429684274165144
mistral,inst,self,pair_44,3,0.0967741935483871,0.04140331228318567,0.0
mistral,inst,self,pair_44,4,0.12903225806451613,0.04490266961056449,0.0
mistral,inst,self,pair_44,5,0.16129032258064516,0.0,0.07449787813873253
mistral,inst,self,pair_44,6,0.1935483870967742,0.0,0.08033554210319244
mistral,inst,self,pair_44,7,0.22580645161290322,0.012634867059526877,0.16117109324045514
mistral,inst,self,pair_44,8,0.25806451612903225,0.13161513376738315,0.04489641909644557
mistral,inst,self,pair_44,9,0.2903225806451613,0.0,0.12294131295790309
mistral,inst,self,pair_44,10,0.3225806451612903,0.038447647548924914,0.08857750210199795
mistral,inst,self,pair_44,11,0.3548387096774194,0.05446880643702339,0.059696977534469335
mistral,inst,self,pair_44,12,0.3870967741935484,0.0,0.12410901027019676
mistral,inst,self,pair_44,13,0.41935483870967744,0.0,0.18383731563454292
mistral,inst,self,pair_44,14,0.45161290322580644,0.0,0.10276199632104802
mistral,inst,self,pair_44,15,0.4838709677419355,0.1823092123923931,0.15763698963891606
mistral,inst,self,pair_44,16,0.5161290322580645,0.019576469596192456,0.24348584780554922
mistral,inst,self,pair_44,17,0.5483870967741935,0.11780264768416955,0.27494507486150094
mistral,inst,self,pair_44,18,0.5806451612903226,0.1399379001668838,0.3028349171359559
mistral,inst,self,pair_44,19,0.6129032258064516,0.36766272381292114,0.3538613789410237
mistral,inst,self,pair_44,20,0.6451612903225806,0.512666144615594,0.5449544501673207
mistral,inst,self,pair_44,21,0.6774193548387096,0.49204381773746686,0.541034970095132
mistral,inst,self,pair_44,22,0.7096774193548387,0.5276782551112856,0.683650318992081
mistral,inst,self,pair_44,23,0.7419354838709677,0.7166972841640866,0.7519222741412801
mistral,inst,self,pair_44,24,0.7741935483870968,0.9533761709997091,0.7787132905421329
mistral,inst,self,pair_44,25,0.8064516129032258,1.0411499376224957,0.7307167731337953
mistral,inst,self,pair_44,26,0.8387096774193549,1.217826546678943,0.8585502172965662
mistral,inst,self,pair_44,27,0.8709677419354839,1.207962652008106,1.042413685139946
mistral,inst,self,pair_44,28,0.9032258064516129,1.3237698359858934,1.0971007584407124
mistral,inst,self,pair_44,29,0.9354838709677419,1.3963286013510712,1.2618532681821124
mistral,inst,self,pair_44,30,0.967741935483871,1.5047013281194954,1.1776769982334108
mistral,inst,self,pair_44,31,1.0,1.279431782812208,1.1005671982513106
mistral,inst,self,pair_45,0,0.0,0.1307394408326274,0.0
mistral,inst,self,pair_45,1,0.03225806451612903,0.0,0.0
mistral,inst,self,pair_45,2,0.06451612903225806,0.1678543896489302,0.0
mistral,inst,self,pair_45,3,0.0967741935483871,0.007620707504813136,0.0
mistral,inst,self,pair_45,4,0.12903225806451613,0.0,0.006715515444220369
mistral,inst,self,pair_45,5,0.16129032258064516,0.0,0.0
mistral,inst,self,pair_45,6,0.1935483870967742,0.0,0.0
mistral,inst,self,pair_45,7,0.22580645161290322,0.0,0.0
mistral,inst,self,pair_45,8,0.25806451612903225,0.0,0.02563460916804515
mistral,inst,self,pair_45,9,0.2903225806451613,0.0,0.0863936096389452
mistral,inst,self,pair_45,10,0.3225806451612903,0.0,0.11501693992091912
mistral,inst,self,pair_45,11,0.3548387096774194,0.02830883187039855,0.0
mistral,inst,self,pair_45,12,0.3870967741935484,0.11974986008134897,0.06536194107589734
mistral,inst,self,pair_45,13,0.41935483870967744,0.1439086124298714,0.19097729637370248
mistral,inst,self,pair_45,14,0.45161290322580644,0.0,0.144508524114988
mistral,inst,self,pair_45,15,0.4838709677419355,0.005179185787747301,0.0783014184038038
mistral,inst,self,pair_45,16,0.5161290322580645,0.019262319331033048,0.31050665084985246
mistral,inst,self,pair_45,17,0.5483870967741935,0.24387070384991663,0.3350862428187974
mistral,inst,self,pair_45,18,0.5806451612903226,0.07245331908983259,0.3281836769348094
mistral,inst,self,pair_45,19,0.6129032258064516,0.21479744821185884,0.3041913876470625
mistral,inst,self,pair_45,20,0.6451612903225806,0.32278685930570594,0.4583957748321299
mistral,inst,self,pair_45,21,0.6774193548387096,0.45313342562063696,0.45049908781342274
mistral,inst,self,pair_45,22,0.7096774193548387,0.5482258411319763,0.689046274069969
mistral,inst,self,pair_45,23,0.7419354838709677,0.8359136255586461,0.7679917860275054
mistral,inst,self,pair_45,24,0.7741935483870968,0.8193058694202516,0.9611115043722831
mistral,inst,self,pair_45,25,0.8064516129032258,1.067644662796499,0.8751373100426176
mistral,inst,self,pair_45,26,0.8387096774193549,1.0103906044078628,0.8052549048982149
mistral,inst,self,pair_45,27,0.8709677419354839,1.3495416535570541,1.0950935785263056
mistral,inst,self,pair_45,28,0.9032258064516129,1.271573095523633,1.0922121092732933
mistral,inst,self,pair_45,29,0.9354838709677419,1.2685044204101794,1.1884404748081885
mistral,inst,self,pair_45,30,0.967741935483871,1.3270186874630905,1.0466102625095322
mistral,inst,self,pair_45,31,1.0,1.5318558445720527,1.0790927397213699
mistral,inst,self,pair_46,0,0.0,0.0,0.09340738115901301
mistral,inst,self,pair_46,1,0.03225806451612903,0.018684266660398144,0.09867930586549326
mistral,inst,self,pair_46,2,0.06451612903225806,0.0,0.0
mistral,inst,self,pair_46,3,0.0967741935483871,0.06733729186757337,0.03028217982699801
mistral,inst,self,pair_46,4,0.12903225806451613,0.011137188192147193,0.0
mistral,inst,self,pair_46,5,0.16129032258064516,0.0,0.0
mistral,inst,self,pair_46,6,0.1935483870967742,0.055938363763652216,0.0
mistral,inst,self,pair_46,7,0.22580645161290322,0.0,0.044358376854131173
mistral,inst,self,pair_46,8,0.25806451612903225,0.0,0.07087157744916273
mistral,inst,self,pair_46,9,0.2903225806451613,0.0,0.0929259029135297
mistral,inst,self,pair_46,10,0.3225806451612903,0.11871783992217998,0.0
mistral,inst,self,pair_46,11,0.3548387096774194,0.0,0.0
mistral,inst,self,pair_46,12,0.3870967741935484,0.04159840484661509,0.2207823837014112
mistral,inst,self,pair_46,13,0.41935483870967744,0.0026572452142097323,0.06468518538285065
mistral,inst,self,pair_46,14,0.45161290322580644,0.0,0.03479691007207802
mistral,inst,self,pair_46,15,0.4838709677419355,0.13129454703998256,0.2123331768734636
mistral,inst,self,pair_46,16,0.5161290322580645,0.1589611441975829,0.2643968780574935
mistral,inst,self,pair_46,17,0.5483870967741935,0.10408234909846616,0.1816934992334988
mistral,inst,self,pair_46,18,0.5806451612903226,0.3268416552138341,0.21773153972279996
mistral,inst,self,pair_46,19,0.6129032258064516,0.2364069131156684,0.34713965929481283
mistral,inst,self,pair_46,20,0.6451612903225806,0.30145385054625146,0.4220035605359173
mistral,inst,self,pair_46,21,0.6774193548387096,0.4256560398176663,0.5560447964274404
mistral,inst,self,pair_46,22,0.7096774193548387,0.5596063511601873,0.7165074709199404
mistral,inst,self,pair_46,23,0.7419354838709677,0.6922738099856676,0.7124268118934834
mistral,inst,self,pair_46,24,0.7741935483870968,0.878696558449312,0.6907581411308975
mistral,inst,self,pair_46,25,0.8064516129032258,0.9404307517762658,0.9486128083813569
mistral,inst,self,pair_46,26,0.8387096774193549,1.1440511196308318,0.967415820588156
mistral,inst,self,pair_46,27,0.8709677419354839,1.2489249094115185,0.9268206800319713
mistral,inst,self,pair_46,28,0.9032258064516129,1.310909199376947,1.0111175037021056
mistral,inst,self,pair_46,29,0.9354838709677419,1.386625733692724,1.2280004718913866
mistral,inst,self,pair_46,30,0.967741935483871,1.298266749078469,1.2493915137580804
mistral,inst,self,pair_46,31,1.0,1.3797907944135326,1.185312676513285
mistral,inst,self,pair_47,0,0.0,0.0,0.0
mistral,inst,self,pair_47,1,0.03225806451612903,0.0,0.1029852235832166
mistral,inst,self,pair_47,2,0.06451612903225806,0.16534669515733302,0.0
mistral,inst,self,pair_47,3,0.0967741935483871,0.0,0.10072263614155091
mistral,inst,self,pair_47,4,0.12903225806451613,0.0,0.0
mistral,inst,self,pair_47,5,0.16129032258064516,0.05813138920097794,0.007330180065807737
mistral,inst,self,pair_47,6,0.1935483870967742,0.10687007293606207,0.008407017585066774
mistral,inst,self,pair_47,7,0.22580645161290322,0.0,0.16790533044831848
mistral,inst,self,pair_47,8,0.25806451612903225,0.0,0.06549999808053472
mistral,inst,self,pair_47,9,0.2903225806451613,0.010925588874821184,0.0
mistral,inst,self,pair_47,10,0.3225806451612903,0.0,0.12495226443384873
mistral,inst,self,pair_47,11,0.3548387096774194,0.060363786521872645,0.18583495292760543
mistral,inst,self,pair_47,12,0.3870967741935484,0.03341383291379698,0.0653516800763126
mistral,inst,self,pair_47,13,0.41935483870967744,0.0,0.0
mistral,inst,self,pair_47,14,0.45161290322580644,0.09924147081538784,0.07519220797424304
mistral,inst,self,pair_47,15,0.4838709677419355,0.061676995675563465,0.13589853157512669
mistral,inst,self,pair_47,16,0.5161290322580645,0.18925354208131057,0.1521551148620631
mistral,inst,self,pair_47,17,0.5483870967741935,0.06926158030497412,0.21634698167406946
mistral,inst,self,pair_47,18,0.5806451612903226,0.3256962028931672,0.303849954266034
mistral,inst,self,pair_47,19,0.6129032258064516,0.2529301875162863,0.33001118321160805
mistral,inst,self,pair_47,20,0.6451612903225806,0.3080490937915742,0.35531750381911414
mistral,inst,self,pair_47,21,0.6774193548387096,0.3992006383496451,0.5453073680455311
mistral,inst,self,pair_47,22,0.7096774193548387,0.4741159269536621,0.6136208618275237
mistral,inst,self,pair_47,23,0.7419354838709677,0.618460764391572,0.654426830327926
mistral,inst,self,pair_47,24,0.7741935483870968,0.8224351081357856,0.8125091563194463
mistral,inst,self,pair_47,25,0.8064516129032258,0.9859183292059109,1.0021720213002963
mistral,inst,self,pair_47,26,0.8387096774193549,1.215427363000932,0.9428359347358003
mistral,inst,self,pair_47,27,0.8709677419354839,1.200038218255792,0.9552908631133151
mistral,inst,self,pair_47,28,0.9032258064516129,1.424994774646367,1.1549760667970614
mistral,inst,self,pair_47,29,0.9354838709677419,1.2748036482260627,1.0886697301416663
mistral,inst,self,pair_47,30,0.967741935483871,1.5050664509909792,1.0924289173222665
mistral,inst,self,pair_47,31,1.0,1.3926350336560747,1.2229255878642245
mistral,inst,self,pair_48,0,0.0,0.0,0.17578227921210313
mistral,inst,self,pair_48,1,0.03225806451612903,0.029258610466061607,0.0
mistral,inst,self,pair_48,2,0.06451612903225806,0.0,0.06761944592089192
mistral,inst,self,pair_48,3,0.0967741935483871,0.0,0.032511013766331705
mistral,inst,self,pair_48,4,0.12903225806451613,0.02932511084274833,0.04833348258091478
mistral,inst,self,pair_48,5,0.16129032258064516,0.0,0.0
mistral,inst,self,pair_48,6,0.1935483870967742,0.044603465530934125,0.056039635672882684
mistral,inst,self,pair_48,7,0.22580645161290322,0.12382460186725128,0.0
mistral,inst,self,pair_48,8,0.25806451612903225,0.0,0.0
mistral,inst,self,pair_48,9,0.2903225806451613,0.015761405208972557,0.10676142477541714
mistral,inst,self,pair_48,10,0.3225806451612903,0.0,0.0
mistral,inst,self,pair_48,11,0.3548387096774194,0.07977181771387494,0.04113582167188802
mistral,inst,self,pair_48,12,0.3870967741935484,0.0,0.010911485822374063
mistral,inst,self,pair_48,13,0.41935483870967744,0.03617755252415172,0.0445589252604035
mistral,inst,self,pair_48,14,0.45161290322580644,0.08252638312774702,0.030048378902368868
mistral,inst,self,pair_48,15,0.4838709677419355,0.07880768824689183,0.06047015721592401
mistral,inst,self,pair_48,16,0.5161290322580645,0.0,0.22624741184491545
mistral,inst,self,pair_48,17,0.5483870967741935,0.112541265353547,0.1628079901640107
mistral,inst,self,pair_48,18,0.5806451612903226,0.08301073833208517,0.2460391796052983
mistral,inst,self,pair_48,19,0.6129032258064516,0.3379896342471606,0.3730540744900227
mistral,inst,self,pair_48,20,0.6451612903225806,0.4162490759999503,0.4899449774380871
mistral,inst,self,pair_48,21,0.6774193548387096,0.5403452857579414,0.5470126953686019
mistral,inst,self,pair_48,22,0.7096774193548387,0.6365790080567302,0.49279456736961846
mistral,inst,self,pair_48,23,0.7419354838709677,0.7400217835595673,0.564024556262851
mistral,inst,self,pair_48,24,0.7741935483870968,0.9313060811268664,1.0286644914394343
mistral,inst,self,pair_48,25,0.8064516129032258,0.9751029678888903,1.0099435153737333
mistral,inst,self,pair_48,26,0.8387096774193549,1.1861329931124105,0.9425196261662863
mistral,inst,self,pair_48,27,0.8709677419354839,1.1777304335235685,1.0598813281103696
mistral,inst,self,pair_48,28,0.9032258064516129,1.307566710218389,1.0743551008874863
mistral,inst,self,pair_48,29,0.9354838709677419,1.3435912760739566,1.0683649079965636
mistral,inst,self,pair_48,30,0.967741935483871,1.325025375320215,0.9999457338120258
mistral,inst,self,pair_48,31,1.0,1.4210726183049949,1.1691008648553276
mistral,inst,self,pair_49,0,0.0,0.0,0.0
mistral,inst,self,pair_49,1,0.03225806451612903,0.0,0.06389808834352892
mistral,inst,self,pair_49,2,0.06451612903225806,0.08572697859535591,0.0
mistral,inst,self,pair_49,3,0.0967741935483871,0.0,0.02847195979100898
mistral,inst,self,pair_49,4,0.12903225806451613,0.0,0.04721034682197579
mistral,inst,self,pair_49,5,0.16129032258064516,0.14453350065906947,0.08579737537953182
mistral,inst,self,pair_49,6,0.1935483870967742,0.0665505082269546,0.15472313665867757
mistral,inst,self,pair_49,7,0.22580645161290322,0.0,0.03816891386808647
mistral,inst,self,pair_49,8,0.25806451612903225,0.0,0.15377901370358332
mistral,inst,self,pair_49,9,0.2903225806451613,0.06479781786320922,0.013590121436559941
mistral,inst,self,pair_49,10,0.3225806451612903,0.0,0.0
mistral,inst,self,pair_49,11,0.3548387096774194,0.0,0.0
mistral,inst,self,pair_49,12,0.3870967741935484,0.0,0.008558943978733566
mistral,inst,self,pair_49,13,0.41935483870967744,0.0,0.025306554129058988
mistral,inst,self,pair_49,14,0.45161290322580644,0.019493524813347134,0.11100027335159682
mistral,inst,self,pair_49,15,0.4838709677419355,0.12425311270024007,0.0922247268892592
mistral,inst,self,pair_49,16,0.5161290322580645,0.0,0.1472637689833075
mistral,inst,self,pair_49,17,0.5483870967741935,0.059440469557515196,0.2151378135566768
mistral,inst,self,pair_49,18,0.5806451612903226,0.05599484520568025,0.21269063394476528
mistral,inst,self,pair_49,19,0.6129032258064516,0.17337750962007306,0.37806537707606225
mistral,inst,self,pair_49,20,0.6451612903225806,0.2661917606019264,0.3725214607299812
mistral,inst,self,pair_49,21,0.6774193548387096,0.41455890865008926,0.5524015586450508
mistral,inst,self,pair_49,22,0.7096774193548387,0.5079273711846567,0.5034138324342441
mistral,inst,self,pair_49,23,0.7419354838709677,0.6332757418808402,0.7176140277803862
mistral,inst,self,pair_49,24,0.7741935483870968,0.8757545924875427,0.9242881850473474
mistral,inst,self,pair_49,25,0.8064516129032258,0.8923425846894294,0.8249903701421198
mistral,inst,self,pair_49,26,0.8387096774193549,1.1779530410916017,0.891287105180128
mistral,inst,self,pair_49,27,0.8709677419354839,1.2395692447478204,1.0685845288760656
mistral,inst,self,pair_49,28,0.9032258064516129,1.275382514447347,1.110622880945781
mistral,inst,self,pair_49,29,0.9354838709677419,1.482449171544595,1.1490830140660442
mistral,inst,self,pair_49,30,0.967741935483871,1.4469093370056325,1.2297935991804991
mistral,inst,self,pair_49,31,1.0,1.5303024216288517,1.2636454300658015
