layer,relative_depth,pair_id,eval_split,shift_V_self,shift_A_self,magnitude_self,shift_V_reader,shift_A_reader,magnitude_reader,pairwise_cos
0,0.0,P_rage-d1-v1,discovery,0.023508765212884697,0.027312647718968464,0.0360366864078124,0.013476582495868028,0.028862701647487832,0.031853945158486,0.96273576075269
0,0.0,P_rage-d1-v2,confirmation,-0.013168636336807982,0.0053836254897108304,0.014226609096498144,-0.007626084745730122,0.005827692810293605,0.009597873308197261,0.965242719981703
0,0.0,P_rage-d1-v3,discovery,-0.143053826825966,-0.06038917539237776,0.1552779761399692,-0.1545310064339791,-0.04641417376790358,0.16135088309660917,0.9942096399701253
0,0.0,P_rage-d1-v4,discovery,-0.08133310021916351,-0.05007889780233121,0.09551423556913823,-0.1887294843879621,-0.10610249449788078,0.21650994807633864,0.9992102365048473
0,0.0,P_rage-d2-v1,discovery,-0.02071614255953147,-0.00637208694358371,0.02167399489165348,-0.02635727967767343,-0.0047444709824033815,0.02678089238449616,0.992771836295339
0,0.0,P_rage-d2-v2,discovery,0.007517286351907515,-0.0011088806545052066,0.007598632140228325,0.018657416335910337,0.006615321272751107,0.01979549594915993,0.8836504150766894
0,0.0,P_rage-d2-v3,confirmation,-0.05316278612386416,-0.01371023735472221,0.05490220794079728,0.0022930430419187964,0.01628733706856833,0.016447960213268154,-0.38227752048419533
0,0.0,P_rage-d2-v4,discovery,-0.07824981476407977,-0.0549739644367877,0.09563038364719655,-0.23222589646917058,-0.1386352972960614,0.27046000193610376,0.9972460591001806
0,0.0,P_rage-d3-v1,discovery,-0.09510337631755483,-0.029530134550271647,0.09958253377754353,-0.07206558039823019,-0.00786218631931268,0.07249318486487794,0.9815483331458075
0,0.0,P_rage-d3-v2,discovery,-0.033750897150676806,-0.0011777322958383962,0.03377143929174806,-0.059075023783244696,-0.016195207270204293,0.06125474000855611,0.9730491993660012
0,0.0,P_rage-d3-v3,confirmation,-0.06661503269746483,-0.03637810917027551,0.07590078661047454,-0.044576228694554576,-0.029841782061504674,0.053643006265827166,0.9959445791517576
0,0.0,P_rage-d3-v4,confirmation,-0.049448778951523664,-0.011915210219723527,0.05086407351340289,-0.01325864580580216,0.008683866575380783,0.015849328922788206,0.6849171001362928
0,0.0,P_grief-d1-v1,discovery,0.06058787996233583,0.02721093012532272,0.0664178132477697,0.14639389707648665,0.05035262818136488,0.15481136995069755,0.9958768733339675
0,0.0,P_grief-d1-v2,discovery,-0.03410612091697374,-0.01873936530790843,0.03891518079293061,0.0009793779617321974,-0.006957753450355764,0.007026344303253595,0.35468157483237817
0,0.0,P_grief-d1-v3,confirmation,-0.04711829012568636,-0.031611908773776065,0.05674016250144066,-0.0782158244365716,-0.03823547377333192,0.08706128098623259,0.9907327516169409
0,0.0,P_grief-d1-v4,confirmation,-0.10854846955837871,-0.06431645234565586,0.12617201070680173,-0.32655973933596627,-0.1682806422417853,0.36736853146191223,0.998255671705778
0,0.0,P_grief-d2-v1,confirmation,-0.00021450932882860485,0.0013643909065006454,0.001381150534118621,-0.03500957157281093,-0.014827330496002045,0.03801999252169105,-0.24224095017674874
0,0.0,P_grief-d2-v2,confirmation,0.02973807227875014,0.022893222999057272,0.03752935653779228,0.11960894443925651,0.0647862841908613,0.13602779939825607,0.9872812847448459
0,0.0,P_grief-d2-v3,confirmation,-0.03586336795401124,-0.014609769732895295,0.03872501171921093,-0.1315197324686439,-0.05292854983533113,0.1417704885238631,0.9999910118716224
0,0.0,P_grief-d2-v4,confirmation,-0.19191561575735516,-0.11275335863900615,0.22258688967659604,-0.40218812041669105,-0.2179872807551484,0.4574644672270565,0.9994047265513787
0,0.0,P_grief-d3-v1,discovery,-0.049200189187119214,-0.016718991681079487,0.05196328799143033,-0.09248918878397161,-0.030820484159541195,0.09748924189748154,0.9999825205289709
0,0.0,P_grief-d3-v2,confirmation,-0.030481017107111263,-0.01979260014275841,0.03634335460982007,-0.08078972420322117,-0.03463616535266789,0.08790132813086439,0.9854329250472311
0,0.0,P_grief-d3-v3,confirmation,-0.013588056928247383,-0.007314647927318063,0.015431764817606252,-0.002067572775217741,0.0032697223874813552,0.0038685839362767307,0.06997475781315429
0,0.0,P_grief-d3-v4,confirmation,0.0390856860629345,0.016117960529783204,0.042278593953086016,0.030165029037091173,0.01390303671773152,0.033214807041184874,0.9991697582322551
0,0.0,P_terror-d1-v1,discovery,-0.01109697323039116,-0.006895642495125198,0.01306494164918445,-0.0198764635254447,-0.0015295266561445864,0.019935226461472423,0.8873617650851626
0,0.0,P_terror-d1-v2,discovery,-0.0044879659623005,-0.006731636617844927,0.008090535831048433,-0.014774376330946914,-0.02060113178320222,0.02535130818552189,0.9994176851758259
0,0.0,P_terror-d1-v3,confirmation,-0.06736067547429947,-0.022781824668600237,0.07110887522373513,-0.09592332098330258,-0.04024567166713666,0.10402402413098939,0.9974717125632157
0,0.0,P_terror-d1-v4,discovery,-0.10064384014480776,-0.06112405476664762,0.11775114704413608,-0.22556634296874112,-0.12265388466348703,0.25675698725319185,0.9988600686847349
0,0.0,P_terror-d2-v1,discovery,-0.06661695799351275,-0.03528443159651573,0.0753844161972396,-0.10652570198055278,-0.041189678582575606,0.1142117104511855,0.993029963246439
0,0.0,P_terror-d2-v2,discovery,-0.028006742756979897,-0.019185643074310477,0.033947997584989946,-0.04127666939910268,-0.020612466370266702,0.04613715646361613,0.9905663469890689
0,0.0,P_terror-d2-v3,confirmation,-0.0276724015896459,-0.020270147996658494,0.03430219686179116,-0.06347818579377673,-0.03172597006194433,0.07096490152209489,0.9857993075444544
0,0.0,P_terror-d2-v4,confirmation,-0.1252143021792751,-0.0767791196979477,0.14687972866204035,-0.40435216542383223,-0.19424610726188263,0.44858914818499235,0.994780087234266
0,0.0,P_terror-d3-v1,discovery,-0.07942749452640196,-0.023105314538116595,0.08271990357010166,-0.10164059446526386,-0.019877375975212885,0.10356602009786896,0.9959565159968208
0,0.0,P_terror-d3-v2,discovery,0.053208815681133004,0.001020010490608847,0.053218591559620755,0.06965173346803066,-0.000494631171905624,0.06965348975534394,0.9996549902640607
0,0.0,P_terror-d3-v3,confirmation,0.032612378270958864,0.005548882737834049,0.03308107187088022,0.04065635501339626,0.0049049078368677,0.04095115778416378,0.9988255724598402
0,0.0,P_terror-d3-v4,confirmation,-0.012549435749503957,0.009540529092617156,0.01576420099459539,0.057644010210557095,0.043093897872356735,0.0719716329326209,-0.27522300156472196
0,0.0,P_ecstasy-d1-v1,confirmation,0.02547240556725816,0.02922921597578032,0.03877100091488091,0.014702128738409037,0.049964322663679894,0.052082493495233785,0.9086937477956168
0,0.0,P_ecstasy-d1-v2,discovery,-0.020909738683228873,-0.010506924036535636,0.023401124428335668,-0.022509325198157626,-0.012679381166911696,0.025834791031712427,0.9988789311386721
0,0.0,P_ecstasy-d1-v3,discovery,0.02071363718776631,0.022207888433150025,0.030368488177807833,0.023129393610104465,0.015082123618360033,0.02761230344630152,0.9707732365687873
0,0.0,P_ecstasy-d1-v4,discovery,-0.012633896109250031,-0.014155924289407373,0.018973811514473225,-0.09297513587235429,-0.06206362952205691,0.11178671656298826,0.9680277229732571
0,0.0,P_ecstasy-d2-v1,confirmation,-0.08088894973041061,-0.04156722287210002,0.09094424778834409,-0.06114237857990856,-0.026852410639963686,0.06677905671380883,0.9981478941346642
0,0.0,P_ecstasy-d2-v2,confirmation,0.0009097653279948048,-0.0015966765059296506,0.0018376748397388512,0.005788081863427497,0.007794576539661424,0.00970862065848587,-0.402416074150566
0,0.0,P_ecstasy-d2-v3,confirmation,-0.09165787665079694,-0.028542623982567683,0.09599920695476061,-0.11257256361903245,-0.0291831521958148,0.11629375929879127,0.9988370969280949
0,0.0,P_ecstasy-d2-v4,confirmation,-0.1410828299182656,-0.06435243296460502,0.1550664390711615,-0.18459539920162094,-0.09187524415150605,0.20619534886680796,0.9994263553349301
0,0.0,P_ecstasy-d3-v1,confirmation,0.02697976149144843,0.0049387113073535716,0.027428058617277776,0.00372661339250957,-0.0001907547615846994,0.003731492296159664,0.9731646671745255
0,0.0,P_ecstasy-d3-v2,discovery,-0.01626582004754784,0.00025500305094450226,0.016267818795868125,-0.046843795404890365,-0.016495036276712227,0.049663139144694425,0.9379083960767565
0,0.0,P_ecstasy-d3-v3,discovery,-0.06910033979123753,-0.026827771804499356,0.07412547672196634,-0.10573140303053119,-0.05231191984137329,0.11796468346202131,0.9960316186905809
0,0.0,P_ecstasy-d3-v4,confirmation,-0.09368929452597463,-0.040121846647310555,0.10191882302678502,-0.1092783868717615,-0.039652859349025515,0.1162502262012766,0.9984026689389522
0,0.0,P_loathing-d1-v1,discovery,-0.059372135646049706,-0.017964560252176298,0.062030443463085116,-0.09306503704211222,-0.03398714531728375,0.09907687503382352,0.9984138110531122
0,0.0,P_loathing-d1-v2,confirmation,-0.05077592317126278,-0.017501097591984482,0.05370738115769699,-0.03882417218817036,-0.008187482563728032,0.03967809492437926,0.9923118715970941
0,0.0,P_loathing-d1-v3,discovery,-0.08877415142273648,-0.03685595244357209,0.0961208155986506,-0.11543380122364777,-0.0538811782192945,0.12738973204791665,0.9990669469862481
0,0.0,P_loathing-d1-v4,discovery,-0.10090939236368612,-0.055319624016449964,0.11507808769930852,-0.2487267679861005,-0.1272306396050289,0.27937902707096,0.9995898648688029
0,0.0,P_loathing-d2-v1,discovery,-0.053826621399900354,-0.016187839279584004,0.05620810717209621,-0.01480681285506602,0.01000688775386216,0.017871192166258657,0.6321623683764058
0,0.0,P_loathing-d2-v2,confirmation,0.015872496712701967,0.016916243645333395,0.023196884509843498,0.07058321884205121,0.03913669397144304,0.08070732059187244,0.9520443166675975
0,0.0,P_loathing-d2-v3,discovery,-0.011712623310967452,0.0025722951143611894,0.011991757460021638,0.01084735243135615,0.008142572134820725,0.013563426401201398,-0.6523596569917766
0,0.0,P_loathing-d2-v4,discovery,-0.1589366096255329,-0.08426673266163309,0.17989365778905653,-0.24682863784810571,-0.1203337059269387,0.2745989388982818,0.9994256425591495
0,0.0,P_loathing-d3-v1,discovery,-0.05568643735311163,-0.026430255237283262,0.061640390143070684,-0.03216529958707781,-0.03642012481916446,0.048590451627557305,0.9194125443034905
0,0.0,P_loathing-d3-v2,confirmation,-0.005292538301697736,-0.01605520020073481,0.016905041116797456,-0.01773280982036285,-0.028183195953929818,0.03329782392743951,0.9705762618023944
0,0.0,P_loathing-d3-v3,confirmation,-0.09982881380876307,-0.036286924495276374,0.10621926828871762,-0.14400158675015273,-0.07967679319449994,0.16457475006914296,0.9877423463307885
0,0.0,P_loathing-d3-v4,confirmation,-0.15287908794035587,-0.05076447037242282,0.16108707887868493,-0.22667297216517968,-0.08142032159558088,0.2408524549987484,0.9997061290884147
0,0.0,P_amazement-d1-v1,confirmation,-0.01386494032180785,-0.021167775120793486,0.025304372619999432,-0.0036991337923204526,-0.01723646896768738,0.01762893795120787,0.9328761028948648
0,0.0,P_amazement-d1-v2,confirmation,-0.04674341012127581,-0.020979294475469423,0.05123550708692411,-0.031289962877317556,-0.008346859487150748,0.03238412944888513,0.9870381634875259
0,0.0,P_amazement-d1-v3,discovery,-0.09272862590596986,-0.028537000979326876,0.09702040242806359,-0.03735566758151743,-0.008339658739206168,0.03827526366136816,0.9968889277419742
0,0.0,P_amazement-d1-v4,confirmation,-0.0764469453565857,-0.05913295640529537,0.0966480314728829,-0.22671534613330957,-0.12194935470273283,0.25743250238608045,0.9864381685369399
0,0.0,P_amazement-d2-v1,confirmation,-0.05762113218046494,-0.017538807956316127,0.060231259809895646,-0.04470839316181463,-0.0162510430697016,0.047570335504016466,0.9985868171394179
0,0.0,P_amazement-d2-v2,confirmation,-0.020913704810586076,0.008143416643152435,0.022443223554745945,-0.022918773356721545,-0.002121145566556848,0.023016720676310366,0.8944453187981041
0,0.0,P_amazement-d2-v3,discovery,-0.045770669129649555,-0.02296322510957083,0.051208044875865735,-0.009604973998051491,-0.010802769103454679,0.014455287814699515,0.9290291767367125
0,0.0,P_amazement-d2-v4,discovery,-0.03412234467611519,-0.02367891446203707,0.041533425048941905,-0.1226654168993031,-0.06916742660735942,0.1408223611738004,0.9956583200537406
0,0.0,P_amazement-d3-v1,discovery,-0.053747192177567626,-0.02069916432223451,0.05759527819718603,-0.027672767462264325,-0.002215603617099493,0.02776132126554245,0.9588933247436716
0,0.0,P_amazement-d3-v2,confirmation,-0.06240366776210937,-0.024144348339460997,0.06691163805274059,-0.100679400953954,-0.03822530784238509,0.10769176354806406,0.9999801177386697
0,0.0,P_amazement-d3-v3,discovery,-0.03244307511810085,-0.01064299689775794,0.0341442016466108,-0.05850753717800572,-0.0194351758858744,0.06165109867918491,0.9999930619742409
0,0.0,P_amazement-d3-v4,confirmation,-0.014156067330352684,-0.002341176356870811,0.014348357013799506,-0.05291176414686838,-0.009600374838516057,0.05377566347497572,0.999878495730598
0,0.0,P_admiration-d1-v1,confirmation,-0.043961434027168345,-0.005810720607176911,0.04434379500786717,-0.07985262781628588,-0.02521400716282418,0.0837388101561828,0.9848250606659908
0,0.0,P_admiration-d1-v2,confirmation,-0.05980735088588052,-0.02985215038227551,0.06684362424669106,-0.06043921727186241,-0.04178201141780047,0.0734754071955549,0.989947769669237
0,0.0,P_admiration-d1-v3,confirmation,-0.05233209371269254,-0.006081643446458784,0.05268429006225565,-0.03830185616653825,-0.008831117746226358,0.03930675293699415,0.993855495332503
0,0.0,P_admiration-d1-v4,discovery,-0.11019589247851336,-0.04952870994780412,0.12081484936972685,-0.24622938127571192,-0.13169979726107073,0.2792377925747642,0.997638007004011
0,0.0,P_admiration-d2-v1,confirmation,-0.05313456388510218,-0.01962210278261356,0.05664193496757906,-0.10405373009275642,-0.0449373085655389,0.11334258002767829,0.9985468733330914
0,0.0,P_admiration-d2-v2,confirmation,-0.07223663139982683,-0.009307025388202383,0.07283372596243509,-0.09322900648453114,-0.027533300330158106,0.09720972316164384,0.9873810750527211
0,0.0,P_admiration-d2-v3,confirmation,-0.015469354442963379,-0.0033713091828193598,0.015832455668284468,-0.02642006597666935,-0.010625230403031871,0.028476576467845887,0.9859559174462218
0,0.0,P_admiration-d2-v4,discovery,-0.07302969470422482,-0.03930480516490675,0.08293493846168551,-0.0954948174330621,-0.07267451027031768,0.12000351911341754,0.9877347567245307
0,0.0,P_admiration-d3-v1,discovery,-0.049075006196232174,-0.020131712270671898,0.05304377505522536,-0.04220974238378661,-0.011309554087512108,0.043698608281774756,0.991882836908542
0,0.0,P_admiration-d3-v2,discovery,-0.034401525226472884,-0.00498489259373347,0.034760812592324546,-0.014240831458790737,0.0015245500196563455,0.014322204208854099,0.9687761246071214
0,0.0,P_admiration-d3-v3,discovery,-0.06371650315235655,-0.030478094810186818,0.07063077967305047,-0.1159500366159909,-0.058682347931626744,0.12995394934367377,0.9997503225884441
0,0.0,P_admiration-d3-v4,discovery,-0.030557954814810273,-0.009351667622570226,0.03195688172815074,-0.022326066736929384,-0.00954347430693181,0.024280262720755147,0.9942840274898722
0,0.0,P_vigilance-d1-v1,discovery,-0.006446339508412002,-0.006730284102712147,0.009319442964090362,0.04730599675870595,0.015039728228316562,0.0496392058207655,-0.8780017324572756
0,0.0,P_vigilance-d1-v2,discovery,-0.0014313411374464735,-0.013952972372530681,0.014026196044557163,-0.024162099866345432,-0.03028508964110177,0.038742660266440396,0.8412605939980938
0,0.0,P_vigilance-d1-v3,discovery,-0.12503951376049205,-0.0649532134193942,0.14090351285530694,-0.20111334814274917,-0.10323989967002323,0.22606427334955673,0.9999883293901175
0,0.0,P_vigilance-d1-v4,confirmation,-0.09729261234252551,-0.060498666036838955,0.11456849919881956,-0.23548163093311647,-0.1339494147768523,0.2709133518783851,0.9992347415789791
0,0.0,P_vigilance-d2-v1,discovery,-0.04566935054680599,-0.018908949997191726,0.04942912066144152,-0.05682377111781145,-0.024735099923971937,0.061973914934416556,0.9998378786494294
0,0.0,P_vigilance-d2-v2,discovery,-0.08453591681728945,-0.04136513347439763,0.09411373703925699,-0.10521530547162783,-0.04820005987525677,0.11573031701963965,0.9996751319445754
0,0.0,P_vigilance-d2-v3,confirmation,-0.03341312560358478,-0.026785683467183574,0.042824173096571105,-0.05466999935704031,-0.04558689403407312,0.0711826786330256,0.9998137733108231
0,0.0,P_vigilance-d2-v4,confirmation,-0.12165318953288029,-0.06685840638344231,0.13881478677596423,-0.19965743447782014,-0.11523368540495049,0.23052525543695238,0.9997809429660282
0,0.0,P_vigilance-d3-v1,discovery,-0.014808854004322747,-0.01484215837647973,0.02096644514918667,-0.05888721677671338,-0.033145947514259255,0.0675748336019088,0.9627369473154271
0,0.0,P_vigilance-d3-v2,confirmation,-0.030596248769657386,-0.00925360701694622,0.03196497585794235,-0.028201516139726657,-0.00871930897575357,0.029518669712470445,0.9999810267110545
0,0.0,P_vigilance-d3-v3,discovery,0.023923716084852664,0.008589468743989137,0.025418952862236565,-0.025509523052871685,-0.017207356833431664,0.030770584907961033,-0.9692242913200168
0,0.0,P_vigilance-d3-v4,confirmation,-0.03195077079541875,-0.00764474226135281,0.03285260779091817,-0.036252867256520105,-0.006232597081826441,0.036784720342871426,0.9979144446265908
0,0.0,P_rage-d4-v1,confirmation,0.019875782808764342,0.006384310220886036,0.020875970857847117,0.023388946845595004,0.00515397476747248,0.023950079132433185,0.9955939287327377
0,0.0,P_rage-d4-v2,confirmation,-0.016102409861940892,-0.006334956255769519,0.01730373584300352,-0.042797059666494164,-0.016074396146286585,0.04571623921064827,0.9998794847824196
0,0.0,P_rage-d4-v3,discovery,0.044051868751028955,0.014719847784077977,0.046446109193820605,0.04002164313763945,0.006848240736073041,0.04060332893514734,0.9883165559778672
0,0.0,P_rage-d4-v4,confirmation,0.08987752417810935,0.05301068823898358,0.1043460704576715,-0.04535105614464552,-0.015531626961647227,0.0479369349198565,-0.9794787530989661
0,0.0,P_rage-d5-v1,confirmation,0.008399968210926367,-0.010941498429945185,0.013794051393157359,0.09902969023477937,0.03149846853857596,0.10391839619755501,0.3398820114095328
0,0.0,P_rage-d5-v2,discovery,-0.015255659856445725,-0.0030233722036783206,0.015552361143490215,-0.0694138320797053,-0.018203711149471058,0.07176109798214421,0.9981505329567574
0,0.0,P_rage-d5-v3,confirmation,-0.027130486580399626,-0.01175883854857318,0.029569132319035928,-0.027612096106873096,-0.014494049686767596,0.03118501768057354,0.9972333991893708
0,0.0,P_rage-d5-v4,discovery,0.055962884509354716,0.021283766953729355,0.059873559927133405,0.03976530611779161,0.0025365215439174804,0.03984612292537923,0.955417714471511
0,0.0,P_rage-d6-v1,discovery,0.004297261605783476,0.002983699424259356,0.005231531282795353,-0.0021484617556195573,0.00820534292254571,0.008481953807462693,0.34366768626418853
0,0.0,P_rage-d6-v2,confirmation,0.004575969219701825,-0.004056358977377883,0.006115025956855186,0.015308823106345404,-0.007092448791644834,0.016871955866569803,0.9578353863224531
0,0.0,P_rage-d6-v3,discovery,-0.01728832457510876,-0.016548595006104172,0.023932032159646732,0.004725154759055439,-0.008145468474431095,0.00941677992548276,0.23564704578495602
0,0.0,P_rage-d6-v4,discovery,0.007769774369958959,0.00042820827525602567,0.007781565143791375,0.04739401739050786,0.014065645677497685,0.049437185121492006,0.9728753185321507
0,0.0,P_grief-d4-v1,discovery,-0.051460162113068364,-0.028718539665927523,0.058931339754384755,-0.00942955813871249,-0.012112800915092148,0.01535045643295391,0.9209456068355721
0,0.0,P_grief-d4-v2,confirmation,0.021572259822843165,0.010940101341469166,0.024187769868796685,0.02922299583873933,0.018601054936477013,0.03464076688730797,0.9952506341136264
0,0.0,P_grief-d4-v3,confirmation,0.14030757654376735,0.07535242171281009,0.1592614312806786,0.19164318330486863,0.10113636995811115,0.21669258186547918,0.9999736393723764
0,0.0,P_grief-d4-v4,confirmation,-0.004650495953039346,-0.001207654426286453,0.004804741597897289,0.003091132760516757,-0.0011519265715138616,0.0032987931989289093,-0.8191984193319872
0,0.0,P_grief-d5-v1,confirmation,-0.03390585923088274,-0.00929933102627789,0.035157998346332674,-0.0013207922519056225,0.008845157464058673,0.008943226640127531,-0.11917416923894748
0,0.0,P_grief-d5-v2,confirmation,-0.011533721269935349,-0.010320914151780158,0.015477338119359382,0.005627234065355591,-0.012197178289605315,0.013432681097037838,0.2933258824653665
0,0.0,P_grief-d5-v3,confirmation,0.01877062758938486,0.009175008984735555,0.020892995236905458,-0.013396488130687612,0.00029875858707884007,0.013399819063293631,-0.888402929092933
0,0.0,P_grief-d5-v4,discovery,-0.03666021140475628,-0.015517185842986336,0.039808970807183625,0.00719093328374365,0.008556040434209766,0.011176553556579268,-0.8909028220401513
0,0.0,P_grief-d6-v1,confirmation,-0.032003314305139696,-0.02115913673552683,0.038365625159852146,-0.059122379354870525,-0.03593152154000023,0.06918475251643762,0.9992750617196811
0,0.0,P_grief-d6-v2,confirmation,0.008666747136604869,0.005084106899596819,0.010047917639808593,0.04085049509069627,0.019005493842253696,0.045055207749414974,0.9954846626096922
0,0.0,P_grief-d6-v3,discovery,0.025699465355962126,0.013003144020754753,0.028801810255725032,0.012261252814549817,0.008215451596056855,0.014759131597402976,0.9925771771876888
0,0.0,P_grief-d6-v4,discovery,0.01730857354147375,0.01387711378632428,0.022184702050719467,-0.0004225966362616518,0.008365490409226073,0.008376157693348011,0.5853665761380159
0,0.0,P_terror-d4-v1,confirmation,0.020501761756317904,0.006173959781174965,0.021411212354567534,0.03562889537367875,0.004840532535101083,0.0359562086540269,0.9876268844982946
0,0.0,P_terror-d4-v2,confirmation,-0.02271599681382508,-0.01899784778882818,0.029613083795059152,-0.03209148622533364,-0.02123983040605415,0.038483683345396154,0.9937528541810988
0,0.0,P_terror-d4-v3,confirmation,-0.010889962877882908,-0.010507161885946914,0.01513247310848968,-0.007398178348112072,-0.015274413423181699,0.016971763264102747,0.9386035458069917
0,0.0,P_terror-d4-v4,discovery,-0.00782622095136798,0.010611718999461672,0.013185534289636008,-0.03681734356986732,0.0028454570040130633,0.03692713654080611,0.6537959009921687
0,0.0,P_terror-d5-v1,confirmation,0.0005241497995234212,0.0003612728469217785,0.0006365933413596229,-0.003455197901843121,0.0031975656731204616,0.004707740304521843,-0.2188408367177405
0,0.0,P_terror-d5-v2,confirmation,0.001249006033756217,-0.019667404920330256,0.019707024949813967,-0.17972593477321386,-0.08517841438221563,0.19888884812068766,0.3701382360096377
0,0.0,P_terror-d5-v3,discovery,-0.050494672492074066,-0.028496123799986783,0.057980522778826295,-0.07517785742690908,-0.031354401574466007,0.08145433533823442,0.9929692145326628
0,0.0,P_terror-d5-v4,discovery,0.02200953175222775,0.005794683248462995,0.02275956594274898,0.014291285124764741,0.013226666166862522,0.01947268672800309,0.8826664070226675
0,0.0,P_terror-d6-v1,discovery,-0.013303692459803784,-0.004528058013438141,0.014053168412785118,0.06181116825164157,0.02625563009872156,0.0671563744741602,-0.9972916296070269
0,0.0,P_terror-d6-v2,confirmation,0.0320161626425266,0.009757666413444,0.03347008700599342,0.032630742922630684,0.006657198846364842,0.03330290798358086,0.9955310419162853
0,0.0,P_terror-d6-v3,discovery,-0.006768324509030421,-3.0407319773217978e-06,0.006768325192068777,0.005400004312879236,0.008382524846620942,0.00997129727685078,-0.5419324631313638
0,0.0,P_terror-d6-v4,discovery,0.01089301193379466,0.0054560914536789795,0.012183047358551214,0.010394237629832936,0.01715774576591489,0.020060618526685694,0.8463143899056133
0,0.0,P_ecstasy-d4-v1,confirmation,-0.01449255459867338,-0.012455428475985464,0.01910946983346002,0.03467826209296554,0.012450409426548958,0.03684555002543876,-0.9340332244973325
0,0.0,P_ecstasy-d4-v2,discovery,-0.027831513497413418,-0.015501335010146278,0.03185725240276525,0.04511318842256218,0.0034223432765161377,0.04524281382884925,-0.9079362682115782
0,0.0,P_ecstasy-d4-v3,confirmation,-0.021503231311411852,-0.007372189541620777,0.022731874878013602,-0.029882082925190012,-0.012073272227470788,0.032228912209793084,0.9985588679478431
0,0.0,P_ecstasy-d4-v4,discovery,0.009055221994768381,-0.010386257139219701,0.013779382523775486,0.1838838478550393,0.05553661851188263,0.1920874423217448,0.4111653344795496
0,0.0,P_ecstasy-d5-v1,confirmation,0.007905464405615348,0.0026337390288837526,0.008332643562562648,0.01955501668315618,0.005605377616452856,0.020342540050385723,0.9991000658664109
0,0.0,P_ecstasy-d5-v2,confirmation,0.026335541710981403,0.00730743965045022,0.02733055856465091,0.03658908808996286,-0.0011338034914230022,0.03660665072923532,0.9548497250461362
0,0.0,P_ecstasy-d5-v3,discovery,0.02509865302029013,-0.0006547100498988101,0.025107190776396258,-0.008376105947482504,-0.017174575119828006,0.019108249040403123,-0.4147634445481386
0,0.0,P_ecstasy-d5-v4,confirmation,-0.021718364282973468,0.010913339887537177,0.024306137797454528,0.14315491622721987,0.07688783454431958,0.162496366546877,-0.5747299966251754
0,0.0,P_ecstasy-d6-v1,confirmation,0.011639791017779011,0.004869543592739056,0.012617336871905851,0.08144027063042314,0.041621007403610744,0.09145942235575284,0.9970958613588983
0,0.0,P_ecstasy-d6-v2,confirmation,0.055478917412166595,0.019136669478620583,0.058686645806009144,0.04485919997989818,0.01749063852749444,0.04814841906995462,0.9992154790327951
0,0.0,P_ecstasy-d6-v3,confirmation,-0.00768947600182468,-0.001144243163524905,0.007774145200593513,0.008693009795737172,0.0092980213936249,0.01272877139181503,-0.7830189417940374
0,0.0,P_ecstasy-d6-v4,discovery,-0.012898339470178932,-0.008177706188504885,0.015272263735068447,-0.00561976621477811,-0.00353741913365635,0.0066404146283134706,0.9999947069333951
0,0.0,P_loathing-d4-v1,confirmation,0.0197095912059142,0.01721252183920985,0.026167515999221753,0.10615572253096994,0.06199666822732475,0.12293341407998583,0.9821387497265605
0,0.0,P_loathing-d4-v2,discovery,-0.028769346459883494,-0.020459500033294553,0.03530249902402365,0.010973527184694909,-0.003762759379432268,0.011600717952814114,-0.5828986970696597
0,0.0,P_loathing-d4-v3,discovery,0.0026973253912023765,-0.0044149153886259285,0.005173687481357091,0.008646066737815428,-0.003702429859418821,0.009405448256126573,0.815176265718861
0,0.0,P_loathing-d4-v4,discovery,0.003065394302995017,0.0020448765444713857,0.003684855806536199,0.03659608132763825,0.01464481210589419,0.039417555608587125,0.9785211741954449
0,0.0,P_loathing-d5-v1,discovery,0.02291744284149022,0.005435581386843857,0.023553231867537303,-0.04497248843796786,-0.01504349328451049,0.047421845245669905,-0.9959593527165189
0,0.0,P_loathing-d5-v2,confirmation,-0.00686388124462578,-0.00021100726484579724,0.006867123837979279,0.012210204860796825,0.007384571781982263,0.014269583145483792,-0.8711779567080076
0,0.0,P_loathing-d5-v3,discovery,0.0021649551035203274,0.0025626534352083397,0.003354731469021599,-0.004636862724520352,-0.0011274108497829616,0.004771954646709736,-0.8075497900960205
0,0.0,P_loathing-d5-v4,discovery,-0.029101492636586457,-0.021536912966221067,0.036204081175909945,0.011326540595765433,-0.0058945614791534595,0.012768569884644176,-0.4384162441945669
0,0.0,P_loathing-d6-v1,discovery,0.0178471435594032,0.008232317973331682,0.019654302135766282,0.019073124568821598,0.0034074129592824853,0.01937510113245534,0.9675623435031152
0,0.0,P_loathing-d6-v2,confirmation,0.007405921071040211,0.008581538726251559,0.011335363859207723,-0.007990856625937237,0.0057861943130892435,0.00986579111096071,-0.08517396280491736
0,0.0,P_loathing-d6-v3,discovery,0.011561014054717766,-8.265801871054634e-05,0.011561309541805327,-0.014681242998880517,-0.0072742297785293175,0.016384545000182976,-0.8928450800011315
0,0.0,P_loathing-d6-v4,confirmation,-0.024863170856391115,-0.011869351530323868,0.027551021229429918,-0.027837429781273126,-0.01075922236313831,0.029844318767342764,0.9970693588456067
0,0.0,P_amazement-d4-v1,confirmation,-0.003353241881287161,-0.010091860893404636,0.010634372920217162,-0.016951544200859203,-0.011322374335506868,0.020385068343938117,0.7893004225704181
0,0.0,P_amazement-d4-v2,confirmation,-0.02082581551560736,-0.00980188628813572,0.023017201539189236,-0.007862330159793984,-0.012120407270808542,0.014447162626338595,0.8496662754849604
0,0.0,P_amazement-d4-v3,discovery,-0.0046429331384700845,-0.007741795718495759,0.009027304640656751,0.00705127787434412,0.0003136060835866594,0.007058248255543119,-0.5519172206924289
0,0.0,P_amazement-d4-v4,discovery,-0.020970504731510964,-0.02482723976218626,0.03249852154950139,-0.020893993114059484,-0.03216799304253248,0.03835803337809152,0.9921550788165518
0,0.0,P_amazement-d5-v1,discovery,0.00928534123362823,-0.003444968213756283,0.009903805723998618,0.014456908615312347,-0.0007342562897618699,0.014475542788114968,0.9539899001436993
0,0.0,P_amazement-d5-v2,confirmation,0.004137758935284452,0.0023593363483795926,0.004763141506538671,-0.03227908147455061,-0.015862333923756466,0.03596599419381357,-0.9981117339121391
0,0.0,P_amazement-d5-v3,discovery,0.011421163510096477,-0.00010382533123376447,0.011421635418089876,-0.13926573828108602,-0.042692948821103194,0.145662739703801,-0.9533796745150369
0,0.0,P_amazement-d5-v4,confirmation,0.020567440139428683,0.007662868825906166,0.021948556957850935,-0.0031297044896367865,0.0007038510933354836,0.0032078741487225173,-0.8376365828320979
0,0.0,P_amazement-d6-v1,confirmation,-0.0398553512746167,-0.02644591635714999,0.04783132359858406,0.03217557216305389,0.013876840660841605,0.03504046447674853,-0.9840830603176206
0,0.0,P_amazement-d6-v2,discovery,-0.0037229626531773974,0.0010130790774169895,0.003858339038246088,0.01563577991466092,0.007958528271664544,0.01754467970042764,-0.7408235298422424
0,0.0,P_amazement-d6-v3,discovery,-0.00957726354108246,-0.008186135154734764,0.01259907876421652,0.0026334142434527585,-0.0019028129503473323,0.0032489333175104384,-0.23560659376595522
0,0.0,P_amazement-d6-v4,confirmation,-0.0026792122652210537,-0.002078597307173524,0.0033909799656588885,-0.026215742766123817,-0.00905016039982165,0.02773392456977687,0.9468765560293868
0,0.0,P_admiration-d4-v1,discovery,0.009291803663983522,0.02365425657535436,0.02541380470261611,0.04218882906209842,0.03552407285085568,0.055153033004032175,0.8791832829852569
0,0.0,P_admiration-d4-v2,discovery,0.020800875770720317,-0.0062138634158737105,0.02170918080859048,0.051516791979510757,0.004373132858646489,0.05170207101131982,0.93051621490483
0,0.0,P_admiration-d4-v3,discovery,-0.001315560171625485,-0.004441786442484386,0.004632511777190142,-0.01305372528255333,-0.009967401288948352,0.016424032154355436,0.80760221737346
0,0.0,P_admiration-d4-v4,discovery,0.01568463599584824,0.00864130034829902,0.01790753690577716,-0.008129787949849199,-0.0006256966285498322,0.008153830288918936,-0.9103145697187773
0,0.0,P_admiration-d5-v1,confirmation,0.0018685389728085866,-0.002878314295971407,0.003431636793033019,0.016541009836412712,-0.004524515794009698,0.017148651538198136,0.7465086688950967
0,0.0,P_admiration-d5-v2,discovery,-0.0077460837611145195,-0.0047322443239128376,0.009077221489828665,-0.0012788489639086187,0.00557655347375885,0.005721311328548906,-0.31739642759338493
0,0.0,P_admiration-d5-v3,confirmation,0.00869781665889846,-0.003044950060860252,0.009215407506179225,0.0029231088550194517,-0.012664363902560982,0.012997333512485656,0.5342236136048646
0,0.0,P_admiration-d5-v4,discovery,-0.0018355229883599833,-0.0012656373964956558,0.0022295700617397662,-0.026028477049684806,-0.009793694267828723,0.027810035327875255,0.9704329396758093
0,0.0,P_admiration-d6-v1,confirmation,-0.026568204718127042,-0.01261233814440832,0.029409872074070725,-0.11919960561449017,-0.05240558967152742,0.13021095118103737,0.9995793497087673
0,0.0,P_admiration-d6-v2,confirmation,0.03090240885340112,0.005790888990466314,0.03144031278856284,0.059600841085805545,0.011530437865615362,0.060705940858438744,0.9999828546862394
0,0.0,P_admiration-d6-v3,confirmation,-0.05091608801860925,-0.009365078099704327,0.05177019129704202,-0.009950788777513875,0.001948373472461018,0.010139741440632788,0.9304148278426236
0,0.0,P_admiration-d6-v4,confirmation,0.020221885788071603,0.00465733557520398,0.020751275611052753,0.046187917365339004,0.01168162623530078,0.04764225122775635,0.999771966197202
0,0.0,P_vigilance-d4-v1,discovery,-0.005293685047886854,-0.0016775949427447756,0.005553145611105807,-0.01105435515230635,-0.007617827063782556,0.013424978845682398,0.9563659022500525
0,0.0,P_vigilance-d4-v2,confirmation,0.02156830082849659,0.005861856415636524,0.022350681449702283,0.0265771131797381,0.010315179674583064,0.02850869826364473,0.9945078148183489
0,0.0,P_vigilance-d4-v3,discovery,-0.013521784005044779,-0.008134688818675961,0.015780107884795228,-0.014605078057688292,-0.007821642281260921,0.016567630882150186,0.9987543333990884
0,0.0,P_vigilance-d4-v4,discovery,-0.05801880682228955,-0.037128162920654795,0.06888165522796935,-0.0940339366649523,-0.050381876775613677,0.10668043284567878,0.9970059217326108
0,0.0,P_vigilance-d5-v1,discovery,-0.023170890524540688,-0.01915848940329301,0.030065559763894967,-0.029120536235675232,-0.028886886889876617,0.0410177749864836,0.9959095035301532
0,0.0,P_vigilance-d5-v2,confirmation,0.020644935567379008,0.004202624850723424,0.021068351150888596,0.019665034949396976,0.009318609402201972,0.02176120586621549,0.9709323434679197
0,0.0,P_vigilance-d5-v3,confirmation,0.05246864938656515,0.028947265544989165,0.059924146643756386,0.14167670254731846,0.0546730394662438,0.15185990020133297,0.9907852731055035
0,0.0,P_vigilance-d5-v4,confirmation,0.01904928816025553,0.016246046955225246,0.025036162267484906,0.053373570943784365,0.038260523853637984,0.06567043292720084,0.9964572175307548
0,0.0,P_vigilance-d6-v1,discovery,-0.009950091995305499,-0.007811970358818421,0.012650344327412601,-0.01971645968154556,-0.015464101440498812,0.025057478239760064,0.9999998801915605
0,0.0,P_vigilance-d6-v2,discovery,-0.03251658227243137,-0.010332166507986962,0.03411864281340284,-0.022809616236287855,-0.010201523431909276,0.024986990078409217,0.9936334938246961
0,0.0,P_vigilance-d6-v3,discovery,0.008290412212398124,-0.0002804574731536391,0.008295154672803133,-0.01349519115488107,-0.012304754111152505,0.018262725920374118,-0.7157449884374438
0,0.0,P_vigilance-d6-v4,discovery,-0.08923952654544998,-0.037010707230099804,0.09660996608905435,-0.027099032133760748,-0.007783063932627066,0.02819456732716354,0.9935699370642876
1,0.06666666666666667,P_rage-d1-v1,discovery,-0.023234459195812907,5.4862802066679706e-05,0.02323452396863223,-0.03711196555916518,-0.005246320810950333,0.03748095342592119,0.9898220501141156
1,0.06666666666666667,P_rage-d1-v2,confirmation,0.05503876549053688,0.022733512405850753,0.05954895711118108,0.09401246780447625,0.03133093591492697,0.09909577008123478,0.9975500336274502
1,0.06666666666666667,P_rage-d1-v3,discovery,-0.1454061924161194,-0.0794906132265698,0.1657157759058855,-0.14190028513589992,-0.07498770263138921,0.16049562756531205,0.9999000317803507
1,0.06666666666666667,P_rage-d1-v4,discovery,-0.09654879069463451,-0.04110832749166704,0.10493599751161892,-0.1826546236515929,-0.08957493965161056,0.20343643074654724,0.9985738201983123
1,0.06666666666666667,P_rage-d2-v1,discovery,-0.0028067108283362785,0.00368483285282295,0.004632021030516101,0.020489498933795147,0.01704102505766647,0.026649879954213848,0.04281521696562149
1,0.06666666666666667,P_rage-d2-v2,discovery,-0.023623471352753,-0.023510145557539275,0.03332859647346443,0.008660976177158997,-0.006104426504653038,0.010596062065315878,-0.1729747764469225
1,0.06666666666666667,P_rage-d2-v3,confirmation,-0.024877776334359503,-0.008444664188283824,0.02627196430789485,0.017089590811005362,0.014552410870365406,0.02244608598904335,-0.9293516474628323
1,0.06666666666666667,P_rage-d2-v4,discovery,-0.11227683554552481,-0.06451626005088862,0.12949299444784923,-0.26462598221497124,-0.14429947446483027,0.30141209132027946,0.9997508641062379
1,0.06666666666666667,P_rage-d3-v1,discovery,-0.019542189816176503,-0.013016017049502615,0.02348007416181677,0.02429597848910703,0.015092435743086607,0.02860203117616561,-0.9994970220368835
1,0.06666666666666667,P_rage-d3-v2,discovery,-0.052191039370907966,-0.017743106595221825,0.05512460813706588,-0.06165330870647123,-0.030387682944233774,0.06873530205923822,0.9915322312805241
1,0.06666666666666667,P_rage-d3-v3,confirmation,-0.06323418989411689,-0.03629581168174756,0.07291055285212228,-0.05050529624495592,-0.03423610519754394,0.061015537757919125,0.9972153808287267
1,0.06666666666666667,P_rage-d3-v4,confirmation,-0.0792372556806793,-0.040845357529965653,0.0891453078942244,-0.18885217203552873,-0.0886242893008129,0.20861305696578805,0.9993086704043117
1,0.06666666666666667,P_grief-d1-v1,discovery,0.03312090096789788,0.0174950903577491,0.03745760627097124,0.06930056148256059,0.024218416469266035,0.07341048643127884,0.9888061349308978
1,0.06666666666666667,P_grief-d1-v2,discovery,-0.06610715786715815,-0.03543129526183986,0.07500355328386146,-0.17697532359523915,-0.0857811798632171,0.19666895021930944,0.9991731931853114
1,0.06666666666666667,P_grief-d1-v3,confirmation,-0.0446691577324847,-0.0358529502353111,0.057277986112513515,-0.13554692082421083,-0.07358595690607217,0.1542331378099635,0.9840253027081077
1,0.06666666666666667,P_grief-d1-v4,confirmation,-0.1604773418478409,-0.08509092018713282,0.1816409698962263,-0.32677384504086016,-0.17011023888276888,0.36840010745864443,0.999971336967644
1,0.06666666666666667,P_grief-d2-v1,confirmation,-0.01800763124437932,-0.003345883229793678,0.018315832430467385,-0.09513690586825829,-0.0335952126307113,0.10089434657050188,0.98789588515595
1,0.06666666666666667,P_grief-d2-v2,confirmation,0.0633082383038941,0.031501734680333904,0.07071274513843169,0.1916762520694908,0.09053470731031643,0.2119818832711221,0.9997908771908842
1,0.06666666666666667,P_grief-d2-v3,confirmation,-0.049137773943700225,-0.029676469393685068,0.057403951639382035,-0.1688834272715365,-0.07460381370561553,0.18462757385180184,0.9919026229836885
1,0.06666666666666667,P_grief-d2-v4,confirmation,-0.19852962456410062,-0.10669947126309509,0.22538586689805284,-0.3139433544468604,-0.1753476032000023,0.35959311971912433,0.9998685435631742
1,0.06666666666666667,P_grief-d3-v1,discovery,-0.05166980859064019,-0.023233064073638232,0.05665284093532445,-0.13803770353956502,-0.05611130499233408,0.14900632921597518,0.9993351281844365
1,0.06666666666666667,P_grief-d3-v2,confirmation,-0.022268976758098802,-0.012605999463693784,0.02558942258690869,-0.13027175076887598,-0.059814981750588636,0.1433476930062406,0.9964182623514553
1,0.06666666666666667,P_grief-d3-v3,confirmation,-0.05137510358169983,-0.026501556121206526,0.057807730840051544,-0.0775338881845391,-0.037786577168098745,0.08625154625334722,0.9997409673621881
1,0.06666666666666667,P_grief-d3-v4,confirmation,-0.01438610919268335,-0.009051330121898182,0.016996667752221015,-0.04958953558775159,-0.022712071365157627,0.05454319595976105,0.9912867397279116
1,0.06666666666666667,P_terror-d1-v1,discovery,0.010845710375673168,0.0001758740148529725,0.010847136268254636,-0.028987625875314116,-0.013312688571531783,0.03189843461503673,-0.9153949357207075
1,0.06666666666666667,P_terror-d1-v2,discovery,-0.036868190995535066,-0.027123414932204604,0.04577054888099762,-0.031294249266952345,-0.026883088935357513,0.041255672432872655,0.9971555093522685
1,0.06666666666666667,P_terror-d1-v3,confirmation,-0.06373113850771173,-0.02489118190984385,0.06841950710402754,-0.10023708304544243,-0.03625062041695104,0.10659071393922076,0.9996791530988839
1,0.06666666666666667,P_terror-d1-v4,discovery,-0.11251777608702263,-0.055376135126439685,0.1254064044501359,-0.17013271119777418,-0.0914818395795729,0.1931684922350639,0.9993518542124238
1,0.06666666666666667,P_terror-d2-v1,discovery,-0.09641476898878132,-0.06659046624347997,0.11717550031335097,-0.14954770211106405,-0.09006850914948972,0.17457620555823541,0.9980571493071655
1,0.06666666666666667,P_terror-d2-v2,discovery,-0.010868832318740473,-0.012097915613852983,0.016263181674346663,0.036689674982198994,0.0031852582328051326,0.0368276814408544,-0.7301438562117376
1,0.06666666666666667,P_terror-d2-v3,confirmation,-0.01636686337342086,-0.010851498552239214,0.01963744478066011,-0.06883454647365905,-0.03230619236312027,0.07603870628329534,0.9892649240715752
1,0.06666666666666667,P_terror-d2-v4,confirmation,-0.1353683035596589,-0.07366123944257907,0.15411215333268471,-0.33840181542928427,-0.1832216121983965,0.3848193704355525,0.9999977894305206
1,0.06666666666666667,P_terror-d3-v1,discovery,-0.017557608769830146,-0.005454854812592558,0.018385458023690373,-0.05447208295022632,-0.016124080352235115,0.05680839540192692,0.9999096839706971
1,0.06666666666666667,P_terror-d3-v2,discovery,-0.09175928903764774,-0.048825724272993476,0.1039409374379362,-0.12951285291526915,-0.06197771182263745,0.14357860506712702,0.9990899818296599
1,0.06666666666666667,P_terror-d3-v3,confirmation,-0.026399315027143544,-0.021024657484757014,0.03374848228074436,-0.010911035600218444,-0.01897489777599848,0.021888294668128586,0.9299954495555047
1,0.06666666666666667,P_terror-d3-v4,confirmation,-0.030612303009747155,-0.0011294630493896562,0.030633132101378586,0.005566282626828567,0.014847162097826327,0.015856283443507944,-0.385331287774124
1,0.06666666666666667,P_ecstasy-d1-v1,confirmation,-0.11257470699846905,-0.026579183315277533,0.11566986488060874,-0.1328776562710401,-0.029465521314724352,0.13610543149497437,0.999906998089868
1,0.06666666666666667,P_ecstasy-d1-v2,discovery,-0.03036897522145221,-0.021550062405383485,0.037238150406231255,-0.01759355894344372,-0.0349816022033651,0.03915668281418776,0.8834333984743964
1,0.06666666666666667,P_ecstasy-d1-v3,discovery,0.031923474854290035,0.01281020411841638,0.03439781353993274,0.05261529368388995,0.015834774870076007,0.05494642139965059,0.996017508740857
1,0.06666666666666667,P_ecstasy-d1-v4,discovery,-0.0718924676143029,-0.03405828437306457,0.07955182986022462,-0.15074093567966873,-0.08255102859967156,0.17186477827770824,0.9982831271140635
1,0.06666666666666667,P_ecstasy-d2-v1,confirmation,-0.060241051507846866,-0.03490299574028555,0.06962186006145951,-0.04515434601390744,-0.029595275612726013,0.05398884424153655,0.9984849711878216
1,0.06666666666666667,P_ecstasy-d2-v2,confirmation,-0.02822833830006033,-0.008441025483713283,0.029463366990202425,-0.055740572156319335,-0.015200650676624239,0.057776043178004145,0.9997039519023934
1,0.06666666666666667,P_ecstasy-d2-v3,confirmation,-0.06643756229873965,-0.030982097213173354,0.07330648014961186,-0.15357886157393885,-0.06697954224760894,0.1675491742804073,0.9996850507224638
1,0.06666666666666667,P_ecstasy-d2-v4,confirmation,-0.19041759753983456,-0.07576182963491274,0.20493588334518664,-0.2327901809579842,-0.10240808874701379,0.25432004441503875,0.9993604712472627
1,0.06666666666666667,P_ecstasy-d3-v1,confirmation,0.012876653346268085,-0.00043408319712767707,0.012883967930027832,-0.052727452479565784,-0.03091412332111876,0.06112174135034282,-0.8451324544431584
1,0.06666666666666667,P_ecstasy-d3-v2,discovery,-0.060847826892186596,-0.026730105244808122,0.06646018781120036,-0.09830779501775755,-0.05088159819761229,0.11069489417491982,0.9979723138650071
1,0.06666666666666667,P_ecstasy-d3-v3,discovery,-0.08973613844168327,-0.05162771120130305,0.10352775041654337,-0.1544773340720944,-0.09784901204571561,0.1828597164504639,0.9990948674428818
1,0.06666666666666667,P_ecstasy-d3-v4,confirmation,-0.11845225247598634,-0.04945835402143661,0.12836301998295524,-0.12306378205639268,-0.044840745858248265,0.13097857436675406,0.9989369000377315
1,0.06666666666666667,P_loathing-d1-v1,discovery,-0.0643761033725525,-0.04148741965418701,0.07658647840837303,-0.1315743452034157,-0.07035582877449764,0.14920372300399892,0.9966865923218053
1,0.06666666666666667,P_loathing-d1-v2,confirmation,-0.05327290014168096,-0.031037329329155483,0.061654827072922413,-0.08224276765243266,-0.03965652293934152,0.09130450505188965,0.9969410113587663
1,0.06666666666666667,P_loathing-d1-v3,discovery,-0.08660804141006562,-0.04438745405611755,0.0973200848462001,-0.11006440211449675,-0.06017158816521473,0.1254384017561841,0.9996436667679426
1,0.06666666666666667,P_loathing-d1-v4,discovery,-0.06866947383004707,-0.03616854786771384,0.07761224446538462,-0.15677458432990976,-0.08857420864683174,0.18006571225313406,0.999565279006285
1,0.06666666666666667,P_loathing-d2-v1,discovery,-0.07182253057823207,-0.033205987775957624,0.07912719837602067,-0.019542435724273055,-0.0004283780063776277,0.019547130269011146,0.9166632522905748
1,0.06666666666666667,P_loathing-d2-v2,confirmation,0.005969819984226632,-0.00027132423146269957,0.0059759825537438185,0.07314703981380655,0.027101963688540565,0.07800644761362724,0.9209637875379239
1,0.06666666666666667,P_loathing-d2-v3,discovery,-0.03670610600553381,-0.024101703649322737,0.04391161961131999,-0.04097685651225902,-0.022326931023660457,0.04666470420522942,0.9966303499760057
1,0.06666666666666667,P_loathing-d2-v4,discovery,-0.13786154143962293,-0.07587934507796668,0.15736416243087248,-0.18893737150826695,-0.0977197820661031,0.2127122144106905,0.9996663271804588
1,0.06666666666666667,P_loathing-d3-v1,discovery,-0.009876514259230973,-0.01813292934893429,0.020648212045749514,-0.012113918987296302,-0.034850964227639114,0.0368962971153876,0.986546825687609
1,0.06666666666666667,P_loathing-d3-v2,confirmation,-0.015964887536860317,-0.02255703286586641,0.027635074918957166,-0.06478480543743803,-0.04198408123589026,0.07719931406941731,0.9287101502454443
1,0.06666666666666667,P_loathing-d3-v3,confirmation,-0.07732485658064636,-0.03800312949977158,0.08615898848636709,-0.09937227865499754,-0.060583930987267554,0.11638411600796938,0.9958901634369468
1,0.06666666666666667,P_loathing-d3-v4,confirmation,-0.13700459264733755,-0.06519872687503891,0.15172716432000177,-0.23245382151571992,-0.12285391317403516,0.26292178137125793,0.9991172130610779
1,0.06666666666666667,P_amazement-d1-v1,confirmation,-0.012819498839069965,-0.014704503120151813,0.019507997398386913,-0.055861590946157946,-0.03333168733988323,0.06505012470364378,0.9505482440849773
1,0.06666666666666667,P_amazement-d1-v2,confirmation,-0.055889917421366064,-0.026910935643230438,0.06203129312340029,-0.029062866409173438,-0.009804588872983189,0.030672139913701612,0.9923996684122118
1,0.06666666666666667,P_amazement-d1-v3,discovery,-0.04744798839887743,-0.016114416343400606,0.050109739743771003,-0.014844080619081268,-0.01267283002931796,0.01951787258841924,0.9289407283372783
1,0.06666666666666667,P_amazement-d1-v4,confirmation,-0.05153387551837607,-0.029067256829783616,0.05916625512529995,-0.17086532270282406,-0.09193720543745432,0.19402940046804473,0.9998015350129736
1,0.06666666666666667,P_amazement-d2-v1,confirmation,-0.022361402772674843,-0.01651584931266825,0.027799381512554455,-0.02343963099112134,-0.01362631954730631,0.02711259643422662,0.9940028368426449
1,0.06666666666666667,P_amazement-d2-v2,confirmation,-0.030897882457932013,0.0024465375326911953,0.0309945912423934,-0.027736980110828036,-0.002607983260941804,0.027859318770526723,0.9851129692911355
1,0.06666666666666667,P_amazement-d2-v3,discovery,-0.07416567867022028,-0.04530734678416515,0.08690974378765,-0.08264569457180215,-0.05033667001236308,0.09676823434985853,0.9999991126350898
1,0.06666666666666667,P_amazement-d2-v4,discovery,-0.113123202213119,-0.04798833108809042,0.12288099446037372,-0.16453561058697463,-0.07864177167261399,0.18236363508944461,0.9990029771800774
1,0.06666666666666667,P_amazement-d3-v1,discovery,-0.051117930526128674,-0.02457131688652403,0.056716773839950545,-0.07081203305599981,-0.02979900156657367,0.07682658732423737,0.998762809056977
1,0.06666666666666667,P_amazement-d3-v2,confirmation,-0.028730840096613974,-0.006701223896664388,0.029501992718635586,-0.07301731692689906,-0.02384183033710574,0.07681120650677578,0.9962643237164649
1,0.06666666666666667,P_amazement-d3-v3,discovery,-0.06540006573836177,-0.02411447924287735,0.0697042086802311,-0.07540189518405604,-0.021534064203462044,0.0784165908368006,0.997183523564242
1,0.06666666666666667,P_amazement-d3-v4,confirmation,-0.01625015619513359,0.002793145395113328,0.016488457707271514,-0.08951671295983132,-0.02501075614065673,0.09294503656387593,0.9036107941131896
1,0.06666666666666667,P_admiration-d1-v1,confirmation,-0.06698218396322098,-0.024890704227631844,0.07145740077437905,-0.1700794655332576,-0.07699624922931658,0.1866961354486525,0.9975986740331275
1,0.06666666666666667,P_admiration-d1-v2,confirmation,-0.03773875465760046,-0.020248476707975804,0.042827729476356775,-0.016326739763174114,-0.01770036468763969,0.024080393297657182,0.9449705712577608
1,0.06666666666666667,P_admiration-d1-v3,confirmation,-0.06774582156561859,-0.03158678415629623,0.07474771750988173,-0.13560463848328475,-0.0643505787846248,0.15009868409849086,0.9999769551002208
1,0.06666666666666667,P_admiration-d1-v4,discovery,-0.11022544422805414,-0.04741269361079503,0.11999004988207562,-0.23973435136476606,-0.12999544798431284,0.2727111580425841,0.9958937972406549
1,0.06666666666666667,P_admiration-d2-v1,confirmation,-0.05820659041596876,-0.02900779704598655,0.06503429447079051,-0.1039397928135326,-0.03849758728829533,0.11084017663798629,0.9942148789969549
1,0.06666666666666667,P_admiration-d2-v2,confirmation,-0.043852018890914835,-0.021347953485909343,0.04877227366901917,-0.05358707888411285,-0.016982416740098483,0.0562136771761687,0.9893395553489002
1,0.06666666666666667,P_admiration-d2-v3,confirmation,-0.0442249261870451,-0.01447923286888031,0.04653485017404538,-0.0693593902674996,-0.03378441370618024,0.07714992953820281,0.9906482998538949
1,0.06666666666666667,P_admiration-d2-v4,discovery,-0.1034002849593465,-0.046769002020338846,0.11348549898402226,-0.13363620274896526,-0.08450564653501846,0.1581133738222799,0.9903414495487053
1,0.06666666666666667,P_admiration-d3-v1,discovery,-0.07492199333152882,-0.02665915560605736,0.07952367988465844,-0.0515474878968063,-0.015170897427565944,0.05373359877422244,0.9984531936188599
1,0.06666666666666667,P_admiration-d3-v2,discovery,-0.03310970809620439,-0.0064705706548657815,0.033736049780842346,-0.05599263709099267,-0.01869848252888273,0.05903226793277165,0.9916516806185811
1,0.06666666666666667,P_admiration-d3-v3,discovery,-0.08817989536156112,-0.027862642705756002,0.09247713665833565,-0.18195087162082446,-0.07876841235215792,0.1982689649644072,0.9947510553168281
1,0.06666666666666667,P_admiration-d3-v4,discovery,-0.01350125159307769,0.0008217163345953793,0.01352623422516865,0.0826277838697207,0.03869251535336016,0.09123848646043668,-0.8781887115145502
1,0.06666666666666667,P_vigilance-d1-v1,discovery,-0.013729993961282716,-0.010287004899836916,0.017156200161636274,-0.0516085871169949,-0.03296626596567753,0.06123904764063726,0.9972210656205901
1,0.06666666666666667,P_vigilance-d1-v2,discovery,0.0030544371385392566,-0.010962876856889459,0.011380432997588905,-0.07253840559336355,-0.04929782442355268,0.08770459383021362,0.31948380489958544
1,0.06666666666666667,P_vigilance-d1-v3,discovery,-0.11817668102215251,-0.06587888998465008,0.1352987660070158,-0.26509906078919654,-0.13134363658648374,0.29585243433691133,0.9988216098248254
1,0.06666666666666667,P_vigilance-d1-v4,confirmation,-0.12006607168238226,-0.05930110256560184,0.13391221876563386,-0.21864050578578276,-0.11933075987849762,0.24908532880007717,0.9991660531883898
1,0.06666666666666667,P_vigilance-d2-v1,discovery,-0.06253329364447868,-0.02917637718714161,0.06900488243445499,-0.029653741356916008,-0.016618724433861587,0.03399303426102911,0.9972438569225696
1,0.06666666666666667,P_vigilance-d2-v2,discovery,-0.03542847530779181,-0.025001990388108908,0.04336215384412891,-0.16417400736156518,-0.09111461619584382,0.1877630900301526,0.9941867397793265
1,0.06666666666666667,P_vigilance-d2-v3,confirmation,-0.07644770404957324,-0.03685544117952766,0.08486798571304,-0.12088716515749676,-0.06880597425140822,0.1390969762162404,0.9976738918456303
1,0.06666666666666667,P_vigilance-d2-v4,confirmation,-0.09904382449737525,-0.06038318960316502,0.11599917567689284,-0.1906440853379987,-0.11984630756629677,0.22518504548845497,0.9999059001410767
1,0.06666666666666667,P_vigilance-d3-v1,discovery,-0.037130454075525066,-0.025769490290317165,0.045196650867928546,-0.14778173559319097,-0.06851091093908401,0.16289010495619097,0.9851410341047513
1,0.06666666666666667,P_vigilance-d3-v2,confirmation,-0.09616745866676801,-0.05268049297999422,0.10965133125976972,-0.1425641678230436,-0.0743402083929352,0.16078248825970437,0.9997900547271361
1,0.06666666666666667,P_vigilance-d3-v3,discovery,-0.0032147997409843754,-0.0014749968438385608,0.003537026019690401,-0.007837421412552281,-0.0005891631070076286,0.007859534818587668,0.9376020199634
1,0.06666666666666667,P_vigilance-d3-v4,confirmation,-0.03400459842739867,-0.012701629437960271,0.03629936782628457,-0.047955045396569584,-0.018337721596264345,0.05134158560396386,0.9999699007979005
1,0.06666666666666667,P_rage-d4-v1,confirmation,0.01957027737286232,0.006270937161993118,0.020550435745755692,0.02656090538452105,0.01735342635899606,0.031727324205526354,0.9641358361445909
1,0.06666666666666667,P_rage-d4-v2,confirmation,-0.034549194536059424,-0.017999945135558804,0.03895696173950948,-0.10928248264013796,-0.051256990522982715,0.12070600684914233,0.9991292586619548
1,0.06666666666666667,P_rage-d4-v3,discovery,-0.03588675757165305,-0.012879418937457032,0.03812792678828898,0.014353301500012794,0.00044531191789998203,0.014360207751090972,-0.9512421492832872
1,0.06666666666666667,P_rage-d4-v4,confirmation,0.019580220974427576,0.024439705619587748,0.0313158787866399,-0.10525765484021044,-0.04338088527905093,0.11384671760773366,-0.8754559195675392
1,0.06666666666666667,P_rage-d5-v1,confirmation,0.013945483393356106,0.0023053154601688775,0.014134743946929658,0.09953380226753694,0.03992686143979851,0.10724333106662629,0.97640540861808
1,0.06666666666666667,P_rage-d5-v2,discovery,-0.061615276944131825,-0.022524251534065343,0.06560323360987556,-0.08524959168256041,-0.03349460585419406,0.09159356693224194,0.9997144137481373
1,0.06666666666666667,P_rage-d5-v3,confirmation,-0.04180381928585586,-0.012595799906714333,0.04366020478850825,-0.04546852489594144,-0.01558976474885787,0.04806690671488627,0.9992912286198365
1,0.06666666666666667,P_rage-d5-v4,discovery,0.027624790598951066,0.015462449873053785,0.0316578017511102,0.04371659485985413,0.019916245531013566,0.0480395410281181,0.9965738761137193
1,0.06666666666666667,P_rage-d6-v1,discovery,-0.02593881016935473,-0.000633160906521546,0.02594653668094005,0.018798832954155742,0.01421287738205157,0.023566968492266565,-0.8121564287258031
1,0.06666666666666667,P_rage-d6-v2,confirmation,0.010584562348844528,-0.0035875109050120813,0.011176009780335635,0.05110559504636614,0.013133398248337258,0.05276616334918232,0.8373774038057676
1,0.06666666666666667,P_rage-d6-v3,discovery,0.003253913937928843,-0.018057258160321332,0.018348093311947675,-0.07747439945777801,-0.05879925451901924,0.09726065444636776,0.4537050773419598
1,0.06666666666666667,P_rage-d6-v4,discovery,0.007500133180691648,9.73446942129641e-05,0.0075007648755045795,0.0382089589106438,0.011196522461717429,0.03981565843071051,0.9632152445857624
1,0.06666666666666667,P_grief-d4-v1,discovery,-0.03976164239138846,-0.028812506351400202,0.04910344924656655,0.03850784132710405,0.009464020281912067,0.039653770609739826,-0.9263946201984599
1,0.06666666666666667,P_grief-d4-v2,confirmation,0.02707664520711539,0.016275117512652315,0.031591520471839385,0.06609386848353882,0.03540266313666818,0.07497831692087874,0.998777249342843
1,0.06666666666666667,P_grief-d4-v3,confirmation,0.10666418386256105,0.062494760741647504,0.12362379722052706,0.23476705188355895,0.11846201776883225,0.26296162895745984,0.998036697675206
1,0.06666666666666667,P_grief-d4-v4,confirmation,-0.023017047954685843,-0.014866645930362132,0.027400760167686236,-0.00841371068097585,-0.016253791399981843,0.018302356741613655,0.8679949287396199
1,0.06666666666666667,P_grief-d5-v1,confirmation,-0.004886979701408833,0.004975097781223958,0.0069738202252941335,0.044284802834510195,0.02989718127902119,0.05343206163458507,-0.18162341428149775
1,0.06666666666666667,P_grief-d5-v2,confirmation,0.056198303525963667,0.024974805363988217,0.06149788794881849,0.04161020163274021,0.006146768080576237,0.04206175980333784,0.963361824072425
1,0.06666666666666667,P_grief-d5-v3,confirmation,0.02394881766058532,0.011548191710764044,0.026587715191955148,-0.017579965099896455,-0.0015553016736409297,0.017648629867771822,-0.9355198750777745
1,0.06666666666666667,P_grief-d5-v4,discovery,-0.021149906934297746,-0.010597853624524589,0.023656564940335377,-0.027480539329522102,-0.003967702871130907,0.027765494915722132,0.9488818547447262
1,0.06666666666666667,P_grief-d6-v1,confirmation,-0.025137398323838767,-0.02020418775421806,0.032250550341025606,-0.05614744644858671,-0.04214181626984459,0.0702030513668619,0.9994500442283596
1,0.06666666666666667,P_grief-d6-v2,confirmation,-0.018744352584252333,-0.011624490826489975,0.022056281209168437,-0.029605714988624854,-0.019943729295865076,0.035696648277036225,0.9992891794478606
1,0.06666666666666667,P_grief-d6-v3,discovery,0.0167711199006364,0.018709892626221247,0.025126291903228588,0.06785189021599791,0.041188416517874415,0.07937483644791807,0.9569732875299232
1,0.06666666666666667,P_grief-d6-v4,discovery,-0.01989621985786183,-0.006853694176861325,0.021043590199923544,-0.04550740776773221,-0.013805216957431199,0.047555317021132346,0.9993080302826475
1,0.06666666666666667,P_terror-d4-v1,confirmation,0.03624262899383801,0.018790569516343503,0.04082417983418069,-0.028207245743846254,-0.020456171904816856,0.034843990607465604,-0.9889000157526993
1,0.06666666666666667,P_terror-d4-v2,confirmation,-0.006422355145184078,-0.018409433010919685,0.01949753495687113,-0.049198088717721244,-0.035215122292672874,0.06050253524906767,0.8174100716958579
1,0.06666666666666667,P_terror-d4-v3,confirmation,-0.00967287965962349,-0.010474572995391007,0.014257674436784296,-0.00023490971615602874,-0.008964764810186043,0.008967842030092552,0.7521813429454945
1,0.06666666666666667,P_terror-d4-v4,discovery,-0.038810893582365225,-0.012146641333734998,0.04066726393983344,-0.09686366846841432,-0.033851466228584925,0.10260844036912319,0.9994590259125685
1,0.06666666666666667,P_terror-d5-v1,confirmation,-0.003784633783767255,0.0033978386470021604,0.005086134126062143,-0.028793521841482317,-0.006831168275419852,0.0295927653328144,0.5697970070466776
1,0.06666666666666667,P_terror-d5-v2,confirmation,-0.038043411840092745,-0.02153725993014355,0.04371675593789497,-0.16368103984241467,-0.08032479276311122,0.18232815234168007,0.9982643906623079
1,0.06666666666666667,P_terror-d5-v3,discovery,-0.013261757942649943,-0.008615190452054833,0.01581441526755307,-0.002415670485715893,-0.0027229873500584922,0.0036400719778786556,0.9640320323737791
1,0.06666666666666667,P_terror-d5-v4,discovery,-0.022125750082493845,-0.01996614582957168,0.02980261391221748,-0.0787775509580797,-0.04072092915096226,0.0886797418008788,0.967143636481414
1,0.06666666666666667,P_terror-d6-v1,discovery,-0.01824512424146274,-0.006884834424941033,0.019500910328629904,0.02657071572287295,0.013638862888115444,0.029866729230140696,-0.9935767448940961
1,0.06666666666666667,P_terror-d6-v2,confirmation,0.011379767456239698,0.005779964635335588,0.012763506514427068,0.03021354450436542,0.00784913652413799,0.031216457449426045,0.9768075140369179
1,0.06666666666666667,P_terror-d6-v3,discovery,-0.0036590294239857712,0.0028357440673341117,0.004629248399147993,0.06861803485860518,0.0462969761681058,0.08277587033771927,-0.3126099654532349
1,0.06666666666666667,P_terror-d6-v4,discovery,-0.009151426484985237,-0.022282408237690454,0.024088468684853852,-0.1101833020189047,-0.04996349506345643,0.12098227507674504,0.7280161907044598
1,0.06666666666666667,P_ecstasy-d4-v1,confirmation,0.00968036095885072,0.001172281421941257,0.009751083633415819,0.04221334904909391,0.018822195435067357,0.04621949674040716,0.9556573161110251
1,0.06666666666666667,P_ecstasy-d4-v2,discovery,-0.03357417640056504,-0.0176594873261795,0.03793524500513675,0.08039748669184155,0.026600850271103926,0.08468388926773811,-0.9864693374404025
1,0.06666666666666667,P_ecstasy-d4-v3,confirmation,-0.03413988154668779,-0.009636176454649537,0.03547375661932375,-0.08484780016140547,-0.03460658054511967,0.09163386169563986,0.9937155106238028
1,0.06666666666666667,P_ecstasy-d4-v4,discovery,0.04344468711738436,0.014525956804471996,0.04580877928752096,0.17515052973085243,0.06331856373337352,0.18624432495583726,0.9997066806041504
1,0.06666666666666667,P_ecstasy-d5-v1,confirmation,0.004371002054227802,0.0023134959359989438,0.004945495162665442,0.03810341530842498,0.014314945711397797,0.040703659895476,0.9918923010236798
1,0.06666666666666667,P_ecstasy-d5-v2,confirmation,0.04248476960547176,0.017325662965221866,0.04588174196360114,0.07046887074505359,0.03785899162468098,0.07999478102301884,0.9944108016154957
1,0.06666666666666667,P_ecstasy-d5-v3,discovery,0.03301004975828992,0.0004637227523751619,0.03301330676917789,-0.019145768950199926,-0.023529656743017657,0.030334884458963676,-0.6419800405103725
1,0.06666666666666667,P_ecstasy-d5-v4,confirmation,-0.024090639764652977,-0.005297929381877786,0.024666312655231695,0.10860545374113295,0.057062344692723865,0.12268355946967223,-0.9644882561468423
1,0.06666666666666667,P_ecstasy-d6-v1,confirmation,0.01130950264643893,0.014999025123947796,0.018784983491571833,0.1331711743932602,0.06940241957450066,0.15017076124224432,0.9029098796455133
1,0.06666666666666667,P_ecstasy-d6-v2,confirmation,-0.006347388612963911,-0.00037918803502634546,0.006358704724225765,-0.030777850769663218,-0.012760018217390812,0.033318075618315714,0.9449523749741424
1,0.06666666666666667,P_ecstasy-d6-v3,confirmation,0.011745528730019217,0.007149243814793316,0.013750241171378314,0.0036428583736274334,-0.001620461092155523,0.003987017843137573,0.5691504542533162
1,0.06666666666666667,P_ecstasy-d6-v4,discovery,-0.010705246457650475,-0.006734273536748603,0.012647242457816272,-0.000250521505202439,0.0012529861982257806,0.0012777853644150064,-0.3561814993442224
1,0.06666666666666667,P_loathing-d4-v1,confirmation,-0.023024764251202257,0.007910488620539446,0.024345751149617987,0.061116399486500494,0.04496787594659146,0.07587703310845487,-0.5691995274950621
1,0.06666666666666667,P_loathing-d4-v2,discovery,-0.004094148682318277,-0.013051736091167498,0.013678810928820265,-0.023502091911373313,-0.02544805279533424,0.0346403192145332,0.9040262429074016
1,0.06666666666666667,P_loathing-d4-v3,discovery,-0.01725718483712768,-0.006581764215374264,0.018469706242644216,-0.06848206345133079,-0.029019335425899406,0.07437684346026628,0.9993358176862038
1,0.06666666666666667,P_loathing-d4-v4,discovery,-0.05823714290811566,-0.03027646935587036,0.06563710391811359,-0.0944991403216835,-0.04093006124536691,0.10298231612799702,0.9975022711395815
1,0.06666666666666667,P_loathing-d5-v1,discovery,-0.025297315886181337,-0.007534503036615625,0.0263955096001955,-0.12596356903784933,-0.05398410823786337,0.1370441704961958,0.9933467622271004
1,0.06666666666666667,P_loathing-d5-v2,confirmation,0.014388909554111429,0.005303358087193288,0.015335133685670875,0.018299719855462637,0.0048220215222816165,0.018924366260188494,0.9954454486377874
1,0.06666666666666667,P_loathing-d5-v3,discovery,0.012741892018937051,0.008889170489988274,0.015536188857706709,0.0246532120637748,0.01307987636160357,0.027908135564675172,0.9926467936696389
1,0.06666666666666667,P_loathing-d5-v4,discovery,-0.010951974213805116,-0.017990558614383367,0.0210619547629705,-0.014573939304230787,-0.02118010349330568,0.025709852018837884,0.99844055442275
1,0.06666666666666667,P_loathing-d6-v1,discovery,0.004127293827075995,0.0037322626232914047,0.005564560955209104,0.009578770753354782,2.1535246600645763e-05,0.009578794961380636,0.7432166491340584
1,0.06666666666666667,P_loathing-d6-v2,confirmation,0.05111544513023336,0.022503258372524648,0.055849667575040216,0.012337727440392854,0.004478909868672165,0.013125553398051897,0.997791036368902
1,0.06666666666666667,P_loathing-d6-v3,discovery,0.015770826236577662,0.004996584980184515,0.016543422307628244,-0.013287249601972917,-0.004917154125612111,0.014167900574190718,-0.9988664859535028
1,0.06666666666666667,P_loathing-d6-v4,confirmation,-0.02765993721316473,-0.005953706930849734,0.028293440102869487,-0.06489766578625966,-0.019009961248994234,0.06762459353810063,0.9973411374760814
1,0.06666666666666667,P_amazement-d4-v1,confirmation,-0.07078464642440174,-0.03441325166607889,0.07870665829305963,-0.08440783204723479,-0.04106853133946675,0.09386855904558757,0.9999999526524068
1,0.06666666666666667,P_amazement-d4-v2,confirmation,0.0035127805670303047,0.006938889385113001,0.007777391157125867,-0.001666207038141021,-0.002173904850810704,0.0027389976623445633,-0.982877344195793
1,0.06666666666666667,P_amazement-d4-v3,discovery,-0.013713662395686832,-0.006876672789045912,0.015341224362823183,0.050390978194657876,0.0342475570598153,0.060927381758777314,-0.9912843464151091
1,0.06666666666666667,P_amazement-d4-v4,discovery,-0.0533287402327689,-0.045324544928212696,0.06998763396317749,-0.1184342254537416,-0.08200337777788969,0.14405283657676093,0.9951196411876797
1,0.06666666666666667,P_amazement-d5-v1,discovery,0.00679350123052469,-0.006246384431672247,0.00922870399554444,-0.03189770150246729,-0.02790576951764434,0.04238154472777499,-0.10837129442074012
1,0.06666666666666667,P_amazement-d5-v2,confirmation,0.021899087890806967,0.0069054325103765635,0.022962034940410964,-0.03597393822385975,-0.023802144449057483,0.04313544148038681,-0.9613146418308259
1,0.06666666666666667,P_amazement-d5-v3,discovery,-0.07311132870127501,-0.04433715997081844,0.0855046790459085,-0.2190346710722615,-0.08933980093218041,0.23655398361121593,0.9875666126680157
1,0.06666666666666667,P_amazement-d5-v4,confirmation,-0.020402508198180236,-0.009345257908553783,0.022440948869292463,-0.019660431423475178,-0.009368915036938485,0.02177863936811807,0.9998848209069785
1,0.06666666666666667,P_amazement-d6-v1,confirmation,-0.02843741788401921,-0.02870251209057706,0.04040446678549363,-0.0910880983196587,-0.05105163582269556,0.10441892154042266,0.9612773901498887
1,0.06666666666666667,P_amazement-d6-v2,discovery,-0.030137743916803572,-0.017445512347432413,0.03482283029076252,-0.10601386118803502,-0.05725363227960312,0.12048617004952879,0.9995633824223017
1,0.06666666666666667,P_amazement-d6-v3,discovery,-0.009661898908863265,-0.007076984221016325,0.011976476785332453,-0.01629625400444734,-0.015064607292994747,0.022192572799691713,0.9935133239769226
1,0.06666666666666667,P_amazement-d6-v4,confirmation,-0.02685990756799317,-0.013270988506569381,0.02995953555218494,-0.07212246553830859,-0.028509644698011982,0.07755288438305434,0.9966022607556607
1,0.06666666666666667,P_admiration-d4-v1,discovery,-0.01955262095709287,-0.004591646073223821,0.02008452638110989,0.02433760432252985,0.014774062756992556,0.028470895920353085,-0.9508184021540674
1,0.06666666666666667,P_admiration-d4-v2,discovery,0.06792751337757519,0.01861089771767155,0.07043090647945892,0.057373584452608206,0.012234061407766283,0.05866345072930472,0.9983570471613449
1,0.06666666666666667,P_admiration-d4-v3,discovery,-0.010614938227749171,-0.0058615231738921025,0.012125772861842864,-0.03823395878574498,-0.019641161685012065,0.042983843904039476,0.9995508686097657
1,0.06666666666666667,P_admiration-d4-v4,discovery,0.02858698047903463,0.014886866436904178,0.03223095166480399,-0.019354275573679303,-0.004310340704445359,0.019828439675635544,-0.9661366411907956
1,0.06666666666666667,P_admiration-d5-v1,confirmation,-0.01902278069910146,-0.01507544371450642,0.024272107216213392,-0.013776162597027852,-0.016711719720804208,0.02165789075432937,0.9777715004239601
1,0.06666666666666667,P_admiration-d5-v2,discovery,-0.07373970021094234,-0.03857364246500694,0.08321940446925727,-0.03215572469956651,-0.011825597458269499,0.03426128115233495,0.9916198381241348
1,0.06666666666666667,P_admiration-d5-v3,confirmation,-0.012771213932474268,-0.009496272197574207,0.015914870120721868,-0.010975977709440254,-0.009490270363103459,0.014509904143133724,0.9972956820611479
1,0.06666666666666667,P_admiration-d5-v4,discovery,0.004107145761761188,-0.0022478639582148574,0.004682044284604137,-0.03452681501129451,-0.02565887424260449,0.04301719170543265,-0.4177035553512315
1,0.06666666666666667,P_admiration-d6-v1,confirmation,-0.030330282635668837,-0.010498265135439944,0.032095788128873676,-0.1292047117404742,-0.04587701270940059,0.1371078328582198,0.9999683027902749
1,0.06666666666666667,P_admiration-d6-v2,confirmation,-0.0006092529864076823,-0.004568308067425697,0.004608755558754813,-0.018431455215430326,-0.01877707152890995,0.026311536567829225,0.7999844483127376
1,0.06666666666666667,P_admiration-d6-v3,confirmation,-0.07660523958410703,-0.03357964954817927,0.08364182922149047,-0.07902310332120477,-0.042031138197789364,0.08950568382351744,0.9971355507913491
1,0.06666666666666667,P_admiration-d6-v4,confirmation,0.028941000869256328,0.00998842720337656,0.030616175615374438,0.049059750964449034,0.020992079593118884,0.053362220440472646,0.9974102735795621
1,0.06666666666666667,P_vigilance-d4-v1,discovery,0.005358889931506461,0.0058347953650548234,0.007922281126674726,-0.005778272183964095,-0.0002454701142537985,0.005783483812458107,-0.7070828174716814
1,0.06666666666666667,P_vigilance-d4-v2,confirmation,0.018941284421449822,0.0038771967308148803,0.01933403501661511,0.08549751631637825,0.04418709855302616,0.09624097347182338,0.9623955972007737
1,0.06666666666666667,P_vigilance-d4-v3,discovery,-0.08062566579427966,-0.037629638974619795,0.08897464646814339,-0.03865161218542523,-0.020673043274337388,0.04383288540302975,0.9985168363953708
1,0.06666666666666667,P_vigilance-d4-v4,discovery,-0.06288890678273695,-0.039235582914534994,0.07412452740470679,-0.15526608156648747,-0.0766183924975925,0.17314137042869412,0.9950646154270767
1,0.06666666666666667,P_vigilance-d5-v1,discovery,-0.030031303281038646,-0.02406648804644096,0.03848473754161782,-0.0437569099768389,-0.036994461256839806,0.057299714959195086,0.9996550381437376
1,0.06666666666666667,P_vigilance-d5-v2,confirmation,0.0013512090111715835,0.0014075699045266177,0.001951158329813437,-0.027518956874513556,-0.0046602619007583,0.02791076904073043,-0.8032473141015259
1,0.06666666666666667,P_vigilance-d5-v3,confirmation,0.06920048024402448,0.05466913281911445,0.08818968504988324,0.16796270092983212,0.09116806701232871,0.19111013930822376,0.9853586627347862
1,0.06666666666666667,P_vigilance-d5-v4,confirmation,0.00685329882559671,0.016290729543191773,0.01767358406895292,0.009033270822238926,0.02802632701940322,0.029446137063228583,0.9962688490651341
1,0.06666666666666667,P_vigilance-d6-v1,discovery,-0.02201517414797749,-0.0157235318300728,0.02705360134948929,-0.0676994647297322,-0.04170605519019022,0.07951485750612552,0.9976843857490313
1,0.06666666666666667,P_vigilance-d6-v2,discovery,-0.019745482020231186,-0.005617960200822836,0.020529138730821184,0.003747348449338439,-0.004433748827490813,0.00580523462626924,-0.4118646760481252
1,0.06666666666666667,P_vigilance-d6-v3,discovery,0.00630068340091583,-0.0019235935654950964,0.006587778345071303,0.0010674177208320756,-0.006907512409043637,0.006989499858490461,0.4346310709790215
1,0.06666666666666667,P_vigilance-d6-v4,discovery,-0.07873321451278237,-0.04422813006372639,0.09030529639201514,-0.05239515810376405,-0.03091293460494038,0.060834711461531174,0.9997749903641219
2,0.13333333333333333,P_rage-d1-v1,discovery,0.07580420444716163,0.05100878570935574,0.09136834042166933,-0.0038609045075841397,0.02157183236465876,0.02191461921151318,0.40337572611960604
2,0.13333333333333333,P_rage-d1-v2,confirmation,-0.008325324824739244,-0.008344114533954006,0.011787081097250584,0.06556141982950203,0.011395463082928714,0.06654439382047607,-0.8171015359090089
2,0.13333333333333333,P_rage-d1-v3,discovery,-0.12422172901837847,-0.08366448754136702,0.1497691037426445,-0.15747052250914306,-0.09615164936731446,0.1845050273985983,0.9990079473080555
2,0.13333333333333333,P_rage-d1-v4,discovery,-0.12282255122057695,-0.056178126619832014,0.135060582698451,-0.2723282145287884,-0.13660406432613392,0.3046692088460144,0.9993537022663033
2,0.13333333333333333,P_rage-d2-v1,discovery,-0.0011723140107289254,0.005107974904769108,0.005240775492949714,-0.050145032630860786,-0.009043252425045889,0.05095394697148781,0.04715811460437078
2,0.13333333333333333,P_rage-d2-v2,discovery,0.01799936893019627,-0.0033286650032691156,0.01830457026508143,0.04710275389875962,0.021856990933817766,0.051926847367504476,0.815430157206107
2,0.13333333333333333,P_rage-d2-v3,confirmation,-0.039323726420889216,-0.0264637626285138,0.047399221429083246,0.006608167498766804,9.620375566976591e-05,0.006608867743748764,-0.8376674873932332
2,0.13333333333333333,P_rage-d2-v4,discovery,-0.12327000036093949,-0.08581631854034111,0.15019964552822127,-0.27628527592940166,-0.16011201696029165,0.31932649697524057,0.9965636494876504
2,0.13333333333333333,P_rage-d3-v1,discovery,0.05540407836439343,0.018295197891400328,0.05834660371686896,0.13644754256400482,0.05666141914873979,0.14774453726518988,0.9972147728018728
2,0.13333333333333333,P_rage-d3-v2,discovery,0.011191800353121728,0.00990420804841996,0.014944889836011586,-0.0027673954556162172,-0.006012260878589526,0.006618591880451868,-0.9151253031526025
2,0.13333333333333333,P_rage-d3-v3,confirmation,0.0018289453582269743,-0.0027449275246524962,0.0032984342101935087,0.0012285983334505701,-0.011161527021267048,0.011228942038831262,0.8878634687895982
2,0.13333333333333333,P_rage-d3-v4,confirmation,0.013289456322572057,-0.0017588201909557455,0.013405338407278797,-0.014690796495942848,-0.025916927178168958,0.02979104926053662,-0.3747241135865846
2,0.13333333333333333,P_grief-d1-v1,discovery,0.057959136710476145,0.02434412142733322,0.06286412153440472,0.08403094449083115,0.025093267926041385,0.08769761528815503,0.9942320349706782
2,0.13333333333333333,P_grief-d1-v2,discovery,-0.03547755036988853,-0.020036602512288226,0.04074459498489846,-0.13517803995649036,-0.06398491268390893,0.14955658306355477,0.9974077126031466
2,0.13333333333333333,P_grief-d1-v3,confirmation,-0.005473472647930855,-0.012340492251071034,0.013499875993000506,-0.027033627041530117,-0.030628056450396457,0.04085210928396746,0.953643931744314
2,0.13333333333333333,P_grief-d1-v4,confirmation,-0.2531548140470825,-0.16390851108202042,0.30158474742655295,-0.48215964863952054,-0.25919231961207023,0.5474108012471726,0.9966934255572454
2,0.13333333333333333,P_grief-d2-v1,confirmation,0.021041500843772987,0.014231897925599313,0.02540259192136065,-0.0385377887275955,-0.001791878675649894,0.03857942442806834,-0.8534488974479457
2,0.13333333333333333,P_grief-d2-v2,confirmation,0.051760658783910785,0.031042501988426174,0.06035563542409179,0.13850214820766693,0.0626646539682798,0.1520187617207257,0.9933561171684364
2,0.13333333333333333,P_grief-d2-v3,confirmation,0.004151218995046335,0.006731071240932529,0.00790821972351189,-0.04147143129557218,-0.020577402983697368,0.046295886720710305,-0.8485376874061512
2,0.13333333333333333,P_grief-d2-v4,confirmation,-0.31303249688848833,-0.18595469230372874,0.3640995628918221,-0.3774641921023627,-0.22200358516590502,0.43790958900896954,0.9999904477611694
2,0.13333333333333333,P_grief-d3-v1,discovery,-0.05410254317334573,-0.028009244129179045,0.060922926181460536,-0.09862712385886763,-0.04358627996823028,0.10782890782225965,0.998103953477299
2,0.13333333333333333,P_grief-d3-v2,confirmation,0.05820147416449295,0.023838545512031573,0.06289425925352282,0.0930431815683459,0.036280541600684835,0.0998664675213818,0.9998564202048067
2,0.13333333333333333,P_grief-d3-v3,confirmation,-0.06610073389089788,-0.03088131246843151,0.07295863540862177,-0.04666317673333431,-0.025649491632995236,0.053247990421024204,0.9978530916379172
2,0.13333333333333333,P_grief-d3-v4,confirmation,-0.003313564915805145,-0.007861517622504977,0.008531305397195148,0.0017328305242942932,-0.002668211917229435,0.003181517949214056,0.5612728332010912
2,0.13333333333333333,P_terror-d1-v1,discovery,0.051337203730687175,0.018900627483048993,0.05470596134005021,0.03393036242756464,0.008758613007960658,0.03504258546810021,0.9949896069306133
2,0.13333333333333333,P_terror-d1-v2,discovery,0.027525397555496767,0.010220387822298171,0.029361604823754578,0.0898185362284818,0.031578584581322566,0.09520806927139548,0.999847822226882
2,0.13333333333333333,P_terror-d1-v3,confirmation,0.01262104295127564,0.01382356702366927,0.018718486328649038,0.004932339357539561,0.0066275730705998015,0.008261519009484481,0.994987406150788
2,0.13333333333333333,P_terror-d1-v4,discovery,-0.15110116720770161,-0.08688023158060787,0.1742978409821242,-0.24000497804095167,-0.13761606611731736,0.27665966662678454,0.9999992831210359
2,0.13333333333333333,P_terror-d2-v1,discovery,-0.04831874516216761,-0.03960704226446676,0.062477347342742975,-0.14126065541854027,-0.08830205705481387,0.16658879328870588,0.991823138595923
2,0.13333333333333333,P_terror-d2-v2,discovery,0.04263335902294951,0.006238913111811684,0.043087438290021915,0.10385464343908568,0.03021877152880137,0.10816173591695688,0.990514244093306
2,0.13333333333333333,P_terror-d2-v3,confirmation,-0.04912258091072852,-0.03140050717474718,0.05830111324976924,-0.06882021272361438,-0.051105179159425695,0.08572024857780414,0.9975526368817244
2,0.13333333333333333,P_terror-d2-v4,confirmation,-0.1709652775591053,-0.0933173967634211,0.1947749025659201,-0.4502839530089915,-0.22718360491225909,0.5043491138867333,0.9994762951281918
2,0.13333333333333333,P_terror-d3-v1,discovery,0.024185651496075877,0.014982344936735004,0.02845024425366057,0.03119135414038121,0.014819230615493506,0.0345327405391732,0.9938370751357699
2,0.13333333333333333,P_terror-d3-v2,discovery,-0.07465721184691532,-0.028094130621442837,0.07976828602978683,-0.11288675196880238,-0.06783887663842147,0.13170243715903238,0.9836285420651086
2,0.13333333333333333,P_terror-d3-v3,confirmation,0.013840725326572212,0.0010291597610319059,0.01387893538349915,0.03080756581102051,0.004122987788975685,0.03108223189393584,0.9982706564983351
2,0.13333333333333333,P_terror-d3-v4,confirmation,0.05993886253235203,0.03450081655891957,0.06915904557543007,0.06719762284440556,0.03003429712846284,0.0736042085749162,0.9948059134762578
2,0.13333333333333333,P_ecstasy-d1-v1,confirmation,-0.036529302686965526,-0.015713654211586103,0.0397656746890738,-0.07234335793644453,-0.03610018483277422,0.08085038517212514,0.9983975856923957
2,0.13333333333333333,P_ecstasy-d1-v2,discovery,0.03481520347997691,-1.2344501154615273e-05,0.03481520566848493,0.009835328936901977,-0.026977749027826015,0.028714676350351378,0.3428523364182973
2,0.13333333333333333,P_ecstasy-d1-v3,discovery,0.04501566550600122,0.014392457482118814,0.04726048003694827,0.04068252413231521,0.0017606192661427933,0.04072060350702974,0.9647775505285672
2,0.13333333333333333,P_ecstasy-d1-v4,discovery,-0.047682983164456516,-0.02712163021610614,0.05485662867002533,-0.16551803561364498,-0.10053054871785339,0.19365590964107587,0.9995891815756315
2,0.13333333333333333,P_ecstasy-d2-v1,confirmation,-0.06680724360186874,-0.02938273009957726,0.07298323523785469,-0.11891312154766354,-0.05921515491042051,0.1328411270927588,0.9988639261918677
2,0.13333333333333333,P_ecstasy-d2-v2,confirmation,-0.04191719609190514,-0.024073773232251128,0.04833836867174024,-0.06039064340826128,-0.02726382233144653,0.06625968472143867,0.9952744011401758
2,0.13333333333333333,P_ecstasy-d2-v3,confirmation,0.03219940667722376,0.00621112517189637,0.03279298501610073,-0.1271141441905801,-0.06722286089438789,0.14379471019522871,-0.9565411970846187
2,0.13333333333333333,P_ecstasy-d2-v4,confirmation,-0.22611623968621508,-0.11281474871810282,0.2526968962574779,-0.3007620129584403,-0.15524695164664593,0.33846625302146305,0.9999058758835497
2,0.13333333333333333,P_ecstasy-d3-v1,confirmation,0.036892344889533746,0.013110947352631186,0.039152803883397334,0.003163836070434023,-0.00527484261289235,0.0061509205222766775,0.19750022910095438
2,0.13333333333333333,P_ecstasy-d3-v2,discovery,-0.03434440520287119,-0.01762764115141291,0.03860403996088999,-0.11871035288117149,-0.06640137041009231,0.1360194466740346,0.9993593166722994
2,0.13333333333333333,P_ecstasy-d3-v3,discovery,-0.07313188131954362,-0.03338426151052065,0.08039142355959773,-0.0856698334947712,-0.05493778434562824,0.10177170785551638,0.98993848460495
2,0.13333333333333333,P_ecstasy-d3-v4,confirmation,-0.05387155923399689,-0.013563043915340245,0.05555268719469369,-0.04010362133916834,-0.0032773786137241245,0.04023731669847151,0.9864021173788933
2,0.13333333333333333,P_loathing-d1-v1,discovery,-0.029760916940002602,-0.03372533732747218,0.044979001266830305,-0.05522300878310027,-0.04603866763068165,0.0718967288286939,0.9883463474019156
2,0.13333333333333333,P_loathing-d1-v2,confirmation,0.019332573075094395,-0.0017936993117633193,0.01941560555133125,0.046318862700699626,0.0075941925329372495,0.04693728584093442,0.9676569564028145
2,0.13333333333333333,P_loathing-d1-v3,discovery,-0.0848356788893323,-0.049835160565698366,0.09839022126828885,-0.15175585662028457,-0.09137468827193018,0.1771416768446906,0.9999411672165961
2,0.13333333333333333,P_loathing-d1-v4,discovery,-0.06625693680773725,-0.047991955066958525,0.08181203717237125,-0.20712670788287246,-0.12350354116977025,0.24115264419008536,0.9960245960178942
2,0.13333333333333333,P_loathing-d2-v1,discovery,-0.02556084494506372,-0.012598715500638846,0.028497095054963537,0.002982793544052953,-0.005539119630352474,0.0062911766471622855,-0.0360158501259094
2,0.13333333333333333,P_loathing-d2-v2,confirmation,0.04134643646397773,0.026102910402403978,0.048896725245620255,0.11091178171526828,0.04717800039491493,0.12052878097997138,0.9870750628734175
2,0.13333333333333333,P_loathing-d2-v3,discovery,0.03389573088262843,0.017888862043147213,0.03832664813502902,0.0892687649110373,0.042148280497984025,0.09871874157260507,0.9990105437038258
2,0.13333333333333333,P_loathing-d2-v4,discovery,-0.1945138890180349,-0.11889781758529772,0.22797443726757421,-0.24702321661329663,-0.13726273139911527,0.28259781842244525,0.9991401968188117
2,0.13333333333333333,P_loathing-d3-v1,discovery,0.02043376007392972,-0.010698536971888828,0.02306506544750733,-0.018911221214065854,-0.04305174130537104,0.04702219387940045,0.06838036316789806
2,0.13333333333333333,P_loathing-d3-v2,confirmation,-0.03489580477415721,-0.0281928398646194,0.04486149139817095,-0.07142987599479556,-0.033906183950274116,0.07906868213586019,0.972196076579416
2,0.13333333333333333,P_loathing-d3-v3,confirmation,-0.01621335713166161,-0.020263988031707925,0.02595192016841922,-0.10435118974464075,-0.08444707424206976,0.13424037823683177,0.9768419330742406
2,0.13333333333333333,P_loathing-d3-v4,confirmation,-0.06262952618790951,-0.0219798464937373,0.06637447704057862,-0.17215645247006517,-0.08688602467579765,0.19283937723152167,0.9915783168677655
2,0.13333333333333333,P_amazement-d1-v1,confirmation,-0.005188638345411611,-0.0070819980486911405,0.008779331651164618,-0.014698202827310602,-0.008729205074391455,0.017094917010139092,0.9200565144539936
2,0.13333333333333333,P_amazement-d1-v2,confirmation,-0.0380752105638269,-0.015496384753786785,0.04110790191577711,-0.025668878239915482,-0.005022286285138122,0.026155585820728484,0.9813746200466741
2,0.13333333333333333,P_amazement-d1-v3,discovery,-0.03872233333750952,-0.009329524549251289,0.039830379453581456,0.0021806713710716963,0.008674127239669094,0.008944037734635353,-0.46419300611988884
2,0.13333333333333333,P_amazement-d1-v4,confirmation,-0.09150353286381385,-0.05236312938392729,0.1054267226344297,-0.12522340427188539,-0.06772979245359334,0.14236651910911804,0.9997129934409656
2,0.13333333333333333,P_amazement-d2-v1,confirmation,0.02263319372153383,0.008032813785233905,0.024016401798452703,0.11916996301141003,0.05253452873491149,0.13023577386240723,0.9972511851763466
2,0.13333333333333333,P_amazement-d2-v2,confirmation,-0.009839840336480776,-0.0003479974786326778,0.00984599208269887,-0.06719287881454283,-0.03516045319968031,0.07583627385751984,0.9018587953738595
2,0.13333333333333333,P_amazement-d2-v3,discovery,-0.0373588466387913,-0.012645102920181728,0.03944086776482886,-0.027582829819633226,-0.01385314221681444,0.030866195912974674,0.9903462016753286
2,0.13333333333333333,P_amazement-d2-v4,discovery,-0.13013904757142392,-0.062327227383494055,0.14429433452534132,-0.2158350496653192,-0.09846176010455476,0.2372329801417115,0.9998259289782825
2,0.13333333333333333,P_amazement-d3-v1,discovery,-0.04498372480083024,-0.023022129663229585,0.05053270179979876,-0.07411942821328754,-0.03740772033151396,0.08302425657038699,0.9999841136085857
2,0.13333333333333333,P_amazement-d3-v2,confirmation,0.004228696483444594,0.01819395144071212,0.018678911718194056,0.003196026539437291,0.007602601504133943,0.00824706828342334,0.9856544935486726
2,0.13333333333333333,P_amazement-d3-v3,discovery,-0.08611567316628044,-0.033708458950134634,0.0924779399082535,-0.09958454099590597,-0.038173107600718126,0.10665020838826936,0.9999751442422604
2,0.13333333333333333,P_amazement-d3-v4,confirmation,0.00035992866143708113,0.002700492239363861,0.002724372767480311,-0.03861403512480832,-0.009936184160620698,0.03987193830620353,-0.37496435107700893
2,0.13333333333333333,P_admiration-d1-v1,confirmation,0.007291620678984145,-0.0020354363123518127,0.0075703852681240445,-0.08260133920043167,-0.04109068190205001,0.09225738657083361,-0.7426150827580279
2,0.13333333333333333,P_admiration-d1-v2,confirmation,-0.008417804709467624,-0.0015662760963417455,0.008562281059198353,-0.02191400776060437,-0.018225125707088452,0.028502262071123493,0.872847051975172
2,0.13333333333333333,P_admiration-d1-v3,confirmation,-0.02422063906840677,-0.014886279157342308,0.028429573757486348,-0.026481108745845194,-0.02128792199684959,0.033976826563898395,0.9920706077472788
2,0.13333333333333333,P_admiration-d1-v4,discovery,-0.08700070492058032,-0.04533024240101824,0.09810175091614298,-0.21114534151044406,-0.12062856711609982,0.24317402502332655,0.9992504173440578
2,0.13333333333333333,P_admiration-d2-v1,confirmation,-0.023173848008133824,-0.013185629840712032,0.02666248423910202,-0.028433865409790204,-0.00980842554964223,0.03007806366614943,0.982912334007304
2,0.13333333333333333,P_admiration-d2-v2,confirmation,0.01086486610162396,-0.0006233585963633104,0.010882733633875152,0.05204356713785163,0.02589884081115512,0.058131599288112006,0.8682824181662924
2,0.13333333333333333,P_admiration-d2-v3,confirmation,0.0013641921897420417,-0.002100465213148439,0.0025045906735831915,-0.004118236430899813,-0.00624871185387299,0.00748373376955135,0.40051537239926166
2,0.13333333333333333,P_admiration-d2-v4,discovery,-0.08218968936435278,-0.06197472397903603,0.10293692947667765,-0.05998915420268336,-0.06173330126431775,0.08607960912402157,0.9882203927244979
2,0.13333333333333333,P_admiration-d3-v1,discovery,0.00036346572182655024,-0.01230159986734325,0.012306968214274478,-0.017652044079250473,-0.019935153705868736,0.026627148053301044,0.7287725399193986
2,0.13333333333333333,P_admiration-d3-v2,discovery,0.07634838995134086,0.04371182908420934,0.0879761368215787,0.11369318268224049,0.054197448615803445,0.12595039985994472,0.9971780887023254
2,0.13333333333333333,P_admiration-d3-v3,discovery,-0.0663448159552189,-0.024668223329665118,0.07078245436811374,-0.13955023613972983,-0.06946543086276158,0.15588365690990016,0.9943986495449058
2,0.13333333333333333,P_admiration-d3-v4,discovery,0.024690108317564352,0.012235233715317761,0.02755544216305572,0.14102689834473736,0.0568265465993667,0.15204552757364118,0.9970340786544244
2,0.13333333333333333,P_vigilance-d1-v1,discovery,-0.01502435084188214,-0.010825895607863956,0.01851839987505218,-0.01950774567088409,-0.013293744141448904,0.02360668918883383,0.9996563972739653
2,0.13333333333333333,P_vigilance-d1-v2,discovery,0.0034489605648166943,-0.005218522201870357,0.006255262020816916,-0.0441196736909899,-0.03464809904764721,0.056098452511767184,0.08163009614818174
2,0.13333333333333333,P_vigilance-d1-v3,discovery,-0.054027078438020126,-0.028869528930152377,0.061256631520161836,-0.12485382135548884,-0.06487969964825258,0.14070484047649456,0.9999337517565748
2,0.13333333333333333,P_vigilance-d1-v4,confirmation,-0.18816887379723646,-0.11016026766325027,0.21804313710309536,-0.30219949277295655,-0.1683713973008647,0.34593852179437584,0.9997727133084081
2,0.13333333333333333,P_vigilance-d2-v1,discovery,-0.054380722922055647,-0.02475541835455708,0.059750261618126244,-0.03372251399942083,-0.015398301120189473,0.03707176321446233,0.9999993343294277
2,0.13333333333333333,P_vigilance-d2-v2,discovery,-0.02536333405464486,-0.019395886472119983,0.031929596402192034,-0.09757419087290709,-0.05215283715121366,0.11063743104132305,0.9869073481943477
2,0.13333333333333333,P_vigilance-d2-v3,confirmation,-0.01563901169199422,-0.015884149018000393,0.02229091466782767,-0.009598915181529666,-0.017579186685567905,0.02002915318200569,0.9616542031529337
2,0.13333333333333333,P_vigilance-d2-v4,confirmation,-0.1633469429949317,-0.10202439728976831,0.19259076153369856,-0.2822326305259235,-0.18169493632277955,0.3356610010396224,0.9999063499240278
2,0.13333333333333333,P_vigilance-d3-v1,discovery,-0.04582766429530594,-0.01793561142731903,0.049212406688100875,-0.1932162183104742,-0.07733096416787788,0.20811675818476136,0.9999706667841803
2,0.13333333333333333,P_vigilance-d3-v2,confirmation,-0.06580031713741352,-0.04390997729938739,0.07910605439419231,-0.07844653034482096,-0.052693354563487116,0.0945010462285698,0.9999954083267474
2,0.13333333333333333,P_vigilance-d3-v3,discovery,-0.020326598300942855,-0.008874715574124004,0.022179521523456994,-0.045236018708380676,-0.020979046183854155,0.04986399269381918,0.9997449723240661
2,0.13333333333333333,P_vigilance-d3-v4,confirmation,0.004515081171200919,0.005323846876160054,0.0069806377605009864,-0.005953513957174916,0.0013408325892729778,0.006102635534810596,-0.4634290583707899
2,0.13333333333333333,P_rage-d4-v1,confirmation,0.05918621329750717,0.028415766239662688,0.06565412108531474,0.06402274299449129,0.03858017318717799,0.07474852094651326,0.9955172037769245
2,0.13333333333333333,P_rage-d4-v2,confirmation,-0.037056610260969514,-0.022711796353384273,0.04346283536115643,-0.10411878290745058,-0.059696339699075285,0.12001822331461258,0.9995721110531587
2,0.13333333333333333,P_rage-d4-v3,discovery,-0.012354399906773672,-0.0027456933232059555,0.0126558298377304,0.010472001702747757,-0.0011334572496051187,0.010533164054501113,-0.9471684345392939
2,0.13333333333333333,P_rage-d4-v4,confirmation,0.03597252912329196,0.03410792566897136,0.04957190176870527,-0.03535622068794808,-0.015822368519619268,0.03873512213618961,-0.9434151069265704
2,0.13333333333333333,P_rage-d5-v1,confirmation,0.003317062704828899,0.004028619946341294,0.005218494386298192,0.05210023549940157,0.026249212965515856,0.058339143980710835,0.9150097481717415
2,0.13333333333333333,P_rage-d5-v2,discovery,0.02771456965899688,0.01812032748249237,0.03311259034651561,-0.04669243344204155,-0.010219513248121093,0.0477977174326139,-0.9346280386777498
2,0.13333333333333333,P_rage-d5-v3,confirmation,-0.0392160080935815,-0.012425355739495991,0.04113738878500768,0.0024473800130691004,0.007545599893711952,0.007932575034902344,-0.5814234007345286
2,0.13333333333333333,P_rage-d5-v4,discovery,0.07144984837576018,0.040803031939098844,0.08227981677387378,0.11337908037450406,0.05964599462825504,0.12811112575323846,0.9994019113912375
2,0.13333333333333333,P_rage-d6-v1,discovery,0.017296561639603247,0.020462712524760285,0.026793537437665372,0.005119766286697747,0.015772287691939724,0.016582432447253333,0.9257174608695415
2,0.13333333333333333,P_rage-d6-v2,confirmation,-0.014497943484112596,-0.01840551085019726,0.02342975021047497,-0.0015634195710245713,-0.016217342433229476,0.01629252823694616,0.8413144177487903
2,0.13333333333333333,P_rage-d6-v3,discovery,-0.0559697754778572,-0.0330209636268286,0.06498461206998225,-0.08008767590684496,-0.06315490548009439,0.10199302877334064,0.9909395688591288
2,0.13333333333333333,P_rage-d6-v4,discovery,0.0043621382321932245,0.0035540051100779735,0.00562665107139426,0.04363909665855559,0.023850590472171973,0.04973149327182945,0.9832147881118417
2,0.13333333333333333,P_grief-d4-v1,discovery,-0.02159949890569557,-0.013844680208164206,0.02565567233660965,0.10040662703574865,0.03953802889639091,0.10791082652684936,-0.9810727323449704
2,0.13333333333333333,P_grief-d4-v2,confirmation,-0.000677631966726544,0.0057093344969203486,0.0057494074025115334,0.030993183294845572,0.022816295177113144,0.038485851119041806,0.4938015814505027
2,0.13333333333333333,P_grief-d4-v3,confirmation,0.1625265259898292,0.08467408418382583,0.18326094014462616,0.2939147124527537,0.14605934832970702,0.3282060197965351,0.9998176970119486
2,0.13333333333333333,P_grief-d4-v4,confirmation,-0.025217106034845393,-0.014136976848954319,0.028909454356672082,-0.012232521763916537,-0.012046968408810699,0.01716869350147456,0.9646187380733451
2,0.13333333333333333,P_grief-d5-v1,confirmation,0.014996509301596461,0.018863388034801254,0.024098188715842364,0.08158281914805254,0.04883974626041443,0.09508457916468639,0.936009553798329
2,0.13333333333333333,P_grief-d5-v2,confirmation,0.033965251933339324,0.020026336465248207,0.03942958903050526,0.02277825459347005,0.012271279134514756,0.025873406693400786,0.9992551572190668
2,0.13333333333333333,P_grief-d5-v3,confirmation,-0.002738318761776881,0.0018466725271375495,0.003302815323868995,0.008709509757851563,0.015723004518138683,0.017974104464465568,0.08735473112562073
2,0.13333333333333333,P_grief-d5-v4,discovery,0.01974316628898709,0.021953780295698166,0.029525600491545997,0.03650389117384112,0.02757057663710505,0.045745718563971846,0.9817208953888538
2,0.13333333333333333,P_grief-d6-v1,confirmation,-0.012668715214827486,-0.00729617940005145,0.014619527319039304,-0.028757274347643857,-0.032293238280759695,0.04324157798419918,0.9490067881511184
2,0.13333333333333333,P_grief-d6-v2,confirmation,0.007623646535309447,0.0037535196956728356,0.008497581809028945,-0.008824627907910276,-0.006316353365474203,0.010852206114454617,-0.9866282603145027
2,0.13333333333333333,P_grief-d6-v3,discovery,0.017225702690897293,0.018420100388589766,0.025219534720547703,0.01818668773518395,0.015239266461294587,0.023727428285750404,0.9926346146667214
2,0.13333333333333333,P_grief-d6-v4,discovery,0.028344023008729735,0.013944341397815307,0.03158842030457089,-0.010350107143256349,0.0035779505728301686,0.010951093469535444,-0.7038218686635036
2,0.13333333333333333,P_terror-d4-v1,confirmation,0.014594401466778706,0.010828330823243526,0.01817276265709532,0.02374906506996277,0.006829163875798905,0.02471144615233683,0.9364841185987159
2,0.13333333333333333,P_terror-d4-v2,confirmation,-0.005779319758418389,-0.019745200715822975,0.020573611452007673,-0.03036619443366284,-0.027552355402550965,0.04100290297785628,0.8529417677684127
2,0.13333333333333333,P_terror-d4-v3,confirmation,-0.03270093009276742,-0.02044100952345662,0.038564046718026185,-0.015062148807381881,-0.01604487296250312,0.022006959696391028,0.9668216157257737
2,0.13333333333333333,P_terror-d4-v4,discovery,-0.054467328690399164,-0.02102529645282125,0.05838452693648376,-0.10992282004828136,-0.043306836607032384,0.11814613182104206,0.9999761423967608
2,0.13333333333333333,P_terror-d5-v1,confirmation,0.0016339904214026646,0.005583698391763647,0.00581787009372155,0.0311071042395632,0.020189437539765542,0.037084569868654875,0.7580904140595365
2,0.13333333333333333,P_terror-d5-v2,confirmation,-0.05436760878879632,-0.030077176326484434,0.062132708143022686,-0.24426008078922035,-0.11898050869371968,0.27169716324645854,0.9986466493017827
2,0.13333333333333333,P_terror-d5-v3,discovery,-0.019247456350774073,-0.0230924562557151,0.030062037720305464,-0.0005563299425963564,-0.010233989622185469,0.010249099794227255,0.8017813000605011
2,0.13333333333333333,P_terror-d5-v4,discovery,-0.09843113358057565,-0.07167908747853691,0.12176444324889295,-0.18968729378695937,-0.10386354497396244,0.21626119716393544,0.9917614622862333
2,0.13333333333333333,P_terror-d6-v1,discovery,-0.02249447352456624,-0.005280353454548248,0.023105918543792434,0.033799411419469294,0.014825665423542578,0.036908001402858125,-0.9833388049542864
2,0.13333333333333333,P_terror-d6-v2,confirmation,0.00011804016990435429,-0.004897536314436124,0.004898958606982878,-0.03170798840194777,-0.024571017320591526,0.040113980364292735,0.5933064001630016
2,0.13333333333333333,P_terror-d6-v3,discovery,0.035371985901321956,0.030503924876829736,0.046708316384714524,0.10472542271294083,0.0657537789692797,0.12365667637109219,0.9886248297576161
2,0.13333333333333333,P_terror-d6-v4,discovery,-0.015413661673131962,-0.037383050833327935,0.040436041544406366,-0.1890573740416288,-0.107330603714336,0.21739951511721498,0.7879181488401321
2,0.13333333333333333,P_ecstasy-d4-v1,confirmation,0.01826908725484344,0.008215369337150946,0.020031271613926135,0.034267254917043743,0.014043028832648297,0.03703311245823459,0.9994335611945299
2,0.13333333333333333,P_ecstasy-d4-v2,discovery,-0.014491274595539672,-0.009202914717132415,0.01716655698426874,0.06676602687026234,0.024069968959849586,0.0709722886045583,-0.9759419379056006
2,0.13333333333333333,P_ecstasy-d4-v3,confirmation,0.011074933350949223,0.010933687999617803,0.015562765885309518,-0.0005892703595717919,0.002037089379943069,0.0021206066817179244,0.4771386170793959
2,0.13333333333333333,P_ecstasy-d4-v4,discovery,0.029943732002653434,0.005266956468887862,0.03040341949011478,0.17578545785099076,0.06066282303007409,0.18595834288856344,0.9875148043419435
2,0.13333333333333333,P_ecstasy-d5-v1,confirmation,0.016956967195816297,0.011082373318505034,0.0202572884377624,0.033208079763740184,0.012002928394986512,0.03531071865100035,0.9731998101208589
2,0.13333333333333333,P_ecstasy-d5-v2,confirmation,-0.02002707469305598,-0.0015933792054276807,0.020090360326622633,0.020730259202729195,0.02226444881440326,0.0304211986552391,-0.737339959902847
2,0.13333333333333333,P_ecstasy-d5-v3,discovery,0.03373980145033162,0.009790401605925148,0.03513155512517346,0.05050710432083161,0.0075626855885873034,0.05107016546073836,0.991063893796774
2,0.13333333333333333,P_ecstasy-d5-v4,confirmation,-0.03190767733696909,-0.008166964276991706,0.0329362896899725,0.0581786157009776,0.043713531073662715,0.07277103904583274,-0.923457916991611
2,0.13333333333333333,P_ecstasy-d6-v1,confirmation,0.048779462779739546,0.035971278408436724,0.060608323350982596,0.15213818376865929,0.08556249638034563,0.17454789528167622,0.9924337264314118
2,0.13333333333333333,P_ecstasy-d6-v2,confirmation,-0.012815772700566441,-0.0034977284165789158,0.013284507291906902,-0.004090112981976812,0.006223663413433389,0.007447349225667116,0.30979401233553694
2,0.13333333333333333,P_ecstasy-d6-v3,confirmation,0.023283909714249873,0.01404131995783331,0.027190055493499597,-0.04382287729702439,-0.023316672759132295,0.04963982074047526,-0.998559171671254
2,0.13333333333333333,P_ecstasy-d6-v4,discovery,0.022505138228606114,0.01537844199320837,0.02725761773939797,0.03371800663679636,0.01891766220290325,0.03866240958323986,0.9961164975767062
2,0.13333333333333333,P_loathing-d4-v1,confirmation,0.028066544938157634,0.03245855474462367,0.042910240279860394,0.10727896678198823,0.07035649710292624,0.12829190698717127,0.9617774745497017
2,0.13333333333333333,P_loathing-d4-v2,discovery,-0.023353626945181283,-0.022995417478991698,0.03277470238656355,-0.003515564958973094,-0.014806819872332788,0.015218446429004133,0.8472475892706675
2,0.13333333333333333,P_loathing-d4-v3,discovery,-0.029397260635609435,-0.009208623047120668,0.030805805805106185,-0.0984405427944881,-0.04429576304292837,0.10794746448726206,0.9928961061023022
2,0.13333333333333333,P_loathing-d4-v4,discovery,-0.03505596359129903,-0.02254099196095183,0.04167753473873159,-0.034793665090742554,-0.012881322057292532,0.0371015847153521,0.9765768015917073
2,0.13333333333333333,P_loathing-d5-v1,discovery,-0.028976351644730336,-0.00836727335841303,0.030160242341424826,-0.13333673340739427,-0.0620547458837315,0.1470696296400077,0.9880931752698716
2,0.13333333333333333,P_loathing-d5-v2,confirmation,-0.013279948728738056,-0.004954571130170393,0.014174089505919928,0.005532448644423038,0.00603029834529023,0.008183671922577811,-0.8909625231285215
2,0.13333333333333333,P_loathing-d5-v3,discovery,0.00121824962671635,0.01149755355541604,0.011561914630053906,0.022860959681056503,0.018745762637113472,0.029563949235274545,0.7120230391274076
2,0.13333333333333333,P_loathing-d5-v4,discovery,-0.0870290355126464,-0.03881698847080983,0.09529329260868497,-0.033150501626847184,-0.01616628869239589,0.0368823080649447,0.999415658108754
2,0.13333333333333333,P_loathing-d6-v1,discovery,0.020725652626319757,0.013122346893380765,0.02453056592859396,0.03016903357357048,0.0084513037774534,0.03133041848271454,0.9578701133835608
2,0.13333333333333333,P_loathing-d6-v2,confirmation,-0.0076422188551710235,0.0028669912889895954,0.008162300416026952,-0.010066248671543487,0.005070373451040666,0.011271115705659713,0.9942059702143913
2,0.13333333333333333,P_loathing-d6-v3,discovery,-0.01637220050492605,-0.00975252975546681,0.019056777954438317,-0.015155877195741851,-0.003881134573879841,0.015644929502972308,0.9592274517111611
2,0.13333333333333333,P_loathing-d6-v4,confirmation,-0.040077284541343516,-0.011620218563651363,0.04172790691701226,0.006467902357444544,0.005226821498848455,0.00831585376772951,-0.9220456676861598
2,0.13333333333333333,P_amazement-d4-v1,confirmation,-0.06806798037029793,-0.04150007825383284,0.07972143028549798,-0.08796038228444436,-0.05068072074492358,0.10151632532184428,0.9996926736416599
2,0.13333333333333333,P_amazement-d4-v2,confirmation,-0.0014578203166530912,0.005670004763299374,0.0058544166311840255,-0.023646277312665553,-0.004538425686243741,0.024077868229082047,0.061996397210871884
2,0.13333333333333333,P_amazement-d4-v3,discovery,0.04441600648682176,0.026957166307272296,0.051956428356415424,0.05782618565374431,0.03865542766070229,0.06955652259057445,0.999042739050537
2,0.13333333333333333,P_amazement-d4-v4,discovery,-0.07555052482191282,-0.049384381747955786,0.09025906581332589,-0.11967068486157384,-0.08145924272889671,0.14476422569545083,0.9998250162335781
2,0.13333333333333333,P_amazement-d5-v1,discovery,0.014774753229896298,0.006648483386870296,0.016201717944397794,-0.015316282969229267,-0.01621822630494041,0.02230738416918854,-0.9244723809735789
2,0.13333333333333333,P_amazement-d5-v2,confirmation,0.0074336700902248865,-0.0016476110714576109,0.007614070741271962,-0.019435591351211645,-0.014287462369593662,0.024122060279624703,-0.6584609352953269
2,0.13333333333333333,P_amazement-d5-v3,discovery,-0.12200397963315002,-0.06432867475956883,0.13792443381304295,-0.280200490834126,-0.11753877129693713,0.3038546985348076,0.9961273488064468
2,0.13333333333333333,P_amazement-d5-v4,confirmation,0.0012629423848133925,6.597762584181766e-05,0.001264664585757766,-0.0022252393462229847,0.005127618440396109,0.0055896476649489385,-0.34970019770188243
2,0.13333333333333333,P_amazement-d6-v1,confirmation,-0.10553214865982419,-0.06955427535253111,0.12639158049717927,-0.2170186676875292,-0.1134163773459882,0.24486808035176372,0.9948876506144686
2,0.13333333333333333,P_amazement-d6-v2,discovery,-0.022970098935275907,-0.018414518122752632,0.029440107384137517,-0.11445705892213098,-0.06289183251832275,0.13059785960963113,0.9850181988166566
2,0.13333333333333333,P_amazement-d6-v3,discovery,0.0023371215932534994,-0.00025717454512896865,0.0023512286337815103,0.010009811904258648,0.00047659607407979365,0.010021151539442281,0.9876734127674218
2,0.13333333333333333,P_amazement-d6-v4,confirmation,-0.03690132394162493,-0.01641516047904812,0.040387686269426785,-0.05682588663321475,-0.020147739647215168,0.06029189667395562,0.9969728028964596
2,0.13333333333333333,P_admiration-d4-v1,discovery,-0.04031324247355528,-0.014108369741824944,0.04271069673399982,-0.05228009170419856,-0.023712943028583844,0.05740654714992249,0.9960264491454754
2,0.13333333333333333,P_admiration-d4-v2,discovery,0.04336060719264356,0.009382823160974496,0.04436417052740705,0.02288372058500343,0.00586875543644938,0.023624287464077385,0.9992801984249788
2,0.13333333333333333,P_admiration-d4-v3,discovery,-0.04087293004865167,-0.021700169440091344,0.046276276476080555,-0.057852932187528516,-0.03305243987369355,0.06662901428281001,0.9995199073366705
2,0.13333333333333333,P_admiration-d4-v4,discovery,0.02494720636422354,0.013763363513493054,0.02849198625199211,-0.007895092498416023,-0.002499382800539962,0.008281268015357307,-0.9805494258782737
2,0.13333333333333333,P_admiration-d5-v1,confirmation,-0.0142832865270206,-0.011759986966420222,0.018501609861396973,-0.006980316242750195,-0.013149150763694717,0.014887074281240609,0.9233969756368683
2,0.13333333333333333,P_admiration-d5-v2,discovery,-0.010858611152535502,-0.009180397669234175,0.014219322681733074,-0.036166167689561046,-0.012667376687556242,0.0383204138481553,0.9341437705799255
2,0.13333333333333333,P_admiration-d5-v3,confirmation,0.00862933862093307,0.003721870762807278,0.00939775542402369,-0.017680558201388363,-0.004910639486975565,0.018349837015181496,-0.9907276526711875
2,0.13333333333333333,P_admiration-d5-v4,discovery,0.03199199298337785,0.008939823079608722,0.03321758648281362,0.04894006550875263,0.019602442356182692,0.05271988010540676,0.9941215063659735
2,0.13333333333333333,P_admiration-d6-v1,confirmation,-0.043187935064818994,-0.01976413209584571,0.047495459284704895,-0.1256150584880329,-0.050098109580706485,0.13523669436403862,0.9987656691270977
2,0.13333333333333333,P_admiration-d6-v2,confirmation,-0.028808221530679745,-0.01681733824605658,0.03335770515852368,-0.08740683589849985,-0.04186749249471333,0.09691667498208015,0.9966647484482924
2,0.13333333333333333,P_admiration-d6-v3,confirmation,-0.06379902215257349,-0.024940158110871913,0.06850055995552046,-0.03878641475265665,-0.027586023093871592,0.047595951923464226,0.9699988449129986
2,0.13333333333333333,P_admiration-d6-v4,confirmation,0.05903383500270998,0.03026508923416582,0.06633980178956828,0.05706685319360405,0.021339487818705205,0.06092618052844791,0.9932916435157965
2,0.13333333333333333,P_vigilance-d4-v1,discovery,0.0015824047263048868,0.005710121367096477,0.005925326214209964,0.00582867879015847,0.007826728132854122,0.009758645895023212,0.9324100602133776
2,0.13333333333333333,P_vigilance-d4-v2,confirmation,0.036766214394122976,0.020979080775524572,0.042330560486020026,0.1295915991592782,0.0672158967203984,0.14598616148315668,0.9991980495919651
2,0.13333333333333333,P_vigilance-d4-v3,discovery,-0.032105670466029856,-0.015728385727620697,0.035751310376965544,-0.04984622696403118,-0.021315794214667783,0.054212631605113706,0.9986775953490598
2,0.13333333333333333,P_vigilance-d4-v4,discovery,-0.043338236102291816,-0.033457068219854946,0.05475014266945811,-0.11140830945950952,-0.05586552406759804,0.12463052674193917,0.9815047808932015
2,0.13333333333333333,P_vigilance-d5-v1,discovery,-0.06305905235167852,-0.029710714391913307,0.06970775160030322,-0.09038372162111097,-0.03827758860768693,0.09815493326217388,0.9992117445022852
2,0.13333333333333333,P_vigilance-d5-v2,confirmation,0.003585319661111974,0.009353789570371696,0.010017379717228972,-0.04955110769956539,-0.014589576180962904,0.05165431257304707,-0.6070730176101928
2,0.13333333333333333,P_vigilance-d5-v3,confirmation,0.12294084582646381,0.0737674693408179,0.14337395546428525,0.24737613809083747,0.1232184111050767,0.2763652122319247,0.9969353694858362
2,0.13333333333333333,P_vigilance-d5-v4,confirmation,0.03652920784536473,0.026912677085510595,0.04537262625988078,0.06341386506077118,0.04433137436204415,0.07737305108869239,0.9996911343174006
2,0.13333333333333333,P_vigilance-d6-v1,discovery,-0.004738491292936686,-0.00011900303753087371,0.004739985385650293,-0.029723334586203798,-0.018103771480625586,0.03480263152041999,0.8668448658691379
2,0.13333333333333333,P_vigilance-d6-v2,discovery,-0.03637777311457935,-0.019424722608473388,0.04123908613429678,0.06340417407291898,0.015275233708038627,0.06521826473239081,-0.9679046425062846
2,0.13333333333333333,P_vigilance-d6-v3,discovery,0.008155956897040184,0.004878112024043979,0.009503452521347166,0.03361850527225929,0.015242003103730806,0.03691236317760034,0.9935813992361077
2,0.13333333333333333,P_vigilance-d6-v4,discovery,-0.09881347095385706,-0.05146336337036583,0.11141175795821133,-0.061461975630652255,-0.04045921335162417,0.07358343830954854,0.9948009803051483
3,0.2,P_rage-d1-v1,discovery,0.06624596691363305,0.0340901170914627,0.0745027799188178,0.02180137979164276,0.027203724541074337,0.034861766876136666,0.9131147606049536
3,0.2,P_rage-d1-v2,confirmation,-0.01681889585843921,-0.004480024853024567,0.017405340576407614,0.09201956722934712,0.04467363398933699,0.10229044103380129,-0.9816931836391469
3,0.2,P_rage-d1-v3,discovery,-0.23026084314874895,-0.12283517935627852,0.26097612376434337,-0.2254409922302365,-0.10685623915147646,0.2494832596054314,0.9988751848833983
3,0.2,P_rage-d1-v4,discovery,-0.09023565787689769,-0.06830081293471402,0.1131701153132722,-0.21903442248017324,-0.13299938721292826,0.25625166385847614,0.9947810788603181
3,0.2,P_rage-d2-v1,discovery,0.06460661186576733,0.025636244215771598,0.06950705945632134,0.003619788112094735,0.027641199750941592,0.027877209143813444,0.4863997887369989
3,0.2,P_rage-d2-v2,discovery,-0.003384234766682148,-0.010615168067175773,0.011141581487850294,0.06884168054838646,0.04327919694056526,0.08131584020685222,-0.7642408911536827
3,0.2,P_rage-d2-v3,confirmation,-0.0217384170639221,-0.01950576745851773,0.029206741355221208,0.08745414314691402,0.037627414464310505,0.09520530170547191,-0.9476485395197163
3,0.2,P_rage-d2-v4,discovery,-0.13237771832019352,-0.09379233195624259,0.16223705446491102,-0.2265557221286283,-0.13269338855088542,0.26255481445660156,0.9962539353611203
3,0.2,P_rage-d3-v1,discovery,0.0058611989352623795,-0.02487449431240929,0.02555570621714068,0.03050844775033168,0.011121164933656225,0.03247222957568979,-0.11787333002747312
3,0.2,P_rage-d3-v2,discovery,-0.01574691369050729,-0.017389653864409382,0.023459866843191037,0.019607285978142208,-0.005254482861139387,0.020299144158477708,-0.45647554539076085
3,0.2,P_rage-d3-v3,confirmation,-0.05191559972871662,-0.037729976244678554,0.06417772668626032,-0.1114756108709547,-0.06298773048004014,0.12804009532204627,0.9934925912998877
3,0.2,P_rage-d3-v4,confirmation,0.0617893622412824,0.01731813246525249,0.06417042152166719,0.1297276220157455,0.03702549986146053,0.13490790767724162,0.9999887073429673
3,0.2,P_grief-d1-v1,discovery,0.010130699771350393,0.006766855657324378,0.012182832730703556,0.01242794930045621,0.007095131007543998,0.014310653647856981,0.9975407906919214
3,0.2,P_grief-d1-v2,discovery,-0.10909836977423382,-0.0537495545610156,0.12162018295868103,-0.13642888433008427,-0.051595770901457616,0.14585939823839675,0.9953759478709288
3,0.2,P_grief-d1-v3,confirmation,0.018207908188946575,0.0069281536843472935,0.019481458725953832,0.016996523707521582,-0.002877187029798556,0.0172383300625317,0.8621607139488969
3,0.2,P_grief-d1-v4,confirmation,-0.22704294977666617,-0.17019584852990732,0.2837518773508026,-0.45553458195764573,-0.25455182125828646,0.5218317593489665,0.9910774881152916
3,0.2,P_grief-d2-v1,confirmation,-0.010200055447039169,0.009782782456852601,0.014133080475281262,-0.045315767694611875,0.0036821634490391553,0.04546511992085217,0.7754037634675243
3,0.2,P_grief-d2-v2,confirmation,0.06219322987675202,0.024948670070918055,0.06701070049484667,0.08460123039583944,0.03806884198250238,0.09277178943180218,0.999145552254496
3,0.2,P_grief-d2-v3,confirmation,0.02861255090320647,0.018311035048738766,0.03397016446449326,0.09051187428033014,0.0420598867698363,0.09980698102252035,0.9909971233928563
3,0.2,P_grief-d2-v4,confirmation,-0.22360557572659268,-0.1613417667056103,0.27573650316871096,-0.19744626674471677,-0.13837869749899134,0.24110929507786133,0.9999054756641564
3,0.2,P_grief-d3-v1,discovery,0.0006559314042489106,0.004358095093689229,0.004407180374425136,0.010999068278878532,0.004651564780785211,0.011942217462149704,0.5222460426664755
3,0.2,P_grief-d3-v2,confirmation,-0.005364145118222474,-0.012451346073357072,0.013557657315622584,-0.0232631238760308,-0.02574771689265276,0.03470040140482168,0.9466992940650566
3,0.2,P_grief-d3-v3,confirmation,-0.044933798902972555,-0.013722632851709271,0.046982517346727905,0.01878760027796833,0.00569531955348257,0.01963187685935801,-0.9999978716130318
3,0.2,P_grief-d3-v4,confirmation,-0.038111290803691134,-0.017863225935442983,0.04208996706513555,-0.042648462742368665,-0.011794932150371196,0.04424942710046163,0.9858394440728228
3,0.2,P_terror-d1-v1,discovery,0.04855772142280612,0.028593975440589503,0.05635128872769353,0.039228945241899904,0.022604664217983128,0.045275611417182955,0.999955457494368
3,0.2,P_terror-d1-v2,discovery,0.05808062837817296,0.0333470574655923,0.06697302169095364,0.21019887142042615,0.09989435546123815,0.23272827030560134,0.9969941872669348
3,0.2,P_terror-d1-v3,confirmation,-0.03432230553316895,-0.004114714998140201,0.03456807105738068,-0.027013537157461798,-0.00029192821403833946,0.02701511450724799,0.9941186919678602
3,0.2,P_terror-d1-v4,discovery,-0.15377685322943435,-0.10806436005699638,0.18795006385653382,-0.29374227754902327,-0.1719298006839196,0.3403591955315733,0.996556452822573
3,0.2,P_terror-d2-v1,discovery,-0.058748426857763825,-0.03845924251355548,0.07021745504487113,-0.12382130222702248,-0.0627347947829362,0.1388069499760468,0.9938818733745707
3,0.2,P_terror-d2-v2,discovery,0.030493136811385213,0.0061897693581736135,0.031115022694917657,0.11496832213035724,0.0450186670173407,0.12346819620245446,0.9850806801784303
3,0.2,P_terror-d2-v3,confirmation,-0.010563617292150163,-0.012164710303137483,0.016111182050187165,-0.03874603625933659,-0.04067295099015045,0.05617423135261404,0.9989389304403338
3,0.2,P_terror-d2-v4,confirmation,-0.14836084866278476,-0.10957482013686537,0.18443856056684058,-0.3154465029139173,-0.18491408966669098,0.36564971866238466,0.9943939901731823
3,0.2,P_terror-d3-v1,discovery,0.07333900486314882,0.04309686793277123,0.08506438537914496,0.04765714059709625,0.03833762425050358,0.061163522487379676,0.9893368467932268
3,0.2,P_terror-d3-v2,discovery,-0.10705350246570777,-0.049983670331425145,0.1181474489355394,-0.07698569059493998,-0.04197931355536255,0.08768728142073556,0.9980539999161252
3,0.2,P_terror-d3-v3,confirmation,-0.01659297530315662,-0.006150897010296141,0.017696337571442164,0.03291900144019699,0.020121108285683142,0.038581338163208884,-0.9813088662069531
3,0.2,P_terror-d3-v4,confirmation,0.026980169407837096,0.01331933656858908,0.030088773120600033,0.04156817062781126,0.0169653300851218,0.04489694014339919,0.9974752872837719
3,0.2,P_ecstasy-d1-v1,confirmation,0.08667488108004262,0.02844366875816462,0.09122267976037385,0.09499274878510278,0.05280798561951894,0.10868443157573657,0.9819509495787236
3,0.2,P_ecstasy-d1-v2,discovery,0.08958380825865042,0.02228681265749799,0.09231446647494128,0.14734892634477692,0.04645938291181029,0.15449977461311942,0.9981030945430845
3,0.2,P_ecstasy-d1-v3,discovery,0.1769386477125403,0.07855165369816408,0.1935914444211281,0.24670054064939606,0.09684782969218686,0.26502954339618656,0.9990442930518427
3,0.2,P_ecstasy-d1-v4,discovery,-0.0402710295722013,-0.03987133666046638,0.056669915386361416,-0.21710958064021835,-0.14687074298336622,0.26212131761887947,0.982817627696186
3,0.2,P_ecstasy-d2-v1,confirmation,0.008419028488361846,0.009922810521062253,0.013013155240937999,-0.012009037909676668,0.0005748526544930854,0.01202278865698092,-0.6097640528442846
3,0.2,P_ecstasy-d2-v2,confirmation,-0.012000994400118259,-0.011485769168912086,0.016611645312647427,0.028369964165161132,0.024091432111723154,0.03721897322504064,-0.9982338206425215
3,0.2,P_ecstasy-d2-v3,confirmation,0.0401015641240976,0.0010223533003834717,0.040114593996074754,-0.07742010819557077,-0.038073477425976776,0.08627550542489014,-0.9083145241795298
3,0.2,P_ecstasy-d2-v4,confirmation,-0.21077048331945036,-0.12950310773296092,0.24737674011759792,-0.28298992847540205,-0.16785420956774466,0.3290263443679328,0.9998783846070136
3,0.2,P_ecstasy-d3-v1,confirmation,0.05034252536760064,0.015491950810407218,0.05267229252937061,0.009009148827288094,-0.002394752189600169,0.009321995528953082,0.8481358378568865
3,0.2,P_ecstasy-d3-v2,discovery,-0.0014210572729949078,0.003922274775844059,0.004171767394085424,-0.06173008227354915,-0.02520985862911518,0.06667938234266362,-0.04011207248705744
3,0.2,P_ecstasy-d3-v3,discovery,-0.047211220762696016,-0.020246132829653263,0.05136930270560408,-0.013163178239459228,-0.006555179475840056,0.014705088892089284,0.9983804205042569
3,0.2,P_ecstasy-d3-v4,confirmation,-0.03694564903911157,-0.012767941422063167,0.03908965734153271,0.0989327982119712,0.061983501649170325,0.1167461050260064,-0.9743562158430024
3,0.2,P_loathing-d1-v1,discovery,-0.03899984899045439,-0.043962209530301166,0.05876788313410947,-0.026414394562075838,-0.030204022688542054,0.040124845503141625,0.9999748698883149
3,0.2,P_loathing-d1-v2,confirmation,-0.011990743940666349,-0.025135398672121667,0.027848989329186124,-0.017221607229544578,-0.022257439047919547,0.028142092113781377,0.9773144281155604
3,0.2,P_loathing-d1-v3,discovery,-0.04068375296055393,-0.023844316720686543,0.047156327198285844,-0.10365342614747775,-0.045987729258401444,0.11339710752243487,0.993672663847279
3,0.2,P_loathing-d1-v4,discovery,-0.08129722511469595,-0.06764433288123506,0.10575913474635129,-0.2101717653616526,-0.1153879131583655,0.23976351152390984,0.981643788266161
3,0.2,P_loathing-d2-v1,discovery,-0.041856641168590336,-0.022235023714733515,0.04739593536908933,0.03374370277358141,0.015027799471747816,0.03693876329595875,-0.9975977677584547
3,0.2,P_loathing-d2-v2,confirmation,0.06497838840522885,0.036154279029661396,0.07435941669953706,0.18115288290191556,0.08682173673280946,0.20088399874797494,0.9981511582725779
3,0.2,P_loathing-d2-v3,discovery,0.05673244932252697,0.0233347615786208,0.06134396387636006,0.1681922670320386,0.08232501921928126,0.18725930545324473,0.9978903432737039
3,0.2,P_loathing-d2-v4,discovery,-0.18943840239106002,-0.13291405063527595,0.2314153261060163,-0.2757296261517448,-0.1588055951833054,0.3181918349035764,0.9960182716050147
3,0.2,P_loathing-d3-v1,discovery,-0.002073270924604742,-0.021436318998604875,0.021536346592139523,-0.07554128044306374,-0.04491047832387629,0.08788308207076585,0.5914008577640021
3,0.2,P_loathing-d3-v2,confirmation,-0.061406504436117615,-0.03818267391832997,0.07230958010261467,-0.021269799947361,-0.008790009859348302,0.02301453156438771,0.9865152276268792
3,0.2,P_loathing-d3-v3,confirmation,-0.046185473948130884,-0.035776224953202096,0.05842119714380729,-0.12535208198472825,-0.06994022492428797,0.14354365022656357,0.9887491720881314
3,0.2,P_loathing-d3-v4,confirmation,-0.005139361803794706,0.0006830885133810582,0.005184558772684241,-0.0015699755559239748,0.028581856037756204,0.028624942232417162,0.1859243881320765
3,0.2,P_amazement-d1-v1,confirmation,-0.05680056407967804,-0.032822103589343676,0.06560178780947375,-0.09482413338171813,-0.04345252470112815,0.10430598340697442,0.9955585307762861
3,0.2,P_amazement-d1-v2,confirmation,-0.05999018427547664,-0.027940140559952198,0.06617759185642472,-0.0021407444949672616,0.010380941773202146,0.010599374466983698,-0.23041324603492666
3,0.2,P_amazement-d1-v3,discovery,-0.0764097593677091,-0.042238832679202254,0.08730733252558374,-0.09718257774596628,-0.03882149001173518,0.10464970857141474,0.9922055878214031
3,0.2,P_amazement-d1-v4,confirmation,-0.1152947676498659,-0.10123780757921885,0.15343395038544602,-0.1685043668641173,-0.10678511069214469,0.19949130687278235,0.9878996333863209
3,0.2,P_amazement-d2-v1,confirmation,0.039860771571249565,0.004642168333506724,0.040130173648913484,0.19580388537788096,0.07618350078094593,0.2101025638118553,0.967632885153256
3,0.2,P_amazement-d2-v2,confirmation,0.060581802006467456,0.03526793062341582,0.07009979789420863,0.09236530198776283,0.04831283206729964,0.10423760719459038,0.9989756241411076
3,0.2,P_amazement-d2-v3,discovery,-0.03570908163768394,-0.00901341171545944,0.036829065996290995,0.047767737407191646,0.029342845203783607,0.05606031842270986,-0.9542643907601922
3,0.2,P_amazement-d2-v4,discovery,-0.1541403093355429,-0.09807269525446038,0.18269506976525424,-0.2374635663831013,-0.127531746138005,0.2695427454642215,0.9972780302350948
3,0.2,P_amazement-d3-v1,discovery,-0.026212935995355124,-0.0163330244602351,0.03088504009249822,-0.04221052516204615,-0.016538454066118202,0.04533485300905731,0.9831563277454037
3,0.2,P_amazement-d3-v2,confirmation,0.002812150899901944,0.013657616446014487,0.013944127067345043,0.005684285762098007,0.011363233081799429,0.012705674743849342,0.9661917355513393
3,0.2,P_amazement-d3-v3,discovery,-0.06438898880186095,-0.038504412931750664,0.07502354093312939,-0.05137603374149613,-0.019286318847658634,0.054876761363084295,0.9838744433064529
3,0.2,P_amazement-d3-v4,confirmation,0.005956303003587848,-0.013259068757480286,0.014535489320492085,0.011280185361765227,0.005010788789605147,0.012343037960316541,0.0041792547745717005
3,0.2,P_admiration-d1-v1,confirmation,0.023878238428866716,-0.0007703426596155083,0.023890661319415807,-0.03119757050322791,-0.005694795424062704,0.031713074594334145,-0.9774429823616206
3,0.2,P_admiration-d1-v2,confirmation,-0.005748380576600098,-0.0096103616995169,0.011198345022768974,-0.04159646287685259,-0.02231770379762299,0.04720535591078423,0.8580680015486222
3,0.2,P_admiration-d1-v3,confirmation,0.06877691936494479,0.008308094497401441,0.06927690142832507,0.3176020702791238,0.12933968195238332,0.3429283137524943,0.9646945185336169
3,0.2,P_admiration-d1-v4,discovery,-0.09822033423060894,-0.07868310749807428,0.1258501706869166,-0.22533132602090955,-0.1362044129574702,0.2632980223917956,0.9913388591441508
3,0.2,P_admiration-d2-v1,confirmation,-0.0225778607455398,-0.024164939290093557,0.03307119723776105,-0.019114863000968096,0.0046092679602964814,0.01966273985678483,0.4923952561260344
3,0.2,P_admiration-d2-v2,confirmation,-0.008005879588928622,-0.015148246778734276,0.017133694536259753,0.012855085219609652,0.011891365180435542,0.01751164703441402,-0.9433753595456842
3,0.2,P_admiration-d2-v3,confirmation,-0.005899692396929446,-0.007499833603737294,0.009542215385440334,-0.01397441082765205,-0.003445352115628353,0.01439286660747829,0.7884405447114361
3,0.2,P_admiration-d2-v4,discovery,-0.07069860069023726,-0.07895391562292087,0.10598119140559292,0.0005412880237587459,-0.0455055742282946,0.04550879342029949,0.7369933325657541
3,0.2,P_admiration-d3-v1,discovery,0.037736423765002414,0.0038883034152554785,0.03793621728666323,0.06389857234481422,0.018968952913684944,0.06665469767651079,0.982770711445888
3,0.2,P_admiration-d3-v2,discovery,0.08513149590620728,0.02808549743223665,0.08964466945248199,0.20944906441651767,0.09510837786567539,0.23003155028211816,0.9942183490121395
3,0.2,P_admiration-d3-v3,discovery,-0.04105983334513752,-0.01817819310859914,0.04490385973414745,-0.10641854000270934,-0.050864089180212346,0.11794940111946665,0.9995773321743271
3,0.2,P_admiration-d3-v4,discovery,0.04172113320944071,0.014729945432466529,0.04424504773105503,0.2522298231919424,0.10662658994929153,0.2738414018946969,0.998167071440997
3,0.2,P_vigilance-d1-v1,discovery,-0.06906469834988371,-0.03952717806854977,0.07957594086294721,-0.0946877877483252,-0.049418439875028586,0.1068080490803652,0.9992474688665214
3,0.2,P_vigilance-d1-v2,discovery,0.027498679762770095,0.020281500111771322,0.034168942557228216,0.019673646497461394,0.013602523116689635,0.023918214850760722,0.9995335262401809
3,0.2,P_vigilance-d1-v3,discovery,0.00262583487568957,0.015049519061502536,0.015276879026061438,0.06615688987148882,0.04468663491760827,0.07983501373287229,0.6938411968766377
3,0.2,P_vigilance-d1-v4,confirmation,-0.19085560133940227,-0.13066817824636612,0.23130074225745353,-0.3014202019055885,-0.18219312340448823,0.35220515659582385,0.9983951853120581
3,0.2,P_vigilance-d2-v1,discovery,-0.0751533914953999,-0.0320670933694478,0.08170881672393579,-0.02328915376412244,-0.006590310984555536,0.024203654309258586,0.991878780356126
3,0.2,P_vigilance-d2-v2,discovery,0.03863128309805841,0.01580118713527856,0.04173791500166756,0.13242995170554206,0.060036593458505205,0.14540317968611977,0.9993018168883281
3,0.2,P_vigilance-d2-v3,confirmation,-0.03796789622613339,-0.027636115376166615,0.04696079233704673,-0.10407966416547465,-0.06216054575155505,0.12122916291441246,0.9958799279798343
3,0.2,P_vigilance-d2-v4,confirmation,-0.13668156029902523,-0.09805409010772159,0.16821549724276078,-0.2224689505466646,-0.15483048292982637,0.2710441152314832,0.9998978981165229
3,0.2,P_vigilance-d3-v1,discovery,-0.02321595355200401,-0.0005303112492915929,0.02322200958896393,-0.12340428169796613,-0.040350719380866096,0.12983372942322954,0.9573288250296002
3,0.2,P_vigilance-d3-v2,confirmation,-0.0271164396928949,-0.03232734960242034,0.0421942985951362,-0.008315928999840239,-0.016534425415565934,0.01850788747948551,0.9732180040903171
3,0.2,P_vigilance-d3-v3,discovery,0.08952781042599955,0.06624845664574508,0.11137363623235474,0.21728825177933242,0.1106160397261835,0.243823896708307,0.9862248933737265
3,0.2,P_vigilance-d3-v4,confirmation,0.03692283692148646,0.02441203542779391,0.04426334104039762,0.07169063458915037,0.05419355048170882,0.08986928285909822,0.9980094514934187
3,0.2,P_rage-d4-v1,confirmation,0.052718917378885344,0.02400462102723111,0.05792673027422422,0.020308819477286022,0.011274931378257858,0.02322869402582538,0.9968393417768195
3,0.2,P_rage-d4-v2,confirmation,-0.02542883256780204,-0.0010079571656715913,0.02544880161047153,-0.06559932863037776,-0.02102750358961858,0.06888706572331064,0.9636162530413329
3,0.2,P_rage-d4-v3,discovery,-0.03670390010847857,-0.015064195379978607,0.03967500807333682,0.029722107975239886,0.011386226060951632,0.031828443983376135,-0.999721129569526
3,0.2,P_rage-d4-v4,confirmation,0.1007306115668527,0.07152248139287742,0.12353995892514558,0.034373331920603434,0.025204545216160668,0.04262387883425748,0.9998834206026166
3,0.2,P_rage-d5-v1,confirmation,-0.03639809978441466,-0.03518781916887992,0.050626122563139274,-0.012513370418665737,-0.017643649832131736,0.02163059912793959,0.9828606024977095
3,0.2,P_rage-d5-v2,discovery,0.07752824544365078,0.03949468481878782,0.08700838448394699,-0.038074584909799425,-0.0032446207236174196,0.03821258404889224,-0.9263675864476925
3,0.2,P_rage-d5-v3,confirmation,-0.039519420109512815,-0.02074300393490791,0.04463246327546544,-0.009033556848565993,0.004699867470737473,0.01018302035639573,0.5709909672352836
3,0.2,P_rage-d5-v4,discovery,-0.021015420726003597,-0.008145727311863027,0.022538872680996552,-0.04570698657797134,-0.02128032267733193,0.05041805981283115,0.9978255493826591
3,0.2,P_rage-d6-v1,discovery,-0.051516857596580756,-0.008111240543634324,0.052151498921728774,-0.09425115350581947,-0.021530247705887184,0.09667901273520746,0.9976605987493968
3,0.2,P_rage-d6-v2,confirmation,-0.01260650616027803,-0.019613772955576536,0.023315747620911355,0.018731705076360683,-0.008592648483172649,0.020608502687558983,-0.1407007835487511
3,0.2,P_rage-d6-v3,discovery,-0.08082057163460377,-0.0522714009067613,0.09625104753767351,-0.04016154594256083,-0.049029182331945975,0.06337831247860444,0.9522106756663637
3,0.2,P_rage-d6-v4,discovery,0.045488268702966295,0.03207256271997139,0.055658169831748525,0.05733890238688977,0.04101534920294547,0.07049828790242237,0.9999768280524252
3,0.2,P_grief-d4-v1,discovery,-0.02831572048123654,-0.018434583482429545,0.03378777729508383,0.08017191258484857,0.036715566242369935,0.08817918332583068,-0.9891195533232494
3,0.2,P_grief-d4-v2,confirmation,-0.009900209253721037,0.0034423693892025042,0.010481605329298661,0.04019644594434446,0.03539586684510576,0.053559515086239004,-0.4918287210855809
3,0.2,P_grief-d4-v3,confirmation,0.21761072739775944,0.1146313961154144,0.2459568776309193,0.33887951572596187,0.17822136578735925,0.38288664301823605,0.9999997737346659
3,0.2,P_grief-d4-v4,confirmation,0.020304795430099,0.01151217470830268,0.02334126997343232,0.07383007455531798,0.03489450460571719,0.08166092309374312,0.9972438266412348
3,0.2,P_grief-d5-v1,confirmation,0.02505146290885918,0.018339116232548136,0.031046722501173254,0.07954946963494258,0.04380599387870854,0.09081345285199821,0.9917479701474597
3,0.2,P_grief-d5-v2,confirmation,-0.0013728983576646314,0.0005412200151422297,0.0014757266024805536,-0.07752313329642035,-0.033475413418929456,0.08444192974857219,0.7087035493962206
3,0.2,P_grief-d5-v3,confirmation,-0.016924885343853724,-0.008190448051893284,0.018802531297497076,-0.024927758543227707,-0.007195739777167365,0.025945554858784012,0.9856381417354715
3,0.2,P_grief-d5-v4,discovery,0.036287531440571286,0.030947718963716397,0.04769220321087736,0.09133865767040028,0.052923270676211054,0.10556335995078063,0.9836648145819755
3,0.2,P_grief-d6-v1,confirmation,-0.00111835452787723,0.005456244506206964,0.005569678712595295,0.058750778048561436,0.022428916853042047,0.06288648688320887,0.16180510423002906
3,0.2,P_grief-d6-v2,confirmation,0.035270644436526055,0.015077411504802463,0.03835813729383891,0.09740978612852746,0.042900703597336776,0.10643841788918139,0.999940738025301
3,0.2,P_grief-d6-v3,discovery,0.023187322413931177,0.004955679961447856,0.02371098236277635,0.027870534490721965,0.007389961145721546,0.028833629992316208,0.9988176512257849
3,0.2,P_grief-d6-v4,discovery,0.05563084558801368,0.028177611733205765,0.062359993455938685,-0.00023238427298188924,0.0029247276266768374,0.0029339451495513764,0.379775917894404
3,0.2,P_terror-d4-v1,confirmation,-0.039717584558292884,-0.016597401156150937,0.0430460247674898,-0.09346075702863876,-0.03691655141524075,0.10048753590749633,0.9998070491212933
3,0.2,P_terror-d4-v2,confirmation,-0.08887169384750848,-0.063169318889301,0.10903458541336082,-0.12449569385200387,-0.07585649273789574,0.14578540831710937,0.9975021227595977
3,0.2,P_terror-d4-v3,confirmation,-0.007978019537087988,-0.00804891205798075,0.01133286287975221,-0.005379775802146103,-0.010383790377696656,0.011694660759906737,0.9544583625006088
3,0.2,P_terror-d4-v4,discovery,-0.06954737667058986,-0.0257587696104018,0.0741643567598524,-0.10716769296693718,-0.040917420893193945,0.11471333727342475,0.9999498635242478
3,0.2,P_terror-d5-v1,confirmation,-0.013225705509678498,-0.0006581413904029887,0.013242070696024158,6.267369449730609e-05,0.005916464611227301,0.005916796556236065,-0.060277416688642824
3,0.2,P_terror-d5-v2,confirmation,-0.04847992307198723,-0.02151943449916871,0.05304138952016446,-0.1827316256475071,-0.07544206698361089,0.19769257063061402,0.9996564076696507
3,0.2,P_terror-d5-v3,discovery,-0.04358831961400966,-0.027545624977518557,0.05156261302702913,-0.014324974981726246,-0.012404971776875495,0.018949623558587134,0.9887545727809584
3,0.2,P_terror-d5-v4,discovery,-0.07594659746240584,-0.04710811380170021,0.08937035331736497,-0.14797235408158205,-0.06875082049924464,0.16316400611582338,0.9927783288595668
3,0.2,P_terror-d6-v1,discovery,-0.05143108043543787,-0.02788704106791151,0.0585050689622691,-0.013725847240077638,-0.013507358938883218,0.01925740449701816,0.9609105530806048
3,0.2,P_terror-d6-v2,confirmation,-0.020898070878220487,-0.015078123667024101,0.025769733792749966,-0.005269326797007423,-0.007393876489484974,0.009079384033920977,0.9471360190261866
3,0.2,P_terror-d6-v3,discovery,0.02621571803339151,0.026166688418578055,0.03703997104212199,0.08871394958066281,0.06320568845698027,0.10892714952444699,0.9863495211289974
3,0.2,P_terror-d6-v4,discovery,0.0332692359469382,-0.006064365977438868,0.03381743034592314,-0.11291715583726836,-0.07173796304265823,0.13377824719993808,-0.7342164892280207
3,0.2,P_ecstasy-d4-v1,confirmation,0.03097430477268759,0.014069937073211136,0.03402015116655801,0.07466082720561396,0.041098128464359895,0.08522496865531588,0.9970507282913968
3,0.2,P_ecstasy-d4-v2,discovery,0.0279517359456829,0.013412816075480727,0.031003276882482205,0.18318706934552997,0.07152762720980288,0.1966563088987194,0.9971778703267796
3,0.2,P_ecstasy-d4-v3,confirmation,0.036892182135802365,0.01956488597105288,0.04175904531717071,0.03943001212186914,0.010406494835063729,0.04078015437296621,0.9737634722143992
3,0.2,P_ecstasy-d4-v4,discovery,0.030873034609688155,0.010360625266739198,0.03256511664233367,0.23631168925326662,0.09248915876420005,0.25376654422252326,0.9987859737786013
3,0.2,P_ecstasy-d5-v1,confirmation,0.007348992990253933,0.006748200523478687,0.009977269580194747,0.03430067761887967,0.012147651953894556,0.036388211457933334,0.9201091708434123
3,0.2,P_ecstasy-d5-v2,confirmation,-0.041068954459304585,-0.016430172514686703,0.04423357988274067,0.053792141631682444,0.030696401581117527,0.061934348881313175,-0.9904935064719818
3,0.2,P_ecstasy-d5-v3,discovery,0.06026207507199288,0.028428918362044087,0.06663123210040674,0.23178882563097325,0.10144005399886735,0.25301411866273166,0.9996004517853516
3,0.2,P_ecstasy-d5-v4,confirmation,0.06497368816767768,0.030118620107288052,0.07161502238551458,0.19371447398989927,0.10519329719765658,0.22043349838102616,0.9979900902666909
3,0.2,P_ecstasy-d6-v1,confirmation,0.05537000671696113,0.04604128485801784,0.07201137101328833,0.19610296606628985,0.12258240125533248,0.2312635258693419,0.9909010827860715
3,0.2,P_ecstasy-d6-v2,confirmation,0.01541660099372777,0.013567456689465907,0.020536491112659466,0.1279658929481311,0.07598999261036221,0.1488279165174849,0.9827859298223677
3,0.2,P_ecstasy-d6-v3,confirmation,0.033134183616158275,0.01599091000664199,0.03679107672724209,-0.029858862271720188,-0.012297607846599057,0.0322921478831974,-0.9982627813543856
3,0.2,P_ecstasy-d6-v4,discovery,0.028428112252905535,0.021507623995966618,0.03564737656848926,0.07786817162190784,0.036668540905390845,0.08606993693427001,0.9785314393498823
3,0.2,P_loathing-d4-v1,confirmation,0.07476264523061626,0.056698842234895075,0.09383076165446229,0.2467147225432682,0.13553384721707662,0.2814917015847247,0.9892883143012783
3,0.2,P_loathing-d4-v2,discovery,-0.020382454076771417,-0.025702848993451433,0.03280367175442199,0.002956888969972482,-0.014928254002262165,0.015218277167169787,0.647876697895459
3,0.2,P_loathing-d4-v3,discovery,-0.06246918943021118,-0.03602452025937808,0.07211217433960752,-0.17022337021025313,-0.08150768551351906,0.1887312866577972,0.9970732743322391
3,0.2,P_loathing-d4-v4,discovery,-0.055033416416561565,-0.033546436553129055,0.06445184503093593,-0.040576921714538194,-0.01615101441935174,0.043673124946606114,0.985818644383409
3,0.2,P_loathing-d5-v1,discovery,-0.04163066411144811,-0.025264370681720827,0.048697028865256335,-0.2289379371352358,-0.11036958278639375,0.2541535438749179,0.9953730098489757
3,0.2,P_loathing-d5-v2,confirmation,-0.01748539302598484,-0.0019363495263649,0.017592282932053272,0.03113789146947843,0.012536111699323893,0.033566685593054056,-0.9631134189733527
3,0.2,P_loathing-d5-v3,discovery,-0.023636990288690818,-0.00582070778495325,0.02434312940082847,-0.029859844929097434,-0.003928654146341692,0.0301171821821251,0.993886554885262
3,0.2,P_loathing-d5-v4,discovery,-0.1278102387767852,-0.059809143390994635,0.1411119795387458,-0.10139265228705208,-0.04570418913952867,0.11121754736868125,0.9998992764824597
3,0.2,P_loathing-d6-v1,discovery,0.0215283492269851,0.013155039739594088,0.025229444920357037,0.0612194659850962,0.029086320421708667,0.06777785074177742,0.9944960109121734
3,0.2,P_loathing-d6-v2,confirmation,-0.0346366598296699,-0.021578192060049517,0.040808290539259946,-0.005639729083532163,0.00330819613449318,0.00653840238895666,0.4645679122806543
3,0.2,P_loathing-d6-v3,discovery,-0.010121423815594888,-0.013145472835189409,0.016590559849371994,-0.028544898885423553,-0.01387676112455516,0.03173918322337581,0.8950963269031623
3,0.2,P_loathing-d6-v4,confirmation,-0.09043679378179093,-0.029622612918468683,0.09516466185327202,-0.08956884118429764,-0.024596680504015644,0.0928847350371123,0.9988225782866642
3,0.2,P_amazement-d4-v1,confirmation,-0.06150374902020417,-0.0314594261498522,0.06908260734235694,-0.021706405306912036,-0.009094023633424264,0.023534427913021766,0.9971081826105455
3,0.2,P_amazement-d4-v2,confirmation,-0.029525512411690435,-0.0052305574543618505,0.0299852399432832,-0.03722097193179286,-0.011618394989546754,0.038992151180467546,0.9919174250610372
3,0.2,P_amazement-d4-v3,discovery,0.017322687861515362,0.004115515303074524,0.0178048583526332,-0.04114698165788688,-0.01692448430062221,0.04449171010869876,-0.9877055180453689
3,0.2,P_amazement-d4-v4,discovery,-0.10162025051355617,-0.06381128435220251,0.11999398037033172,-0.1590375210455015,-0.09461860726754834,0.1850557049689333,0.9997116468426233
3,0.2,P_amazement-d5-v1,discovery,-0.011740578577321692,-0.011022206536171808,0.016103733177629764,-0.047821905362615436,-0.031211098228664635,0.05710575527169131,0.9846198417058756
3,0.2,P_amazement-d5-v2,confirmation,-0.014366219840196592,-0.02047491672204682,0.02501220676532982,-0.12212878289904783,-0.07235749902321542,0.14195438449479952,0.9114092329685526
3,0.2,P_amazement-d5-v3,discovery,-0.09468660768999726,-0.04182182397041778,0.10351144205377519,-0.20910373238543567,-0.08117525918220014,0.2243073641252495,0.9989595204295628
3,0.2,P_amazement-d5-v4,confirmation,0.012917372917306658,0.010732432308119932,0.016794154528678842,0.09007949577727059,0.04879968084326913,0.10244864279185077,0.9806986992999058
3,0.2,P_amazement-d6-v1,confirmation,-0.06712523345942945,-0.040179375916840065,0.07823157429100895,-0.10124600872113598,-0.05212257953789923,0.11387500858241449,0.9979563050041041
3,0.2,P_amazement-d6-v2,discovery,-0.023756599561839842,-0.024368434278824402,0.034032287785909915,-0.07280452065029985,-0.049040213627698837,0.08778064011939236,0.9789932903492965
3,0.2,P_amazement-d6-v3,discovery,0.013425742476594671,0.010126997181260755,0.016816855620391754,0.059265983679613665,0.030410995659140738,0.06661295278316756,0.9852185271402734
3,0.2,P_amazement-d6-v4,confirmation,-0.02837235854608,-0.01461995289069673,0.0319176088075769,-0.03693225039457104,-0.01428229829910066,0.03959766614223351,0.9943021986972493
3,0.2,P_admiration-d4-v1,discovery,0.0006645244118193006,0.0009488588716601853,0.0011584152330801022,0.0460519251417133,0.02971796768286694,0.054808187458242855,0.9261331504445435
3,0.2,P_admiration-d4-v2,discovery,-0.010377140930364348,-0.01640129603877405,0.019408440577237222,-0.05452357422940013,-0.030383402066778586,0.06241771597792113,0.8784044632167257
3,0.2,P_admiration-d4-v3,discovery,-0.058613250544692796,-0.03527977102937818,0.06841180733835558,-0.08605008655827096,-0.044885560738062935,0.097053237758749,0.9981384664184388
3,0.2,P_admiration-d4-v4,discovery,0.0014237715882750024,0.002447347205756678,0.0028313660803760687,-0.004285144866379209,0.003256814359226645,0.005382314213822986,0.12267543629789593
3,0.2,P_admiration-d5-v1,confirmation,-0.03668723862287937,-0.03107390343843619,0.048078487420813776,-0.01756156895698835,-0.022228974957344327,0.028329066908129856,0.9801822141159242
3,0.2,P_admiration-d5-v2,discovery,-0.025208983925550932,-0.022615307383656358,0.033866576423015465,-0.05860423917628976,-0.04131552909132008,0.07170376415173399,0.9931458729069766
3,0.2,P_admiration-d5-v3,confirmation,-0.03923186894199482,-0.025638490429876093,0.0468665310451361,-0.11178417645471828,-0.05993333334306428,0.1268373231792222,0.9962447184781754
3,0.2,P_admiration-d5-v4,discovery,-0.060489682103535,-0.03184891660597078,0.06836194211665438,-0.13320050653464977,-0.07170876408696536,0.15127630940754513,0.9999574953432631
3,0.2,P_admiration-d6-v1,confirmation,-0.0494324784266329,-0.023811412891217465,0.05486850924961935,-0.07084393531798305,-0.031553481347807555,0.07755311313225928,0.9995536243042029
3,0.2,P_admiration-d6-v2,confirmation,-0.012956937063654195,-0.01213460686518264,0.017751926707938872,-0.04611468385737316,-0.03463157821805796,0.057670705537031006,0.9941192676545579
3,0.2,P_admiration-d6-v3,confirmation,-0.035423612789035275,-0.01714533954072195,0.03935473301896669,0.0202404959813256,-0.002303346403048856,0.020371133552713652,-0.8450784517762439
3,0.2,P_admiration-d6-v4,confirmation,0.0426557637701217,0.022601587435727488,0.04827365676460881,0.01644203776369313,0.007331674251918496,0.018002612398175872,0.9977023509179355
3,0.2,P_vigilance-d4-v1,discovery,-0.04574152483895677,-0.013938332011191434,0.047818032099273,-0.054511989370888525,-0.01927130585069703,0.05781816508990036,0.9990308352375401
3,0.2,P_vigilance-d4-v2,confirmation,0.025762914485099486,0.009043458675777494,0.02730406393903743,0.1304581598507939,0.0680115357484361,0.1471220597548719,0.9897963928664495
3,0.2,P_vigilance-d4-v3,discovery,0.013309884836335328,0.007589785169408891,0.015321810378486227,0.023463298089791085,0.016890267664046554,0.02891033550503229,0.9944207434545462
3,0.2,P_vigilance-d4-v4,discovery,-0.05552264378989591,-0.032972985403030286,0.06457539577740205,-0.09759774298694524,-0.048498885711688366,0.10898376645822637,0.9972104285129749
3,0.2,P_vigilance-d5-v1,discovery,-0.06477478401500125,-0.026295467382305482,0.06990868507591853,-0.09373527497862799,-0.03592891101530293,0.10038520021429732,0.9998079669466832
3,0.2,P_vigilance-d5-v2,confirmation,-0.03727181206474839,-0.021741726787465332,0.04314963103307734,-0.0727713170868256,-0.035401570812066296,0.08092549540480466,0.9971662652564236
3,0.2,P_vigilance-d5-v3,confirmation,0.0827925224728272,0.05222135149652107,0.097886011919665,0.2166812685467301,0.10970773797246203,0.24287148846674975,0.9955814123070893
3,0.2,P_vigilance-d5-v4,confirmation,0.03205535661505898,0.02346917105991775,0.039728426572899746,0.052758135450655885,0.03536728953735757,0.06351587223245096,0.999142480701484
3,0.2,P_vigilance-d6-v1,discovery,-0.00425189035762763,0.0012574440960078093,0.004433930228123996,0.05182701056699113,0.029425173173096564,0.05959764962293171,-0.6938921218529559
3,0.2,P_vigilance-d6-v2,discovery,0.0018635513680473892,0.00683947997191936,0.0070888158381804045,0.08800316279366927,0.03542211661218175,0.09486455084474947,0.6041352668951099
3,0.2,P_vigilance-d6-v3,discovery,-0.011161726786457216,-0.0041218352229455135,0.011898473450852038,-0.007501171931636019,0.004495035339189712,0.008744879818987132,0.6266005316055512
3,0.2,P_vigilance-d6-v4,discovery,-0.08312657692713543,-0.05364829078199396,0.0989351651105528,-0.015660126304174238,-0.0268320882318549,0.03106767636539199,0.891850579861902
4,0.26666666666666666,P_rage-d1-v1,discovery,0.13441923127861166,0.058766855111741734,0.14670403197341694,0.25913796168216696,0.13305961987816195,0.2913028417762333,0.9980652901904115
4,0.26666666666666666,P_rage-d1-v2,confirmation,-0.04429238299411731,-0.041716624570313776,0.06084481865235592,-0.042212161031269346,-0.03199994747701718,0.052970399068363386,0.9943011253491121
4,0.26666666666666666,P_rage-d1-v3,discovery,-0.5410439281416624,-0.31429803821462166,0.6257090290258884,-0.5043496678091661,-0.2653302853195738,0.5698848547969867,0.9991194578498265
4,0.26666666666666666,P_rage-d1-v4,discovery,-0.04681553085071055,-0.10565900610887002,0.11556608283033593,-0.37040599259716744,-0.26150105109714206,0.4534130556973442,0.8582329392712198
4,0.26666666666666666,P_rage-d2-v1,discovery,-0.0501928820706361,-0.026289415914459546,0.05666091068523539,-0.1688713012574543,-0.06144060068147894,0.17970104006512272,0.9910970783883649
4,0.26666666666666666,P_rage-d2-v2,discovery,-0.04740614422096279,-0.03214816934901332,0.05727868104619347,-0.000422566225096066,0.009472472729034287,0.009481893366669455,-0.5238169815837123
4,0.26666666666666666,P_rage-d2-v3,confirmation,-0.07690132977100639,-0.07726203202104553,0.10901025691452222,-0.15813667719393099,-0.08622120790877208,0.18011470058600224,0.9586539250990804
4,0.26666666666666666,P_rage-d2-v4,discovery,-0.11588602234809997,-0.10709399776175044,0.1577932017935441,-0.3394683624751589,-0.2149999190663925,0.4018255023267204,0.983589811130333
4,0.26666666666666666,P_rage-d3-v1,discovery,-0.12775531402183216,-0.10589281207505952,0.16593585480534584,-0.3242668632796728,-0.1372976672650652,0.35213583750829247,0.9577917610417165
4,0.26666666666666666,P_rage-d3-v2,discovery,-0.018835525665908293,-0.04223555317084404,0.046245204927195256,-0.06258209224770539,-0.044263218523097336,0.07665344600292784,0.8599078692889721
4,0.26666666666666666,P_rage-d3-v3,confirmation,-0.11093986168410908,-0.12037791866270187,0.16370246244957135,-0.5374436438582739,-0.30321998015561835,0.6170802433146217,0.951566421089397
4,0.26666666666666666,P_rage-d3-v4,confirmation,0.00779136827726834,-0.02053171926706998,0.021960348715213886,-0.07082760826098067,-0.0509648610867397,0.08725804924224247,0.25808777984609027
4,0.26666666666666666,P_grief-d1-v1,discovery,-0.0245895776072933,-0.017943664512204194,0.03044047343639117,-0.11189149003454357,-0.05770326925744218,0.1258942922659611,0.988124757371581
4,0.26666666666666666,P_grief-d1-v2,discovery,-0.0536737625091952,-0.026859386463939927,0.06001915880044278,-0.06462314476558362,-0.02172506088231918,0.0681771890718153,0.9902617265859756
4,0.26666666666666666,P_grief-d1-v3,confirmation,0.007389746192550284,-0.0037730843267258507,0.008297259434710698,-0.037146870007741306,-0.03300694492297751,0.049692538318348176,-0.36372455183964375
4,0.26666666666666666,P_grief-d1-v4,confirmation,-0.23775101543491406,-0.2169600324762433,0.3218651907746864,-0.6692381362117636,-0.4055665440393086,0.7825368391355026,0.981071322171228
4,0.26666666666666666,P_grief-d2-v1,confirmation,-0.0841179984457634,-0.04350994281721743,0.09470455525727885,-0.44734764857846754,-0.15918351286442212,0.47482555686961686,0.9908359827892251
4,0.26666666666666666,P_grief-d2-v2,confirmation,0.11958458321056398,0.038068782659496314,0.12549782768964676,0.08793654379249372,0.028239034379018424,0.09235950842673725,0.999996801517496
4,0.26666666666666666,P_grief-d2-v3,confirmation,0.010621180586380952,-0.027691084354636963,0.029658146094861282,-0.11470645958491898,-0.06831747874505512,0.13350973662092105,0.17008241347098235
4,0.26666666666666666,P_grief-d2-v4,confirmation,-0.20021420046708993,-0.18746568384014495,0.27427925310954393,-0.32648634370426954,-0.23251099140304943,0.4008175317380857,0.9910775400040497
4,0.26666666666666666,P_grief-d3-v1,discovery,0.031161274846321696,0.005960591765111545,0.03172623053938676,-0.059464101944977976,-0.04648165591609432,0.07547531885871646,-0.8895357134272137
4,0.26666666666666666,P_grief-d3-v2,confirmation,-0.09619444612916617,-0.05268745904522021,0.10967834702774658,-0.14707897670642733,-0.08483598746767518,0.16979213809427496,0.9997557941970997
4,0.26666666666666666,P_grief-d3-v3,confirmation,-0.0444885287762693,-0.033462180825489796,0.05566818425523432,-0.11228030897843855,-0.056692624851765405,0.12578124461491322,0.9843232407647138
4,0.26666666666666666,P_grief-d3-v4,confirmation,-0.06212673622355869,-0.039661530968508885,0.07370731573295576,-0.1523418974081059,-0.06109799172071684,0.16413719352482742,0.9826115694111158
4,0.26666666666666666,P_terror-d1-v1,discovery,0.10221400774299694,0.07253699394446134,0.12533682168215476,0.10327940954671133,0.0633386345504734,0.12115452555738787,0.9977526262077698
4,0.26666666666666666,P_terror-d1-v2,discovery,0.03848936749369081,0.03282952598655253,0.05058862704764887,0.13783383180965236,0.08280440259902377,0.1607940741480007,0.9863805791113032
4,0.26666666666666666,P_terror-d1-v3,confirmation,0.057560094993126754,0.04563734534171182,0.07345700664644893,-0.0021172140989693666,0.012782713504734478,0.012956865364932827,0.48488692836923614
4,0.26666666666666666,P_terror-d1-v4,discovery,-0.17408114190034052,-0.14186615525451174,0.22456680514275418,-0.37374385455199155,-0.2405388998220781,0.4444585820332373,0.9937425721722495
4,0.26666666666666666,P_terror-d2-v1,discovery,-0.08410832041207428,-0.07405324534990587,0.11206289622079872,-0.18350981361341523,-0.11754195683991586,0.21792650896618115,0.9884359901135921
4,0.26666666666666666,P_terror-d2-v2,discovery,-0.024293870048732735,-0.04709374868816951,0.052990690573431684,-0.06270570410276788,-0.05306295250473392,0.08214427707116016,0.924053903979159
4,0.26666666666666666,P_terror-d2-v3,confirmation,-0.09470725660440449,-0.06597859545571971,0.11542373894412723,-0.2341461114606047,-0.13161420796696177,0.268601379838028,0.9953578939046954
4,0.26666666666666666,P_terror-d2-v4,confirmation,-0.10659854835754423,-0.12906252055320078,0.16739290523639605,-0.39826907736670236,-0.27828453799027564,0.48586062000432334,0.9636219708243928
4,0.26666666666666666,P_terror-d3-v1,discovery,-0.04049967739295113,-0.029420750145638053,0.050058010428553575,-0.2668729763537434,-0.10264812461050932,0.2859332491928148,0.966115640387178
4,0.26666666666666666,P_terror-d3-v2,discovery,-0.09027686195657925,-0.04818038909699407,0.10232918302353934,0.022994712232333292,0.033128896189036805,0.04032716892309446,-0.8898396781816515
4,0.26666666666666666,P_terror-d3-v3,confirmation,-0.00792930047738949,-0.003984989815855933,0.008874342223128691,0.02093454801110628,0.019531591382440094,0.028631073370726463,-0.9596491238653244
4,0.26666666666666666,P_terror-d3-v4,confirmation,0.07711042212253183,0.023629006965634858,0.08064953298127067,0.13965115884343948,0.05773901577122231,0.15111664404871167,0.9955190635199362
4,0.26666666666666666,P_ecstasy-d1-v1,confirmation,-0.030073819165724824,-0.039486094263624594,0.049634526686658,0.029907537696953312,0.013847198927495086,0.032957635370765063,-0.8840770856563533
4,0.26666666666666666,P_ecstasy-d1-v2,discovery,0.07665055561416612,-0.0015355581159504084,0.07666593516476423,-0.010338770712184697,-0.012151682734425684,0.015954735131529677,-0.6326214767611774
4,0.26666666666666666,P_ecstasy-d1-v3,discovery,-0.04772820318299953,-0.03709596716620922,0.06044908733036553,-0.12658504023499262,-0.07502047808642454,0.1471456575764654,0.992109229033457
4,0.26666666666666666,P_ecstasy-d1-v4,discovery,-0.018099872895829705,-0.05608341316798349,0.0589317794692807,-0.23721411279245697,-0.18750325883186303,0.30237064569908423,0.8310886351637116
4,0.26666666666666666,P_ecstasy-d2-v1,confirmation,-0.04587377767660472,-0.027297765350315473,0.05338137757161613,-0.13408090514884607,-0.0582121393495596,0.14617230344079005,0.9919234980899202
4,0.26666666666666666,P_ecstasy-d2-v2,confirmation,-0.18105048167174154,-0.14088370441946374,0.22940683312517185,-0.5088827462436205,-0.24982867992784907,0.5669003605034493,0.9790807912198876
4,0.26666666666666666,P_ecstasy-d2-v3,confirmation,0.0712509605117786,0.0015371139382045484,0.07126753884560666,-0.2543586121012731,-0.12845931047168957,0.28495630892638235,-0.9021385858194478
4,0.26666666666666666,P_ecstasy-d2-v4,confirmation,-0.19261562436399693,-0.15040786386563365,0.2443835188014023,-0.26963819088185836,-0.17765523953874407,0.32290267592203387,0.996770854851856
4,0.26666666666666666,P_ecstasy-d3-v1,confirmation,0.056572954049001645,-0.03828253412376448,0.06830850275600867,-0.32700701699094026,-0.22270414985037323,0.39563964351653463,-0.369060874244108
4,0.26666666666666666,P_ecstasy-d3-v2,discovery,0.006849885073570761,-0.014431885370064457,0.01597498797670308,-0.17174261208548547,-0.09329883335327604,0.19544870711014672,0.05446671271875612
4,0.26666666666666666,P_ecstasy-d3-v3,discovery,-0.09605163652676296,-0.07549296851495146,0.12216834767921206,-0.28891393969686785,-0.16947897784198318,0.3349543080504098,0.9908191831723051
4,0.26666666666666666,P_ecstasy-d3-v4,confirmation,-0.11065687058839124,-0.09123832296641332,0.1434202725772738,-0.29231378952850795,-0.14419080573756382,0.32594223415777945,0.973378507040799
4,0.26666666666666666,P_loathing-d1-v1,discovery,-0.04262548915984965,-0.0756348576498338,0.0868191454566738,-0.06781937832461438,-0.0614138399883708,0.09149386765491109,0.9486923498903037
4,0.26666666666666666,P_loathing-d1-v2,confirmation,-0.08756869539923962,-0.07418887774430782,0.11477049270123686,-0.27386101583456846,-0.13988066427436374,0.30751659505102974,0.9735197421203189
4,0.26666666666666666,P_loathing-d1-v3,discovery,-0.0637495059581843,-0.048926161764996756,0.08036024399519456,-0.2274840891429446,-0.11510311681141827,0.2549465401077217,0.9827205361100688
4,0.26666666666666666,P_loathing-d1-v4,discovery,-0.04200157056145137,-0.07898086453587538,0.08945450739042095,-0.33970733819333,-0.20958827017502957,0.3991595152534368,0.8631930550465469
4,0.26666666666666666,P_loathing-d2-v1,discovery,-0.04406725817221879,-0.04763628221842975,0.06489328645099483,0.040554897414490476,-0.001306913900908313,0.040575950121275454,-0.6550765981345146
4,0.26666666666666666,P_loathing-d2-v2,confirmation,0.09186868643986568,0.05845389272835444,0.10888853531609435,0.15123998534461958,0.08962538381520258,0.17580171384563667,0.9994974732482498
4,0.26666666666666666,P_loathing-d2-v3,discovery,0.011634106545283629,-0.03028249040751696,0.03244043249385507,-0.06209471505257724,-0.06503700996324557,0.0899197770372017,0.427511317728513
4,0.26666666666666666,P_loathing-d2-v4,discovery,-0.18793111899814363,-0.18755554801076357,0.2655093013013146,-0.48144986178617,-0.3194731142803473,0.5778036346042711,0.9803544160746136
4,0.26666666666666666,P_loathing-d3-v1,discovery,0.004839919376125934,-0.047781894558996285,0.04802639136156742,-0.1638451553581297,-0.08122210896769788,0.1828722666767442,0.35159468561372037
4,0.26666666666666666,P_loathing-d3-v2,confirmation,-0.13787462922480076,-0.09879691263472434,0.16961793339747314,-0.3338311941926144,-0.1616568026518812,0.3709126420866459,0.9854499968346774
4,0.26666666666666666,P_loathing-d3-v3,confirmation,-0.10456236537121555,-0.0519829373763363,0.11677120377171625,-0.24157636751748246,-0.12741871526164417,0.27312024886827724,0.9997120103397554
4,0.26666666666666666,P_loathing-d3-v4,confirmation,-0.0004452288586955788,-0.020364666027925082,0.020369532423831955,-0.27065429930731266,-0.12129453942405899,0.29659082087554056,0.4288110178679284
4,0.26666666666666666,P_amazement-d1-v1,confirmation,-0.07427558727677841,-0.07115625005303361,0.10285949050486383,-0.25235606989104253,-0.14936763406715503,0.29324780667154576,0.9737766276144595
4,0.26666666666666666,P_amazement-d1-v2,confirmation,-0.09001204697517728,-0.0648665491478626,0.11094970842239107,-0.16675584997029436,-0.054296729861787796,0.17537288380191302,0.9524353035557714
4,0.26666666666666666,P_amazement-d1-v3,discovery,-0.24465127411039678,-0.16389980229185408,0.29447816746772476,-0.42819313719034513,-0.21220042369644476,0.4778895087296439,0.9915409691947599
4,0.26666666666666666,P_amazement-d1-v4,confirmation,-0.08458195812248004,-0.11974696638618099,0.14660642413798286,-0.15544031745090336,-0.13167614622009838,0.2037162236362493,0.9681631888949442
4,0.26666666666666666,P_amazement-d2-v1,confirmation,0.018556935615698933,-0.03164574278475296,0.03668532262150545,0.02265546377329608,-0.014066832463389467,0.026667317344198666,0.8847716500303531
4,0.26666666666666666,P_amazement-d2-v2,confirmation,-0.043226317319494,-0.032218306360165094,0.053912278506134774,-0.14775426933443514,-0.07621288673676796,0.16625200212720515,0.9865334319530462
4,0.26666666666666666,P_amazement-d2-v3,discovery,0.002359610626433195,-0.00769742725203848,0.008050971904608855,0.1943266613917567,0.08395300883248202,0.2116859915528027,-0.11012694296190889
4,0.26666666666666666,P_amazement-d2-v4,discovery,-0.15448893531382257,-0.13050242907327725,0.20223183510126247,-0.36268147163354403,-0.21136086526868958,0.4197752556230564,0.9849392082155284
4,0.26666666666666666,P_amazement-d3-v1,discovery,-0.06073784684775241,-0.051975895027050356,0.07994110146579159,-0.26937832927775585,-0.1367560517898645,0.3021041244101562,0.9717994437167676
4,0.26666666666666666,P_amazement-d3-v2,confirmation,-0.04665942428862824,-0.019070705073477967,0.05040628598643039,-0.26074347842328915,-0.12937982072520526,0.29107782387389547,0.9973659596322574
4,0.26666666666666666,P_amazement-d3-v3,discovery,-0.07917787952049071,-0.061700561630749995,0.10037975847207105,-0.18710967269830547,-0.08321109996339615,0.2047782136224098,0.9704961535918457
4,0.26666666666666666,P_amazement-d3-v4,confirmation,-0.07692603604139858,-0.08396257966736087,0.11387418410438985,-0.2788860767237318,-0.1568751537043549,0.3199800894432655,0.9502646985519704
4,0.26666666666666666,P_admiration-d1-v1,confirmation,-0.15525917875538653,-0.11014196983935687,0.19035930790978114,-0.47885783302831086,-0.23177957458386267,0.53200243932415,0.9862164405063394
4,0.26666666666666666,P_admiration-d1-v2,confirmation,-0.039260045404435395,-0.05706583359088402,0.06926659027684845,-0.25972718662207184,-0.12849298585519797,0.2897734613186664,0.873345590507621
4,0.26666666666666666,P_admiration-d1-v3,confirmation,-0.1169569428578594,-0.11047140958277168,0.16088150551838173,-0.48194890190013595,-0.22851152239498607,0.5333781584486011,0.9510617918290339
4,0.26666666666666666,P_admiration-d1-v4,discovery,-0.09938878328754086,-0.12553569041740342,0.16011664439386655,-0.3932326659830281,-0.2653955456564976,0.47441197840108323,0.9531112959086456
4,0.26666666666666666,P_admiration-d2-v1,confirmation,-0.09559448736836718,-0.05940010559811881,0.11254633961301708,-0.39940421562030437,-0.1744991890718688,0.43585971876512103,0.9896379475838119
4,0.26666666666666666,P_admiration-d2-v2,confirmation,-0.3101139119289007,-0.1843446687270136,0.3607680629710983,-0.7504739708230552,-0.3411367572385138,0.8243697398753381,0.9939910049478102
4,0.26666666666666666,P_admiration-d2-v3,confirmation,-0.03323394060590168,-0.040361131653290805,0.052283035073825555,-0.30542378863450725,-0.15857724449695887,0.344137230093032,0.9198697978078377
4,0.26666666666666666,P_admiration-d2-v4,discovery,-0.07631545542446183,-0.13387440102131976,0.1540986826207809,-0.20423120305137576,-0.1894857192149475,0.278595086256413,0.9539296758353809
4,0.26666666666666666,P_admiration-d3-v1,discovery,-0.07675734845820426,-0.08930879535122926,0.11776141757563019,-0.3851588526701386,-0.17346728952903234,0.42241950987936944,0.9057428941132428
4,0.26666666666666666,P_admiration-d3-v2,discovery,-0.040927053057586704,-0.05698985050916772,0.07016314369407774,-0.12933958570326665,-0.0593913404224331,0.14232378489580017,0.8690459002293697
4,0.26666666666666666,P_admiration-d3-v3,discovery,-0.10388790092335576,-0.06475293198598919,0.1224158411278668,-0.38320404683263476,-0.19409053966746903,0.42955381397133174,0.996082551118007
4,0.26666666666666666,P_admiration-d3-v4,discovery,-0.03918822629979779,-0.04042923084528294,0.05630488244606626,-0.10393812245934564,-0.059757568785480775,0.11989203613053452,0.9612764206845505
4,0.26666666666666666,P_vigilance-d1-v1,discovery,-0.25438665860136744,-0.14075063527067488,0.29072893458248567,-0.7595376207928153,-0.3722911297330169,0.845871197451182,0.9987687763359571
4,0.26666666666666666,P_vigilance-d1-v2,discovery,-0.0669707278672611,-0.051948339570037305,0.08475676005578933,-0.3704695943028691,-0.19245786311225466,0.417477842976927,0.9837332289052958
4,0.26666666666666666,P_vigilance-d1-v3,discovery,-0.08521008366285265,-0.025847800868169735,0.08904418660165808,-0.3699934087876122,-0.17215766440226066,0.4080850205027361,0.9900782555028027
4,0.26666666666666666,P_vigilance-d1-v4,confirmation,-0.16316901564974717,-0.14071538073683243,0.21546448905566584,-0.26875680707961624,-0.18730451599671216,0.3275869397036345,0.9947021127744049
4,0.26666666666666666,P_vigilance-d2-v1,discovery,-0.17496103795618012,-0.11160847102280336,0.20752786706067172,-0.3899805307667048,-0.20768506115169183,0.44183469646765267,0.9969223218907559
4,0.26666666666666666,P_vigilance-d2-v2,discovery,-0.037339559402636446,-0.050330379157197846,0.06266888990951021,-0.2886914640130698,-0.14594219926190677,0.323483982477358,0.8940704756410086
4,0.26666666666666666,P_vigilance-d2-v3,confirmation,-0.12117268510834656,-0.07264519305212147,0.14128037262814147,-0.44233252984997895,-0.21896298516108326,0.49356140026762146,0.9967688495113661
4,0.26666666666666666,P_vigilance-d2-v4,confirmation,-0.12799987122836765,-0.1141834006247402,0.17152788698257967,-0.30690324594527585,-0.22491152002655213,0.3804928306977684,0.9953973415983778
4,0.26666666666666666,P_vigilance-d3-v1,discovery,-0.12047236887983193,-0.07732266902442397,0.1431516217462412,-0.5295891990540285,-0.2241776056064504,0.5750828797748448,0.9855550014952614
4,0.26666666666666666,P_vigilance-d3-v2,confirmation,-0.0710310917338095,-0.054985342006189875,0.08982652074100683,-0.07489394644371394,-0.04890259295115307,0.0894458876151389,0.9967779031933933
4,0.26666666666666666,P_vigilance-d3-v3,discovery,0.0571278283128942,0.04451135924684557,0.07242133573574339,0.08400470704567198,0.04313229265683427,0.0944308502326648,0.9824640715263638
4,0.26666666666666666,P_vigilance-d3-v4,confirmation,-0.002896768829515395,-0.003632177707330264,0.004645856707785866,-0.02170025464230907,0.010147354297510347,0.02395558078570123,0.23364764903690088
4,0.26666666666666666,P_rage-d4-v1,confirmation,0.06676042010123329,0.02098420496837683,0.06998064411141129,0.06627855180812503,0.027957296457903347,0.07193369763203758,0.9955262133770663
4,0.26666666666666666,P_rage-d4-v2,confirmation,-0.03650879201485946,-0.00733408675238767,0.03723816218445553,-0.13935504669627274,-0.060312921647853734,0.15184688853387976,0.9779866535753736
4,0.26666666666666666,P_rage-d4-v3,discovery,0.08140641594705311,0.049752743555045775,0.09540618454061965,0.35526251698777234,0.19493247433906769,0.40522848558367475,0.9989076922387501
4,0.26666666666666666,P_rage-d4-v4,confirmation,0.06545300093201512,0.04657125499757875,0.08033042464132674,-0.10233977167631636,-0.04790963928372971,0.11299894868120526,-0.9837399790328211
4,0.26666666666666666,P_rage-d5-v1,confirmation,-0.10238893032585583,-0.07406857644125431,0.1263710689568894,-0.11452745882157167,-0.06140843955984776,0.12995204990034698,0.9910243486220865
4,0.26666666666666666,P_rage-d5-v2,discovery,0.13850779910147626,0.0617117009899939,0.15163358615759678,0.08316186088896504,0.05754125587197301,0.10112809319788169,0.9827264145698703
4,0.26666666666666666,P_rage-d5-v3,confirmation,0.023472702857092465,0.011096549260606992,0.025963458646922108,0.007581407826098285,0.006474937908148792,0.009970083527233189,0.9650300320413873
4,0.26666666666666666,P_rage-d5-v4,discovery,-0.05980556528781289,-0.038003996564245135,0.07085908124051571,-0.04826108296345932,-0.025477347762685287,0.054573137877775624,0.9967726874111553
4,0.26666666666666666,P_rage-d6-v1,discovery,-0.08903238324711715,-0.02699844557720965,0.09303591419579375,-0.12515164441833004,-0.03442738235287113,0.12980053449921886,0.9996624400499222
4,0.26666666666666666,P_rage-d6-v2,confirmation,-0.034222236178034215,-0.021194472519079355,0.040253783851796635,0.01714475358622458,-0.0053478575221381774,0.01795945866693789,-0.6548113216384736
4,0.26666666666666666,P_rage-d6-v3,discovery,-0.07791300470079676,-0.04940585485060467,0.09225711243598184,-0.05006785610711839,-0.05747707652326195,0.07622600960842711,0.9585133550663125
4,0.26666666666666666,P_rage-d6-v4,discovery,0.04779091634052435,0.03172702770328861,0.057363542181007615,0.1508388396066329,0.07805072921140077,0.1698360146267774,0.9941132160917655
4,0.26666666666666666,P_grief-d4-v1,discovery,-0.008355472362382876,-0.008770885887539492,0.01211372600196915,0.1084475470877897,0.0543046969099068,0.12128425526767769,-0.9409384670384449
4,0.26666666666666666,P_grief-d4-v2,confirmation,0.010395695027583862,0.01417542558797269,0.017578770312700564,0.10658205107535812,0.06265564506252952,0.12363439436351005,0.9184777172578346
4,0.26666666666666666,P_grief-d4-v3,confirmation,0.29867856712825436,0.17405804769210853,0.3456950830257432,0.48618513504201744,0.26747260975730613,0.5549032190447348,0.9996951705223286
4,0.26666666666666666,P_grief-d4-v4,confirmation,0.04623027292969528,0.018700421134399292,0.04986926794888816,0.11433007475642132,0.059819783030012896,0.12903399720835865,0.9952344845579651
4,0.26666666666666666,P_grief-d5-v1,confirmation,0.04789408944004503,0.03012990187770903,0.0565831670238721,0.14140401417942172,0.08052473416619854,0.1627247001490279,0.99903773377018
4,0.26666666666666666,P_grief-d5-v2,confirmation,-0.02354969527176376,-0.01672897290117792,0.028886790782661848,-0.21950337223710337,-0.09294835674438984,0.23837182603013873,0.9765271911230526
4,0.26666666666666666,P_grief-d5-v3,confirmation,-0.01434925842248358,-0.015688091325833042,0.021260701463566387,-0.1079579991983497,-0.05491087579535581,0.12112032806892435,0.936103890210669
4,0.26666666666666666,P_grief-d5-v4,discovery,0.045376399483486374,0.021616625470106676,0.05026227339466259,0.04640434772206259,0.027095399671600795,0.053735688056205995,0.9964809524869055
4,0.26666666666666666,P_grief-d6-v1,confirmation,0.08975672916687394,0.04460075363506544,0.10022723011014203,0.1507065655812041,0.06945765407083027,0.16594226290582184,0.9995706295067217
4,0.26666666666666666,P_grief-d6-v2,confirmation,0.05028603580350133,0.02400565293465462,0.055722138954369914,0.028340762281930942,0.0265552778498912,0.03883788856781277,0.9530948498784291
4,0.26666666666666666,P_grief-d6-v3,discovery,-0.008309887633908275,-0.015740203982108625,0.017799108232902285,-0.008629545180125042,-0.013098548062880688,0.015685694481642014,0.9953186066908649
4,0.26666666666666666,P_grief-d6-v4,discovery,0.062040616556003236,0.03018640933833794,0.06899461871327878,-0.011219665084948538,0.003494396884746287,0.011751242240994688,-0.7284308000352764
4,0.26666666666666666,P_terror-d4-v1,confirmation,-0.04673822402314265,-0.01929820627827894,0.05056562419664642,-0.016051562837470446,-0.0022110814969948933,0.016203133984251793,0.9677414366592513
4,0.26666666666666666,P_terror-d4-v2,confirmation,-0.1515249414654658,-0.09390968027459401,0.17826619403406052,-0.16361235523475637,-0.09947112319035867,0.19147717131349007,0.9999633019113665
4,0.26666666666666666,P_terror-d4-v3,confirmation,-0.029387500362168417,-0.02312495237271328,0.03739503442673514,-0.09541651867910739,-0.0617489506729898,0.11365405820319738,0.9957405920749682
4,0.26666666666666666,P_terror-d4-v4,discovery,-0.09258976836995103,-0.05643104837291002,0.10843121518855581,-0.26703485320463693,-0.12364844343993386,0.2942729182088296,0.9935420198591877
4,0.26666666666666666,P_terror-d5-v1,confirmation,0.007585944778042197,0.0015640199075459549,0.007745496526802251,-0.08465364490750282,-0.04540324392804651,0.09606088774998528,-0.958537377429826
4,0.26666666666666666,P_terror-d5-v2,confirmation,-0.06158416256825561,-0.018207639415001253,0.06421936789084771,-0.24184796660979302,-0.09350539295430549,0.25929461518672275,0.9966838704938639
4,0.26666666666666666,P_terror-d5-v3,discovery,-0.08024606794581057,-0.06326661880523599,0.10218657678878712,-0.17636720505022652,-0.09110039187093211,0.19850610171041605,0.9818448749867688
4,0.26666666666666666,P_terror-d5-v4,discovery,-0.06612874473448294,-0.023344694081756323,0.07012835105668173,-0.1019998246549525,-0.03826138320194561,0.10893988100859658,0.9998097370630856
4,0.26666666666666666,P_terror-d6-v1,discovery,-0.14152773214748482,-0.07240497733025286,0.15897351889231312,-0.18030499314046855,-0.09153691108416462,0.20221003101284238,0.9999951645843224
4,0.26666666666666666,P_terror-d6-v2,confirmation,0.0367498643140598,0.01754326112087945,0.04072245741427163,0.18807446412471673,0.08741088371614092,0.20739495328439425,0.9999468177528312
4,0.26666666666666666,P_terror-d6-v3,discovery,-0.0018459653400313414,0.016308594643768437,0.01641273430270988,0.08414444489566009,0.05918309558145607,0.10287335130830794,0.47965503841271817
4,0.26666666666666666,P_terror-d6-v4,discovery,0.03993841840817858,0.01714415587135054,0.04346262009460429,-0.04409397616575639,-0.020885291749829893,0.0487901029470302,-0.9993202965672929
4,0.26666666666666666,P_ecstasy-d4-v1,confirmation,0.042697200816618874,-0.0041068941686353,0.04289425995733054,0.05757686130370043,0.010354413889467118,0.058500502942965764,0.9627433466136949
4,0.26666666666666666,P_ecstasy-d4-v2,discovery,0.03536778833576548,0.008781291389604817,0.03644161810667381,0.24014217078504396,0.0965805951983949,0.258835997415795,0.9903521129876539
4,0.26666666666666666,P_ecstasy-d4-v3,confirmation,0.012641070722407832,0.010753667609521678,0.016596325980920965,-0.014728333887992662,-0.008904826658964637,0.017211035905557816,-0.9870518606179014
4,0.26666666666666666,P_ecstasy-d4-v4,discovery,0.020096394743067236,0.008751056520211797,0.021919080087657007,0.2641272567380435,0.10658561247894482,0.284822226203427,0.9996317733660519
4,0.26666666666666666,P_ecstasy-d5-v1,confirmation,0.05170426907739767,0.026075679843977184,0.057907447881542305,0.15890110549099212,0.06658590457504365,0.17228825849237733,0.9975307543266762
4,0.26666666666666666,P_ecstasy-d5-v2,confirmation,-0.04120973955474927,-0.03129237357206449,0.0517441327876302,0.06207674155868559,0.03412517365863277,0.07083819111027388,-0.9892409889584638
4,0.26666666666666666,P_ecstasy-d5-v3,discovery,-0.011800047891447285,-0.02072218828846406,0.023846387938281276,0.059760165848906865,0.01674458148404101,0.06206173081186621,-0.7109419464776865
4,0.26666666666666666,P_ecstasy-d5-v4,confirmation,0.1656895056571006,0.07304390394583304,0.18107574157943537,0.24170550570969285,0.11639748941742623,0.2682721137819923,0.9994363827816464
4,0.26666666666666666,P_ecstasy-d6-v1,confirmation,0.06254730121470065,0.03869240895377235,0.07354772192181384,0.21275886129092658,0.1272170832152404,0.24789215259786895,0.9998861823186865
4,0.26666666666666666,P_ecstasy-d6-v2,confirmation,-0.030212839157040428,-0.01473034117840566,0.03361247686739894,-0.0005948119544889607,0.010104204978120812,0.010121697461448073,-0.38466059691033844
4,0.26666666666666666,P_ecstasy-d6-v3,confirmation,-0.003164247827426081,-0.01240145564240791,0.012798772064693617,-0.2531483252526283,-0.12914698129921565,0.28418834838344526,0.6605613419887272
4,0.26666666666666666,P_ecstasy-d6-v4,discovery,-0.0313203494495875,-0.006736938622609934,0.03203670756568299,-0.01114830252302701,0.002060392832333946,0.011337101383001895,0.9231411083103556
4,0.26666666666666666,P_loathing-d4-v1,confirmation,0.09070545114756001,0.059031638594401414,0.10822297918197604,0.2823505279210097,0.15102419016677615,0.32020325831072277,0.9963232089727027
4,0.26666666666666666,P_loathing-d4-v2,discovery,-0.01447633831655537,-0.02896726098295943,0.03238312183700412,0.027191899874534187,-0.007494775957589184,0.028205869698365076,-0.19327474087013752
4,0.26666666666666666,P_loathing-d4-v3,discovery,-0.06557118313354504,-0.04867551429658601,0.0816632460141651,-0.17210570961391447,-0.0997804792196284,0.19893848123228383,0.9936032727703225
4,0.26666666666666666,P_loathing-d4-v4,discovery,-0.06309128808063225,-0.03496237421053561,0.07213097976674693,0.003239048506326281,0.011413771438634868,0.011864468537601319,-0.7050844756372042
4,0.26666666666666666,P_loathing-d5-v1,discovery,-0.004871905799538112,-0.016471312208174105,0.017176716565709477,-0.1250001155062579,-0.07701769395372882,0.14682218517147894,0.7444998223531271
4,0.26666666666666666,P_loathing-d5-v2,confirmation,-0.030524399422862558,-0.010651895146060575,0.03232958135097207,-0.047687613352155545,-0.016990573835169,0.050623987066142996,0.9999787739170961
4,0.26666666666666666,P_loathing-d5-v3,discovery,-0.07338674678163848,-0.038924943267204526,0.08307084814510694,-0.11665205671474688,-0.04800772475640924,0.1261445360373079,0.99527426270849
4,0.26666666666666666,P_loathing-d5-v4,discovery,-0.08743343438749562,-0.0467127840459618,0.09912966075861031,-0.0697300920642685,-0.031137507677877707,0.07636642013137224,0.9975012184062577
4,0.26666666666666666,P_loathing-d6-v1,discovery,0.0052777985291783125,0.006460277314833007,0.00834208249174885,0.0659559441407449,0.03451571155861766,0.0744413924634323,0.9196243384189638
4,0.26666666666666666,P_loathing-d6-v2,confirmation,-0.14157704487376765,-0.08294656222981267,0.16408592816245093,-0.05232386999808858,-0.02335670577177895,0.057300288621317835,0.9939424944858446
4,0.26666666666666666,P_loathing-d6-v3,discovery,-0.031675259819051504,-0.035243192231098064,0.047385701253042034,-0.020136306806344262,-0.017418373970872203,0.026624624008394642,0.9921334663594945
4,0.26666666666666666,P_loathing-d6-v4,confirmation,-0.06047799346085192,-0.042379859776049855,0.07384876578310903,-0.09655195335725386,-0.054278520370708794,0.11076297879135778,0.9950945943305347
4,0.26666666666666666,P_amazement-d4-v1,confirmation,0.024469044858090427,-0.0034359541119011183,0.02470910635628759,0.1554467372301227,0.06358586140794475,0.16794895023929496,0.8639201716684693
4,0.26666666666666666,P_amazement-d4-v2,confirmation,-0.004270564196612092,0.012784245058072408,0.013478673534967522,0.01885244584562562,0.01937138906995539,0.027030823680787717,0.4587422910450727
4,0.26666666666666666,P_amazement-d4-v3,discovery,0.030120414254474426,0.010079020913861036,0.031762021620847666,-0.044883469622041705,-0.01867589543401138,0.04861393746216066,-0.9974525272635307
4,0.26666666666666666,P_amazement-d4-v4,discovery,-0.12316478524705943,-0.08133878730502975,0.14759933145243964,-0.1919767037573754,-0.11885911943527949,0.22579314661538583,0.9995711766245888
4,0.26666666666666666,P_amazement-d5-v1,discovery,0.007215275968261103,-0.02125129475283849,0.022442765782545317,-0.04630243739203932,-0.05185766705856798,0.06952074036718113,0.4922055834638142
4,0.26666666666666666,P_amazement-d5-v2,confirmation,-0.05398479177695403,-0.03368927200618277,0.06363430514673397,-0.19790114497389144,-0.10177934221464557,0.22253965418240215,0.9965658020942825
4,0.26666666666666666,P_amazement-d5-v3,discovery,-0.08228133747266053,-0.04046751547126348,0.09169426538615597,-0.24919807550381723,-0.09712979564777813,0.2674581799784507,0.9963534705623031
4,0.26666666666666666,P_amazement-d5-v4,confirmation,0.06408888024408377,0.03178869315678945,0.07153953860318797,0.1924269006888375,0.08676493041163846,0.21108355042032098,0.9993211322091877
4,0.26666666666666666,P_amazement-d6-v1,confirmation,-0.09423599166403918,-0.06263164414333389,0.11315098308455862,-0.19077620355201175,-0.09627933239754904,0.2136943370532695,0.9929028676165236
4,0.26666666666666666,P_amazement-d6-v2,discovery,0.006443654347383365,-0.006201305041748206,0.00894297856250166,0.08026432410322215,0.030173852539740587,0.08574860407515156,0.43043514236395775
4,0.26666666666666666,P_amazement-d6-v3,discovery,0.010783181794689511,-0.002073628244770198,0.010980753330934633,0.06980134718441944,0.016076258719214476,0.0716287244278926,0.9145712254771603
4,0.26666666666666666,P_amazement-d6-v4,confirmation,-0.056504794114552226,-0.02933801857942342,0.06366719007537971,-0.07858750148175853,-0.028537926716529327,0.08360866372824886,0.9914877372349722
4,0.26666666666666666,P_admiration-d4-v1,discovery,-0.027811136757475374,-0.03124847871305292,0.04183212580808104,-0.004214743106083496,-0.011238602637863249,0.012002926672360584,0.9328791604030081
4,0.26666666666666666,P_admiration-d4-v2,discovery,0.010816456647054551,-0.01132528553900336,0.015660709656256617,-0.09090204737946062,-0.0539951962878642,0.10572919861581609,-0.2245007384188577
4,0.26666666666666666,P_admiration-d4-v3,discovery,-0.06290886161290121,-0.04716551034786498,0.07862639655869849,-0.10134866857594371,-0.06460562997870412,0.12018918440135,0.9971264045116472
4,0.26666666666666666,P_admiration-d4-v4,discovery,0.04471054238880168,0.027740892900316005,0.05261739008738113,0.050773963502128705,0.03316761078679242,0.060647223967957894,0.9997279760573916
4,0.26666666666666666,P_admiration-d5-v1,confirmation,-0.014480765288997333,-0.005902682094163225,0.01563758994409897,0.12822457992348602,0.05556354100501748,0.13974566177728276,-0.9997614084550939
4,0.26666666666666666,P_admiration-d5-v2,discovery,-0.04973557365610226,-0.037107044572461056,0.06205288102742841,-0.08410836314953407,-0.043544224402969345,0.09471175339180482,0.9867006679250921
4,0.26666666666666666,P_admiration-d5-v3,confirmation,-0.12395358460132577,-0.06680515335491588,0.14080987057124886,-0.19480675109347478,-0.09771542041570003,0.21794029838148804,0.9995680267190553
4,0.26666666666666666,P_admiration-d5-v4,discovery,-0.06612340090892843,-0.03819141948352556,0.07636025582676824,-0.1544960991622646,-0.08562456845983757,0.17663694794773177,0.9998434748537033
4,0.26666666666666666,P_admiration-d6-v1,confirmation,-0.05328363975296124,-0.02794515389395169,0.06016708312258452,-0.05834959302954168,-0.025947730839480876,0.06385890495797188,0.9979147342493262
4,0.26666666666666666,P_admiration-d6-v2,confirmation,0.01303458801422508,-0.0033007580396651193,0.01344602128278079,0.01890474266591724,-0.01264077984030898,0.02274156129723097,0.9422996062157891
4,0.26666666666666666,P_admiration-d6-v3,confirmation,-0.1117691233396183,-0.06002805434144154,0.12686884660989817,-0.016208707523223342,-0.023110166081608874,0.02822768102223316,0.8932423281146404
4,0.26666666666666666,P_admiration-d6-v4,confirmation,0.037690570075800345,-5.53266529417229e-05,0.03769061068326357,-0.04287811429217303,-0.03025247999671743,0.052476139637024,-0.816250209916705
4,0.26666666666666666,P_vigilance-d4-v1,discovery,-0.031701660250637254,-0.015898948776827737,0.03546507908993051,-0.08579271793495291,-0.05089299190489083,0.09975212817628341,0.9975123935785977
4,0.26666666666666666,P_vigilance-d4-v2,confirmation,0.03623871287189395,0.022437537745822134,0.04262261618796722,0.11762387411253794,0.06505765954602438,0.13441679518143776,0.9987914572459318
4,0.26666666666666666,P_vigilance-d4-v3,discovery,0.04920874763654126,0.01385473973623963,0.05112195865883605,0.08769162322075408,0.030977734037775484,0.09300236980424666,0.9978799069336028
4,0.26666666666666666,P_vigilance-d4-v4,discovery,-0.05906303828301063,-0.03195475786155555,0.06715317595773879,-0.06987573017086213,-0.03456882870396871,0.0779591020014691,0.9993333938681676
4,0.26666666666666666,P_vigilance-d5-v1,discovery,-0.05543231839469698,-0.013284413793657635,0.05700190849833172,-0.07983823098149578,-0.03383335999979309,0.08671124134234426,0.986316878381774
4,0.26666666666666666,P_vigilance-d5-v2,confirmation,-0.046557652817698525,-0.03629587280181479,0.059033934464330515,-0.13717434550930996,-0.07027544695801291,0.1541279971681201,0.9822440141048918
4,0.26666666666666666,P_vigilance-d5-v3,confirmation,0.03919734175431344,0.007868227884465284,0.03997925225221604,-0.03824532329718533,-0.018538931088945443,0.042501726082912146,-0.9681002275695011
4,0.26666666666666666,P_vigilance-d5-v4,confirmation,0.010265993534671836,0.010429855769015006,0.014634634078663515,-0.03211520706395987,-0.009359748677225888,0.0334513291225005,-0.8728773700022321
4,0.26666666666666666,P_vigilance-d6-v1,discovery,-0.011745903393979518,-0.01816198055859619,0.02162923448371499,-1.5597769120745397e-07,-0.0020951307736427616,0.0020951307794488524,0.8397363752084708
4,0.26666666666666666,P_vigilance-d6-v2,discovery,-0.027132672141928715,-0.016015861700918066,0.03150697896632314,0.04971917993116648,0.02302834112906016,0.05479326006165422,-0.9950548510226158
4,0.26666666666666666,P_vigilance-d6-v3,discovery,-0.021951089082412167,-0.019599074581011955,0.02942743679520973,-0.009355884685402494,-0.0006142906343056254,0.00937602960905865,0.7879721701147864
4,0.26666666666666666,P_vigilance-d6-v4,discovery,-0.10656583263322617,-0.06881715972043256,0.12685455512830549,-0.07763460011224232,-0.050482131040671785,0.0926044096627981,0.9999950189596662
5,0.3333333333333333,P_rage-d1-v1,discovery,0.18804723594800787,0.08650873161010164,0.206991602710048,0.21588249719474084,0.12323524626685023,0.24858032608693817,0.9961711778644666
5,0.3333333333333333,P_rage-d1-v2,confirmation,0.10895666851636054,0.043914247569259324,0.11747347255341638,0.06350944657262492,0.009782579180274364,0.06425845204624397,0.973599143630309
5,0.3333333333333333,P_rage-d1-v3,discovery,-0.3976604283819869,-0.23142833994280387,0.460100959387858,-0.4353590786917616,-0.20311817436728363,0.4804107827241575,0.9959052986550283
5,0.3333333333333333,P_rage-d1-v4,discovery,-0.08030520903531801,-0.12182352296881227,0.14591057996848225,-0.4768784794616603,-0.27519468059937147,0.5505862297622919,0.8940038477050233
5,0.3333333333333333,P_rage-d2-v1,discovery,-0.023086447888753803,-0.024190077695733336,0.033438659288999015,-0.27221287032511654,-0.12145381074591732,0.2980786388108746,0.9252615110935064
5,0.3333333333333333,P_rage-d2-v2,discovery,0.024251435369794905,0.008859241165240839,0.02581895178970744,0.12042169168736772,0.051643742911512636,0.13102847022978578,0.998494093113566
5,0.3333333333333333,P_rage-d2-v3,confirmation,-0.04631984610096307,-0.055425308169433585,0.07223221530933123,-0.07559612279199568,-0.04391070452783863,0.08742381685395369,0.9399110187082179
5,0.3333333333333333,P_rage-d2-v4,discovery,-0.06565580578895869,-0.08127782813268691,0.10448334881579961,-0.25236518614062486,-0.12787009410910688,0.28291155533711254,0.9121331743199647
5,0.3333333333333333,P_rage-d3-v1,discovery,-0.06735876226881654,-0.04771263757810029,0.08254513092270246,-0.20121267813118804,-0.05551344306616546,0.2087301707990138,0.9403627478514582
5,0.3333333333333333,P_rage-d3-v2,discovery,0.0019082607777898275,-0.023295646750874255,0.023373673582421085,-0.05813500337195654,-0.03152194089523874,0.06613101673844371,0.40329769806526977
5,0.3333333333333333,P_rage-d3-v3,confirmation,-0.029968646807918553,-0.06895145052921947,0.07518259320867542,-0.45018315124316466,-0.2356081260095353,0.5081102820303395,0.7784315604605354
5,0.3333333333333333,P_rage-d3-v4,confirmation,0.17612905243996213,0.08554470212078513,0.19580433900793107,0.18801392305976972,0.08032672838358534,0.20445444127515378,0.9988303028223232
5,0.3333333333333333,P_grief-d1-v1,discovery,0.009332399202356179,0.006372814130481963,0.011300727180752963,-0.14711806725238752,-0.06958386759828805,0.16274409464559414,-0.9876479272634773
5,0.3333333333333333,P_grief-d1-v2,discovery,0.023058218127186336,0.007196832714958745,0.024155244240702783,0.1228409620743478,0.05584938688949803,0.13494093515047312,0.9922998579890862
5,0.3333333333333333,P_grief-d1-v3,confirmation,-0.014321524405413122,-0.016913170070854022,0.0221621610665674,-0.05354704174842606,-0.03515785276224204,0.064057476463401,0.9590420060508429
5,0.3333333333333333,P_grief-d1-v4,confirmation,-0.2672579975163485,-0.21285637337577956,0.3416645619948575,-0.7072741035814802,-0.3819306581111901,0.8038082390733707,0.9842999281075763
5,0.3333333333333333,P_grief-d2-v1,confirmation,-0.08112922061584094,-0.051380095714344876,0.09603054031582364,-0.5387989563267337,-0.18964066663850154,0.571198650017551,0.9745422795927697
5,0.3333333333333333,P_grief-d2-v2,confirmation,0.1812490174296979,0.0640284466233787,0.19222603438721247,0.2046330050847036,0.07903557108322312,0.21936564969577063,0.9995794664006218
5,0.3333333333333333,P_grief-d2-v3,confirmation,0.09292072964944964,0.02764031051883542,0.09694456541840679,0.09274070720658356,0.03139947407930066,0.09791203064809724,0.999303219812903
5,0.3333333333333333,P_grief-d2-v4,confirmation,-0.18390408511134737,-0.1624667891480236,0.24538983291226646,-0.22461476498240662,-0.14741786361811204,0.26867046574164055,0.9898235849470592
5,0.3333333333333333,P_grief-d3-v1,discovery,0.11664095195578383,0.04838374068183171,0.12627786043292866,0.16508057707680113,0.0473036816159591,0.17172430003477582,0.9934935385345789
5,0.3333333333333333,P_grief-d3-v2,confirmation,-0.06239237671243103,-0.03416053217399995,0.07113192412859919,-0.21019233637446932,-0.10101254425576123,0.23320452904602898,0.9985987000606869
5,0.3333333333333333,P_grief-d3-v3,confirmation,-0.0017386617848389463,-0.006710965726218099,0.006932532421888365,-0.02228268581106896,-0.010885128451278092,0.02479927636758052,0.6502478824729744
5,0.3333333333333333,P_grief-d3-v4,confirmation,-0.08151607432817443,-0.04406688013721016,0.09266477377571104,-0.14646602334088987,-0.04214680539263593,0.15240947870161758,0.9768904175628651
5,0.3333333333333333,P_terror-d1-v1,discovery,0.16378656176798367,0.10727688773242416,0.1957916455248606,0.15402330821090704,0.07653851232897768,0.171992218840752,0.9929656836957761
5,0.3333333333333333,P_terror-d1-v2,discovery,0.17118394073273357,0.09197955805524849,0.1943300817290696,0.2764600112084401,0.13098873548992085,0.3059218635903934,0.998721264774044
5,0.3333333333333333,P_terror-d1-v3,confirmation,0.12176070472889933,0.07157022798344936,0.14123727110674833,0.0387587954578823,0.029117684557979917,0.04847766268462187,0.9936328095543284
5,0.3333333333333333,P_terror-d1-v4,discovery,-0.1872251625076542,-0.13559740271193377,0.23117075312037175,-0.3790210720910263,-0.21611294911558865,0.4363046869613802,0.9941082543783433
5,0.3333333333333333,P_terror-d2-v1,discovery,-0.024189483887361085,-0.024578407344004738,0.03448520317911332,-0.1156794671651804,-0.07098718092782486,0.13572368614099675,0.9706267184901557
5,0.3333333333333333,P_terror-d2-v2,discovery,0.1042758419927603,0.023322310759924747,0.10685214739293551,0.12397761902561566,0.0427790671447732,0.13115067138614928,0.9937094867646943
5,0.3333333333333333,P_terror-d2-v3,confirmation,0.03433231460251651,-0.009044788992948583,0.03550374675852018,-0.21734639280119028,-0.12701090820468064,0.25173642022295284,-0.7063672216067485
5,0.3333333333333333,P_terror-d2-v4,confirmation,-0.13382814451488567,-0.11891450987260299,0.17902690558276016,-0.34863480226998567,-0.2083100695949378,0.40612720968740795,0.9824027009985892
5,0.3333333333333333,P_terror-d3-v1,discovery,0.10450559085027589,0.05989513471881036,0.12045266988302795,-0.044459280132044476,0.005718716617071795,0.04482556535734912,-0.7970798044376672
5,0.3333333333333333,P_terror-d3-v2,discovery,0.1940882151296366,0.06624675061341723,0.2050825863379053,0.45954089643148954,0.20110163778774304,0.5016170892363713,0.9965090175043133
5,0.3333333333333333,P_terror-d3-v3,confirmation,0.00256358228423359,0.011890352030031082,0.01216356960460623,0.06465319819820126,0.041868382458413844,0.077025953333535,0.7082571581763414
5,0.3333333333333333,P_terror-d3-v4,confirmation,0.19660930597305004,0.08466856697896219,0.2140653765312724,0.33160347559467684,0.15645978997202592,0.3666613299825329,0.9994146954302742
5,0.3333333333333333,P_ecstasy-d1-v1,confirmation,-0.010570122574704133,0.006569911708652398,0.012445530567386743,0.03231439751854959,0.028592178781542188,0.043147803819690696,-0.28625665212099466
5,0.3333333333333333,P_ecstasy-d1-v2,discovery,0.2437930585799286,0.09946464002902022,0.2633026206247463,0.4413027826773166,0.15460398817558385,0.4676008331456853,0.9987301906470161
5,0.3333333333333333,P_ecstasy-d1-v3,discovery,0.02659351946233457,-0.006120368938142384,0.027288719158885887,0.012192525288169165,-0.037283058799963964,0.0392260646303477,0.5160811243471174
5,0.3333333333333333,P_ecstasy-d1-v4,discovery,-0.01418641223356687,-0.05833174710810951,0.060032049879586304,-0.23074170000032712,-0.1841655051194433,0.2952264645910672,0.7908397632725735
5,0.3333333333333333,P_ecstasy-d2-v1,confirmation,0.11857584840977298,0.07053854954300398,0.1379707171747987,-0.033989515518711766,-0.006447318784958522,0.03459559342910058,-0.9396505575912575
5,0.3333333333333333,P_ecstasy-d2-v2,confirmation,-0.004948826608721646,-0.051100527901100534,0.05133960300366906,-0.3822010230894102,-0.1777554880250194,0.4215146920020756,0.5071462365000057
5,0.3333333333333333,P_ecstasy-d2-v3,confirmation,0.06600549783447285,0.01206769433459609,0.06709959009509553,-0.10685665958803359,-0.05645120777407353,0.12085149795291951,-0.9537897313087692
5,0.3333333333333333,P_ecstasy-d2-v4,confirmation,-0.16440148493796514,-0.13804683345930524,0.21467365110313175,-0.3255773661110961,-0.19700889360371399,0.380543197919498,0.9881171446250558
5,0.3333333333333333,P_ecstasy-d3-v1,confirmation,0.130464784474996,0.0021325942769578887,0.13048221314208794,-0.15457036425579584,-0.11166388496389335,0.19068513500375173,-0.8200678392419558
5,0.3333333333333333,P_ecstasy-d3-v2,discovery,0.04069956491798887,0.005351971643110964,0.041049947441893934,-0.10593068488018442,-0.05151815468182841,0.11779401623599449,-0.9486330550833578
5,0.3333333333333333,P_ecstasy-d3-v3,discovery,-0.07048734343050445,-0.057591916300535395,0.09102359258487742,-0.2432985747341272,-0.13972409425590726,0.2805655342042057,0.986622553251434
5,0.3333333333333333,P_ecstasy-d3-v4,confirmation,-0.1280907079709417,-0.09028459039424153,0.1567116355959347,-0.2247905007808022,-0.09607524672039913,0.24446108539738876,0.9780159196164271
5,0.3333333333333333,P_loathing-d1-v1,discovery,0.03777479250680571,-0.027657099729536228,0.04681719891644242,0.011614884535983805,-0.003235001703562279,0.012056980501198739,0.9357748401504957
5,0.3333333333333333,P_loathing-d1-v2,confirmation,-0.012843077680178894,-0.0450782597347823,0.046872104124048075,-0.08869673945196732,-0.06341213870785989,0.10903307261980211,0.7822252801968067
5,0.3333333333333333,P_loathing-d1-v3,discovery,0.020973793295189225,0.010068552518077034,0.023265333760739384,-0.16559964728608234,-0.08551592486827087,0.18637654516422025,-0.9995760774646862
5,0.3333333333333333,P_loathing-d1-v4,discovery,-0.12011733930781077,-0.10354310917572729,0.15858546799806192,-0.3853768575298795,-0.18218886026178316,0.42627233445661544,0.9638205292067121
5,0.3333333333333333,P_loathing-d2-v1,discovery,0.010780098306794272,-0.007197649483720703,0.012962124733030987,0.008767449032355934,-0.0119997077635281,0.014861397947199838,0.9389953896640296
5,0.3333333333333333,P_loathing-d2-v2,confirmation,0.1986892264478728,0.11237002644554117,0.2282639514899926,0.2628751507532945,0.11809144861499465,0.28818212144329014,0.9957253962557719
5,0.3333333333333333,P_loathing-d2-v3,discovery,0.07537023104802643,0.00621735062578832,0.07562623339183883,0.0009356866528169583,-0.019823733373992347,0.01984580344544906,-0.03513190019774114
5,0.3333333333333333,P_loathing-d2-v4,discovery,-0.20392666844974627,-0.1766629965829889,0.2698071542170331,-0.5388182616968522,-0.2999277428302225,0.6166699036415265,0.9788654662333247
5,0.3333333333333333,P_loathing-d3-v1,discovery,0.15954598981429235,0.01593136339382184,0.16033942498776863,0.05995187268766644,0.014321994404725924,0.06163883972372587,0.9909050780460652
5,0.3333333333333333,P_loathing-d3-v2,confirmation,-0.15349393581793036,-0.09546312311084293,0.180758391802303,-0.3566430054487686,-0.1451610359026727,0.38505319071508476,0.9856105154616742
5,0.3333333333333333,P_loathing-d3-v3,confirmation,-0.06496441333305292,-0.03547439707152744,0.07401896950982322,-0.14285945030447733,-0.08332056267406918,0.16538179677830603,0.9996027354321212
5,0.3333333333333333,P_loathing-d3-v4,confirmation,0.036530143598036524,-0.005888098388775909,0.0370016363682618,-0.23219542212441402,-0.08664508705004703,0.2478347940976913,-0.8693241727263098
5,0.3333333333333333,P_amazement-d1-v1,confirmation,0.026079074003851233,-0.02227781714206234,0.034298968461362156,-0.06500990797673101,-0.05780735694733696,0.08699412998806219,-0.13659603694157138
5,0.3333333333333333,P_amazement-d1-v2,confirmation,-0.062117689793184994,-0.04118264598322252,0.07452930776158996,-0.07480618364998737,-0.024885803894723946,0.07883697322806282,0.9652780618182191
5,0.3333333333333333,P_amazement-d1-v3,discovery,-0.24834134529841467,-0.1530717937376478,0.29172658058992057,-0.37326722742509366,-0.17726689972827314,0.4132214621832828,0.9940651164920066
5,0.3333333333333333,P_amazement-d1-v4,confirmation,-0.09583656725557166,-0.12153646935068263,0.1547764872503609,-0.08408204162613941,-0.08763707833371814,0.12144977242831742,0.9953007843243283
5,0.3333333333333333,P_amazement-d2-v1,confirmation,0.05806046347872673,0.007426131781493872,0.05853345071496019,0.09332529246927557,0.03822961344831732,0.10085193879585849,0.965983924190327
5,0.3333333333333333,P_amazement-d2-v2,confirmation,0.058413801044663316,0.028040897150484412,0.0647955559084846,0.11413966532954944,0.05429203490822854,0.126394178093842,0.9999936549744878
5,0.3333333333333333,P_amazement-d2-v3,discovery,0.05421593894744792,0.02878542327906697,0.061383781484268714,0.2787476166085967,0.12529250854748453,0.30561159412413447,0.9978446413119798
5,0.3333333333333333,P_amazement-d2-v4,discovery,-0.18550840634140098,-0.14347783560630845,0.23451920632135273,-0.3671355082059007,-0.19013116469363922,0.4134469024836983,0.9837573405038247
5,0.3333333333333333,P_amazement-d3-v1,discovery,-0.014626075561471552,-0.021422973708251192,0.025939658610596578,-0.10038474578526291,-0.06659763477945768,0.1204671828532148,0.9264216488903206
5,0.3333333333333333,P_amazement-d3-v2,confirmation,-0.049270803433716814,-0.03568031259098703,0.06083335250990617,-0.3131220810289159,-0.14869673543626716,0.34663548109978903,0.9832277737931112
5,0.3333333333333333,P_amazement-d3-v3,discovery,0.021903147178713667,0.006807880964476709,0.022936763057564962,0.027961534226017548,0.0354354550077316,0.045138884211705116,0.8245465724179577
5,0.3333333333333333,P_amazement-d3-v4,confirmation,-0.027731569084655128,-0.05352549408081231,0.06028282044241189,-0.24816662553550461,-0.12974031699994004,0.28003432626184294,0.8190422576784914
5,0.3333333333333333,P_admiration-d1-v1,confirmation,0.015258723889161274,-0.040235551643653444,0.04303171238510924,-0.16781536869586144,-0.10336807872484188,0.19709631571846548,0.18846237742272265
5,0.3333333333333333,P_admiration-d1-v2,confirmation,-0.01912056462665479,-0.043526826585470246,0.04754135698782358,-0.17536679030166535,-0.08571393048333587,0.19519320946080682,0.763379120698767
5,0.3333333333333333,P_admiration-d1-v3,confirmation,0.0027402665686180327,-0.049060384176820904,0.04913685334292729,-0.23167970734975274,-0.11505321763194498,0.25867494986011064,0.39413882328824035
5,0.3333333333333333,P_admiration-d1-v4,discovery,-0.0999160840386164,-0.12102135990379637,0.1569375461850225,-0.4241263099654571,-0.24321349315821195,0.4889130086826639,0.9359075124718406
5,0.3333333333333333,P_admiration-d2-v1,confirmation,0.02788391069415308,0.017860847557317427,0.03311377887021106,-0.1632108011760769,-0.045453403219084976,0.16942189198782318,-0.9559004317087345
5,0.3333333333333333,P_admiration-d2-v2,confirmation,-0.037204111459742784,-0.026754372304404583,0.04582512789847569,-0.4400996946603821,-0.14541020122655457,0.4634995877677872,0.9540464006577053
5,0.3333333333333333,P_admiration-d2-v3,confirmation,-0.01363779722617231,-0.0374700401025434,0.03987472154722091,-0.21117391046893186,-0.11276189687897542,0.2393943730551851,0.7443222886848628
5,0.3333333333333333,P_admiration-d2-v4,discovery,-0.11842107449598771,-0.14549451393528123,0.18759585408544618,-0.2830616454463346,-0.17122654740448784,0.33082083619211133,0.9415469909599087
5,0.3333333333333333,P_admiration-d3-v1,discovery,0.0579340980638019,-0.016998369354631393,0.06037635529893044,-0.13154559500302154,-0.05191665713327431,0.14141988139081763,-0.7891951029172501
5,0.3333333333333333,P_admiration-d3-v2,discovery,-0.03407787237819804,-0.04288697195560953,0.05477767564752991,-0.0613987843319439,-0.013249594313071267,0.06281212038214862,0.7732651504251024
5,0.3333333333333333,P_admiration-d3-v3,discovery,-0.09156821319218,-0.06167159480674744,0.11039983366480298,-0.3070641738402582,-0.15636572238846203,0.3445847442854455,0.9926014269112414
5,0.3333333333333333,P_admiration-d3-v4,discovery,0.05690288425554435,0.020360417441044554,0.06043579100974412,0.08401634492078891,0.028334593071572822,0.08866563809267147,0.9998317688092135
5,0.3333333333333333,P_vigilance-d1-v1,discovery,-0.056178301680393616,-0.05203133541261984,0.07657193640305737,-0.4120569912445138,-0.18661453898194758,0.4523449460234149,0.94865414212513
5,0.3333333333333333,P_vigilance-d1-v2,discovery,-0.034257829041635546,-0.018452966199989262,0.03891157684062513,-0.2092970805003871,-0.10090399482375556,0.2323507780864484,0.998994202972178
5,0.3333333333333333,P_vigilance-d1-v3,discovery,0.042415662569176504,0.0553300653045925,0.06971731892286673,0.02186043613468369,0.02068409967051732,0.0300950269509512,0.9873854624732197
5,0.3333333333333333,P_vigilance-d1-v4,confirmation,-0.22929428916007843,-0.18768876814127466,0.29631561674642604,-0.3799330382667643,-0.23660450111880493,0.44758329226669435,0.9916951678088745
5,0.3333333333333333,P_vigilance-d2-v1,discovery,-0.11432944150393443,-0.08037956102122212,0.13975727181283246,-0.28965487706625836,-0.13505598296741805,0.31959359559222206,0.9844688269426118
5,0.3333333333333333,P_vigilance-d2-v2,discovery,0.10228197682395201,0.022845787075697288,0.10480235097612818,0.1621730383753528,0.0653984767118998,0.17486296100698556,0.9866533817482865
5,0.3333333333333333,P_vigilance-d2-v3,confirmation,0.013840906935334907,-0.009199843762704774,0.016619501498263415,-0.09814808048607615,-0.05434762878890398,0.11219050966136924,-0.4604159695624099
5,0.3333333333333333,P_vigilance-d2-v4,confirmation,-0.124305722576743,-0.10975108074710782,0.1658228343458294,-0.2904810276754697,-0.1995965675540523,0.35244576493235996,0.9926568011363236
5,0.3333333333333333,P_vigilance-d3-v1,discovery,-0.0786298284656084,-0.07353357510121139,0.10765610336481855,-0.5084438273200917,-0.20403360360441614,0.54785475898244,0.9322186585397662
5,0.3333333333333333,P_vigilance-d3-v2,confirmation,-0.05292737986535734,-0.03327356145251059,0.06251749700000658,-0.008271197036346933,-0.015149767207360831,0.01726059520559184,0.8728282053123017
5,0.3333333333333333,P_vigilance-d3-v3,discovery,0.06264441619234162,0.06330531752148882,0.0890611369036789,0.08728028482834782,0.05134590815702733,0.10126327273097295,0.9666766517109641
5,0.3333333333333333,P_vigilance-d3-v4,confirmation,0.06684520509245928,0.039795977361077206,0.0777946094403482,0.16084791921885921,0.0923965603295942,0.18549710908199352,0.9998786209702015
5,0.3333333333333333,P_rage-d4-v1,confirmation,0.11600792618280842,0.045608258280369185,0.12465132233797117,0.11733952248788793,0.04630364471271431,0.12614511901523115,0.9999991960618689
5,0.3333333333333333,P_rage-d4-v2,confirmation,-0.004487794486537133,0.01037714678468138,0.011305992868572675,-0.2146842494779193,-0.08509800413708879,0.23093504992099723,0.030787380184379577
5,0.3333333333333333,P_rage-d4-v3,discovery,0.153530952604088,0.08605739742041596,0.17600462794567118,0.5110445089858073,0.26572864676339325,0.5760019130829768,0.9995074289666314
5,0.3333333333333333,P_rage-d4-v4,confirmation,0.020626047354896038,0.008531802978641423,0.02232096529168863,-0.22255660713490677,-0.10953564284929307,0.24805140683698837,-0.9978783207796198
5,0.3333333333333333,P_rage-d5-v1,confirmation,-0.06325305225088496,-0.04449813437467931,0.0773371358525786,-0.028996915234043463,-0.011786370889735664,0.03130079283086469,0.9743469216395947
5,0.3333333333333333,P_rage-d5-v2,discovery,0.16317430819643963,0.081375814447318,0.18234000666982272,0.11384408342938124,0.062334548304768145,0.12979241597348973,0.9992649562797187
5,0.3333333333333333,P_rage-d5-v3,confirmation,-0.08379433112300472,-0.039213851149945356,0.09251603131545272,-0.08646118749360765,-0.03261218416625855,0.09240720479972728,0.9970358281593839
5,0.3333333333333333,P_rage-d5-v4,discovery,0.017928189859973465,0.001657959239047102,0.01800468884745296,0.10475663253951195,0.047105570769610416,0.11486029278453504,0.945925227153157
5,0.3333333333333333,P_rage-d6-v1,discovery,0.07472030278704445,0.04136691232678924,0.08540693814930886,0.09521922535074534,0.06646287642255544,0.11612069074353588,0.9946217037733919
5,0.3333333333333333,P_rage-d6-v2,confirmation,0.010846883589028522,0.004436158472912233,0.011718975449702386,0.07641801820535488,0.027218584308396743,0.08112068070589183,0.9989397114233256
5,0.3333333333333333,P_rage-d6-v3,discovery,-0.0834216319023362,-0.03950008217111822,0.09230073217897011,-0.15237030906990912,-0.08175603819222843,0.17291836474749794,0.9987380331920097
5,0.3333333333333333,P_rage-d6-v4,discovery,0.06826739624475398,0.04782768069042298,0.08335421063307666,0.09156064181882728,0.05869817511300113,0.10876041049882133,0.9991579221192761
5,0.3333333333333333,P_grief-d4-v1,discovery,0.0034505531292552405,0.005218545520562223,0.006256159704482709,0.08948206725759,0.05005203656338297,0.10252924814331806,0.8885664057106735
5,0.3333333333333333,P_grief-d4-v2,confirmation,-0.0061707371746155815,-0.0031150071306571547,0.006912399489484648,0.0855777917095315,0.04452974737477122,0.09646997893200197,-0.9999242817301207
5,0.3333333333333333,P_grief-d4-v3,confirmation,0.36889185494947974,0.20004594598039205,0.4196422061128479,0.5480441719533165,0.2925843608850216,0.621255199291316,0.9999786887349996
5,0.3333333333333333,P_grief-d4-v4,confirmation,0.027499578717789852,0.018611135978805038,0.03320543949532203,0.08667810405958809,0.04413827164455064,0.09726911507324884,0.9923250649651106
5,0.3333333333333333,P_grief-d5-v1,confirmation,0.08329210762496686,0.049746203017402735,0.09701680219043356,0.20308933039848487,0.1017649174732127,0.22715935937142176,0.9972721084051751
5,0.3333333333333333,P_grief-d5-v2,confirmation,0.012354793348117177,0.0003647784034646051,0.012360177262414751,-0.14136907430250378,-0.05187635980384897,0.1505867586331721,-0.948546158849931
5,0.3333333333333333,P_grief-d5-v3,confirmation,-0.06624395363668434,-0.04150595160902881,0.07817291994284355,-0.20546874872134158,-0.08937839854183416,0.2240667419029802,0.9888585140212441
5,0.3333333333333333,P_grief-d5-v4,discovery,-0.024203590942436293,-0.01007148106162603,0.026215425712421227,-0.10128143198389239,-0.037959281099245956,0.10816115516339214,0.9993615928166197
5,0.3333333333333333,P_grief-d6-v1,confirmation,0.12642140371804622,0.07207074568428418,0.14552169495140577,0.18653108197325396,0.08391487708429457,0.2045374076744522,0.9954542939367647
5,0.3333333333333333,P_grief-d6-v2,confirmation,0.054565580528850965,0.02715120365787005,0.06094743996692278,0.12918138129175993,0.06066118654191932,0.14271513173143413,0.9997424007203716
5,0.3333333333333333,P_grief-d6-v3,discovery,-0.10054786816492367,-0.06710395207018216,0.12088347354352529,-0.1313704041815975,-0.07581535141412976,0.1516777854693438,0.9978831162022259
5,0.3333333333333333,P_grief-d6-v4,discovery,0.07086535399292071,0.022677599843121676,0.07440545632671515,0.03418672040007609,0.013304663410346418,0.03668440977003159,0.9981138175686329
5,0.3333333333333333,P_terror-d4-v1,confirmation,-0.037665222950494126,-0.025293370106569846,0.045369853330800514,-0.09360840045246777,-0.04650861986472643,0.10452552012303595,0.9915301762495243
5,0.3333333333333333,P_terror-d4-v2,confirmation,-0.2449452308224025,-0.1338564490614278,0.2791338658385518,-0.2753734397189964,-0.15709247546658922,0.3170308772831011,0.9998327269354995
5,0.3333333333333333,P_terror-d4-v3,confirmation,-0.06470605080754233,-0.03249088740695072,0.07240532284024012,-0.1708883711273672,-0.0884437384364718,0.1924191525165409,0.9999250880109523
5,0.3333333333333333,P_terror-d4-v4,discovery,-0.0979103035360005,-0.05904015172283117,0.114333577981128,-0.28156210461476183,-0.12569210757810545,0.30834351730256976,0.9924744647601452
5,0.3333333333333333,P_terror-d5-v1,confirmation,-0.0480227476202737,-0.021685257415690273,0.05269188436737913,-0.18020567638133755,-0.08784205603332751,0.2004752169426875,0.9995675986204829
5,0.3333333333333333,P_terror-d5-v2,confirmation,-0.01863071124865634,0.01020340172994949,0.021241770370982408,-0.17590503207234587,-0.06228503585272405,0.1866065540101637,0.6664516159594268
5,0.3333333333333333,P_terror-d5-v3,discovery,-0.09730810509720289,-0.059976094165445915,0.1143066016857763,-0.1449070010209672,-0.0674097468656556,0.15981900048924833,0.9931702805430187
5,0.3333333333333333,P_terror-d5-v4,discovery,-0.048102897433281555,0.0032613599262276693,0.04821333021110665,0.0043228893158913095,0.019077635676667093,0.01956127692787688,-0.15451410745867178
5,0.3333333333333333,P_terror-d6-v1,discovery,-0.22018818952557506,-0.12256774309926932,0.25200335405505825,-0.27549247113429143,-0.137724315160896,0.30800014389317454,0.9990166804151631
5,0.3333333333333333,P_terror-d6-v2,confirmation,0.0554013251914931,0.023095678733339398,0.06002263913830509,0.1724807282291443,0.07650567416372578,0.18868682993177374,0.9997465787663438
5,0.3333333333333333,P_terror-d6-v3,discovery,0.015439436854435051,0.010694876531562869,0.018781815524795825,-0.03777361940114643,-0.0096348369519208,0.03898302714968098,-0.9372753671607251
5,0.3333333333333333,P_terror-d6-v4,discovery,0.021922842832725387,0.007320112829548364,0.02311266080973148,-0.058753405630258104,-0.01503835525885,0.06064746327790657,-0.9974316539550133
5,0.3333333333333333,P_ecstasy-d4-v1,confirmation,0.032316417031272415,-0.0006088321746728909,0.03232215163562028,0.05029921533918991,0.019048099391339335,0.05378513878536095,0.928351124878384
5,0.3333333333333333,P_ecstasy-d4-v2,discovery,-0.01564751081243365,-0.006042159898015598,0.016773559278173967,0.1150462389891227,0.05333115844387537,0.12680634671225283,-0.9978509020067012
5,0.3333333333333333,P_ecstasy-d4-v3,confirmation,0.04597610665502039,0.03735953849739815,0.05924134957858729,0.01472895031664434,0.00517633951785168,0.015612061626647852,0.9412743515242774
5,0.3333333333333333,P_ecstasy-d4-v4,discovery,0.07797494908358349,0.037986386126487304,0.0867355648827978,0.3575137868924876,0.14567749941114316,0.38605445425858076,0.997796898254079
5,0.3333333333333333,P_ecstasy-d5-v1,confirmation,0.05499398144558043,0.028917679163552812,0.062133486651265765,0.1473077821425295,0.07515837073455911,0.16537340587659297,0.9999241654450042
5,0.3333333333333333,P_ecstasy-d5-v2,confirmation,-0.03289404571026733,-0.02415189145296992,0.04080848078457709,0.13988813915813547,0.08279681004400796,0.16255461614666442,-0.9951126864791374
5,0.3333333333333333,P_ecstasy-d5-v3,discovery,-0.03462199690198009,-0.0210726961466996,0.04053074379248236,0.002330855937044962,0.0050889406351104505,0.005597339205992085,-0.8284096224790379
5,0.3333333333333333,P_ecstasy-d5-v4,confirmation,0.10686791853559008,0.06034849289827804,0.12273016176646648,0.17109652285526833,0.08614460180455463,0.1915591620184966,0.9988659852259375
5,0.3333333333333333,P_ecstasy-d6-v1,confirmation,0.10610519570824906,0.05769215580979736,0.1207754006338533,0.3138130935635015,0.16326414830990998,0.35374261803641255,0.9998327374991844
5,0.3333333333333333,P_ecstasy-d6-v2,confirmation,0.00727758670255696,0.003724309886913524,0.008175191272807976,0.06166625589717967,0.046456372795073975,0.07720700544413917,0.9851348990776867
5,0.3333333333333333,P_ecstasy-d6-v3,confirmation,-0.004982305953316057,-0.01640822184617008,0.017147977045867006,-0.22353759255837735,-0.11271298879483904,0.2503463064034711,0.6902396565477491
5,0.3333333333333333,P_ecstasy-d6-v4,discovery,0.01964022414249378,0.016251759059888293,0.02549231407518856,0.028784002865257285,0.02180256575158035,0.03610914973104634,0.9990749949962678
5,0.3333333333333333,P_loathing-d4-v1,confirmation,0.09625975665465525,0.06179400662714407,0.11438723707760831,0.30465254014704035,0.15857292801186684,0.3434509334916718,0.9958823563166846
5,0.3333333333333333,P_loathing-d4-v2,discovery,-0.04770485695985105,-0.047031179736888085,0.06699018767702716,-0.04791388760174886,-0.045542867291919364,0.06610516913436044,0.9998334036341568
5,0.3333333333333333,P_loathing-d4-v3,discovery,-0.10105880741080853,-0.06575468332999534,0.12056766123269894,-0.28540781198367204,-0.14239097741957796,0.3189558113466658,0.9935013766156229
5,0.3333333333333333,P_loathing-d4-v4,discovery,-0.051281928561085266,-0.021927688945578616,0.055773288762975985,-0.028481332612772192,-0.004312247834541871,0.028805933221922736,0.9679657127729129
5,0.3333333333333333,P_loathing-d5-v1,discovery,0.017472372181707385,-0.011963546234405875,0.021175699000478568,-0.1231004809444971,-0.08346755304409115,0.1487298249173133,-0.3658691391096033
5,0.3333333333333333,P_loathing-d5-v2,confirmation,-0.0030020767204623766,0.005775433421540299,0.006509077956376527,-0.07498602006517441,-0.013260289582170515,0.07614944835662146,0.2996591570389494
5,0.3333333333333333,P_loathing-d5-v3,discovery,-0.051146166202106436,-0.039665804053696796,0.06472485093377786,-0.12240071174526701,-0.05954385691573538,0.13611541107512226,0.9786757633608738
5,0.3333333333333333,P_loathing-d5-v4,discovery,-0.059704499748053586,-0.02724467040688694,0.06562697125226206,-0.014405581720654315,-0.009808398305283017,0.017427721079519506,0.9856400183279503
5,0.3333333333333333,P_loathing-d6-v1,discovery,0.031676110444714745,0.022847558873900553,0.0390562020606474,0.07473888761291425,0.036927364031054566,0.08336385029434432,0.986259302305503
5,0.3333333333333333,P_loathing-d6-v2,confirmation,-0.11785904272270731,-0.06381765785613336,0.13402778594662917,-0.07423303631056255,-0.02467707608427805,0.07822724438425878,0.9846673983230598
5,0.3333333333333333,P_loathing-d6-v3,discovery,-0.0014152081851781517,-0.02056244880610336,0.020611092040719647,0.005791378752718845,0.0030559530789755485,0.006548199529515226,-0.526311261884986
5,0.3333333333333333,P_loathing-d6-v4,confirmation,-0.10488855809986752,-0.050281099035146326,0.11631766220334501,-0.14300352055238896,-0.06544003932438658,0.15726539872824788,0.99984073720465
5,0.3333333333333333,P_amazement-d4-v1,confirmation,0.022348855063316186,-0.00223880586659142,0.022460711795252566,0.06538756578840799,0.01731880608580383,0.06764225605323243,0.9363326110191141
5,0.3333333333333333,P_amazement-d4-v2,confirmation,-0.004984908203367944,0.005798650891542856,0.0076468073048819385,0.03676724139949972,0.024032010542735183,0.043924566826039624,-0.13078400319096406
5,0.3333333333333333,P_amazement-d4-v3,discovery,0.04598274659299939,0.024361449637429367,0.052037421272320986,0.01131621421124196,0.015615196688842037,0.019284477480759954,0.8976048251577378
5,0.3333333333333333,P_amazement-d4-v4,discovery,-0.1544407974575348,-0.09309594019213652,0.18032973686992712,-0.34637594988374376,-0.17998446713589455,0.39034690605672495,0.9980004057422893
5,0.3333333333333333,P_amazement-d5-v1,discovery,0.01936310644574668,-0.020022680058071174,0.0278538616342007,-0.0415835770528048,-0.035259707556420494,0.05452009590482073,-0.06531917460790108
5,0.3333333333333333,P_amazement-d5-v2,confirmation,-0.01596241096109363,-0.007672449826176653,0.0177105914646022,-0.15155478351771334,-0.0693736523421502,0.16667800108709752,0.9998237178511054
5,0.3333333333333333,P_amazement-d5-v3,discovery,-0.09306580298772271,-0.043018192108295494,0.10252711123413082,-0.20038802930263167,-0.06978114338175256,0.2121904103852412,0.9952131910295183
5,0.3333333333333333,P_amazement-d5-v4,confirmation,0.04494834073274312,0.02488058734209364,0.05137506166530922,0.1759917356936338,0.08196979746180011,0.19414463352971253,0.9975738073769905
5,0.3333333333333333,P_amazement-d6-v1,confirmation,-0.11397711124627286,-0.05969869138720707,0.12866512985805537,-0.18004595930505252,-0.07848880440623374,0.19641038638319674,0.9974528037230078
5,0.3333333333333333,P_amazement-d6-v2,discovery,0.03203294215005048,0.007898290813435516,0.03299230789990419,0.2231761764836353,0.09743022943178437,0.24351643754988053,0.9856055497998469
5,0.3333333333333333,P_amazement-d6-v3,discovery,0.021251545974834585,0.015017428878743466,0.026022132434691557,0.02428276839953769,0.004027437446229243,0.02461448950372272,0.9000917523306751
5,0.3333333333333333,P_amazement-d6-v4,confirmation,-0.011134159773965813,-0.006355150671518928,0.01282019710963548,-0.06209907018351357,-0.029364410819829878,0.06869179820366247,0.9970406053248748
5,0.3333333333333333,P_admiration-d4-v1,discovery,0.00815282709515941,-0.004715660876661865,0.00941838877660318,0.08946550978975498,0.0592824732274182,0.10732422407779289,0.4450250574299126
5,0.3333333333333333,P_admiration-d4-v2,discovery,0.008795464693208466,-0.0029568028223039278,0.00927916386855309,-0.13888358680970825,-0.06676913105738258,0.1540998622559011,-0.7162107333039842
5,0.3333333333333333,P_admiration-d4-v3,discovery,-0.07918190529990898,-0.06296717927445084,0.10116639655886032,-0.18145085647554993,-0.10696336702086473,0.2106313727822872,0.9903321265688649
5,0.3333333333333333,P_admiration-d4-v4,discovery,0.04112155412220897,0.027615568640140253,0.04953384544676558,0.04354033143110536,0.027814723781230732,0.05166642352782573,0.9997377622005319
5,0.3333333333333333,P_admiration-d5-v1,confirmation,0.05024910926780102,0.026230996323990396,0.056683667403905715,0.2323474053079626,0.08707829515343901,0.24812889037790842,0.992502240919834
5,0.3333333333333333,P_admiration-d5-v2,discovery,0.015287765412579368,-0.006530302430415524,0.01662409760386256,-0.06261069192487856,-0.01920802627086715,0.06549081627628697,-0.763960410845698
5,0.3333333333333333,P_admiration-d5-v3,confirmation,0.07406415099417885,0.038019508880542396,0.08325251658662436,-0.05763485555166392,-0.017110311722190463,0.060121039093579326,-0.9828128678395289
5,0.3333333333333333,P_admiration-d5-v4,discovery,-0.07021399930366279,-0.047656982119080205,0.0848598470592134,-0.1277362287201722,-0.07450806347168148,0.14787831365670986,0.9976707054100558
5,0.3333333333333333,P_admiration-d6-v1,confirmation,-0.09212882044844495,-0.041268197886415336,0.10094941165759284,-0.1379604451122085,-0.06521616105954386,0.1525982702356192,0.9997910324541174
5,0.3333333333333333,P_admiration-d6-v2,confirmation,0.012223869345870497,0.006872902190718122,0.014023543286491127,0.074945223354411,0.024906989094645393,0.07897559502405371,0.9817485918725442
5,0.3333333333333333,P_admiration-d6-v3,confirmation,-0.07020723737773427,-0.04103298271221867,0.08131888987483021,0.025370869426984743,8.417821085870969e-05,0.025371009074380398,-0.8650264897016533
5,0.3333333333333333,P_admiration-d6-v4,confirmation,0.06310454078112482,0.019401296663975387,0.06601964389058931,-0.024386385917854803,-0.012731530114908907,0.027509774212111943,-0.9833246000251237
5,0.3333333333333333,P_vigilance-d4-v1,discovery,-0.11723882279037046,-0.046770577048108386,0.12622372378711116,-0.242312557276664,-0.10133044490397713,0.2626465961675394,0.9998639890908088
5,0.3333333333333333,P_vigilance-d4-v2,confirmation,0.06988003534300624,0.04428770200977894,0.08273221796160658,0.1354463648996571,0.07284748385723194,0.15379360737319592,0.9974502811392892
5,0.3333333333333333,P_vigilance-d4-v3,discovery,0.041784794113747914,0.015997317261922106,0.044742409174148116,0.09849893776482155,0.038092497954960614,0.10560813955963275,0.9999942896595538
5,0.3333333333333333,P_vigilance-d4-v4,discovery,-0.04303836082581469,-0.024288350625035093,0.04941886763835917,-0.08790780695849154,-0.04037029593841002,0.09673439573598533,0.9965341562222237
5,0.3333333333333333,P_vigilance-d5-v1,discovery,-0.034776874824721915,-0.00787636113463197,0.03565765117471309,-0.0272867759942228,-0.004086575683766025,0.02759108995632542,0.9972583549060718
5,0.3333333333333333,P_vigilance-d5-v2,confirmation,-0.030408567995696245,-0.026636766445395033,0.040425219037321304,-0.06690849890482209,-0.03459961156633895,0.07532516409698763,0.9708302826973751
5,0.3333333333333333,P_vigilance-d5-v3,confirmation,0.03918926955025803,0.00806703634821826,0.04001094754346935,-0.06011839685121334,-0.023527347265768217,0.06455817306371076,-0.9855822045220148
5,0.3333333333333333,P_vigilance-d5-v4,confirmation,0.007696875717854823,-0.008275426184470192,0.011301529734983582,-0.001272895246946959,0.0028542925405590225,0.0031252597038951883,-0.9461381619065589
5,0.3333333333333333,P_vigilance-d6-v1,discovery,-0.010939695267520477,-0.011227548138662335,0.0156759296296006,0.043878617234307526,0.02854625742060435,0.052347128508813914,-0.9755459796970578
5,0.3333333333333333,P_vigilance-d6-v2,discovery,0.01840561725266987,0.012635530889909319,0.022325397808810293,0.06913112321140824,0.035431363610172184,0.0776820038602709,0.9918199241664712
5,0.3333333333333333,P_vigilance-d6-v3,discovery,-0.0016844157261708403,-0.007023445691227259,0.007222606573543265,-0.1327350011655568,-0.042657794155456674,0.13942118898011766,0.5195568332571169
5,0.3333333333333333,P_vigilance-d6-v4,discovery,-0.2072913795245963,-0.09079534242291931,0.22630402168522193,-0.15308875161820668,-0.06518073676120872,0.16638718194847513,0.999946815720533
6,0.4,P_rage-d1-v1,discovery,0.17813948910980582,0.09198928529599915,0.20048866848171581,0.22077392784180572,0.14526569759498775,0.2642787356418546,0.994461640054131
6,0.4,P_rage-d1-v2,confirmation,0.02172837153741325,-0.0020453723454281203,0.02182442846214563,-0.06020382035072247,-0.06198404133605351,0.08640903520565228,-0.6264360552721346
6,0.4,P_rage-d1-v3,discovery,-0.46385000393462583,-0.2682666565074552,0.5358393650562091,-0.4094174182474797,-0.2229427960169681,0.46618248858177325,0.9996695776978591
6,0.4,P_rage-d1-v4,discovery,-0.0906134520676849,-0.13212553727256982,0.1602122195563992,-0.5839764427155458,-0.3238565994008131,0.6677661137121005,0.8945785171099355
6,0.4,P_rage-d2-v1,discovery,-0.13628371954226814,-0.08364044052821207,0.15990301905851867,-0.4184290183707531,-0.182783273649203,0.45660986469921067,0.9904105222000121
6,0.4,P_rage-d2-v2,discovery,-0.02396094974110241,-0.012642595824329028,0.027091739362266453,-0.07824142029448966,-0.02341219617466983,0.08166915439393384,0.9810943963874486
6,0.4,P_rage-d2-v3,confirmation,-0.1519444469267932,-0.11273231231756142,0.18919748727811714,-0.20645737885491222,-0.11310506979377832,0.23540901872421163,0.9906116335183284
6,0.4,P_rage-d2-v4,discovery,-0.0910488526470079,-0.08715624679991407,0.12604009252846526,-0.1578867670950288,-0.07792192190345837,0.17606833087426182,0.9538170166826976
6,0.4,P_rage-d3-v1,discovery,-0.15371592850316507,-0.08471159002598139,0.17551250713359462,-0.26912259263195315,-0.10402007983064543,0.28852581664890586,0.9909211119316828
6,0.4,P_rage-d3-v2,discovery,-0.08947725793982908,-0.06455190076935136,0.11033189738859243,-0.14811599522194108,-0.0782664751946367,0.16752310043686142,0.990376166436119
6,0.4,P_rage-d3-v3,confirmation,-0.13823945893535505,-0.11481502054936055,0.1797015218368776,-0.5896416483259332,-0.31444335884944064,0.6682453885849431,0.979429936723046
6,0.4,P_rage-d3-v4,confirmation,0.16252037976728761,0.07204817695947696,0.1777746147313713,0.15291520144444792,0.06611733500074068,0.16659700123470486,0.9999578735649131
6,0.4,P_grief-d1-v1,discovery,-0.03205432808426245,-0.002895725357373813,0.0321848593950459,-0.27561773999437467,-0.12497386169416957,0.3026278320088226,0.9442093563642877
6,0.4,P_grief-d1-v2,discovery,0.0589476057898608,0.029452429763623833,0.06589587124652065,0.18841341687813085,0.0776377894500313,0.20378233979022742,0.9973732222933188
6,0.4,P_grief-d1-v3,confirmation,-0.013392484177320974,-0.011129280487314652,0.01741319949363457,-0.03116221704057187,-0.021384740090253818,0.03779405878721438,0.9957770085357585
6,0.4,P_grief-d1-v4,confirmation,-0.2581428610655152,-0.20695676050641154,0.3308607523391043,-0.7125983896745325,-0.3825417586254498,0.8087859185587919,0.9832817555664138
6,0.4,P_grief-d2-v1,confirmation,-0.18300117373044156,-0.09844758118387276,0.2078012411600914,-0.694912054212669,-0.27318792738203257,0.7466822662668252,0.9929293706825939
6,0.4,P_grief-d2-v2,confirmation,0.08914086249600928,0.02880672793459471,0.0936798854655053,0.16982748176660944,0.06279904057980223,0.18106654318490678,0.9991339643504159
6,0.4,P_grief-d2-v3,confirmation,0.04079383027750261,0.011661272020829117,0.042427842908324485,0.022017340358836623,0.0012689374282337518,0.022053876726635353,0.975708682873545
6,0.4,P_grief-d2-v4,confirmation,-0.21797318227330198,-0.17956227944510683,0.2824091365198243,-0.17596188848838024,-0.12817021402002382,0.21769287990730396,0.9982278400399474
6,0.4,P_grief-d3-v1,discovery,0.08652560655325559,0.030204341206920837,0.09164596454374235,-0.01411485711405902,-0.03616387830591128,0.03882080995387736,-0.650295640406618
6,0.4,P_grief-d3-v2,confirmation,-0.03580364219517573,-0.02591906891554352,0.04420066660005098,-0.05484912198627434,-0.04426853378092277,0.07048495772700657,0.9986247391332888
6,0.4,P_grief-d3-v3,confirmation,-0.03699895758421512,-0.019909691371187144,0.04201569555314387,-0.17549470229842123,-0.07035945931082477,0.18907364715719402,0.9936928189688488
6,0.4,P_grief-d3-v4,confirmation,-0.05384614748565397,-0.030170349703246835,0.06172242380418162,-0.29631965658936243,-0.1216008819321317,0.3203000364781589,0.9926513011331817
6,0.4,P_terror-d1-v1,discovery,0.29307183026494465,0.16067478015083214,0.3342266935350358,0.23904111549787288,0.11519588775369005,0.2653502354508625,0.9986261743463776
6,0.4,P_terror-d1-v2,discovery,0.13412861067204318,0.06728990780891753,0.15006137375669049,0.2474804960755015,0.11833383876713022,0.2743164109839976,0.9998200074247033
6,0.4,P_terror-d1-v3,confirmation,0.19710699805474619,0.10466014441609417,0.22317014699854323,0.11807202450599297,0.06008075922695877,0.132479057213703,0.9998482200437997
6,0.4,P_terror-d1-v4,discovery,-0.16307539323044473,-0.11753859800544753,0.20101966545179198,-0.3264561018335619,-0.18194625435477896,0.37373523502353756,0.9932719332835124
6,0.4,P_terror-d2-v1,discovery,-0.05306855425120727,-0.035971333825269625,0.06411090630682362,-0.21944238370445124,-0.11197772684703011,0.24636146426687697,0.9923404446843274
6,0.4,P_terror-d2-v2,discovery,0.17741470043832042,0.0681047229494256,0.19003744162568856,0.2123564801448592,0.097472178350408,0.23365808398574128,0.9979662210334529
6,0.4,P_terror-d2-v3,confirmation,0.1028568915676864,0.03006063845143281,0.10715961052128997,-0.03772486681495568,-0.034606699019174236,0.051193644070429874,-0.8969485610822229
6,0.4,P_terror-d2-v4,confirmation,-0.12439934453607737,-0.12500282630835358,0.17635448252336003,-0.32529389547982923,-0.20210910065787502,0.38296763179827237,0.9732372771116381
6,0.4,P_terror-d3-v1,discovery,0.06408722669905309,0.044298220740842886,0.07790702783947201,-0.055080979372009065,0.0009538579787764512,0.05508923791107809,-0.8126430581111095
6,0.4,P_terror-d3-v2,discovery,0.18877858275765735,0.06151237680058674,0.1985475404220537,0.4884974347732127,0.20313493772802316,0.5290496637422399,0.9968741571729116
6,0.4,P_terror-d3-v3,confirmation,-0.017651277197877846,0.00015719578973882875,0.01765197714797507,0.0499337170387788,0.037222457592613445,0.062280714884647356,-0.7963983832246694
6,0.4,P_terror-d3-v4,confirmation,0.20987969562320963,0.09589303051126308,0.23074869433113843,0.3998516028831931,0.19440412826960962,0.44460574604533126,0.9997128272699588
6,0.4,P_ecstasy-d1-v1,confirmation,0.150293408579937,0.08321177230566157,0.17179146577413312,0.13003508104695038,0.0879186925069666,0.1569675724314468,0.9960541131427907
6,0.4,P_ecstasy-d1-v2,discovery,0.14005570909506027,0.041808114946912056,0.14616264955704092,0.3220166108289937,0.10224625484677397,0.33785942976330113,0.9998493090244306
6,0.4,P_ecstasy-d1-v3,discovery,0.05130322217632033,0.011095029110873789,0.052489239627222864,0.02758173001128572,-0.017418255319352927,0.03262127294857799,0.7135431682714061
6,0.4,P_ecstasy-d1-v4,discovery,0.006267158604073231,-0.05416590085525552,0.05452726008548366,-0.2206360061517243,-0.1856026612133972,0.28832029942423204,0.5515170947811784
6,0.4,P_ecstasy-d2-v1,confirmation,0.19637792501587947,0.11236107223788672,0.22625052483472824,-0.012929483255097907,0.004134083534301336,0.01357432075326197,-0.6754874086588661
6,0.4,P_ecstasy-d2-v2,confirmation,-0.2429426327088846,-0.15969504689456038,0.2907294804284214,-0.49983849444339556,-0.2194615852187325,0.5458955100696097,0.9859558985695279
6,0.4,P_ecstasy-d2-v3,confirmation,-0.006244993437602098,-0.008113328445173984,0.01023845894141118,-0.1740297980501655,-0.06831785016534475,0.18695908445592016,0.8573416201432781
6,0.4,P_ecstasy-d2-v4,confirmation,-0.16096720359897176,-0.12760569900003293,0.20541094189881862,-0.2822576317895571,-0.1650937162262318,0.32699435138980115,0.9900682645144394
6,0.4,P_ecstasy-d3-v1,confirmation,0.08845482321220999,0.00829382009247226,0.08884280050307745,-0.18913253739769953,-0.11462180953895285,0.22115441647065562,-0.899855348654587
6,0.4,P_ecstasy-d3-v2,discovery,-0.04117129999071878,-0.03106332991795302,0.05157524996078405,-0.16985565806570024,-0.09149551864098004,0.19293100971153912,0.9884295542403868
6,0.4,P_ecstasy-d3-v3,discovery,-0.10733077754163656,-0.08993348855792593,0.14002831203685515,-0.2796681614058798,-0.1647912403988716,0.3246081228440594,0.9864242812764827
6,0.4,P_ecstasy-d3-v4,confirmation,-0.2098734386710328,-0.12116734588324984,0.24233940242559582,-0.3033577415403088,-0.12084345694594134,0.32654105475281725,0.9895777639821658
6,0.4,P_loathing-d1-v1,discovery,-0.04469792004801221,-0.06191110923677012,0.07636026128521153,-0.16682516511689105,-0.08243849159150507,0.18608261770557888,0.8839690238316482
6,0.4,P_loathing-d1-v2,confirmation,-0.03198903900951677,-0.044379342211777306,0.05470671468752647,-0.138973151200382,-0.07564732443314348,0.1582278561077584,0.901418936306819
6,0.4,P_loathing-d1-v3,discovery,-0.047953592142417456,-0.03759936674454423,0.060936519255304196,-0.229826683130272,-0.11553518568362708,0.2572327417138274,0.9802356820192706
6,0.4,P_loathing-d1-v4,discovery,-0.09288362398581462,-0.0851736569803423,0.12602348768441227,-0.42917094326305527,-0.1983423571106342,0.47278683269048744,0.95257397316617
6,0.4,P_loathing-d2-v1,discovery,0.007696610754480027,-0.007283677375552244,0.010596686898135154,0.1176004848625003,0.042867210188302085,0.12516977170716273,0.44700014039028063
6,0.4,P_loathing-d2-v2,confirmation,0.2559908955196004,0.14358651977474146,0.2935105232354527,0.3197390491652685,0.16490672462759992,0.35976004140053275,0.9993873688006698
6,0.4,P_loathing-d2-v3,discovery,-0.004079999221019648,-0.035991658048629915,0.036222173357392945,-0.09993666475400254,-0.0659877620363325,0.11975692756879469,0.6415036272142409
6,0.4,P_loathing-d2-v4,discovery,-0.21519160186144504,-0.1718311949267468,0.27537862128649043,-0.4547952429745443,-0.2524021493366142,0.5201399408063346,0.9860597329824505
6,0.4,P_loathing-d3-v1,discovery,0.0617288163016374,-0.025661254766000674,0.06685018143705286,0.05973816394049791,0.011065472821687017,0.06075436543779631,0.8380308302963312
6,0.4,P_loathing-d3-v2,confirmation,-0.2376016672236294,-0.132680715128366,0.2721373264262419,-0.4764914627968424,-0.19924004777306514,0.5164694673984978,0.9935956025005855
6,0.4,P_loathing-d3-v3,confirmation,-0.11355601996773412,-0.07279991515286888,0.1348880918286612,-0.1885888456562319,-0.11245992429035034,0.21957455972252657,0.9994759366231571
6,0.4,P_loathing-d3-v4,confirmation,-0.06428677774503111,-0.0581392105860834,0.08667731883492924,-0.3867938007399552,-0.1653044488824218,0.42063642865446327,0.9456044905588068
6,0.4,P_amazement-d1-v1,confirmation,0.018777704722938715,-0.021799432284962172,0.028771816811048376,-0.033831046866727554,-0.03948532491700618,0.05199644810850319,0.15072419311459104
6,0.4,P_amazement-d1-v2,confirmation,-0.10148910762627583,-0.05842625816639302,0.11710536541979538,-0.1557632801953126,-0.060646658369885476,0.1671532728624751,0.9886121760823545
6,0.4,P_amazement-d1-v3,discovery,-0.22707375347861447,-0.14036997542879792,0.2669573365179311,-0.2846654534044295,-0.14908851741964702,0.3213437511269479,0.9974649739686862
6,0.4,P_amazement-d1-v4,confirmation,-0.10113324455331352,-0.10949552593543999,0.1490543637528232,-0.033750684320591695,-0.05454243613768828,0.06414036195674326,0.9817024512579997
6,0.4,P_amazement-d2-v1,confirmation,0.03543357919666956,-0.004095411462381904,0.035669467752306915,0.08979900024106291,0.04479988381428068,0.10035382421247067,0.8376503675408796
6,0.4,P_amazement-d2-v2,confirmation,-0.046488059357475464,-0.03062190998264036,0.0556672348317131,-0.08534195943241984,-0.048771713668787964,0.09829511734544617,0.9979984202913483
6,0.4,P_amazement-d2-v3,discovery,0.11719369628088305,0.054576355867467896,0.12927854063126007,0.36035422549921625,0.15744667710770166,0.39324880669545187,0.9997143452256635
6,0.4,P_amazement-d2-v4,discovery,-0.18586282094462536,-0.13435080019402612,0.2293362721469698,-0.36167655489109407,-0.17518847265274395,0.40187178466308354,0.9847571272085099
6,0.4,P_amazement-d3-v1,discovery,-0.037165549592966585,-0.038156736828899085,0.053265510811191165,-0.1761800992820266,-0.10792908274239466,0.20661102169206613,0.9691792512936184
6,0.4,P_amazement-d3-v2,confirmation,-0.11154426393540628,-0.06069442157714722,0.12698793496815378,-0.34647105294096336,-0.17201795769881212,0.386823432972836,0.9992972599678335
6,0.4,P_amazement-d3-v3,discovery,-0.07412454246777589,-0.03521921249175186,0.08206607535758172,-0.12059745972308278,-0.02801204154236636,0.1238080036307501,0.9769061715854392
6,0.4,P_amazement-d3-v4,confirmation,-0.017638920108030476,-0.040604811700583276,0.044270557211506904,-0.12374667172310971,-0.06196095451508299,0.13839219142338655,0.7669170982228296
6,0.4,P_admiration-d1-v1,confirmation,-0.11274061420704218,-0.09128277867916967,0.1450620273371753,-0.3282450072042886,-0.17116007888529783,0.3701898936472535,0.9800749486449273
6,0.4,P_admiration-d1-v2,confirmation,-0.11055577714114406,-0.08942796635744443,0.14219683901588856,-0.4154022150390264,-0.1928760728214014,0.45799582937657424,0.9700282103989231
6,0.4,P_admiration-d1-v3,confirmation,-0.07253191555604221,-0.07675417075617652,0.1056034161506963,-0.39042794788943036,-0.17754270259313065,0.428900214195825,0.926088496682344
6,0.4,P_admiration-d1-v4,discovery,-0.11350787881019997,-0.12547726825511685,0.16919983274447287,-0.43555244019725237,-0.25664124665938726,0.5055399664207229,0.954452588203984
6,0.4,P_admiration-d2-v1,confirmation,-0.09905739377872802,-0.04148260042423857,0.10739261334091384,-0.3946972274857683,-0.1556157860706442,0.4242666310933925,0.9997788538035965
6,0.4,P_admiration-d2-v2,confirmation,-0.11048350844782462,-0.051300901136102084,0.12181292253417392,-0.42542992507002,-0.15974381948042904,0.45443229309466854,0.9971505548336949
6,0.4,P_admiration-d2-v3,confirmation,-0.08802244531056225,-0.08226097338193306,0.12047746104642984,-0.32380255071403363,-0.16528215551516734,0.3635468096141875,0.961162911214271
6,0.4,P_admiration-d2-v4,discovery,-0.10574995375986518,-0.13410050588244626,0.17078055626487937,-0.33834950610298176,-0.20177065104738467,0.393943884207151,0.9340056540915218
6,0.4,P_admiration-d3-v1,discovery,-0.024214588301898488,-0.04304279541024325,0.04938652167705777,-0.06775916244143954,-0.023279444117664916,0.07164660922327638,0.7468883918927594
6,0.4,P_admiration-d3-v2,discovery,-0.15025043770329294,-0.08942468430887907,0.1748484149020911,-0.21395454097680755,-0.08545949009653153,0.23039069002925355,0.9877245954931632
6,0.4,P_admiration-d3-v3,discovery,-0.158574396851769,-0.0891809415905973,0.18193152470060778,-0.43338407186492045,-0.19997515109848507,0.4772963595116565,0.9968024006950706
6,0.4,P_admiration-d3-v4,discovery,-0.03758282922248046,-0.021128606248023374,0.04311481247031168,-0.13160388895915132,-0.058807157409932476,0.1441452925065859,0.9957782214644365
6,0.4,P_vigilance-d1-v1,discovery,-0.04385275213344997,-0.04473822191837851,0.06264640747956648,-0.2865367168943411,-0.12920311354655123,0.3143194786816605,0.9316821950316209
6,0.4,P_vigilance-d1-v2,discovery,-0.03851695124510357,-0.02233004924910098,0.04452175460025089,-0.21476762461288113,-0.11372244270685927,0.2430183667072806,0.9992622453447761
6,0.4,P_vigilance-d1-v3,discovery,0.05604131119417577,0.04817623650166514,0.07390249200011338,-0.10788635159378224,-0.047392637056566045,0.11783686565499184,-0.9564621662450565
6,0.4,P_vigilance-d1-v4,confirmation,-0.2055543093296599,-0.16659968287784643,0.2645903029572182,-0.3110061801737469,-0.19951133379623265,0.3694991426504491,0.9938761403198391
6,0.4,P_vigilance-d2-v1,discovery,-0.09229265908078332,-0.07681321678480213,0.12007583101120184,-0.23616777207831952,-0.0992240393616739,0.25616523291751375,0.9564038863633172
6,0.4,P_vigilance-d2-v2,discovery,0.07514975273918356,0.009638167320830782,0.07576529288575844,-0.12896289179999387,-0.07615798435484367,0.14977137924987383,-0.9187555119110193
6,0.4,P_vigilance-d2-v3,confirmation,-0.01707631599558379,-0.024740405217022143,0.03006140745679562,-0.1425467832869769,-0.07600970802544094,0.1615458484133131,0.8884724639336437
6,0.4,P_vigilance-d2-v4,confirmation,-0.14026285849073616,-0.12102736145205562,0.18526006502222434,-0.3616039484341975,-0.2360206017729567,0.43181377928971926,0.9910835765045564
6,0.4,P_vigilance-d3-v1,discovery,-0.11256298236752826,-0.10227656058460433,0.1520885263407096,-0.547294393341009,-0.21425552763618327,0.5877385337930144,0.9343327851616017
6,0.4,P_vigilance-d3-v2,confirmation,-0.04917223726544595,-0.038869090729583,0.06267946339778178,0.01754386919220252,-0.009881143187278951,0.02013515177297211,-0.3792213163849057
6,0.4,P_vigilance-d3-v3,discovery,0.06640386465076631,0.0581514057648187,0.08826697702415033,0.05934605049775232,0.042062395556118126,0.07274062709106319,0.9947355778451837
6,0.4,P_vigilance-d3-v4,confirmation,0.040102644040826974,0.01969910729344626,0.044679714493537026,0.11146035666440968,0.07141172842801691,0.1323746428317533,0.9935989199980498
6,0.4,P_rage-d4-v1,confirmation,0.1003448196263017,0.04207669012063153,0.10880960746801117,0.12249379399976323,0.05384431784810495,0.1338056057606862,0.9998539013851692
6,0.4,P_rage-d4-v2,confirmation,-0.021252477329109176,0.0010505443339337006,0.02127842654008655,-0.23892483966251854,-0.0970322598558071,0.25787659541045027,0.9068013958136052
6,0.4,P_rage-d4-v3,discovery,0.19150921882442518,0.1138569831290992,0.22279854914698513,0.5096242744607147,0.25819033558261006,0.5712960270366587,0.9977262912298914
6,0.4,P_rage-d4-v4,confirmation,0.013303668260947532,0.003935871992098328,0.013873668495950406,-0.1745123923107723,-0.08122913662115794,0.1924909029181578,-0.9890687451322573
6,0.4,P_rage-d5-v1,confirmation,-0.058888902126677856,-0.04109999957298793,0.07181304031013484,-0.07375494779236114,-0.03727772414924413,0.08264031123852969,0.9900264322703254
6,0.4,P_rage-d5-v2,discovery,0.15665247842338115,0.08117784642137593,0.17643650910681835,0.11110419730018206,0.06206530799750265,0.12726446917558196,0.9995090979245635
6,0.4,P_rage-d5-v3,confirmation,-0.07376998099213328,-0.023730433119352412,0.07749286129452031,-0.09407897677490373,-0.03333985879090928,0.09981182322355728,0.9995694528163092
6,0.4,P_rage-d5-v4,discovery,0.0047233286243058,-0.0029708825066734335,0.005579962021523511,0.12169351224940961,0.061506798008310604,0.13635394062817668,0.5153040380696126
6,0.4,P_rage-d6-v1,discovery,0.08951134468293986,0.048998843813482296,0.10204492893821868,0.21873073138771515,0.11618399288815207,0.2476728750930125,0.9999209564557882
6,0.4,P_rage-d6-v2,confirmation,0.016905606826693287,0.007138232797964328,0.018350855828998064,0.0744765851817295,0.0327119501755071,0.0813439206371089,0.999897384246091
6,0.4,P_rage-d6-v3,discovery,-0.0445345245386104,-0.019878720306855335,0.04876973853649694,-0.14733211030176907,-0.08130082238750003,0.16827529363176424,0.9964394784438005
6,0.4,P_rage-d6-v4,discovery,0.07297109852576522,0.04782187957837536,0.08724513388416325,0.12317421978639898,0.07255035630023787,0.14295258871136116,0.998856213512577
6,0.4,P_grief-d4-v1,discovery,0.022682881871427085,0.017208497745862417,0.028471837395266,0.04741069127585895,0.021335705650635806,0.05199024892097922,0.9745373013530142
6,0.4,P_grief-d4-v2,confirmation,0.030449980955940426,0.017509795709198528,0.03512540798332458,0.08951658151312447,0.04649207681560785,0.10086987445429006,0.9990825751136245
6,0.4,P_grief-d4-v3,confirmation,0.37708321640111997,0.21642959651305826,0.43477985502805794,0.5039538845468403,0.27809589042677185,0.5755926007360668,0.9998588068459823
6,0.4,P_grief-d4-v4,confirmation,-0.006599651941108675,0.0031486779134830556,0.007312289542040545,0.043522211061156835,0.026215647480095416,0.05080790320858081,-0.5509411550395826
6,0.4,P_grief-d5-v1,confirmation,0.08449541033674102,0.0553640135567548,0.1010180595987013,0.2631007946750632,0.13301730756750274,0.29481457269130606,0.9937406158895545
6,0.4,P_grief-d5-v2,confirmation,0.04632965379971132,0.026324846497148613,0.053286343131233385,-0.11257161593135434,-0.034622450951108164,0.11777556123092023,-0.9762590299126869
6,0.4,P_grief-d5-v3,confirmation,-0.07851368229902089,-0.045272240107034456,0.0906309772233565,-0.183900277234196,-0.08454797920851931,0.20240472513026558,0.9957602981246662
6,0.4,P_grief-d5-v4,discovery,-0.043274301105244106,-0.032496034376492844,0.054117071117582995,-0.09933636196633078,-0.042737265671928704,0.10813966287083987,0.9718569970344894
6,0.4,P_grief-d6-v1,confirmation,0.1345161037383873,0.07151451275862097,0.15234470026902652,0.20113801453015068,0.07816928559207215,0.21579373971249963,0.9930496739224421
6,0.4,P_grief-d6-v2,confirmation,0.058867022654816914,0.031271934109451394,0.06665778438553592,0.09638387683625593,0.047089717669348996,0.10727205239094455,0.9994267646370563
6,0.4,P_grief-d6-v3,discovery,-0.1390599905108756,-0.09178795386580862,0.16662145550845672,-0.21344446102260983,-0.12328168152909269,0.24648917002958373,0.9982219242018112
6,0.4,P_grief-d6-v4,discovery,0.05992099014893082,0.024459755716345732,0.06472097581257233,0.08252584344040814,0.03910460929163584,0.09132187746319195,0.9984905390412344
6,0.4,P_terror-d4-v1,confirmation,-0.0006420917220024691,-0.005689279975344519,0.005725398537859197,0.0767975985363547,0.025399245210770083,0.08088876805977414,-0.41849701518005694
6,0.4,P_terror-d4-v2,confirmation,-0.19595930874867307,-0.1127211090517708,0.22606658114617248,-0.2663437245905902,-0.14931617622846005,0.3053429221584753,0.9999389616426038
6,0.4,P_terror-d4-v3,confirmation,-0.06662139525513666,-0.03487060843052081,0.07519554267412301,-0.1552357367901709,-0.08117233427672632,0.1751772868516915,0.9999999175089135
6,0.4,P_terror-d4-v4,discovery,-0.11415181075618008,-0.06858790335165299,0.13317258120608177,-0.2698314265924169,-0.12280090992790527,0.2964608949862028,0.9935142673373283
6,0.4,P_terror-d5-v1,confirmation,-0.05324124399817709,-0.025545023705968006,0.05905233525113038,-0.17445862806414958,-0.08375970843600555,0.19352390463017724,0.9999999673281057
6,0.4,P_terror-d5-v2,confirmation,-0.015773180057714775,0.010544821896671053,0.018973309620770026,-0.20167889646389048,-0.0811317883566991,0.21738616414309553,0.5638447218014403
6,0.4,P_terror-d5-v3,discovery,-0.1023114322890768,-0.059331244078774326,0.11827013866981573,-0.13047584638694776,-0.05942346101928031,0.14337047886472415,0.9951872095269438
6,0.4,P_terror-d5-v4,discovery,-0.020590481300569508,0.0013032377418342733,0.02063168313058447,-0.020087791385285936,-0.00033226429031563143,0.020090539124109807,0.9968218132616005
6,0.4,P_terror-d6-v1,discovery,-0.13023076110633625,-0.0809144894514926,0.15332059790364544,-0.07738806283223676,-0.044648416619464726,0.08934424086392764,0.9994669219457419
6,0.4,P_terror-d6-v2,confirmation,0.08368307455450452,0.04047424574619196,0.09295709513328124,0.194798351755038,0.09073204106939725,0.21489230121876937,0.9998934625236007
6,0.4,P_terror-d6-v3,discovery,0.015465820584750212,0.016290209415694257,0.02246246934704324,0.0942117274363885,0.060050597360315816,0.11172253053828993,0.9704070348548481
6,0.4,P_terror-d6-v4,discovery,0.03818930589938141,0.02940585432706122,0.048198831456591075,-0.06383888565272766,-0.008938897980407479,0.06446167247664437,-0.8692753164071726
6,0.4,P_ecstasy-d4-v1,confirmation,0.0295330488682799,-0.007672718441486204,0.030513465613373567,0.00021503149837887037,-0.010465385800273452,0.01046759468521113,0.27128300445569786
6,0.4,P_ecstasy-d4-v2,discovery,-0.0019577627775664297,0.004270461644651391,0.004697837561225727,0.14413771667336173,0.07048417648972816,0.1604484356522227,0.02495820757968729
6,0.4,P_ecstasy-d4-v3,confirmation,0.005099797033700781,0.015514308069372262,0.016331003785938346,-0.041987883092660994,-0.0225596365525913,0.047664657011122824,-0.7247152597142996
6,0.4,P_ecstasy-d4-v4,discovery,0.06632276849693408,0.03479484568261526,0.07489586709007995,0.36089669998681373,0.15426521710509,0.3924846306160953,0.9968643467676795
6,0.4,P_ecstasy-d5-v1,confirmation,0.04163030592277117,0.02501140148213299,0.04856596107691025,0.1431072427297182,0.0718677044765843,0.16013947005169005,0.9971433676670353
6,0.4,P_ecstasy-d5-v2,confirmation,-0.042504500444512594,-0.02017719011647401,0.047050521347099944,0.13698162834304362,0.0966889977822718,0.16766850865816124,-0.9853410604403707
6,0.4,P_ecstasy-d5-v3,discovery,-0.010660412176205725,-0.008612773140771246,0.013704898720566521,0.058868138862032904,0.022460641516219848,0.0630074455155875,-0.9507781117955315
6,0.4,P_ecstasy-d5-v4,confirmation,0.10099578666542453,0.06431106589263536,0.11973329578866035,0.12176567368939928,0.06526305696029588,0.1381526181179209,0.9971881861607858
6,0.4,P_ecstasy-d6-v1,confirmation,0.06525559260636271,0.042478369650862824,0.07786336914495111,0.33536117862198056,0.16995986203743074,0.37597004512395193,0.994176320188769
6,0.4,P_ecstasy-d6-v2,confirmation,-0.00929043568119603,-0.005103262175407686,0.010599786789241901,0.012339938606557244,0.022553438523826408,0.025708591444527237,-0.8430635033757267
6,0.4,P_ecstasy-d6-v3,confirmation,-0.039874592247827856,-0.02818469968279569,0.04882991299541621,-0.2063262898868543,-0.10090537888804985,0.22967897898374404,0.9871567138798553
6,0.4,P_ecstasy-d6-v4,discovery,0.02799263606280533,0.023590041378043658,0.03660707207579543,0.03618140924939439,0.03374839326837131,0.04947775685567013,0.9987319175401117
6,0.4,P_loathing-d4-v1,confirmation,0.0762454240863999,0.056477010217095724,0.09488423144641529,0.29261462766181756,0.15985895871945832,0.333433961984279,0.9905573571318257
6,0.4,P_loathing-d4-v2,discovery,-0.05601172895881934,-0.050347868798104045,0.07531415320819414,-0.005429369336231282,-0.02229082975239205,0.022942518223580757,0.8255148810990853
6,0.4,P_loathing-d4-v3,discovery,-0.11278082985934113,-0.06500712881940984,0.13017466105623243,-0.24509728534295006,-0.11708014097672148,0.271625548676137,0.9970178626716956
6,0.4,P_loathing-d4-v4,discovery,-0.07208804853689088,-0.03639105341704596,0.08075268113604296,-0.05030311374327345,-0.023241478618864164,0.05541272038674718,0.9993987239809066
6,0.4,P_loathing-d5-v1,discovery,0.014539749058398499,-0.006976666700367673,0.01612693960208257,-0.12207605148072753,-0.07124656559791553,0.1413458009798074,-0.5606078168435162
6,0.4,P_loathing-d5-v2,confirmation,-0.004490928933231331,0.006847242398514197,0.008188600072499863,-0.04086932551223432,0.0006894659960661187,0.04087514074819436,0.562463253873018
6,0.4,P_loathing-d5-v3,discovery,-0.08021770922684723,-0.045944025744870665,0.09244314130993359,-0.12704075806081327,-0.05842538288293797,0.13983161149641377,0.9960346852478252
6,0.4,P_loathing-d5-v4,discovery,-0.07192768091790924,-0.03735925762635617,0.08105125176467676,-0.07384833242470457,-0.03920398069140285,0.08360937928224058,0.9999595752017943
6,0.4,P_loathing-d6-v1,discovery,0.04277155120503906,0.028909525680370862,0.051625248353391,0.10330443276652002,0.05283348414869948,0.11603095654394707,0.9926136547549133
6,0.4,P_loathing-d6-v2,confirmation,-0.10848321178270393,-0.06002858004163425,0.12398402179517279,-0.0971973517519471,-0.04461287528993774,0.10694687386374262,0.9971813027432284
6,0.4,P_loathing-d6-v3,discovery,-0.01604604973420365,-0.03010342896712004,0.03411293226403997,0.02751369462252562,0.004559888531143308,0.027888993800387413,-0.6083344380023512
6,0.4,P_loathing-d6-v4,confirmation,-0.10245174518647016,-0.05300601330099752,0.11535162564012237,-0.11483206874176366,-0.05643300138743568,0.12794955121885912,0.9997862711187897
6,0.4,P_amazement-d4-v1,confirmation,-0.02058364347071695,-0.028276646000819916,0.03497506379672914,-0.030682650236731224,-0.03819877662213944,0.048995627978195046,0.9988730342761952
6,0.4,P_amazement-d4-v2,confirmation,-0.002161421096652738,0.014666518391375227,0.014824928427537291,0.03671134279008026,0.031901911992466836,0.0486359401906232,0.5388740583940891
6,0.4,P_amazement-d4-v3,discovery,0.029777481986812404,0.025832322976506283,0.039420899835461286,-0.008907615305684846,0.014815402890846041,0.01728704061579541,0.1723770644647172
6,0.4,P_amazement-d4-v4,discovery,-0.1282655748860968,-0.08297865628240597,0.15276621059414475,-0.3489734211228557,-0.18723486817890267,0.3960294742972561,0.9966587093987865
6,0.4,P_amazement-d5-v1,discovery,0.008802851972666836,-0.019201221497420207,0.02112290486286572,-0.0034829679798720203,-0.019897421360710155,0.020199961454281504,0.8235520954682712
6,0.4,P_amazement-d5-v2,confirmation,-0.0061991698540140305,-0.006861378509030125,0.009247065584448766,-0.12005457327907765,-0.06330097982652205,0.13572072285476222,0.9390863514282047
6,0.4,P_amazement-d5-v3,discovery,-0.08841969938062988,-0.04268631535598111,0.09818434069255254,-0.24632046013292008,-0.10090082225581032,0.2661855462116456,0.9981409400118363
6,0.4,P_amazement-d5-v4,confirmation,0.03809500317957859,0.024622823360980206,0.04535981368478199,0.15045765260815402,0.07789708647816296,0.1694268612414878,0.9953885340255102
6,0.4,P_amazement-d6-v1,confirmation,-0.14919862177221077,-0.08207016697435598,0.17028135848038645,-0.19741800113623187,-0.0856377088359408,0.21519220326790334,0.9956219470413913
6,0.4,P_amazement-d6-v2,discovery,0.040752374700296023,0.013391711948282925,0.04289631677217883,0.2266043649635887,0.09810324592183628,0.24692870444918225,0.9958559148064748
6,0.4,P_amazement-d6-v3,discovery,0.022163930493483974,0.009604713116439179,0.02415554447676739,-0.002270380008490225,-0.004209054683358637,0.004782339041771856,-0.7855549232629194
6,0.4,P_amazement-d6-v4,confirmation,-0.009104242037456522,-0.006814666029743677,0.01137219838789022,-0.06916928915968201,-0.03471245374254295,0.0773908586829471,0.9843013259332147
6,0.4,P_admiration-d4-v1,discovery,-0.03856602183300506,-0.02940721211924302,0.048498682091887575,0.013334812914531646,0.021084711579237858,0.0249475910228865,-0.937506873383717
6,0.4,P_admiration-d4-v2,discovery,-0.011755054833185064,-0.01505309397004062,0.01909913485480588,-0.16697873465164603,-0.07594491832075789,0.18343807795714445,0.8865541771784552
6,0.4,P_admiration-d4-v3,discovery,-0.06038599484246454,-0.047874901556843596,0.07706149863707311,-0.1479845219692848,-0.08001451990872077,0.1682312163027445,0.9847834368572972
6,0.4,P_admiration-d4-v4,discovery,0.045815488931640225,0.02849809667271508,0.05395554225482923,0.032659340696969075,0.02053995634510386,0.038581372985152726,0.9999877134956022
6,0.4,P_admiration-d5-v1,confirmation,0.06741161508241333,0.035804175957322215,0.07632997356217508,0.2530005445072372,0.09532336505642247,0.2703623854137969,0.991829922682914
6,0.4,P_admiration-d5-v2,discovery,0.050677284523164445,0.024638101809507873,0.056349119136127036,0.016817817773637778,0.029662134812315166,0.034098111916809205,0.8239310978437739
6,0.4,P_admiration-d5-v3,confirmation,0.09123618249612697,0.05149657485290415,0.10476611197351626,0.011720192678707386,0.009835888513110458,0.015300575782249649,0.9830555606597488
6,0.4,P_admiration-d5-v4,discovery,0.012263540467360556,-0.005150593022953842,0.013301241794760773,-0.05953384454864086,-0.043055672944525725,0.07347155653344838,-0.520160381728179
6,0.4,P_admiration-d6-v1,confirmation,-0.08436667652427943,-0.042922887035808266,0.09465785936329407,-0.1703761746362984,-0.08279301140976703,0.1894273571108362,0.9998326097070646
6,0.4,P_admiration-d6-v2,confirmation,-0.004570519093374692,9.742719966610025e-05,0.004571557376008464,0.05476465982047607,0.010036719830700314,0.055676778913766545,-0.9795524147707206
6,0.4,P_admiration-d6-v3,confirmation,-0.07026913715874628,-0.040774590958038814,0.08124234674620175,-0.038086178138859506,-0.027178768764890116,0.04678934105969335,0.9955831104221685
6,0.4,P_admiration-d6-v4,confirmation,0.007413589396996656,-0.009051139195366709,0.011699761898481728,-0.016360823142083092,-0.00505231119214633,0.01712315339733919,-0.3771810592848478
6,0.4,P_vigilance-d4-v1,discovery,-0.1069165493619817,-0.04211976544570106,0.11491398160656492,-0.2596460526397477,-0.11551126118822808,0.28418114665244365,0.9990623632672767
6,0.4,P_vigilance-d4-v2,confirmation,0.06499190614530015,0.040630960972206864,0.07664739300148767,0.20774625279463965,0.11149531593105344,0.23577470395438893,0.9978126019369636
6,0.4,P_vigilance-d4-v3,discovery,0.05321537316254066,0.01775749679466543,0.056099952167903006,0.13596249289666495,0.051729860513559434,0.14547088349022969,0.9991395594240735
6,0.4,P_vigilance-d4-v4,discovery,-0.042805404589715934,-0.026311312373548112,0.05024527660295742,-0.090767733391238,-0.0381375591471107,0.09845432871480171,0.988262021322171
6,0.4,P_vigilance-d5-v1,discovery,-0.034693711611724964,-0.008755758731724406,0.03578151668621256,-0.0367925610156048,-0.006914524782523301,0.03743665582093479,0.9981128504956274
6,0.4,P_vigilance-d5-v2,confirmation,-0.03023066806532615,-0.024747488288901387,0.03906829236459205,-0.08754797288305127,-0.04426727773087391,0.09810320807004125,0.9763648125246845
6,0.4,P_vigilance-d5-v3,confirmation,0.03777463261504721,0.011157614417134809,0.039388008691519844,0.06474856344005353,0.03232288961576035,0.07236812599938777,0.9845859248974193
6,0.4,P_vigilance-d5-v4,confirmation,0.00922491732378461,-0.008325041646277676,0.012425997667910577,0.028657811780615994,0.012680965717060566,0.03133810887035908,0.4077899664505427
6,0.4,P_vigilance-d6-v1,discovery,-0.002768317511044671,-0.005913081816660615,0.006529021244603126,0.039590442484907395,0.023503039257324776,0.04604124227778949,-0.8269154881544112
6,0.4,P_vigilance-d6-v2,discovery,0.031605681639002015,0.025222063368263825,0.04043601850354044,0.13507824000673052,0.07114296267698572,0.15266778331322847,0.9822355059444151
6,0.4,P_vigilance-d6-v3,discovery,-0.00942674044580638,-0.011247166550320209,0.014675223706752947,-0.007799425085593725,0.014273278442964443,0.01626522392025951,-0.36452582776454345
6,0.4,P_vigilance-d6-v4,discovery,-0.22868438883752162,-0.10421347820733029,0.2513105623288852,-0.20818794433577725,-0.09282044567674319,0.22794265792603613,0.9999664265363654
7,0.4666666666666667,P_rage-d1-v1,discovery,0.0819619503235458,0.0545591899848592,0.09846048198461833,0.24825432617318088,0.1579962626502005,0.2942669357490427,0.9997892063055209
7,0.4666666666666667,P_rage-d1-v2,confirmation,0.02175113939946316,0.018846805104747233,0.02878044697066404,-0.05312413545656236,-0.046421196889480765,0.07054857396616267,-0.9999912502847852
7,0.4666666666666667,P_rage-d1-v3,discovery,-0.3763571103967447,-0.19224882757647777,0.42261600330645044,-0.32801478533424455,-0.16437645942354528,0.36689687898712214,0.9999702415428334
7,0.4666666666666667,P_rage-d1-v4,discovery,-0.008443440832101246,-0.09081408277381264,0.09120575268662656,-0.33921645161367886,-0.20420980736750316,0.39594121592787995,0.5928558720118641
7,0.4666666666666667,P_rage-d2-v1,discovery,-0.13341499918054023,-0.09937625595367194,0.16635865548180315,-0.2879733561958431,-0.13935277206847685,0.31991850362532454,0.9820956670665161
7,0.4666666666666667,P_rage-d2-v2,discovery,-0.016548850359764167,-0.0029260230466485737,0.016805536560889248,-0.07895642094651878,-0.01608764962048781,0.08057871231904523,0.9996620308580271
7,0.4666666666666667,P_rage-d2-v3,confirmation,-0.09051674816630584,-0.07967622646861106,0.12058848520020403,-0.2107830111780049,-0.11671433543681342,0.2409392327906021,0.9767421015037601
7,0.4666666666666667,P_rage-d2-v4,discovery,-0.04617196732095419,-0.07286441344077588,0.0862616560956001,-0.02766112234769036,-0.028658679341639903,0.0398303601683544,0.9794906978429778
7,0.4666666666666667,P_rage-d3-v1,discovery,-0.13161675148313812,-0.06316850062621349,0.14599050908308414,-0.3302904548124017,-0.11228752177125578,0.34885566081936153,0.9928366939708325
7,0.4666666666666667,P_rage-d3-v2,discovery,-0.08498789712027932,-0.04894331277889741,0.0980733935514631,-0.23011316097678014,-0.09101854765023099,0.24745998236297298,0.9893833783609798
7,0.4666666666666667,P_rage-d3-v3,confirmation,-0.014560962544408085,-0.04393926548857241,0.04628909895315425,-0.5025050713354413,-0.2514378020115835,0.5619006273339204,0.7060760864034864
7,0.4666666666666667,P_rage-d3-v4,confirmation,0.0684876919347035,0.03295728904154416,0.07600491331164544,0.050969058518604005,0.023028430125654697,0.05592989826850251,0.9997084735334948
7,0.4666666666666667,P_grief-d1-v1,discovery,0.001073131431374108,-0.000513781333866703,0.0011897824708882252,-0.2289031464913025,-0.09368686065673337,0.24733353661267382,-0.6711744864256072
7,0.4666666666666667,P_grief-d1-v2,discovery,0.03312577079144319,0.010198147705741789,0.034660047708497996,0.22228389488936173,0.09927588427800904,0.24344574575532318,0.9926419949254102
7,0.4666666666666667,P_grief-d1-v3,confirmation,0.03420643573334292,-0.007425676166640471,0.03500315574503436,0.1310549013301534,0.03805443954411336,0.13646804582638686,0.879318860466527
7,0.4666666666666667,P_grief-d1-v4,confirmation,-0.1380819659069008,-0.1428662489368815,0.19868919043070637,-0.34965203784193655,-0.21239018580624247,0.4091040681707152,0.9672689830828366
7,0.4666666666666667,P_grief-d2-v1,confirmation,-0.10528480169055232,-0.07050261221563758,0.12671033026650785,-0.5278180035279529,-0.19925904215909185,0.5641772866133419,0.9738750941261257
7,0.4666666666666667,P_grief-d2-v2,confirmation,0.19552019737104054,0.08617390029050043,0.21366817421246376,0.24896840590110703,0.11406852320472494,0.2738556099900918,0.9998949524116134
7,0.4666666666666667,P_grief-d2-v3,confirmation,0.12081418725817628,0.05006796614755693,0.13077793803622456,0.13577385860134417,0.051156155421136607,0.1450913261258897,0.9994702736569075
7,0.4666666666666667,P_grief-d2-v4,confirmation,-0.021850377768388718,-0.0565941365082292,0.060665767082707996,0.10207310480046816,0.027815738092884956,0.10579524568362857,-0.5927788750341771
7,0.4666666666666667,P_grief-d3-v1,discovery,0.14649343182020136,0.06878013318021026,0.1618364368328327,0.1387349567630407,0.0297534057377562,0.14188958165079746,0.9741887536957929
7,0.4666666666666667,P_grief-d3-v2,confirmation,0.017367632319236215,-0.004965618816343387,0.01806355509320914,0.018015722024231184,-0.004952576700070654,0.018684064226619734,0.9999479130179014
7,0.4666666666666667,P_grief-d3-v3,confirmation,-0.11239668501343747,-0.049140458888374816,0.12266947257476056,-0.20894607527105347,-0.07902191086801214,0.22338962547175015,0.9987202768329385
7,0.4666666666666667,P_grief-d3-v4,confirmation,0.030252699827373775,0.012399486861001563,0.03269515440032868,-0.052866861010537836,-0.019476432256690046,0.05634036214435404,-0.9993519220355609
7,0.4666666666666667,P_terror-d1-v1,discovery,0.3817838993910887,0.19731222536505122,0.4297569779686814,0.2987028421287441,0.14158631189831716,0.33056023900759296,0.9994092432270909
7,0.4666666666666667,P_terror-d1-v2,discovery,0.11307672272090485,0.05302662992971996,0.1248926286976292,0.13101394291790447,0.05328364307439104,0.14143479012666943,0.9986365948913385
7,0.4666666666666667,P_terror-d1-v3,confirmation,0.2802950181346757,0.14031041964424773,0.3134522468444964,0.23584832090496644,0.11014242630450566,0.26029941326467776,0.9996299060157697
7,0.4666666666666667,P_terror-d1-v4,discovery,-0.14940201299112665,-0.1274172955167936,0.19635714573861243,-0.2576739999988993,-0.15734583067005925,0.3019165459273203,0.9875534159123762
7,0.4666666666666667,P_terror-d2-v1,discovery,-0.027049106514132504,-0.030175534988454267,0.04052427760062248,-0.240236022074241,-0.12933859589068053,0.2728402805471142,0.9407032074106758
7,0.4666666666666667,P_terror-d2-v2,discovery,0.16133105882433618,0.059971383939412704,0.17211704573629502,0.19293458103894823,0.10040299974629452,0.21749601127084814,0.9923300230502876
7,0.4666666666666667,P_terror-d2-v3,confirmation,0.14914992307115238,0.05044698363501787,0.15745030234966978,0.13898764944791697,0.018894599031527903,0.14026607776515057,0.9818082517439406
7,0.4666666666666667,P_terror-d2-v4,confirmation,-0.06536718086492055,-0.09307285797619969,0.11373401085904371,-0.09198569506715426,-0.08627191550804891,0.1261119007168452,0.9790288971717175
7,0.4666666666666667,P_terror-d3-v1,discovery,0.023483360102306783,0.02309094069167017,0.03293417288654511,-0.04377160385303602,-0.013130148974978884,0.045698513279670894,-0.8844212819060167
7,0.4666666666666667,P_terror-d3-v2,discovery,0.24269344907054613,0.10411528065415165,0.2640835130928293,0.5095021406572826,0.22807329808816856,0.5582202617562068,0.999877757874249
7,0.4666666666666667,P_terror-d3-v3,confirmation,0.013163718395558632,0.017612903651884615,0.021988584698614397,0.057309943991778134,0.043640790781833694,0.07203435500096136,0.9615637220738718
7,0.4666666666666667,P_terror-d3-v4,confirmation,0.17552814935298766,0.08878768886341781,0.1967063418118283,0.3365604548919836,0.16120035514216635,0.3731735444736932,0.9997662027952116
7,0.4666666666666667,P_ecstasy-d1-v1,confirmation,0.23639327512624364,0.12669121311343368,0.26820224459363756,0.26646478172306454,0.15520628053248497,0.30837066886370507,0.9993718554851995
7,0.4666666666666667,P_ecstasy-d1-v2,discovery,0.10030980342014306,0.03278398268574456,0.10553125690015705,0.3380443319997233,0.11237492928519188,0.35623320329384095,0.9999872460943152
7,0.4666666666666667,P_ecstasy-d1-v3,discovery,0.10585035406661447,0.05206157927642785,0.11796060992036039,0.18576416533122853,0.06734757001963265,0.19759559789822578,0.9940333469234099
7,0.4666666666666667,P_ecstasy-d1-v4,discovery,0.040474670467684604,-0.042629432078173046,0.05878322404202775,-0.11127066921432327,-0.1280685439852931,0.1696546898435652,0.09584478481412848
7,0.4666666666666667,P_ecstasy-d2-v1,confirmation,0.16495953305064548,0.09255150584672567,0.18914922357436073,0.11800403438280282,0.05231614049111588,0.12908110119806032,0.9955863414724895
7,0.4666666666666667,P_ecstasy-d2-v2,confirmation,-0.30490632590774336,-0.18461594829692185,0.3564420232578234,-0.6065116228855314,-0.2565989610127568,0.6585585588906027,0.9896205358308475
7,0.4666666666666667,P_ecstasy-d2-v3,confirmation,-0.1537460177307306,-0.07791112914278386,0.1723600360070793,-0.2343470035472155,-0.10160913170616048,0.2554269635681372,0.9982055837839059
7,0.4666666666666667,P_ecstasy-d2-v4,confirmation,-0.0386723447260211,-0.06305905353737185,0.07397293072224015,-0.06677834294117169,-0.05805313210787588,0.08848453669146504,0.9538290944559217
7,0.4666666666666667,P_ecstasy-d3-v1,confirmation,0.07474047496828273,-0.006842810805752997,0.0750530656149889,-0.20715380990499366,-0.12959616522779704,0.24435193267069674,-0.7958822337318926
7,0.4666666666666667,P_ecstasy-d3-v2,discovery,-0.09218690096031068,-0.052087020200656475,0.1058842877014797,-0.2126375334525359,-0.12158977686547923,0.24494651349014002,0.9999867864969334
7,0.4666666666666667,P_ecstasy-d3-v3,discovery,-0.07060723839898309,-0.049876508463401414,0.0864467941038335,-0.31538401657443105,-0.169951093096393,0.35826031311782197,0.9927190626946809
7,0.4666666666666667,P_ecstasy-d3-v4,confirmation,-0.1184483212631342,-0.06649229484507391,0.1358353049977026,-0.19238987067054758,-0.07120326036833191,0.2051432831552388,0.9876918563337479
7,0.4666666666666667,P_loathing-d1-v1,discovery,-0.07071923981906458,-0.052713302484661106,0.08820375921368515,-0.2717942509617606,-0.11302755582090285,0.29435920782389635,0.9697865289609015
7,0.4666666666666667,P_loathing-d1-v2,confirmation,-0.00018995551926526133,-0.03809922834300661,0.0380997018811415,-0.10962196530849644,-0.06027928093703672,0.12510222615278832,0.4862030126490151
7,0.4666666666666667,P_loathing-d1-v3,discovery,-0.07596489880693547,-0.05070653976502726,0.09133355914279392,-0.21444131671291355,-0.11467994099156265,0.24318011263135064,0.995251378293384
7,0.4666666666666667,P_loathing-d1-v4,discovery,-0.035741270282152016,-0.0779849383233362,0.08578513278346309,-0.2984370304224875,-0.15561888405941326,0.3365737633911619,0.7897491743430247
7,0.4666666666666667,P_loathing-d2-v1,discovery,0.034582487384744454,0.01259540373871637,0.03680479084381923,0.17768996445871288,0.07136231318880171,0.19148447251146833,0.9994682035401011
7,0.4666666666666667,P_loathing-d2-v2,confirmation,0.32395429161940203,0.16338615879864538,0.36282422734101527,0.4962822959497535,0.227127232883082,0.545786494144262,0.9992812140984444
7,0.4666666666666667,P_loathing-d2-v3,discovery,0.02271405670593918,-0.0134074070514405,0.02637587791683221,-0.17136063341460206,-0.09156080828490865,0.19428805495459422,-0.5199907793193845
7,0.4666666666666667,P_loathing-d2-v4,discovery,-0.08158252269244848,-0.11923037949779847,0.14447003635374675,-0.2251654891425039,-0.1565910427527868,0.27426310756495875,0.9348147287301211
7,0.4666666666666667,P_loathing-d3-v1,discovery,0.03735254124843479,-0.02834405391213135,0.04688920696588748,-0.11929489018752948,-0.06994965993108648,0.1382903675218537,-0.3814290802697617
7,0.4666666666666667,P_loathing-d3-v2,confirmation,-0.19428262348900072,-0.11487168445659002,0.2257016652124286,-0.4202728834893108,-0.19571988933151196,0.46361144472107146,0.995188326120751
7,0.4666666666666667,P_loathing-d3-v3,confirmation,-0.096889639300767,-0.0561153127298466,0.11196664917108673,-0.21227527511570754,-0.12148205623413233,0.24457858126238735,0.999986642591008
7,0.4666666666666667,P_loathing-d3-v4,confirmation,-0.13923795444631804,-0.09158285038872105,0.16665721239633705,-0.3628612586483557,-0.17068385734645108,0.40100033938456037,0.9899172646333441
7,0.4666666666666667,P_amazement-d1-v1,confirmation,0.007773526591551949,-0.018255346149465446,0.019841506462624458,-0.15399655955654845,-0.0850105950880442,0.17590264816789136,0.1016572631394819
7,0.4666666666666667,P_amazement-d1-v2,confirmation,-0.04239501054158712,-0.016426482177471335,0.04546609984975692,-0.14966842046627615,-0.058754881841923456,0.16078797288705526,0.9999901856154684
7,0.4666666666666667,P_amazement-d1-v3,discovery,-0.18755714612663166,-0.10448341070355482,0.21469621835378092,-0.1786328526411194,-0.0927484407413739,0.20127585374967366,0.999569039337586
7,0.4666666666666667,P_amazement-d1-v4,confirmation,-0.06125403251285011,-0.08490797906627812,0.1046968070583092,0.07189983717977988,0.010616042589362884,0.07267934332902316,-0.6972448244921956
7,0.4666666666666667,P_amazement-d2-v1,confirmation,0.01629052829183042,-0.003706382671285091,0.016706842446522614,0.09319416546229409,0.03894953036135451,0.10100603146141088,0.814119678052537
7,0.4666666666666667,P_amazement-d2-v2,confirmation,-0.0846741539858904,-0.05240571767760205,0.09957947378115035,-0.12656718649472953,-0.0903710284784891,0.15551905184076817,0.9978318348132964
7,0.4666666666666667,P_amazement-d2-v3,discovery,0.08763525638520875,0.03219882710534794,0.09336328308634695,0.27346390804874954,0.11917846721188496,0.2983052397331788,0.9982668338332191
7,0.4666666666666667,P_amazement-d2-v4,discovery,-0.08284714393626302,-0.09228461428629586,0.12401652830315113,-0.18846506032306376,-0.10490480399916624,0.2156944525588907,0.9456148267735576
7,0.4666666666666667,P_amazement-d3-v1,discovery,-0.012162345796859597,-0.014265376697652599,0.018746296370438564,-0.18205581050441033,-0.10957175060977065,0.21248596817227142,0.9482801634857883
7,0.4666666666666667,P_amazement-d3-v2,confirmation,-0.03458592317605724,-0.026494254857747812,0.04356755240322122,-0.2175756748266222,-0.12789162632689965,0.25237956010897433,0.9925323679646993
7,0.4666666666666667,P_amazement-d3-v3,discovery,-0.023442245153459496,-0.016414932097035262,0.028617981298218322,-0.09340586132289719,-0.0410035640142663,0.102009544609043,0.9806140922214026
7,0.4666666666666667,P_amazement-d3-v4,confirmation,-0.01662289932001393,-0.013867651024098926,0.02164792199564456,-0.050326183318531115,-0.02225986785896472,0.05502932349674099,0.9613762410320628
7,0.4666666666666667,P_admiration-d1-v1,confirmation,-0.0519088020405869,-0.057810824381141934,0.07769565718182755,-0.22354168776807715,-0.11723355664627677,0.2524174973612889,0.9372522091885619
7,0.4666666666666667,P_admiration-d1-v2,confirmation,-0.04048801605007046,-0.0521177945505622,0.06599654500415437,-0.34387586438658113,-0.1615547059437734,0.37993490642503147,0.8910575876175824
7,0.4666666666666667,P_admiration-d1-v3,confirmation,-0.07109938707321728,-0.05456429332706758,0.08962357362027833,-0.30417887791312825,-0.12658054563885868,0.329465361309381,0.9663316894796915
7,0.4666666666666667,P_admiration-d1-v4,discovery,-0.0153648727308493,-0.06849483801424228,0.07019702378756869,-0.2684714878127181,-0.17583778981369313,0.3209296933830508,0.7177196895742362
7,0.4666666666666667,P_admiration-d2-v1,confirmation,-0.06760742100833284,-0.023442032852717176,0.07155621761710043,-0.3610770385857762,-0.16091684606881218,0.39531109160078964,0.9963495152143977
7,0.4666666666666667,P_admiration-d2-v2,confirmation,-0.004182743615570139,0.00843302050603878,0.009413351104089517,-0.12020049103653374,-0.022866013439759136,0.1223560894114023,0.2690948384830658
7,0.4666666666666667,P_admiration-d2-v3,confirmation,0.015229315698015,-0.05843763088510645,0.06038947557392557,-0.22983657424973103,-0.14289143120186587,0.2706340924084948,0.2967539102264885
7,0.4666666666666667,P_admiration-d2-v4,discovery,0.000860998381256195,-0.07050983536021338,0.07051509200686704,-0.13730483009089767,-0.08878776975338187,0.163511114068952,0.5327138875563374
7,0.4666666666666667,P_admiration-d3-v1,discovery,-0.04977794686136772,-0.043228163888755944,0.06592812864723442,-0.1398983533450462,-0.061481785062615035,0.15281216955184226,0.9550332541933831
7,0.4666666666666667,P_admiration-d3-v2,discovery,-0.07061516846162696,-0.031154652504103986,0.07718234506359228,-0.1704385204175125,-0.06755695776730208,0.18333911689785098,0.9992732004017102
7,0.4666666666666667,P_admiration-d3-v3,discovery,-0.20095588673925846,-0.1122776492164812,0.23019456754828269,-0.3832989558593405,-0.18290058417485522,0.42470073375774137,0.997934076327051
7,0.4666666666666667,P_admiration-d3-v4,discovery,-0.04526467595452388,-0.03212243859876107,0.055504431812236646,-0.19103056857396128,-0.09811202192964874,0.21475252496027794,0.9898334251343548
7,0.4666666666666667,P_vigilance-d1-v1,discovery,-0.014913532227819104,-0.03307699073033099,0.036283615576243246,-0.26486331139701536,-0.11740994680994277,0.2897199843540413,0.7452006540044184
7,0.4666666666666667,P_vigilance-d1-v2,discovery,0.024795481805648834,0.003038822522240636,0.024980999985908074,-0.12424378350591514,-0.08728881745717398,0.15184154699204216,-0.8820996925522382
7,0.4666666666666667,P_vigilance-d1-v3,discovery,0.15913929327915977,0.0926337078616033,0.18413668427985577,0.22266822516555118,0.0907421356634539,0.24044806857852127,0.9901916979393479
7,0.4666666666666667,P_vigilance-d1-v4,confirmation,-0.15272393792892647,-0.13388213892794987,0.20309856804133666,-0.17201612595826177,-0.11205356257582455,0.2052938101249592,0.9898805776668166
7,0.4666666666666667,P_vigilance-d2-v1,discovery,-0.032533239930581104,-0.026852173261753265,0.04218353836818308,-0.17881282537739063,-0.06409097535650154,0.18995178241225555,0.9407830586137627
7,0.4666666666666667,P_vigilance-d2-v2,discovery,0.04217498471953629,0.0011252893485886872,0.042189994219141186,-0.00936203832602267,-0.02769065528840775,0.029230466159802196,-0.3454365511573723
7,0.4666666666666667,P_vigilance-d2-v3,confirmation,-0.008997599897365482,-0.0012833211639033948,0.009088658708676088,0.04479272387846667,0.016299792258245738,0.04766624948655522,-0.97858513301502
7,0.4666666666666667,P_vigilance-d2-v4,confirmation,-0.055897762032592446,-0.08153963208592163,0.09885985737881577,-0.1844681760076856,-0.13312110902024088,0.2274856866406793,0.9411629613190099
7,0.4666666666666667,P_vigilance-d3-v1,discovery,-0.11012315745822665,-0.10260104680117887,0.15051273903981377,-0.5782465582902718,-0.22344289435342013,0.6199159694761689,0.9281772584892614
7,0.4666666666666667,P_vigilance-d3-v2,confirmation,-0.007097425073467889,0.002083749326219575,0.007396989517905998,0.056881610735021404,0.019974414969619048,0.06028677212448054,-0.8119719960008004
7,0.4666666666666667,P_vigilance-d3-v3,discovery,0.14712839392312915,0.10127171521048606,0.17861333824794065,0.18121507485956379,0.09599063455513646,0.20506853800292005,0.9933122972155073
7,0.4666666666666667,P_vigilance-d3-v4,confirmation,0.056566358564705155,0.026103231833834784,0.06229872898736954,0.15967701174056614,0.0820953309472241,0.17954495660344,0.9990950690012149
7,0.4666666666666667,P_rage-d4-v1,confirmation,0.08125494840542125,0.04376672211618793,0.09229242983670591,-0.014967880755444973,-0.00605294487975927,0.016145451248776664,-0.9939796162126983
7,0.4666666666666667,P_rage-d4-v2,confirmation,0.001516712307556567,0.008628858555989716,0.008761142402858801,-0.22680305604035933,-0.10863541527683074,0.2514781892761594,-0.5815965637780056
7,0.4666666666666667,P_rage-d4-v3,discovery,0.158253290450169,0.10751333704273414,0.1913196842469956,0.4558809988870278,0.24114836115743765,0.5157325055056664,0.9939348506646228
7,0.4666666666666667,P_rage-d4-v4,confirmation,0.031075497171517696,0.01326534088832343,0.033788397318316676,-0.12378693002189767,-0.05790073457292122,0.13665906156684254,-0.9994201842515757
7,0.4666666666666667,P_rage-d5-v1,confirmation,-0.01987841942063895,-0.018017785779239404,0.02682894263755837,-0.030476094602207127,-0.016056656634583888,0.03444718514601164,0.9685564337507387
7,0.4666666666666667,P_rage-d5-v2,discovery,0.21244811681716058,0.11500443540683669,0.24157860522488986,0.20828992245125155,0.11733732948943842,0.2390663938876843,0.9998578283665867
7,0.4666666666666667,P_rage-d5-v3,confirmation,0.08065372213260691,0.06130069114309489,0.10130546692289058,-0.008562004515713095,0.013647767991365356,0.016111160494304194,0.08948944602988505
7,0.4666666666666667,P_rage-d5-v4,discovery,0.05263359101053222,0.024554210516400943,0.05807929197870539,0.10769111196275194,0.04745545890057823,0.11768345752584959,0.999770208243958
7,0.4666666666666667,P_rage-d6-v1,discovery,0.15616044007090135,0.07714576456418154,0.1741767838528709,0.16179040331113326,0.09099322705630897,0.185623010356206,0.9985705363827119
7,0.4666666666666667,P_rage-d6-v2,confirmation,0.05779933074194066,0.019170251624487378,0.060895493934792974,0.09592545028259636,0.048743093785778235,0.10759916915909731,0.9887886235994408
7,0.4666666666666667,P_rage-d6-v3,discovery,-0.05050482452073357,-0.034173652217424966,0.06098012631790463,-0.11826962724571022,-0.0629367577039055,0.1339729084521171,0.9944037938289348
7,0.4666666666666667,P_rage-d6-v4,discovery,0.07846826526603135,0.04801148067400085,0.09199114593465078,0.056406611859894706,0.040692927455560746,0.06955300285693167,0.9971236316639818
7,0.4666666666666667,P_grief-d4-v1,discovery,0.044615288590962976,0.027927775745382633,0.05263539335978495,0.055329703471394875,0.02532125036930566,0.060848515236590184,0.9915484054092845
7,0.4666666666666667,P_grief-d4-v2,confirmation,0.056012173557808076,0.028399268676976064,0.06280033477663227,0.08662329516018019,0.03967046456068157,0.09527508080745978,0.9992085068772251
7,0.4666666666666667,P_grief-d4-v3,confirmation,0.32165780208852723,0.1829410176534747,0.37004210244850666,0.42734933307533574,0.2333399947345831,0.486903486969101,0.9998496642591198
7,0.4666666666666667,P_grief-d4-v4,confirmation,0.005135879400890886,0.0009739284834964224,0.005227407953418306,0.04615314107349899,0.028042591597179367,0.054004623639430115,0.9363957250517421
7,0.4666666666666667,P_grief-d5-v1,confirmation,0.04724583378580416,0.03759977086050803,0.06038138437365065,0.21504219684281622,0.10688409060077353,0.2401402824320378,0.9778387977129925
7,0.4666666666666667,P_grief-d5-v2,confirmation,0.04822337198474358,0.028479544872419105,0.05600516120608069,-0.0945174380466236,-0.01888338108931764,0.09638531099841786,-0.9439920315998478
7,0.4666666666666667,P_grief-d5-v3,confirmation,-0.012619569546199472,-0.013790740884481067,0.018693262681358295,-0.14272237023002576,-0.06988723339084135,0.158914758141283,0.9307408375243441
7,0.4666666666666667,P_grief-d5-v4,discovery,-0.0715647981177785,-0.03861653056695946,0.08131885859176398,-0.1426597046989908,-0.05022900528996921,0.15124398935899241,0.9878115425454117
7,0.4666666666666667,P_grief-d6-v1,confirmation,0.09778637119496114,0.04413818536778091,0.1072863169236381,0.16911434273286963,0.06536857400468676,0.18130833236610142,0.9984795792321033
7,0.4666666666666667,P_grief-d6-v2,confirmation,0.12783887472563205,0.0720399540051666,0.14673967719803108,0.19105562345221783,0.0872810804434474,0.2100481807969095,0.9964200936549948
7,0.4666666666666667,P_grief-d6-v3,discovery,-0.08828239983485187,-0.06910806199494779,0.11211470177143673,-0.13055699890689132,-0.0854614061500425,0.1560409622654146,0.9964258100769612
7,0.4666666666666667,P_grief-d6-v4,discovery,0.05792042686674215,0.024186452744411113,0.06276751026433387,0.06644029034369181,0.029996955235489953,0.07289807613616463,0.9995933185837169
7,0.4666666666666667,P_terror-d4-v1,confirmation,-0.007618521415382773,-0.002861744473191763,0.008138270700000678,0.026296161236611493,0.01489598042320317,0.030222149634834397,-0.9878446662489814
7,0.4666666666666667,P_terror-d4-v2,confirmation,-0.13873288461770183,-0.08731051521368549,0.16392052751631742,-0.2326418069777354,-0.12446811179453388,0.2638456389777221,0.9975196972356309
7,0.4666666666666667,P_terror-d4-v3,confirmation,-0.005054027305645192,-0.009178873303160806,0.010478306500655789,-0.07454234178438446,-0.037086066058110045,0.08325825493226777,0.8220343877325061
7,0.4666666666666667,P_terror-d4-v4,discovery,-0.06874009653638247,-0.03922207592590077,0.07914273252654538,-0.1749841761015043,-0.0826643063705097,0.1935273867793387,0.9970233417268887
7,0.4666666666666667,P_terror-d5-v1,confirmation,-0.026592703167908738,-0.013010012988588393,0.029604599300442187,-0.13407780477817077,-0.0702143792427794,0.1513503114849194,0.9996241460629469
7,0.4666666666666667,P_terror-d5-v2,confirmation,0.006007606368925167,0.021176081778168765,0.022011764439945323,-0.2221892062468349,-0.09278085905669098,0.24078274684847353,-0.6225523186513425
7,0.4666666666666667,P_terror-d5-v3,discovery,-0.050478942520269854,-0.03525187072433056,0.061569619355081456,-0.04138892648982484,-0.02335178867460419,0.04752209244428844,0.995401897832075
7,0.4666666666666667,P_terror-d5-v4,discovery,0.035106905090948715,0.019388965814647996,0.04010519642672841,0.09559274660006079,0.05795942893833228,0.11179118303963431,0.9991817638466765
7,0.4666666666666667,P_terror-d6-v1,discovery,-0.08089336253345625,-0.053171165094227035,0.09680345499746758,-0.07981439181606698,-0.039739757112888796,0.08916044771287353,0.9928657875207422
7,0.4666666666666667,P_terror-d6-v2,confirmation,0.08879810814313682,0.044318635770727255,0.09924336494889019,0.2287120971444856,0.11035071706441002,0.2539419306393847,0.9999104467445179
7,0.4666666666666667,P_terror-d6-v3,discovery,0.048832824127821084,0.03084022409878351,0.05775607444037287,0.1305916043839246,0.06425957369258528,0.14554538792665425,0.9943857928124059
7,0.4666666666666667,P_terror-d6-v4,discovery,0.008333455893571262,-0.005877128438410928,0.010197407798635694,-0.04452080971666472,-0.012572858507658768,0.04626207160170279,-0.6298206216785736
7,0.4666666666666667,P_ecstasy-d4-v1,confirmation,0.06565261194361316,0.01775728140615218,0.06801166442571403,0.09293568587715129,0.03872106130163111,0.10067950286816682,0.9914815219350708
7,0.4666666666666667,P_ecstasy-d4-v2,discovery,0.03377842977154977,0.027371532754677297,0.04347623630412241,0.14807431060590703,0.06861941531810656,0.1632011814295884,0.9696369945215068
7,0.4666666666666667,P_ecstasy-d4-v3,confirmation,0.029668446291752915,0.03447394638167989,0.04548263058018486,0.0011086472473618159,0.009523665545653426,0.009587977062162231,0.8282995323381654
7,0.4666666666666667,P_ecstasy-d4-v4,discovery,0.1481005184009767,0.0815077557926216,0.16904815232645307,0.4304656010257677,0.18858973130110224,0.4699645948565672,0.9959351086003357
7,0.4666666666666667,P_ecstasy-d5-v1,confirmation,0.07871671136402547,0.04040794709933326,0.08848233064714,0.15534603781823808,0.07953081984889465,0.17452089494287723,0.9999994074953197
7,0.4666666666666667,P_ecstasy-d5-v2,confirmation,0.1307248271738679,0.06613892994169657,0.14650371494767728,0.1811938092755787,0.1151455182196961,0.21468508771192552,0.9952298311243449
7,0.4666666666666667,P_ecstasy-d5-v3,discovery,-0.03264115579225635,-0.015113288645414613,0.035970217474098884,-0.03388982985828992,-0.012285781794798112,0.03604803742415434,0.9963182494656774
7,0.4666666666666667,P_ecstasy-d5-v4,confirmation,0.0437221405220507,0.024917924533262692,0.050324234071422516,0.11123766301706661,0.05422568611115075,0.12375072810987221,0.9979253333370464
7,0.4666666666666667,P_ecstasy-d6-v1,confirmation,0.0600796913185615,0.045066924967072985,0.07510390825330876,0.2335655513588728,0.11894003179291124,0.2621060814717449,0.9851470388381391
7,0.4666666666666667,P_ecstasy-d6-v2,confirmation,0.026088620231849546,0.006089148378850773,0.026789808390157075,0.07105948349718094,0.03746780558058305,0.08033235120367448,0.967428199874948
7,0.4666666666666667,P_ecstasy-d6-v3,confirmation,-0.005471970753273325,-0.010808638047721253,0.012114830596063907,-0.13340000616321968,-0.07197020479355931,0.15157596122859954,0.821133143084817
7,0.4666666666666667,P_ecstasy-d6-v4,discovery,0.07200865939739032,0.03815600082064208,0.08149311275705579,0.07635475269932579,0.039072508941725204,0.0857712610072651,0.999897996480764
7,0.4666666666666667,P_loathing-d4-v1,confirmation,0.06780899176501443,0.0559790715280446,0.08793017578357118,0.2274804063249447,0.12168101087145367,0.2579798512838954,0.9802767392287313
7,0.4666666666666667,P_loathing-d4-v2,discovery,-0.05401394936546389,-0.050246058408862204,0.07377108587842318,-0.06072864707418102,-0.04176740280808833,0.07370538998467846,0.9892437536308549
7,0.4666666666666667,P_loathing-d4-v3,discovery,-0.07170154244260196,-0.041641839926619184,0.08291654853599749,-0.19597134264840843,-0.09422149035814886,0.21744529515427702,0.9969600568302999
7,0.4666666666666667,P_loathing-d4-v4,discovery,-0.05158520313225701,-0.021906976437399805,0.05604416828560317,-0.04480735937873348,-0.012057570600795486,0.04640134117984245,0.9903931216044113
7,0.4666666666666667,P_loathing-d5-v1,discovery,0.03579568176621706,0.006883030393066036,0.03645143262616924,-0.16772574332984824,-0.08163171150887649,0.18653595176109772,-0.9656192804888372
7,0.4666666666666667,P_loathing-d5-v2,confirmation,-0.008279433973312322,0.0002573331536268597,0.008283432094874312,-0.09415491630752326,-0.02544096141833707,0.09753148610969704,0.9568102127118956
7,0.4666666666666667,P_loathing-d5-v3,discovery,-0.06285700805497818,-0.03929516109662323,0.07412903039453007,-0.1259548806200952,-0.06079086885443763,0.13985764794282743,0.9940604934240881
7,0.4666666666666667,P_loathing-d5-v4,discovery,0.018480222408298275,0.0038967497091233483,0.0188865899133677,0.02092179301578101,0.0005306970804594968,0.02092852269956939,0.9834010422119965
7,0.4666666666666667,P_loathing-d6-v1,discovery,0.05735792869721923,0.03824663534734718,0.06894009790991185,0.130120732863916,0.06486511468983469,0.14539218763320125,0.9921160558286172
7,0.4666666666666667,P_loathing-d6-v2,confirmation,0.02746583848004036,0.013132718120937525,0.030444056376502566,0.06077359243781766,0.035402418787226164,0.07033321259393824,0.9966838524856104
7,0.4666666666666667,P_loathing-d6-v3,discovery,-0.010322481253633775,-0.011711739155549239,0.015611484659674298,0.02450943216270396,0.007694890026389789,0.02568897813180626,-0.8555656713699322
7,0.4666666666666667,P_loathing-d6-v4,confirmation,-0.09693292574304735,-0.04336357987875061,0.10619035809812451,-0.11994971396903287,-0.04490717027232893,0.12808039593599305,0.9980522817282056
7,0.4666666666666667,P_amazement-d4-v1,confirmation,-0.03233115155905697,-0.02748546252092332,0.04243529204711324,-0.21498838533286824,-0.11092604371419057,0.24191856688174299,0.974068543574623
7,0.4666666666666667,P_amazement-d4-v2,confirmation,0.02517214820206437,0.01989035044421783,0.032082130320483536,0.03694705244672081,0.02487532378455759,0.04454061537391816,0.9971012162879649
7,0.4666666666666667,P_amazement-d4-v3,discovery,0.024307633443406473,0.01623779518174384,0.029232294401625,0.09359552277889938,0.06654407160670317,0.11484004245146164,0.9995760354504558
7,0.4666666666666667,P_amazement-d4-v4,discovery,-0.09990969043392983,-0.06672406022388433,0.12014177647831013,-0.3053357865449562,-0.16299315512313406,0.34611661497538815,0.9951543739929183
7,0.4666666666666667,P_amazement-d5-v1,discovery,0.03241962572760837,-0.0010142741450724913,0.032435488039484914,-0.022492384209022553,-0.008398094913157017,0.024009067986422983,-0.9254324999559972
7,0.4666666666666667,P_amazement-d5-v2,confirmation,0.01365478860402991,-0.007249994869535037,0.015460131869716683,-0.08818565459236316,-0.04614107835857029,0.09952742731516426,-0.5651717998824995
7,0.4666666666666667,P_amazement-d5-v3,discovery,-0.07621338436429337,-0.028167891183013438,0.08125213874082086,-0.2248572344459019,-0.08611270105230195,0.2407824187210985,0.9999313812253134
7,0.4666666666666667,P_amazement-d5-v4,confirmation,0.0213319624341608,0.00982549827006185,0.023486017915931086,0.07384990720303142,0.04503800246568579,0.0864998870519232,0.9932791627896793
7,0.4666666666666667,P_amazement-d6-v1,confirmation,-0.09705810071850784,-0.05856474775419951,0.11335830183359766,-0.09179564378801341,-0.04467300905979643,0.10208877488202363,0.9959528741607705
7,0.4666666666666667,P_amazement-d6-v2,discovery,0.03380880333146141,0.01501057218402746,0.03699124842442243,0.21853053950863854,0.102274453227992,0.24127921684434686,0.9998022059824082
7,0.4666666666666667,P_amazement-d6-v3,discovery,0.05703822508858636,0.027303765105544997,0.06323649824424989,0.07672695502763238,0.0356448604909505,0.08460249232281308,0.9999332466821531
7,0.4666666666666667,P_amazement-d6-v4,confirmation,0.028977188181424474,0.010861661216091889,0.030945970969979936,0.028624018827698272,0.011001279252349505,0.030665332201634483,0.9999655079849677
7,0.4666666666666667,P_admiration-d4-v1,discovery,-0.006322874502499687,-0.009411439545907285,0.011338162827399693,-0.020958615052933283,0.0025453528508001533,0.02111261154078571,0.4535218572064957
7,0.4666666666666667,P_admiration-d4-v2,discovery,0.014478085723017564,-0.005792609208409516,0.015593886226479777,-0.18880560966294313,-0.07481982513396845,0.20309004031038366,-0.7262926047688918
7,0.4666666666666667,P_admiration-d4-v3,discovery,-0.049174563562051965,-0.04310599443797969,0.06539315299024374,-0.11608542138945577,-0.06124974994144061,0.13125302635389602,0.9726940958406002
7,0.4666666666666667,P_admiration-d4-v4,discovery,0.04840758236826748,0.032559476360957795,0.058338782397650106,0.04442318992761418,0.027884962288581505,0.05244988965842059,0.9995020352971615
7,0.4666666666666667,P_admiration-d5-v1,confirmation,0.06790031034009125,0.03967930369019612,0.07864413064952473,0.2676935908899529,0.10340740863118203,0.28697203829532547,0.9871922160559803
7,0.4666666666666667,P_admiration-d5-v2,discovery,0.06486131502590808,0.021356067964720893,0.06828668849639634,-0.02979274196294268,0.0058050659294544005,0.030353027264439343,-0.8724930311910982
7,0.4666666666666667,P_admiration-d5-v3,confirmation,0.12875820928245307,0.07551737224651678,0.14927005717371106,0.01969497825558042,0.02907268809792063,0.03511571388604767,0.9026386322875792
7,0.4666666666666667,P_admiration-d5-v4,discovery,0.0165243771582384,0.007105777319138973,0.01798741537233465,-0.07792353029798216,-0.026446804495969367,0.08228918545075391,-0.9968876193907903
7,0.4666666666666667,P_admiration-d6-v1,confirmation,-0.04968367172314192,-0.01879186577489733,0.05311874862225851,-0.07004916318536658,-0.030871795241864675,0.0765503298779681,0.9985688390830703
7,0.4666666666666667,P_admiration-d6-v2,confirmation,-0.04274872523622264,-0.02910297142503282,0.05171495388268595,-0.05731079064903488,-0.03658924333734781,0.06799484872265807,0.999564457487778
7,0.4666666666666667,P_admiration-d6-v3,confirmation,-0.08152761052757818,-0.04813981029685532,0.09467942022294862,-0.10398786421972162,-0.058687794676701266,0.11940575006671121,0.9998084263388697
7,0.4666666666666667,P_admiration-d6-v4,confirmation,0.057350379106794414,0.0233548930740346,0.06192347708416115,-0.04295151286402632,-0.012191349319938372,0.04464819655427731,-0.9939386057912787
7,0.4666666666666667,P_vigilance-d4-v1,discovery,-0.10436324886745751,-0.04453765078407734,0.11346933529167824,-0.28458788421867,-0.12818306564722715,0.3121236328168382,0.9998031326473552
7,0.4666666666666667,P_vigilance-d4-v2,confirmation,0.05370781336093167,0.04029106093624968,0.06714088774644893,0.16740063837230235,0.10340566267098872,0.19676306767246912,0.9959275176637918
7,0.4666666666666667,P_vigilance-d4-v3,discovery,0.04624794000445043,0.021677736230477862,0.051076376170725135,0.15814654328537392,0.07102346818254102,0.17336280508168142,0.9998685460385756
7,0.4666666666666667,P_vigilance-d4-v4,discovery,-0.04223426918123252,-0.02074857468023783,0.04705567813276325,-0.07572874935627993,-0.03805630634516355,0.08475332401565855,0.999959219876698
7,0.4666666666666667,P_vigilance-d5-v1,discovery,-0.007482775236523409,0.009449461054958697,0.012053391202043892,-0.02568151601995794,0.0059624607389823225,0.026364582362466162,0.7820158593701697
7,0.4666666666666667,P_vigilance-d5-v2,confirmation,-0.03276254530112599,-0.03587775815128236,0.04858598465164867,-0.11841468264059207,-0.057611720438576874,0.13168579041325937,0.9294260547934697
7,0.4666666666666667,P_vigilance-d5-v3,confirmation,0.06395873458243795,0.032886338444072294,0.071918224294297,0.02659587049299672,0.017589829200002516,0.03188639864527688,0.9940215450555101
7,0.4666666666666667,P_vigilance-d5-v4,confirmation,-0.004738975977637949,-0.006335313147021182,0.00791164243298754,-0.02382723313034063,-0.016906025700500926,0.02921559076304294,0.9518841562001898
7,0.4666666666666667,P_vigilance-d6-v1,discovery,-0.01003688982564821,-0.011333980452903347,0.015139295567462699,-0.028451429872865308,-0.015404237647078212,0.03235389310883984,0.9394466359389062
7,0.4666666666666667,P_vigilance-d6-v2,discovery,0.06553753510895266,0.033270710921847524,0.07349903886039835,0.17985874319638606,0.0896651989214603,0.2009701853554616,0.9999734716533496
7,0.4666666666666667,P_vigilance-d6-v3,discovery,0.03476925728352853,0.006952023045113442,0.035457465736682174,0.08633009800839897,0.0460547035422425,0.09784641812812371,0.9574624247254255
7,0.4666666666666667,P_vigilance-d6-v4,discovery,-0.15602126276771777,-0.07659198560821867,0.17380726882107897,-0.15076446044305225,-0.06707239348427363,0.16501099508939973,0.9992872730826379
8,0.5333333333333333,P_rage-d1-v1,discovery,0.11957997388826058,0.08096659043019905,0.14441246110017197,0.1956465667230931,0.12972240166641225,0.2347455655909941,0.9999530104649155
8,0.5333333333333333,P_rage-d1-v2,confirmation,0.08108227607382412,0.06045297745192002,0.10113801449560983,-0.062142050110532976,-0.014550108486549362,0.06382272360930977,-0.9168558757470746
8,0.5333333333333333,P_rage-d1-v3,discovery,-0.2756346672053729,-0.13176348559413942,0.3055095512440383,-0.22928380045847074,-0.10558622090791747,0.25242723941424267,0.9998967814718
8,0.5333333333333333,P_rage-d1-v4,discovery,-0.02634921647219013,-0.08776668231013574,0.09163662877052292,-0.332591057711801,-0.20137484097817815,0.38880411295257805,0.7420286688200878
8,0.5333333333333333,P_rage-d2-v1,discovery,-0.1393577238628083,-0.0914442812880445,0.16668122803876187,-0.2215975046056622,-0.12105367535778067,0.25250632935648054,0.9967431415866768
8,0.5333333333333333,P_rage-d2-v2,discovery,0.05868002841279196,0.031271216499866306,0.06649236584682172,0.014940011979704071,0.016835883745121016,0.022508908001787453,0.9375202158409118
8,0.5333333333333333,P_rage-d2-v3,confirmation,-0.04261678702562843,-0.046472124712588325,0.06305433301280837,-0.14349003875584376,-0.07451189336663777,0.16168306489931078,0.9394783305867471
8,0.5333333333333333,P_rage-d2-v4,discovery,-0.021410800617459813,-0.04826464312030243,0.0528005507415479,-0.1060847465689907,-0.0599910329354838,0.12187246402396763,0.8029306560284447
8,0.5333333333333333,P_rage-d3-v1,discovery,-0.01283747844612293,-0.01147129128327773,0.017216020927045668,-0.22120897863506528,-0.07291428794925858,0.2329160913632121,0.9167802824340634
8,0.5333333333333333,P_rage-d3-v2,discovery,-0.0686698951352609,-0.028857672933749967,0.07448704441068267,-0.22587075947388513,-0.08692721224975841,0.24202053676253224,0.9995364808374153
8,0.5333333333333333,P_rage-d3-v3,confirmation,-0.010482740634985,-0.026049111161412952,0.028079245779044967,-0.38458627703118786,-0.19209865460309272,0.4298935886716943,0.748525534720203
8,0.5333333333333333,P_rage-d3-v4,confirmation,0.05426015321253086,0.03789954916591576,0.06618564839621191,-0.0544987869542628,-0.017336210467527202,0.057189701632903496,-0.9548258434798989
8,0.5333333333333333,P_grief-d1-v1,discovery,-0.03955276226477622,-0.006663806186431032,0.04011018967375026,-0.22837012959249137,-0.08414353761293647,0.24337841114632777,0.9827320883810147
8,0.5333333333333333,P_grief-d1-v2,discovery,0.0160172982651563,0.006516939692842172,0.01729232045374827,0.08302355036894049,0.033892490411211895,0.08967502897762614,0.9999993213091743
8,0.5333333333333333,P_grief-d1-v3,confirmation,-0.0050312973953445805,-0.01373188323143637,0.014624587876661843,-0.02991837235818018,-0.02601432501004064,0.039646615369924657,0.8757164661635285
8,0.5333333333333333,P_grief-d1-v4,confirmation,-0.12715975216990572,-0.11959720557586806,0.17456544375525268,-0.33971678326652066,-0.19386510156147718,0.3911408575390636,0.9722369661566858
8,0.5333333333333333,P_grief-d2-v1,confirmation,-0.025585682213022487,-0.022354168572274347,0.03397552040607227,-0.344716580786367,-0.12641132092136464,0.3671639186060201,0.9335483843185156
8,0.5333333333333333,P_grief-d2-v2,confirmation,0.15360388567941818,0.07108443598503111,0.1692546919146579,0.0496565208222699,0.022498149272783596,0.05451547285746476,0.9999678374659488
8,0.5333333333333333,P_grief-d2-v3,confirmation,0.05974804978889203,0.03654287932362532,0.07003721498487046,0.026777693828764715,0.01714774034434008,0.03179763962472643,0.9997865611353604
8,0.5333333333333333,P_grief-d2-v4,confirmation,-0.04709805162524727,-0.07365404288161059,0.08742507935198338,-0.06339443969011915,-0.05315871811060546,0.08273272807533284,0.954125521187329
8,0.5333333333333333,P_grief-d3-v1,discovery,0.11773298897799922,0.058661072768585676,0.13153774421075873,0.08069039729674721,0.026751571360779547,0.08500933352390071,0.9899178068025473
8,0.5333333333333333,P_grief-d3-v2,confirmation,-0.03239839981600756,-0.0222744634815637,0.03931676530475763,-0.03425307194055138,-0.024353786065989702,0.042028321797480596,0.9998756814044898
8,0.5333333333333333,P_grief-d3-v3,confirmation,-0.1311942407985356,-0.05774940866897538,0.1433419792674863,-0.22568645002549426,-0.08246817354949254,0.24028186234857415,0.9979320011303088
8,0.5333333333333333,P_grief-d3-v4,confirmation,0.09176569200576257,0.04616908618643656,0.10272549220416072,-0.020556995947523138,-0.019325348677710075,0.028214520798722654,-0.9587041362030503
8,0.5333333333333333,P_terror-d1-v1,discovery,0.24825698078791403,0.13315247008106645,0.2817110377649765,0.14433991022691917,0.07912551952813995,0.16460515643476403,0.9999581474368171
8,0.5333333333333333,P_terror-d1-v2,discovery,0.08461759677603808,0.042402769934749784,0.09464741191544274,0.05292211815981185,0.027196358403417165,0.05950119747474169,0.9999483341047805
8,0.5333333333333333,P_terror-d1-v3,confirmation,0.21956136190543596,0.1193257526767928,0.24989163029932185,0.12513105861894136,0.06018863951293163,0.13885407504828431,0.9987760029030038
8,0.5333333333333333,P_terror-d1-v4,discovery,-0.15826774945872124,-0.12274714072719828,0.20028864439960437,-0.3139945572485705,-0.17768701685189914,0.3607842262896937,0.9895490154476294
8,0.5333333333333333,P_terror-d2-v1,discovery,0.025996655605958097,0.00484618210130261,0.02644450006435702,-0.20002746442494823,-0.10740954225351595,0.2270413977480401,-0.9527939492890556
8,0.5333333333333333,P_terror-d2-v2,discovery,0.06042183061621742,0.0273091111844721,0.06630675055151419,-0.08731293680759444,-0.015429960803670095,0.0886658481286328,-0.9690161914298605
8,0.5333333333333333,P_terror-d2-v3,confirmation,0.007171662496003428,0.01361222048653854,0.015385879550117427,-0.0054509110333640365,-0.0019301612331776852,0.005782555964252468,-0.7346980768229349
8,0.5333333333333333,P_terror-d2-v4,confirmation,-0.10894922087282932,-0.0931689883072897,0.14335408299382488,-0.287600993351405,-0.1544429681032078,0.32644595536358445,0.9770465400680709
8,0.5333333333333333,P_terror-d3-v1,discovery,0.021998259674204768,0.03474898893841072,0.04112682410465868,-0.04517310442605327,-0.0002892750398797439,0.04517403063194396,-0.540287918852772
8,0.5333333333333333,P_terror-d3-v2,discovery,0.10572681597282152,0.06390995420600909,0.12354206515339237,0.1698556140790437,0.08824416560137349,0.19141045529659986,0.9979164968532435
8,0.5333333333333333,P_terror-d3-v3,confirmation,0.03405456294925635,0.025224182279701246,0.042378917274329436,0.054112497166376894,0.024428406136374647,0.059370947238062605,0.9773009874326116
8,0.5333333333333333,P_terror-d3-v4,confirmation,0.06153293420619299,0.0558757859771859,0.08311681809713338,0.09683392584904604,0.059804749528882706,0.1138130803622806,0.9831213721958387
8,0.5333333333333333,P_ecstasy-d1-v1,confirmation,0.13778619221216148,0.11046777877943548,0.17660171265531094,0.11592150672626511,0.100484369829966,0.1534109002053404,0.9992632840199575
8,0.5333333333333333,P_ecstasy-d1-v2,discovery,0.07465951692110817,0.04777454280757176,0.08863662001320755,0.2005994120325778,0.10041530563078149,0.22432868232292363,0.9944786202270588
8,0.5333333333333333,P_ecstasy-d1-v3,discovery,0.02180446781342349,0.043217776407177055,0.04840672488619087,0.034144631494224864,0.02678108664083334,0.04339449805609271,0.9054258950975922
8,0.5333333333333333,P_ecstasy-d1-v4,discovery,0.05078941491417144,-0.028014935133212404,0.058003459016182465,-0.10784938853581227,-0.09789203237002564,0.1456514353141868,-0.3237541985272384
8,0.5333333333333333,P_ecstasy-d2-v1,confirmation,0.06243223288308686,0.06391180413267783,0.08934485105624032,-0.018079295045027255,0.01395649318649994,0.02283954052493102,-0.11601815132874287
8,0.5333333333333333,P_ecstasy-d2-v2,confirmation,-0.37586791264398833,-0.21067029748367183,0.4308812620632367,-0.6091542076347607,-0.2764431228539812,0.6689466711572714,0.9964032654390872
8,0.5333333333333333,P_ecstasy-d2-v3,confirmation,-0.1790438643701764,-0.0842595318217132,0.19787969595544766,-0.29814365765195383,-0.11833278617287402,0.3207682791073964,0.9980768081237209
8,0.5333333333333333,P_ecstasy-d2-v4,confirmation,-0.011471038211919193,-0.04143739257994383,0.04299583958342591,-0.06043889194755181,-0.05743052330438303,0.08337340503339855,0.8572711227538159
8,0.5333333333333333,P_ecstasy-d3-v1,confirmation,0.019160526365951114,-0.007872250943404602,0.020714683331787682,-0.16719154285808724,-0.0947352473467209,0.19216601961093957,-0.6174100298337647
8,0.5333333333333333,P_ecstasy-d3-v2,discovery,-0.060491415272888815,-0.02243191881683959,0.06451668236605451,-0.17415366341039995,-0.08675016439424654,0.19456384428174645,0.9942769272415269
8,0.5333333333333333,P_ecstasy-d3-v3,discovery,0.013682426860547992,0.002587241998770473,0.013924892313926417,-0.27507659837186793,-0.14323431352241034,0.310134170226491,-0.9573268427817568
8,0.5333333333333333,P_ecstasy-d3-v4,confirmation,-0.12239487067528287,-0.05381946435178353,0.1337050451955053,-0.2280695864844553,-0.08485326365378221,0.24334299380070246,0.9983132244485606
8,0.5333333333333333,P_loathing-d1-v1,discovery,-0.009921116036177402,-0.01606020430356736,0.018877465552229727,-0.19491801689228438,-0.09206774304761378,0.21556786082137172,0.8385639411261292
8,0.5333333333333333,P_loathing-d1-v2,confirmation,-0.012337913906168119,-0.015688655850444988,0.019958908836650323,-0.20540798455419473,-0.10192124254144197,0.22930412076499573,0.9031287639947843
8,0.5333333333333333,P_loathing-d1-v3,discovery,-0.01227403792080306,0.0023488826724404888,0.012496769850253412,-0.19121005690751325,-0.07781449681969299,0.2064373555776097,0.8388798606281085
8,0.5333333333333333,P_loathing-d1-v4,discovery,-0.06146703310735013,-0.07501093433835138,0.09697853592075176,-0.33902148876528315,-0.16280636790067282,0.37608706874025627,0.9061900789940712
8,0.5333333333333333,P_loathing-d2-v1,discovery,0.0011345564219897852,0.009027801009390934,0.00909881362265643,0.09722011652328932,0.05446736602577662,0.11143807705891141,0.5937370681487226
8,0.5333333333333333,P_loathing-d2-v2,confirmation,0.1883503960260029,0.10539392473455322,0.21583269227367943,0.27041325647627357,0.1318800864637737,0.30085824981840753,0.9984100697143357
8,0.5333333333333333,P_loathing-d2-v3,discovery,-0.004356950225473888,0.0037254845212402188,0.005732560526087572,-0.21611136903538597,-0.09002733990427192,0.23411331819567227,0.45168402086899667
8,0.5333333333333333,P_loathing-d2-v4,discovery,-0.15884892877601686,-0.12555280173878458,0.20247589534990734,-0.31016347759770646,-0.17099767841830804,0.3541773409747637,0.9864179584216229
8,0.5333333333333333,P_loathing-d3-v1,discovery,0.023367908272456717,-0.006850743588014296,0.024351423464320728,-0.17302426677662996,-0.05224502743933046,0.180739978382556,-0.8373249296569257
8,0.5333333333333333,P_loathing-d3-v2,confirmation,-0.06901106396009338,-0.0604463916485356,0.0917403575981272,-0.27348661445908284,-0.12402138016143294,0.30029357473219054,0.9572111125238402
8,0.5333333333333333,P_loathing-d3-v3,confirmation,-0.05014461350905819,-0.010990369897603713,0.05133488574506595,-0.26751113901750845,-0.11024473314897465,0.28933736482786554,0.9847016794743637
8,0.5333333333333333,P_loathing-d3-v4,confirmation,-0.16608373324851744,-0.0711186792656564,0.18067006666920785,-0.365743318491659,-0.16403249446193335,0.40084265524105,0.999855301039449
8,0.5333333333333333,P_amazement-d1-v1,confirmation,-0.01562870701453356,-0.025363674778255074,0.02979215469218739,-0.17980935085512684,-0.09327579825584831,0.202563020305306,0.8576944140748283
8,0.5333333333333333,P_amazement-d1-v2,confirmation,-0.028187171256258914,-0.010010480770816343,0.029911976676451065,-0.08955607585064707,-0.03648333319369268,0.0967022456962032,0.9989603775681347
8,0.5333333333333333,P_amazement-d1-v3,discovery,-0.17282616746666069,-0.0753569170698487,0.18854057683025768,-0.22094396201772426,-0.0939176421293717,0.2400765666516212,0.999957312594557
8,0.5333333333333333,P_amazement-d1-v4,confirmation,-0.08454083299129778,-0.09082124786340628,0.12407921464261765,-0.05577185549586705,-0.04464923766062867,0.07144266434790333,0.9893450783120242
8,0.5333333333333333,P_amazement-d2-v1,confirmation,-0.006555981699650104,0.0003586349428914559,0.006565783659884769,0.048783400691957635,0.03675561441371045,0.061080237180297946,-0.7646158054026911
8,0.5333333333333333,P_amazement-d2-v2,confirmation,-0.06894678845249302,-0.030886170776096122,0.07554876030169522,-0.17633661205989126,-0.09510344723936281,0.20034786355130133,0.9973038959286894
8,0.5333333333333333,P_amazement-d2-v3,discovery,0.014816585327658949,0.00385462774417622,0.01530977974426711,0.007993792018357482,0.013158099767538012,0.015395983252953988,0.7176654144878241
8,0.5333333333333333,P_amazement-d2-v4,discovery,-0.08885710629609367,-0.10108546857658496,0.1345877308548704,-0.190488724656789,-0.11807758876739882,0.22411664639310694,0.9568633589206543
8,0.5333333333333333,P_amazement-d3-v1,discovery,0.022092024965394863,0.012316695271085365,0.025293448746116186,-0.17289846922814567,-0.09505003288225256,0.19730278612415317,-0.9999823024384253
8,0.5333333333333333,P_amazement-d3-v2,confirmation,-0.02611410603046771,0.0066917094314051795,0.026957846888890573,-0.20587559946459777,-0.0965113612865367,0.22737459249504527,0.7717445988039201
8,0.5333333333333333,P_amazement-d3-v3,discovery,-0.012138423726307579,-0.0062458716939826076,0.013651089472165947,-0.13087201763911782,-0.05787341425839543,0.14309722945905493,0.9982680959876422
8,0.5333333333333333,P_amazement-d3-v4,confirmation,-0.00039743522083490745,0.011248999786424463,0.011256018432364871,-0.00867760246016891,0.007774409499343271,0.011650846643922854,0.6931647788833516
8,0.5333333333333333,P_admiration-d1-v1,confirmation,-0.029819931510193243,-0.02285247454353634,0.03756945445485724,-0.153497868110136,-0.07189547833948318,0.16950090064663315,0.9767949817285395
8,0.5333333333333333,P_admiration-d1-v2,confirmation,-0.020897164838840077,-0.028700541490723097,0.035502289787594996,-0.2870819403470861,-0.1344287132449895,0.3169970337686956,0.8758903411279049
8,0.5333333333333333,P_admiration-d1-v3,confirmation,-0.01944098972594155,-0.01759766432397747,0.026222697633606545,-0.30098480175938347,-0.1235287118368662,0.3253478039547999,0.9406624840113791
8,0.5333333333333333,P_admiration-d1-v4,discovery,-0.04757507841047648,-0.060107577453894834,0.07665708677701594,-0.34398910664239146,-0.19096290140238104,0.3934403832865229,0.9231973479196051
8,0.5333333333333333,P_admiration-d2-v1,confirmation,0.006499442575219838,0.018731904634134544,0.019827430620503794,-0.24546946690808236,-0.11460424896789956,0.2709047675210506,-0.696691467429181
8,0.5333333333333333,P_admiration-d2-v2,confirmation,-0.09341850662714002,-0.025292252175956875,0.09678179271214808,-0.3374951743540091,-0.15166293295553324,0.3700062674400497,0.9875543376441251
8,0.5333333333333333,P_admiration-d2-v3,confirmation,0.0342731648850485,-0.029521071448546543,0.045234317621778174,-0.12206641467910195,-0.08367194194493432,0.1479905519330438,-0.2559684151776048
8,0.5333333333333333,P_admiration-d2-v4,discovery,-0.060331697042133925,-0.08237675123962251,0.1021070164718296,-0.2335215719406163,-0.13642634884992955,0.2704523492634869,0.9171477995840246
8,0.5333333333333333,P_admiration-d3-v1,discovery,-0.1338942795220026,-0.05466134681191015,0.14462206236950187,-0.2894183833843047,-0.10407121810346887,0.307561081865577,0.9991011918072825
8,0.5333333333333333,P_admiration-d3-v2,discovery,-0.05903713013718992,-0.02522029271851256,0.06419848829717843,-0.17569286783301497,-0.06659300842920057,0.18788989482950072,0.9991420051205024
8,0.5333333333333333,P_admiration-d3-v3,discovery,-0.17945152559901612,-0.08074724573345549,0.19678152284539668,-0.4360524369784926,-0.1905976835165486,0.4758878069006987,0.9999421832691331
8,0.5333333333333333,P_admiration-d3-v4,discovery,-0.029446592421601636,-0.02115869725162245,0.03626006445981229,-0.1724375483513909,-0.08019957967044045,0.190175394467196,0.9824305051671229
8,0.5333333333333333,P_vigilance-d1-v1,discovery,-0.06657217422588779,-0.053949978041155866,0.08568812351664121,-0.31730649688679424,-0.15756945477576778,0.35427608731736593,0.9758673452085632
8,0.5333333333333333,P_vigilance-d1-v2,discovery,0.0037483957283406255,-0.010937299053235705,0.011561789702124533,-0.16799775293010555,-0.10954141347111834,0.20055564378699317,0.24511363940161565
8,0.5333333333333333,P_vigilance-d1-v3,discovery,0.1004739698140309,0.07161120754550065,0.12338226637696181,-0.000505035160322187,-0.002229046697347137,0.002285543631636866,-0.7459962072351641
8,0.5333333333333333,P_vigilance-d1-v4,confirmation,-0.11713521908326197,-0.10212887447032148,0.15540581247256635,-0.16170533142860588,-0.09961042466496561,0.18992327638909892,0.9864242372994202
8,0.5333333333333333,P_vigilance-d2-v1,discovery,0.0006397780548379473,-0.008903984850327618,0.00892694024704523,-0.23827393943535302,-0.10342848358432821,0.2597535782825637,0.33141351775849853
8,0.5333333333333333,P_vigilance-d2-v2,discovery,0.02400787082073208,0.019779420116789126,0.031106322854066202,-0.15567567938986482,-0.06587024560382071,0.16903788453895074,-0.9585728301502207
8,0.5333333333333333,P_vigilance-d2-v3,confirmation,-0.058036953990186824,-0.01898480416372461,0.06106317071356546,-0.0486841599157839,-0.022366162479223295,0.05357604549378981,0.9934508645941591
8,0.5333333333333333,P_vigilance-d2-v4,confirmation,-0.0368788312695445,-0.06041433172025279,0.07078092732517903,-0.19200023495779206,-0.12152104129758001,0.2272255568854338,0.8967322932991372
8,0.5333333333333333,P_vigilance-d3-v1,discovery,-0.13619540232629657,-0.10393915820943889,0.1713258189068669,-0.6701263715084931,-0.25087590889545375,0.7155473956735913,0.9571930228199386
8,0.5333333333333333,P_vigilance-d3-v2,confirmation,0.007306457632783037,0.012308003951080337,0.014313325413734666,-0.026102008354879302,-0.017448943005577533,0.03139714082794932,-0.902263326534577
8,0.5333333333333333,P_vigilance-d3-v3,discovery,0.09854612181689948,0.06028825744087918,0.1155249415079225,0.013167656298501917,0.0020165778628529196,0.01332117707533481,0.9221985955718792
8,0.5333333333333333,P_vigilance-d3-v4,confirmation,0.06049332118716322,0.034361422250515083,0.06957118115521314,0.11725089991321092,0.07080797949631323,0.136972783759432,0.9996432999974185
8,0.5333333333333333,P_rage-d4-v1,confirmation,0.07222460366106098,0.04587410130839764,0.08556182878392954,0.06457167272178532,0.041869402955962975,0.07695809133533754,0.9999559080161148
8,0.5333333333333333,P_rage-d4-v2,confirmation,0.06020958970507273,0.0455531826268647,0.07550024595913372,-0.12821802759958434,-0.05573493407543273,0.1398078877528754,-0.9718942156734078
8,0.5333333333333333,P_rage-d4-v3,discovery,0.12642857897964355,0.09192462297382065,0.15631481660959412,0.3135351939774198,0.1739000827322812,0.35853250429598776,0.9925338214477704
8,0.5333333333333333,P_rage-d4-v4,confirmation,0.02303257248082069,0.011314578730525326,0.025661626739813564,-0.05679049010940407,-0.02654081109391848,0.06268631764898452,-0.9998112006511233
8,0.5333333333333333,P_rage-d5-v1,confirmation,-0.07470999507288312,-0.05421088481625258,0.09230603120246923,-0.09955054338789271,-0.055708387102116674,0.11407775892935479,0.993101314044358
8,0.5333333333333333,P_rage-d5-v2,discovery,0.1039621089765772,0.056741336978703316,0.1184385892561562,0.10134861974398834,0.04572693692729857,0.11118675948495255,0.9971311629542136
8,0.5333333333333333,P_rage-d5-v3,confirmation,0.07624217485953011,0.04477920885901021,0.08841971936932408,-0.006573098153854318,0.0046969545915023225,0.008078799525600186,-0.40712744488982777
8,0.5333333333333333,P_rage-d5-v4,discovery,0.0014887168145678586,-0.0026747569212455247,0.003061143959654284,0.07108998339327943,0.023186486956938257,0.0747756572439254,0.1914146732810431
8,0.5333333333333333,P_rage-d6-v1,discovery,0.07413800941049331,0.042490229814614366,0.08545094539587691,0.09613333013248315,0.052223004311881205,0.10940228215955898,0.9997403601891884
8,0.5333333333333333,P_rage-d6-v2,confirmation,0.02268562959760434,0.0059610467344439755,0.023455742759715098,0.047988917959985056,0.021013993623093086,0.052388206449176834,0.9878906034985414
8,0.5333333333333333,P_rage-d6-v3,discovery,-0.030462108108686436,-0.018744677981407776,0.03576734520553592,-0.12384673019212045,-0.0592599783529848,0.1372944194556942,0.9944579308607361
8,0.5333333333333333,P_rage-d6-v4,discovery,0.050280638805986655,0.026097951460471336,0.05665020484668356,0.060466125802141946,0.0336049778078098,0.06917692464242571,0.9995941601369619
8,0.5333333333333333,P_grief-d4-v1,discovery,0.03413835931492315,0.02322406050464032,0.04128903683834239,0.008037844183578446,0.0005273397124363477,0.00805512422572106,0.861863644143164
8,0.5333333333333333,P_grief-d4-v2,confirmation,0.011187504260655956,0.005079158226573455,0.012286500717159626,0.0001575199624772594,-0.004703815534656819,0.0047064522862404175,-0.3826865667324977
8,0.5333333333333333,P_grief-d4-v3,confirmation,0.16720518010833985,0.09419240119136951,0.19191086654292996,0.2081893765480327,0.10968494441468701,0.23531596532898386,0.9996045073376297
8,0.5333333333333333,P_grief-d4-v4,confirmation,0.03900173873503565,0.024723686277134505,0.046177876602179854,0.07839092552904514,0.041192166017161025,0.08855468223919985,0.9967078202525163
8,0.5333333333333333,P_grief-d5-v1,confirmation,-0.012968240133686137,0.004090964503425276,0.01359820733527892,0.09695985371648952,0.050471551043014706,0.10930960935531096,-0.707017577344735
8,0.5333333333333333,P_grief-d5-v2,confirmation,-0.0008732646227267438,-0.002466294423286719,0.002616333175197924,-0.12191239322051306,-0.0474863577325797,0.1308341919815288,0.6531501809425291
8,0.5333333333333333,P_grief-d5-v3,confirmation,0.009191577642633675,0.009459243215694357,0.013189479966026823,-0.059736107377172054,-0.030301892586503953,0.06698214104446835,-0.9459425579950935
8,0.5333333333333333,P_grief-d5-v4,discovery,-0.016073333363731734,-0.00796795582750498,0.017939909851800325,-0.08113228363276903,-0.033563799752387435,0.08780077506085265,0.9976910757574653
8,0.5333333333333333,P_grief-d6-v1,confirmation,0.11818256126815552,0.06617847577133862,0.13545002193916023,0.12353464478109144,0.05926504340432093,0.13701515912812892,0.9980065773614026
8,0.5333333333333333,P_grief-d6-v2,confirmation,0.062191246944290235,0.04286202790869975,0.07553081909347896,0.07740497153168713,0.03467947968038709,0.08481860602912357,0.9834425025746317
8,0.5333333333333333,P_grief-d6-v3,discovery,0.014034542404179007,-0.016215502006351024,0.021445533003697358,-0.06492546048860826,-0.06184185946805787,0.08966454707477672,0.04763507058764688
8,0.5333333333333333,P_grief-d6-v4,discovery,0.023590091075209152,0.012739905476342628,0.02681040075199935,0.01818083126867398,0.013527579717519611,0.022661377686139066,0.9895762417757973
8,0.5333333333333333,P_terror-d4-v1,confirmation,0.015499558057797458,0.0030682226200484664,0.01580032563060683,-0.02807978794879995,-0.014694912315777131,0.031692506041932834,-0.959180686185433
8,0.5333333333333333,P_terror-d4-v2,confirmation,-0.04749803484978088,-0.04235387118897549,0.06363893241784722,-0.15966760827557236,-0.08093445756391526,0.17900874714272155,0.9666307204258837
8,0.5333333333333333,P_terror-d4-v3,confirmation,-0.0019993212440496677,-0.008641064291348144,0.008869344819326866,-0.020031114539411643,-0.015990972960596928,0.025631167860976814,0.7839983822034751
8,0.5333333333333333,P_terror-d4-v4,discovery,-0.049925141082519886,-0.030669700035312886,0.058593090141804145,-0.09834210580009195,-0.04501401876909661,0.10815466545157014,0.992613974219769
8,0.5333333333333333,P_terror-d5-v1,confirmation,-0.010184887905441364,-0.009442770671248546,0.013888767389376118,-0.10323263224051438,-0.05753621770891515,0.1181837243767219,0.9715417246389326
8,0.5333333333333333,P_terror-d5-v2,confirmation,0.05266782436921247,0.03190506826429562,0.06157786213190236,-0.12043009555053308,-0.05562333076952708,0.13265505207193107,-0.9937373441939283
8,0.5333333333333333,P_terror-d5-v3,discovery,-0.021410013510380743,-0.017099131244456167,0.02740016364604093,-0.0456742862763555,-0.018130394902806213,0.04914114005785965,0.9564981310637339
8,0.5333333333333333,P_terror-d5-v4,discovery,0.011799692725638522,0.008531043293419138,0.01456061290240484,0.07696181835132077,0.03724562891982819,0.08550063366768247,0.9846806080445109
8,0.5333333333333333,P_terror-d6-v1,discovery,-0.05193230708769825,-0.03756593047283552,0.06409495808361923,0.044269543052462446,0.019940925780214336,0.04855340320766241,-0.9794637450229489
8,0.5333333333333333,P_terror-d6-v2,confirmation,0.030691372270870154,0.01356374363038615,0.033554961974944605,0.12312102205746545,0.06435238906789742,0.1389244976640943,0.9978561452116684
8,0.5333333333333333,P_terror-d6-v3,discovery,-0.0023986205198323063,0.0031725260481829665,0.003977222890983108,0.08388331397157645,0.05945380551302604,0.10281617262296237,-0.03077717951420445
8,0.5333333333333333,P_terror-d6-v4,discovery,0.018336654015049803,0.008087581214762274,0.020041004225662386,-0.008168064882847936,0.012202881642832342,0.01468426383307615,-0.17358264238259258
8,0.5333333333333333,P_ecstasy-d4-v1,confirmation,0.07882380282484025,0.049281812688284354,0.09296176070628417,0.12029678603746419,0.059763352499928146,0.13432414166103615,0.995234068548516
8,0.5333333333333333,P_ecstasy-d4-v2,discovery,-0.013372041593417094,0.001083945073983017,0.013415902254395297,0.10295560030142381,0.04968568498099302,0.11431764048237268,-0.8625495152885314
8,0.5333333333333333,P_ecstasy-d4-v3,confirmation,-0.009043077473216421,0.00534191478844992,0.01050301403377403,-0.006116863262377148,-0.00024552920364939723,0.006121789016330432,0.8399065915135376
8,0.5333333333333333,P_ecstasy-d4-v4,discovery,0.07178670366848472,0.041364694032354876,0.0828514860215384,0.27876454495356473,0.12317889561212825,0.3047666514686139,0.9943159306542023
8,0.5333333333333333,P_ecstasy-d5-v1,confirmation,0.03674484749612272,0.026981825898189093,0.045587309048829634,0.08854672707148037,0.04148438860186987,0.09778280714288268,0.9810002087005208
8,0.5333333333333333,P_ecstasy-d5-v2,confirmation,0.013057358924636553,0.0015697515089456715,0.013151377946307491,0.10136196049150725,0.044740096327349654,0.11079676553971422,0.9565036752798681
8,0.5333333333333333,P_ecstasy-d5-v3,discovery,0.01838443945990864,0.01697392214749094,0.02502202324601529,0.002645002354982662,0.015497941651221758,0.015722030176874045,0.7922982053436485
8,0.5333333333333333,P_ecstasy-d5-v4,confirmation,-0.03221076982808935,-0.006255468268866693,0.032812567351259626,-0.01756177328551045,-0.004748432555459647,0.018192402058700704,0.9973908381058666
8,0.5333333333333333,P_ecstasy-d6-v1,confirmation,-0.05465352983067806,-0.01588487941249106,0.05691518002169719,0.039971830599405234,0.025617877164318514,0.047476550757965356,-0.9590701985919705
8,0.5333333333333333,P_ecstasy-d6-v2,confirmation,0.002448037819271498,-0.000607355898598172,0.002522255013305662,0.00028875110846904306,-0.0005206702379423334,0.0005953777786590856,0.6813008337124918
8,0.5333333333333333,P_ecstasy-d6-v3,confirmation,-0.02590882297510877,-0.011250092861021521,0.02824591470172512,-0.15125718918989195,-0.08289002605718121,0.17248041541400272,0.9958022515297059
8,0.5333333333333333,P_ecstasy-d6-v4,discovery,0.02370423233687191,0.01097799564116908,0.02612292133314977,0.028590333112917587,0.022265798011504412,0.03623772769637613,0.974129870887239
8,0.5333333333333333,P_loathing-d4-v1,confirmation,0.03885888782081359,0.034741967121903805,0.05212501743088457,0.11482035805567525,0.06698730252844598,0.1329323637195661,0.9797896314300842
8,0.5333333333333333,P_loathing-d4-v2,discovery,-0.00861813670486633,-0.017952247819377654,0.019913700862273544,-0.018568667828130714,-0.017329083819071833,0.02539867262121928,0.9314758661889392
8,0.5333333333333333,P_loathing-d4-v3,discovery,-0.030083988207398882,-0.014738405935654342,0.03350025307347761,-0.06385573534717093,-0.03577777674475602,0.0731956572859725,0.9984786519015725
8,0.5333333333333333,P_loathing-d4-v4,discovery,-0.017759429251182013,-0.003594028423323792,0.018119447222125697,0.013790038582636832,0.012174657964313162,0.01839531083343324,-0.8660310258444296
8,0.5333333333333333,P_loathing-d5-v1,discovery,0.04416421652026514,0.013698945405415941,0.04624001650161283,-0.07043915784491928,-0.02889609547400207,0.07613579507396041,-0.9960846221466116
8,0.5333333333333333,P_loathing-d5-v2,confirmation,0.00019091812730209767,0.00204503575823356,0.002053928183697388,-0.08559955842806266,-0.03748426839961416,0.09344706940580655,-0.48453835806828965
8,0.5333333333333333,P_loathing-d5-v3,discovery,-0.06668777509543666,-0.03778908845389051,0.07665033955146906,-0.10237778436398637,-0.05168776338407888,0.11468581261397338,0.9988480609968593
8,0.5333333333333333,P_loathing-d5-v4,discovery,0.03462704339475575,0.025994592455883314,0.04329839455695515,0.05127235907704586,0.026432732885045773,0.057684869533506856,0.9859292746246436
8,0.5333333333333333,P_loathing-d6-v1,discovery,0.052609710652162356,0.032534362040528286,0.06185682151782787,0.06784918873845669,0.033346799737117294,0.0756010678838211,0.9952958422859235
8,0.5333333333333333,P_loathing-d6-v2,confirmation,0.039935929506597745,0.018358885295860716,0.043953693074217495,0.033116562318495024,0.011000029765592778,0.03489566383719748,0.9939337882333825
8,0.5333333333333333,P_loathing-d6-v3,discovery,0.031696712239281055,0.014830435178351031,0.034994619220089555,0.039129756220413814,0.015737585134388166,0.04217593398765615,0.9984749345195005
8,0.5333333333333333,P_loathing-d6-v4,confirmation,-0.037606735738584085,-0.014383106960782044,0.040263387075070996,-0.04569797144262777,-0.02055040925505658,0.05010612651683962,0.9983582695600418
8,0.5333333333333333,P_amazement-d4-v1,confirmation,-0.006429745969614764,-0.01067057676775729,0.012458043256883438,-0.15145277132678192,-0.08367943130637467,0.17303233560904382,0.8659641216015523
8,0.5333333333333333,P_amazement-d4-v2,confirmation,0.0066844899695723825,0.009826325599491703,0.011884404946842722,0.032508481860821004,0.02790523343321194,0.04284277588879341,0.9653304736883299
8,0.5333333333333333,P_amazement-d4-v3,discovery,0.03254424321079252,0.021243801950331154,0.03886421088183972,0.06371448392977452,0.04276722204628092,0.07673702329380122,0.9999175811987275
8,0.5333333333333333,P_amazement-d4-v4,discovery,-0.07761061357927179,-0.05039783308425605,0.09253836458323424,-0.18839761602467187,-0.10976082261006104,0.21803921643552332,0.9988288487340607
8,0.5333333333333333,P_amazement-d5-v1,discovery,-0.012805707032502944,-0.010237343640110197,0.01639479604655087,-0.03408523445946976,-0.015765220098688193,0.037554565273973106,0.9710574107409302
8,0.5333333333333333,P_amazement-d5-v2,confirmation,0.02822040790374203,-0.0009176183629220347,0.02823532265998668,-0.07360588518618627,-0.04546760657931692,0.08651664338203129,-0.83324262234379
8,0.5333333333333333,P_amazement-d5-v3,discovery,-0.07289291306300072,-0.025848402192322872,0.07734026552001398,-0.14428161807638862,-0.057428305313907746,0.15529068087289807,0.9992768564036865
8,0.5333333333333333,P_amazement-d5-v4,confirmation,-0.03806425047832995,-0.01421872502611965,0.0406332290846475,-0.005940424820515933,8.980376123135514e-05,0.005941103581299778,0.9313799813794429
8,0.5333333333333333,P_amazement-d6-v1,confirmation,-0.06342336899658285,-0.030573944590330804,0.07040802385161314,-0.06012206975761547,-0.01757094451940233,0.06263706062103726,0.9864416547040474
8,0.5333333333333333,P_amazement-d6-v2,discovery,0.02178262446070267,0.01374421446161822,0.02575628388496597,0.1185311912604532,0.04968574371586909,0.12852360261921217,0.986261491854042
8,0.5333333333333333,P_amazement-d6-v3,discovery,0.033634242965277394,0.014172412018470304,0.03649821313802353,0.04513032025910535,0.013723303702409595,0.04717069928671806,0.9946389884168783
8,0.5333333333333333,P_amazement-d6-v4,confirmation,0.029701124024124503,0.01422865063285883,0.03293343691642857,0.0023850452521636534,-0.0017771901806504786,0.002974364771353518,0.4650198178343548
8,0.5333333333333333,P_admiration-d4-v1,discovery,-0.011080560360521297,-0.004282436151189728,0.011879312997483168,-0.06953682279028772,-0.03255439199672727,0.0767799333292525,0.9976166981827145
8,0.5333333333333333,P_admiration-d4-v2,discovery,0.03303326306622267,0.006640714115257573,0.03369414715885909,-0.0908327004299756,-0.04304457393014838,0.10051574410125858,-0.9703421209759138
8,0.5333333333333333,P_admiration-d4-v3,discovery,-0.01407893839669061,-0.019301143050392433,0.02389038780408391,-0.03999372006409896,-0.022024961632284956,0.04565738252976331,0.9059414208343313
8,0.5333333333333333,P_admiration-d4-v4,discovery,0.04941774343887406,0.03527047393610605,0.06071342271909826,0.005581289352516006,0.011378734940327817,0.012673847074931337,0.8800158298994432
8,0.5333333333333333,P_admiration-d5-v1,confirmation,0.02147677353362365,0.0062228563426831585,0.022360137353697747,0.1536021713633624,0.04723894052882205,0.16070203654535725,0.9998665799622759
8,0.5333333333333333,P_admiration-d5-v2,discovery,-0.004826477003810226,-0.0076835007039495196,0.009073646639356291,-0.05655941794734032,-0.013534797095495765,0.05815632803881417,0.7143917341263597
8,0.5333333333333333,P_admiration-d5-v3,confirmation,0.09084302025495727,0.05113006304672396,0.10424364573538544,-0.04279880092519983,-0.006991846023830739,0.043366153523869785,-0.9391281509637073
8,0.5333333333333333,P_admiration-d5-v4,discovery,0.00801686458927886,-0.0015321193229604901,0.008161954879967313,-0.06362540306528075,-0.032361810259046386,0.07138262168386615,-0.7903826040644399
8,0.5333333333333333,P_admiration-d6-v1,confirmation,0.008617564293533775,0.00980846436835936,0.013056354300437908,-0.05466691338308438,-0.019432911113725915,0.05801818209137221,-0.8735280094917113
8,0.5333333333333333,P_admiration-d6-v2,confirmation,-0.06010825730389069,-0.034493680789229764,0.06930235645704991,-0.05314716804637598,-0.02683213635575976,0.05953641753384069,0.9985721735772956
8,0.5333333333333333,P_admiration-d6-v3,confirmation,-0.023835008392453894,-0.02033176764341338,0.03132871527168165,-0.08468623679254472,-0.03597789967394638,0.09201178167512847,0.9539932884636767
8,0.5333333333333333,P_admiration-d6-v4,confirmation,0.01570113647174942,0.004203129891908297,0.016253983739156163,-0.03860623268683794,-0.015991045808700033,0.04178701650424707,-0.9914145039109539
8,0.5333333333333333,P_vigilance-d4-v1,discovery,-0.03397187347331343,-0.010456304734359101,0.03554465495661193,-0.11644377891594448,-0.05481055607522212,0.12869868183280056,0.9900272079955718
8,0.5333333333333333,P_vigilance-d4-v2,confirmation,0.03832537734883079,0.03060774175130021,0.04904761364271006,0.12110833810929922,0.07430355932250343,0.14208535634466038,0.9923717680514166
8,0.5333333333333333,P_vigilance-d4-v3,discovery,0.07414810509452963,0.03733151391183398,0.08301556131267718,0.09776173816934319,0.04479345680354907,0.10753516272504836,0.9993237772483853
8,0.5333333333333333,P_vigilance-d4-v4,discovery,-0.027385065343731085,-0.011633101615133867,0.029753501593399918,-0.005419687158652486,-0.007596188070125187,0.009331403007821218,0.8528457071016364
8,0.5333333333333333,P_vigilance-d5-v1,discovery,-0.05207842950740371,-0.023414204392036453,0.057099805492397925,-0.09081695883189678,-0.03680361969299817,0.09799095077598378,0.9992972330348856
8,0.5333333333333333,P_vigilance-d5-v2,confirmation,-0.008897098307714124,-0.016316225391976857,0.018584336666637308,-0.10687352888957591,-0.05903874800993947,0.12209637563782205,0.8435814009840712
8,0.5333333333333333,P_vigilance-d5-v3,confirmation,-0.001313163265699302,0.003512335720908588,0.003749786657765013,-0.04113435001946053,-0.010604242342279857,0.04247922677235655,0.10528385223027299
8,0.5333333333333333,P_vigilance-d5-v4,confirmation,-0.027134147494866312,-0.009390107463730146,0.028712994940506647,-0.08689820497495848,-0.032622560777839205,0.0928198766405866,0.9996628367687864
8,0.5333333333333333,P_vigilance-d6-v1,discovery,-0.03616519593422929,-0.01594205869255738,0.039523039259628544,-0.07408371282874393,-0.028425083573753174,0.07934974406175895,0.9988085016930913
8,0.5333333333333333,P_vigilance-d6-v2,discovery,0.03831103725508189,0.02179183997028744,0.04407516154083715,0.0696517868875346,0.04345171498393663,0.08209398852334926,0.9991761934555932
8,0.5333333333333333,P_vigilance-d6-v3,discovery,-0.011636704799832032,-0.007385169999688301,0.013782366796843347,0.046022508477054025,0.023456840326665063,0.05165553837325839,-0.9955719614421227
8,0.5333333333333333,P_vigilance-d6-v4,discovery,-0.013837362777150197,-0.014461587158800526,0.020015246982689125,-0.07911461743414527,-0.03431813958809782,0.08623721584408514,0.9217716593713736
9,0.6,P_rage-d1-v1,discovery,0.08392207670369256,0.06200438781259443,0.1043429876238699,0.1303258473740676,0.08257112886676987,0.15428161852956263,0.9974396551287052
9,0.6,P_rage-d1-v2,confirmation,0.022242799412701242,0.0274487544100408,0.03532953784549689,-0.023121956749914796,-0.0012740775553745642,0.02315703257246143,-0.6713734105806376
9,0.6,P_rage-d1-v3,discovery,-0.18212345673907038,-0.09484586064837774,0.205340426552395,-0.135642833122124,-0.06777165443494804,0.15163104999387952,0.9998592643889653
9,0.6,P_rage-d1-v4,discovery,0.09775680037909584,-0.00496093680617804,0.09788259760730343,-0.13768706839739053,-0.11420639559043622,0.17888775698081438,-0.7363379654987267
9,0.6,P_rage-d2-v1,discovery,-0.11725130715058274,-0.08519781142730842,0.14493631739672255,-0.15488923263216936,-0.08709823630319624,0.17769855697925543,0.9932661415097639
9,0.6,P_rage-d2-v2,discovery,0.014565159100975222,0.014540421817438975,0.020580761071101735,-0.01276208576559279,0.003966656765511445,0.013364325609013118,-0.4661184617949958
9,0.6,P_rage-d2-v3,confirmation,-0.036452490887196376,-0.03622619564156171,0.05139184120599143,-0.10633552992461581,-0.06075361685332936,0.12246732986845925,0.9655607929929513
9,0.6,P_rage-d2-v4,discovery,0.051414283538608885,0.007959927379204146,0.05202681035457269,-0.0474316220801736,-0.03332699288361596,0.05796936456285337,-0.8965444802106732
9,0.6,P_rage-d3-v1,discovery,0.04839595751156178,0.017237656443279903,0.05137417155650729,-0.1384308339048559,-0.04494542595181006,0.14554445056264922,-0.9996015895106175
9,0.6,P_rage-d3-v2,discovery,-0.05732688146776699,-0.023021307038766814,0.06177662921034605,-0.1243601986652596,-0.056531120452037786,0.13660610012596672,0.9989973123093183
9,0.6,P_rage-d3-v3,confirmation,0.025274589543683668,0.0017699073445669455,0.02533648453535012,-0.23889846971801676,-0.12121861908025178,0.2678925763162043,-0.9212002819896078
9,0.6,P_rage-d3-v4,confirmation,-0.019833298186542336,0.0011142698352450964,0.01986457435290373,-0.09304881497055906,-0.04058294974950227,0.101513830475438,0.8927441691795756
9,0.6,P_grief-d1-v1,discovery,-0.01061230300725402,0.0002760216400323756,0.01061589200508082,-0.06913336041622031,-0.022427214180067434,0.07268013111103773,0.942855516298726
9,0.6,P_grief-d1-v2,discovery,-0.005617418785980988,0.007248199337828609,0.009170157439106005,0.06435089877417521,0.02965152462425813,0.07085373021646166,-0.22557610401729772
9,0.6,P_grief-d1-v3,confirmation,-0.054312125328540795,-0.028828934190941347,0.06148914053951925,-0.060566060240022423,-0.04021466715915967,0.07270121806214817,0.99518649824524
9,0.6,P_grief-d1-v4,confirmation,-0.05014291343198263,-0.061069205496027124,0.07901746406563104,-0.18889530953973388,-0.11755716677121786,0.22248848380396635,0.9471236241324633
9,0.6,P_grief-d2-v1,confirmation,0.010368410984695764,-0.009628682126292532,0.014149751440811428,-0.22786745161694588,-0.08202525081996015,0.24218116623403757,-0.4589782901272772
9,0.6,P_grief-d2-v2,confirmation,0.050605501909121386,0.028613792586263287,0.058134894423605726,-0.011407996801767517,-0.0013313257262508316,0.011485417677146757,-0.9216690364915721
9,0.6,P_grief-d2-v3,confirmation,0.03767111694635794,0.02144294914775724,0.04334643145795833,0.053935884330971184,0.022424735445543575,0.05841188559160303,0.9923895213297281
9,0.6,P_grief-d2-v4,confirmation,-0.019342427086225022,-0.05265203748797287,0.056092482002678676,-0.07948560574840213,-0.05703087379445115,0.0978288407727958,0.8273835577993555
9,0.6,P_grief-d3-v1,discovery,0.07261854571869719,0.04688248872647094,0.08643738156310722,0.05175390825815018,0.01827497625384744,0.054885715601344885,0.9727860900025576
9,0.6,P_grief-d3-v2,confirmation,-0.03394304397344694,-0.01742518281547234,0.03815451782339786,-0.02497975726018309,-0.010250358040868157,0.02700107614047374,0.9963991147549849
9,0.6,P_grief-d3-v3,confirmation,-0.0737997880391239,-0.037230289313821,0.08265895690734568,-0.12424037799664633,-0.04704993532284307,0.13285092374023327,0.9944703805217419
9,0.6,P_grief-d3-v4,confirmation,0.02636394357990568,0.01833879241042169,0.03211493154526396,-0.11317608870242823,-0.05485891906013585,0.12577093485550006,-0.9877917573564838
9,0.6,P_terror-d1-v1,discovery,0.1576979200543125,0.10048703848766127,0.1869927241725652,0.07891872896904406,0.0505536806144149,0.09372214469245624,0.9999971418562453
9,0.6,P_terror-d1-v2,discovery,0.049221736473606725,0.027713892215177616,0.056487513338716454,0.03340473648186659,0.015648923224644395,0.03688855130679116,0.997211351075571
9,0.6,P_terror-d1-v3,confirmation,0.15966411278400905,0.10307383281519567,0.19004432094203622,0.13908137011953592,0.07476264606387151,0.1579021239907781,0.9968000334296317
9,0.6,P_terror-d1-v4,discovery,-0.06643546017494639,-0.06481049417202112,0.09281201712859424,-0.18031454279842585,-0.11544822353287154,0.2141065778099805,0.9793611982060386
9,0.6,P_terror-d2-v1,discovery,0.0399020835672097,0.001683896286771791,0.03993759857213739,-0.11672005412259256,-0.07905935511682305,0.1409750072384069,-0.8508575796022467
9,0.6,P_terror-d2-v2,discovery,0.05451076214486594,0.026824719752648107,0.06075350837130527,-0.04365667504169579,-0.0037258304416076804,0.04381537502037195,-0.9315405605541408
9,0.6,P_terror-d2-v3,confirmation,0.03511736138288679,0.030407751108916692,0.04645277599883663,0.04510842427731898,0.026426261373434734,0.05227922370272639,0.9831736466240022
9,0.6,P_terror-d2-v4,confirmation,-0.02512284496751427,-0.03454583738157613,0.04271501164293485,-0.14559184789751534,-0.09690074756921074,0.17489065456360195,0.9377203435187397
9,0.6,P_terror-d3-v1,discovery,0.006975874221657463,0.02396247177044941,0.02495722088907277,-0.04082517021961829,-0.005871404017867565,0.04124521679664006,-0.4133462842762612
9,0.6,P_terror-d3-v2,discovery,0.02389765469552252,0.03237229929238694,0.040237590154261295,0.09782856277724594,0.06794423091972002,0.11910854801538716,0.9467398557430564
9,0.6,P_terror-d3-v3,confirmation,0.023693784921172245,0.029830323625239963,0.038095191973230934,0.030789753789614238,0.02053675280055156,0.037010365494223735,0.9519310759311989
9,0.6,P_terror-d3-v4,confirmation,0.05263092763847954,0.05302039500829103,0.07470727428384791,0.04308067130784554,0.03222039840279578,0.053796824381830484,0.9892261712458238
9,0.6,P_ecstasy-d1-v1,confirmation,0.06508582499020044,0.06193743749943703,0.08984659581003428,0.04611042271453458,0.05943739500017209,0.07522615906265286,0.9887140756948471
9,0.6,P_ecstasy-d1-v2,discovery,0.0556547267275489,0.036504092811677324,0.06655822563080914,0.1623240005379203,0.07087727192174409,0.1771233153080181,0.985782934270721
9,0.6,P_ecstasy-d1-v3,discovery,-0.018535891669051008,0.010993066702722487,0.021550563693261027,0.03962688732473296,0.02239255363638515,0.045516114260835884,-0.4978671533310469
9,0.6,P_ecstasy-d1-v4,discovery,0.07946012684481651,-0.0004365266835124615,0.0794613258997089,-0.035149318070632596,-0.0568439565018819,0.06683344934700244,-0.521243651596255
9,0.6,P_ecstasy-d2-v1,confirmation,0.0344293175445487,0.0453916015027751,0.056971706956787806,0.06440504532519631,0.029777912594739053,0.07095585910860716,0.8828966542538043
9,0.6,P_ecstasy-d2-v2,confirmation,-0.21139256273831286,-0.1421657127221252,0.2547506731195452,-0.4253226962558707,-0.19472462821758407,0.46777887594978035,0.9867936305389947
9,0.6,P_ecstasy-d2-v3,confirmation,-0.09600913709756131,-0.05194457786624618,0.1091604029670138,-0.19344667060460763,-0.07088383505813667,0.20602459183446206,0.9895486213720401
9,0.6,P_ecstasy-d2-v4,confirmation,0.002321053416368457,-0.023953886993947293,0.02406607552303518,-0.008533340245352683,-0.039268686150474075,0.0401851665136203,0.9521580435550213
9,0.6,P_ecstasy-d3-v1,confirmation,0.03273041562960266,-0.002184878365067533,0.03280325899596987,-0.11085202668450034,-0.07235543022549251,0.13237628225319403,-0.7991355684415624
9,0.6,P_ecstasy-d3-v2,discovery,-0.019874371452722528,-0.007293912211617126,0.021170540758128253,-0.06849988287645914,-0.03099173025518054,0.07518458151974042,0.9973266472265294
9,0.6,P_ecstasy-d3-v3,discovery,0.022048474998127787,-0.0008850468248482457,0.02206623116042339,-0.15757707477760707,-0.0919371138994487,0.18243620092412519,-0.8428305438977537
9,0.6,P_ecstasy-d3-v4,confirmation,-0.09013129047622837,-0.04440847961875338,0.10047767207175676,-0.140080663796188,-0.054126036411918044,0.15017396640977734,0.996035254193329
9,0.6,P_loathing-d1-v1,discovery,0.024624569146239672,0.010510605126450301,0.026773909422460183,-0.009379783745074644,-0.018705821523880672,0.020925776018767953,-0.7631795051228876
9,0.6,P_loathing-d1-v2,confirmation,-0.05148736747751759,-0.016768102534943985,0.054149037594285375,-0.12992091178006415,-0.051443747688561636,0.1397351154649668,0.9980675062258884
9,0.6,P_loathing-d1-v3,discovery,0.031016662537997952,0.03733003271894386,0.048534160112167025,-0.06386751598934914,-0.010803863529882385,0.06477486446008275,-0.758404030426875
9,0.6,P_loathing-d1-v4,discovery,0.04507168703272235,-0.003925995067325161,0.045242351942005994,-0.1363729062150485,-0.06853137924906472,0.15262411176258342,-0.8511861393116885
9,0.6,P_loathing-d2-v1,discovery,-0.015351660239180553,0.007770003999793218,0.01720599994932116,0.11151750576093544,0.05764395072041939,0.12553477265601914,-0.5852377950410127
9,0.6,P_loathing-d2-v2,confirmation,0.103094325892088,0.06447628042515774,0.12159617908720498,0.20536210696455015,0.09860812674254982,0.22780947661718137,0.9938193503962106
9,0.6,P_loathing-d2-v3,discovery,-0.03602879346783627,-0.015493199547162106,0.039218786199424704,-0.210021523350429,-0.0921037751905871,0.22932977494166126,0.9999742989747193
9,0.6,P_loathing-d2-v4,discovery,-0.03603737130948126,-0.04547378695282589,0.05802204262802561,-0.17272614714055923,-0.10617129311084739,0.20274778762504805,0.9395406885342193
9,0.6,P_loathing-d3-v1,discovery,0.053607928431675944,0.021906129349428483,0.057911039481342255,-0.08370675048997533,-0.017285917707625664,0.08547293740468846,-0.9830673638150312
9,0.6,P_loathing-d3-v2,confirmation,0.011093203638099514,-0.010778676931366249,0.015467354115914952,-0.12192365640027791,-0.06022319900534834,0.1359860716707811,-0.3344185736249907
9,0.6,P_loathing-d3-v3,confirmation,0.009604732535553495,0.006997544819181023,0.011883455750578913,-0.10339137914671159,-0.04410369487454835,0.11240512970254662,-0.9744735395258814
9,0.6,P_loathing-d3-v4,confirmation,-0.058869531587183666,-0.017249753649913657,0.061344728789661504,-0.1788049941434764,-0.06749443062706906,0.1911196591047631,0.9971208995511948
9,0.6,P_amazement-d1-v1,confirmation,0.04815077968013082,0.013456190877644936,0.04999566637959848,-0.08545119165720294,-0.04129047801428065,0.09490421344852833,-0.9842679677434453
9,0.6,P_amazement-d1-v2,confirmation,-0.0038703973028875183,-0.0063523544073174065,0.007438573908913176,-0.038204376001388596,-0.018781915708809827,0.042571524559831236,0.8436994057255821
9,0.6,P_amazement-d1-v3,discovery,-0.09138683043645823,-0.03822278699560666,0.099058236522429,-0.13364631890799927,-0.05176757062864423,0.14332208457334938,0.9996465055796192
9,0.6,P_amazement-d1-v4,confirmation,-0.01183091047056628,-0.03915164497354695,0.04090014360240339,0.030008514344484816,-0.00028577784476091495,0.030009875077042676,-0.28013449299536625
9,0.6,P_amazement-d2-v1,confirmation,-0.04424436220059036,-0.02694435972836562,0.05180310905446313,-0.03596989816461971,-0.010682989894454487,0.037522791035024684,0.9668248779163048
9,0.6,P_amazement-d2-v2,confirmation,-0.041746146930812245,-0.02549622449968325,0.048916237051793064,-0.10661901013053576,-0.060528514692452795,0.12260226103987545,0.9994897983557185
9,0.6,P_amazement-d2-v3,discovery,0.010442956234681056,0.00600148504258069,0.01204463190121573,0.0396468195913684,0.02294427477584371,0.045807314358079665,0.9999954396188604
9,0.6,P_amazement-d2-v4,discovery,-0.006222624233327423,-0.04523066752373328,0.045656700899119884,-0.08733438534853377,-0.06328093816525904,0.10785069308669985,0.6916357119835491
9,0.6,P_amazement-d3-v1,discovery,0.05419928345349856,0.0266452298257418,0.060394789504884305,-0.080553332988333,-0.0466912396993342,0.09310698856793694,-0.9976623115982186
9,0.6,P_amazement-d3-v2,confirmation,-0.007372256970826996,0.009313900148676169,0.011878506169692264,-0.10597865157144248,-0.05650481859509515,0.1201010787352296,0.17875913935172935
9,0.6,P_amazement-d3-v3,discovery,0.0032134836034138914,0.00044618020721465257,0.0032443109664025793,-0.06815334350700564,-0.029965647940461082,0.07445010602863886,-0.9620783668474155
9,0.6,P_amazement-d3-v4,confirmation,-0.05377787080644314,-0.02257875560294309,0.058325462647560056,-0.11253750863207879,-0.04551506726328336,0.1213932131426482,0.9999132611039104
9,0.6,P_admiration-d1-v1,confirmation,-0.010142221771549664,-0.006888128909209534,0.01226013794103411,-0.03269192103227958,-0.0030427554944125745,0.03283321583061248,0.8757584830778173
9,0.6,P_admiration-d1-v2,confirmation,0.07535035702808468,0.017758234878237467,0.07741467051050777,-0.056434392063076544,-0.038991159189182056,0.06859410399185321,-0.9311843439484497
9,0.6,P_admiration-d1-v3,confirmation,0.010148313383989027,-0.003388229086127126,0.01069898877837194,-0.12432863085634782,-0.055679011242670384,0.13622687232545355,-0.736247127844816
9,0.6,P_admiration-d1-v4,discovery,0.04968742089755551,-0.007322434866773975,0.05022407637606672,-0.12489577751754233,-0.0835378158712281,0.15025818421053358,-0.7412695482391984
9,0.6,P_admiration-d2-v1,confirmation,0.01037377284273866,0.013528200010098246,0.017047796294711065,-0.1452577690130772,-0.06538390729426968,0.15929493021349467,-0.8806059211573823
9,0.6,P_admiration-d2-v2,confirmation,-0.0644870466761196,-0.017176146571070916,0.06673529201283934,-0.22044157715068735,-0.08568014404880664,0.23650703165214074,0.9939122723250372
9,0.6,P_admiration-d2-v3,confirmation,0.03010536279658016,-0.016421397753634714,0.034292786024130384,-0.047359914149350146,-0.052158054529940046,0.07045157287514606,-0.23563070465252423
9,0.6,P_admiration-d2-v4,discovery,-0.0018576777848178239,-0.03901491529471368,0.03905911650570055,-0.1272998070656346,-0.08744401111035582,0.15443994288400856,0.6047627165806263
9,0.6,P_admiration-d3-v1,discovery,-0.11862691160384564,-0.05402008608660047,0.13034766533187442,-0.19041541982847932,-0.06383866480230704,0.2008317884006348,0.9946141171241802
9,0.6,P_admiration-d3-v2,discovery,-0.045093887788803855,-0.019855152284161015,0.04927155150932897,-0.04472350694558269,-0.011852341860992155,0.04626737599109561,0.9879023724030603
9,0.6,P_admiration-d3-v3,discovery,-0.10406736928934546,-0.05893265194988295,0.11959546319426605,-0.2809343806713094,-0.1256137998144986,0.30773844892539687,0.9955095775299941
9,0.6,P_admiration-d3-v4,discovery,-0.03419945873225494,-0.028222861532048782,0.04434109708426718,-0.103771761383471,-0.053133431346315874,0.11658361800554015,0.9766067797348043
9,0.6,P_vigilance-d1-v1,discovery,0.012580328728464707,-0.0027791180667957605,0.012883639553535524,-0.10450215275542485,-0.03489936078881728,0.11017561124852535,-0.8578470224333881
9,0.6,P_vigilance-d1-v2,discovery,0.040576085829728825,0.009700118042910155,0.04171943229848546,-0.013796200785368029,-0.028115490315564706,0.03131798128543413,-0.6371801140377933
9,0.6,P_vigilance-d1-v3,discovery,0.03374453756576301,0.045568476062936014,0.05670255572922232,0.017789259775137456,0.025820653268657345,0.031355444480465414,0.9994174851197913
9,0.6,P_vigilance-d1-v4,confirmation,-0.04188172167707993,-0.048465411975277206,0.06405446720229378,-0.096030758545262,-0.06727312505810534,0.11725007437891836,0.9696370242501395
9,0.6,P_vigilance-d2-v1,discovery,0.004524364689771687,-0.009588562855864069,0.010602377727986726,-0.16288835687380132,-0.0688814868524763,0.17685382674981823,-0.0407941144159949
9,0.6,P_vigilance-d2-v2,discovery,0.05135567818707365,0.0366392902613093,0.06308599902440118,-0.03217533460080313,0.005719143887374045,0.03267966896218698,-0.6998545138239067
9,0.6,P_vigilance-d2-v3,confirmation,-0.02583382858837613,0.0017067869278708514,0.025890149114108064,0.0029713594971458868,0.015390342200584772,0.015674552954147675,-0.12442459926580382
9,0.6,P_vigilance-d2-v4,confirmation,0.03492546468733693,-0.010871497740476244,0.03657837539787133,-0.08551059573568764,-0.06232901254472356,0.10581572561709582,-0.5965243265662854
9,0.6,P_vigilance-d3-v1,discovery,-0.0638041591380274,-0.06632776226409298,0.09203446512189203,-0.35929104725567473,-0.13766305285212077,0.3847611892572395,0.9052238754678278
9,0.6,P_vigilance-d3-v2,confirmation,-0.038044289141822674,-0.015181163700233924,0.040961392403089845,-0.03304679442328151,-0.020721868997435777,0.03900623637832187,0.9837735122705052
9,0.6,P_vigilance-d3-v3,discovery,0.07529633875896291,0.04658724206962894,0.0885432648718055,0.005100956062316975,-0.0010668421356081481,0.005211324677277098,0.7246684192291509
9,0.6,P_vigilance-d3-v4,confirmation,0.026558057698419013,0.014019734917351201,0.030031373526120144,0.035273566606339735,0.02324365420253116,0.04224324752926472,0.9953055721738164
9,0.6,P_rage-d4-v1,confirmation,0.04036718702032349,0.03164953017954897,0.05129524879089636,0.056811177478952146,0.043704301684228675,0.07167688520193294,0.9999576744329016
9,0.6,P_rage-d4-v2,confirmation,0.07232752268549181,0.04994987889596825,0.08789915209797092,-0.07065361407044701,-0.031110794052746638,0.07719983606075911,-0.982077447066554
9,0.6,P_rage-d4-v3,discovery,0.060946260047740175,0.05115641473589072,0.0795702543821322,0.1912334712408823,0.10333725014800033,0.2173679548392259,0.9794926638737103
9,0.6,P_rage-d4-v4,confirmation,0.02222404254840704,0.01349722794394026,0.026001600515431513,-0.0005214312651986575,-0.00931524065771594,0.009329823099903382,-0.5660499137197043
9,0.6,P_rage-d5-v1,confirmation,-0.03600504278006067,-0.02946400408181038,0.04652408668772486,-0.06643142615583608,-0.03894056284693059,0.07700325847608043,0.9879148769232962
9,0.6,P_rage-d5-v2,discovery,0.09889016392663397,0.043903432641211104,0.10819785542753561,0.07191541593129891,0.031246967780359736,0.07841045876691809,0.9999685206139186
9,0.6,P_rage-d5-v3,confirmation,0.07158824062819136,0.05096864612056784,0.08787877493230946,-0.00440305831775234,0.008530525859811178,0.009599833019091286,0.141748575833563
9,0.6,P_rage-d5-v4,discovery,-0.03672925841756847,-0.018654928707368512,0.04119520347056834,0.036284650998851475,0.013739683670274339,0.03879890211678234,-0.9941767141714782
9,0.6,P_rage-d6-v1,discovery,0.07676535416393548,0.037603651914912106,0.08548072436083073,0.06824349129968343,0.03148591042310578,0.07515674726823807,0.9997303735802077
9,0.6,P_rage-d6-v2,confirmation,0.008153386718768196,0.009985021959408868,0.012891019297001418,0.03376126673180213,0.020066146071045843,0.03927433448806533,0.9394480224925258
9,0.6,P_rage-d6-v3,discovery,-0.01669963817739717,-0.0030672407099769927,0.016978983503994613,-0.024138671210558904,-0.01486673767834823,0.028349520930842628,0.9321920061049254
9,0.6,P_rage-d6-v4,discovery,0.04230174313955182,0.02061964291859475,0.047059612692147965,0.056756832519747835,0.023728695737376793,0.0615173881034599,0.9983439378147504
9,0.6,P_grief-d4-v1,discovery,0.005774240664772279,0.002988106111018851,0.006501586989760117,0.02947627055184876,0.006004602872274223,0.030081651904433546,0.9619947645753918
9,0.6,P_grief-d4-v2,confirmation,0.009698226534830212,0.0024323746461734075,0.00999860211930808,-0.002182662315077799,-0.0022478873736324623,0.0031332112003816513,-0.8502261737168015
9,0.6,P_grief-d4-v3,confirmation,0.07091148905183164,0.04318476184897424,0.08302627858395593,0.07089162231024693,0.04261903229579689,0.08271640724553309,0.9999836607250547
9,0.6,P_grief-d4-v4,confirmation,0.013780589779343266,0.010431763030180896,0.017283701414465277,0.07554260834636661,0.03680763940913234,0.08403266028542267,0.9811310743898685
9,0.6,P_grief-d5-v1,confirmation,-0.025442308045279916,-0.010032987773550772,0.02734907461570015,0.06574366805456222,0.0263217040791508,0.07081710241812247,-0.999986457834689
9,0.6,P_grief-d5-v2,confirmation,0.015658398154566378,0.0073243288379414295,0.017286735541831726,-0.06283565759168575,-0.023867585660058754,0.06721593196720416,-0.9972251251464138
9,0.6,P_grief-d5-v3,confirmation,0.013960514825408055,0.0076609871500128435,0.01592440574411177,-0.003259738549957092,-0.003494502357630047,0.004778853643035987,-0.9497842564403522
9,0.6,P_grief-d5-v4,discovery,0.006804615612080234,0.009901041620081763,0.012013884417238137,-0.01480976699331693,-0.001444077223525575,0.014880005289778795,-0.6437030149713643
9,0.6,P_grief-d6-v1,confirmation,0.06402214694439579,0.04284100366076604,0.07703367376694154,0.05720494951755928,0.028639217369267556,0.06397351812141225,0.9921270864035145
9,0.6,P_grief-d6-v2,confirmation,0.02668745221997515,0.02621105903142862,0.03740641283981254,0.07518111735531541,0.03610274914062339,0.08340029317876821,0.9464622492452687
9,0.6,P_grief-d6-v3,discovery,0.05270453461461777,0.008023363025869479,0.05331174657791969,0.03627173188716837,-0.00909710759191995,0.03739513204460701,0.922299124173485
9,0.6,P_grief-d6-v4,discovery,0.010852345656961582,0.008082974864001002,0.013531736359767172,0.011813572939920025,0.010807429239339417,0.016011278286574723,0.9949264346393102
9,0.6,P_terror-d4-v1,confirmation,0.02413232186024139,0.016546372434443235,0.029260064919709037,-0.035108818720431145,-0.025147778560513867,0.04318610793383374,-0.9997891007082835
9,0.6,P_terror-d4-v2,confirmation,-0.015122371966942438,-0.020216630716461736,0.02524674813579663,-0.0711934991753882,-0.04676716707763262,0.08518029256408553,0.9402767945335919
9,0.6,P_terror-d4-v3,confirmation,-0.023943054518213103,-0.014647572563682765,0.02806815351373291,-0.03773852183684889,-0.021055643040006622,0.04321499895011569,0.9991956244681247
9,0.6,P_terror-d4-v4,discovery,-0.0011507385805495929,0.004022658495447473,0.004184014896216434,-0.0004954288974645671,0.002041231620363959,0.002100494303828656,0.9991793147843117
9,0.6,P_terror-d5-v1,confirmation,0.002567968192750847,0.000958599223548795,0.0027410532848466122,-0.05757836765243951,-0.035377444328037466,0.06757833964150704,-0.9813015523211888
9,0.6,P_terror-d5-v2,confirmation,0.056652144811103256,0.03525953845840757,0.06672855883351697,-0.041077394160116576,-0.017727741354435,0.04473952530498423,-0.9888760162809014
9,0.6,P_terror-d5-v3,discovery,-0.007150834235844172,-0.0037850585070691167,0.008090803308105902,-0.008729651857849241,-0.00703514204163147,0.01121160314607957,0.9817204033894217
9,0.6,P_terror-d5-v4,discovery,-0.0006750417767431571,-0.0007021974372536377,0.000974044476004117,0.06603161871499852,0.034615239724918645,0.07455460744539219,-0.9485170027735502
9,0.6,P_terror-d6-v1,discovery,-0.026723732911321463,-0.02214255020789402,0.034705193133373474,0.01290875279298298,0.004285601633951419,0.013601554324240777,-0.931827711637414
9,0.6,P_terror-d6-v2,confirmation,0.04432957618269384,0.02232188432885973,0.049632427348742986,0.09403062606273549,0.054258516469762874,0.10856217226663033,0.9983827639802637
9,0.6,P_terror-d6-v3,discovery,0.022517846568472777,0.016245476495486244,0.02776632710040486,0.038926056625983474,0.03320162810124483,0.051162349369655045,0.9967032806561199
9,0.6,P_terror-d6-v4,discovery,0.04920429569785156,0.025399586437313992,0.05537329416161006,0.03405798258489012,0.02550365224952955,0.04254858935167666,0.9862166711163085
9,0.6,P_ecstasy-d4-v1,confirmation,0.07185019952448712,0.039311020188942614,0.08190120560775685,0.08144032432491155,0.03432733364361695,0.08837925243645692,0.9948301508343061
9,0.6,P_ecstasy-d4-v2,discovery,-0.013891414932965418,-0.005236277626332608,0.01484553846176844,0.042226465836022964,0.02025497030615586,0.0468330891475682,-0.996236787423094
9,0.6,P_ecstasy-d4-v3,confirmation,-0.012681371690018928,-0.0007077927072938195,0.012701108552284396,-0.002139665296529092,-0.00602499022321723,0.006393643309650151,0.3866487297351276
9,0.6,P_ecstasy-d4-v4,discovery,0.02794746947316007,0.013918368256655711,0.031221499401551736,0.15971235312151766,0.07083524191435098,0.17471596159674987,0.9990050779571343
9,0.6,P_ecstasy-d5-v1,confirmation,-0.020168071312632208,-0.0002916017385139469,0.020170179276479485,0.03186972164146695,0.015127969514103334,0.03527796223032485,-0.9094940606068879
9,0.6,P_ecstasy-d5-v2,confirmation,-0.002312402971698546,-0.00572706776690346,0.006176286320291899,0.049952256122682615,0.024696727162281995,0.05572392865075362,-0.7465841341277788
9,0.6,P_ecstasy-d5-v3,discovery,0.01789224957914204,0.01044394373060431,0.020717349146315452,-0.02391035234836547,-0.005636432813774572,0.024565714406204045,-0.9562619221415547
9,0.6,P_ecstasy-d5-v4,confirmation,-0.02640579974476065,-0.0025999463507924148,0.026533487919747762,-0.023638307028182926,-0.005376466071839392,0.024242028516200588,0.9921355027232321
9,0.6,P_ecstasy-d6-v1,confirmation,-0.033030134099639064,-0.007550738534640722,0.03388219902926384,0.05425271584927893,0.027431480416677534,0.060793447795573864,-0.9705248960227875
9,0.6,P_ecstasy-d6-v2,confirmation,-0.006211224592307829,-0.006505071446498256,0.0089941795323496,-0.010917734106405064,-0.0005970876825558413,0.01093404919134811,0.7290477346298858
9,0.6,P_ecstasy-d6-v3,confirmation,0.010002912294181598,0.004613786923846952,0.011015683553177736,-0.08458672617619456,-0.04720157889802756,0.09686538750076437,-0.9970508792352423
9,0.6,P_ecstasy-d6-v4,discovery,0.034519829701339155,0.017978850057985163,0.038921172798580594,0.00633324746676589,0.005732575434072462,0.0085423910342847,0.9675404735672481
9,0.6,P_loathing-d4-v1,confirmation,0.034772606246127324,0.029379840363578325,0.04552262256216748,0.09274828757690701,0.05370288875796403,0.1071739012511857,0.984431725915944
9,0.6,P_loathing-d4-v2,discovery,-0.00908531921151301,-0.015624516198599281,0.018073973874479808,-0.017767031595504967,-0.018155847666658786,0.02540279937744246,0.9694333693512508
9,0.6,P_loathing-d4-v3,discovery,-0.006837414186183111,-0.00303690060978834,0.007481510413489434,-0.005792406055827204,-0.013498869532149627,0.014689160852873154,0.7334115022256049
9,0.6,P_loathing-d4-v4,discovery,-0.05055357396013349,-0.01641648827490716,0.05315228054771358,-0.00342837912695515,0.004384135640286502,0.005565467523090229,0.342592233279914
9,0.6,P_loathing-d5-v1,discovery,0.06665249248581784,0.03083537058512409,0.07343959990151049,-0.03860154851523134,-0.01864712002270341,0.04286950702906281,-0.9998605079314814
9,0.6,P_loathing-d5-v2,confirmation,0.00913309577673882,0.004681062256025825,0.010262835003636863,-0.007264554777857146,-0.009364697938804678,0.011852059888708784,-0.9058572181890976
9,0.6,P_loathing-d5-v3,discovery,-0.01738771423666652,-0.008282907123608574,0.019259780808573632,-0.06138841688618557,-0.028935566532640067,0.06786607943853065,0.9999916195967978
9,0.6,P_loathing-d5-v4,discovery,-0.011379783200238691,0.004700129825144117,0.012312216943249661,0.008292423502219037,0.005356442848783338,0.009871968776917643,-0.5692503795244641
9,0.6,P_loathing-d6-v1,discovery,0.033462636284920855,0.01919442737132382,0.038576859245536395,0.022825668213813266,0.012404778583513298,0.02597863855387875,0.9997359462216763
9,0.6,P_loathing-d6-v2,confirmation,0.07427619856005929,0.042089289574975375,0.0853724895353268,0.06235790360736404,0.031320605877558805,0.0697817203488326,0.9987462549888558
9,0.6,P_loathing-d6-v3,discovery,0.0411108173946797,0.014949915293254179,0.04374470566976276,0.01686679393536794,0.004083600225448514,0.01735409255649652,0.9938187313304097
9,0.6,P_loathing-d6-v4,confirmation,-0.01127951616629197,-0.0021956656864521307,0.011491232864767175,-0.03786391405595113,-0.021771767304514356,0.04367706307890188,0.9461785777719753
9,0.6,P_amazement-d4-v1,confirmation,0.011387149681779896,0.005129037118613233,0.01248896311305996,-0.0684140895240879,-0.03652535503219445,0.07755378266492077,-0.9977441384999188
9,0.6,P_amazement-d4-v2,confirmation,0.03432998490442074,0.02321379305258109,0.04144186351294809,0.021979061107918252,0.017002075319779486,0.027787581621383665,0.9979630655336788
9,0.6,P_amazement-d4-v3,discovery,0.025389916266731483,0.020241030825558504,0.03247071260247988,0.06439399609486918,0.03946053651202508,0.07552298110431613,0.992413235268258
9,0.6,P_amazement-d4-v4,discovery,-0.033788201168019505,-0.02164095424419976,0.040124474311448645,-0.07857864677504534,-0.053897762341916344,0.09528679087083916,0.9995024604533614
9,0.6,P_amazement-d5-v1,discovery,-0.009275857525321562,-0.00802802722817475,0.012267467302030188,-0.03137405494522327,-0.01731125923016208,0.03583309950087713,0.9781954995058825
9,0.6,P_amazement-d5-v2,confirmation,-0.008079964549125407,-0.016888530310557037,0.018721866444500856,-0.037906726906837385,-0.027068845178673584,0.04657941953370125,0.8754484348147239
9,0.6,P_amazement-d5-v3,discovery,-0.036298400045299495,-0.011873422234478959,0.038190993721122495,-0.03941534538136615,-0.007597590486553507,0.04014091220604921,0.9921084257420175
9,0.6,P_amazement-d5-v4,confirmation,0.005518186630249389,0.0011243551772546212,0.005631568009966885,0.00814569948478061,0.005301747835142034,0.009719102335287368,0.9301482964600212
9,0.6,P_amazement-d6-v1,confirmation,-0.0007937018631967163,-0.00624749598656571,0.0062977113898460444,0.009950343969543862,0.012857233539353086,0.01625785346833043,-0.8616610480772333
9,0.6,P_amazement-d6-v2,discovery,0.007333172183949799,0.010823681315541123,0.01307392410486802,0.0729316989777824,0.03925407233758493,0.08282460329437272,0.886273125516546
9,0.6,P_amazement-d6-v3,discovery,0.04541768922852096,0.016299426345953272,0.04825388890095455,0.024207965799078135,0.005723285937553335,0.02487532130550945,0.9936893693511045
9,0.6,P_amazement-d6-v4,confirmation,0.026552920915968947,0.013205691780481033,0.02965548692182891,0.02553282447583083,0.009863945638445948,0.027371929951536166,0.9956923794930498
9,0.6,P_admiration-d4-v1,discovery,-0.02303169068217592,-0.01401594514065252,0.026961184949204478,-0.027534925276490263,-0.011287915793614989,0.029758849993668186,0.9876022082225565
9,0.6,P_admiration-d4-v2,discovery,0.04344608118283588,0.022588854322676433,0.04896752301022244,-0.010004137676427494,0.0009495120447247096,0.010049096664476533,-0.8396860583554767
9,0.6,P_admiration-d4-v3,discovery,0.008226213916295855,-0.0033040994271464896,0.00886496860801714,-0.0020199189339988877,-0.010444518066830888,0.010638046350166182,0.1897382031193554
9,0.6,P_admiration-d4-v4,discovery,0.03298103776791628,0.022511706918697527,0.03993151387866548,-0.008445092032305812,0.002607949428713674,0.008838607336953208,-0.6228229914979831
9,0.6,P_admiration-d5-v1,confirmation,-0.009649641420116595,-0.00930703654712417,0.013406584532472647,0.04957402995818638,0.008708751886677302,0.050333158113900094,-0.8290275894915481
9,0.6,P_admiration-d5-v2,discovery,0.0027842472723369482,-0.005014251597098784,0.00573539466405961,-0.03774944149281634,-0.012821537054558352,0.039867432140294375,-0.17849286122349126
9,0.6,P_admiration-d5-v3,confirmation,0.06728721687917272,0.029240280986189582,0.07336595659770372,0.009810380494698734,0.01546619978207131,0.01831520955789772,0.8278176481572942
9,0.6,P_admiration-d5-v4,discovery,0.011078041644726255,0.0083377178655617,0.013865083695672232,-0.024961803556570406,-0.011885603851385262,0.027647047142667427,-0.9799078096027103
9,0.6,P_admiration-d6-v1,confirmation,-0.006986499279473257,0.002670494231410636,0.0074794860533380116,-0.018142658764758846,-0.007886928154471562,0.019782813317834172,0.7143005364900328
9,0.6,P_admiration-d6-v2,confirmation,-0.019927229213474007,-0.01790477122109202,0.02678946241726356,-0.03659873285104798,-0.01739807877949051,0.04052357821712856,0.9587465771515645
9,0.6,P_admiration-d6-v3,confirmation,-0.007671868361594392,-0.01018068932481686,0.012747705647922413,-0.042539173156667776,-0.014695509318336075,0.045005991234259766,0.8296080944673611
9,0.6,P_admiration-d6-v4,confirmation,0.02977551422573299,0.015506283571424362,0.033571209057825915,-0.0027569854272178063,0.001679963416212349,0.003228505184400858,-0.5170527422520883
9,0.6,P_vigilance-d4-v1,discovery,-0.01291179934402642,-0.0007193729213677003,0.012931823525721272,-0.05629454087853869,-0.03089369621498772,0.0642144516331753,0.9020699942042518
9,0.6,P_vigilance-d4-v2,confirmation,0.025112256273914113,0.01539542465040089,0.029455806139586642,0.05939331783221302,0.039253524444375465,0.07119273407043344,0.9994208610793566
9,0.6,P_vigilance-d4-v3,discovery,0.01670555993395606,0.004202868430020601,0.017226138155345842,0.06697081650332093,0.027057087251754375,0.07223002307676865,0.9905629551927397
9,0.6,P_vigilance-d4-v4,discovery,-0.02382662495001142,-0.008654178250124822,0.02534961257481937,0.016464431721201933,0.003438010767362165,0.016819554986343088,-0.989858073904717
9,0.6,P_vigilance-d5-v1,discovery,-0.047777572856698924,-0.024305034074243004,0.0536043948704515,-0.06432205249200962,-0.030951239380960338,0.07138140973672592,0.9997556953398941
9,0.6,P_vigilance-d5-v2,confirmation,0.02902806024888438,0.003046165223859809,0.029187452858787016,-0.07267392942628703,-0.036647357727841,0.08139120865725791,-0.9350122819560396
9,0.6,P_vigilance-d5-v3,confirmation,0.03416886105281591,0.01608865328810971,0.03776712631736288,-0.026858322933259515,-0.009596502665994322,0.02852126179196303,-0.9953089980712184
9,0.6,P_vigilance-d5-v4,confirmation,0.018499165172366716,0.01331848227433241,0.022794759971673583,-0.0013786279588812178,-0.0022133004485205277,0.0026075494097773416,-0.9250116241580473
9,0.6,P_vigilance-d6-v1,discovery,0.0006566694284728669,-0.0011848166150105754,0.0013546236191267298,-0.018436617203763106,-0.0052075859048783535,0.01915796974824789,-0.22875946227013358
9,0.6,P_vigilance-d6-v2,discovery,0.005378972356928635,0.008900024124860018,0.010399219828414664,0.012876813017979938,0.011314175695407602,0.01714126264796645,0.9534640531359381
9,0.6,P_vigilance-d6-v3,discovery,0.0035574057203255904,-0.00041701452776177206,0.003581764450011978,0.023305988184948667,0.01262235671318468,0.02650458402374663,0.8178926710874147
9,0.6,P_vigilance-d6-v4,discovery,0.0011390810407423402,-0.006696316194531704,0.00679250735697255,-0.03859441549774001,-0.01976255619437639,0.043359976187125365,0.30005864039644886
10,0.6666666666666666,P_rage-d1-v1,discovery,-0.09377409421190741,-0.018706792814050743,0.09562178016880625,-0.06714196228134472,-0.007237406337844643,0.0675309051434126,0.9959953065903234
10,0.6666666666666666,P_rage-d1-v2,confirmation,-0.023195032505384905,0.008528847083001168,0.02471337219990586,-0.03354673751662807,-0.008655609490762828,0.034645391809966945,0.822578400348922
10,0.6666666666666666,P_rage-d1-v3,discovery,-0.05162940463973964,-0.022731878322372445,0.05641217701451625,-0.04300338134272641,-0.018114028705391583,0.04666271362498864,0.9998706900967714
10,0.6666666666666666,P_rage-d1-v4,discovery,0.12138976164511117,0.042737005534625894,0.128693146182396,0.041451558634696184,0.00951012104503679,0.042528509444100054,0.9936236158535504
10,0.6666666666666666,P_rage-d2-v1,discovery,0.02371451810779579,0.002909336893029746,0.02389231278554084,-0.05576216463872008,-0.034454711242017044,0.06554804445570059,-0.9083828172924152
10,0.6666666666666666,P_rage-d2-v2,discovery,0.024547082418480137,0.015330547491411828,0.028941059787887694,0.011145472669239265,0.011596649441351747,0.016084273041899133,0.9696579791389753
10,0.6666666666666666,P_rage-d2-v3,confirmation,0.020584557067333087,0.007483190999335143,0.021902560060203535,-0.010209242260116547,0.005046436194533044,0.01138837766282989,-0.6911201020736649
10,0.6666666666666666,P_rage-d2-v4,discovery,0.012904050698001157,0.0008898243774462244,0.01293469411463919,-0.06310294498919244,-0.03274081527270489,0.07109108700132832,-0.9172149482477076
10,0.6666666666666666,P_rage-d3-v1,discovery,0.0462457234783713,0.01594855744775625,0.048918538660740515,-0.02754823881337609,-0.013029035478918871,0.030473943414493103,-0.9939907568847837
10,0.6666666666666666,P_rage-d3-v2,discovery,-0.03485045150346533,-0.009647710657813668,0.03616119869324412,-0.0316352517314713,-0.011572017511186417,0.03368531937495566,0.9967529438778554
10,0.6666666666666666,P_rage-d3-v3,confirmation,0.013463513955566775,0.007189646273390693,0.01526293620402778,-0.08127706523869804,-0.03764407644534273,0.08957141187476272,-0.9983905987097416
10,0.6666666666666666,P_rage-d3-v4,confirmation,-0.027228571720939065,-0.0032358224110993206,0.027420168938912377,-0.12294379479998074,-0.047246306024955054,0.13170949135435714,0.9692559819883169
10,0.6666666666666666,P_grief-d1-v1,discovery,-0.014807469516485483,0.004398134406076615,0.015446835913401867,-0.02280791651805769,0.005691840548096572,0.023507405316615555,0.9990250352655133
10,0.6666666666666666,P_grief-d1-v2,discovery,-0.04723772359928091,-0.019506927913199412,0.05110697376535632,0.07846059120934123,0.02264064374383734,0.08166188292009141,-0.9938798053497768
10,0.6666666666666666,P_grief-d1-v3,confirmation,-0.0284024348711176,-0.011241459234668127,0.030546173448286158,-0.007593611796213651,-0.004679775210354009,0.008919822651322112,0.9846517503176917
10,0.6666666666666666,P_grief-d1-v4,confirmation,-0.08406243909114597,-0.039645081938791904,0.09294205822923307,-0.0854966941168378,-0.03799921704675757,0.09356081017752421,0.9997479738563066
10,0.6666666666666666,P_grief-d2-v1,confirmation,0.03814447506790852,0.013717933883231836,0.04053618985833542,-0.06996621569159389,-0.017573651480815577,0.0721394799300065,-0.9950890491012251
10,0.6666666666666666,P_grief-d2-v2,confirmation,0.06908512742082795,0.03197023680346334,0.0761239178709396,0.11178924594315598,0.05475335809850357,0.12447797287714153,0.9997573955257741
10,0.6666666666666666,P_grief-d2-v3,confirmation,-0.025426912901520993,-0.010498066445205012,0.027508858551191725,0.005793708075427784,0.005216085844880425,0.007795806873213257,-0.9422774269224828
10,0.6666666666666666,P_grief-d2-v4,confirmation,0.010621649466431293,-0.0013236053981096063,0.010703801597453358,-0.018722671203677432,-0.004168143657441004,0.019181028088975777,-0.9417405354967207
10,0.6666666666666666,P_grief-d3-v1,discovery,0.05280978351992527,0.02504112857270524,0.05844596954124489,0.0751327495093812,0.03256172345947883,0.08188526047764026,0.9994281284364575
10,0.6666666666666666,P_grief-d3-v2,confirmation,-0.02925184643330958,-0.01910280180003987,0.03493690822567923,-0.011859876308687678,-0.01223069086146289,0.01703662129079716,0.975398250196001
10,0.6666666666666666,P_grief-d3-v3,confirmation,-0.030892758007020404,-0.012507592670787382,0.03332870192039674,-0.01798616605796699,-0.005334495092313318,0.018760570549817474,0.9953595765990499
10,0.6666666666666666,P_grief-d3-v4,confirmation,0.015486369230817587,0.0014271116746940038,0.01555198635818787,-0.06143807956419822,-0.030928423762885515,0.06878375547317384,-0.9306990164452033
10,0.6666666666666666,P_terror-d1-v1,discovery,0.10144102306876279,0.04997749432087417,0.11308417705333614,0.033168209009716065,0.025029527441263077,0.04155246482274128,0.9822520799361608
10,0.6666666666666666,P_terror-d1-v2,discovery,0.043773280391649294,0.020411878310820697,0.04829849741370534,0.015081516589812605,0.009654392586020855,0.017906966210215713,0.9911573582188109
10,0.6666666666666666,P_terror-d1-v3,confirmation,0.10885770309127363,0.05881770544079501,0.12373165316776469,0.054876491503097924,0.028170829505217654,0.06168488432915815,0.9997772196173954
10,0.6666666666666666,P_terror-d1-v4,discovery,-0.04051879470239772,-0.02676496590222044,0.048560643775408044,-0.08180306099213253,-0.04423387220861841,0.09299664638174292,0.9961254228199612
10,0.6666666666666666,P_terror-d2-v1,discovery,0.0401267308120703,0.010129656117558561,0.04138555857692806,-0.04094103877668598,-0.03769279513373647,0.055649936757447734,-0.8790941891189726
10,0.6666666666666666,P_terror-d2-v2,discovery,0.03091115585692883,0.016326598984010232,0.03495793745054232,-0.03914578415296033,-0.012978077639731467,0.041241034373219326,-0.9862855135314982
10,0.6666666666666666,P_terror-d2-v3,confirmation,-0.0377425639996849,-0.01129295584254919,0.03939583720308627,-0.018064119098275988,-0.0097613600979356,0.020532816410767145,0.979124049314317
10,0.6666666666666666,P_terror-d2-v4,confirmation,-0.03042262435191212,-0.02163059210218421,0.03732852243457582,-0.04392615927952548,-0.03388612678045355,0.055477716762960004,0.9992393816204301
10,0.6666666666666666,P_terror-d3-v1,discovery,0.013051070255194475,0.010629278446532275,0.01683187437868812,-0.018639713342200714,-0.005270867792187772,0.01937062107321646,-0.9179554225822648
10,0.6666666666666666,P_terror-d3-v2,discovery,-0.03538045210757712,-0.003034030275006927,0.035510304575520284,-0.008091453094510648,0.009221238705213075,0.01226796056560281,0.5929261192821906
10,0.6666666666666666,P_terror-d3-v3,confirmation,-0.002336469554739651,0.0020016135941496316,0.003076612903910713,0.005010173626590841,6.739814581679937e-05,0.005010626934690505,-0.7506093429680125
10,0.6666666666666666,P_terror-d3-v4,confirmation,0.0284278851192159,0.01631888852708041,0.03277881595040635,0.04716442520426911,0.022480456179852393,0.052248003932239925,0.9970882260051859
10,0.6666666666666666,P_ecstasy-d1-v1,confirmation,-0.14890888927797796,-0.050404599400278194,0.1572083997332955,-0.05825765614896827,0.0022372565871164873,0.058300598770578825,0.9342055246437285
10,0.6666666666666666,P_ecstasy-d1-v2,discovery,-0.022311021155428712,-0.003239479566189196,0.022544974891486238,-0.03109464766571568,-0.007425840271980011,0.03196905092741975,0.99593161910115
10,0.6666666666666666,P_ecstasy-d1-v3,discovery,-0.1084060417696846,-0.026798569628592617,0.11166930297225433,-0.02676557878471364,-0.003526039804492065,0.02699683619210917,0.9938055215005859
10,0.6666666666666666,P_ecstasy-d1-v4,discovery,0.07293789497070602,0.01958707937103732,0.0755221172971538,0.024682267310500272,0.003560059779238678,0.02493768925178801,0.9929151144519149
10,0.6666666666666666,P_ecstasy-d2-v1,confirmation,-0.09109870272386456,-0.03008100126386104,0.09593664719494556,-0.022757846523913106,-0.011423260475699859,0.02546390500888798,0.9893208761343886
10,0.6666666666666666,P_ecstasy-d2-v2,confirmation,-0.06947080086167112,-0.028472312620948514,0.07507905672254407,-0.1584643937802288,-0.04977971788012203,0.16609932091480675,0.9964245206158516
10,0.6666666666666666,P_ecstasy-d2-v3,confirmation,-0.0224315864756246,-0.007323085482237701,0.023596687326690263,-0.0653130608530299,-0.02159584562314265,0.06879081672847182,0.9999928554924955
10,0.6666666666666666,P_ecstasy-d2-v4,confirmation,0.006122444640183744,0.002907555960149466,0.006777773235622104,0.058058121173288235,0.016877029035452296,0.06046138886294061,0.98715196069158
10,0.6666666666666666,P_ecstasy-d3-v1,confirmation,0.01886111740738805,-0.005931760666053165,0.019771887478301407,-0.07998959306155307,-0.048109749173217864,0.09334282491794854,-0.6628421990252445
10,0.6666666666666666,P_ecstasy-d3-v2,discovery,-0.04948591962635707,-0.018749568525760374,0.0529188299300774,-0.09445925278015288,-0.03970505593900864,0.10246483251781864,0.9993612718832925
10,0.6666666666666666,P_ecstasy-d3-v3,discovery,0.002030800062422955,-0.0009233067881142532,0.00223083937532825,-0.05733025166939587,-0.02604929518858956,0.06297081495660146,-0.6575758235134697
10,0.6666666666666666,P_ecstasy-d3-v4,confirmation,-0.06000109459029712,-0.019922347220862946,0.06322207898212782,-0.06847750313832623,-0.013491769004175591,0.06979395580508037,0.992066632085435
10,0.6666666666666666,P_loathing-d1-v1,discovery,0.047791707223808544,0.019942086212959786,0.051785462070849136,0.10468272981997062,0.045113023997255475,0.11398973136532042,0.9999327934056966
10,0.6666666666666666,P_loathing-d1-v2,confirmation,-0.03728515749900296,-0.011391641180003909,0.038986567667588,-0.1048348418257552,-0.038874687188866996,0.11181048861651295,0.9982847166202804
10,0.6666666666666666,P_loathing-d1-v3,discovery,0.08015042772606762,0.04689077755830251,0.09285922724583591,0.025333584207212212,0.03093788364077321,0.03998678697962534,0.9375345461271428
10,0.6666666666666666,P_loathing-d1-v4,discovery,0.05768300325679654,0.019886118286298604,0.06101464221988243,-0.04274772628270185,-0.009499087112184501,0.04379041856737234,-0.9935851660388803
10,0.6666666666666666,P_loathing-d2-v1,discovery,-0.05330602959258535,-0.003056627132727918,0.05339359287736791,0.043104631402916205,0.026099203988603215,0.05039025399042946,-0.8836638279946742
10,0.6666666666666666,P_loathing-d2-v2,confirmation,0.011769142388040166,0.012706974184049535,0.0173199279866882,0.007368838397109556,0.007812535350018468,0.010739436108008852,0.9999587827116526
10,0.6666666666666666,P_loathing-d2-v3,discovery,-0.018516295134769045,0.0007742615063399683,0.01853247599210833,-0.06044973311517854,-0.008735149483855231,0.061077598759296435,0.9828810001333594
10,0.6666666666666666,P_loathing-d2-v4,discovery,-0.013168587287579747,-0.009997195258788949,0.01653346921226635,-0.051408312744177564,-0.023303634833371056,0.056443547156874135,0.975073277825293
10,0.6666666666666666,P_loathing-d3-v1,discovery,0.05028425400252612,0.019549196325287177,0.053950693022010256,-0.015560615025640878,0.002783769128376079,0.01580765986907298,-0.8536635431691891
10,0.6666666666666666,P_loathing-d3-v2,confirmation,0.008254705436022025,0.00111452751448482,0.008329605837975484,-0.0034389605536704337,0.014287774312073065,0.014695813842126478,-0.10181729021943817
10,0.6666666666666666,P_loathing-d3-v3,confirmation,0.024797476838845256,0.023391982482475093,0.034089583482839574,-0.07519922771206877,-0.01587162932746855,0.07685592017535234,-0.8534472018951507
10,0.6666666666666666,P_loathing-d3-v4,confirmation,-0.019091933949528794,0.002769086470324922,0.019291702408375126,-0.050086766871677124,0.0007600723110288143,0.050092533631028544,0.991708870523635
10,0.6666666666666666,P_amazement-d1-v1,confirmation,0.054994080329444195,0.028370720995727794,0.06188090724204672,0.027856081791904685,0.020916731425478563,0.03483490987964353,0.98595599664605
10,0.6666666666666666,P_amazement-d1-v2,confirmation,-0.006923089265017168,-0.00021861505071107956,0.0069265400823061265,-0.008805044226960934,-0.0031070014890417497,0.009337144214996667,0.953045206135722
10,0.6666666666666666,P_amazement-d1-v3,discovery,-0.07737116039603098,-0.020554323018773246,0.08005483530548561,-0.05817984480850713,-0.01516310026023815,0.06012332285763993,0.9999889170219357
10,0.6666666666666666,P_amazement-d1-v4,confirmation,0.004043693765932943,-0.006452564139284078,0.007614922405659812,0.08702922017200976,0.036183298274507614,0.09425134607935388,0.16502955040338085
10,0.6666666666666666,P_amazement-d2-v1,confirmation,-0.032331305078443506,-0.008033829737335907,0.03331449696939592,-0.002103571083938771,0.007129345354734973,0.007433207685263777,0.04335135796746333
10,0.6666666666666666,P_amazement-d2-v2,confirmation,-0.05928878725810982,-0.01522985660685272,0.06121363268752068,-0.07342015864613805,-0.025918616970256103,0.0778607372253495,0.9961374217950283
10,0.6666666666666666,P_amazement-d2-v3,discovery,-0.0032592070601529244,0.0070961783102827525,0.00780885249395057,0.0009326910698406188,0.0020269526439884444,0.0022312439697917802,0.6510639849361635
10,0.6666666666666666,P_amazement-d2-v4,discovery,-0.0006630403291891795,-0.005683670964543808,0.005722214441222002,-0.06997514584834352,-0.03315548747881625,0.07743259899070215,0.5300128170825886
10,0.6666666666666666,P_amazement-d3-v1,discovery,0.04809200016122439,0.028860243092605486,0.05608702266007253,-0.03866451717715602,-0.012084527499669484,0.040509019902150945,-0.9719132490929849
10,0.6666666666666666,P_amazement-d3-v2,confirmation,0.07639327496418336,0.049306833836121555,0.09092357407568306,0.016784211252040215,0.035696752371512375,0.03944575867220946,0.8482511732092577
10,0.6666666666666666,P_amazement-d3-v3,discovery,0.031441383122965405,0.026659267136121656,0.041222288836504334,0.006867691279998311,0.02209258609834741,0.023135417524442002,0.8439825965254768
10,0.6666666666666666,P_amazement-d3-v4,confirmation,-0.0613549156545492,-0.022485751671577958,0.06534550254770957,-0.09354821671446167,-0.035351386153973596,0.10000494664496973,0.9999497986733721
10,0.6666666666666666,P_admiration-d1-v1,confirmation,0.0017876150092668297,0.006865568568927394,0.007094476668225768,0.058725542412009446,0.034937528864833034,0.06833242462232525,0.7113384935806073
10,0.6666666666666666,P_admiration-d1-v2,confirmation,0.06205267892666111,0.02816691049978104,0.0681462384073983,-6.973492472495124e-05,0.002038243690537289,0.0020394362705761274,0.38195296424673136
10,0.6666666666666666,P_admiration-d1-v3,confirmation,0.03858670330763658,0.023446175607044317,0.045151487492085265,0.017672804150759003,0.031403992378014944,0.03603524307992809,0.8716654555113018
10,0.6666666666666666,P_admiration-d1-v4,discovery,0.08778465701650084,0.03823319583755058,0.09574927295524069,-0.009720588292663201,0.0025492615455267043,0.01004930700013499,-0.7855344235854065
10,0.6666666666666666,P_admiration-d2-v1,confirmation,0.03719789414094432,0.024519331984449444,0.04455200297949067,-0.025389177901184556,0.0029880087810569833,0.025564400070677815,-0.7648831138775626
10,0.6666666666666666,P_admiration-d2-v2,confirmation,-0.02038246354358364,-0.003179703747342444,0.020628992608132363,-0.08467254689043235,-0.025282013197810205,0.08836639852481663,0.9908468483198413
10,0.6666666666666666,P_admiration-d2-v3,confirmation,0.0469783425943886,0.006985427707666858,0.04749485101750279,0.023546743109651658,0.007341495858315561,0.024664684723498746,0.9880702323322844
10,0.6666666666666666,P_admiration-d2-v4,discovery,0.026147435305701627,0.001851808808138955,0.026212927515402645,-0.019153304401878124,-0.003263409329212763,0.019429331176368293,-0.9951960463335416
10,0.6666666666666666,P_admiration-d3-v1,discovery,-0.08504664002185791,-0.029186736140191627,0.0899154966928652,-0.10197256526477183,-0.022402209082886593,0.1044043248073159,0.9934705863499484
10,0.6666666666666666,P_admiration-d3-v2,discovery,-0.04467790583609332,-0.009118344331858097,0.04559889771971633,0.030331462106299334,0.02925406034593081,0.042140214050586336,-0.844056659148814
10,0.6666666666666666,P_admiration-d3-v3,discovery,-0.06284121884125415,-0.01781279366113342,0.0653170299651516,-0.11306379568814195,-0.04411570347870253,0.12136563429913227,0.9954142793204177
10,0.6666666666666666,P_admiration-d3-v4,discovery,-0.006146187172311635,0.010158993360258606,0.011873532029302256,-0.028216584561853164,0.0059551728889140065,0.028838164443547143,0.6831645633030475
10,0.6666666666666666,P_vigilance-d1-v1,discovery,0.015666136220128024,0.010439175900780917,0.01882562661785929,-0.0059103907645225995,0.012127905793923421,0.013491434984301534,0.1339149669605343
10,0.6666666666666666,P_vigilance-d1-v2,discovery,0.001679153530071531,0.0037619463879057236,0.004119684114471473,0.010672169549303057,-0.0013487775156590942,0.010757062966991452,0.2898788026923661
10,0.6666666666666666,P_vigilance-d1-v3,discovery,0.038441587748805794,0.032003743795144146,0.050019948875967106,0.08298998516852363,0.05076040066090126,0.09728286546729079,0.9894588127096478
10,0.6666666666666666,P_vigilance-d1-v4,confirmation,-0.038771216889191606,-0.025254897449212166,0.046271126031672924,-0.04286624121110805,-0.03145528265536246,0.053169064713399314,0.9984488118587392
10,0.6666666666666666,P_vigilance-d2-v1,discovery,0.049505559263683274,0.028203865983860155,0.05697594627950992,-0.04162593958363647,-0.0005383277101334016,0.0416294204012505,-0.8752138281099828
10,0.6666666666666666,P_vigilance-d2-v2,discovery,0.015328143690568119,0.020918670638941705,0.02593342958999494,-0.016900050571570624,0.010294811300354922,0.019788755621098563,-0.08513924875023124
10,0.6666666666666666,P_vigilance-d2-v3,confirmation,-0.007074647565749714,0.0054276358332137065,0.008916830654305027,0.023045374578474664,0.01699966254020646,0.028637000819623292,-0.277147323229732
10,0.6666666666666666,P_vigilance-d2-v4,confirmation,0.0416946790248236,0.024113091762526295,0.048165209989483884,0.0008138031065278994,0.006247577842829699,0.006300357481795065,0.6082543617985472
10,0.6666666666666666,P_vigilance-d3-v1,discovery,-0.01577144041112355,-0.013144177306355864,0.020530653416356272,-0.11861618186197731,-0.02401344412255746,0.12102249418244884,0.8799495441057404
10,0.6666666666666666,P_vigilance-d3-v2,confirmation,-0.04224610363031278,-0.013516252081875457,0.044355634842530765,-0.04331782072235235,-0.018603843205148962,0.0471437861667434,0.9953951409217843
10,0.6666666666666666,P_vigilance-d3-v3,discovery,0.09393369562359322,0.0522499094201887,0.10748763746554196,0.0454276384483272,0.018864680218133145,0.04918888588618734,0.9935063253630179
10,0.6666666666666666,P_vigilance-d3-v4,confirmation,-0.008711737043225476,0.0016701632452456039,0.008870389370037613,-0.03490071755118285,-0.012522663039140625,0.037079336228947,0.8608208171267142
10,0.6666666666666666,P_rage-d4-v1,confirmation,0.0401546002074058,0.029051984956418586,0.04956218061914312,0.026447537882939187,0.022780820543093938,0.03490613190667442,0.9964129697908519
10,0.6666666666666666,P_rage-d4-v2,confirmation,0.04392863229738797,0.02830718558197365,0.05225917614248635,-0.01823294028127931,-0.0024790244672638906,0.01840069763921984,-0.9059042580295262
10,0.6666666666666666,P_rage-d4-v3,discovery,-0.019981672980665444,0.0027573902887034762,0.020171030125169406,0.08187360408653266,0.0403721370824095,0.09128634344040275,-0.8280112248162649
10,0.6666666666666666,P_rage-d4-v4,confirmation,0.004782049648658138,0.0038660450258412027,0.0061493335398287614,0.034883690707125936,0.013400385653348224,0.03736900069588275,0.9513808354714205
10,0.6666666666666666,P_rage-d5-v1,confirmation,-0.04807618299346483,-0.027224752987716094,0.05524949363083135,-0.028298480922804625,-0.008361458634995156,0.029507931358247946,0.974129474778357
10,0.6666666666666666,P_rage-d5-v2,discovery,0.036039632311200887,0.015211652994352676,0.03911840339210119,-0.009477021025686927,-0.018256679490582073,0.020569887543279184,-0.769594281711697
10,0.6666666666666666,P_rage-d5-v3,confirmation,0.07819419664892813,0.03411938839319362,0.08531392063372095,0.023328693273810153,0.008722535552564192,0.024906034536418306,0.9985620289886475
10,0.6666666666666666,P_rage-d5-v4,discovery,-0.0029100912856776517,0.0008989994483865615,0.003045789109438858,0.02953822354630109,0.015400638060071081,0.03331195435468424,-0.7107521938993329
10,0.6666666666666666,P_rage-d6-v1,discovery,0.041230058395793634,0.02150579241273931,0.04650179375701962,0.024487952314688588,0.01230082502725205,0.027403833763134905,0.9998832856200008
10,0.6666666666666666,P_rage-d6-v2,confirmation,-0.012027940919103308,-0.0028143960395130563,0.012352821047059108,0.010182175290624151,0.01002134654307607,0.014286499927743664,-0.8537843142752217
10,0.6666666666666666,P_rage-d6-v3,discovery,-0.030292469998300042,-0.007796766581297909,0.031279758754203205,-0.0205467593921016,-0.010454398228093797,0.02305349786536711,0.9761682577030161
10,0.6666666666666666,P_rage-d6-v4,discovery,0.0286679304227917,0.013563920056692602,0.03171482558726082,0.01307159492219201,0.0033834561605652347,0.013502383841394183,0.9822587830218475
10,0.6666666666666666,P_grief-d4-v1,discovery,-0.02086264846146424,-0.005224155349992543,0.021506787299536208,-0.027691293392430705,-0.01458020516228098,0.031295209095321304,0.9715085636444588
10,0.6666666666666666,P_grief-d4-v2,confirmation,-0.009561425368194598,-0.00564719502247879,0.011104578636466331,0.014431022645978953,0.0051162256932912875,0.01531111295606728,-0.9814732179468739
10,0.6666666666666666,P_grief-d4-v3,confirmation,0.04305685016284855,0.02333586772785523,0.048974024426811674,0.01202753344343055,0.007429342445304243,0.014137067938665343,0.9983949533208648
10,0.6666666666666666,P_grief-d4-v4,confirmation,0.007380568350291661,0.00533604034917623,0.009107475818324403,0.011482182117029449,0.00561325226304632,0.012780810112712947,0.9853665369378266
10,0.6666666666666666,P_grief-d5-v1,confirmation,-0.023092401628658443,-0.008389503543102528,0.024569142896710843,0.03153063958066893,0.008855822709270544,0.03275067675978739,-0.9972138301164346
10,0.6666666666666666,P_grief-d5-v2,confirmation,0.007347427788173988,0.006905353842832085,0.01008308518247997,-0.0259927076840043,-0.002720770014913221,0.026134717182708274,-0.7960251711472014
10,0.6666666666666666,P_grief-d5-v3,confirmation,0.004675020745629865,0.0009475171370354474,0.004770074181503415,0.03351301857215061,0.015885684856335125,0.037087429098983216,0.9706982165684716
10,0.6666666666666666,P_grief-d5-v4,discovery,0.005359022994063878,0.004703519398125522,0.007130373214597427,0.004586827907673285,0.0024832957874103556,0.0052159129807139715,0.9749872304433882
10,0.6666666666666666,P_grief-d6-v1,confirmation,0.02736278437996198,0.015704471771281092,0.031549206054023865,0.04333084629809081,0.025622456922137715,0.05033957230286699,0.9999157626350229
10,0.6666666666666666,P_grief-d6-v2,confirmation,0.02626260367289479,0.018582640815791862,0.03217202031841147,0.04564342159644408,0.023122657347973696,0.05116619213760722,0.9892324692950262
10,0.6666666666666666,P_grief-d6-v3,discovery,0.04560592660149876,0.024200774500185318,0.05162923617089558,0.1212329611060734,0.05595803209216532,0.13352427574854883,0.9984642443708239
10,0.6666666666666666,P_grief-d6-v4,discovery,-0.005919673334198627,-0.0012259542390484768,0.006045287104833254,-0.01737173431759098,-0.003615692799696202,0.017744023997468644,0.9999995046390645
10,0.6666666666666666,P_terror-d4-v1,confirmation,0.0041168505505835284,0.0038557273297223915,0.005640486831560558,-0.010403887539654821,-0.0077948152037858875,0.01300000076919061,-0.9939939586124868
10,0.6666666666666666,P_terror-d4-v2,confirmation,0.0019193733339770702,-0.004850020255222631,0.005216003304375109,0.00024467841220943143,-0.009201723033732456,0.009204975519517896,0.9392872906019013
10,0.6666666666666666,P_terror-d4-v3,confirmation,-0.022662798852566723,-0.008497376408895363,0.024203467885126524,-0.04144959386738334,-0.02220075824483736,0.04702066033582192,0.9911682971022707
10,0.6666666666666666,P_terror-d4-v4,discovery,0.025395553768380985,0.01560221306254661,0.029805422386737446,0.008365309606098492,0.006678700405483795,0.010704365647346559,0.9924652031919021
10,0.6666666666666666,P_terror-d5-v1,confirmation,0.0055744121130878455,0.0034995493657579146,0.006581862667202737,-0.028687673388263946,-0.014674523353751301,0.03222303896424885,-0.9961502502305959
10,0.6666666666666666,P_terror-d5-v2,confirmation,0.048636811364007215,0.03490778354292878,0.05986729300325839,0.08709893999213136,0.04586119821539958,0.09843513015943582,0.9905113084253776
10,0.6666666666666666,P_terror-d5-v3,discovery,-0.020088408607254138,-0.0038048242491424134,0.02044555814691456,-0.02586646342936927,-0.010792458210045375,0.028027684252511367,0.9784271268071107
10,0.6666666666666666,P_terror-d5-v4,discovery,-6.251284526292977e-05,0.00041079235210084164,0.0004155216148016958,-0.022024507714705877,-0.007490250889207406,0.02326333592712814,-0.17587931514765745
10,0.6666666666666666,P_terror-d6-v1,discovery,-0.026618634892145998,-0.020763416934698853,0.0337590166670404,-0.0380312515325536,-0.021005658003669492,0.04344667721816577,0.9875723367668406
10,0.6666666666666666,P_terror-d6-v2,confirmation,-0.0037925259640312348,-0.007364037409005597,0.008283254200438673,0.013047855614053194,0.000997240624541984,0.013085909406243662,-0.5242734239384115
10,0.6666666666666666,P_terror-d6-v3,discovery,-0.010929499498378625,-0.011803212460509194,0.016086322876063944,-0.02494774604144423,-0.001454162789975122,0.02499009047538933,0.7209729685658882
10,0.6666666666666666,P_terror-d6-v4,discovery,0.023618009725612232,0.011898938554623761,0.026446079522791762,0.0006147689783988497,0.010003584717634517,0.010022457188718364,0.5038645218488647
10,0.6666666666666666,P_ecstasy-d4-v1,confirmation,0.03787747954422649,0.02356660244849973,0.044610404701021594,0.04098679479901257,0.023129706684930085,0.04706273131924308,0.9990843447658406
10,0.6666666666666666,P_ecstasy-d4-v2,discovery,-0.02125108414792276,-0.008656458123963873,0.022946521407699996,-0.0003708006804510333,-0.0020648200263941874,0.0020978500628075023,0.5349983634263065
10,0.6666666666666666,P_ecstasy-d4-v3,confirmation,-0.011343449374039416,-0.004648407119687725,0.01225893684018964,0.002873959722772934,0.004843982664677782,0.005632389594463431,-0.7982581962253835
10,0.6666666666666666,P_ecstasy-d4-v4,discovery,0.012049569497003532,0.003985178596744632,0.012691484291093357,0.056636104029242684,0.020607718912740935,0.06026878427841182,0.9995630580593856
10,0.6666666666666666,P_ecstasy-d5-v1,confirmation,-0.0011641679142089245,0.005478729169487551,0.005601049923457861,0.01066905728314671,-0.001247105443114016,0.010741697039914618,-0.3200066000386264
10,0.6666666666666666,P_ecstasy-d5-v2,confirmation,-0.004882408708299479,-0.005149238935051592,0.007095954932574603,0.028820311449001546,0.010852923301129636,0.030796043515322745,-0.89964412515616
10,0.6666666666666666,P_ecstasy-d5-v3,discovery,-0.02610226711539987,-0.005916159109967012,0.026764328633054314,-0.05521922041196037,-0.018598991389252806,0.058267356071836314,0.9948026275445958
10,0.6666666666666666,P_ecstasy-d5-v4,confirmation,-0.0339345568338798,-0.005256718057095711,0.03433929574472392,-0.030785706760623643,-0.015041906712111697,0.0342639562556191,0.9550996573462931
10,0.6666666666666666,P_ecstasy-d6-v1,confirmation,0.005903965727600102,0.012466281470189244,0.013793657419504819,0.08134030412317061,0.03726777807319204,0.08947140524973653,0.7655716344195547
10,0.6666666666666666,P_ecstasy-d6-v2,confirmation,0.01072563154380557,0.007046386456285525,0.012833188773831744,0.0051792483394383915,0.004814010019239312,0.007071018726245308,0.9859865365819718
10,0.6666666666666666,P_ecstasy-d6-v3,confirmation,0.005520744390874022,0.004450638388896699,0.007091318685413029,0.004348391394462414,0.0027623740470201774,0.005151622860331045,0.9936736192937413
10,0.6666666666666666,P_ecstasy-d6-v4,discovery,0.007495737813766112,0.0026824247022769754,0.007961249126620074,0.017118270124344637,0.002740084021189304,0.0173361827543784,0.9829475742246796
10,0.6666666666666666,P_loathing-d4-v1,confirmation,0.01703918008415073,0.017117594608684783,0.024152550654690557,0.03904707526983975,0.02351076142050612,0.04557883269348273,0.9699619535663321
10,0.6666666666666666,P_loathing-d4-v2,discovery,-0.0044066395908473055,-0.007788062928834272,0.00894831809152455,-0.015234722362171382,-0.012341570942828284,0.019606405555055426,0.9304993781102586
10,0.6666666666666666,P_loathing-d4-v3,discovery,0.005937847155756515,0.0022911208799882843,0.006364531697764103,-0.0039825157953083945,-0.010392141482559403,0.011129107630597018,-0.6700011065259925
10,0.6666666666666666,P_loathing-d4-v4,discovery,-0.04171004444254578,-0.02089737196488617,0.0466522021177774,-0.05317707170517094,-0.023909424024473047,0.05830490127183941,0.9991213818323033
10,0.6666666666666666,P_loathing-d5-v1,discovery,0.04718012066345967,0.01707302261251087,0.0501742153595442,-0.0030488990327257603,0.003633007514651343,0.004742839752012417,-0.34383158379324424
10,0.6666666666666666,P_loathing-d5-v2,confirmation,-0.011145051735591771,-0.003080213424272671,0.011562866985660898,0.0401962051545901,0.016265463030934235,0.04336242839648841,-0.9934101561324682
10,0.6666666666666666,P_loathing-d5-v3,discovery,-0.005687504393671716,-0.0029335685147975354,0.0063994945471534306,-0.033750500485900226,-0.012223575232511497,0.035895850380143104,0.9917267872850459
10,0.6666666666666666,P_loathing-d5-v4,discovery,-0.0024714506252392354,0.002399150219253521,0.0034444143141526434,-0.0029252622704993847,-0.0032439163940951588,0.004368083438201079,-0.03675529963234409
10,0.6666666666666666,P_loathing-d6-v1,discovery,0.013315864054907145,0.007130993039206501,0.015105075215105011,0.010034218296802955,0.005419046465529931,0.011404016898596197,0.9999938252968665
10,0.6666666666666666,P_loathing-d6-v2,confirmation,0.053855233959128945,0.02689362720536259,0.06019678902610615,0.03445140135016711,0.010812287263399778,0.0361082346682384,0.9873804359968597
10,0.6666666666666666,P_loathing-d6-v3,discovery,0.04115683550762128,0.021970431476641572,0.04665388481435601,0.029042995825584672,0.011984665748932422,0.03141859035091426,0.9951062769407178
10,0.6666666666666666,P_loathing-d6-v4,confirmation,-0.009241239262686385,-0.004076618358530126,0.010100461392991969,-0.0200692713345223,-0.004418059571996924,0.020549815139810676,0.9803098767416368
10,0.6666666666666666,P_amazement-d4-v1,confirmation,0.04939040223758795,0.03336007240527117,0.05960122703498366,0.012963559011940351,0.011923010226368547,0.01761283722499441,0.9888365149491718
10,0.6666666666666666,P_amazement-d4-v2,confirmation,0.040676472456722124,0.024938650738868695,0.047712804488918376,0.024925168568724843,0.015427464065115526,0.029313319082966017,0.9999909972332591
10,0.6666666666666666,P_amazement-d4-v3,discovery,0.04192910325783927,0.026204860007367436,0.04944435648294225,0.016388234947654734,0.0122542537849748,0.020463161547671492,0.9965181890135737
10,0.6666666666666666,P_amazement-d4-v4,discovery,-0.002470135084981173,-0.000852033437968025,0.0026129539447664516,-0.010610492646892844,-0.011123065090182127,0.015372219462725462,0.8884572179143885
10,0.6666666666666666,P_amazement-d5-v1,discovery,-0.01225754453429495,-0.0011685272892902887,0.012313117153509103,0.012577901712862438,0.005783372047466262,0.013843807414791711,-0.9441031299143164
10,0.6666666666666666,P_amazement-d5-v2,confirmation,-0.0022705949595778208,-0.006394508769830054,0.006785671954780431,-0.006743465023042017,-0.007906345718792451,0.010391564999655191,0.934128076029402
10,0.6666666666666666,P_amazement-d5-v3,discovery,-0.0010912923289074783,0.0003743186770401863,0.0011537042164755328,-0.01901434594713436,0.0042808310320014975,0.019490276194088472,0.9940670255476846
10,0.6666666666666666,P_amazement-d5-v4,confirmation,0.010520908895044201,0.004648737029973482,0.011502185877113396,0.01612357656929353,0.007520327046263819,0.017791150616771206,0.9997927140674358
10,0.6666666666666666,P_amazement-d6-v1,confirmation,0.013793337352982604,0.007884675483886383,0.015887865269424463,-0.028376636702542868,-0.006588973666165732,0.0291315650887749,-0.9579163269565533
10,0.6666666666666666,P_amazement-d6-v2,discovery,0.0034686597064306213,0.005992697087251919,0.006924161937633535,0.0587290533430882,0.02676598233898675,0.06454083604313048,0.8147654843969712
10,0.6666666666666666,P_amazement-d6-v3,discovery,0.04161399690773493,0.02000964870277233,0.046174785108815945,-0.0037454132028917897,-0.003055551364880227,0.004833685364586482,-0.9722562007945603
10,0.6666666666666666,P_amazement-d6-v4,confirmation,0.03554853658251034,0.01998472195008638,0.04078097061841883,0.02010811618579922,0.008051183836260023,0.02166005304025951,0.9913924401287229
10,0.6666666666666666,P_admiration-d4-v1,discovery,-0.03394450099448498,-0.014968359853328117,0.037098260666280795,-0.019302770317477513,-0.0023711356327056343,0.01944785916541914,0.9573560507592725
10,0.6666666666666666,P_admiration-d4-v2,discovery,0.032288906963222175,0.01615825506401336,0.03610626981001126,0.028756024809732494,0.015066887759808356,0.032464135128239806,0.9998263060195863
10,0.6666666666666666,P_admiration-d4-v3,discovery,-0.00417431622003317,-0.007380131625321695,0.008478871311200887,-0.005245492935014973,-0.006582456109468282,0.008416883304666181,0.9875299758214388
10,0.6666666666666666,P_admiration-d4-v4,discovery,0.026889239930476982,0.014191700397686802,0.030404532297281954,-0.006499618304995458,0.003272977408986577,0.007277184842393968,-0.5799558362268001
10,0.6666666666666666,P_admiration-d5-v1,confirmation,-0.00827063985730625,-0.007610457441581175,0.01123933032343925,0.006208846250930211,-0.003399861004261151,0.007078758833014852,-0.32021707972358426
10,0.6666666666666666,P_admiration-d5-v2,discovery,-0.009513140538669695,-0.004656724310409643,0.010591738488635418,-0.01710487854326992,-0.006042672405959237,0.01814085884917682,0.9933223777972422
10,0.6666666666666666,P_admiration-d5-v3,confirmation,0.03791733318482127,0.011341860086431232,0.03957729078738121,0.035338855389773105,0.015640929345605237,0.03864548319084018,0.9920684733024261
10,0.6666666666666666,P_admiration-d5-v4,discovery,0.0015784995363725685,0.0021579765399986073,0.002673672293590367,0.00203761634543298,-0.005022555850153765,0.005420142769253358,-0.5259692678867938
10,0.6666666666666666,P_admiration-d6-v1,confirmation,-0.011932678555726106,0.0003034146714666619,0.011936535426041632,-0.02351597920306059,-0.011026655857494294,0.025972839992545894,0.8943224691104585
10,0.6666666666666666,P_admiration-d6-v2,confirmation,-0.018351174458019592,-0.009966201586427026,0.020882786644745747,-0.023318122920708007,-0.008897817466887226,0.024958085107221094,0.9911703150554052
10,0.6666666666666666,P_admiration-d6-v3,confirmation,-0.010491117779713122,0.0010033971672074316,0.010538992273598679,0.02345402022924503,0.015714400569261322,0.028231780853588316,-0.7739979327304253
10,0.6666666666666666,P_admiration-d6-v4,confirmation,0.03344480964625607,0.02009567871060014,0.03901783688409662,0.048306668908179695,0.026091866794113905,0.0549028211825793,0.9989505115056398
10,0.6666666666666666,P_vigilance-d4-v1,discovery,0.0013445648368524132,0.004195649353180286,0.004405828877219599,-0.008361999335612769,-0.006498874272592214,0.010590486282496633,-0.8253397978518627
10,0.6666666666666666,P_vigilance-d4-v2,confirmation,0.023804811488339794,0.009235553796672846,0.02553359559338701,0.008173824010508923,0.0025107308654703786,0.008550740811976341,0.997403814296445
10,0.6666666666666666,P_vigilance-d4-v3,discovery,0.016817592002427162,0.01088353422129984,0.020032042279965034,0.04093015478745343,0.018285268427947976,0.044828881453890954,0.988130408236792
10,0.6666666666666666,P_vigilance-d4-v4,discovery,-0.016433254396990726,-0.010416120483180968,0.01945629502234064,0.008486452679730583,-0.002985324560038194,0.008996223753001792,-0.6191085221361474
10,0.6666666666666666,P_vigilance-d5-v1,discovery,-0.03570414969531832,-0.017962024496528173,0.039967744863571894,-0.047385078341586784,-0.020344357736273633,0.05156780527751587,0.9981664180422697
10,0.6666666666666666,P_vigilance-d5-v2,confirmation,0.02722623468812113,0.013720568208976047,0.030488060733175774,0.002562996085940128,0.007086146656104297,0.007535411293908417,0.7269375614640052
10,0.6666666666666666,P_vigilance-d5-v3,confirmation,0.04447711356211226,0.027975627832919514,0.052543785393355996,-0.010971243933059593,0.0010849512847954657,0.011024759078051378,-0.7899720942921148
10,0.6666666666666666,P_vigilance-d5-v4,confirmation,0.023340707854373477,0.011156214054186542,0.02586986190852284,-0.003313161451284685,0.0016166107723121215,0.0036865253547798144,-0.62175043216035
10,0.6666666666666666,P_vigilance-d6-v1,discovery,-0.02505708657994088,-0.007665729247786857,0.026203453832940194,-0.0381488303735833,-0.014870133686343934,0.04094452508849226,0.9972047328038459
10,0.6666666666666666,P_vigilance-d6-v2,discovery,-0.011780699779726511,-0.0059114917434666125,0.013180691253994313,-0.002605640874880244,0.0005791133067667431,0.002669220221510581,0.7751895686795665
10,0.6666666666666666,P_vigilance-d6-v3,discovery,-0.000509691047003713,0.0001266861717565959,0.0005251993426405663,-0.019567362681653933,-0.010904229782629393,0.02240053368711926,0.7303085643516919
10,0.6666666666666666,P_vigilance-d6-v4,discovery,-0.001029550228119902,0.003750484355136585,0.0038892295599959165,-0.02692940630351881,-0.012467464819281293,0.029675420854303233,-0.1649173318199435
11,0.7333333333333333,P_rage-d1-v1,discovery,0.012477927859974258,0.008386094441414471,0.015034136611692887,-0.010586762732416544,0.0036812771708452097,0.011208539010998263,-0.600729328142554
11,0.7333333333333333,P_rage-d1-v2,confirmation,0.029070787540788068,0.01668569506658457,0.03351899622746307,0.01013698836444954,0.001687855231175206,0.010276545547137465,0.9372750084889979
11,0.7333333333333333,P_rage-d1-v3,discovery,-0.005856507117704801,-0.0006663065617624753,0.005894288765743898,0.007960586785534574,-0.0012118984080826678,0.008052306484575769,-0.9652593482320756
11,0.7333333333333333,P_rage-d1-v4,discovery,0.07974981001629455,0.04984031149981227,0.09404301594500994,0.027728771134382768,0.03491502688224912,0.044586363955935654,0.9424054353952535
11,0.7333333333333333,P_rage-d2-v1,discovery,0.0004051246776404227,0.0013252149964726456,0.0013857563968133976,-0.040173448458961314,-0.020919675718680253,0.045293915631788355,-0.7009860383850635
11,0.7333333333333333,P_rage-d2-v2,discovery,0.023314369158955017,0.016365771043241217,0.028485053468790007,0.029312688186962532,0.018288210327281007,0.03454985275975805,0.998529796994537
11,0.7333333333333333,P_rage-d2-v3,confirmation,0.0012634025104896196,0.004678727891179513,0.0048463058697540504,-0.009678506420558008,0.0028383352691525587,0.010086110927056965,0.02152088648145243
11,0.7333333333333333,P_rage-d2-v4,discovery,0.026272762858795318,0.02618654625827954,0.03709438331030061,0.0523932420972244,0.043831379303786555,0.06830989407934092,0.9962091332095484
11,0.7333333333333333,P_rage-d3-v1,discovery,-0.011352136756581643,-0.00504862164635167,0.012424153470886563,-0.008521920468005373,-0.007256566472722437,0.01119289441726528,0.9591220956138664
11,0.7333333333333333,P_rage-d3-v2,discovery,-0.01336917807408522,-0.0012754882451186944,0.013429884312235789,-0.030283782476160148,-0.009785024791828079,0.03182537024513736,0.9764604213507277
11,0.7333333333333333,P_rage-d3-v3,confirmation,0.038215680428824506,0.028065340191831822,0.04741414926708367,-0.031982453192257676,-0.005519121581412989,0.0324551693143846,-0.8949159028037752
11,0.7333333333333333,P_rage-d3-v4,confirmation,-0.01894932571223329,-0.004767706310367714,0.019539907072712137,0.001501421959807736,-0.00011665438020669328,0.0015059469266260053,-0.9479609936499256
11,0.7333333333333333,P_grief-d1-v1,discovery,0.0048598322155619655,0.016126453710646693,0.016842816820385017,-0.002719155439568244,0.012027203724986446,0.012330751629436925,0.8702692101828338
11,0.7333333333333333,P_grief-d1-v2,discovery,-0.0062175810927902475,-0.0033973092497614488,0.0070851975825616505,0.018455729234330143,0.005279070683316345,0.0191958987507842,-0.9755739551413276
11,0.7333333333333333,P_grief-d1-v3,confirmation,0.002606511801517719,-0.0008715067008884247,0.0027483499961148635,0.020514370174585572,0.00497783588244749,0.021109671568560886,0.8468712445149291
11,0.7333333333333333,P_grief-d1-v4,confirmation,0.034011062037136774,0.03467810841766017,0.04857286839708933,0.03700301178587395,0.036511495208382705,0.051983768270271444,0.999865577766159
11,0.7333333333333333,P_grief-d2-v1,confirmation,0.05283690815044029,0.03260588490911154,0.06208770082394975,0.005300574794611546,0.01781417731172885,0.018586043324144767,0.7460479516193871
11,0.7333333333333333,P_grief-d2-v2,confirmation,0.03143535239695883,0.014020882846367044,0.03442043776758998,0.05629091870987457,0.024543414023559418,0.06140884872014424,0.9999648691867827
11,0.7333333333333333,P_grief-d2-v3,confirmation,0.045977617617690925,0.03031702631698341,0.055073254911102425,0.01692984526328889,0.015154699242774239,0.02272189626280886,0.9891883052408393
11,0.7333333333333333,P_grief-d2-v4,confirmation,0.04509550021832798,0.022920744010089145,0.05058621003709663,0.05470403269060453,0.037346966116910796,0.06623690112582573,0.9917187329434177
11,0.7333333333333333,P_grief-d3-v1,discovery,0.013914607414755586,0.0038357870288816542,0.014433626073780209,0.013913693918350845,0.004861076997853875,0.014738417419540583,0.9977475486072339
11,0.7333333333333333,P_grief-d3-v2,confirmation,-0.029333242896917966,-0.015604184308321223,0.03322543764614165,-0.011869499749429302,-0.009074852720457827,0.014941150430930783,0.986604922266095
11,0.7333333333333333,P_grief-d3-v3,confirmation,0.018319119502259618,0.014353821531976507,0.023272780923428577,0.002816259004001953,0.007742053931057757,0.008238368397263439,0.8486917221090544
11,0.7333333333333333,P_grief-d3-v4,confirmation,0.031319127321309814,0.010998393556137742,0.033194162091911686,0.045478190764269844,0.016038149186947237,0.0482233145328491,0.9999991281156988
11,0.7333333333333333,P_terror-d1-v1,discovery,0.0397268948688736,0.014846929254079377,0.042410582219514194,0.016768546862155898,0.005777086662482667,0.017735808246994368,0.9996654303125733
11,0.7333333333333333,P_terror-d1-v2,discovery,0.03424137615766121,0.0148982294456248,0.03734205513606517,0.03885160177459701,0.019417639863299474,0.043433762193858666,0.9985910539679286
11,0.7333333333333333,P_terror-d1-v3,confirmation,0.055955149370081614,0.02656788239460539,0.0619421594389615,0.042873190170248154,0.014561023748596025,0.045278403770246146,0.9932929841580805
11,0.7333333333333333,P_terror-d1-v4,discovery,0.05024583070329136,0.029684803814493677,0.058359498631917625,0.02654188817798664,0.02530968038672121,0.03667494716193504,0.9741164342275993
11,0.7333333333333333,P_terror-d2-v1,discovery,0.0011481225262928163,-0.000951425523137317,0.0014911055836050364,0.005685067574515923,-0.007020470268153112,0.009033659065563311,0.9804359316229133
11,0.7333333333333333,P_terror-d2-v2,discovery,0.0023077248102820747,0.004823393633238027,0.005347029076146171,-0.0010524124644635258,0.00833248147528165,0.00839867963023177,0.840878530358007
11,0.7333333333333333,P_terror-d2-v3,confirmation,-0.013312177690117277,-0.01131666735010839,0.01747229334593102,-0.012673154028667533,-0.007802472349531797,0.01488245301687663,0.9883655132025898
11,0.7333333333333333,P_terror-d2-v4,confirmation,0.014825916631567182,0.014167427038078273,0.020506676786974813,0.022848073924672363,0.012966203539242827,0.02627083775383584,0.9697691419903597
11,0.7333333333333333,P_terror-d3-v1,discovery,0.013399211780734,0.009823525818109857,0.016614467666586002,-0.01063047239781234,-0.0001497480592509426,0.010631527071963813,-0.8147266557384878
11,0.7333333333333333,P_terror-d3-v2,discovery,0.01583259022108674,0.013999375916701418,0.02113417704018709,0.009405695561357064,0.01435504133317167,0.017162002233713846,0.9646361164544348
11,0.7333333333333333,P_terror-d3-v3,confirmation,0.012741037011682721,0.004214944080971783,0.0134201258466077,0.020171158382896515,0.009037498932185528,0.02210321283110559,0.9948289771018701
11,0.7333333333333333,P_terror-d3-v4,confirmation,0.007669043101866002,0.011071625092652582,0.013468299977745254,-0.010794886926048353,0.003937894097434835,0.011490717717739905,-0.2532143727470243
11,0.7333333333333333,P_ecstasy-d1-v1,confirmation,0.038993589378966576,0.027581278100869966,0.04776219126393788,-0.010464340711511255,0.022878251514688586,0.02515783812047336,0.18556127101006276
11,0.7333333333333333,P_ecstasy-d1-v2,discovery,0.028630545156029363,0.017804868525258755,0.03371530007479077,0.03255100209868411,0.01954566088319032,0.037968415781926085,0.9998783909719499
11,0.7333333333333333,P_ecstasy-d1-v3,discovery,0.017356808349992203,0.019930999216155598,0.026429217276581502,-0.010929454176709541,0.0076422533951086,0.013336304044068678,-0.10605980371202449
11,0.7333333333333333,P_ecstasy-d1-v4,discovery,0.059996660095851695,0.03564576177799328,0.06978695834746353,0.061643878290866816,0.045492608597204054,0.07661295691798879,0.9950361341620939
11,0.7333333333333333,P_ecstasy-d2-v1,confirmation,-0.016340730589959662,-0.006556703238656425,0.017607096114165194,0.031641845596457774,0.008489354562290163,0.03276088420104609,-0.9928730707524469
11,0.7333333333333333,P_ecstasy-d2-v2,confirmation,-0.015203523768846594,0.0006680850408642414,0.015218195445311836,-0.05157105462661438,-0.009110572904151404,0.05236961155043163,0.9761649206528656
11,0.7333333333333333,P_ecstasy-d2-v3,confirmation,0.010348307023481773,0.015027270448308983,0.01824572046751957,0.009047273933247446,0.02040744168160824,0.022323011481685442,0.982795669915693
11,0.7333333333333333,P_ecstasy-d2-v4,confirmation,0.03426988291674782,0.030039230636811354,0.04557170451474413,0.05754525237585195,0.03934610418123441,0.0697106303603765,0.9928115534471642
11,0.7333333333333333,P_ecstasy-d3-v1,confirmation,0.0345651362263002,0.025549020695784463,0.04298256740652323,0.0020610968137910746,0.019798382313594765,0.0199053777233963,0.6744763926310858
11,0.7333333333333333,P_ecstasy-d3-v2,discovery,0.025988963922503494,0.02849251117705709,0.03856487312231056,0.0005586653063973657,0.02449274716957639,0.024499117756306334,0.753995509759643
11,0.7333333333333333,P_ecstasy-d3-v3,discovery,0.034002834061416465,0.018410198567248237,0.03866688680891872,-0.007047562813845332,0.010330639065815994,0.012505608546698521,-0.1022597263708574
11,0.7333333333333333,P_ecstasy-d3-v4,confirmation,0.059466685343715575,0.04224224212878358,0.07294308525031866,0.037340710923818854,0.043582898729671804,0.05739161745391946,0.9701996197722723
11,0.7333333333333333,P_loathing-d1-v1,discovery,-0.013275306928596464,-0.0019985190943705433,0.013424896745189699,0.0007634750514808886,0.007644763054593717,0.007682792221264011,-0.24639713011623396
11,0.7333333333333333,P_loathing-d1-v2,confirmation,-0.004639563029170901,-0.0022400713497372493,0.005152035010902306,0.01668275700781985,0.008656285867932212,0.018794830842796248,-0.9995845787011661
11,0.7333333333333333,P_loathing-d1-v3,discovery,0.020759561847747854,0.017864372903659387,0.027387866425690556,0.002405818874418042,0.01205819967277666,0.012295858807137353,0.7879736855124074
11,0.7333333333333333,P_loathing-d1-v4,discovery,0.0522601799276341,0.03333276464791446,0.06198547898614599,0.01682240695666115,0.037143185404375334,0.0407751100280468,0.8376880793292425
11,0.7333333333333333,P_loathing-d2-v1,discovery,0.02718642727879228,0.024789043312262393,0.03679128288769341,0.05290726592968742,0.0313625045903585,0.06150435336083879,0.9792215215947334
11,0.7333333333333333,P_loathing-d2-v2,confirmation,0.04025995075160438,0.020634230233333994,0.045239751235432814,0.04729122374392425,0.01916521580924213,0.05102710397634505,0.9960789005279544
11,0.7333333333333333,P_loathing-d2-v3,discovery,0.03342729066915773,0.025776243862379644,0.04221135521554862,-0.0019320183107787159,0.018314879085641778,0.01841650050022704,0.5242015461985556
11,0.7333333333333333,P_loathing-d2-v4,discovery,0.05869185483465067,0.04182105235139222,0.0720675672109833,0.043413043605273316,0.03547466559668422,0.056063751696349515,0.9978224085030878
11,0.7333333333333333,P_loathing-d3-v1,discovery,0.017037816503020053,0.007248416609233033,0.018515580858606294,4.085113823659725e-05,0.01443457224252409,0.014434630048606794,0.39407923510410137
11,0.7333333333333333,P_loathing-d3-v2,confirmation,0.016714119173763198,0.01537091845868055,0.022707419800984983,0.01716654579409882,0.02428580980396422,0.029740390924384578,0.9776276748291378
11,0.7333333333333333,P_loathing-d3-v3,confirmation,0.033798875416752416,0.02601714261525334,0.04265273366736981,0.03393511982181252,0.01876543932732888,0.038778010140651034,0.9886358675052219
11,0.7333333333333333,P_loathing-d3-v4,confirmation,0.010624860545656922,0.01543931796710929,0.01874193695710667,0.015207462621804613,0.016504333765065216,0.022442369581268735,0.9899654916964064
11,0.7333333333333333,P_amazement-d1-v1,confirmation,0.053647718541612655,0.029479643402460454,0.06121378178038276,0.03536263311998544,0.028120150173676528,0.045180290691504095,0.9856960299478934
11,0.7333333333333333,P_amazement-d1-v2,confirmation,0.045489597213413724,0.02532352184726161,0.05206327125130877,0.014511371866165135,0.017153764307793917,0.022468456630696146,0.935653645353502
11,0.7333333333333333,P_amazement-d1-v3,discovery,0.017006427828909487,0.015484644701524886,0.022999843674085477,0.014711335145680682,0.019431087354714105,0.02437192108872565,0.9830887066973033
11,0.7333333333333333,P_amazement-d1-v4,confirmation,0.05225398038033102,0.03159922137550453,0.061065450601188245,0.05368031165834353,0.03994571952174031,0.06691215411153968,0.9954094078644167
11,0.7333333333333333,P_amazement-d2-v1,confirmation,0.013469564944888823,0.010112124901294983,0.01684292877809462,0.023881855327684498,0.021482268036445706,0.032122124056203835,0.9960795773760026
11,0.7333333333333333,P_amazement-d2-v2,confirmation,0.06046764363172752,0.048593559806493936,0.07757364230871786,0.04725231165634547,0.04530876542198481,0.06546499202576021,0.9961783451809266
11,0.7333333333333333,P_amazement-d2-v3,discovery,0.02053973728284042,0.013192545620416496,0.024411556025679217,0.024178525430287312,0.02063868864607432,0.031789252287725285,0.9908151020099757
11,0.7333333333333333,P_amazement-d2-v4,discovery,0.030379410531851114,0.03029292558191088,0.04290186388228298,0.006830732044463161,0.03343311912507474,0.03412377990045496,0.8335536029508607
11,0.7333333333333333,P_amazement-d3-v1,discovery,0.059893257298293534,0.039250902387133024,0.07160890732306867,0.010475423525493355,0.017030063333816958,0.01999393796109902,0.9050867643901173
11,0.7333333333333333,P_amazement-d3-v2,confirmation,0.12220708780272815,0.07529594455279298,0.14354111458157548,0.1090837063847685,0.07711052488440462,0.13358625695252774,0.9980074009876675
11,0.7333333333333333,P_amazement-d3-v3,discovery,0.061259299753420926,0.048551447394440395,0.07816613621239436,0.04404500582801063,0.04439641504341019,0.0625380220913344,0.9929057678546307
11,0.7333333333333333,P_amazement-d3-v4,confirmation,0.0456041545704462,0.03590086596944264,0.058039737175843875,0.03952798522769996,0.04202888775259073,0.05769652521496539,0.9888979474567461
11,0.7333333333333333,P_admiration-d1-v1,confirmation,0.031382646739222864,0.014380434103792972,0.03452053593692293,-0.00767971411123014,0.0004964164829921458,0.0076957415597727575,-0.8803360754553152
11,0.7333333333333333,P_admiration-d1-v2,confirmation,0.05969233121569495,0.04933488845113665,0.07744098155660428,0.029887563290066144,0.03397602187549609,0.04525081769318537,0.9874421233470929
11,0.7333333333333333,P_admiration-d1-v3,confirmation,0.06414627806068207,0.04496591792258009,0.07833695656367147,0.009182846964992386,0.04071173680096418,0.041734520384610285,0.7401110740262299
11,0.7333333333333333,P_admiration-d1-v4,discovery,0.06915728369146379,0.05069890371908947,0.08575026953834668,0.014573450355376494,0.045062349000767554,0.04736032889167473,0.8107218502225834
11,0.7333333333333333,P_admiration-d2-v1,confirmation,0.05384259838406891,0.04254681932551829,0.06862402812037804,-0.022617910821463028,0.020458177086405627,0.030497654002011147,-0.16598088497052277
11,0.7333333333333333,P_admiration-d2-v2,confirmation,-0.01864363815727632,0.0060665813223081955,0.01960583210882997,-0.04717453306538921,-0.012435873003694642,0.04878614052475889,0.8406353108566006
11,0.7333333333333333,P_admiration-d2-v3,confirmation,0.03386068132805686,0.006911009474521279,0.03455875854189704,0.018179777470254344,0.020772191486122082,0.027604134617917116,0.7957700373629197
11,0.7333333333333333,P_admiration-d2-v4,discovery,0.038819455049196705,0.02856326840662149,0.04819554328343342,0.045370119393572494,0.05215882207508393,0.06913024268760588,0.9757786797510927
11,0.7333333333333333,P_admiration-d3-v1,discovery,-0.01702974483549724,0.0028178625524128975,0.017261302341551054,-0.061525947037423645,-0.005856282520062095,0.061804030643693816,0.9666774676602108
11,0.7333333333333333,P_admiration-d3-v2,discovery,0.05442599244863988,0.03616930876242108,0.0653483553761742,0.05647703821580219,0.04250792454803065,0.07068648735798269,0.99828011034631
11,0.7333333333333333,P_admiration-d3-v3,discovery,0.024521328850690693,0.023701902983867207,0.03410389675184302,-0.04928723968083348,-0.002036019465334604,0.04932927498574399,-0.7470907876841096
11,0.7333333333333333,P_admiration-d3-v4,discovery,0.022089609651427367,0.025740752589026528,0.03391956954918368,0.026210702754868365,0.038042513950255596,0.0461977684153624,0.9943961457552103
11,0.7333333333333333,P_vigilance-d1-v1,discovery,0.03998387847993623,0.022081052129294676,0.04567585140350354,0.024434143274123077,0.024086153275138855,0.03430991310297734,0.9627887259586202
11,0.7333333333333333,P_vigilance-d1-v2,discovery,-0.004227836262428397,0.0006692268394896672,0.004280474742899185,0.001378178735448099,0.003912463502274477,0.004148101648160419,-0.18069478358160374
11,0.7333333333333333,P_vigilance-d1-v3,discovery,0.05403177568245887,0.03232818771229429,0.06296462899248188,0.019440216445695047,0.01956088802575362,0.027578077449516736,0.9690828158608358
11,0.7333333333333333,P_vigilance-d1-v4,confirmation,0.02836658639850409,0.017477529344507303,0.03331857223669572,0.008795877357274051,0.013448710432879096,0.016069700395204552,0.9050086339393774
11,0.7333333333333333,P_vigilance-d2-v1,discovery,0.02936834767596075,0.025503016556791103,0.03889606276619872,-0.004736924951274091,0.02552584639373201,0.025961650411913423,0.5068997732875373
11,0.7333333333333333,P_vigilance-d2-v2,discovery,0.030298987488277085,0.02561407234248847,0.039675046878119805,-0.05004742470900325,-0.00640323358259165,0.0504553874260874,-0.839435763279616
11,0.7333333333333333,P_vigilance-d2-v3,confirmation,0.026765624564665913,0.019336499704325938,0.03301967412243865,0.030433537573710367,0.02525355849190758,0.03954671194618635,0.997755069670597
11,0.7333333333333333,P_vigilance-d2-v4,confirmation,0.065562077501081,0.04605394472938684,0.08012085765513978,0.044020172149826564,0.04704574671119488,0.06442885874912166,0.9788071984499978
11,0.7333333333333333,P_vigilance-d3-v1,discovery,0.03257860640117549,0.019346087301553183,0.03788979663342138,-0.0023967881684097136,0.02740966723114191,0.0275142590531921,0.4337473363078802
11,0.7333333333333333,P_vigilance-d3-v2,confirmation,0.001364709286848509,0.0031402696343807435,0.003423992525433479,-0.014518977936316624,-0.0031546268611251094,0.01485773841969837,-0.5842134019856915
11,0.7333333333333333,P_vigilance-d3-v3,discovery,0.06353304969606022,0.03145247282419472,0.07089221713586594,0.029655915380637943,0.012665006308072435,0.032247103774557376,0.9984286690804007
11,0.7333333333333333,P_vigilance-d3-v4,confirmation,0.04789427615126485,0.02758922886842541,0.05527230081702746,0.006743036128998625,0.01716421875806784,0.018441229400769046,0.7814273030969325
11,0.7333333333333333,P_rage-d4-v1,confirmation,0.021937939197957945,0.015375158527914046,0.0267893388498445,0.048233633691616706,0.03144814030414089,0.05758010895861516,0.9994383367696075
11,0.7333333333333333,P_rage-d4-v2,confirmation,0.029740286630113744,0.019782138890267476,0.03571858994858497,0.024797842747041443,0.01592559707703778,0.02947130209487104,0.9998707762640179
11,0.7333333333333333,P_rage-d4-v3,discovery,0.015074037825452358,0.0061929835580105674,0.016296615038496727,0.07947014063912405,0.037620873551017286,0.0879251578329194,0.9986313656955242
11,0.7333333333333333,P_rage-d4-v4,confirmation,0.02580438681951769,0.014094353397173798,0.029402672953589146,0.04480043797103228,0.022623772841084744,0.0501887869943209,0.9994787441023755
11,0.7333333333333333,P_rage-d5-v1,confirmation,0.002497019083509855,0.0006371341979685141,0.0025770223688655436,0.014298258336021163,0.01186853515845021,0.018582311972705857,0.9034778370185443
11,0.7333333333333333,P_rage-d5-v2,discovery,0.04252422086151597,0.010110892049302933,0.04370971857506803,0.0341116202471492,0.010499657497426096,0.03569097145566334,0.9978774029944147
11,0.7333333333333333,P_rage-d5-v3,confirmation,3.086503977645094e-05,-0.00738753341704701,0.007387597893677394,0.01698235485416255,-0.002569556805560147,0.017175651328834633,0.15373424949165135
11,0.7333333333333333,P_rage-d5-v4,discovery,-0.023185033472728378,-0.009241347063348115,0.024958931721465728,0.0006231329427386356,0.0014191762879107728,0.0015499535478504872,-0.7124809902882567
11,0.7333333333333333,P_rage-d6-v1,discovery,0.016047619372927535,0.010256093250951004,0.019045039677316557,0.02168286104639261,0.01168454695389487,0.02463077547855414,0.9972329813152472
11,0.7333333333333333,P_rage-d6-v2,confirmation,0.034153626529828784,0.014672756897878614,0.037172032499222706,7.331734500626297e-05,0.0005364984206499557,0.000541484984499722,0.515496516840041
11,0.7333333333333333,P_rage-d6-v3,discovery,-0.004531477196417555,0.0011232857481591196,0.004668624685458202,-6.921547156757413e-06,9.549159299204746e-05,9.574211271536713e-05,
11,0.7333333333333333,P_rage-d6-v4,discovery,0.01589312137482679,0.0060420466722597155,0.01700287137588063,0.024153572267751944,0.01174800169376411,0.02685908779333729,0.9960060034451699
11,0.7333333333333333,P_grief-d4-v1,discovery,-0.01147003265845381,-0.004205427329777578,0.012216679917720574,0.02087226903079209,0.008443209538029794,0.022515314827841956,-0.9994565490595795
11,0.7333333333333333,P_grief-d4-v2,confirmation,-0.027237675845332987,-0.015689348179345863,0.031433209059021944,-0.0068815145525586985,-0.0032527368669232892,0.007611539900868883,0.996717558226919
11,0.7333333333333333,P_grief-d4-v3,confirmation,0.03974969890749058,0.015164938751497381,0.0425442584912797,0.05242445139116825,0.02171487516617754,0.05674380060541977,0.9996015071786353
11,0.7333333333333333,P_grief-d4-v4,confirmation,0.01806323626131867,0.01169185678250706,0.02151697049435338,0.029812819050722972,0.01496226847592741,0.03335676329767146,0.9940315179431861
11,0.7333333333333333,P_grief-d5-v1,confirmation,-0.0031191163631714147,-0.0005672914949128582,0.0031702849283943135,-0.017735049986788987,-0.008277183418726075,0.019571503861,0.9672187961306057
11,0.7333333333333333,P_grief-d5-v2,confirmation,0.004103518345546675,0.008170715574857823,0.00914327380195203,-0.009729978448492105,0.004806725255856126,0.010852515298003775,-0.006578418576887671
11,0.7333333333333333,P_grief-d5-v3,confirmation,0.012222380010668665,0.00598529230406708,0.013609198987828695,0.01354458988157603,0.008236782731828374,0.015852460529250274,0.9958625391148077
11,0.7333333333333333,P_grief-d5-v4,discovery,0.02004016069694714,0.01237382304156398,0.02355248473990387,0.03677250470218674,0.018187628206111306,0.041024467355909464,0.9956006819181427
11,0.7333333333333333,P_grief-d6-v1,confirmation,0.029175713143439808,0.012826608882153145,0.03187074101498138,0.016567748670742066,0.005444714822948171,0.017439472914056408,0.9953296638333642
11,0.7333333333333333,P_grief-d6-v2,confirmation,0.02823079238576387,0.016980660986468443,0.03294420261996752,0.024594265547580818,0.0163612399069204,0.02953926317829755,0.9989650092219341
11,0.7333333333333333,P_grief-d6-v3,discovery,0.0328110144652749,0.0191062398910935,0.03796855373880458,0.08664028141747071,0.04288681422380192,0.09667376685722667,0.9977110257456544
11,0.7333333333333333,P_grief-d6-v4,discovery,0.014614244779104446,0.009575101881424963,0.0174716549446024,0.007119033200887248,0.00719624264507468,0.01012257585410583,0.9778686922803592
11,0.7333333333333333,P_terror-d4-v1,confirmation,0.012964566351382878,0.007495447511814746,0.014975370248570785,-0.001642577733448114,-0.007217196956274208,0.0074017561102804,-0.6801577259104268
11,0.7333333333333333,P_terror-d4-v2,confirmation,0.03685912502559141,0.015744378403971027,0.04008092500154666,0.03339025209758306,0.013789068243467817,0.03612543893384775,0.9999273288133174
11,0.7333333333333333,P_terror-d4-v3,confirmation,0.02005450317473567,0.010823080281305408,0.02278864112581233,-0.0006955968238626653,0.0017997038806125687,0.0019294530311100518,0.12573435450287093
11,0.7333333333333333,P_terror-d4-v4,discovery,0.021338973790046012,0.013964660721365263,0.025502226402318532,0.012487194462614593,0.010934235052572294,0.01659781677607188,0.9902559284217649
11,0.7333333333333333,P_terror-d5-v1,confirmation,0.01097146508760627,0.005422906073441425,0.01223850303141406,0.0001678022688977876,-0.0018185031036583865,0.0018262286657104115,-0.35885571890635887
11,0.7333333333333333,P_terror-d5-v2,confirmation,0.023526418545943173,0.014499925309292117,0.027635849970173685,0.03754341128735028,0.020478708222869457,0.042765467629485375,0.9985968727300122
11,0.7333333333333333,P_terror-d5-v3,discovery,0.005809017637174563,0.005476366625170037,0.007983437688256946,-0.01188991560967434,-0.0038009033815336046,0.012482666370648985,-0.9019541465060205
11,0.7333333333333333,P_terror-d5-v4,discovery,0.02126246874593285,0.009110185806254556,0.023131970573132182,0.005513696633625997,0.006025321296679653,0.008167334160904649,0.9110768918469486
11,0.7333333333333333,P_terror-d6-v1,discovery,0.014492911661842633,0.00800083000717322,0.016554690249039928,0.01932013711028624,0.005631579184935287,0.02012417407190804,0.9757252498245726
11,0.7333333333333333,P_terror-d6-v2,confirmation,0.000709225200815844,-0.0014128908814363683,0.0015809051294490483,0.023633231291469325,0.0005882374494623477,0.023640550851725832,0.4262426980449042
11,0.7333333333333333,P_terror-d6-v3,discovery,0.027700967590350345,0.013585487082247383,0.030853023590947302,-0.00503939481630189,8.109298323510927e-05,0.005040047240502843,-0.8906353990811218
11,0.7333333333333333,P_terror-d6-v4,discovery,0.07962500772535464,0.03980465534744315,0.08901995530549046,0.030420987663057453,0.016974405923851688,0.03483628778821855,0.9989703649705884
11,0.7333333333333333,P_ecstasy-d4-v1,confirmation,0.03918346817462304,0.0229091172337208,0.04538911577261733,0.08027456757606544,0.04553448109087466,0.09228973489906403,0.999914362150902
11,0.7333333333333333,P_ecstasy-d4-v2,discovery,0.014900837962658287,0.010273678338665881,0.018099266244678842,0.003443244998511563,0.004684115027168367,0.005813507521928513,0.9449735654344157
11,0.7333333333333333,P_ecstasy-d4-v3,confirmation,0.028183709182256322,0.013664288992548457,0.03132146639194724,-0.005258597384676378,-0.0008830924386358241,0.005332232056962732,-0.95964563070726
11,0.7333333333333333,P_ecstasy-d4-v4,discovery,0.0035028620894479445,0.0007806965567755952,0.0035888061986478026,0.02934443879856463,0.011776043200005581,0.03161916004341518,0.9868517428182739
11,0.7333333333333333,P_ecstasy-d5-v1,confirmation,0.006153028129156191,0.003257217903222198,0.006961984173154845,0.013674391399776109,0.0010969662029318705,0.013718320414855661,0.918385261908261
11,0.7333333333333333,P_ecstasy-d5-v2,confirmation,0.0029940605175458046,0.00014035034236581367,0.0029973482616020533,0.0005983449439657118,-0.005462621688090863,0.0054952936572279735,0.06221728675457096
11,0.7333333333333333,P_ecstasy-d5-v3,discovery,0.03474205551421594,0.021184723036241415,0.04069155823355896,-0.003930794405989424,0.002467055835235321,0.00464085220151713,-0.44640127664295143
11,0.7333333333333333,P_ecstasy-d5-v4,confirmation,0.010234550894448802,0.009075270155856074,0.013678690010846605,-0.009179072397377919,-0.005146888403536387,0.010523584480335708,-0.9771046203383272
11,0.7333333333333333,P_ecstasy-d6-v1,confirmation,-0.00019758168413464006,0.01010909718816233,0.010111027864743377,0.013176567711983278,0.01393976177171874,0.01918173336590704,0.7131583843374256
11,0.7333333333333333,P_ecstasy-d6-v2,confirmation,0.042051402032410756,0.022394363759231872,0.047642711311093926,0.05157558525965289,0.03263441294802316,0.06103315413230604,0.9972032466452767
11,0.7333333333333333,P_ecstasy-d6-v3,confirmation,0.02897871128178231,0.018721042652930286,0.03449990066022991,0.017578284475987083,0.01142561366121253,0.02096522674940614,0.9999961166398279
11,0.7333333333333333,P_ecstasy-d6-v4,discovery,0.021057446207046304,0.006800331349139377,0.022128274836071982,0.025084363306278945,0.010371283472491832,0.027143853877962427,0.9968269803797553
11,0.7333333333333333,P_loathing-d4-v1,confirmation,0.006789884698529036,0.00686003013789005,0.00965207478794474,0.028189320371295512,0.01919746178347692,0.03410542950797707,0.9814976489493004
11,0.7333333333333333,P_loathing-d4-v2,discovery,-0.005078710615817883,-0.004470293170570017,0.006765857118655861,0.011195274281521783,0.0028716152249348426,0.011557696147527875,-0.8912602515287624
11,0.7333333333333333,P_loathing-d4-v3,discovery,0.014179223505574434,0.01093195247107559,0.01790413259699811,0.0399256396874037,0.01282926540142082,0.04193622247161133,0.9407747433457643
11,0.7333333333333333,P_loathing-d4-v4,discovery,-0.025367973700703317,-0.016328376080556595,0.03016869163731944,-0.03174642356230173,-0.016195717999775372,0.03563897712512684,0.9949877302677432
11,0.7333333333333333,P_loathing-d5-v1,discovery,0.03291802827744306,0.01210262292887787,0.035072354746055204,0.02629495523456349,0.011726265593438256,0.02879114404735511,0.9977454672719814
11,0.7333333333333333,P_loathing-d5-v2,confirmation,0.0034714937604434226,0.0038183292980997763,0.005160514272582214,0.024996971556556336,0.010881820506189577,0.027262842928209345,0.9121255262572119
11,0.7333333333333333,P_loathing-d5-v3,discovery,0.026571859829012112,0.014811519040232035,0.030421124749946765,0.02195585345652118,0.011845162413666621,0.024947291909351074,0.9999051681253893
11,0.7333333333333333,P_loathing-d5-v4,discovery,0.016820036888995027,0.0076045639921700214,0.018459226269217307,0.02425676083505035,0.003530278669513276,0.024512309432063985,0.9610314452658212
11,0.7333333333333333,P_loathing-d6-v1,discovery,0.014819754239041139,0.008358495442726266,0.017014392782925096,0.01228576480323218,0.004318005159147376,0.013022487679194094,0.9846293125624977
11,0.7333333333333333,P_loathing-d6-v2,confirmation,0.02233335740169462,0.007510252529964845,0.023562316225186168,0.03407163987131279,0.009807418841965898,0.03545507168039826,0.9990264489743715
11,0.7333333333333333,P_loathing-d6-v3,discovery,0.04076629271323995,0.022793351531899653,0.046705754416755896,0.002091313649058346,-6.419384212463797e-05,0.00209229864696808,0.8574484755334985
11,0.7333333333333333,P_loathing-d6-v4,confirmation,0.027437528884158624,0.010764271271171744,0.029473505513739152,0.02813912814104791,0.011345178000730982,0.030340131779650937,0.9999560219086172
11,0.7333333333333333,P_amazement-d4-v1,confirmation,0.05309954261375527,0.03131640161847393,0.06164639840347178,0.01651185053759141,0.014139401766832371,0.021738534690720533,0.984676189610712
11,0.7333333333333333,P_amazement-d4-v2,confirmation,0.050112135418464376,0.0320177946139939,0.059467346402394726,0.01466797332425962,0.01593469366830602,0.021657883177816428,0.9668464902463767
11,0.7333333333333333,P_amazement-d4-v3,discovery,0.04422530637218891,0.0233101565563123,0.04999241064795498,0.04528877612422244,0.023006707456151076,0.0507974589010401,0.9998867986952078
11,0.7333333333333333,P_amazement-d4-v4,discovery,0.001576893296346249,0.00038500910620431483,0.001623214243383166,0.021041206666016166,0.00968922590050525,0.023164919091441367,0.9816112031358488
11,0.7333333333333333,P_amazement-d5-v1,discovery,0.013569250574201774,0.008291630138185901,0.015902065636072188,-0.017304785563674763,-0.009137831266417873,0.01956925046235268,-0.9980365250399206
11,0.7333333333333333,P_amazement-d5-v2,confirmation,0.025756484543240532,0.015950951603682206,0.030295698590545827,0.03102179023862739,0.019512383634356922,0.03664811843333457,0.9999756798740363
11,0.7333333333333333,P_amazement-d5-v3,discovery,0.02792593128151477,0.012855888874486077,0.03074299134262995,-0.01376954557646215,0.010334363565819071,0.01721625556538927,-0.4754956475763458
11,0.7333333333333333,P_amazement-d5-v4,confirmation,0.02298703872228902,0.01323474784689882,0.02652475258680103,0.013748323635257353,0.012171815458243085,0.01836217564258934,0.9796161266254209
11,0.7333333333333333,P_amazement-d6-v1,confirmation,0.019416960720476162,0.015556668790966732,0.024880279489835972,-0.026860378161593257,-0.0038829708396419527,0.027139590592440883,-0.8618453921240766
11,0.7333333333333333,P_amazement-d6-v2,discovery,0.003172158058829311,0.005713564295791507,0.006535090183948438,0.0010790164714493677,0.007533069933459924,0.007609955267152162,0.9342823416003769
11,0.7333333333333333,P_amazement-d6-v3,discovery,0.02446833625837197,0.017142987447230418,0.02987610245444777,0.056469536545351584,0.03496730769883083,0.06641928308369123,0.9983926313484629
11,0.7333333333333333,P_amazement-d6-v4,confirmation,0.014937599577140581,0.006966447020353428,0.0164822105681969,0.03174436347699272,0.01555608690212118,0.0353510459854553,0.9998144073522732
11,0.7333333333333333,P_admiration-d4-v1,discovery,0.018815655173310297,0.014668217060767041,0.023857608248579652,-0.012619089220570867,0.006161219575257171,0.014042864359213187,-0.4389538116388707
11,0.7333333333333333,P_admiration-d4-v2,discovery,-0.0011378302448310507,0.0014262664044570883,0.0018245255609432385,0.01027373958332145,0.008989476227668991,0.013651388496183525,0.045433105242753055
11,0.7333333333333333,P_admiration-d4-v3,discovery,0.02894938484432341,0.015723582152135762,0.0329438601041181,0.04909446581304966,0.02525675556232443,0.055210237048972245,0.9997487021682914
11,0.7333333333333333,P_admiration-d4-v4,discovery,0.014751432947867293,0.008002547499325274,0.01678229842704455,0.018893358648230052,0.009244965666669103,0.021033981819630343,0.9991184953572175
11,0.7333333333333333,P_admiration-d5-v1,confirmation,0.02000643235949795,0.0013063912171169534,0.020049039721825257,0.008622975640609543,-0.005236574555232298,0.010088479665987929,0.8190962996204997
11,0.7333333333333333,P_admiration-d5-v2,discovery,0.027417306223195936,0.01411230836620625,0.030836114021701787,0.003986379448189137,0.0025712743263817117,0.004743698216207947,0.9952499996715861
11,0.7333333333333333,P_admiration-d5-v3,confirmation,0.027225382074680837,0.006185200286824788,0.027919135582974094,0.027313623605017323,0.005111064281493327,0.027787713337482745,0.999262522725888
11,0.7333333333333333,P_admiration-d5-v4,discovery,0.010389789154997331,0.005536783250090771,0.01177300672911495,0.015512154161512193,0.006020562660832063,0.016639534292867852,0.9928800076650839
11,0.7333333333333333,P_admiration-d6-v1,confirmation,0.023098652389148988,0.018139414512953422,0.029369816156514898,-0.0006312250177549217,0.002703246949244509,0.0027759663347453343,0.4226055425620834
11,0.7333333333333333,P_admiration-d6-v2,confirmation,0.006487344150594154,0.0055911754417365955,0.008564279126028449,-0.005661791252895121,-0.00029400212099472967,0.00566941949748906,-0.790324539874476
11,0.7333333333333333,P_admiration-d6-v3,confirmation,-0.0006907037264944904,0.002323855451044743,0.0024243299682889167,0.019241872015782757,0.007476874899324137,0.020643480736830862,0.08161879230489187
11,0.7333333333333333,P_admiration-d6-v4,confirmation,0.02828074235494782,0.01767526689281329,0.033349894270883695,0.0337400808031636,0.019444504071646218,0.03894203116423532,0.9993599117214398
11,0.7333333333333333,P_vigilance-d4-v1,discovery,0.00763800360495015,0.010316151993130518,0.012835968643409901,0.010172021497004025,0.006829354728777215,0.012251943002927482,0.9420155425919476
11,0.7333333333333333,P_vigilance-d4-v2,confirmation,0.0010805796342694407,0.0006524830018497241,0.001262294107449094,0.002963107438398893,0.005467085722237641,0.006218442890771734,0.8623543872317385
11,0.7333333333333333,P_vigilance-d4-v3,discovery,0.00963463706290213,0.005199780017408173,0.010948239290556482,0.025935174620213886,0.01298085738937571,0.02900234371812555,0.9995244414995781
11,0.7333333333333333,P_vigilance-d4-v4,discovery,-0.0009128269118932053,-0.001461158337884072,0.001722857121018638,0.02545928794913621,0.009172698456158201,0.027061295974964678,-0.7859401429256
11,0.7333333333333333,P_vigilance-d5-v1,discovery,-0.022105881686701245,-0.011789208467612333,0.02505305253735073,-0.009574134217545716,-0.004500705895943646,0.010579243809335412,0.9987250617301632
11,0.7333333333333333,P_vigilance-d5-v2,confirmation,0.04602616277988236,0.02178824027998605,0.050922834512020586,0.01916053078385538,0.012484116321602734,0.02286873630637201,0.9908562767033877
11,0.7333333333333333,P_vigilance-d5-v3,confirmation,0.020226611312567755,0.020991042118565062,0.02915029424230682,0.04579580557310026,0.028250463390916636,0.053808405383273736,0.9686137995548008
11,0.7333333333333333,P_vigilance-d5-v4,confirmation,0.011610787233214737,0.008426072600100198,0.014346047526658402,0.0171086863376253,0.014415916260543504,0.02237243370378487,0.9973793189890011
11,0.7333333333333333,P_vigilance-d6-v1,discovery,0.006884115980384742,0.011172915665683902,0.013123455996949635,-0.03161497378371969,-0.003424833812800454,0.03179993795576628,-0.6132066676581992
11,0.7333333333333333,P_vigilance-d6-v2,discovery,0.015021394207347605,0.009682782618279262,0.01787172524311481,0.010344448430909647,0.009275352653333346,0.013893875635813322,0.9874821888693621
11,0.7333333333333333,P_vigilance-d6-v3,discovery,-0.0011659920112006006,0.003068930509503076,0.0032829669267816926,-0.018106504721743466,-0.004289799472452671,0.01860773744312762,0.13008884010773017
11,0.7333333333333333,P_vigilance-d6-v4,discovery,0.0001869732986081729,0.0020410533232473327,0.00204959939567014,-0.0011127653169653584,0.004199609445627583,0.0043445329031376245,0.9392465113891597
12,0.8,P_rage-d1-v1,discovery,-0.01670404599985753,-0.0034912089809271407,0.017064984410009365,0.003545752201472796,0.005381248655766502,0.00644439258343546,-0.7094027253939111
12,0.8,P_rage-d1-v2,confirmation,0.011919901241812525,0.002182758262311957,0.012118105431388807,0.005198808870307214,-0.003025210823165647,0.006014940913640262,0.7595859687564308
12,0.8,P_rage-d1-v3,discovery,-0.008807230996636939,-0.0013036721911117155,0.008903194876559791,-0.00921654474108946,-0.007755547739028756,0.012045464611083204,0.8511775063213727
12,0.8,P_rage-d1-v4,discovery,0.020800217350452677,0.01992608761115111,0.02880447898007083,-0.029271943601425043,-0.0037809586972397113,0.029515120377109107,-0.8047853758825614
12,0.8,P_rage-d2-v1,discovery,-0.025591402210203285,-0.010372873566559804,0.027613699011762853,-0.04947595293408957,-0.018458172066639467,0.052806950629419196,0.9996077726716409
12,0.8,P_rage-d2-v2,discovery,-0.008653350931652426,-0.0014162446166050557,0.008768479409817459,-0.004001802168481117,0.0024053279759832513,0.004669049503668584,0.7626309607286157
12,0.8,P_rage-d2-v3,confirmation,-0.002616527801288626,0.0005646263776961646,0.002676755625996999,-0.012249017888459779,-0.000846862921402014,0.012278257858485185,0.9606229780532505
12,0.8,P_rage-d2-v4,discovery,0.007726986651581669,0.01214423249414942,0.014394051048460121,0.013479421306826112,0.018070091317426318,0.022543801786456596,0.9972451637722987
12,0.8,P_rage-d3-v1,discovery,-0.01177866209189915,-0.009220295048073979,0.014958299417001907,0.005906476297555141,-0.0017294824153659683,0.0061544757436065006,-0.582487120938665
12,0.8,P_rage-d3-v2,discovery,0.0006166046956685989,0.0004433813595472458,0.0007594658522373007,-0.019189301292227956,-0.010209123653302843,0.021736041264506494,-0.9909719729316063
12,0.8,P_rage-d3-v3,confirmation,0.016767206704753512,0.008141663224424,0.018639364279391862,-0.03606338835739642,-0.010732391178684964,0.0376264826980773,-0.9867795947954217
12,0.8,P_rage-d3-v4,confirmation,-0.005479106531626421,0.0015332315836733557,0.005689587636558981,9.11499612366029e-05,-0.0019757714025243622,0.0019778728347561985,-0.31357392733617145
12,0.8,P_grief-d1-v1,discovery,-0.015779849392085765,0.0008326446345821026,0.01580180192017378,0.00509683652101911,0.009033527067182856,0.01037219136901742,-0.4448194033330707
12,0.8,P_grief-d1-v2,discovery,0.0038543542273838938,-0.0005414260923215508,0.0038921958742589866,0.016950607774297133,0.0033979348475856597,0.01728782997216537,0.9436195793567131
12,0.8,P_grief-d1-v3,confirmation,0.004495237547055275,0.0057734099830781815,0.007317063853566015,0.0014254213697775242,0.0015408936365703951,0.002099090107794701,0.9963957711133842
12,0.8,P_grief-d1-v4,confirmation,-0.01441265759905086,0.004161658265459778,0.015001469880846616,-0.0346854310662259,-0.005883973265921938,0.03518096459229043,0.9008196679393257
12,0.8,P_grief-d2-v1,confirmation,0.0075924932223712105,0.006191985832898261,0.009797277269046004,0.004098560201428736,0.006534045468497673,0.007713102223433224,0.9471942463712252
12,0.8,P_grief-d2-v2,confirmation,0.010157870184386297,0.007684917163983229,0.012737357594891028,0.021319878940382342,0.008261752440173353,0.022864684371652035,0.9616111044329771
12,0.8,P_grief-d2-v3,confirmation,0.016686135532443025,0.009291199256954208,0.01909852095423842,-0.013733642750331843,-0.004074393736221094,0.014325279317049983,-0.975970688658502
12,0.8,P_grief-d2-v4,confirmation,0.00358771210177089,0.007316779177263477,0.008149045076205537,-0.023940025187438874,-0.005203750542054131,0.024499057648798173,-0.6209285437886053
12,0.8,P_grief-d3-v1,discovery,0.01251698763970932,0.003630928102714037,0.013032981948108209,0.00046347401659074805,-0.003207398604426981,0.00324071195445305,-0.13837758698785962
12,0.8,P_grief-d3-v2,confirmation,-0.0046305468090857005,-0.0014413814359972577,0.004849695268279367,0.002606711725395172,0.0006252326953228859,0.002680645807004983,-0.9977988361756417
12,0.8,P_grief-d3-v3,confirmation,0.006777154778406569,0.003176172571212277,0.00748451061142946,-0.010497000026967296,-0.002036003965673938,0.01069262931716944,-0.9697284635327665
12,0.8,P_grief-d3-v4,confirmation,0.01914847461062763,0.011064835207918122,0.022115484577377803,0.02975222248836218,0.012684994410225414,0.03234352835088426,0.9926942467285929
12,0.8,P_terror-d1-v1,discovery,0.03350560644047107,0.010881656052696975,0.0352283423026536,0.018139308384806263,0.004801323519854517,0.018763987215445737,0.9984731487017118
12,0.8,P_terror-d1-v2,discovery,0.0018394482187966688,0.0005519364579926744,0.0019204696309225347,0.0038421912696713356,0.0024164229832326356,0.0045388912508049295,0.963796476456835
12,0.8,P_terror-d1-v3,confirmation,0.032116036867848585,0.014686301283619585,0.03531468914616488,0.027105838041335595,0.011294420547633521,0.029364781481051788,0.9994187384118434
12,0.8,P_terror-d1-v4,discovery,0.004667706979603281,0.01133659779927676,0.012259932222896008,-0.012988643788119258,0.004193082508177071,0.013648692551853804,-0.07823900845014747
12,0.8,P_terror-d2-v1,discovery,-0.0076422326580054545,-0.00391436145458357,0.008586381402908605,-0.006019288261770228,-0.00554045308219564,0.008180981086293747,0.963600460237813
12,0.8,P_terror-d2-v2,discovery,-0.010218858040290435,-0.006606816489016509,0.012168610593126435,-0.0061107800129085454,-0.0005225741930439121,0.00613308373931076,0.8829795944574363
12,0.8,P_terror-d2-v3,confirmation,0.001747953808477476,-0.0016428098411100933,0.0023987844193714206,0.011595372692431383,0.009807248074653163,0.015186664632965712,0.11410335772399025
12,0.8,P_terror-d2-v4,confirmation,-0.02701232127071229,-0.0019771864962105923,0.02708458541076406,-0.026694317977256965,-0.0054928730801275805,0.027253591817323723,0.9915785562310011
12,0.8,P_terror-d3-v1,discovery,-0.004649778338160715,-0.0013659029762926878,0.004846249016989722,-0.018849221193553145,-0.007148787528012068,0.02015932297286181,0.9970536629586395
12,0.8,P_terror-d3-v2,discovery,0.013238582368052754,0.01139514377333306,0.01746738001907122,0.029864014072754852,0.01563282664615606,0.03370822756370419,0.9740165620983089
12,0.8,P_terror-d3-v3,confirmation,0.007868155476078442,0.004283808583243953,0.0089587324200256,0.02813352286169435,0.012327000015722511,0.030715631818295737,0.9963379922085057
12,0.8,P_terror-d3-v4,confirmation,0.025105565828800636,0.013837446711135293,0.02866643275797934,0.017882272125413046,0.012267188657753003,0.021685469188657835,0.9952482288909252
12,0.8,P_ecstasy-d1-v1,confirmation,0.055754753859265094,0.028196816486128817,0.06247922084869226,0.0294459147539623,0.02038617589755809,0.035814215940374754,0.9905841525895792
12,0.8,P_ecstasy-d1-v2,discovery,0.003915681847923125,0.0014644221616162412,0.00418056175670058,0.009452117235886792,0.0015405197949434069,0.009576832538974494,0.9807904316339046
12,0.8,P_ecstasy-d1-v3,discovery,0.0049698080243651965,0.002177377363881128,0.005425860667561104,0.0024115464901885986,0.006891442888431687,0.0073012013777772646,0.6813073208207132
12,0.8,P_ecstasy-d1-v4,discovery,0.01839541559321134,0.013090895503530042,0.02257792860143078,0.012093054554144445,0.01578403744739454,0.019884109398971502,0.9557669965202754
12,0.8,P_ecstasy-d2-v1,confirmation,0.0007546409782706043,-0.00012396869457020898,0.0007647556755713921,0.0035242247073328237,-0.00222937517560462,0.004170164680366623,0.9205871683844495
12,0.8,P_ecstasy-d2-v2,confirmation,-0.00906847042038006,0.0013228785132968213,0.009164451065189365,-0.012460197136247242,-0.002421983618789092,0.012693404481218844,0.943804239626424
12,0.8,P_ecstasy-d2-v3,confirmation,0.008345294657081226,0.004893710718958388,0.009674313800697013,-0.022375754735997067,-0.008210992207170698,0.023834739206286967,-0.9840828178269393
12,0.8,P_ecstasy-d2-v4,confirmation,-0.002017298593155914,0.004171776477175371,0.004633919786688433,-0.001985689482131292,0.004520129209086399,0.004937056895183898,0.9993343658933703
12,0.8,P_ecstasy-d3-v1,confirmation,0.028053750767032426,0.01792244373449492,0.033290042377787814,0.01678749078182573,0.013008446199050283,0.02123769100593258,0.9958862925411032
12,0.8,P_ecstasy-d3-v2,discovery,0.019581631632247465,0.012847672061662152,0.023420140366467678,0.008277108479200823,0.009725087947205946,0.01277058574840436,0.9596612230744332
12,0.8,P_ecstasy-d3-v3,discovery,0.002902782022799144,0.0008827077958510898,0.0030340264541928734,-0.0379646371225677,-0.010442855608805424,0.03937469879395403,-0.9996415521644627
12,0.8,P_ecstasy-d3-v4,confirmation,0.005591191734505507,0.004563311052353747,0.007217009960678768,-0.014170818245180072,0.003142706246511917,0.014515119437668898,-0.6194467466703967
12,0.8,P_loathing-d1-v1,discovery,0.006673092735256958,0.008734290955594304,0.010991724393848112,-0.018310768221241336,-0.0028547620880265967,0.018531969658707504,-0.7222631457376686
12,0.8,P_loathing-d1-v2,confirmation,0.008141147867281262,0.003519334807598362,0.008869273142987064,-0.0006487258992065037,0.0021336080744420727,0.002230051279147118,0.11262021000014551
12,0.8,P_loathing-d1-v3,discovery,0.002197415888035792,0.009120857649475234,0.009381827159300207,-0.007169093386413916,0.0034510096698676662,0.007956467037865731,0.21062945657725227
12,0.8,P_loathing-d1-v4,discovery,-0.004009307930886052,0.005846590677883512,0.007089229340300692,-0.02776800472970331,-0.00022562309936491332,0.027768921341164703,0.5588297007908173
12,0.8,P_loathing-d2-v1,discovery,-0.0012973691083608685,0.007094060802310231,0.007211717220621144,0.03238658121039428,0.017658835519424265,0.036888007731504614,0.3129601627474268
12,0.8,P_loathing-d2-v2,confirmation,0.008490999367107399,0.007509081986950328,0.011335051060271415,0.03306668400715562,0.01435405524697142,0.036047808439101936,0.9509334443646363
12,0.8,P_loathing-d2-v3,discovery,0.01752668812449265,0.01040245883998736,0.020381264595968104,-0.01309002570441642,0.0026202908863286467,0.013349707759769857,-0.7430329782581248
12,0.8,P_loathing-d2-v4,discovery,-0.00047530586835353716,0.009715465072151375,0.009727084724452884,-0.005841560073313268,0.005548685310684753,0.008056781787235923,0.7233036889842908
12,0.8,P_loathing-d3-v1,discovery,-0.012097286872158719,-0.004475686677476887,0.012898686789834373,-0.009409554537898934,-0.0005555210753422912,0.009425938694201436,0.9566892956575229
12,0.8,P_loathing-d3-v2,confirmation,0.0126842669824625,0.0065468349105568535,0.014274161139221959,-0.012940299985326753,0.0007125070468823047,0.012959900848467341,-0.8620578251919835
12,0.8,P_loathing-d3-v3,confirmation,0.0016941941915851189,0.005212065122361942,0.005480503334415787,0.0015010180558858721,0.0022285452542298856,0.0026869069865266917,0.9614777306165548
12,0.8,P_loathing-d3-v4,confirmation,-0.0063131250969119534,0.0028120881197031267,0.006911106140281383,-0.001856512735367577,0.005845529314050246,0.006133257902453047,0.6643108622526722
12,0.8,P_amazement-d1-v1,confirmation,0.028653866959666985,0.01615421138514339,0.03289380849366932,-0.0008709024809743227,0.005581051586123209,0.0056485934477828745,0.35092274968837545
12,0.8,P_amazement-d1-v2,confirmation,0.0043939151478378236,0.005280716278137199,0.006869676465204302,-0.013550852180010509,-0.0002644279303094521,0.013553431924602097,-0.6544858112211905
12,0.8,P_amazement-d1-v3,discovery,-0.006081966411600526,0.00016144172802512458,0.006084108715611902,-0.013451127671164631,-0.004824122584536017,0.014290031292359066,0.9320051890060435
12,0.8,P_amazement-d1-v4,confirmation,0.018828625132385923,0.01424780327746511,0.023611798377278687,-0.013265825515988539,-0.0017255527925552627,0.013377580463617023,-0.8685968697033419
12,0.8,P_amazement-d2-v1,confirmation,-0.015270497876241684,-0.00614415301145943,0.016460216329578656,-0.014174626076056018,-0.002310504548709069,0.014361701001817736,0.9756891092443655
12,0.8,P_amazement-d2-v2,confirmation,0.026094812331686867,0.022193224482956353,0.034256071630834294,-0.006193418798195349,0.00801189155386961,0.010126640246439424,0.046681052952135614
12,0.8,P_amazement-d2-v3,discovery,0.005994389708155801,0.004263638204681897,0.00735603960794579,0.001435282547163741,0.004814717872320795,0.005024096354593343,0.7882539675295915
12,0.8,P_amazement-d2-v4,discovery,0.015113987155785047,0.01755815154257334,0.02316724613192526,-0.022337612154545994,0.009779711513631995,0.024384660630338634,-0.2936612802601914
12,0.8,P_amazement-d3-v1,discovery,0.024644421293254837,0.012820751067947,0.027779833671670834,-0.021325625116695335,-0.004388878101591498,0.021772563873105444,-0.9619537926661904
12,0.8,P_amazement-d3-v2,confirmation,0.04417043595885595,0.016089289174665566,0.04700949519981474,0.04104797983685149,0.021881673733778584,0.04651606490319341,0.9901545611994438
12,0.8,P_amazement-d3-v3,discovery,0.019016150896132622,0.013714725781183823,0.02344584607467928,0.014498109809277793,0.019926966555464,0.024643035205600336,0.9501785396503815
12,0.8,P_amazement-d3-v4,confirmation,-0.004108301147630833,0.002230136109283798,0.004674574353409762,-0.010146571013103234,0.00366597082456277,0.01078852378272821,0.9886782976549303
12,0.8,P_admiration-d1-v1,confirmation,0.00822640701038857,0.003984828737537249,0.00914071290261722,-0.018283120529278385,-0.003411300698532127,0.01859864158329652,-0.9646656940318533
12,0.8,P_admiration-d1-v2,confirmation,0.007936849224617681,0.012363529449484822,0.014691849307101976,-0.008761026753312695,0.0028405839099820973,0.009210022080424669,-0.2543398983508061
12,0.8,P_admiration-d1-v3,confirmation,0.03714272643675276,0.0205543442676559,0.042450714898912736,-0.009918272419180418,0.009025454297602487,0.013410106377623788,-0.3212532424069086
12,0.8,P_admiration-d1-v4,discovery,0.025301710000406707,0.019349831959093677,0.031852669052841454,-0.036720144573887836,-0.0039050759197305496,0.036927207252459314,-0.8541228472713034
12,0.8,P_admiration-d2-v1,confirmation,0.04465829090897966,0.020723696246187195,0.049232454062491014,-0.020968350113908407,0.00017395445264556386,0.020969071668794446,-0.9035672945539293
12,0.8,P_admiration-d2-v2,confirmation,0.00845359074587293,0.004474238356600324,0.009564622594247093,-0.008353832362639757,-0.00090257638816027,0.008402449599941185,-0.9289747029169938
12,0.8,P_admiration-d2-v3,confirmation,0.004530837851313585,-0.0035854743251251264,0.00577789907933908,-0.019296472509043205,-0.00785656254838063,0.020834572862645333,-0.4922716025740584
12,0.8,P_admiration-d2-v4,discovery,0.008700474703564609,0.01314891458813161,0.015766807378583273,-0.028654036676257988,-0.0005633516651437631,0.02865957401886773,-0.5681085130269559
12,0.8,P_admiration-d3-v1,discovery,-0.02555731530430272,-0.0031613095685418813,0.02575209202670145,-0.0435743052970623,-0.00898260079524782,0.0444905293199393,0.9967835506493575
12,0.8,P_admiration-d3-v2,discovery,0.052157661042683046,0.027281494349124635,0.05886171539604275,0.02627097490757313,0.015262427361866227,0.030382656427155607,0.9990153938615087
12,0.8,P_admiration-d3-v3,discovery,0.006997228992325688,0.0084808049482481,0.010994783587741625,-0.04577856424636817,-0.008083821994712359,0.04648682740842887,-0.7608507581139978
12,0.8,P_admiration-d3-v4,discovery,-0.014858106926917358,-0.0002237908566202762,0.01485979218559992,-0.010229513915432698,0.003458594505826529,0.010798371678256154,0.9423890095800617
12,0.8,P_vigilance-d1-v1,discovery,0.03151453760604994,0.013222834785822535,0.03417615309387958,0.000650660791779778,0.002041188505133462,0.0021423841811048887,0.6486831190435437
12,0.8,P_vigilance-d1-v2,discovery,-0.002520114388309125,-0.0004913092530811625,0.0025675594077500612,0.004495728325494497,0.006915762785909774,0.008248596734452962,-0.6953913446931772
12,0.8,P_vigilance-d1-v3,discovery,0.0210828792650819,0.010618002661365367,0.02360571495682311,0.025638527957760004,0.01575981172297025,0.03009494611034072,0.996423195746875
12,0.8,P_vigilance-d1-v4,confirmation,-0.015182590611725999,-0.0027979207199093636,0.015438245303083138,-0.03224751026821959,-0.008814384312199053,0.03343045451832908,0.9964254305701354
12,0.8,P_vigilance-d2-v1,discovery,-0.009356528376965656,-0.0026237278651972673,0.009717436451018148,-0.024133141596550445,-0.0006418350277286322,0.02414167507696955,0.9696977220268459
12,0.8,P_vigilance-d2-v2,discovery,0.0024251017912675366,1.2674740726303924e-05,0.0024251349131669962,-0.028384390320857378,-0.009912759342878275,0.030065535280061166,-0.9457942623730987
12,0.8,P_vigilance-d2-v3,confirmation,-0.005292485246211953,-0.001460784996814013,0.005490381852684576,-0.0064952410782477266,-0.0008137490133584002,0.006546017424457291,0.9895533129013947
12,0.8,P_vigilance-d2-v4,confirmation,0.019443553816858028,0.015884796355953412,0.025107340366896,-0.020779157808592075,0.0010925920401732014,0.020807862855195456,-0.7401278654369527
12,0.8,P_vigilance-d3-v1,discovery,0.00035618779572121895,-0.003348709262577465,0.003367599066262617,-0.02705473789479118,-0.008394391517507316,0.028327101007781377,0.19365733081506217
12,0.8,P_vigilance-d3-v2,confirmation,-0.00016506790424752893,8.50910605532107e-05,0.00018570918555295413,-0.015685213627941508,-0.0054182958679245274,0.016594693629788108,0.6905333732891157
12,0.8,P_vigilance-d3-v3,discovery,0.039343621510315785,0.02083339076391777,0.044519105160246396,0.02637825438284569,0.014587260383581047,0.030143000344765133,0.9998351267531825
12,0.8,P_vigilance-d3-v4,confirmation,0.010606905334188177,0.004742536937255792,0.011618868162160425,-0.006838302840185939,0.0006785638112694059,0.00687188726479557,-0.8681366880905724
12,0.8,P_rage-d4-v1,confirmation,0.009975619254884549,0.0056452692936224125,0.011462200701258876,0.030381956274056154,0.018830656092672093,0.03574432648573964,0.999205065628241
12,0.8,P_rage-d4-v2,confirmation,0.02779464366774853,0.01183992418648927,0.030211355834502483,0.006870053658890818,0.006768942679586498,0.009644491810124925,0.930402953471227
12,0.8,P_rage-d4-v3,discovery,-0.001632688260680304,0.0016474607460166268,0.0023194391275109887,0.03652512185123591,0.013673802616333663,0.03900073594482653,-0.410205097624574
12,0.8,P_rage-d4-v4,confirmation,0.0046811997358569,0.0005698871749615364,0.004715761058320529,-0.00536604025789611,-0.0017640093310182792,0.0056485499882077085,-0.9807630191593404
12,0.8,P_rage-d5-v1,confirmation,0.003296670330136031,-0.0005968029241909534,0.0033502550643081017,0.023959624137928515,0.00924876536439223,0.025682742252267146,0.8538365964902032
12,0.8,P_rage-d5-v2,discovery,0.01870333743070196,0.0070535544677232664,0.01998918361704239,0.02125376109628152,0.008040141354661134,0.022723693224050136,0.9999994806919331
12,0.8,P_rage-d5-v3,confirmation,-0.009929856073195964,-0.008374522857105049,0.012989791173015896,0.010094698527359558,-0.00588582938949056,0.011685286729920924,-0.335648465381391
12,0.8,P_rage-d5-v4,discovery,-0.002423163005689233,0.0013985766051201054,0.0027978090486182497,-0.004491202546639705,-0.002137148368604791,0.004973761500551981,0.5672720066814744
12,0.8,P_rage-d6-v1,discovery,0.0030811339186556097,0.002819722363811117,0.0041766278782849,0.002480454628146056,-0.00028993188821679894,0.0024973417191277904,0.6543413089143812
12,0.8,P_rage-d6-v2,confirmation,0.0206966206381205,0.00825558975853724,0.022282389191905352,-0.009799845407799879,-0.0033033074902633075,0.0103416057936863,-0.9985191054043573
12,0.8,P_rage-d6-v3,discovery,0.004901725016212666,0.005293976852036586,0.007214783367812526,0.0014556437964801106,0.004100959864755005,0.004351639998272194,0.918761106149894
12,0.8,P_rage-d6-v4,discovery,0.0031910455314596575,0.004618201094764629,0.005613426131653811,0.01520164672150548,0.011580099009034672,0.019109912509075077,0.9507447848625733
12,0.8,P_grief-d4-v1,discovery,-0.014932486449614757,-0.0061645491339135106,0.016154900729882623,0.0044615277635142725,0.0006438297459099296,0.00450774297474103,-0.9693566092864765
12,0.8,P_grief-d4-v2,confirmation,-0.017721689225448145,-0.010406947163146718,0.020551467545163103,-0.0008596564621425884,-0.00030366924874680734,0.0009117150023653015,0.981734252689283
12,0.8,P_grief-d4-v3,confirmation,0.023519868474147998,0.00902395062505601,0.0251915838709016,0.03565304518763179,0.013681495866811222,0.03818799497623418,0.9999999983260104
12,0.8,P_grief-d4-v4,confirmation,0.01750503526710734,0.011941132177648583,0.021190018815157908,0.01881340910824969,0.009682902828067608,0.021158992637934634,0.9924051124072358
12,0.8,P_grief-d5-v1,confirmation,-0.003965210174800227,-0.0001438796637618367,0.003967819689449543,0.00627946673465507,0.004998110681546208,0.008025759332089762,-0.804481714602804
12,0.8,P_grief-d5-v2,confirmation,0.0066901781897223955,0.0063221760797746995,0.009204802800381582,-0.006730538843207512,0.0010920199827069155,0.006818552688258435,-0.6074327010416791
12,0.8,P_grief-d5-v3,confirmation,0.004136473789123407,0.002475078152196275,0.0048204177482438475,0.0017039983358397848,0.00015327686788424444,0.0017108781741471718,0.9006649469613858
12,0.8,P_grief-d5-v4,discovery,0.006568487811250634,0.006332165538784906,0.009123669905094292,0.013712625227930708,0.00819779629773354,0.015976230931631384,0.9740615100811747
12,0.8,P_grief-d6-v1,confirmation,0.020467632427373594,0.010055150499042043,0.022804166916168205,0.017432363278004015,0.0027444555448488117,0.017647076973084076,0.9551924289378523
12,0.8,P_grief-d6-v2,confirmation,0.006102202649771904,0.004484686944992156,0.007572931676270843,0.006170631227218504,0.003968743368192751,0.007336730447883313,0.9980643712867618
12,0.8,P_grief-d6-v3,discovery,0.013688317853825183,0.008530496836626433,0.01612883820822327,0.02495187478287253,0.013870549052830139,0.02854799793693276,0.9987530091487606
12,0.8,P_grief-d6-v4,discovery,0.009703022856764498,0.006340003066497957,0.011590698488102336,0.018115155568982022,0.009462290900615677,0.0204375588164608,0.995259904807438
12,0.8,P_terror-d4-v1,confirmation,-0.015298585886080573,-0.00434227509988272,0.015902895433123027,-0.016729638949906533,-0.007326352604241748,0.018263522712661698,0.990738161580284
12,0.8,P_terror-d4-v2,confirmation,0.036888325022172985,0.02355691054758502,0.043768442484150565,-0.0011195544959763382,0.0009635474257514431,0.001477100508135132,-0.2877057664144401
12,0.8,P_terror-d4-v3,confirmation,0.02825788017843145,0.01502177319150455,0.032002522744239925,-0.009915811400080354,-0.0022179202815881816,0.010160830974750231,-0.9641564756948144
12,0.8,P_terror-d4-v4,discovery,0.013703713274717977,0.01006092897256572,0.01700041320988093,0.011793731730162182,0.008157911748891244,0.014340280060923917,0.999603767299984
12,0.8,P_terror-d5-v1,confirmation,0.011630666859935523,0.006906662392124119,0.013526802911463746,0.009969990865323908,0.004136245627962776,0.010793944865038145,0.9898479893564641
12,0.8,P_terror-d5-v2,confirmation,0.029713049125629,0.015277599471534842,0.03341063204961384,0.014005013977289593,0.00955356870466062,0.016953202986419634,0.9923555246397175
12,0.8,P_terror-d5-v3,discovery,-0.006375735794593496,-0.0013104144769773285,0.006509008605304845,-0.011983008258047434,-0.002260177191650392,0.01219429734958475,0.9998674256712224
12,0.8,P_terror-d5-v4,discovery,0.026129703649708347,0.011957659507072727,0.028735814477906633,0.005015612406522152,0.007401085666322249,0.008940494217474757,0.8545953506489917
12,0.8,P_terror-d6-v1,discovery,-0.009717726273597016,-0.0019742075466746556,0.009916234132265379,0.01607002654518297,0.004238637349283536,0.01661962092653219,-0.998349656606734
12,0.8,P_terror-d6-v2,confirmation,0.005809221604431869,0.0020924216902828974,0.006174567529743627,0.006613564603448641,0.0028885211147366974,0.007216840790419898,0.9978186197865945
12,0.8,P_terror-d6-v3,discovery,0.015647840507285515,0.010146259788616163,0.018649436995242904,0.010046040123158129,0.0069239188664940166,0.012200966134937626,0.9996025507333273
12,0.8,P_terror-d6-v4,discovery,0.05744422544969563,0.029615284086510485,0.06462897252038113,0.04315072367123429,0.021357974943918556,0.04814714993700325,0.9998655282524048
12,0.8,P_ecstasy-d4-v1,confirmation,0.004422334832037578,0.0030295008973046933,0.005360496343942674,0.005399614281245135,0.004726638224640922,0.007176137073165695,0.9929967273747637
12,0.8,P_ecstasy-d4-v2,discovery,0.01289082246770512,0.008442944753370263,0.015409627510175371,0.0019909469651331335,0.003769062247322097,0.004262593112433033,0.8751914839440933
12,0.8,P_ecstasy-d4-v3,confirmation,-0.009713693095259046,5.157445002268446e-05,0.009713830010494234,0.0005796844952570268,0.0015799268169605085,0.0016829149892351538,-0.339463306675918
12,0.8,P_ecstasy-d4-v4,discovery,0.021319323652835287,0.009504320033324909,0.02334192923282485,0.021327951773288056,0.011327338317154823,0.024149329601357156,0.9976302883270513
12,0.8,P_ecstasy-d5-v1,confirmation,0.012926452744812522,0.0054519549371807585,0.014029147985566367,0.012508325971233969,0.003877720083971248,0.01309560734186392,0.9951514664450432
12,0.8,P_ecstasy-d5-v2,confirmation,-0.002245225440224985,-8.511670910316127e-05,0.0022468382522117672,0.007181170213857557,0.004649344499231489,0.008554858848217725,-0.8594117296629334
12,0.8,P_ecstasy-d5-v3,discovery,0.00820310951704517,0.008674360268646097,0.011938824557673299,0.0027656485957754384,0.007578248530641485,0.008067134742117829,0.9180920198953959
12,0.8,P_ecstasy-d5-v4,confirmation,0.002064285523797338,0.003932066428586012,0.004440993258559667,-0.004559787351868572,-0.00021418758460800547,0.004564815112976736,-0.5058575585540573
12,0.8,P_ecstasy-d6-v1,confirmation,-0.017330166428798144,-0.002390576887557394,0.017494271242471514,-0.0015296626271328329,0.004089218989167698,0.004365956904759437,0.21908723820533862
12,0.8,P_ecstasy-d6-v2,confirmation,0.024694911155536126,0.014399318827752694,0.028586343237341424,0.03310067216360757,0.02177884832218613,0.03962288141873852,0.9985392528062565
12,0.8,P_ecstasy-d6-v3,confirmation,-0.0005490771532219441,0.001075587499141939,0.0012076316443770114,-0.009288491798666865,-0.002319326015844947,0.009573680225580798,0.225357025847667
12,0.8,P_ecstasy-d6-v4,discovery,0.001330821550676653,0.0012578047674525195,0.0018311632458007936,0.0242025641911936,0.009124706845666353,0.025865505764399756,0.9223551105209609
12,0.8,P_loathing-d4-v1,confirmation,-0.0027054010887761493,0.0015939063763443784,0.0031400211126204934,0.008472895002104242,0.007745930482947916,0.011479955956507183,-0.29340034289858613
12,0.8,P_loathing-d4-v2,discovery,-0.009191063404804467,-0.005572096473985155,0.010748204762960822,-0.006334678638117985,-0.0024505785107251654,0.006792163755789189,0.9845723436697887
12,0.8,P_loathing-d4-v3,discovery,0.007341152981243049,0.006689765855854013,0.009932043812839525,0.016395898010347576,0.008608428225874931,0.018518382977078744,0.967529081984527
12,0.8,P_loathing-d4-v4,discovery,-0.021773903605724065,-0.011784644061767935,0.024758447323972595,-0.014662540504104982,-0.003458941695334339,0.015065004868444004,0.9652453853235103
12,0.8,P_loathing-d5-v1,discovery,0.009588063535158398,0.0021191910731586105,0.009819467050649403,0.015299020454508039,0.007757459610270523,0.017153373034841685,0.9684780504766018
12,0.8,P_loathing-d5-v2,confirmation,0.011299838765375547,0.0051179216614745116,0.01240481673610997,0.01236499333749741,0.0029931733430044183,0.01272211251709509,0.9824211374316683
12,0.8,P_loathing-d5-v3,discovery,0.01605120236424895,0.008640380610927423,0.018229022860256707,0.013724143672753542,0.0068537838031446086,0.015340354362615893,0.999530244371904
12,0.8,P_loathing-d5-v4,discovery,-0.00876972699801648,-0.0018616436926803814,0.008965145222372909,0.0034250240978859203,0.00465159943460236,0.0057765186203363236,-0.7472126543382404
12,0.8,P_loathing-d6-v1,discovery,-0.00018299544639699405,-0.00031972400682267477,0.0003683894324499291,0.00043470431665237896,-0.0016680604630914253,0.0017237730568276648,
12,0.8,P_loathing-d6-v2,confirmation,0.009703728351857954,0.004676163769038233,0.010771668929256864,0.005080570834020914,0.0009900042714967583,0.0051761287133422216,0.9672562883304859
12,0.8,P_loathing-d6-v3,discovery,0.009897704534407303,0.004643802016538245,0.010932952584696943,0.0016008987917381923,0.0024848996033490778,0.0029559436699831084,0.8473695681880771
12,0.8,P_loathing-d6-v4,confirmation,0.01090964680845019,0.006413950437227811,0.012655400179225557,0.008591190713712837,0.005475609616492072,0.010187779863719383,0.9993540231885257
12,0.8,P_amazement-d4-v1,confirmation,0.025232622014342176,0.013732550623833717,0.028727480926019622,-0.008046324844127817,-0.0009490199376518405,0.008102097403715241,-0.9282908415892954
12,0.8,P_amazement-d4-v2,confirmation,0.027871390490771475,0.0155284772808848,0.031905297593848296,0.012856655346970669,0.01012879695529545,0.016367226841233425,0.9873926225604032
12,0.8,P_amazement-d4-v3,discovery,0.02816485183649675,0.015029705761913092,0.031924143438180105,0.03644307204630115,0.019942547902423335,0.04154278176786366,0.9999446755914674
12,0.8,P_amazement-d4-v4,discovery,0.006187607542412543,0.003486681634251809,0.00710235425176395,-0.004669589648347294,-0.003568107629392081,0.0058767728847453505,-0.9903092991350079
12,0.8,P_amazement-d5-v1,discovery,0.017400232639589674,0.006729464481256109,0.01865619972331797,-0.004900571792369135,-0.002763490221589837,0.0056260538654537146,-0.9895876728834877
12,0.8,P_amazement-d5-v2,confirmation,0.018552399125424834,0.008603621465796074,0.02045027666403981,0.026131575806050744,0.01435154467459343,0.029813186489441677,0.9976886043526977
12,0.8,P_amazement-d5-v3,discovery,0.01229264302251476,0.00010245811293430052,0.012293070004839592,-0.012520521836992149,-0.0006419294516226692,0.012536966957420676,-0.9990803387637086
12,0.8,P_amazement-d5-v4,confirmation,0.023390521475270987,0.009885212464461723,0.025393580298033253,0.004165062537957009,0.0031961312056436597,0.005250047678715126,0.967745522601684
12,0.8,P_amazement-d6-v1,confirmation,0.02855837055858501,0.01473293316678248,0.032134714074631726,-0.017581568665457237,-0.003948747151171883,0.01801954940618871,-0.9675755329837157
12,0.8,P_amazement-d6-v2,discovery,0.005083709416212834,0.0043135264541334095,0.006667129209712362,0.007050935999293184,0.006964913316438004,0.00991088875790784,0.9971407924828793
12,0.8,P_amazement-d6-v3,discovery,0.021418295922942754,0.012988530044691693,0.025048858516199996,0.030377073396973486,0.01825585311290645,0.03544069357454973,0.9999920302610922
12,0.8,P_amazement-d6-v4,confirmation,0.00782400745441425,0.006456441958294867,0.010143999970798512,0.0052344358063796115,0.004488027919746784,0.0068950498779585066,0.9998222959796514
12,0.8,P_admiration-d4-v1,discovery,0.005837440759050239,0.0032109627238261496,0.0066622816083697686,-0.010392495855751083,0.001256666869378087,0.010468198590607457,-0.8119984776063975
12,0.8,P_admiration-d4-v2,discovery,-0.008134772971693849,-0.004442567908736983,0.009268815508183365,-0.015386917951896617,-0.007994390937192453,0.017339767314328736,0.99978599127163
12,0.8,P_admiration-d4-v3,discovery,0.008634125448389263,0.0033331206342008812,0.009255150750833763,0.025314854110837892,0.010795574706020439,0.027520651734402556,0.9993985199375895
12,0.8,P_admiration-d4-v4,discovery,0.00739985411914823,0.0036831388132689824,0.008265794124128877,0.003154590839195226,-0.00021314879300415868,0.0031617836375523183,0.8631626276857232
12,0.8,P_admiration-d5-v1,confirmation,0.027202218173686177,0.009330509983637825,0.02875793960150114,0.012927076136076465,-0.0021247821351981777,0.013100534208572372,0.8807559437167279
12,0.8,P_admiration-d5-v2,discovery,0.02749164157332551,0.014159779064989664,0.03092393408939941,0.015917203320664264,0.006763282341635257,0.017294488994591333,0.9972756761935091
12,0.8,P_admiration-d5-v3,confirmation,0.01743507073420858,0.008474985151393,0.019385743855297073,0.016358589335803586,0.001686837635803684,0.016445329618679908,0.9394743975874711
12,0.8,P_admiration-d5-v4,discovery,0.0010366605707767818,-0.0009138648380906389,0.0013819602314472268,0.01527629644060724,0.0034870019207247083,0.015669218721316235,0.5841667690907543
12,0.8,P_admiration-d6-v1,confirmation,0.016667310607709318,0.010607678611242122,0.01975657076552667,-0.006165066071504022,0.0020721141691195655,0.0065039754608912925,-0.6286156138196655
12,0.8,P_admiration-d6-v2,confirmation,0.009028760152282267,0.0039910807158145545,0.009871536616332176,-0.0012026637320010636,0.0009819030667532758,0.001552589348401635,-0.45279313441377195
12,0.8,P_admiration-d6-v3,confirmation,0.0008597460547701274,0.00690223474800522,0.00695557386527262,-0.0033983782346829194,0.0027461404044686333,0.0043692404084716766,0.5275571048342204
12,0.8,P_admiration-d6-v4,confirmation,0.005535770067329082,0.0029526658139351625,0.006273992799415539,0.013747048085784641,0.004943493115650899,0.014608882751852141,0.9895364788164853
12,0.8,P_vigilance-d4-v1,discovery,0.011100402974706824,0.0068244377035346915,0.013030421949050843,-0.004957069427797833,-0.0031412853218832915,0.005868578259296484,-0.9999074572437847
12,0.8,P_vigilance-d4-v2,confirmation,-0.011365391765632893,-0.006989360571544978,0.01334253690965041,-0.008002068562759312,-0.00010855416319266453,0.008002804838895382,0.8588436730669572
12,0.8,P_vigilance-d4-v3,discovery,0.02035791898795125,0.008963827301400329,0.02224398942207346,0.013629947377091778,0.006422936798155199,0.015067500874909124,0.9996721896908871
12,0.8,P_vigilance-d4-v4,discovery,-0.00047807983732006676,-0.0009672473784156921,0.001078947552897735,0.00790291619442307,0.005279798264130164,0.009504333437226743,-0.8664432487450874
12,0.8,P_vigilance-d5-v1,discovery,-0.026762074119011103,-0.012408021581053141,0.02949860353825795,-0.011679979440891053,-0.0019823058507615343,0.011847001993145822,0.9648237470854836
12,0.8,P_vigilance-d5-v2,confirmation,0.02741932784917811,0.015259367844826066,0.03137941756509235,0.007512417839357077,0.007987099723747448,0.01096495252110911,0.9528871938303384
12,0.8,P_vigilance-d5-v3,confirmation,-0.004930035782312103,0.0030748832121254566,0.005810349351208469,0.015086911785576085,0.013553976593243533,0.02028115353514065,-0.27751151463945833
12,0.8,P_vigilance-d5-v4,confirmation,0.006631568996762205,0.005256992242406611,0.008462486324688564,0.027139512153097733,0.016982089589791194,0.03201475420402027,0.9938279501460586
12,0.8,P_vigilance-d6-v1,discovery,-0.007912915135046106,-0.0007930138667981979,0.007952552855993852,-0.029344492597727978,-0.010796118545911337,0.03126748185376435,0.9682519577127173
12,0.8,P_vigilance-d6-v2,discovery,-0.0035181039295526517,-4.10342961476573e-06,0.0035181063226213637,0.0030229005505959528,-0.0009692298174877045,0.0031744817179975324,-0.9518933412869749
12,0.8,P_vigilance-d6-v3,discovery,-0.0030432232719714847,0.0008495523546452333,0.0031595802072984457,0.0011515515551816513,0.0007850608474115894,0.001393697068368834,-0.644369183630238
12,0.8,P_vigilance-d6-v4,discovery,-2.7931960717708648e-05,0.003996420625193231,0.003996518235652052,-0.010705769338240856,0.0002411103112271995,0.010708484080662311,0.029502573055470733
13,0.8666666666666667,P_rage-d1-v1,discovery,-0.011939300151899701,-0.003154326475161895,0.012348953948778798,0.007497032359695899,0.008127413651229265,0.01105714008505433,-0.8432867042915301
13,0.8666666666666667,P_rage-d1-v2,confirmation,0.005890952273380545,-0.0003160910342483447,0.005899426432220305,0.00644969977847154,-0.0017907725235879468,0.006693690571250913,0.9764993821320519
13,0.8666666666666667,P_rage-d1-v3,discovery,-0.0006446666695811842,-0.0007165581215602401,0.000963872738717532,-0.00614235979720501,-0.0029227294123086445,0.006802273965071858,0.9233669977903526
13,0.8666666666666667,P_rage-d1-v4,discovery,0.0018785777724321662,0.008380894798019511,0.008588856272085749,-0.039617211908691274,-0.011070214044546667,0.041134816377494964,-0.47325736655047046
13,0.8666666666666667,P_rage-d2-v1,discovery,-0.024459212472342173,-0.011057561203686284,0.026842554545729196,-0.02943032777383303,-0.012221810761058993,0.0318671751360924,0.9995203087667232
13,0.8666666666666667,P_rage-d2-v2,discovery,-0.0215198509435357,-0.01095454580713362,0.02414758908198877,-0.0061791761295162395,-0.00037219740711380567,0.006190375477258672,0.9168435865992789
13,0.8666666666666667,P_rage-d2-v3,confirmation,0.0007009431398996568,0.0019346893954885758,0.002057752254861683,-0.007690455589378864,-0.002990679008121777,0.008251500960542201,-0.6582395018773674
13,0.8666666666666667,P_rage-d2-v4,discovery,-0.03056597445562126,-0.009659834111105603,0.032056063224852965,-0.02703349473045691,-0.005254136606193782,0.027539349825625642,0.9934935190684904
13,0.8666666666666667,P_rage-d3-v1,discovery,-0.019255695039471554,-0.011269984194053784,0.02231130509825348,0.00829919067211149,0.0011322139654978969,0.008376065560615606,-0.9234045216026567
13,0.8666666666666667,P_rage-d3-v2,discovery,-0.0002623335132083682,0.003118324978513165,0.003129340113150275,-0.013303720996944435,-0.006895463337407648,0.014984538931914896,-0.38412504751732435
13,0.8666666666666667,P_rage-d3-v3,confirmation,0.00277896287825552,0.004302301919367757,0.005121761072533323,-0.026135152577234422,-0.009469838836735356,0.02779791445107104,-0.796286574458696
13,0.8666666666666667,P_rage-d3-v4,confirmation,-0.008573460354845075,-0.00022985249532680996,0.00857654094759118,0.0005809339797169244,-0.001217207341261517,0.0013487319972517427,-0.40638465567195275
13,0.8666666666666667,P_grief-d1-v1,discovery,-0.008366320768898206,0.00036024222169128706,0.008374072943698695,-0.0002463103076286721,0.006380054765014798,0.006384807559530056,0.08152858482184965
13,0.8666666666666667,P_grief-d1-v2,discovery,0.009895158495091039,0.0020217316698278864,0.01009958219867324,0.02388898847166665,0.00656713998896441,0.0247752113580102,0.9977741064505995
13,0.8666666666666667,P_grief-d1-v3,confirmation,-0.002752649530427753,0.0009584793463899288,0.002914749062066955,0.014056294463457242,0.0069504720017778965,0.01568083145406892,-0.700791725335978
13,0.8666666666666667,P_grief-d1-v4,confirmation,-0.03518747771944408,-0.007183683814097286,0.03591328307739766,-0.06111971701796115,-0.01954345043650285,0.06416826523539258,0.994163391170284
13,0.8666666666666667,P_grief-d2-v1,confirmation,-0.0005743064260110842,0.002771675954704733,0.0028305503826722496,-0.012007159136459222,-0.0008597277054902541,0.012037898581390512,0.13244462469294094
13,0.8666666666666667,P_grief-d2-v2,confirmation,0.016922040352420176,0.008822239287423983,0.01908369345104621,0.025207016972643714,0.013825259194412354,0.028749460802801705,0.9997776459365559
13,0.8666666666666667,P_grief-d2-v3,confirmation,0.025459218352864355,0.011052557479785285,0.027754834281306436,0.006185665675437768,0.0034558413451506453,0.007085569790153901,0.9950131037060261
13,0.8666666666666667,P_grief-d2-v4,confirmation,-0.022723332045605282,-0.00710076266747528,0.023806945409158283,-0.057903736667659356,-0.02244981186671513,0.06210343607988645,0.997756843456695
13,0.8666666666666667,P_grief-d3-v1,discovery,0.032227392290498535,0.010477983417297665,0.03388794697733767,-0.002973457952939018,-0.0013872239905174943,0.0032811343461924226,-0.9925461452187738
13,0.8666666666666667,P_grief-d3-v2,confirmation,0.007351160759347941,0.0051882154580606965,0.0089976188043858,0.016270970964122,0.0056675183231038595,0.017229778293931096,0.9612186998559908
13,0.8666666666666667,P_grief-d3-v3,confirmation,0.005732477470932196,0.0009345915161524943,0.005808163156868908,0.0004882959723966351,0.0033468338098487926,0.0033822669184151864,0.3017124524884395
13,0.8666666666666667,P_grief-d3-v4,confirmation,-0.0063905450804462305,-0.005505384357004317,0.00843494655250188,0.006741129227208376,0.003803442302058535,0.007740090219306964,-0.9805728470487213
13,0.8666666666666667,P_terror-d1-v1,discovery,0.01798571174187069,0.004614086906700177,0.018568134662486895,0.006728389491116538,0.00399020799365335,0.007822594516960633,0.9598973602017987
13,0.8666666666666667,P_terror-d1-v2,discovery,0.007106940421653718,0.0036153693169334034,0.00797367527898892,0.013579886876753822,0.006035889723860155,0.014860864454803136,0.998630414070427
13,0.8666666666666667,P_terror-d1-v3,confirmation,0.03199226281186718,0.014717256437557502,0.03521508933500535,0.023194096025132005,0.009687698696717817,0.025135982106562545,0.9993697297820582
13,0.8666666666666667,P_terror-d1-v4,discovery,-0.012179526216052672,-0.00018010867810858144,0.012180857850884082,-0.03969864785181487,-0.011176108823278241,0.04124182403449396,0.9664839299417789
13,0.8666666666666667,P_terror-d2-v1,discovery,-0.0008201033994987839,-0.0017266934099904319,0.0019115542675984501,0.0037596582805203838,-0.0007522441223164478,0.0038341754792712776,-0.2434652033675394
13,0.8666666666666667,P_terror-d2-v2,discovery,-0.018221944154868552,-0.0059321309594357885,0.019163231108115478,0.002357665794021635,0.004024647262568237,0.004664372796464459,-0.7477361684898444
13,0.8666666666666667,P_terror-d2-v3,confirmation,0.018739671022632187,0.008896596431640091,0.02074426904241149,0.015970665671876993,0.013674822052011315,0.02102529239171349,0.9651271865832703
13,0.8666666666666667,P_terror-d2-v4,confirmation,-0.026484200540798142,-0.00677816628909067,0.027337820259263134,-0.040125817184705426,-0.01257470642816827,0.04205002314499978,0.9985887296644185
13,0.8666666666666667,P_terror-d3-v1,discovery,-0.006662616769540719,-0.0031887207711296384,0.007386365978882904,-0.015484068687483532,-0.0027900501124551447,0.01573342819441202,0.9642745876217065
13,0.8666666666666667,P_terror-d3-v2,discovery,0.02539978374403784,0.014793593685833883,0.02939386719003529,0.02427703448564822,0.012206725364104276,0.02717312178480823,0.9981090171725409
13,0.8666666666666667,P_terror-d3-v3,confirmation,-0.006677360203672933,-0.001121312456612067,0.006770855257273517,0.024635093937580343,0.015524238366738441,0.02911854787211618,-0.922637701813962
13,0.8666666666666667,P_terror-d3-v4,confirmation,0.030262605808913712,0.017070131419143486,0.034744995280076345,0.026065604529430964,0.015311129790290146,0.03022989306861343,0.999846354865558
13,0.8666666666666667,P_ecstasy-d1-v1,confirmation,0.03894087944222191,0.017484525960421493,0.042686071964919824,0.02698243468226469,0.021176475087094637,0.03430007111504319,0.9705253063224877
13,0.8666666666666667,P_ecstasy-d1-v2,discovery,-0.009144916292549432,-0.008213653511677244,0.012292013586374852,0.00903536736685906,-0.000765780878780209,0.009067760683234146,-0.6848834457244326
13,0.8666666666666667,P_ecstasy-d1-v3,discovery,0.032299746487134406,0.011045825965678269,0.034136254838473476,0.018979277228827307,0.011624754802348036,0.02225641229720991,0.975887216878574
13,0.8666666666666667,P_ecstasy-d1-v4,discovery,0.013633850034926454,0.008636000739155492,0.01613884678474761,-0.0036175334455119668,0.006985460654695075,0.007866588128769081,0.08668665473983334
13,0.8666666666666667,P_ecstasy-d2-v1,confirmation,-0.010004387966246586,-0.005600217798942708,0.011465174136260392,0.0005216694497263141,-0.003001680495212433,0.0030466743853120428,0.33183121946913835
13,0.8666666666666667,P_ecstasy-d2-v2,confirmation,-0.015997152488806954,0.0005286511199056321,0.01600588516005035,-0.013473883166283951,-0.004797819943541448,0.014302608286229267,0.9304643354912181
13,0.8666666666666667,P_ecstasy-d2-v3,confirmation,0.0036918813786082083,0.0016731737789053014,0.004053331791024551,-0.012155769178298304,-0.004811742132262431,0.013073468807606358,-0.9988192717209151
13,0.8666666666666667,P_ecstasy-d2-v4,confirmation,-0.019261099466150178,-0.0075584501633896295,0.020691063808257307,-0.016570552001662797,-0.004904425565210424,0.01728110481897788,0.9962872819520759
13,0.8666666666666667,P_ecstasy-d3-v1,confirmation,0.01739742028420377,0.009530013575483665,0.019836617435796046,0.0021076513507489736,0.003666123912632102,0.0042287892781606995,0.8536211910612953
13,0.8666666666666667,P_ecstasy-d3-v2,discovery,0.0014404983645652791,0.0006528433229924246,0.0015815308857847308,0.005914065370351551,0.006892830969615016,0.009082251261690315,0.9063816668207392
13,0.8666666666666667,P_ecstasy-d3-v3,discovery,-0.010714497286860691,-0.0036319588170110606,0.011313336243505251,-0.03541666563563961,-0.011831262552238542,0.03734058085149048,0.9999902461150431
13,0.8666666666666667,P_ecstasy-d3-v4,confirmation,0.00305075337352001,0.0004496919709326974,0.0030837183747490712,-0.009801506904600465,0.0016378414417177467,0.009937407216630436,-0.9517458181243155
13,0.8666666666666667,P_loathing-d1-v1,discovery,-0.008083714617149518,-0.0015597639401203622,0.008232818810129163,-0.007678033560777564,-0.0014726221506862203,0.007817980260854994,0.9999993801738364
13,0.8666666666666667,P_loathing-d1-v2,confirmation,-0.007184717725611911,-0.0021172784141905154,0.007490196037482537,-0.004107078410709786,-0.0008113526343054289,0.004186452695171985,0.9958130101601179
13,0.8666666666666667,P_loathing-d1-v3,discovery,-0.029519147641821952,-0.008900070610592614,0.030831661232784992,-0.002207248068715195,0.0024546567030738764,0.003301103386262307,0.42552663958868814
13,0.8666666666666667,P_loathing-d1-v4,discovery,-0.01607409634638035,0.00040498168352076647,0.01607919722861516,-0.034156032354305754,-0.006852737148982602,0.03483668400725631,0.9751961216235073
13,0.8666666666666667,P_loathing-d2-v1,discovery,-0.014272989780803158,-0.006449519608895393,0.01566252024638556,0.03079744826986719,0.01681188187733884,0.03508735088593523,-0.997168411574105
13,0.8666666666666667,P_loathing-d2-v2,confirmation,0.011739025850554974,0.0070715744351375065,0.013704447924367048,0.018286746358599615,0.00502977128401394,0.018965855940432732,0.9627588411832725
13,0.8666666666666667,P_loathing-d2-v3,discovery,0.0051103824281755195,0.0063576677110104285,0.008156956986881181,0.0011130391463272105,0.0066848605563585295,0.006776888430483039,0.871730007934936
13,0.8666666666666667,P_loathing-d2-v4,discovery,-0.02550330497443376,-0.00471691317515166,0.025935840732871897,-0.029284583493229377,-0.008043629811059994,0.03036917534127813,0.9963748781980394
13,0.8666666666666667,P_loathing-d3-v1,discovery,-0.001689885648900713,-0.002161656342940077,0.0027438060520622904,-0.009526108364667607,-0.0029228251714137343,0.009964419077800766,0.8198910778872378
13,0.8666666666666667,P_loathing-d3-v2,confirmation,-0.00403824147572962,-5.312621790487526e-05,0.004038590919037457,-0.012416730797976783,-0.001779641106709473,0.01254361694959294,0.9916650850434428
13,0.8666666666666667,P_loathing-d3-v3,confirmation,0.004957875747002127,0.002561109239803905,0.005580305767690588,0.00010908954238120216,-0.004551062448866716,0.004552369706179591,-0.43753283632162593
13,0.8666666666666667,P_loathing-d3-v4,confirmation,-0.006843401095830259,0.0017729698804824778,0.0070693394850939815,0.0005506064974736269,0.001849656293269053,0.0019298694044649727,-0.0358161490578734
13,0.8666666666666667,P_amazement-d1-v1,confirmation,0.030046039248505352,0.016058464502766157,0.03406814871268066,0.0018350738483832174,0.0040889938204751175,0.004481893181781968,0.7911442694659785
13,0.8666666666666667,P_amazement-d1-v2,confirmation,0.0026773243582800532,0.00278132116996499,0.0038605457088260356,-0.004407323883407699,0.003043328414886748,0.0053559641199426465,-0.16130825677260274
13,0.8666666666666667,P_amazement-d1-v3,discovery,0.0034294757960031674,0.0017102999455493872,0.003832287846589527,0.005365318751654691,0.003519630372003757,0.006416731509295738,0.9930499206802943
13,0.8666666666666667,P_amazement-d1-v4,confirmation,0.004871232578428142,0.008925925240976795,0.010168630598101514,-0.024079394546691724,-0.006632357270354383,0.024976096666550394,-0.6949418414106424
13,0.8666666666666667,P_amazement-d2-v1,confirmation,0.0002242109930064018,0.0021750595477412205,0.0021865851471198554,0.0012554951579124562,0.005972069524601942,0.006102612759975918,0.9945458329166248
13,0.8666666666666667,P_amazement-d2-v2,confirmation,-0.003591206260450619,0.004974314551899006,0.006135190923380782,0.017662070958709197,0.015666969162481337,0.023609376808561042,0.1001345510795653
13,0.8666666666666667,P_amazement-d2-v3,discovery,0.0015715252897772203,0.0026667926010519594,0.003095395695777012,0.00882117175398811,0.007280286471436526,0.011437466599712516,0.9399557332301717
13,0.8666666666666667,P_amazement-d2-v4,discovery,-0.011166776186424698,0.0015605305014121384,0.011275289168954353,-0.04321714623843409,-0.0043575772277328895,0.043436277560235916,0.9714949774690865
13,0.8666666666666667,P_amazement-d3-v1,discovery,0.02432036677386762,0.01348146100040104,0.027807014056183348,-0.007507808612594147,0.0028479523322277878,0.008029820835484721,-0.6458019155456858
13,0.8666666666666667,P_amazement-d3-v2,confirmation,0.03255129488258568,0.01175760726754671,0.034609653670485005,0.021295998946453842,0.014532057828849254,0.025781781859840137,0.9683693633818019
13,0.8666666666666667,P_amazement-d3-v3,discovery,0.013580342402121026,0.007345422536953805,0.015439589761558925,0.012527355449594602,0.017814657813390866,0.02177835318771132,0.8951167426280566
13,0.8666666666666667,P_amazement-d3-v4,confirmation,0.007186256561393378,0.004223373652839868,0.008335416508949709,0.00874903195981025,0.00910223879719707,0.012625225200168937,0.9627356827325247
13,0.8666666666666667,P_admiration-d1-v1,confirmation,0.016980902335272496,0.01021195931391361,0.019815023521285304,-0.006677569173780817,0.0044892766115136595,0.008046336717122357,-0.42365490684233387
13,0.8666666666666667,P_admiration-d1-v2,confirmation,0.02414309287832417,0.014198666870224308,0.028008767816935332,0.012726852232132213,0.008896466205018605,0.01552803524840045,0.9969245033985366
13,0.8666666666666667,P_admiration-d1-v3,confirmation,0.013088911842193518,0.007319162676335367,0.014996324732926211,-0.01013764689004093,0.006592057950133512,0.01209244030314291,-0.4656524504692428
13,0.8666666666666667,P_admiration-d1-v4,discovery,0.0017370993023657633,0.006785463602350106,0.007004286565032708,-0.06901045534038008,-0.019654183647537238,0.07175465058891803,-0.5038713335515778
13,0.8666666666666667,P_admiration-d2-v1,confirmation,0.043214165742438304,0.018538847495229938,0.04702289854173519,0.001039545093040939,0.007780966163088987,0.007850101173335363,0.5124777374234922
13,0.8666666666666667,P_admiration-d2-v2,confirmation,-0.0032739570910269578,0.0020248912954698994,0.003849542803029402,-0.02258619724006472,-0.005842619150288719,0.02332964861077911,0.6916448349429143
13,0.8666666666666667,P_admiration-d2-v3,confirmation,-0.016585235303032242,-0.011429343724722152,0.020141994142457507,-0.0257990731034905,-0.01066549087312918,0.02791674888958327,0.9777418534062473
13,0.8666666666666667,P_admiration-d2-v4,discovery,-0.02182986860505043,-0.002292963500632794,0.021949962299033694,-0.03477991155840332,-0.007496356731876652,0.03557861172476955,0.9942129215287345
13,0.8666666666666667,P_admiration-d3-v1,discovery,-0.03156033918008472,-0.007913234210412234,0.03253727531356658,-0.038504140050982016,-0.009497895031057801,0.03965827544266934,0.9999926852066041
13,0.8666666666666667,P_admiration-d3-v2,discovery,0.027350793648929894,0.013225082050278836,0.030380400070817885,0.014332711569387424,0.01312019991132285,0.01943106447532734,0.9579946332352239
13,0.8666666666666667,P_admiration-d3-v3,discovery,-0.021292692752825637,-0.004098214288663193,0.021683498910969986,-0.024345939324078802,-0.0025091420023715116,0.02447489642796863,0.9961790515965085
13,0.8666666666666667,P_admiration-d3-v4,discovery,-0.0017955832560883067,0.003309469969132728,0.003765197299762134,-0.005455876281664995,0.008061926973016664,0.009734539152886914,0.9952179138550715
13,0.8666666666666667,P_vigilance-d1-v1,discovery,0.008866998814065497,0.0027869558864033195,0.009294664656747819,0.006476782374468026,0.004026521718414333,0.007626374438426296,0.9684948051370588
13,0.8666666666666667,P_vigilance-d1-v2,discovery,-0.005033805545158643,0.00045471700912269597,0.005054301714861846,0.014824253672161003,0.010853522023912099,0.018372736248586492,-0.750442757052528
13,0.8666666666666667,P_vigilance-d1-v3,discovery,-0.01958143516782407,-0.008532438443220158,0.02135966078895071,0.012541911699599506,0.007270001552703409,0.014496636563591602,-0.9934641943905205
13,0.8666666666666667,P_vigilance-d1-v4,confirmation,-0.01482182433127921,-0.0024454934760695934,0.015022214046165076,-0.043292312396687294,-0.01498690354631993,0.04581300678365328,0.9856274541812033
13,0.8666666666666667,P_vigilance-d2-v1,discovery,-0.010836410614574632,-0.0008732035240139879,0.010871535282655168,-0.005986356181402641,0.007329344562779561,0.009463390092908773,0.5683291855564513
13,0.8666666666666667,P_vigilance-d2-v2,discovery,0.0031021428668562834,0.0012640732026545365,0.003349801699810993,-0.014617294968183536,-0.0038493646970829687,0.015115651516161399,-0.9916337752700635
13,0.8666666666666667,P_vigilance-d2-v3,confirmation,-0.00431253656188435,-0.001551178044170598,0.0045830257387785,-0.012031345717557596,-0.0018353912558142227,0.01217053576623933,0.981260639841874
13,0.8666666666666667,P_vigilance-d2-v4,confirmation,-0.01705262410299646,-0.006273156955209913,0.018169878562687047,-0.032229657913806165,-0.006572963395937492,0.032893079774403956,0.9885725072341252
13,0.8666666666666667,P_vigilance-d3-v1,discovery,-0.00947442755633876,-0.004715378654606361,0.010582985088179448,-0.02744138139037222,-0.007592306878075661,0.02847231174918436,0.9816473144453957
13,0.8666666666666667,P_vigilance-d3-v2,confirmation,0.0017191804364413699,0.0008125531228486693,0.0019015320009123863,0.006780823942228231,0.005620197132087945,0.008807166918994165,0.9687742454059209
13,0.8666666666666667,P_vigilance-d3-v3,discovery,0.011735589505637911,0.00496450430374118,0.012742463028265115,0.02518651921880588,0.010990123889644376,0.02747987579064014,0.999936791110513
13,0.8666666666666667,P_vigilance-d3-v4,confirmation,0.008348455059826954,0.004655262650612002,0.009558670003307642,0.0013817209491362448,0.0036471988739936734,0.0039001554337926947,0.7648518091360691
13,0.8666666666666667,P_rage-d4-v1,confirmation,0.04101379828823326,0.018747095472048336,0.045095290648425594,0.02466435959984903,0.01454698881689076,0.028634690815676878,0.9945815046645662
13,0.8666666666666667,P_rage-d4-v2,confirmation,0.025348864039176355,0.01213468000555551,0.028103653977977257,0.021308689624962796,0.012763550899277831,0.02483885031742518,0.9956597401013726
13,0.8666666666666667,P_rage-d4-v3,discovery,0.0035708244831180735,0.004588955506589443,0.005814576522042945,0.03453797980137052,0.013812079565036495,0.03719738687960186,0.8632605620659917
13,0.8666666666666667,P_rage-d4-v4,confirmation,-0.006332776230454584,-0.003240182786411694,0.007113567267860003,-0.01705249253660135,-0.006681069837604525,0.018314589700176024,0.9950525889882854
13,0.8666666666666667,P_rage-d5-v1,confirmation,0.012401979086993364,0.004764710653286208,0.013285765046987691,0.019154096054574854,0.011130301248334362,0.02215317136544006,0.987291237697104
13,0.8666666666666667,P_rage-d5-v2,discovery,0.018779962388099314,0.007096988882421051,0.020076210760390838,0.014664583486344362,0.005954628231405579,0.01582743207858483,0.9997022687965877
13,0.8666666666666667,P_rage-d5-v3,confirmation,0.004155318414841069,-0.0035780225476393923,0.005483513151268372,0.00673519304407888,-0.0033285614991456214,0.007512798878886821,0.9684441473451305
13,0.8666666666666667,P_rage-d5-v4,discovery,-0.011919620280147036,-0.0033620855398970306,0.01238470697273364,-0.0048932312888654295,-0.0004985069573519851,0.00491855889797611,0.985004841502449
13,0.8666666666666667,P_rage-d6-v1,discovery,0.008353956641448335,0.004678474710622105,0.00957479593438572,0.003407314670265116,-0.0005795021152761315,0.0034562430417743174,0.7782162900634542
13,0.8666666666666667,P_rage-d6-v2,confirmation,0.020152279530231354,0.005523625016003564,0.02089556899397578,-0.003936568771687021,-0.0010937250912435026,0.004085683329559092,-0.9999939518273099
13,0.8666666666666667,P_rage-d6-v3,discovery,0.010729097281338085,0.007638083508988203,0.013170187856013817,-0.0010024116883213807,0.0015958051960618391,0.001884522065846215,0.05777393885917763
13,0.8666666666666667,P_rage-d6-v4,discovery,0.003072291928833515,0.0012050475888560896,0.0033001692967760663,0.017650411339377392,0.010192332821731487,0.020381871081874867,0.9887879554022889
13,0.8666666666666667,P_grief-d4-v1,discovery,-0.003176807963041206,-0.0007595000952846931,0.0032663357495486397,-0.0007841676584905422,0.0007588529020554624,0.0010912271274031529,0.5372144865142732
13,0.8666666666666667,P_grief-d4-v2,confirmation,-0.006271887268436416,-0.0031111470772104965,0.007001128912111976,0.005174464905678633,0.004350764140445662,0.00676049078587403,-0.9716562530743064
13,0.8666666666666667,P_grief-d4-v3,confirmation,0.01986373981725098,0.009220458205769333,0.021899429422973127,0.031881008680878065,0.01276676209498362,0.034342232439084866,0.9985588708135409
13,0.8666666666666667,P_grief-d4-v4,confirmation,0.004718142687090143,0.004381604215602408,0.006438891668441626,0.013466791288424318,0.007823883661840725,0.015574582599864412,0.9754330799961846
13,0.8666666666666667,P_grief-d5-v1,confirmation,-0.003789189142660021,-0.0011420840677072164,0.00395756369204126,0.004431703507580487,0.001677546187782042,0.004738581770028164,-0.9976122750785964
13,0.8666666666666667,P_grief-d5-v2,confirmation,0.003313314822248614,0.004190104832421326,0.005341819317237613,-0.0036061950377153096,0.0024389627491627763,0.004353525231561909,-0.07434506422537696
13,0.8666666666666667,P_grief-d5-v3,confirmation,0.003823695590335241,8.747535524111782e-05,0.003824696053979156,0.001745461630496159,0.0005172357716496379,0.00182048596451835,0.9650361965657936
13,0.8666666666666667,P_grief-d5-v4,discovery,0.011572405713858203,0.004799962734000296,0.012528376441260439,0.008476344372808864,0.004965888855888778,0.009823872253622237,0.9906612070701787
13,0.8666666666666667,P_grief-d6-v1,confirmation,0.016133706853985075,0.0077051637837390885,0.017879207079302187,0.016486366724101753,0.0074838652205913014,0.018105483324163032,0.9998113427712405
13,0.8666666666666667,P_grief-d6-v2,confirmation,0.0019246124179579382,0.0016755535761667772,0.002551786187352533,0.011583969674007655,0.004015536163020972,0.012260215499119834,0.9276804135339127
13,0.8666666666666667,P_grief-d6-v3,discovery,0.01574216703979303,0.008727709499866343,0.017999687114580724,0.021554594550395212,0.008945599923082526,0.023337187153034983,0.9936403646470575
13,0.8666666666666667,P_grief-d6-v4,discovery,0.014633722772898317,0.011512679823913352,0.018619549911906688,0.019258568461340442,0.008043073766262676,0.020870637143836305,0.9635102500768385
13,0.8666666666666667,P_terror-d4-v1,confirmation,-0.0068083313696174486,-0.0020711617660236215,0.007116395653668723,-0.0001234403391108252,-0.0006020737979079982,0.0006145977346583345,0.47726298310906184
13,0.8666666666666667,P_terror-d4-v2,confirmation,0.010478115320348813,0.005642853057047148,0.011900953377354053,0.008311432919999362,0.0054770007466018455,0.009953765838210496,0.9960725739753187
13,0.8666666666666667,P_terror-d4-v3,confirmation,0.007579927004191411,0.003189513631101093,0.008223642173140188,-0.0018406814486224832,0.001149486799429944,0.002170121678009475,-0.576361756209937
13,0.8666666666666667,P_terror-d4-v4,discovery,0.002105234115983734,0.005048726968280626,0.005470068983417476,-0.0008064509095597749,0.004107951502380303,0.004186362217419603,0.8315465173523845
13,0.8666666666666667,P_terror-d5-v1,confirmation,-0.011642614815581709,-0.005224791056948952,0.012761227265932398,0.013488654323746907,0.004776777031517465,0.014309486163883346,-0.9966828340693585
13,0.8666666666666667,P_terror-d5-v2,confirmation,0.015459226458485631,0.0062854285355467,0.01668814832658815,0.005286777115183661,0.006742414750073866,0.008567973443448767,0.8679907387101123
13,0.8666666666666667,P_terror-d5-v3,discovery,0.0014447098151988413,0.0018510087135403808,0.002348067228112152,-0.0006525364044982496,0.002179550784058737,0.002275136343054314,0.5787236194744081
13,0.8666666666666667,P_terror-d5-v4,discovery,0.036620617759838936,0.014664316845688141,0.039447583369111014,0.013823089385642806,0.007769162938168872,0.015856786967203905,0.9914112169086661
13,0.8666666666666667,P_terror-d6-v1,discovery,-0.010959146630603378,-0.0030650565482623904,0.011379695361261282,0.015301071995702298,0.0068797071741730775,0.016776566246405538,-0.988796788184346
13,0.8666666666666667,P_terror-d6-v2,confirmation,0.00971767936205925,0.004655078844775673,0.010775112585716694,0.008995054354009824,0.003571365322820874,0.00967810173022781,0.9976353250026958
13,0.8666666666666667,P_terror-d6-v3,discovery,0.020193453676121464,0.010111527587172375,0.022583590536400792,0.012440093832871923,0.008511426363356556,0.015073165338093358,0.9907927261093371
13,0.8666666666666667,P_terror-d6-v4,discovery,0.03179931279274406,0.014918078275349522,0.03512471143682509,0.009429132770414572,0.005023882369474375,0.010684003877967353,0.9987050999741873
13,0.8666666666666667,P_ecstasy-d4-v1,confirmation,0.0036354550510075967,0.0033160600046278077,0.004920649081390465,0.007969336366202562,0.0017668501400809333,0.008162847636406224,0.8671688512700366
13,0.8666666666666667,P_ecstasy-d4-v2,discovery,0.016371089981303655,0.010351173455592111,0.01936903144412997,0.007639227833260431,0.007047344702895586,0.010393405084470215,0.9836102870528487
13,0.8666666666666667,P_ecstasy-d4-v3,confirmation,0.0028655606081091634,0.0034624988558187297,0.004494478381891826,-0.0015125881010504827,0.0017247040995060914,0.0022940198330207657,0.15880756438585855
13,0.8666666666666667,P_ecstasy-d4-v4,discovery,0.022351403022485172,0.010177527467852165,0.02455946421305735,0.023101184947266873,0.010841361912449443,0.025518618185249354,0.9999338841209249
13,0.8666666666666667,P_ecstasy-d5-v1,confirmation,0.0070304686679421025,0.0007572421602306534,0.007071131831619772,0.010579888739078669,0.0010250871788644034,0.01062943316718045,0.9999426878833912
13,0.8666666666666667,P_ecstasy-d5-v2,confirmation,0.005114229827573702,0.0006083030555714686,0.0051502795396621065,-0.0054242391697367776,-0.0031673577511899254,0.006281283761662868,-0.9170690067083132
13,0.8666666666666667,P_ecstasy-d5-v3,discovery,0.008497703154571212,0.008777154265573017,0.012216766998878066,0.008750124342257415,0.008913127086543682,0.012490336683446304,0.9999758679542168
13,0.8666666666666667,P_ecstasy-d5-v4,confirmation,-0.0009751087312936946,0.0005704303155003032,0.0011297025195541408,-0.010167887413331744,-0.003962245148822596,0.01091262209872395,0.6209118014673991
13,0.8666666666666667,P_ecstasy-d6-v1,confirmation,0.0009243223922137389,0.0032786910122561963,0.003406491837447624,0.006242605847949001,0.002626071116881512,0.006772472021630387,0.6233214173616131
13,0.8666666666666667,P_ecstasy-d6-v2,confirmation,0.01870868394887104,0.011003953894879182,0.02170488093538805,0.02557550715438106,0.015726024644014736,0.030023564367142614,0.9998076298455587
13,0.8666666666666667,P_ecstasy-d6-v3,confirmation,0.004388177914656843,0.00349801640550762,0.005611793312648153,-0.006052427818046269,-0.000928833346665936,0.006123284566189862,-0.867460493792062
13,0.8666666666666667,P_ecstasy-d6-v4,discovery,0.003942706008887242,-8.76774655944601e-05,0.0039436807693433605,0.014374696676660026,0.007095231663982737,0.01603041536927737,0.8866519902773906
13,0.8666666666666667,P_loathing-d4-v1,confirmation,-0.006996919714275407,-0.0007662982140965724,0.007038756881789812,0.0029096477763190798,0.0025206103728607765,0.003849613855182349,-0.8226196886200431
13,0.8666666666666667,P_loathing-d4-v2,discovery,-0.01182562397066178,-0.007520030405061107,0.014014144268864012,0.004929178626036368,0.003054840205511944,0.005799038765915092,-0.9999327939108148
13,0.8666666666666667,P_loathing-d4-v3,discovery,0.02117111415804107,0.008531659077911868,0.02282554011002857,0.023998583567327536,0.009860397872617277,0.025945316715051268,0.9999770995837375
13,0.8666666666666667,P_loathing-d4-v4,discovery,-0.0038430391945976083,3.6420286984473194e-05,0.0038432117673265764,0.0059082073817764424,0.004786330621885604,0.007603675117209933,-0.7710198316715817
13,0.8666666666666667,P_loathing-d5-v1,discovery,0.0017058100457116865,0.0009219691485924386,0.00193902424507977,0.011623539323327492,0.007994725035473493,0.01410752617554783,0.9942827177656343
13,0.8666666666666667,P_loathing-d5-v2,confirmation,-0.002896592894814809,-0.0010930251107730271,0.003095957734057754,0.01940381983074113,0.007880539553595245,0.020943044852161346,-0.9996886521965452
13,0.8666666666666667,P_loathing-d5-v3,discovery,0.009657494860149995,0.004750549427699369,0.010762663556891407,0.0066866697344760695,0.004682820559410494,0.008163354735009124,0.9881971546630753
13,0.8666666666666667,P_loathing-d5-v4,discovery,0.006989125045298472,0.003726004479348788,0.007920289027487924,-0.014474663428009737,-0.005696108885407725,0.015555112914684465,-0.9934088985020719
13,0.8666666666666667,P_loathing-d6-v1,discovery,0.009011952679785828,0.002497718103014357,0.00935167828920695,0.008931597350124942,0.003116762254425254,0.009459790598917552,0.9978636482354887
13,0.8666666666666667,P_loathing-d6-v2,confirmation,-0.010976191304698624,-0.005103343121781734,0.012104581222660228,-0.010234872233640502,-0.007064696620071587,0.012436339814133265,0.9857629463005376
13,0.8666666666666667,P_loathing-d6-v3,discovery,0.007809835727810466,0.0016431441964099847,0.007980818062428228,-0.00971059555702558,-0.004594600426850892,0.010742719355663321,-0.9726141871158932
13,0.8666666666666667,P_loathing-d6-v4,confirmation,-0.0107771120921214,-0.0017349312716223864,0.010915866047336902,0.011311167568778036,0.007635995102135418,0.01364737824524594,-0.9072092947987638
13,0.8666666666666667,P_amazement-d4-v1,confirmation,0.04755231881232813,0.02676642923508865,0.05456798290597065,0.006930921537322554,0.007217557458696788,0.010006538313828178,0.957389340593982
13,0.8666666666666667,P_amazement-d4-v2,confirmation,0.025910052879295264,0.014332097243602071,0.029609793170637697,0.006055268144609549,0.006694029849217742,0.00902642276460289,0.9459771805956501
13,0.8666666666666667,P_amazement-d4-v3,discovery,0.025240428848402274,0.010994934564787506,0.0275312156385296,0.03492521796552861,0.017946703921633222,0.03926646191841643,0.9979620654907849
13,0.8666666666666667,P_amazement-d4-v4,discovery,-0.0018294907915574754,-0.00036507842789390565,0.0018655612600252728,-0.0006185630369963668,0.001029102795725212,0.0012006967955764752,0.33748264167421665
13,0.8666666666666667,P_amazement-d5-v1,discovery,0.009959905264091518,0.007174370735684832,0.012274824166672567,-0.002568872543641021,0.002140300043031562,0.003343649266845073,-0.2492628280918316
13,0.8666666666666667,P_amazement-d5-v2,confirmation,0.02430918368384294,0.008281934057428053,0.02568125470272826,0.01825313883903501,0.007509204647223822,0.019737406919627925,0.9980829208433286
13,0.8666666666666667,P_amazement-d5-v3,discovery,0.01455479656109393,0.004640188106940002,0.015276565340501742,-0.004755900155395842,0.005302497691827668,0.007122855330549115,-0.41003068485631594
13,0.8666666666666667,P_amazement-d5-v4,confirmation,0.016201739349163802,0.005541458962407653,0.01712320429622595,0.014042154921102057,0.0034202251604167344,0.014452683314048585,0.9958950496533063
13,0.8666666666666667,P_amazement-d6-v1,confirmation,0.00011068783255829828,-0.0011994985182823825,0.001204594741661313,-0.006011067092963174,-0.00033335846517212886,0.006020303602178769,-0.03660894218632752
13,0.8666666666666667,P_amazement-d6-v2,discovery,0.00020836627276654696,0.00012870301729517308,0.00024491012695988026,0.005169807372869872,0.0031224628499000318,0.006039592910253598,0.999950253399153
13,0.8666666666666667,P_amazement-d6-v3,discovery,0.02528274441718814,0.014197240587981774,0.028996186052270653,0.028156587986074566,0.016341013193370557,0.03255490990931274,0.9998992432444238
13,0.8666666666666667,P_amazement-d6-v4,confirmation,0.0019307224796767386,1.4318847652461386e-05,0.0019307755754947773,-0.007366329902371849,-0.0006536572342596969,0.007395274437806733,-0.9967141838217622
13,0.8666666666666667,P_admiration-d4-v1,discovery,0.011070276173594351,0.007165584380760315,0.013186986542703644,-0.01267451978113776,-0.001213563157887787,0.012732485508361476,-0.8874541934867879
13,0.8666666666666667,P_admiration-d4-v2,discovery,0.005301335508986149,-0.0008176583244070557,0.005364021188838611,-0.01892235520414154,-0.008809088533210385,0.020872363719944158,-0.8316460724661109
13,0.8666666666666667,P_admiration-d4-v3,discovery,0.00810916424994268,0.0016181759303215415,0.0082690409464472,0.025625453106926877,0.014061727636355492,0.02923005355886903,0.9538727997515339
13,0.8666666666666667,P_admiration-d4-v4,discovery,0.013200052067586121,0.0060206711027692705,0.014508268508499062,0.0007256590848214728,0.002453653623976315,0.0025587100683422577,0.6559744143335444
13,0.8666666666666667,P_admiration-d5-v1,confirmation,0.02461194299899283,0.008646435239712424,0.026086559384867394,0.01689096529630607,0.0009390833007194566,0.016917050159135492,0.9604166475983533
13,0.8666666666666667,P_admiration-d5-v2,discovery,0.015312840190333965,0.0072219799922255135,0.016930448006559448,0.010081390120960876,0.003033373773987158,0.010527857484964386,0.989005562879803
13,0.8666666666666667,P_admiration-d5-v3,confirmation,0.015473480954720564,0.0036407936528526363,0.015896036967708402,0.011668024920368891,-0.00033189585004755884,0.01167274433874178,0.9665116363927916
13,0.8666666666666667,P_admiration-d5-v4,discovery,0.012928411918744054,0.0031007718848536925,0.013295060023280167,0.016366197508647762,0.007294118052353138,0.017918051765014303,0.9831449581303245
13,0.8666666666666667,P_admiration-d6-v1,confirmation,0.01111018255822227,0.006508591563788357,0.01287625413780123,-0.0005054429684268058,0.0028974001849810804,0.00294115630768929,0.349671361913213
13,0.8666666666666667,P_admiration-d6-v2,confirmation,0.011620796202909567,0.0063045533647949625,0.013220828170697358,0.0020249888253642823,0.001902393072033881,0.002778431057876499,0.9671294678358577
13,0.8666666666666667,P_admiration-d6-v3,confirmation,-0.007398264067768778,0.0008942531457014624,0.007452113787713898,0.0013245003341890715,0.0077941468689108895,0.007905885563896077,-0.0480189432385624
13,0.8666666666666667,P_admiration-d6-v4,confirmation,0.007426028268957552,0.0049253570829037585,0.008910950468130036,0.016590891245613193,0.008808681801754314,0.018784316527580187,0.9952458215633897
13,0.8666666666666667,P_vigilance-d4-v1,discovery,0.0057988375465871655,0.0037060595609368363,0.006881961519866294,0.009208674640840186,0.003272060491033457,0.009772720629273878,0.9742856968889803
13,0.8666666666666667,P_vigilance-d4-v2,confirmation,-0.008519238447711963,-0.009726131861551579,0.012929619666380853,-0.00743406338978847,-0.00479839080377964,0.008848155332564537,0.9615313237328329
13,0.8666666666666667,P_vigilance-d4-v3,discovery,0.006791628104434899,0.0016091485939657701,0.006979654110800333,0.011225297898350028,0.0035904798966912566,0.011785535999488764,0.9970422625310634
13,0.8666666666666667,P_vigilance-d4-v4,discovery,-0.009080594479229376,-0.005165263729459468,0.010446872522007749,-0.008324820851974835,-0.002517515060804776,0.008697156104086777,0.9751246163853333
13,0.8666666666666667,P_vigilance-d5-v1,discovery,-0.01947645255968755,-0.009327512999687038,0.021594784163521768,-0.009732179672255814,-0.0015101653912465984,0.009848650703623734,0.9574709183348101
13,0.8666666666666667,P_vigilance-d5-v2,confirmation,0.03468969136393252,0.015535694146834977,0.038009636666888794,0.013165811367736424,0.009331693117672124,0.01613750555114473,0.9809442011700631
13,0.8666666666666667,P_vigilance-d5-v3,confirmation,0.0025626531070246372,0.0023122698616724335,0.0034516348097882086,0.0037999359490266116,0.004753150291653352,0.006085388312322322,0.9868573974573633
13,0.8666666666666667,P_vigilance-d5-v4,confirmation,-0.0016747392727669563,0.0006411068481462223,0.0017932567084742712,0.013981423033603058,0.007956294302741362,0.01608672773053615,-0.6348667791321326
13,0.8666666666666667,P_vigilance-d6-v1,discovery,-0.003859394058700616,0.00027903853940092205,0.003869468310608657,-0.02090032055579849,-0.008404204066925214,0.022526740672668456,0.8984812732814472
13,0.8666666666666667,P_vigilance-d6-v2,discovery,-0.002507398633469826,-0.001191639885458784,0.002776158050929841,0.003628194056121359,0.0021968681908703935,0.004241464600457313,-0.9949238520591757
13,0.8666666666666667,P_vigilance-d6-v3,discovery,0.005770652307423241,0.00470734657197891,0.007447116207089209,0.009751939944029786,0.005692393914729088,0.011291752793628118,0.9878718344064049
13,0.8666666666666667,P_vigilance-d6-v4,discovery,-0.011655303028425656,-0.0003052742924216645,0.011659300196754598,-0.010307305972331093,-0.0014085841383195685,0.010403108462473018,0.9939964736969689
14,0.9333333333333333,P_rage-d1-v1,discovery,0.00809611489369022,0.007009496443045826,0.010708880275589258,0.011586632035780475,0.009892595953037375,0.015235271465340743,0.9999762323848441
14,0.9333333333333333,P_rage-d1-v2,confirmation,0.020751718709907774,0.008550339471041113,0.022444200464377874,0.014061222325048472,0.007068990062524705,0.01573812548490177,0.9971892275278385
14,0.9333333333333333,P_rage-d1-v3,discovery,0.003839916673732624,0.0010838022074244336,0.003989935749611501,0.0016640375225565052,0.0026305238569510614,0.0031126639135095648,0.7440605666214547
14,0.9333333333333333,P_rage-d1-v4,discovery,0.003952443440743636,0.008834399158185846,0.009678244553555784,-0.02095144116951353,-0.0031688143477790476,0.021189720891278317,-0.5402981022209927
14,0.9333333333333333,P_rage-d2-v1,discovery,-0.026362560394058043,-0.009750769501649437,0.02810804326886976,-0.013398447875121011,-0.006237861984188964,0.01477935477604231,0.9966843146416022
14,0.9333333333333333,P_rage-d2-v2,discovery,-0.017492929642606292,-0.006870007256932098,0.01879360495465076,-0.006540363353483958,-0.0004820790390023255,0.006558105899986773,0.9551445938710869
14,0.9333333333333333,P_rage-d2-v3,confirmation,-0.012176036982553207,-0.0019719577205439265,0.012334686613453792,0.0031310149501786455,0.0035039700655978834,0.004699048929182183,-0.776950099765433
14,0.9333333333333333,P_rage-d2-v4,discovery,0.01140300625809143,0.0076804763752980065,0.013748391508594129,0.01292361036381351,0.010744029287769408,0.016806363978330196,0.9949225463580883
14,0.9333333333333333,P_rage-d3-v1,discovery,0.013896446007232832,0.004408885386159689,0.01457907685624264,0.01258144319573562,0.00479449735337667,0.013464023089665957,0.9983835796678685
14,0.9333333333333333,P_rage-d3-v2,discovery,0.0023696639428090194,0.002602578811302436,0.0035197618770152032,-0.009891182703707813,-0.00521757328426764,0.011182958743321555,-0.9404637527510017
14,0.9333333333333333,P_rage-d3-v3,confirmation,-0.0012494056060035064,0.0027226857601174714,0.002995668893028641,-0.001273436518799187,-0.0007221602686371398,0.0014639521921871142,-0.0855490552955854
14,0.9333333333333333,P_rage-d3-v4,confirmation,-0.004846201212983736,0.0017641139182309473,0.00515730201880995,0.007173225765195745,0.004264593605946221,0.008345173844944482,-0.6329127321258351
14,0.9333333333333333,P_grief-d1-v1,discovery,-0.001519647144998082,0.002027142171304952,0.0025335020876217523,0.009771974885341983,0.0055927873535872585,0.011259252352718631,-0.12313889044246187
14,0.9333333333333333,P_grief-d1-v2,discovery,0.005593124521534598,0.0033903533051269363,0.006540453917502727,0.005520808120873966,-0.00031904889230816025,0.005530019394467889,0.8238273960201383
14,0.9333333333333333,P_grief-d1-v3,confirmation,-0.007856610716958201,-0.0025599279713013345,0.008263144872025023,0.002241086255997171,-3.6651412215427115e-05,0.0022413859401800495,-0.9456084966667345
14,0.9333333333333333,P_grief-d1-v4,confirmation,-0.012792700143569036,-0.0006396927056062651,0.012808683918376513,-0.002529767735520494,0.0021262980348923932,0.0033046736796343056,0.7324230159591534
14,0.9333333333333333,P_grief-d2-v1,confirmation,-0.0007269353406114121,0.0007459502846263177,0.0010415742011800763,0.004608076853417575,0.0011778887222799739,0.004756237392001914,-0.49881719372225997
14,0.9333333333333333,P_grief-d2-v2,confirmation,0.00939852609391778,0.005523373940118148,0.0109013738776555,0.008655242728265566,0.00492030356603923,0.009956034043090266,0.9998963617770822
14,0.9333333333333333,P_grief-d2-v3,confirmation,0.012004141525900458,0.0069867707012178926,0.013889362066172965,0.00013748759004261757,0.004222873362993873,0.004225110918934427,0.5308877678877708
14,0.9333333333333333,P_grief-d2-v4,confirmation,-0.011386513945245369,-0.0010695569748957467,0.011436636391344065,-0.017233206855983507,-0.00668688409731466,0.018485070664512934,0.962021707252582
14,0.9333333333333333,P_grief-d3-v1,discovery,0.011580417379337682,0.00650119422332196,0.013280496715447846,0.0034176282679898584,0.0010271963620711588,0.0035686573587857357,0.9759887649274396
14,0.9333333333333333,P_grief-d3-v2,confirmation,0.006017266526238352,0.004005237089615754,0.007228376068787666,0.007827009245919392,0.004711486276586019,0.009135654145717537,0.9989683878585063
14,0.9333333333333333,P_grief-d3-v3,confirmation,0.009607092005463613,0.004776151039978416,0.010728831975482222,0.0062219262748981485,0.0010264171772931263,0.006306020836637819,0.9559642032169855
14,0.9333333333333333,P_grief-d3-v4,confirmation,-0.010940640241167365,-0.004221584983802096,0.01172686610574684,0.004727062905420798,0.0028334852870290916,0.0055112396594246965,-0.9852903866749471
14,0.9333333333333333,P_terror-d1-v1,discovery,0.0061312191174685005,0.001478899991454341,0.006307058985861386,-0.003110394159359764,0.0008274084843877816,0.0032185643735392674,-0.8791694163218243
14,0.9333333333333333,P_terror-d1-v2,discovery,0.005256268271846665,0.002935299536027891,0.006020327193087389,0.007012981853123268,0.003522101861785032,0.007847745918225554,0.9990377980917031
14,0.9333333333333333,P_terror-d1-v3,confirmation,0.027948439427331273,0.01232543463891922,0.030545566052399078,0.0026365128055250153,0.0006929668400950106,0.002726059943429097,0.9874922531250204
14,0.9333333333333333,P_terror-d1-v4,discovery,0.004928985103574313,0.004872107124329617,0.006930535475863382,-0.0024344594896255067,0.0015827430106938323,0.0029037335353864443,-0.2130803917353385
14,0.9333333333333333,P_terror-d2-v1,discovery,0.012459098043787087,0.0057201141443909975,0.013709443091882368,0.004742002006315804,0.0014283079984238611,0.004952438466681306,0.9905144859550059
14,0.9333333333333333,P_terror-d2-v2,discovery,0.0021662806495665876,0.002403541804109288,0.0032357047233620632,0.0035052499801335735,0.0019357751310060678,0.004004248091845456,0.9451634874607072
14,0.9333333333333333,P_terror-d2-v3,confirmation,-0.0008125257237283634,0.0011982185880574647,0.0014477312721934016,0.00788964730856101,0.00666577454901951,0.010328556771971592,0.10543143538492566
14,0.9333333333333333,P_terror-d2-v4,confirmation,0.0037334749734698747,0.00482109412120213,0.006097686766554642,-0.0016607025534920439,3.0533564807200264e-05,0.0016609832238029469,-0.5976395482786641
14,0.9333333333333333,P_terror-d3-v1,discovery,-0.013078307702056868,-0.004127354010404538,0.01371412350377823,-0.003824094062634842,-0.0007821874862843359,0.0039032694838531017,0.9946034613879534
14,0.9333333333333333,P_terror-d3-v2,discovery,0.007267517872267426,0.006115378677276517,0.00949814047012439,0.0119428274912865,0.005513958393458918,0.013154271764389873,0.9645715906833179
14,0.9333333333333333,P_terror-d3-v3,confirmation,-0.009378266032605609,-0.003862288179190543,0.010142442691848899,0.01034094431634447,0.007354038450942291,0.012689247845781666,-0.9742313343443144
14,0.9333333333333333,P_terror-d3-v4,confirmation,0.030943735006663253,0.017448350245496513,0.03552407159169843,0.007985533106998233,0.006699080125654788,0.010423359033100021,0.9830127654153437
14,0.9333333333333333,P_ecstasy-d1-v1,confirmation,0.0499562262280393,0.022090086915273588,0.05462230752056694,0.03612701725283918,0.01882241775143534,0.04073628340431277,0.997954479170084
14,0.9333333333333333,P_ecstasy-d1-v2,discovery,0.0017616194033660548,-0.0007776607057508045,0.001925632128830586,0.015201956850776188,0.0042607926317908,0.015787775205645154,0.7718912528865065
14,0.9333333333333333,P_ecstasy-d1-v3,discovery,0.013644667164662394,0.006361032392561583,0.015054556623615118,0.012289967486125875,0.003465636552414164,0.012769257516530092,0.9870056883015454
14,0.9333333333333333,P_ecstasy-d1-v4,discovery,0.0032619008147527495,0.0005399568470352278,0.0033062895096988825,-0.004953847858183202,-0.0005152231393994455,0.004980568590572659,-0.9981755821489788
14,0.9333333333333333,P_ecstasy-d2-v1,confirmation,-0.012254513354622798,-0.003600607901820041,0.01277252812959429,0.0031645250178060635,-0.00016258424517623382,0.0031686988220877023,-0.9437150061660311
14,0.9333333333333333,P_ecstasy-d2-v2,confirmation,-0.004539288645226236,0.00197209106977958,0.0049491700912561295,0.008814557592486505,0.003865963296709296,0.009625076506852551,-0.6798995252899811
14,0.9333333333333333,P_ecstasy-d2-v3,confirmation,-0.0077411954002108985,-0.003620862736696928,0.008546154291975236,0.006052026494273832,0.0012736600951082089,0.006184596569321516,-0.9736475031869087
14,0.9333333333333333,P_ecstasy-d2-v4,confirmation,-0.002966858053369492,0.0013330963123188155,0.003252597805871706,0.011714302853395253,0.006579773434264524,0.013435710244989556,-0.5945681987356578
14,0.9333333333333333,P_ecstasy-d3-v1,confirmation,0.013388888040731572,0.005192839681462225,0.014360637413590444,0.003324899600811726,-0.0006493044671653792,0.00338770625151575,0.8457409026802579
14,0.9333333333333333,P_ecstasy-d3-v2,discovery,-0.00949260056111445,-0.005208085734035528,0.010827447641338875,-0.00659691723403899,-0.0034136750964814944,0.0074278189704043394,0.9997052112716324
14,0.9333333333333333,P_ecstasy-d3-v3,discovery,-0.014720396575290451,-0.006633126718250004,0.016145849169188497,-0.019262621078964592,-0.00800286506952741,0.020858917041707437,0.9995620679595437
14,0.9333333333333333,P_ecstasy-d3-v4,confirmation,-0.007793321445554113,-0.004243327542941877,0.008873651322337542,-0.003141635107033469,-0.00024847128096983084,0.0031514455608834474,0.9132227206275573
14,0.9333333333333333,P_loathing-d1-v1,discovery,0.024053853694592675,0.012411666865048687,0.027067274556737648,0.028219493793718797,0.016303755533237485,0.03259067772325862,0.9988704019545276
14,0.9333333333333333,P_loathing-d1-v2,confirmation,0.007835944329524835,0.003488264439800659,0.008577296330277404,-0.0009562728423491151,-0.001815656252088349,0.002052088052390044,-0.7855520337283439
14,0.9333333333333333,P_loathing-d1-v3,discovery,-0.00497645914963929,-0.0007005661655004047,0.0050255286906227626,8.764162046404067e-05,0.002824937639150704,0.0028262968207051283,-0.17004101727058216
14,0.9333333333333333,P_loathing-d1-v4,discovery,0.00765230673926709,0.009538909993311862,0.012229006594664074,0.0010355855531289926,0.0023029771329725612,0.002525102198494944,0.9680376361050917
14,0.9333333333333333,P_loathing-d2-v1,discovery,0.0015052439911400484,0.0024689860745210623,0.002891652072612151,0.01329762215412833,0.008778425738154905,0.015933848041018373,0.9048257364749162
14,0.9333333333333333,P_loathing-d2-v2,confirmation,0.003563330662652575,0.0076579941837646714,0.008446431218566428,0.014195155082702193,0.008589272087998978,0.016591504537673617,0.8303086613340479
14,0.9333333333333333,P_loathing-d2-v3,discovery,0.005015235912892102,0.0028722561554221926,0.0057794849843496735,0.015038257154733614,0.008326862364167908,0.01718970084334491,0.9998960329474338
14,0.9333333333333333,P_loathing-d2-v4,discovery,0.0014626204120391506,0.006166563544702797,0.0063376465995329135,0.0039013461357599866,0.004511129234550992,0.005964125136332235,0.8869224480524661
14,0.9333333333333333,P_loathing-d3-v1,discovery,-0.010545068358130294,-0.002682609085775667,0.010880940133312327,-0.007487627539387809,-0.0039678962869995615,0.0084740053760299,0.9717663661098931
14,0.9333333333333333,P_loathing-d3-v2,confirmation,0.00023068598458042544,0.002420547039019283,0.002431514752492129,0.011761870363592664,0.004183871289969776,0.0124838444968284,0.4230177266318413
14,0.9333333333333333,P_loathing-d3-v3,confirmation,0.007561488411774064,0.005010707531047487,0.00907101410885737,0.003086267732664183,0.0002980912479664255,0.0031006300827087223,0.8828326116990305
14,0.9333333333333333,P_loathing-d3-v4,confirmation,-0.00875577874275102,-0.00397629860739368,0.009616372081360597,0.006781297048459756,0.005753777279482009,0.00889336509097273,-0.9617918411020911
14,0.9333333333333333,P_amazement-d1-v1,confirmation,0.011768090971266965,0.0059201317198542824,0.013173303484260882,-0.005109669803356365,-0.0024341437269645994,0.005659839324826543,-0.9997683635633662
14,0.9333333333333333,P_amazement-d1-v2,confirmation,-0.0008202831891637175,-0.00040614283148077135,0.0009153231724302719,0.0027289593694526104,0.0012766004007573883,0.0030127940227199592,-0.9997539284456011
14,0.9333333333333333,P_amazement-d1-v3,discovery,-0.02747455277122146,-0.011382931290688347,0.02973923628385848,-0.012600701212492904,-0.00610436322957808,0.014001461405337125,0.9982982619474015
14,0.9333333333333333,P_amazement-d1-v4,confirmation,0.005174012654658,0.004070510816847062,0.006583271622880986,0.003314295116308763,0.0019255099234758433,0.0038330328179383053,0.9901766126946869
14,0.9333333333333333,P_amazement-d2-v1,confirmation,0.013559567236320902,0.0052268151653338535,0.014532083828855076,0.020433839938492238,0.010939060090149777,0.023177680002274346,0.9923712454089921
14,0.9333333333333333,P_amazement-d2-v2,confirmation,-0.0034934375379984672,-0.00010159963757239154,0.003494914636761767,0.015967756323071125,0.006499143685473108,0.017239724784270858,-0.9367865539811759
14,0.9333333333333333,P_amazement-d2-v3,discovery,-0.0008781023026136481,0.0007421202780992786,0.0011496982913014795,-0.0012646714598965048,-0.0002325151062469999,0.0012858682576803156,0.6344573743176763
14,0.9333333333333333,P_amazement-d2-v4,discovery,-0.018813608006440496,-0.00493588202172468,0.019450315615752535,-0.03072958537435433,-0.009273589748745259,0.03209839379326892,0.9993334041941978
14,0.9333333333333333,P_amazement-d3-v1,discovery,0.019641894723182673,0.008479685537847281,0.02139413693368741,-0.010109539772050091,-0.002079861600768673,0.010321270206763053,-0.9791337236206518
14,0.9333333333333333,P_amazement-d3-v2,confirmation,0.021012099666867456,0.003322923478616957,0.02127322619762022,0.023833436831625754,0.008673584025908454,0.025362645190547248,0.9815899013227218
14,0.9333333333333333,P_amazement-d3-v3,discovery,-0.00624066899945408,-0.0023711258870537932,0.006675940947387404,0.015569596075305725,0.007587544763905996,0.017320021867551227,-0.9959203125820686
14,0.9333333333333333,P_amazement-d3-v4,confirmation,-0.0008513429775689474,0.0017672376926176625,0.0019616100345544118,0.02682899248095616,0.013978224192858324,0.03025203446264419,0.031379942306489675
14,0.9333333333333333,P_admiration-d1-v1,confirmation,0.006390344664463754,0.003704899765096137,0.007386662791819441,0.00535707987973888,0.002122502158821149,0.005762232228234433,0.9890417846636751
14,0.9333333333333333,P_admiration-d1-v2,confirmation,-0.009552045163943923,-0.004230161260212029,0.010446809613533841,0.02405040314109419,0.009780971177893782,0.02596322954549264,-0.9995306851493476
14,0.9333333333333333,P_admiration-d1-v3,confirmation,0.004301070807179563,0.002704393496284929,0.005080645064469716,0.012235230919249496,0.006546973283983348,0.013876733579216349,0.997552273418309
14,0.9333333333333333,P_admiration-d1-v4,discovery,0.0013803187527550165,-0.0004948436618228413,0.0014663390156622726,-0.025974528152351795,-0.012457572297236652,0.028807416063892193,-0.7028306547923587
14,0.9333333333333333,P_admiration-d2-v1,confirmation,0.019393653763374097,0.010339194202313884,0.021977550888276777,0.025881672308911252,0.01261202025246444,0.02879104055699336,0.9993390179651919
14,0.9333333333333333,P_admiration-d2-v2,confirmation,-0.020737616449104657,-0.007855635492921564,0.022175656585269918,-0.002387865759796881,-0.001327100409803883,0.0027318671974515835,0.989483699426145
14,0.9333333333333333,P_admiration-d2-v3,confirmation,0.000641346197970627,-0.0002813273117077131,0.0007003356352236172,-0.004513173133743109,-0.0003316333055192189,0.004525341134596396,-0.8838691031114239
14,0.9333333333333333,P_admiration-d2-v4,discovery,-0.008370140232834444,-0.001319840540141115,0.008473560442264742,0.008565915020336767,0.005737704746338501,0.010310002710561546,-0.9073781973663831
14,0.9333333333333333,P_admiration-d3-v1,discovery,-0.030942395053240368,-0.010094142892890012,0.03254725076520098,-0.005226254244941053,-0.0007204739923860615,0.005275681586910746,0.9841386198359419
14,0.9333333333333333,P_admiration-d3-v2,discovery,0.004058166560290566,0.003681044497548136,0.005478941907338494,0.027223732914031018,0.011455152767301247,0.02953560831770196,0.9432808530679858
14,0.9333333333333333,P_admiration-d3-v3,discovery,-0.018172610804379374,-0.0034165673102330985,0.018490990120401868,0.00038497201194687136,-0.0003529732768541294,0.0005222964523673926,-0.599515671252509
14,0.9333333333333333,P_admiration-d3-v4,discovery,0.0005409699656340194,0.0013141009216370847,0.0014210945556033588,0.00986079264934725,0.006932291968924531,0.012053709122748744,0.8432328620424387
14,0.9333333333333333,P_vigilance-d1-v1,discovery,0.003858093829062881,0.0011015987362270607,0.004012282114895479,0.004554055081071873,0.00042590977164458366,0.004573927941607616,0.9829589314450682
14,0.9333333333333333,P_vigilance-d1-v2,discovery,0.0014020823477309818,0.0008522874252658852,0.0016408012570342497,0.008784025161845399,0.003183630695486439,0.009343158055453014,0.9803675642468518
14,0.9333333333333333,P_vigilance-d1-v3,discovery,-0.013629918046007106,-0.0004633155210562734,0.013637790408014116,-0.007828942410414097,0.001262326718994622,0.00793005725143698,0.9812713850631924
14,0.9333333333333333,P_vigilance-d1-v4,confirmation,-0.0056841241179714785,0.0002318621370536178,0.005688851117677814,-0.015146110076146968,-0.004090114452235838,0.015688648337927304,0.9539905878343096
14,0.9333333333333333,P_vigilance-d2-v1,discovery,-0.021259684184111727,-0.008717173958064706,0.022977451847916726,-0.008343446663181542,-0.002423235304549465,0.00868822027590059,0.9943378231395985
14,0.9333333333333333,P_vigilance-d2-v2,discovery,0.006057987591009173,0.0024578022993226867,0.0065375840947078465,0.00276391194192227,-0.0004973841835611559,0.002808309144086052,0.8454055886698546
14,0.9333333333333333,P_vigilance-d2-v3,confirmation,0.006136051350819294,0.0020690081545033934,0.006475486153432251,0.004464032413092678,0.0022209426045654013,0.004985997536894276,0.9907058635892217
14,0.9333333333333333,P_vigilance-d2-v4,confirmation,0.002147637522648793,0.0033638211404429796,0.003990944699388875,0.007467873393775193,0.007301739691618181,0.01044435424282458,0.9740226734285956
14,0.9333333333333333,P_vigilance-d3-v1,discovery,-0.018999380180670933,-0.010116164589601517,0.021524712152630035,-0.033910352550441836,-0.012112147279916385,0.03600855623078553,0.9893304970034973
14,0.9333333333333333,P_vigilance-d3-v2,confirmation,0.01079068660722804,0.007401675595502866,0.013085248147302109,0.0073032020537171505,0.005474022231718223,0.009126975382390585,0.999118835531223
14,0.9333333333333333,P_vigilance-d3-v3,discovery,0.011041513856942409,0.006167641318545414,0.012647324922183342,0.01343129225872186,0.0065600117514943435,0.014947687644547087,0.9984836498777755
14,0.9333333333333333,P_vigilance-d3-v4,confirmation,0.00848340018821947,0.005613314829751914,0.010172383306354263,0.003442134623920179,0.003242310051271957,0.0047287276552757055,0.9854203280973569
14,0.9333333333333333,P_rage-d4-v1,confirmation,-1.7743188953645017e-05,0.0020857062492405376,0.0020857817188946874,-0.00294983044493069,-0.00013255775785481205,0.0029528073443771245,-0.03639233038617884
14,0.9333333333333333,P_rage-d4-v2,confirmation,0.018751466153558383,0.009171238901734213,0.020874125272708523,0.01275540434010125,0.010288810522449232,0.016387799176409742,0.9750430408208166
14,0.9333333333333333,P_rage-d4-v3,discovery,-0.010300828762060732,-0.002569630390175881,0.010616500060161686,0.0016251538222959994,0.0014096860317978077,0.0021513576305136127,-0.8915456561999124
14,0.9333333333333333,P_rage-d4-v4,confirmation,-0.005066722016361602,-0.0013699578526695788,0.005248662354274127,-0.002095679909592363,-0.0007802619813652711,0.002236220705349343,0.9957388469904747
14,0.9333333333333333,P_rage-d5-v1,confirmation,-0.009247901270867942,-0.005473700535717718,0.010746398255715137,0.010725335624006238,0.0024636164478182287,0.01100464584843773,-0.9527452323052137
14,0.9333333333333333,P_rage-d5-v2,discovery,0.023364493543904352,0.013142382015741916,0.026807121509234158,0.00823593478692608,0.0062763429460530595,0.010354858888027839,0.9903833830950244
14,0.9333333333333333,P_rage-d5-v3,confirmation,0.007470069501775534,0.003822378898411749,0.008391216765426835,0.004539888555464611,0.002264311583032974,0.005073233194038674,0.9999469216145216
14,0.9333333333333333,P_rage-d5-v4,discovery,0.009560426555616175,0.004343354093911955,0.010500784766408304,-0.00029659724647856933,-0.0001806020491068594,0.00034725642796104675,-0.9927463535798131
14,0.9333333333333333,P_rage-d6-v1,discovery,0.011291190378626581,0.00534498150183893,0.012492389980359635,0.005820572230207599,0.0002577454619032693,0.005826276152929554,0.921888450017749
14,0.9333333333333333,P_rage-d6-v2,confirmation,0.007815460017014608,0.004019250419478482,0.00878838945495885,0.003121519767373293,0.0033157130534173795,0.0045538817190068324,0.9425682608275195
14,0.9333333333333333,P_rage-d6-v3,discovery,0.010144090922809212,0.006929146584231383,0.012284773218744646,0.010094093516591407,0.006766944659131191,0.012152459172588765,0.9999621468859069
14,0.9333333333333333,P_rage-d6-v4,discovery,0.012815705814595901,0.007482980965940911,0.014840394862095185,0.01639683645616019,0.010967135681648088,0.01972648754415602,0.9981384572413456
14,0.9333333333333333,P_grief-d4-v1,discovery,-0.008946579606059046,-0.004488037972020464,0.010009184356672087,-0.001997502287272912,-0.0002145296834781263,0.002008989390901241,0.9366076830037959
14,0.9333333333333333,P_grief-d4-v2,confirmation,-0.008990025838859772,-0.0032310794679828447,0.009553032979728829,-0.004100160723569779,-0.0013301432460868234,0.004310521895805036,0.9995092482287877
14,0.9333333333333333,P_grief-d4-v3,confirmation,0.013603550820714183,0.005019833414115382,0.014500183531156521,0.01497150740796016,0.007069896504252604,0.01655685569930019,0.9961592321164691
14,0.9333333333333333,P_grief-d4-v4,confirmation,7.670989152064323e-05,0.0023723243645168424,0.0023735642603345186,0.0027480251742781903,6.559608980749587e-05,0.0027488079608195097,0.05616023738112568
14,0.9333333333333333,P_grief-d5-v1,confirmation,-0.0042454397252713605,-0.0005892950077122094,0.004286143612506083,-0.0002760413312721255,-0.0015503379294505848,0.001574721090245385,0.308990174989305
14,0.9333333333333333,P_grief-d5-v2,confirmation,0.001675921767414934,0.0005142330275509366,0.0017530400386526826,-0.004005365262966798,0.00020607837721220434,0.004010663185476375,-0.9396735198311891
14,0.9333333333333333,P_grief-d5-v3,confirmation,0.0054596121321068836,0.0028017223295178084,0.006136530994362154,0.002797129558311795,0.0013678586107332968,0.0031136748296729322,0.9998137026479214
14,0.9333333333333333,P_grief-d5-v4,discovery,0.013814818322707367,0.007075418063921646,0.015521299754488344,0.007160567654660888,0.0031480558926464397,0.00782201924314954,0.998252563603553
14,0.9333333333333333,P_grief-d6-v1,confirmation,0.019225723129554062,0.00963462604535259,0.021504754099688203,0.007869540250294182,0.00419080825754925,0.008915858769773286,0.9996929171002837
14,0.9333333333333333,P_grief-d6-v2,confirmation,0.0048364768113815515,0.003917399969429525,0.0062239481414547385,-0.0008325805466080638,0.0022623013384981405,0.002410642593326655,0.3222923690476204
14,0.9333333333333333,P_grief-d6-v3,discovery,0.014806541417795138,0.00898850758565839,0.017321285673249583,0.006783323876297764,0.003118355794193395,0.007465763569115409,0.9934293605056047
14,0.9333333333333333,P_grief-d6-v4,discovery,0.019691869143630747,0.012631266411593955,0.023394841344419038,0.014476324821638631,0.008923664355145355,0.017005756844812363,0.9998393668346268
14,0.9333333333333333,P_terror-d4-v1,confirmation,0.0018890037260526071,-9.442664512882004e-05,0.001891362331323884,0.007868077738748536,0.004848057822535168,0.00924176995784004,0.824108985597421
14,0.9333333333333333,P_terror-d4-v2,confirmation,-0.0070957364709833826,-0.0013631394832120947,0.0072254844347168475,-0.006802620133418813,0.0008776175759979132,0.006858997979974585,0.9498321338782911
14,0.9333333333333333,P_terror-d4-v3,confirmation,0.010127331750789281,0.006198979701035334,0.01187392932960243,0.010911037811304869,0.005293208034044206,0.012127192478533302,0.9952413202335268
14,0.9333333333333333,P_terror-d4-v4,discovery,-0.0004083288655376549,0.003352921317382851,0.003377693565584602,-0.003499297626604392,0.0017177870466840162,0.0038981888380778228,0.5459505229555582
14,0.9333333333333333,P_terror-d5-v1,confirmation,0.0015791504082924845,0.0009111836095812009,0.001823176234591639,0.0032361507223495067,0.0018955621828613545,0.0037504436386722752,0.9999786793332617
14,0.9333333333333333,P_terror-d5-v2,confirmation,-0.005532386659655053,-0.0005489738532942212,0.005559557036628899,-0.011121823312477463,-0.0031528977934023317,0.011560091621159778,0.9843174233647597
14,0.9333333333333333,P_terror-d5-v3,discovery,0.0028324323018589226,0.0025579942967439706,0.0038165439296290716,-0.0029787061438328877,0.00252529388241296,0.0039050991644080067,-0.1326689795380066
14,0.9333333333333333,P_terror-d5-v4,discovery,0.026869264810268412,0.012263691701110524,0.029535665314737967,0.019671860271332164,0.008187410686213425,0.02130764605205227,0.9994292408265543
14,0.9333333333333333,P_terror-d6-v1,discovery,-0.025701641087926497,-0.009624440005143953,0.027444565947108854,0.010082450235280316,0.006095253972185244,0.011781677458339457,-0.9828538111032212
14,0.9333333333333333,P_terror-d6-v2,confirmation,0.005072493771234754,0.003691561383210029,0.0062735809953504956,-0.0028451567881671025,-0.00026751116697809607,0.002857705263618228,-0.8600811526340439
14,0.9333333333333333,P_terror-d6-v3,discovery,0.005874585457096515,0.0013107434038444055,0.006019036680686661,0.006325228319518317,0.004231878398994748,0.007610342178766659,0.9322825647386712
14,0.9333333333333333,P_terror-d6-v4,discovery,0.010438080038156272,0.006426407722723404,0.012257741680327394,0.008729809353251294,0.0010935631079669328,0.008798036804607041,0.910111590052221
14,0.9333333333333333,P_ecstasy-d4-v1,confirmation,0.012425351115824768,0.008094735919417673,0.014829501001606172,0.01720686328013077,0.006981648454246425,0.018569317679435454,0.9816329719521034
14,0.9333333333333333,P_ecstasy-d4-v2,discovery,0.004273468555702209,0.002419839074594421,0.004911023787715705,0.00599214921179847,0.0012812718695642822,0.00612760228639178,0.9539734557727216
14,0.9333333333333333,P_ecstasy-d4-v3,confirmation,-0.011939251764992775,-0.005312250830489695,0.013067736666841797,-0.005194175327157602,-0.0011790136802409812,0.005326305528924168,0.9809637613277933
14,0.9333333333333333,P_ecstasy-d4-v4,discovery,0.0040484500004893675,0.0007915548061179223,0.004125106837107463,0.01849185018516719,0.007788717656471711,0.02006520984198526,0.9789466879233852
14,0.9333333333333333,P_ecstasy-d5-v1,confirmation,-0.003109848402701232,-0.003483790246255225,0.0046698984536803845,0.007344705045756239,0.003242276724473747,0.008028514841938164,-0.9104879302604881
14,0.9333333333333333,P_ecstasy-d5-v2,confirmation,-0.00386663134715004,-0.0017399952928780493,0.004240096884978114,0.0005046799613221964,0.00037247628083836304,0.0006272483105974481,-0.9774118596164988
14,0.9333333333333333,P_ecstasy-d5-v3,discovery,0.02642296156126278,0.010518919696245632,0.02843977090702446,0.015697083154774916,0.009543472536446718,0.018370527690347686,0.9860214325014157
14,0.9333333333333333,P_ecstasy-d5-v4,confirmation,0.0013134950198869788,-0.0006976687792477065,0.0014872830573918604,-0.0047051978677497,-0.003733315880456445,0.006006374483658558,-0.4002646797571071
14,0.9333333333333333,P_ecstasy-d6-v1,confirmation,0.007684792655274109,0.004169957543611602,0.008743259350498429,0.002321471990103241,0.003069000733227245,0.0038481161236874426,0.9106126700989811
14,0.9333333333333333,P_ecstasy-d6-v2,confirmation,0.01518773475390045,0.0061990812577938925,0.016404142629091196,0.020580520707983663,0.009173011330515735,0.02253224288617346,0.9994957178739265
14,0.9333333333333333,P_ecstasy-d6-v3,confirmation,0.00023944339232695455,0.0007007622855956797,0.000740540963784125,0.0003977356564508483,-0.0010018566797613815,0.0010779195049700542,
14,0.9333333333333333,P_ecstasy-d6-v4,discovery,-0.005546037489644107,-0.0035034028639113757,0.006559905751106515,0.005313477793436938,0.0024238312776785342,0.005840205846029764,-0.9908435278684373
14,0.9333333333333333,P_loathing-d4-v1,confirmation,-0.004466354296207342,0.001282869938620479,0.004646942648523424,0.009415596404781734,0.004588037442109005,0.010473945924432342,-0.7430897318558709
14,0.9333333333333333,P_loathing-d4-v2,discovery,-0.004287315744361919,-0.004931886776910588,0.006534874403698904,0.0019918994364678255,0.0018634676962276941,0.0027276684585713475,-0.9946896246046416
14,0.9333333333333333,P_loathing-d4-v3,discovery,0.01929751403200708,0.012614123461366589,0.023054504083022676,0.02625741075552046,0.012372924815823083,0.029026554877941202,0.9904116213178661
14,0.9333333333333333,P_loathing-d4-v4,discovery,0.002193218929370744,0.0065778931405056085,0.0069338941036088,0.009886732443883162,0.005953105441001139,0.011540664747258247,0.7603265648031258
14,0.9333333333333333,P_loathing-d5-v1,discovery,0.003694384010065832,0.0024727236665906815,0.004445541085756352,0.011666745031844172,0.006509720815446762,0.013359992692105842,0.9967298945410386
14,0.9333333333333333,P_loathing-d5-v2,confirmation,-0.0009889387045349807,0.00026225382597022673,0.0010231211221372314,0.014546525675539712,0.0052023609754248135,0.01544881772006386,-0.8238183937003352
14,0.9333333333333333,P_loathing-d5-v3,discovery,-0.0038133345319595335,-0.0021995075093990124,0.0044021987161573795,-0.0010153916809301222,-0.0005726886468551129,0.001165758359154606,0.9999534651178471
14,0.9333333333333333,P_loathing-d5-v4,discovery,0.015015491122582603,0.006369691400527344,0.01631066958129889,-0.020165266353222577,-0.005446761418144597,0.02088791940434947,-0.9905769811691729
14,0.9333333333333333,P_loathing-d6-v1,discovery,-0.0017060429815005662,-0.0010898535051886427,0.0020244414828538048,0.004317258953729031,0.0018495814033703262,0.004696772960368303,-0.9866285937790147
14,0.9333333333333333,P_loathing-d6-v2,confirmation,-0.005551075716717868,-0.0024564766008756678,0.006070314563791934,-0.012970540546787479,-0.004056763930921026,0.013590152893440156,0.9935669430807887
14,0.9333333333333333,P_loathing-d6-v3,discovery,0.005949201666267001,0.005200841056115735,0.007902009121539476,-0.001500275163549336,0.0017764043030634724,0.0023251747922049663,0.017054781877319698
14,0.9333333333333333,P_loathing-d6-v4,confirmation,0.0164595824713194,0.01086041495692136,0.019719697466408708,0.009538728075908942,0.008280708251057423,0.01263160569544759,0.9913444090085789
14,0.9333333333333333,P_amazement-d4-v1,confirmation,0.008889356077898647,0.002835693032062103,0.00933069163844563,-0.0024745012544795664,-0.001876802475330841,0.0031057276103723134,-0.9427222522073433
14,0.9333333333333333,P_amazement-d4-v2,confirmation,0.01607112203355232,0.008944338260502782,0.01839244818765639,0.007097088727777479,0.004283764573095983,0.00828971093148961,0.9993804578530349
14,0.9333333333333333,P_amazement-d4-v3,discovery,0.02323217202606731,0.010384901394668411,0.025447593089048134,0.012446618583623614,0.005664679667154449,0.013675046979724704,0.9999772780812071
14,0.9333333333333333,P_amazement-d4-v4,discovery,-0.006991466183288608,-0.0020360316404657297,0.007281897021590305,-0.0041599883354876965,-0.0014000720647322495,0.004389271549794718,0.9991485375759168
14,0.9333333333333333,P_amazement-d5-v1,discovery,-0.0003793419885349536,0.0026834348348581116,0.0027101149158653094,0.00047166812921761725,-0.0003453499387124914,0.0005845831029788395,-0.697883219252711
14,0.9333333333333333,P_amazement-d5-v2,confirmation,-0.0013772064454471433,-0.00022027292748294514,0.0013947106352082722,0.00925929448917806,0.0035488041008786553,0.009916075079573388,-0.9785691491568437
14,0.9333333333333333,P_amazement-d5-v3,discovery,0.0036443142182163157,0.0009908911509901586,0.003776624338507101,-0.0022379237755822956,0.0003624339313765823,0.0022670820849562557,-0.910609681651696
14,0.9333333333333333,P_amazement-d5-v4,confirmation,-0.002265709925282522,-0.0030164963250483012,0.0037726239601308846,0.004318980027685271,-0.00012084025124581288,0.004320670184805294,-0.5779686648751811
14,0.9333333333333333,P_amazement-d6-v1,confirmation,-0.015404708676474144,-0.008465113995945295,0.017577349184999046,-0.006918333437366808,-0.002891220653241877,0.007498166070201434,0.9943211552564972
14,0.9333333333333333,P_amazement-d6-v2,discovery,0.00042481183264175826,0.0013162304363811828,0.001383086278873682,-8.396612178929175e-05,-0.001092436644607897,0.0010956587662637007,-0.972401543038022
14,0.9333333333333333,P_amazement-d6-v3,discovery,0.013372957597315605,0.007524424929167495,0.01534447670708514,0.001803789720618898,0.002180646189138269,0.0028299956110237443,0.9333401737410716
14,0.9333333333333333,P_amazement-d6-v4,confirmation,0.004493905927138719,0.0028393141617630846,0.005315721530626009,0.005180396441223145,0.0029798229400901377,0.005976274093657758,0.9991393557249895
14,0.9333333333333333,P_admiration-d4-v1,discovery,0.0063740045801985445,0.002349641479102438,0.006793287088642045,-0.006331764310864241,-0.002327656377778542,0.00674605243837811,-0.9999996020669587
14,0.9333333333333333,P_admiration-d4-v2,discovery,0.0146340507211411,0.005624522705796053,0.015677713359318245,0.001311844957339936,-8.681093665163786e-05,0.0013147141631626826,0.907704112189782
14,0.9333333333333333,P_admiration-d4-v3,discovery,-0.004394722728387812,-0.003305064452395534,0.0054988215913863775,0.021981650347844273,0.01163386034173719,0.0248704575443623,-0.9875379160406907
14,0.9333333333333333,P_admiration-d4-v4,discovery,0.01682094994665917,0.007116390357976954,0.018264374307244157,0.0030350760573010227,0.0009329221073333116,0.003175221304405907,0.9948006166159016
14,0.9333333333333333,P_admiration-d5-v1,confirmation,0.011056487484722766,0.005955530338107806,0.012558433704405722,0.006779333415236177,-0.000613388262100667,0.006807026275476001,0.8340886944076814
14,0.9333333333333333,P_admiration-d5-v2,discovery,0.0056955703647618705,0.0052930907335184685,0.007775366955534172,0.01573271843599633,0.006540738888668685,0.017038183430051503,0.937721046943352
14,0.9333333333333333,P_admiration-d5-v3,confirmation,0.025130626216485652,0.011598034414787683,0.027677839083268683,0.009456320879877467,0.0036352856343211393,0.010131007167419643,0.9978639677154946
14,0.9333333333333333,P_admiration-d5-v4,discovery,0.0065692814381863585,0.003948474303981264,0.007664587917383436,0.01849683764364496,0.007864372055084168,0.020099287316622697,0.9903308996728527
14,0.9333333333333333,P_admiration-d6-v1,confirmation,-0.0009392651771049643,-0.0014224731755740905,0.0017045964355676265,-0.0072549754309938486,-0.0025444891935788583,0.007688243867136628,0.7961489731322147
14,0.9333333333333333,P_admiration-d6-v2,confirmation,0.017891922361040535,0.009601352887075087,0.0203053407515276,0.004341437841752338,-0.00019504571646944413,0.004345816996297966,0.8590337213363459
14,0.9333333333333333,P_admiration-d6-v3,confirmation,-0.02240186768789254,-0.007344511240890306,0.023575103844382276,0.005479713826808563,0.003319231400993772,0.006406602899904131,-0.9741626915966699
14,0.9333333333333333,P_admiration-d6-v4,confirmation,0.0035852516611196705,0.00276330782286216,0.004526577028777105,0.007196984288207364,0.0029062996046422818,0.007761646747736433,0.9630072589291665
14,0.9333333333333333,P_vigilance-d4-v1,discovery,-0.004296865632156255,-0.002864843960332486,0.005164337825690637,0.008490914857957499,0.0019783920291045476,0.00871835249034517,-0.936203361949631
14,0.9333333333333333,P_vigilance-d4-v2,confirmation,0.010596162333059489,0.0043520159021834814,0.011455073050897869,-0.006748573931269597,-0.001500911864956933,0.006913464148470005,-0.9854375810055819
14,0.9333333333333333,P_vigilance-d4-v3,discovery,-0.0044896909907317095,0.0005317659389829643,0.004521072904313744,0.005907581211066937,-0.0012204072704600222,0.006032322079526488,-0.9963192778276793
14,0.9333333333333333,P_vigilance-d4-v4,discovery,0.004049553911791293,0.0040896693775733794,0.005755369884061804,-0.015362162676308522,-0.005872300186255508,0.01644627470191542,-0.9109526610432259
14,0.9333333333333333,P_vigilance-d5-v1,discovery,-0.013582450832522852,-0.0047668157673665945,0.014394634527417342,0.0056745035766399,0.004212770774834507,0.007067349463738068,-0.9550117115834357
14,0.9333333333333333,P_vigilance-d5-v2,confirmation,0.021433538867440483,0.010446661620767017,0.023843853031775053,0.017556463002776024,0.008862368428080636,0.019666493518746136,0.9999025753762933
14,0.9333333333333333,P_vigilance-d5-v3,confirmation,-0.007998449467633506,-0.004153973468186578,0.009012806969012747,0.000636411181048846,0.0003215199625694609,0.0007130177260732404,-0.9999372788576961
14,0.9333333333333333,P_vigilance-d5-v4,confirmation,-0.0037402906525905166,-0.001990479743348317,0.00423695454006011,0.005024380896617053,0.0008858540712335383,0.005101876206829349,-0.950940156133062
14,0.9333333333333333,P_vigilance-d6-v1,discovery,-0.0035556212988918645,-0.0023071603240145677,0.004238564802128248,-0.012599013411687565,-0.009467811947631688,0.015759904886248535,0.9976302530392893
14,0.9333333333333333,P_vigilance-d6-v2,discovery,-0.02341003836607758,-0.012652185298002827,0.02661029291676856,0.001730113853323001,-0.0010965157950497684,0.0020483263495482814,-0.4885413541979189
14,0.9333333333333333,P_vigilance-d6-v3,discovery,0.018276000024821215,0.006219199368360684,0.019305196649883755,0.0063891200496786205,0.002624265594393549,0.006907070646744759,0.9980953689287004
14,0.9333333333333333,P_vigilance-d6-v4,discovery,-0.012694865690479062,-0.0034382238252090858,0.013152224069393658,-0.0068984429194265395,-0.0013413307267540198,0.007027637073093674,0.9973768436832309
15,1.0,P_rage-d1-v1,discovery,0.0,0.0,0.0,0.0,0.0,0.0,
15,1.0,P_rage-d1-v2,confirmation,0.0,0.0,0.0,0.0,0.0,0.0,
15,1.0,P_rage-d1-v3,discovery,0.0,0.0,0.0,0.0,0.0,0.0,
15,1.0,P_rage-d1-v4,discovery,0.0,0.0,0.0,0.0,0.0,0.0,
15,1.0,P_rage-d2-v1,discovery,0.0,0.0,0.0,0.0,0.0,0.0,
15,1.0,P_rage-d2-v2,discovery,0.0,0.0,0.0,0.0,0.0,0.0,
15,1.0,P_rage-d2-v3,confirmation,0.0,0.0,0.0,0.0,0.0,0.0,
15,1.0,P_rage-d2-v4,discovery,0.0,0.0,0.0,0.0,0.0,0.0,
15,1.0,P_rage-d3-v1,discovery,0.0,0.0,0.0,0.0,0.0,0.0,
15,1.0,P_rage-d3-v2,discovery,0.0,0.0,0.0,0.0,0.0,0.0,
15,1.0,P_rage-d3-v3,confirmation,0.0,0.0,0.0,0.0,0.0,0.0,
15,1.0,P_rage-d3-v4,confirmation,0.0,0.0,0.0,0.0,0.0,0.0,
15,1.0,P_grief-d1-v1,discovery,0.0,0.0,0.0,0.0,0.0,0.0,
15,1.0,P_grief-d1-v2,discovery,0.0,0.0,0.0,0.0,0.0,0.0,
15,1.0,P_grief-d1-v3,confirmation,0.0,0.0,0.0,0.0,0.0,0.0,
15,1.0,P_grief-d1-v4,confirmation,0.0,0.0,0.0,0.0,0.0,0.0,
15,1.0,P_grief-d2-v1,confirmation,0.0,0.0,0.0,0.0,0.0,0.0,
15,1.0,P_grief-d2-v2,confirmation,0.0,0.0,0.0,0.0,0.0,0.0,
15,1.0,P_grief-d2-v3,confirmation,0.0,0.0,0.0,0.0,0.0,0.0,
15,1.0,P_grief-d2-v4,confirmation,0.0,0.0,0.0,0.0,0.0,0.0,
15,1.0,P_grief-d3-v1,discovery,0.0,0.0,0.0,0.0,0.0,0.0,
15,1.0,P_grief-d3-v2,confirmation,0.0,0.0,0.0,0.0,0.0,0.0,
15,1.0,P_grief-d3-v3,confirmation,0.0,0.0,0.0,0.0,0.0,0.0,
15,1.0,P_grief-d3-v4,confirmation,0.0,0.0,0.0,0.0,0.0,0.0,
15,1.0,P_terror-d1-v1,discovery,0.0,0.0,0.0,0.0,0.0,0.0,
15,1.0,P_terror-d1-v2,discovery,0.0,0.0,0.0,0.0,0.0,0.0,
15,1.0,P_terror-d1-v3,confirmation,0.0,0.0,0.0,0.0,0.0,0.0,
15,1.0,P_terror-d1-v4,discovery,0.0,0.0,0.0,0.0,0.0,0.0,
15,1.0,P_terror-d2-v1,discovery,0.0,0.0,0.0,0.0,0.0,0.0,
15,1.0,P_terror-d2-v2,discovery,0.0,0.0,0.0,0.0,0.0,0.0,
15,1.0,P_terror-d2-v3,confirmation,0.0,0.0,0.0,0.0,0.0,0.0,
15,1.0,P_terror-d2-v4,confirmation,0.0,0.0,0.0,0.0,0.0,0.0,
15,1.0,P_terror-d3-v1,discovery,0.0,0.0,0.0,0.0,0.0,0.0,
15,1.0,P_terror-d3-v2,discovery,0.0,0.0,0.0,0.0,0.0,0.0,
15,1.0,P_terror-d3-v3,confirmation,0.0,0.0,0.0,0.0,0.0,0.0,
15,1.0,P_terror-d3-v4,confirmation,0.0,0.0,0.0,0.0,0.0,0.0,
15,1.0,P_ecstasy-d1-v1,confirmation,0.0,0.0,0.0,0.0,0.0,0.0,
15,1.0,P_ecstasy-d1-v2,discovery,0.0,0.0,0.0,0.0,0.0,0.0,
15,1.0,P_ecstasy-d1-v3,discovery,0.0,0.0,0.0,0.0,0.0,0.0,
15,1.0,P_ecstasy-d1-v4,discovery,0.0,0.0,0.0,0.0,0.0,0.0,
15,1.0,P_ecstasy-d2-v1,confirmation,0.0,0.0,0.0,0.0,0.0,0.0,
15,1.0,P_ecstasy-d2-v2,confirmation,0.0,0.0,0.0,0.0,0.0,0.0,
15,1.0,P_ecstasy-d2-v3,confirmation,0.0,0.0,0.0,0.0,0.0,0.0,
15,1.0,P_ecstasy-d2-v4,confirmation,0.0,0.0,0.0,0.0,0.0,0.0,
15,1.0,P_ecstasy-d3-v1,confirmation,0.0,0.0,0.0,0.0,0.0,0.0,
15,1.0,P_ecstasy-d3-v2,discovery,0.0,0.0,0.0,0.0,0.0,0.0,
15,1.0,P_ecstasy-d3-v3,discovery,0.0,0.0,0.0,0.0,0.0,0.0,
15,1.0,P_ecstasy-d3-v4,confirmation,0.0,0.0,0.0,0.0,0.0,0.0,
15,1.0,P_loathing-d1-v1,discovery,0.0,0.0,0.0,0.0,0.0,0.0,
15,1.0,P_loathing-d1-v2,confirmation,0.0,0.0,0.0,0.0,0.0,0.0,
15,1.0,P_loathing-d1-v3,discovery,0.0,0.0,0.0,0.0,0.0,0.0,
15,1.0,P_loathing-d1-v4,discovery,0.0,0.0,0.0,0.0,0.0,0.0,
15,1.0,P_loathing-d2-v1,discovery,0.0,0.0,0.0,0.0,0.0,0.0,
15,1.0,P_loathing-d2-v2,confirmation,0.0,0.0,0.0,0.0,0.0,0.0,
15,1.0,P_loathing-d2-v3,discovery,0.0,0.0,0.0,0.0,0.0,0.0,
15,1.0,P_loathing-d2-v4,discovery,0.0,0.0,0.0,0.0,0.0,0.0,
15,1.0,P_loathing-d3-v1,discovery,0.0,0.0,0.0,0.0,0.0,0.0,
15,1.0,P_loathing-d3-v2,confirmation,0.0,0.0,0.0,0.0,0.0,0.0,
15,1.0,P_loathing-d3-v3,confirmation,0.0,0.0,0.0,0.0,0.0,0.0,
15,1.0,P_loathing-d3-v4,confirmation,0.0,0.0,0.0,0.0,0.0,0.0,
15,1.0,P_amazement-d1-v1,confirmation,0.0,0.0,0.0,0.0,0.0,0.0,
15,1.0,P_amazement-d1-v2,confirmation,0.0,0.0,0.0,0.0,0.0,0.0,
15,1.0,P_amazement-d1-v3,discovery,0.0,0.0,0.0,0.0,0.0,0.0,
15,1.0,P_amazement-d1-v4,confirmation,0.0,0.0,0.0,0.0,0.0,0.0,
15,1.0,P_amazement-d2-v1,confirmation,0.0,0.0,0.0,0.0,0.0,0.0,
15,1.0,P_amazement-d2-v2,confirmation,0.0,0.0,0.0,0.0,0.0,0.0,
15,1.0,P_amazement-d2-v3,discovery,0.0,0.0,0.0,0.0,0.0,0.0,
15,1.0,P_amazement-d2-v4,discovery,0.0,0.0,0.0,0.0,0.0,0.0,
15,1.0,P_amazement-d3-v1,discovery,0.0,0.0,0.0,0.0,0.0,0.0,
15,1.0,P_amazement-d3-v2,confirmation,0.0,0.0,0.0,0.0,0.0,0.0,
15,1.0,P_amazement-d3-v3,discovery,0.0,0.0,0.0,0.0,0.0,0.0,
15,1.0,P_amazement-d3-v4,confirmation,0.0,0.0,0.0,0.0,0.0,0.0,
15,1.0,P_admiration-d1-v1,confirmation,0.0,0.0,0.0,0.0,0.0,0.0,
15,1.0,P_admiration-d1-v2,confirmation,0.0,0.0,0.0,0.0,0.0,0.0,
15,1.0,P_admiration-d1-v3,confirmation,0.0,0.0,0.0,0.0,0.0,0.0,
15,1.0,P_admiration-d1-v4,discovery,0.0,0.0,0.0,0.0,0.0,0.0,
15,1.0,P_admiration-d2-v1,confirmation,0.0,0.0,0.0,0.0,0.0,0.0,
15,1.0,P_admiration-d2-v2,confirmation,0.0,0.0,0.0,0.0,0.0,0.0,
15,1.0,P_admiration-d2-v3,confirmation,0.0,0.0,0.0,0.0,0.0,0.0,
15,1.0,P_admiration-d2-v4,discovery,0.0,0.0,0.0,0.0,0.0,0.0,
15,1.0,P_admiration-d3-v1,discovery,0.0,0.0,0.0,0.0,0.0,0.0,
15,1.0,P_admiration-d3-v2,discovery,0.0,0.0,0.0,0.0,0.0,0.0,
15,1.0,P_admiration-d3-v3,discovery,0.0,0.0,0.0,0.0,0.0,0.0,
15,1.0,P_admiration-d3-v4,discovery,0.0,0.0,0.0,0.0,0.0,0.0,
15,1.0,P_vigilance-d1-v1,discovery,0.0,0.0,0.0,0.0,0.0,0.0,
15,1.0,P_vigilance-d1-v2,discovery,0.0,0.0,0.0,0.0,0.0,0.0,
15,1.0,P_vigilance-d1-v3,discovery,0.0,0.0,0.0,0.0,0.0,0.0,
15,1.0,P_vigilance-d1-v4,confirmation,0.0,0.0,0.0,0.0,0.0,0.0,
15,1.0,P_vigilance-d2-v1,discovery,0.0,0.0,0.0,0.0,0.0,0.0,
15,1.0,P_vigilance-d2-v2,discovery,0.0,0.0,0.0,0.0,0.0,0.0,
15,1.0,P_vigilance-d2-v3,confirmation,0.0,0.0,0.0,0.0,0.0,0.0,
15,1.0,P_vigilance-d2-v4,confirmation,0.0,0.0,0.0,0.0,0.0,0.0,
15,1.0,P_vigilance-d3-v1,discovery,0.0,0.0,0.0,0.0,0.0,0.0,
15,1.0,P_vigilance-d3-v2,confirmation,0.0,0.0,0.0,0.0,0.0,0.0,
15,1.0,P_vigilance-d3-v3,discovery,0.0,0.0,0.0,0.0,0.0,0.0,
15,1.0,P_vigilance-d3-v4,confirmation,0.0,0.0,0.0,0.0,0.0,0.0,
15,1.0,P_rage-d4-v1,confirmation,0.0,0.0,0.0,0.0,0.0,0.0,
15,1.0,P_rage-d4-v2,confirmation,0.0,0.0,0.0,0.0,0.0,0.0,
15,1.0,P_rage-d4-v3,discovery,0.0,0.0,0.0,0.0,0.0,0.0,
15,1.0,P_rage-d4-v4,confirmation,0.0,0.0,0.0,0.0,0.0,0.0,
15,1.0,P_rage-d5-v1,confirmation,0.0,0.0,0.0,0.0,0.0,0.0,
15,1.0,P_rage-d5-v2,discovery,0.0,0.0,0.0,0.0,0.0,0.0,
15,1.0,P_rage-d5-v3,confirmation,0.0,0.0,0.0,0.0,0.0,0.0,
15,1.0,P_rage-d5-v4,discovery,0.0,0.0,0.0,0.0,0.0,0.0,
15,1.0,P_rage-d6-v1,discovery,0.0,0.0,0.0,0.0,0.0,0.0,
15,1.0,P_rage-d6-v2,confirmation,0.0,0.0,0.0,0.0,0.0,0.0,
15,1.0,P_rage-d6-v3,discovery,0.0,0.0,0.0,0.0,0.0,0.0,
15,1.0,P_rage-d6-v4,discovery,0.0,0.0,0.0,0.0,0.0,0.0,
15,1.0,P_grief-d4-v1,discovery,0.0,0.0,0.0,0.0,0.0,0.0,
15,1.0,P_grief-d4-v2,confirmation,0.0,0.0,0.0,0.0,0.0,0.0,
15,1.0,P_grief-d4-v3,confirmation,0.0,0.0,0.0,0.0,0.0,0.0,
15,1.0,P_grief-d4-v4,confirmation,0.0,0.0,0.0,0.0,0.0,0.0,
15,1.0,P_grief-d5-v1,confirmation,0.0,0.0,0.0,0.0,0.0,0.0,
15,1.0,P_grief-d5-v2,confirmation,0.0,0.0,0.0,0.0,0.0,0.0,
15,1.0,P_grief-d5-v3,confirmation,0.0,0.0,0.0,0.0,0.0,0.0,
15,1.0,P_grief-d5-v4,discovery,0.0,0.0,0.0,0.0,0.0,0.0,
15,1.0,P_grief-d6-v1,confirmation,0.0,0.0,0.0,0.0,0.0,0.0,
15,1.0,P_grief-d6-v2,confirmation,0.0,0.0,0.0,0.0,0.0,0.0,
15,1.0,P_grief-d6-v3,discovery,0.0,0.0,0.0,0.0,0.0,0.0,
15,1.0,P_grief-d6-v4,discovery,0.0,0.0,0.0,0.0,0.0,0.0,
15,1.0,P_terror-d4-v1,confirmation,0.0,0.0,0.0,0.0,0.0,0.0,
15,1.0,P_terror-d4-v2,confirmation,0.0,0.0,0.0,0.0,0.0,0.0,
15,1.0,P_terror-d4-v3,confirmation,0.0,0.0,0.0,0.0,0.0,0.0,
15,1.0,P_terror-d4-v4,discovery,0.0,0.0,0.0,0.0,0.0,0.0,
15,1.0,P_terror-d5-v1,confirmation,0.0,0.0,0.0,0.0,0.0,0.0,
15,1.0,P_terror-d5-v2,confirmation,0.0,0.0,0.0,0.0,0.0,0.0,
15,1.0,P_terror-d5-v3,discovery,0.0,0.0,0.0,0.0,0.0,0.0,
15,1.0,P_terror-d5-v4,discovery,0.0,0.0,0.0,0.0,0.0,0.0,
15,1.0,P_terror-d6-v1,discovery,0.0,0.0,0.0,0.0,0.0,0.0,
15,1.0,P_terror-d6-v2,confirmation,0.0,0.0,0.0,0.0,0.0,0.0,
15,1.0,P_terror-d6-v3,discovery,0.0,0.0,0.0,0.0,0.0,0.0,
15,1.0,P_terror-d6-v4,discovery,0.0,0.0,0.0,0.0,0.0,0.0,
15,1.0,P_ecstasy-d4-v1,confirmation,0.0,0.0,0.0,0.0,0.0,0.0,
15,1.0,P_ecstasy-d4-v2,discovery,0.0,0.0,0.0,0.0,0.0,0.0,
15,1.0,P_ecstasy-d4-v3,confirmation,0.0,0.0,0.0,0.0,0.0,0.0,
15,1.0,P_ecstasy-d4-v4,discovery,0.0,0.0,0.0,0.0,0.0,0.0,
15,1.0,P_ecstasy-d5-v1,confirmation,0.0,0.0,0.0,0.0,0.0,0.0,
15,1.0,P_ecstasy-d5-v2,confirmation,0.0,0.0,0.0,0.0,0.0,0.0,
15,1.0,P_ecstasy-d5-v3,discovery,0.0,0.0,0.0,0.0,0.0,0.0,
15,1.0,P_ecstasy-d5-v4,confirmation,0.0,0.0,0.0,0.0,0.0,0.0,
15,1.0,P_ecstasy-d6-v1,confirmation,0.0,0.0,0.0,0.0,0.0,0.0,
15,1.0,P_ecstasy-d6-v2,confirmation,0.0,0.0,0.0,0.0,0.0,0.0,
15,1.0,P_ecstasy-d6-v3,confirmation,0.0,0.0,0.0,0.0,0.0,0.0,
15,1.0,P_ecstasy-d6-v4,discovery,0.0,0.0,0.0,0.0,0.0,0.0,
15,1.0,P_loathing-d4-v1,confirmation,0.0,0.0,0.0,0.0,0.0,0.0,
15,1.0,P_loathing-d4-v2,discovery,0.0,0.0,0.0,0.0,0.0,0.0,
15,1.0,P_loathing-d4-v3,discovery,0.0,0.0,0.0,0.0,0.0,0.0,
15,1.0,P_loathing-d4-v4,discovery,0.0,0.0,0.0,0.0,0.0,0.0,
15,1.0,P_loathing-d5-v1,discovery,0.0,0.0,0.0,0.0,0.0,0.0,
15,1.0,P_loathing-d5-v2,confirmation,0.0,0.0,0.0,0.0,0.0,0.0,
15,1.0,P_loathing-d5-v3,discovery,0.0,0.0,0.0,0.0,0.0,0.0,
15,1.0,P_loathing-d5-v4,discovery,0.0,0.0,0.0,0.0,0.0,0.0,
15,1.0,P_loathing-d6-v1,discovery,0.0,0.0,0.0,0.0,0.0,0.0,
15,1.0,P_loathing-d6-v2,confirmation,0.0,0.0,0.0,0.0,0.0,0.0,
15,1.0,P_loathing-d6-v3,discovery,0.0,0.0,0.0,0.0,0.0,0.0,
15,1.0,P_loathing-d6-v4,confirmation,0.0,0.0,0.0,0.0,0.0,0.0,
15,1.0,P_amazement-d4-v1,confirmation,0.0,0.0,0.0,0.0,0.0,0.0,
15,1.0,P_amazement-d4-v2,confirmation,0.0,0.0,0.0,0.0,0.0,0.0,
15,1.0,P_amazement-d4-v3,discovery,0.0,0.0,0.0,0.0,0.0,0.0,
15,1.0,P_amazement-d4-v4,discovery,0.0,0.0,0.0,0.0,0.0,0.0,
15,1.0,P_amazement-d5-v1,discovery,0.0,0.0,0.0,0.0,0.0,0.0,
15,1.0,P_amazement-d5-v2,confirmation,0.0,0.0,0.0,0.0,0.0,0.0,
15,1.0,P_amazement-d5-v3,discovery,0.0,0.0,0.0,0.0,0.0,0.0,
15,1.0,P_amazement-d5-v4,confirmation,0.0,0.0,0.0,0.0,0.0,0.0,
15,1.0,P_amazement-d6-v1,confirmation,0.0,0.0,0.0,0.0,0.0,0.0,
15,1.0,P_amazement-d6-v2,discovery,0.0,0.0,0.0,0.0,0.0,0.0,
15,1.0,P_amazement-d6-v3,discovery,0.0,0.0,0.0,0.0,0.0,0.0,
15,1.0,P_amazement-d6-v4,confirmation,0.0,0.0,0.0,0.0,0.0,0.0,
15,1.0,P_admiration-d4-v1,discovery,0.0,0.0,0.0,0.0,0.0,0.0,
15,1.0,P_admiration-d4-v2,discovery,0.0,0.0,0.0,0.0,0.0,0.0,
15,1.0,P_admiration-d4-v3,discovery,0.0,0.0,0.0,0.0,0.0,0.0,
15,1.0,P_admiration-d4-v4,discovery,0.0,0.0,0.0,0.0,0.0,0.0,
15,1.0,P_admiration-d5-v1,confirmation,0.0,0.0,0.0,0.0,0.0,0.0,
15,1.0,P_admiration-d5-v2,discovery,0.0,0.0,0.0,0.0,0.0,0.0,
15,1.0,P_admiration-d5-v3,confirmation,0.0,0.0,0.0,0.0,0.0,0.0,
15,1.0,P_admiration-d5-v4,discovery,0.0,0.0,0.0,0.0,0.0,0.0,
15,1.0,P_admiration-d6-v1,confirmation,0.0,0.0,0.0,0.0,0.0,0.0,
15,1.0,P_admiration-d6-v2,confirmation,0.0,0.0,0.0,0.0,0.0,0.0,
15,1.0,P_admiration-d6-v3,confirmation,0.0,0.0,0.0,0.0,0.0,0.0,
15,1.0,P_admiration-d6-v4,confirmation,0.0,0.0,0.0,0.0,0.0,0.0,
15,1.0,P_vigilance-d4-v1,discovery,0.0,0.0,0.0,0.0,0.0,0.0,
15,1.0,P_vigilance-d4-v2,confirmation,0.0,0.0,0.0,0.0,0.0,0.0,
15,1.0,P_vigilance-d4-v3,discovery,0.0,0.0,0.0,0.0,0.0,0.0,
15,1.0,P_vigilance-d4-v4,discovery,0.0,0.0,0.0,0.0,0.0,0.0,
15,1.0,P_vigilance-d5-v1,discovery,0.0,0.0,0.0,0.0,0.0,0.0,
15,1.0,P_vigilance-d5-v2,confirmation,0.0,0.0,0.0,0.0,0.0,0.0,
15,1.0,P_vigilance-d5-v3,confirmation,0.0,0.0,0.0,0.0,0.0,0.0,
15,1.0,P_vigilance-d5-v4,confirmation,0.0,0.0,0.0,0.0,0.0,0.0,
15,1.0,P_vigilance-d6-v1,discovery,0.0,0.0,0.0,0.0,0.0,0.0,
15,1.0,P_vigilance-d6-v2,discovery,0.0,0.0,0.0,0.0,0.0,0.0,
15,1.0,P_vigilance-d6-v3,discovery,0.0,0.0,0.0,0.0,0.0,0.0,
15,1.0,P_vigilance-d6-v4,discovery,0.0,0.0,0.0,0.0,0.0,0.0,
