stage,rq,family,alignment,task,axis,condition,metric,estimate,value_text,ci_low,ci_high,p,q,n,is_primary,analysis_role,source_artifact,source_key
behavioral,rq1_emobank_correspondence,gemma,base,writer,valence,emobank_human_grounding,pearson_r,-0.0219096381572053,,,,0.4888995802252244,,1000,False,secondary,behavioral/results/derived/emobank_3way_summary/behavioral_emobank_metrics.csv,r_continuous
behavioral,rq1_emobank_correspondence,gemma,base,writer,valence,emobank_human_grounding,spearman_rho,-0.0231830734567835,,,,,,1000,False,secondary,behavioral/results/derived/emobank_3way_summary/behavioral_emobank_metrics.csv,rho_continuous
behavioral,rq1_emobank_correspondence,gemma,base,writer,valence,emobank_human_grounding,mae,1.9628756384842363,,,,,,1000,False,secondary,behavioral/results/derived/emobank_3way_summary/behavioral_emobank_metrics.csv,mae
behavioral,rq1_emobank_correspondence,gemma,base,writer,arousal,emobank_human_grounding,pearson_r,0.0288115519407773,,,,0.3627430500648882,,1000,False,secondary,behavioral/results/derived/emobank_3way_summary/behavioral_emobank_metrics.csv,r_continuous
behavioral,rq1_emobank_correspondence,gemma,base,writer,arousal,emobank_human_grounding,spearman_rho,0.0333056256135872,,,,,,1000,False,secondary,behavioral/results/derived/emobank_3way_summary/behavioral_emobank_metrics.csv,rho_continuous
behavioral,rq1_emobank_correspondence,gemma,base,writer,arousal,emobank_human_grounding,mae,1.9523818092941012,,,,,,1000,False,secondary,behavioral/results/derived/emobank_3way_summary/behavioral_emobank_metrics.csv,mae
behavioral,rq1_emobank_correspondence,gemma,base,writer,dominance,emobank_human_grounding,pearson_r,0.0552311486055202,,,,0.0808612825532104,,1000,False,secondary,behavioral/results/derived/emobank_3way_summary/behavioral_emobank_metrics.csv,r_continuous
behavioral,rq1_emobank_correspondence,gemma,base,writer,dominance,emobank_human_grounding,spearman_rho,0.0424399813721707,,,,,,1000,False,secondary,behavioral/results/derived/emobank_3way_summary/behavioral_emobank_metrics.csv,rho_continuous
behavioral,rq1_emobank_correspondence,gemma,base,writer,dominance,emobank_human_grounding,mae,1.8598907801184783,,,,,,1000,False,secondary,behavioral/results/derived/emobank_3way_summary/behavioral_emobank_metrics.csv,mae
behavioral,rq1_emobank_correspondence,gemma,base,reader,valence,emobank_human_grounding,mae,1.9527545446974863,,,,,,1000,False,secondary,behavioral/results/derived/emobank_3way_summary/behavioral_emobank_metrics.csv,mae
behavioral,rq1_emobank_correspondence,gemma,base,reader,arousal,emobank_human_grounding,mae,1.920278007515439,,,,,,1000,False,secondary,behavioral/results/derived/emobank_3way_summary/behavioral_emobank_metrics.csv,mae
behavioral,rq1_emobank_correspondence,gemma,base,reader,dominance,emobank_human_grounding,pearson_r,0.0495482841227966,,,,0.1173822269955079,,1000,False,secondary,behavioral/results/derived/emobank_3way_summary/behavioral_emobank_metrics.csv,r_continuous
behavioral,rq1_emobank_correspondence,gemma,base,reader,dominance,emobank_human_grounding,spearman_rho,0.0497188411111475,,,,,,1000,False,secondary,behavioral/results/derived/emobank_3way_summary/behavioral_emobank_metrics.csv,rho_continuous
behavioral,rq1_emobank_correspondence,gemma,base,reader,dominance,emobank_human_grounding,mae,1.9194781667425165,,,,,,1000,False,secondary,behavioral/results/derived/emobank_3way_summary/behavioral_emobank_metrics.csv,mae
behavioral,rq1_emobank_correspondence,gemma,base,self,valence,emobank_human_grounding,mae,1.9676816813353724,,,,,,1000,False,secondary,behavioral/results/derived/emobank_3way_summary/behavioral_emobank_metrics.csv,mae
behavioral,rq1_emobank_correspondence,gemma,base,self,arousal,emobank_human_grounding,mae,1.933833561750629,,,,,,1000,False,secondary,behavioral/results/derived/emobank_3way_summary/behavioral_emobank_metrics.csv,mae
behavioral,rq1_emobank_correspondence,gemma,base,self,dominance,emobank_human_grounding,pearson_r,-0.0012948221575817,,,,0.9673798609023662,,1000,False,secondary,behavioral/results/derived/emobank_3way_summary/behavioral_emobank_metrics.csv,r_continuous
behavioral,rq1_emobank_correspondence,gemma,base,self,dominance,emobank_human_grounding,spearman_rho,0.0098661158607268,,,,,,1000,False,secondary,behavioral/results/derived/emobank_3way_summary/behavioral_emobank_metrics.csv,rho_continuous
behavioral,rq1_emobank_correspondence,gemma,base,self,dominance,emobank_human_grounding,mae,1.9202789910896805,,,,,,1000,False,secondary,behavioral/results/derived/emobank_3way_summary/behavioral_emobank_metrics.csv,mae
behavioral,rq1_emobank_correspondence,gemma,instruct,writer,valence,emobank_human_grounding,pearson_r,-0.0152568819628037,,,,0.6298843826212802,,1000,False,secondary,behavioral/results/derived/emobank_3way_summary/behavioral_emobank_metrics.csv,r_continuous
behavioral,rq1_emobank_correspondence,gemma,instruct,writer,valence,emobank_human_grounding,spearman_rho,-0.0470751627486415,,,,,,1000,False,secondary,behavioral/results/derived/emobank_3way_summary/behavioral_emobank_metrics.csv,rho_continuous
behavioral,rq1_emobank_correspondence,gemma,instruct,writer,valence,emobank_human_grounding,mae,2.120503545901257,,,,,,1000,False,secondary,behavioral/results/derived/emobank_3way_summary/behavioral_emobank_metrics.csv,mae
behavioral,rq1_emobank_correspondence,gemma,instruct,writer,arousal,emobank_human_grounding,pearson_r,0.2087759802941504,,,,2.6033081801347524e-11,,1000,False,secondary,behavioral/results/derived/emobank_3way_summary/behavioral_emobank_metrics.csv,r_continuous
behavioral,rq1_emobank_correspondence,gemma,instruct,writer,arousal,emobank_human_grounding,spearman_rho,0.1612623627621022,,,,,,1000,False,secondary,behavioral/results/derived/emobank_3way_summary/behavioral_emobank_metrics.csv,rho_continuous
behavioral,rq1_emobank_correspondence,gemma,instruct,writer,arousal,emobank_human_grounding,mae,1.7834159325282708,,,,,,1000,False,secondary,behavioral/results/derived/emobank_3way_summary/behavioral_emobank_metrics.csv,mae
behavioral,rq1_emobank_correspondence,gemma,instruct,writer,dominance,emobank_human_grounding,pearson_r,0.1347474453209422,,,,1.90905164860336e-05,,1000,False,secondary,behavioral/results/derived/emobank_3way_summary/behavioral_emobank_metrics.csv,r_continuous
behavioral,rq1_emobank_correspondence,gemma,instruct,writer,dominance,emobank_human_grounding,spearman_rho,0.1548553844314953,,,,,,1000,False,secondary,behavioral/results/derived/emobank_3way_summary/behavioral_emobank_metrics.csv,rho_continuous
behavioral,rq1_emobank_correspondence,gemma,instruct,writer,dominance,emobank_human_grounding,mae,1.7788779891043762,,,,,,1000,False,secondary,behavioral/results/derived/emobank_3way_summary/behavioral_emobank_metrics.csv,mae
behavioral,rq1_emobank_correspondence,gemma,instruct,reader,valence,emobank_human_grounding,mae,2.2202222383087147,,,,,,1000,False,secondary,behavioral/results/derived/emobank_3way_summary/behavioral_emobank_metrics.csv,mae
behavioral,rq1_emobank_correspondence,gemma,instruct,reader,arousal,emobank_human_grounding,mae,1.8094837935007904,,,,,,1000,False,secondary,behavioral/results/derived/emobank_3way_summary/behavioral_emobank_metrics.csv,mae
behavioral,rq1_emobank_correspondence,gemma,instruct,reader,dominance,emobank_human_grounding,pearson_r,0.1661132854382144,,,,1.2698870794917696e-07,,1000,False,secondary,behavioral/results/derived/emobank_3way_summary/behavioral_emobank_metrics.csv,r_continuous
behavioral,rq1_emobank_correspondence,gemma,instruct,reader,dominance,emobank_human_grounding,spearman_rho,0.1721673802744716,,,,,,1000,False,secondary,behavioral/results/derived/emobank_3way_summary/behavioral_emobank_metrics.csv,rho_continuous
behavioral,rq1_emobank_correspondence,gemma,instruct,reader,dominance,emobank_human_grounding,mae,1.845932094032389,,,,,,1000,False,secondary,behavioral/results/derived/emobank_3way_summary/behavioral_emobank_metrics.csv,mae
behavioral,rq1_emobank_correspondence,gemma,instruct,self,valence,emobank_human_grounding,mae,1.9815312226764927,,,,,,1000,False,secondary,behavioral/results/derived/emobank_3way_summary/behavioral_emobank_metrics.csv,mae
behavioral,rq1_emobank_correspondence,gemma,instruct,self,arousal,emobank_human_grounding,mae,1.78160679603205,,,,,,1000,False,secondary,behavioral/results/derived/emobank_3way_summary/behavioral_emobank_metrics.csv,mae
behavioral,rq1_emobank_correspondence,gemma,instruct,self,dominance,emobank_human_grounding,pearson_r,0.1788600225289902,,,,1.2340128919820093e-08,,1000,False,secondary,behavioral/results/derived/emobank_3way_summary/behavioral_emobank_metrics.csv,r_continuous
behavioral,rq1_emobank_correspondence,gemma,instruct,self,dominance,emobank_human_grounding,spearman_rho,0.1809663924131953,,,,,,1000,False,secondary,behavioral/results/derived/emobank_3way_summary/behavioral_emobank_metrics.csv,rho_continuous
behavioral,rq1_emobank_correspondence,gemma,instruct,self,dominance,emobank_human_grounding,mae,1.9151826461964545,,,,,,1000,False,secondary,behavioral/results/derived/emobank_3way_summary/behavioral_emobank_metrics.csv,mae
behavioral,rq1_emobank_correspondence,llama,base,writer,valence,emobank_human_grounding,pearson_r,0.1210977480434254,,,,0.0001236406229186,,1000,False,secondary,behavioral/results/derived/emobank_3way_summary/behavioral_emobank_metrics.csv,r_continuous
behavioral,rq1_emobank_correspondence,llama,base,writer,valence,emobank_human_grounding,spearman_rho,0.1637172495305192,,,,,,1000,False,secondary,behavioral/results/derived/emobank_3way_summary/behavioral_emobank_metrics.csv,rho_continuous
behavioral,rq1_emobank_correspondence,llama,base,writer,valence,emobank_human_grounding,mae,1.974368300214848,,,,,,1000,False,secondary,behavioral/results/derived/emobank_3way_summary/behavioral_emobank_metrics.csv,mae
behavioral,rq1_emobank_correspondence,llama,base,writer,arousal,emobank_human_grounding,pearson_r,-0.0095134988493912,,,,0.7638157951824893,,1000,False,secondary,behavioral/results/derived/emobank_3way_summary/behavioral_emobank_metrics.csv,r_continuous
behavioral,rq1_emobank_correspondence,llama,base,writer,arousal,emobank_human_grounding,spearman_rho,-0.0070187066512578,,,,,,1000,False,secondary,behavioral/results/derived/emobank_3way_summary/behavioral_emobank_metrics.csv,rho_continuous
behavioral,rq1_emobank_correspondence,llama,base,writer,arousal,emobank_human_grounding,mae,1.9571013720999129,,,,,,1000,False,secondary,behavioral/results/derived/emobank_3way_summary/behavioral_emobank_metrics.csv,mae
behavioral,rq1_emobank_correspondence,llama,base,writer,dominance,emobank_human_grounding,pearson_r,-0.0212662397807057,,,,0.5017540655291305,,1000,False,secondary,behavioral/results/derived/emobank_3way_summary/behavioral_emobank_metrics.csv,r_continuous
behavioral,rq1_emobank_correspondence,llama,base,writer,dominance,emobank_human_grounding,spearman_rho,-0.0092437231591039,,,,,,1000,False,secondary,behavioral/results/derived/emobank_3way_summary/behavioral_emobank_metrics.csv,rho_continuous
behavioral,rq1_emobank_correspondence,llama,base,writer,dominance,emobank_human_grounding,mae,1.8686137450850544,,,,,,1000,False,secondary,behavioral/results/derived/emobank_3way_summary/behavioral_emobank_metrics.csv,mae
behavioral,rq1_emobank_correspondence,llama,base,reader,valence,emobank_human_grounding,mae,1.9676120944995752,,,,,,1000,False,secondary,behavioral/results/derived/emobank_3way_summary/behavioral_emobank_metrics.csv,mae
behavioral,rq1_emobank_correspondence,llama,base,reader,arousal,emobank_human_grounding,mae,1.9214156915338896,,,,,,1000,False,secondary,behavioral/results/derived/emobank_3way_summary/behavioral_emobank_metrics.csv,mae
behavioral,rq1_emobank_correspondence,llama,base,reader,dominance,emobank_human_grounding,pearson_r,0.0254740186874259,,,,0.4210030627727024,,1000,False,secondary,behavioral/results/derived/emobank_3way_summary/behavioral_emobank_metrics.csv,r_continuous
behavioral,rq1_emobank_correspondence,llama,base,reader,dominance,emobank_human_grounding,spearman_rho,0.0185704206419266,,,,,,1000,False,secondary,behavioral/results/derived/emobank_3way_summary/behavioral_emobank_metrics.csv,rho_continuous
behavioral,rq1_emobank_correspondence,llama,base,reader,dominance,emobank_human_grounding,mae,1.9114523033179909,,,,,,1000,False,secondary,behavioral/results/derived/emobank_3way_summary/behavioral_emobank_metrics.csv,mae
behavioral,rq1_emobank_correspondence,llama,base,self,valence,emobank_human_grounding,mae,1.970208664410972,,,,,,1000,False,secondary,behavioral/results/derived/emobank_3way_summary/behavioral_emobank_metrics.csv,mae
behavioral,rq1_emobank_correspondence,llama,base,self,arousal,emobank_human_grounding,mae,1.9243292165630368,,,,,,1000,False,secondary,behavioral/results/derived/emobank_3way_summary/behavioral_emobank_metrics.csv,mae
behavioral,rq1_emobank_correspondence,llama,base,self,dominance,emobank_human_grounding,pearson_r,0.0174053258321366,,,,0.582485388408348,,1000,False,secondary,behavioral/results/derived/emobank_3way_summary/behavioral_emobank_metrics.csv,r_continuous
behavioral,rq1_emobank_correspondence,llama,base,self,dominance,emobank_human_grounding,spearman_rho,0.0087298979652594,,,,,,1000,False,secondary,behavioral/results/derived/emobank_3way_summary/behavioral_emobank_metrics.csv,rho_continuous
behavioral,rq1_emobank_correspondence,llama,base,self,dominance,emobank_human_grounding,mae,1.9187443375630235,,,,,,1000,False,secondary,behavioral/results/derived/emobank_3way_summary/behavioral_emobank_metrics.csv,mae
behavioral,rq1_emobank_correspondence,llama,instruct,writer,valence,emobank_human_grounding,pearson_r,0.1744608836825858,,,,2.8133339923741e-08,,1000,False,secondary,behavioral/results/derived/emobank_3way_summary/behavioral_emobank_metrics.csv,r_continuous
behavioral,rq1_emobank_correspondence,llama,instruct,writer,valence,emobank_human_grounding,spearman_rho,0.173349755398031,,,,,,1000,False,secondary,behavioral/results/derived/emobank_3way_summary/behavioral_emobank_metrics.csv,rho_continuous
behavioral,rq1_emobank_correspondence,llama,instruct,writer,valence,emobank_human_grounding,mae,2.099574581862538,,,,,,1000,False,secondary,behavioral/results/derived/emobank_3way_summary/behavioral_emobank_metrics.csv,mae
behavioral,rq1_emobank_correspondence,llama,instruct,writer,arousal,emobank_human_grounding,pearson_r,0.1735167927408301,,,,3.3485755392529796e-08,,1000,False,secondary,behavioral/results/derived/emobank_3way_summary/behavioral_emobank_metrics.csv,r_continuous
behavioral,rq1_emobank_correspondence,llama,instruct,writer,arousal,emobank_human_grounding,spearman_rho,0.1241925606261468,,,,,,1000,False,secondary,behavioral/results/derived/emobank_3way_summary/behavioral_emobank_metrics.csv,rho_continuous
behavioral,rq1_emobank_correspondence,llama,instruct,writer,arousal,emobank_human_grounding,mae,1.8770447030923396,,,,,,1000,False,secondary,behavioral/results/derived/emobank_3way_summary/behavioral_emobank_metrics.csv,mae
behavioral,rq1_emobank_correspondence,llama,instruct,writer,dominance,emobank_human_grounding,pearson_r,0.1457475318473592,,,,3.693741909911707e-06,,1000,False,secondary,behavioral/results/derived/emobank_3way_summary/behavioral_emobank_metrics.csv,r_continuous
behavioral,rq1_emobank_correspondence,llama,instruct,writer,dominance,emobank_human_grounding,spearman_rho,0.1244407816908748,,,,,,1000,False,secondary,behavioral/results/derived/emobank_3way_summary/behavioral_emobank_metrics.csv,rho_continuous
behavioral,rq1_emobank_correspondence,llama,instruct,writer,dominance,emobank_human_grounding,mae,1.8315472668315869,,,,,,1000,False,secondary,behavioral/results/derived/emobank_3way_summary/behavioral_emobank_metrics.csv,mae
behavioral,rq1_emobank_correspondence,llama,instruct,reader,valence,emobank_human_grounding,mae,2.0987543292214457,,,,,,1000,False,secondary,behavioral/results/derived/emobank_3way_summary/behavioral_emobank_metrics.csv,mae
behavioral,rq1_emobank_correspondence,llama,instruct,reader,arousal,emobank_human_grounding,mae,1.8348915332881637,,,,,,1000,False,secondary,behavioral/results/derived/emobank_3way_summary/behavioral_emobank_metrics.csv,mae
behavioral,rq1_emobank_correspondence,llama,instruct,reader,dominance,emobank_human_grounding,pearson_r,0.2161403490015679,,,,4.907510049523606e-12,,1000,False,secondary,behavioral/results/derived/emobank_3way_summary/behavioral_emobank_metrics.csv,r_continuous
behavioral,rq1_emobank_correspondence,llama,instruct,reader,dominance,emobank_human_grounding,spearman_rho,0.1970747361720814,,,,,,1000,False,secondary,behavioral/results/derived/emobank_3way_summary/behavioral_emobank_metrics.csv,rho_continuous
behavioral,rq1_emobank_correspondence,llama,instruct,reader,dominance,emobank_human_grounding,mae,1.8687294372146943,,,,,,1000,False,secondary,behavioral/results/derived/emobank_3way_summary/behavioral_emobank_metrics.csv,mae
behavioral,rq1_emobank_correspondence,llama,instruct,self,valence,emobank_human_grounding,mae,2.0740463156050555,,,,,,1000,False,secondary,behavioral/results/derived/emobank_3way_summary/behavioral_emobank_metrics.csv,mae
behavioral,rq1_emobank_correspondence,llama,instruct,self,arousal,emobank_human_grounding,mae,1.8617647413334983,,,,,,1000,False,secondary,behavioral/results/derived/emobank_3way_summary/behavioral_emobank_metrics.csv,mae
behavioral,rq1_emobank_correspondence,llama,instruct,self,dominance,emobank_human_grounding,pearson_r,0.2542863893513082,,,,3.1936970040214083e-16,,1000,False,secondary,behavioral/results/derived/emobank_3way_summary/behavioral_emobank_metrics.csv,r_continuous
behavioral,rq1_emobank_correspondence,llama,instruct,self,dominance,emobank_human_grounding,spearman_rho,0.2296362776964911,,,,,,1000,False,secondary,behavioral/results/derived/emobank_3way_summary/behavioral_emobank_metrics.csv,rho_continuous
behavioral,rq1_emobank_correspondence,llama,instruct,self,dominance,emobank_human_grounding,mae,1.884469293787853,,,,,,1000,False,secondary,behavioral/results/derived/emobank_3way_summary/behavioral_emobank_metrics.csv,mae
behavioral,rq1_emobank_correspondence,olmo,base,writer,valence,emobank_human_grounding,pearson_r,0.022706470879935,,,,0.4732284539764726,,1000,False,secondary,behavioral/results/derived/emobank_3way_summary/behavioral_emobank_metrics.csv,r_continuous
behavioral,rq1_emobank_correspondence,olmo,base,writer,valence,emobank_human_grounding,spearman_rho,0.0169999835310727,,,,,,1000,False,secondary,behavioral/results/derived/emobank_3way_summary/behavioral_emobank_metrics.csv,rho_continuous
behavioral,rq1_emobank_correspondence,olmo,base,writer,valence,emobank_human_grounding,mae,1.9789060427429963,,,,,,1000,False,secondary,behavioral/results/derived/emobank_3way_summary/behavioral_emobank_metrics.csv,mae
behavioral,rq1_emobank_correspondence,olmo,base,writer,arousal,emobank_human_grounding,pearson_r,-0.0252460149424415,,,,0.4251736580652522,,1000,False,secondary,behavioral/results/derived/emobank_3way_summary/behavioral_emobank_metrics.csv,r_continuous
behavioral,rq1_emobank_correspondence,olmo,base,writer,arousal,emobank_human_grounding,spearman_rho,-0.0581831047821011,,,,,,1000,False,secondary,behavioral/results/derived/emobank_3way_summary/behavioral_emobank_metrics.csv,rho_continuous
behavioral,rq1_emobank_correspondence,olmo,base,writer,arousal,emobank_human_grounding,mae,1.926148918977752,,,,,,1000,False,secondary,behavioral/results/derived/emobank_3way_summary/behavioral_emobank_metrics.csv,mae
behavioral,rq1_emobank_correspondence,olmo,base,writer,dominance,emobank_human_grounding,pearson_r,-0.0115923612814528,,,,0.7142632515951889,,1000,False,secondary,behavioral/results/derived/emobank_3way_summary/behavioral_emobank_metrics.csv,r_continuous
behavioral,rq1_emobank_correspondence,olmo,base,writer,dominance,emobank_human_grounding,spearman_rho,-0.0160462840471468,,,,,,1000,False,secondary,behavioral/results/derived/emobank_3way_summary/behavioral_emobank_metrics.csv,rho_continuous
behavioral,rq1_emobank_correspondence,olmo,base,writer,dominance,emobank_human_grounding,mae,1.8838617986299544,,,,,,1000,False,secondary,behavioral/results/derived/emobank_3way_summary/behavioral_emobank_metrics.csv,mae
behavioral,rq1_emobank_correspondence,olmo,base,reader,valence,emobank_human_grounding,mae,1.9634416114813047,,,,,,1000,False,secondary,behavioral/results/derived/emobank_3way_summary/behavioral_emobank_metrics.csv,mae
behavioral,rq1_emobank_correspondence,olmo,base,reader,arousal,emobank_human_grounding,mae,1.8822616345457472,,,,,,1000,False,secondary,behavioral/results/derived/emobank_3way_summary/behavioral_emobank_metrics.csv,mae
behavioral,rq1_emobank_correspondence,olmo,base,reader,dominance,emobank_human_grounding,pearson_r,0.0386059252652381,,,,0.2225580075706005,,1000,False,secondary,behavioral/results/derived/emobank_3way_summary/behavioral_emobank_metrics.csv,r_continuous
behavioral,rq1_emobank_correspondence,olmo,base,reader,dominance,emobank_human_grounding,spearman_rho,0.0459494052767752,,,,,,1000,False,secondary,behavioral/results/derived/emobank_3way_summary/behavioral_emobank_metrics.csv,rho_continuous
behavioral,rq1_emobank_correspondence,olmo,base,reader,dominance,emobank_human_grounding,mae,1.9245042005025548,,,,,,1000,False,secondary,behavioral/results/derived/emobank_3way_summary/behavioral_emobank_metrics.csv,mae
behavioral,rq1_emobank_correspondence,olmo,base,self,valence,emobank_human_grounding,mae,1.991144344228688,,,,,,1000,False,secondary,behavioral/results/derived/emobank_3way_summary/behavioral_emobank_metrics.csv,mae
behavioral,rq1_emobank_correspondence,olmo,base,self,arousal,emobank_human_grounding,mae,1.9072538845025253,,,,,,1000,False,secondary,behavioral/results/derived/emobank_3way_summary/behavioral_emobank_metrics.csv,mae
behavioral,rq1_emobank_correspondence,olmo,base,self,dominance,emobank_human_grounding,pearson_r,0.0493528586336232,,,,0.1188371904474072,,1000,False,secondary,behavioral/results/derived/emobank_3way_summary/behavioral_emobank_metrics.csv,r_continuous
behavioral,rq1_emobank_correspondence,olmo,base,self,dominance,emobank_human_grounding,spearman_rho,0.0452781658584838,,,,,,1000,False,secondary,behavioral/results/derived/emobank_3way_summary/behavioral_emobank_metrics.csv,rho_continuous
behavioral,rq1_emobank_correspondence,olmo,base,self,dominance,emobank_human_grounding,mae,1.9426042714788327,,,,,,1000,False,secondary,behavioral/results/derived/emobank_3way_summary/behavioral_emobank_metrics.csv,mae
behavioral,rq1_emobank_correspondence,olmo,instruct,writer,valence,emobank_human_grounding,pearson_r,0.3231208323928541,,,,9.828093340707092e-26,,1000,False,secondary,behavioral/results/derived/emobank_3way_summary/behavioral_emobank_metrics.csv,r_continuous
behavioral,rq1_emobank_correspondence,olmo,instruct,writer,valence,emobank_human_grounding,spearman_rho,0.3025266510066662,,,,,,1000,False,secondary,behavioral/results/derived/emobank_3way_summary/behavioral_emobank_metrics.csv,rho_continuous
behavioral,rq1_emobank_correspondence,olmo,instruct,writer,valence,emobank_human_grounding,mae,2.035118554902002,,,,,,1000,False,secondary,behavioral/results/derived/emobank_3way_summary/behavioral_emobank_metrics.csv,mae
behavioral,rq1_emobank_correspondence,olmo,instruct,writer,arousal,emobank_human_grounding,pearson_r,0.0957280110802957,,,,0.0024426157252614,,1000,False,secondary,behavioral/results/derived/emobank_3way_summary/behavioral_emobank_metrics.csv,r_continuous
behavioral,rq1_emobank_correspondence,olmo,instruct,writer,arousal,emobank_human_grounding,spearman_rho,0.069054036552078,,,,,,1000,False,secondary,behavioral/results/derived/emobank_3way_summary/behavioral_emobank_metrics.csv,rho_continuous
behavioral,rq1_emobank_correspondence,olmo,instruct,writer,arousal,emobank_human_grounding,mae,2.119251235895436,,,,,,1000,False,secondary,behavioral/results/derived/emobank_3way_summary/behavioral_emobank_metrics.csv,mae
behavioral,rq1_emobank_correspondence,olmo,instruct,writer,dominance,emobank_human_grounding,pearson_r,-0.0045693728129164,,,,0.8852507195415623,,1000,False,secondary,behavioral/results/derived/emobank_3way_summary/behavioral_emobank_metrics.csv,r_continuous
behavioral,rq1_emobank_correspondence,olmo,instruct,writer,dominance,emobank_human_grounding,spearman_rho,0.0192750309536995,,,,,,1000,False,secondary,behavioral/results/derived/emobank_3way_summary/behavioral_emobank_metrics.csv,rho_continuous
behavioral,rq1_emobank_correspondence,olmo,instruct,writer,dominance,emobank_human_grounding,mae,1.9697604903052812,,,,,,1000,False,secondary,behavioral/results/derived/emobank_3way_summary/behavioral_emobank_metrics.csv,mae
behavioral,rq1_emobank_correspondence,olmo,instruct,reader,valence,emobank_human_grounding,mae,2.043017112789363,,,,,,1000,False,secondary,behavioral/results/derived/emobank_3way_summary/behavioral_emobank_metrics.csv,mae
behavioral,rq1_emobank_correspondence,olmo,instruct,reader,arousal,emobank_human_grounding,mae,2.0746715403381133,,,,,,1000,False,secondary,behavioral/results/derived/emobank_3way_summary/behavioral_emobank_metrics.csv,mae
behavioral,rq1_emobank_correspondence,olmo,instruct,reader,dominance,emobank_human_grounding,pearson_r,0.1036984561112025,,,,0.0010234899438623,,1000,False,secondary,behavioral/results/derived/emobank_3way_summary/behavioral_emobank_metrics.csv,r_continuous
behavioral,rq1_emobank_correspondence,olmo,instruct,reader,dominance,emobank_human_grounding,spearman_rho,0.0992937189898966,,,,,,1000,False,secondary,behavioral/results/derived/emobank_3way_summary/behavioral_emobank_metrics.csv,rho_continuous
behavioral,rq1_emobank_correspondence,olmo,instruct,reader,dominance,emobank_human_grounding,mae,1.976468571996701,,,,,,1000,False,secondary,behavioral/results/derived/emobank_3way_summary/behavioral_emobank_metrics.csv,mae
behavioral,rq1_emobank_correspondence,olmo,instruct,self,valence,emobank_human_grounding,mae,2.039693206829042,,,,,,1000,False,secondary,behavioral/results/derived/emobank_3way_summary/behavioral_emobank_metrics.csv,mae
behavioral,rq1_emobank_correspondence,olmo,instruct,self,arousal,emobank_human_grounding,mae,2.0982570783175696,,,,,,1000,False,secondary,behavioral/results/derived/emobank_3way_summary/behavioral_emobank_metrics.csv,mae
behavioral,rq1_emobank_correspondence,olmo,instruct,self,dominance,emobank_human_grounding,pearson_r,0.1265428139461636,,,,6.001000917281482e-05,,1000,False,secondary,behavioral/results/derived/emobank_3way_summary/behavioral_emobank_metrics.csv,r_continuous
behavioral,rq1_emobank_correspondence,olmo,instruct,self,dominance,emobank_human_grounding,spearman_rho,0.1169535819336935,,,,,,1000,False,secondary,behavioral/results/derived/emobank_3way_summary/behavioral_emobank_metrics.csv,rho_continuous
behavioral,rq1_emobank_correspondence,olmo,instruct,self,dominance,emobank_human_grounding,mae,1.985265701633092,,,,,,1000,False,secondary,behavioral/results/derived/emobank_3way_summary/behavioral_emobank_metrics.csv,mae
behavioral,rq1_emobank_correspondence,qwen,base,writer,valence,emobank_human_grounding,pearson_r,0.392866754880701,,,,2.9872588977355203e-38,,1000,False,secondary,behavioral/results/derived/emobank_3way_summary/behavioral_emobank_metrics.csv,r_continuous
behavioral,rq1_emobank_correspondence,qwen,base,writer,valence,emobank_human_grounding,spearman_rho,0.3994924553702685,,,,,,1000,False,secondary,behavioral/results/derived/emobank_3way_summary/behavioral_emobank_metrics.csv,rho_continuous
behavioral,rq1_emobank_correspondence,qwen,base,writer,valence,emobank_human_grounding,mae,2.0013328148703318,,,,,,1000,False,secondary,behavioral/results/derived/emobank_3way_summary/behavioral_emobank_metrics.csv,mae
behavioral,rq1_emobank_correspondence,qwen,base,writer,arousal,emobank_human_grounding,pearson_r,0.1557645462630546,,,,7.42942718019416e-07,,1000,False,secondary,behavioral/results/derived/emobank_3way_summary/behavioral_emobank_metrics.csv,r_continuous
behavioral,rq1_emobank_correspondence,qwen,base,writer,arousal,emobank_human_grounding,spearman_rho,0.1533482385264511,,,,,,1000,False,secondary,behavioral/results/derived/emobank_3way_summary/behavioral_emobank_metrics.csv,rho_continuous
behavioral,rq1_emobank_correspondence,qwen,base,writer,arousal,emobank_human_grounding,mae,1.9785113523701925,,,,,,1000,False,secondary,behavioral/results/derived/emobank_3way_summary/behavioral_emobank_metrics.csv,mae
behavioral,rq1_emobank_correspondence,qwen,base,writer,dominance,emobank_human_grounding,pearson_r,0.1106897687034819,,,,0.0004536649950405,,1000,False,secondary,behavioral/results/derived/emobank_3way_summary/behavioral_emobank_metrics.csv,r_continuous
behavioral,rq1_emobank_correspondence,qwen,base,writer,dominance,emobank_human_grounding,spearman_rho,0.1044610730497221,,,,,,1000,False,secondary,behavioral/results/derived/emobank_3way_summary/behavioral_emobank_metrics.csv,rho_continuous
behavioral,rq1_emobank_correspondence,qwen,base,writer,dominance,emobank_human_grounding,mae,1.9355217936333216,,,,,,1000,False,secondary,behavioral/results/derived/emobank_3way_summary/behavioral_emobank_metrics.csv,mae
behavioral,rq1_emobank_correspondence,qwen,base,reader,valence,emobank_human_grounding,mae,2.0131003332396764,,,,,,1000,False,secondary,behavioral/results/derived/emobank_3way_summary/behavioral_emobank_metrics.csv,mae
behavioral,rq1_emobank_correspondence,qwen,base,reader,arousal,emobank_human_grounding,mae,1.94490282956524,,,,,,1000,False,secondary,behavioral/results/derived/emobank_3way_summary/behavioral_emobank_metrics.csv,mae
behavioral,rq1_emobank_correspondence,qwen,base,reader,dominance,emobank_human_grounding,pearson_r,0.2269250047318112,,,,3.81508753901212e-13,,1000,False,secondary,behavioral/results/derived/emobank_3way_summary/behavioral_emobank_metrics.csv,r_continuous
behavioral,rq1_emobank_correspondence,qwen,base,reader,dominance,emobank_human_grounding,spearman_rho,0.2094789916073441,,,,,,1000,False,secondary,behavioral/results/derived/emobank_3way_summary/behavioral_emobank_metrics.csv,rho_continuous
behavioral,rq1_emobank_correspondence,qwen,base,reader,dominance,emobank_human_grounding,mae,1.9860045249310103,,,,,,1000,False,secondary,behavioral/results/derived/emobank_3way_summary/behavioral_emobank_metrics.csv,mae
behavioral,rq1_emobank_correspondence,qwen,base,self,valence,emobank_human_grounding,mae,1.9898599961310923,,,,,,1000,False,secondary,behavioral/results/derived/emobank_3way_summary/behavioral_emobank_metrics.csv,mae
behavioral,rq1_emobank_correspondence,qwen,base,self,arousal,emobank_human_grounding,mae,1.95670052614666,,,,,,1000,False,secondary,behavioral/results/derived/emobank_3way_summary/behavioral_emobank_metrics.csv,mae
behavioral,rq1_emobank_correspondence,qwen,base,self,dominance,emobank_human_grounding,pearson_r,0.2237701454823551,,,,8.165645882550824e-13,,1000,False,secondary,behavioral/results/derived/emobank_3way_summary/behavioral_emobank_metrics.csv,r_continuous
behavioral,rq1_emobank_correspondence,qwen,base,self,dominance,emobank_human_grounding,spearman_rho,0.2004604188753461,,,,,,1000,False,secondary,behavioral/results/derived/emobank_3way_summary/behavioral_emobank_metrics.csv,rho_continuous
behavioral,rq1_emobank_correspondence,qwen,base,self,dominance,emobank_human_grounding,mae,1.990221891934806,,,,,,1000,False,secondary,behavioral/results/derived/emobank_3way_summary/behavioral_emobank_metrics.csv,mae
behavioral,rq1_emobank_correspondence,qwen,instruct,writer,valence,emobank_human_grounding,pearson_r,0.5334033908778364,,,,1.3137892138401009e-74,,1000,False,secondary,behavioral/results/derived/emobank_3way_summary/behavioral_emobank_metrics.csv,r_continuous
behavioral,rq1_emobank_correspondence,qwen,instruct,writer,valence,emobank_human_grounding,spearman_rho,0.5507715936076198,,,,,,1000,False,secondary,behavioral/results/derived/emobank_3way_summary/behavioral_emobank_metrics.csv,rho_continuous
behavioral,rq1_emobank_correspondence,qwen,instruct,writer,valence,emobank_human_grounding,mae,2.0082837240963745,,,,,,1000,False,secondary,behavioral/results/derived/emobank_3way_summary/behavioral_emobank_metrics.csv,mae
behavioral,rq1_emobank_correspondence,qwen,instruct,writer,arousal,emobank_human_grounding,pearson_r,0.1559106475770028,,,,7.252079377579772e-07,,1000,False,secondary,behavioral/results/derived/emobank_3way_summary/behavioral_emobank_metrics.csv,r_continuous
behavioral,rq1_emobank_correspondence,qwen,instruct,writer,arousal,emobank_human_grounding,spearman_rho,0.140787313411134,,,,,,1000,False,secondary,behavioral/results/derived/emobank_3way_summary/behavioral_emobank_metrics.csv,rho_continuous
behavioral,rq1_emobank_correspondence,qwen,instruct,writer,arousal,emobank_human_grounding,mae,1.904038877892266,,,,,,1000,False,secondary,behavioral/results/derived/emobank_3way_summary/behavioral_emobank_metrics.csv,mae
behavioral,rq1_emobank_correspondence,qwen,instruct,writer,dominance,emobank_human_grounding,pearson_r,0.0604229099947533,,,,0.0561208802195487,,1000,False,secondary,behavioral/results/derived/emobank_3way_summary/behavioral_emobank_metrics.csv,r_continuous
behavioral,rq1_emobank_correspondence,qwen,instruct,writer,dominance,emobank_human_grounding,spearman_rho,0.0657456615351936,,,,,,1000,False,secondary,behavioral/results/derived/emobank_3way_summary/behavioral_emobank_metrics.csv,rho_continuous
behavioral,rq1_emobank_correspondence,qwen,instruct,writer,dominance,emobank_human_grounding,mae,1.87615999479245,,,,,,1000,False,secondary,behavioral/results/derived/emobank_3way_summary/behavioral_emobank_metrics.csv,mae
behavioral,rq1_emobank_correspondence,qwen,instruct,reader,valence,emobank_human_grounding,mae,2.01046254722741,,,,,,1000,False,secondary,behavioral/results/derived/emobank_3way_summary/behavioral_emobank_metrics.csv,mae
behavioral,rq1_emobank_correspondence,qwen,instruct,reader,arousal,emobank_human_grounding,mae,1.868527826838224,,,,,,1000,False,secondary,behavioral/results/derived/emobank_3way_summary/behavioral_emobank_metrics.csv,mae
behavioral,rq1_emobank_correspondence,qwen,instruct,reader,dominance,emobank_human_grounding,pearson_r,0.0302851160753446,,,,0.3387080467238693,,1000,False,secondary,behavioral/results/derived/emobank_3way_summary/behavioral_emobank_metrics.csv,r_continuous
behavioral,rq1_emobank_correspondence,qwen,instruct,reader,dominance,emobank_human_grounding,spearman_rho,0.0358279675358583,,,,,,1000,False,secondary,behavioral/results/derived/emobank_3way_summary/behavioral_emobank_metrics.csv,rho_continuous
behavioral,rq1_emobank_correspondence,qwen,instruct,reader,dominance,emobank_human_grounding,mae,1.9130202096542173,,,,,,1000,False,secondary,behavioral/results/derived/emobank_3way_summary/behavioral_emobank_metrics.csv,mae
behavioral,rq1_emobank_correspondence,qwen,instruct,self,valence,emobank_human_grounding,mae,2.035421611997177,,,,,,1000,False,secondary,behavioral/results/derived/emobank_3way_summary/behavioral_emobank_metrics.csv,mae
behavioral,rq1_emobank_correspondence,qwen,instruct,self,arousal,emobank_human_grounding,mae,1.8861560682784415,,,,,,1000,False,secondary,behavioral/results/derived/emobank_3way_summary/behavioral_emobank_metrics.csv,mae
behavioral,rq1_emobank_correspondence,qwen,instruct,self,dominance,emobank_human_grounding,pearson_r,0.1091596143111458,,,,0.0005443010256616,,1000,False,secondary,behavioral/results/derived/emobank_3way_summary/behavioral_emobank_metrics.csv,r_continuous
behavioral,rq1_emobank_correspondence,qwen,instruct,self,dominance,emobank_human_grounding,spearman_rho,0.1193977247231376,,,,,,1000,False,secondary,behavioral/results/derived/emobank_3way_summary/behavioral_emobank_metrics.csv,rho_continuous
behavioral,rq1_emobank_correspondence,qwen,instruct,self,dominance,emobank_human_grounding,mae,1.9106031960541092,,,,,,1000,False,secondary,behavioral/results/derived/emobank_3way_summary/behavioral_emobank_metrics.csv,mae
behavioral,rq2_sensitivity,gemma,base,writer,valence,clinical_minus_neutral_matched,mean_aligned_delta,-0.0094606942122447,,-0.016512344459271,-0.0026089639216591,0.0130129220152031,,192,False,secondary,behavioral/results/derived/aipsy_4split_summary/behavioral_aipsy_sensitivity_rq1.csv,direction_aligned_mean_diff
behavioral,rq2_sensitivity,gemma,base,writer,valence,clinical_minus_neutral_matched,cohen_dz,-0.1809214840885219,,,,0.0130129220152031,,192,False,secondary,behavioral/results/derived/aipsy_4split_summary/behavioral_aipsy_sensitivity_rq1.csv,aligned_d_z
behavioral,rq2_sensitivity,gemma,base,reader,valence,clinical_minus_neutral_matched,cohen_dz,-0.0891965125509656,,,,0.2179975582384363,0.2906634109845817,192,False,secondary,behavioral/results/derived/aipsy_4split_summary/behavioral_aipsy_sensitivity_rq1.csv,aligned_d_z
behavioral,rq2_sensitivity,gemma,base,self,valence,clinical_minus_neutral_matched,cohen_dz,-0.0328437630324162,,,,0.649556667561106,0.7167521848950135,192,False,secondary,behavioral/results/derived/aipsy_4split_summary/behavioral_aipsy_sensitivity_rq1.csv,aligned_d_z
behavioral,rq2_sensitivity,gemma,base,writer,arousal,clinical_minus_neutral_matched,mean_aligned_delta,-0.0063806745529501,,-0.0116240842730771,-0.0012140640136446,0.020628417389948,,192,False,secondary,behavioral/results/derived/aipsy_4split_summary/behavioral_aipsy_sensitivity_rq1.csv,direction_aligned_mean_diff
behavioral,rq2_sensitivity,gemma,base,writer,arousal,clinical_minus_neutral_matched,cohen_dz,-0.1684516392795672,,,,0.020628417389948,,192,False,secondary,behavioral/results/derived/aipsy_4split_summary/behavioral_aipsy_sensitivity_rq1.csv,aligned_d_z
behavioral,rq2_sensitivity,gemma,base,reader,arousal,clinical_minus_neutral_matched,cohen_dz,-0.0679357300328247,,,,0.3477170962679817,0.4121091511324228,192,False,secondary,behavioral/results/derived/aipsy_4split_summary/behavioral_aipsy_sensitivity_rq1.csv,aligned_d_z
behavioral,rq2_sensitivity,gemma,base,self,arousal,clinical_minus_neutral_matched,cohen_dz,-0.1745550004744548,,,,0.0165139840137884,0.0278130257074331,192,False,secondary,behavioral/results/derived/aipsy_4split_summary/behavioral_aipsy_sensitivity_rq1.csv,aligned_d_z
behavioral,rq2_sensitivity,gemma,base,writer,dominance,clinical_minus_neutral_matched,mean_aligned_delta,0.0008172672488591,,-0.0028412430774628,0.0043558120306786,0.6788751141686953,,192,False,secondary,behavioral/results/derived/aipsy_4split_summary/behavioral_aipsy_sensitivity_rq1.csv,direction_aligned_mean_diff
behavioral,rq2_sensitivity,gemma,base,writer,dominance,clinical_minus_neutral_matched,cohen_dz,0.0299236370609792,,,,0.6788751141686953,,192,False,secondary,behavioral/results/derived/aipsy_4split_summary/behavioral_aipsy_sensitivity_rq1.csv,aligned_d_z
behavioral,rq2_sensitivity,gemma,base,reader,dominance,clinical_minus_neutral_matched,mean_aligned_delta,1.1971907435020154e-05,,-0.0037282718601843,0.0037082915138804,0.995149131897504,,192,False,secondary,behavioral/results/derived/aipsy_4split_summary/behavioral_aipsy_sensitivity_rq1.csv,direction_aligned_mean_diff
behavioral,rq2_sensitivity,gemma,base,reader,dominance,clinical_minus_neutral_matched,cohen_dz,0.0004393391773087,,,,0.995149131897504,,192,False,secondary,behavioral/results/derived/aipsy_4split_summary/behavioral_aipsy_sensitivity_rq1.csv,aligned_d_z
behavioral,rq2_sensitivity,gemma,base,self,dominance,clinical_minus_neutral_matched,mean_aligned_delta,0.0012142091088455,,-0.0025650131943531,0.0050509436726478,0.5461918190253734,,192,False,secondary,behavioral/results/derived/aipsy_4split_summary/behavioral_aipsy_sensitivity_rq1.csv,direction_aligned_mean_diff
behavioral,rq2_sensitivity,gemma,base,self,dominance,clinical_minus_neutral_matched,cohen_dz,0.0436300406620405,,,,0.5461918190253734,,192,False,secondary,behavioral/results/derived/aipsy_4split_summary/behavioral_aipsy_sensitivity_rq1.csv,aligned_d_z
behavioral,rq2_sensitivity,gemma,instruct,writer,valence,clinical_minus_neutral_matched,mean_aligned_delta,-0.0114161191614104,,-0.0309535365758827,0.007235640980374,0.2514101201478618,,192,False,secondary,behavioral/results/derived/aipsy_4split_summary/behavioral_aipsy_sensitivity_rq1.csv,direction_aligned_mean_diff
behavioral,rq2_sensitivity,gemma,instruct,writer,valence,clinical_minus_neutral_matched,cohen_dz,-0.0830242513867517,,,,0.2514101201478618,,192,False,secondary,behavioral/results/derived/aipsy_4split_summary/behavioral_aipsy_sensitivity_rq1.csv,aligned_d_z
behavioral,rq2_sensitivity,gemma,instruct,reader,valence,clinical_minus_neutral_matched,cohen_dz,0.0038410397203934,,,,0.9576098495336998,0.9576098495336998,192,False,secondary,behavioral/results/derived/aipsy_4split_summary/behavioral_aipsy_sensitivity_rq1.csv,aligned_d_z
behavioral,rq2_sensitivity,gemma,instruct,self,valence,clinical_minus_neutral_matched,cohen_dz,0.010193269676333,,,,0.8878275544222897,0.916467152952041,192,False,secondary,behavioral/results/derived/aipsy_4split_summary/behavioral_aipsy_sensitivity_rq1.csv,aligned_d_z
behavioral,rq2_sensitivity,gemma,instruct,writer,arousal,clinical_minus_neutral_matched,mean_aligned_delta,0.0167330238937586,,-0.0044799045358308,0.0395519174818031,0.1550066860510846,,192,False,secondary,behavioral/results/derived/aipsy_4split_summary/behavioral_aipsy_sensitivity_rq1.csv,direction_aligned_mean_diff
behavioral,rq2_sensitivity,gemma,instruct,writer,arousal,clinical_minus_neutral_matched,cohen_dz,0.1030364996628061,,,,0.1550066860510846,,192,False,secondary,behavioral/results/derived/aipsy_4split_summary/behavioral_aipsy_sensitivity_rq1.csv,aligned_d_z
behavioral,rq2_sensitivity,gemma,instruct,reader,arousal,clinical_minus_neutral_matched,cohen_dz,0.6465495370579272,,,,2.9531228572544693e-16,1.88999862864286e-15,192,False,secondary,behavioral/results/derived/aipsy_4split_summary/behavioral_aipsy_sensitivity_rq1.csv,aligned_d_z
behavioral,rq2_sensitivity,gemma,instruct,self,arousal,clinical_minus_neutral_matched,cohen_dz,0.0684298267899552,,,,0.3442301087926311,0.4121091511324228,192,False,secondary,behavioral/results/derived/aipsy_4split_summary/behavioral_aipsy_sensitivity_rq1.csv,aligned_d_z
behavioral,rq2_sensitivity,gemma,instruct,writer,dominance,clinical_minus_neutral_matched,mean_aligned_delta,-0.0179598381324197,,-0.0443240697118325,0.0080266985422796,0.185501821695023,,192,False,secondary,behavioral/results/derived/aipsy_4split_summary/behavioral_aipsy_sensitivity_rq1.csv,direction_aligned_mean_diff
behavioral,rq2_sensitivity,gemma,instruct,writer,dominance,clinical_minus_neutral_matched,cohen_dz,-0.0958973144503438,,,,0.185501821695023,,192,False,secondary,behavioral/results/derived/aipsy_4split_summary/behavioral_aipsy_sensitivity_rq1.csv,aligned_d_z
behavioral,rq2_sensitivity,gemma,instruct,reader,dominance,clinical_minus_neutral_matched,mean_aligned_delta,-0.0141066633636914,,-0.0398425299691886,0.0110773296732568,0.2814994799854589,,192,False,secondary,behavioral/results/derived/aipsy_4split_summary/behavioral_aipsy_sensitivity_rq1.csv,direction_aligned_mean_diff
behavioral,rq2_sensitivity,gemma,instruct,reader,dominance,clinical_minus_neutral_matched,cohen_dz,-0.0779430277096973,,,,0.2814994799854589,,192,False,secondary,behavioral/results/derived/aipsy_4split_summary/behavioral_aipsy_sensitivity_rq1.csv,aligned_d_z
behavioral,rq2_sensitivity,gemma,instruct,self,dominance,clinical_minus_neutral_matched,mean_aligned_delta,-0.0075792145716299,,-0.0343733370380557,0.0194270976890757,0.5879099863354951,,192,False,secondary,behavioral/results/derived/aipsy_4split_summary/behavioral_aipsy_sensitivity_rq1.csv,direction_aligned_mean_diff
behavioral,rq2_sensitivity,gemma,instruct,self,dominance,clinical_minus_neutral_matched,cohen_dz,-0.0391722030401769,,,,0.5879099863354951,,192,False,secondary,behavioral/results/derived/aipsy_4split_summary/behavioral_aipsy_sensitivity_rq1.csv,aligned_d_z
behavioral,rq2_sensitivity,llama,base,writer,valence,clinical_minus_neutral_matched,mean_aligned_delta,-0.0001019395167711,,-0.001538817644679,0.0015898951844212,0.8999503825597398,,192,False,secondary,behavioral/results/derived/aipsy_4split_summary/behavioral_aipsy_sensitivity_rq1.csv,direction_aligned_mean_diff
behavioral,rq2_sensitivity,llama,base,writer,valence,clinical_minus_neutral_matched,cohen_dz,-0.0090854222648013,,,,0.8999503825597398,,192,False,secondary,behavioral/results/derived/aipsy_4split_summary/behavioral_aipsy_sensitivity_rq1.csv,aligned_d_z
behavioral,rq2_sensitivity,llama,base,reader,valence,clinical_minus_neutral_matched,cohen_dz,0.1085193500072293,,,,0.1343133533971328,0.1953648776685568,192,False,secondary,behavioral/results/derived/aipsy_4split_summary/behavioral_aipsy_sensitivity_rq1.csv,aligned_d_z
behavioral,rq2_sensitivity,llama,base,self,valence,clinical_minus_neutral_matched,cohen_dz,0.0394265052661466,,,,0.5854906618341692,0.6691321849533363,192,False,secondary,behavioral/results/derived/aipsy_4split_summary/behavioral_aipsy_sensitivity_rq1.csv,aligned_d_z
behavioral,rq2_sensitivity,llama,base,writer,arousal,clinical_minus_neutral_matched,mean_aligned_delta,0.0014555531608483,,0.0004736110160337,0.0024566579392333,0.0054448565710017,,192,False,secondary,behavioral/results/derived/aipsy_4split_summary/behavioral_aipsy_sensitivity_rq1.csv,direction_aligned_mean_diff
behavioral,rq2_sensitivity,llama,base,writer,arousal,clinical_minus_neutral_matched,cohen_dz,0.2029060182033158,,,,0.0054448565710017,,192,False,secondary,behavioral/results/derived/aipsy_4split_summary/behavioral_aipsy_sensitivity_rq1.csv,aligned_d_z
behavioral,rq2_sensitivity,llama,base,reader,arousal,clinical_minus_neutral_matched,cohen_dz,0.2344510340747043,,,,0.0013700174607822,0.0025788563967666,192,False,secondary,behavioral/results/derived/aipsy_4split_summary/behavioral_aipsy_sensitivity_rq1.csv,aligned_d_z
behavioral,rq2_sensitivity,llama,base,self,arousal,clinical_minus_neutral_matched,cohen_dz,0.2414982808649255,,,,0.0009861205873097,0.0020626040522106,192,False,secondary,behavioral/results/derived/aipsy_4split_summary/behavioral_aipsy_sensitivity_rq1.csv,aligned_d_z
behavioral,rq2_sensitivity,llama,base,writer,dominance,clinical_minus_neutral_matched,mean_aligned_delta,-9.640702572432752e-05,,-0.0011998977405504,0.0010959686305408,0.8576688239719095,,192,False,secondary,behavioral/results/derived/aipsy_4split_summary/behavioral_aipsy_sensitivity_rq1.csv,direction_aligned_mean_diff
behavioral,rq2_sensitivity,llama,base,writer,dominance,clinical_minus_neutral_matched,cohen_dz,-0.012960424645848,,,,0.8576688239719095,,192,False,secondary,behavioral/results/derived/aipsy_4split_summary/behavioral_aipsy_sensitivity_rq1.csv,aligned_d_z
behavioral,rq2_sensitivity,llama,base,reader,dominance,clinical_minus_neutral_matched,mean_aligned_delta,-0.0003159139669474,,-0.001261049518163,0.0006837240320514,0.5204534146768333,,192,False,secondary,behavioral/results/derived/aipsy_4split_summary/behavioral_aipsy_sensitivity_rq1.csv,direction_aligned_mean_diff
behavioral,rq2_sensitivity,llama,base,reader,dominance,clinical_minus_neutral_matched,cohen_dz,-0.0464649411002718,,,,0.5204534146768333,,192,False,secondary,behavioral/results/derived/aipsy_4split_summary/behavioral_aipsy_sensitivity_rq1.csv,aligned_d_z
behavioral,rq2_sensitivity,llama,base,self,dominance,clinical_minus_neutral_matched,mean_aligned_delta,-0.0004050288252062,,-0.0015380993575758,0.0007569180394537,0.478892844053935,,192,False,secondary,behavioral/results/derived/aipsy_4split_summary/behavioral_aipsy_sensitivity_rq1.csv,direction_aligned_mean_diff
behavioral,rq2_sensitivity,llama,base,self,dominance,clinical_minus_neutral_matched,cohen_dz,-0.0512021921941455,,,,0.478892844053935,,192,False,secondary,behavioral/results/derived/aipsy_4split_summary/behavioral_aipsy_sensitivity_rq1.csv,aligned_d_z
behavioral,rq2_sensitivity,llama,instruct,writer,valence,clinical_minus_neutral_matched,mean_aligned_delta,0.0046765297439226,,0.000876829413425,0.0086441349221758,0.0218399845246749,,192,False,secondary,behavioral/results/derived/aipsy_4split_summary/behavioral_aipsy_sensitivity_rq1.csv,direction_aligned_mean_diff
behavioral,rq2_sensitivity,llama,instruct,writer,valence,clinical_minus_neutral_matched,cohen_dz,0.1668594675803503,,,,0.0218399845246749,,192,False,secondary,behavioral/results/derived/aipsy_4split_summary/behavioral_aipsy_sensitivity_rq1.csv,aligned_d_z
behavioral,rq2_sensitivity,llama,instruct,reader,valence,clinical_minus_neutral_matched,cohen_dz,0.015798847841045,,,,0.826949810108157,0.8820797974487008,192,False,secondary,behavioral/results/derived/aipsy_4split_summary/behavioral_aipsy_sensitivity_rq1.csv,aligned_d_z
behavioral,rq2_sensitivity,llama,instruct,self,valence,clinical_minus_neutral_matched,cohen_dz,0.2405473675167166,,,,0.0010313020261053,0.0020626040522106,192,False,secondary,behavioral/results/derived/aipsy_4split_summary/behavioral_aipsy_sensitivity_rq1.csv,aligned_d_z
behavioral,rq2_sensitivity,llama,instruct,writer,arousal,clinical_minus_neutral_matched,mean_aligned_delta,0.0250641297424783,,0.0194025763955712,0.0308069227155744,3.3168186141168737e-13,,192,False,secondary,behavioral/results/derived/aipsy_4split_summary/behavioral_aipsy_sensitivity_rq1.csv,direction_aligned_mean_diff
behavioral,rq2_sensitivity,llama,instruct,writer,arousal,clinical_minus_neutral_matched,cohen_dz,0.5649356407879049,,,,3.3168186141168737e-13,,192,False,secondary,behavioral/results/derived/aipsy_4split_summary/behavioral_aipsy_sensitivity_rq1.csv,aligned_d_z
behavioral,rq2_sensitivity,llama,instruct,reader,arousal,clinical_minus_neutral_matched,cohen_dz,0.9720890337634236,,,,1.6535202494346422e-29,5.291264798190855e-28,192,False,secondary,behavioral/results/derived/aipsy_4split_summary/behavioral_aipsy_sensitivity_rq1.csv,aligned_d_z
behavioral,rq2_sensitivity,llama,instruct,self,arousal,clinical_minus_neutral_matched,cohen_dz,0.4171426283312339,,,,2.9967270070075174e-08,1.198690802803007e-07,192,False,secondary,behavioral/results/derived/aipsy_4split_summary/behavioral_aipsy_sensitivity_rq1.csv,aligned_d_z
behavioral,rq2_sensitivity,llama,instruct,writer,dominance,clinical_minus_neutral_matched,mean_aligned_delta,-0.0123617058406597,,-0.020428307698769,-0.0046755675006162,0.0017665198989538,,192,False,secondary,behavioral/results/derived/aipsy_4split_summary/behavioral_aipsy_sensitivity_rq1.csv,direction_aligned_mean_diff
behavioral,rq2_sensitivity,llama,instruct,writer,dominance,clinical_minus_neutral_matched,cohen_dz,-0.2288904282254471,,,,0.0017665198989538,,192,False,secondary,behavioral/results/derived/aipsy_4split_summary/behavioral_aipsy_sensitivity_rq1.csv,aligned_d_z
behavioral,rq2_sensitivity,llama,instruct,reader,dominance,clinical_minus_neutral_matched,mean_aligned_delta,-0.0130647862589091,,-0.0218618392645131,-0.0050515779357054,0.0021393502719901,,192,False,secondary,behavioral/results/derived/aipsy_4split_summary/behavioral_aipsy_sensitivity_rq1.csv,direction_aligned_mean_diff
behavioral,rq2_sensitivity,llama,instruct,reader,dominance,clinical_minus_neutral_matched,cohen_dz,-0.2246325023620037,,,,0.0021393502719901,,192,False,secondary,behavioral/results/derived/aipsy_4split_summary/behavioral_aipsy_sensitivity_rq1.csv,aligned_d_z
behavioral,rq2_sensitivity,llama,instruct,self,dominance,clinical_minus_neutral_matched,mean_aligned_delta,-0.0149081919452623,,-0.0235720588754284,-0.0070891877724373,0.0003954939176674,,192,False,secondary,behavioral/results/derived/aipsy_4split_summary/behavioral_aipsy_sensitivity_rq1.csv,direction_aligned_mean_diff
behavioral,rq2_sensitivity,llama,instruct,self,dominance,clinical_minus_neutral_matched,cohen_dz,-0.2603086320773178,,,,0.0003954939176674,,192,False,secondary,behavioral/results/derived/aipsy_4split_summary/behavioral_aipsy_sensitivity_rq1.csv,aligned_d_z
behavioral,rq2_sensitivity,olmo,base,writer,valence,clinical_minus_neutral_matched,mean_aligned_delta,-0.0088276013626852,,-0.0141512221919572,-0.0033135961049467,0.0015546580347145,,192,False,secondary,behavioral/results/derived/aipsy_4split_summary/behavioral_aipsy_sensitivity_rq1.csv,direction_aligned_mean_diff
behavioral,rq2_sensitivity,olmo,base,writer,valence,clinical_minus_neutral_matched,cohen_dz,-0.2316979158270516,,,,0.0015546580347145,,192,False,secondary,behavioral/results/derived/aipsy_4split_summary/behavioral_aipsy_sensitivity_rq1.csv,aligned_d_z
behavioral,rq2_sensitivity,olmo,base,reader,valence,clinical_minus_neutral_matched,cohen_dz,-0.1502453671861197,,,,0.038687937716094,0.0619007003457504,192,False,secondary,behavioral/results/derived/aipsy_4split_summary/behavioral_aipsy_sensitivity_rq1.csv,aligned_d_z
behavioral,rq2_sensitivity,olmo,base,self,valence,clinical_minus_neutral_matched,cohen_dz,-0.1414995989368623,,,,0.0513708459738306,0.0782793843410752,192,False,secondary,behavioral/results/derived/aipsy_4split_summary/behavioral_aipsy_sensitivity_rq1.csv,aligned_d_z
behavioral,rq2_sensitivity,olmo,base,writer,arousal,clinical_minus_neutral_matched,mean_aligned_delta,-0.0022534029322074,,-0.0045283336117534,-8.6108869145892e-05,0.0523991278382297,,192,False,secondary,behavioral/results/derived/aipsy_4split_summary/behavioral_aipsy_sensitivity_rq1.csv,direction_aligned_mean_diff
behavioral,rq2_sensitivity,olmo,base,writer,arousal,clinical_minus_neutral_matched,cohen_dz,-0.1408740527968435,,,,0.0523991278382297,,192,False,secondary,behavioral/results/derived/aipsy_4split_summary/behavioral_aipsy_sensitivity_rq1.csv,aligned_d_z
behavioral,rq2_sensitivity,olmo,base,reader,arousal,clinical_minus_neutral_matched,cohen_dz,-0.1902211623594514,,,,0.009084233553649,0.0161497485398205,192,False,secondary,behavioral/results/derived/aipsy_4split_summary/behavioral_aipsy_sensitivity_rq1.csv,aligned_d_z
behavioral,rq2_sensitivity,olmo,base,self,arousal,clinical_minus_neutral_matched,cohen_dz,-0.0714088929677284,,,,0.3236847484138135,0.4121091511324228,192,False,secondary,behavioral/results/derived/aipsy_4split_summary/behavioral_aipsy_sensitivity_rq1.csv,aligned_d_z
behavioral,rq2_sensitivity,olmo,base,writer,dominance,clinical_minus_neutral_matched,mean_aligned_delta,-0.0003621634949702,,-0.0016299567751826,0.000894316756762,0.5826336193524276,,192,False,secondary,behavioral/results/derived/aipsy_4split_summary/behavioral_aipsy_sensitivity_rq1.csv,direction_aligned_mean_diff
behavioral,rq2_sensitivity,olmo,base,writer,dominance,clinical_minus_neutral_matched,cohen_dz,-0.0397274516448772,,,,0.5826336193524276,,192,False,secondary,behavioral/results/derived/aipsy_4split_summary/behavioral_aipsy_sensitivity_rq1.csv,aligned_d_z
behavioral,rq2_sensitivity,olmo,base,reader,dominance,clinical_minus_neutral_matched,mean_aligned_delta,-0.000804345431378,,-0.0021213916643267,0.0005770784639644,0.2707690807666408,,192,False,secondary,behavioral/results/derived/aipsy_4split_summary/behavioral_aipsy_sensitivity_rq1.csv,direction_aligned_mean_diff
behavioral,rq2_sensitivity,olmo,base,reader,dominance,clinical_minus_neutral_matched,cohen_dz,-0.0797098680414885,,,,0.2707690807666408,,192,False,secondary,behavioral/results/derived/aipsy_4split_summary/behavioral_aipsy_sensitivity_rq1.csv,aligned_d_z
behavioral,rq2_sensitivity,olmo,base,self,dominance,clinical_minus_neutral_matched,mean_aligned_delta,-0.0007283263532678,,-0.0018795705463603,0.0003793792161085,0.1991107150280527,,192,False,secondary,behavioral/results/derived/aipsy_4split_summary/behavioral_aipsy_sensitivity_rq1.csv,direction_aligned_mean_diff
behavioral,rq2_sensitivity,olmo,base,self,dominance,clinical_minus_neutral_matched,cohen_dz,-0.0929936047771823,,,,0.1991107150280527,,192,False,secondary,behavioral/results/derived/aipsy_4split_summary/behavioral_aipsy_sensitivity_rq1.csv,aligned_d_z
behavioral,rq2_sensitivity,olmo,instruct,writer,valence,clinical_minus_neutral_matched,mean_aligned_delta,0.0102928339459519,,0.0067065563176705,0.0139519125307234,2.3490270260473626e-07,,192,False,secondary,behavioral/results/derived/aipsy_4split_summary/behavioral_aipsy_sensitivity_rq1.csv,direction_aligned_mean_diff
behavioral,rq2_sensitivity,olmo,instruct,writer,valence,clinical_minus_neutral_matched,cohen_dz,0.3870393475513273,,,,2.3490270260473626e-07,,192,False,secondary,behavioral/results/derived/aipsy_4split_summary/behavioral_aipsy_sensitivity_rq1.csv,aligned_d_z
behavioral,rq2_sensitivity,olmo,instruct,reader,valence,clinical_minus_neutral_matched,cohen_dz,0.3185580133989908,,,,1.694669364514427e-05,4.929947242223788e-05,192,False,secondary,behavioral/results/derived/aipsy_4split_summary/behavioral_aipsy_sensitivity_rq1.csv,aligned_d_z
behavioral,rq2_sensitivity,olmo,instruct,self,valence,clinical_minus_neutral_matched,cohen_dz,0.3568302833379419,,,,1.6672537856597754e-06,5.335212114111281e-06,192,False,secondary,behavioral/results/derived/aipsy_4split_summary/behavioral_aipsy_sensitivity_rq1.csv,aligned_d_z
behavioral,rq2_sensitivity,olmo,instruct,writer,arousal,clinical_minus_neutral_matched,mean_aligned_delta,-0.0226450362130739,,-0.0336089572973742,-0.0119439440659628,6.60577658070316e-05,,192,False,secondary,behavioral/results/derived/aipsy_4split_summary/behavioral_aipsy_sensitivity_rq1.csv,direction_aligned_mean_diff
behavioral,rq2_sensitivity,olmo,instruct,writer,arousal,clinical_minus_neutral_matched,cohen_dz,-0.294462215801179,,,,6.60577658070316e-05,,192,False,secondary,behavioral/results/derived/aipsy_4split_summary/behavioral_aipsy_sensitivity_rq1.csv,aligned_d_z
behavioral,rq2_sensitivity,olmo,instruct,reader,arousal,clinical_minus_neutral_matched,cohen_dz,-0.1043803672777878,,,,0.1497217666033449,0.2083085448394364,192,False,secondary,behavioral/results/derived/aipsy_4split_summary/behavioral_aipsy_sensitivity_rq1.csv,aligned_d_z
behavioral,rq2_sensitivity,olmo,instruct,self,arousal,clinical_minus_neutral_matched,cohen_dz,-0.2418947749139367,,,,0.0009678330102986,0.0020626040522106,192,False,secondary,behavioral/results/derived/aipsy_4split_summary/behavioral_aipsy_sensitivity_rq1.csv,aligned_d_z
behavioral,rq2_sensitivity,olmo,instruct,writer,dominance,clinical_minus_neutral_matched,mean_aligned_delta,0.0035776277547575,,-0.0055156266287009,0.0132288559935508,0.4697729662593314,,192,False,secondary,behavioral/results/derived/aipsy_4split_summary/behavioral_aipsy_sensitivity_rq1.csv,direction_aligned_mean_diff
behavioral,rq2_sensitivity,olmo,instruct,writer,dominance,clinical_minus_neutral_matched,cohen_dz,0.0522712459065562,,,,0.4697729662593314,,192,False,secondary,behavioral/results/derived/aipsy_4split_summary/behavioral_aipsy_sensitivity_rq1.csv,aligned_d_z
behavioral,rq2_sensitivity,olmo,instruct,reader,dominance,clinical_minus_neutral_matched,mean_aligned_delta,0.0059355967742993,,-0.0030310405671638,0.0148046536145864,0.2239420873993861,,192,False,secondary,behavioral/results/derived/aipsy_4split_summary/behavioral_aipsy_sensitivity_rq1.csv,direction_aligned_mean_diff
behavioral,rq2_sensitivity,olmo,instruct,reader,dominance,clinical_minus_neutral_matched,cohen_dz,0.0880510705650294,,,,0.2239420873993861,,192,False,secondary,behavioral/results/derived/aipsy_4split_summary/behavioral_aipsy_sensitivity_rq1.csv,aligned_d_z
behavioral,rq2_sensitivity,olmo,instruct,self,dominance,clinical_minus_neutral_matched,mean_aligned_delta,0.00241318317651,,-0.0054962533372376,0.0101190358200819,0.5696025330874727,,192,False,secondary,behavioral/results/derived/aipsy_4split_summary/behavioral_aipsy_sensitivity_rq1.csv,direction_aligned_mean_diff
behavioral,rq2_sensitivity,olmo,instruct,self,dominance,clinical_minus_neutral_matched,cohen_dz,0.041109022855695,,,,0.5696025330874727,,192,False,secondary,behavioral/results/derived/aipsy_4split_summary/behavioral_aipsy_sensitivity_rq1.csv,aligned_d_z
behavioral,rq2_sensitivity,qwen,base,writer,valence,clinical_minus_neutral_matched,mean_aligned_delta,0.0065778509750822,,0.0043103386363104,0.0088880365229125,1.596429474147356e-07,,192,False,secondary,behavioral/results/derived/aipsy_4split_summary/behavioral_aipsy_sensitivity_rq1.csv,direction_aligned_mean_diff
behavioral,rq2_sensitivity,qwen,base,writer,valence,clinical_minus_neutral_matched,cohen_dz,0.3928028116459904,,,,1.596429474147356e-07,,192,False,secondary,behavioral/results/derived/aipsy_4split_summary/behavioral_aipsy_sensitivity_rq1.csv,aligned_d_z
behavioral,rq2_sensitivity,qwen,base,reader,valence,clinical_minus_neutral_matched,cohen_dz,0.2710749897732289,,,,0.0002290533466763,0.0006108089244703,192,False,secondary,behavioral/results/derived/aipsy_4split_summary/behavioral_aipsy_sensitivity_rq1.csv,aligned_d_z
behavioral,rq2_sensitivity,qwen,base,self,valence,clinical_minus_neutral_matched,cohen_dz,0.4463949344473837,,,,3.685314266378446e-09,1.6847150932015753e-08,192,False,secondary,behavioral/results/derived/aipsy_4split_summary/behavioral_aipsy_sensitivity_rq1.csv,aligned_d_z
behavioral,rq2_sensitivity,qwen,base,writer,arousal,clinical_minus_neutral_matched,mean_aligned_delta,0.0105853920164429,,0.007620139903234,0.0133874167066394,1.244354026126547e-10,,192,False,secondary,behavioral/results/derived/aipsy_4split_summary/behavioral_aipsy_sensitivity_rq1.csv,direction_aligned_mean_diff
behavioral,rq2_sensitivity,qwen,base,writer,arousal,clinical_minus_neutral_matched,cohen_dz,0.4913539045914735,,,,1.244354026126547e-10,,192,False,secondary,behavioral/results/derived/aipsy_4split_summary/behavioral_aipsy_sensitivity_rq1.csv,aligned_d_z
behavioral,rq2_sensitivity,qwen,base,reader,arousal,clinical_minus_neutral_matched,cohen_dz,0.6494801683316908,,,,2.2782157474824523e-16,1.822572597985961e-15,192,False,secondary,behavioral/results/derived/aipsy_4split_summary/behavioral_aipsy_sensitivity_rq1.csv,aligned_d_z
behavioral,rq2_sensitivity,qwen,base,self,arousal,clinical_minus_neutral_matched,cohen_dz,0.2689159974483245,,,,0.0002559091084705,0.0006299301131581,192,False,secondary,behavioral/results/derived/aipsy_4split_summary/behavioral_aipsy_sensitivity_rq1.csv,aligned_d_z
behavioral,rq2_sensitivity,qwen,base,writer,dominance,clinical_minus_neutral_matched,mean_aligned_delta,-0.004752226624763,,-0.0078052986876837,-0.0018035522936163,0.002081115588251,,192,False,secondary,behavioral/results/derived/aipsy_4split_summary/behavioral_aipsy_sensitivity_rq1.csv,direction_aligned_mean_diff
behavioral,rq2_sensitivity,qwen,base,writer,dominance,clinical_minus_neutral_matched,cohen_dz,-0.2252499399941511,,,,0.002081115588251,,192,False,secondary,behavioral/results/derived/aipsy_4split_summary/behavioral_aipsy_sensitivity_rq1.csv,aligned_d_z
behavioral,rq2_sensitivity,qwen,base,reader,dominance,clinical_minus_neutral_matched,mean_aligned_delta,-0.0035010589506022,,-0.0062534143538806,-0.0008533399073997,0.0082667045013953,,192,False,secondary,behavioral/results/derived/aipsy_4split_summary/behavioral_aipsy_sensitivity_rq1.csv,direction_aligned_mean_diff
behavioral,rq2_sensitivity,qwen,base,reader,dominance,clinical_minus_neutral_matched,cohen_dz,-0.1926052792757507,,,,0.0082667045013953,,192,False,secondary,behavioral/results/derived/aipsy_4split_summary/behavioral_aipsy_sensitivity_rq1.csv,aligned_d_z
behavioral,rq2_sensitivity,qwen,base,self,dominance,clinical_minus_neutral_matched,mean_aligned_delta,-0.0055214814909683,,-0.0088247048808892,-0.0022281102599229,0.0010758427526557,,192,False,secondary,behavioral/results/derived/aipsy_4split_summary/behavioral_aipsy_sensitivity_rq1.csv,direction_aligned_mean_diff
behavioral,rq2_sensitivity,qwen,base,self,dominance,clinical_minus_neutral_matched,cohen_dz,-0.2396472377845631,,,,0.0010758427526557,,192,False,secondary,behavioral/results/derived/aipsy_4split_summary/behavioral_aipsy_sensitivity_rq1.csv,aligned_d_z
behavioral,rq2_sensitivity,qwen,instruct,writer,valence,clinical_minus_neutral_matched,mean_aligned_delta,0.0192248355606168,,0.013682287456383,0.0247795760264703,9.68811686254196e-11,,192,False,secondary,behavioral/results/derived/aipsy_4split_summary/behavioral_aipsy_sensitivity_rq1.csv,direction_aligned_mean_diff
behavioral,rq2_sensitivity,qwen,instruct,writer,valence,clinical_minus_neutral_matched,cohen_dz,0.4945786432184842,,,,9.68811686254196e-11,,192,False,secondary,behavioral/results/derived/aipsy_4split_summary/behavioral_aipsy_sensitivity_rq1.csv,aligned_d_z
behavioral,rq2_sensitivity,qwen,instruct,reader,valence,clinical_minus_neutral_matched,cohen_dz,0.4147629895811459,,,,3.539492847824176e-08,1.2584863458930406e-07,192,False,secondary,behavioral/results/derived/aipsy_4split_summary/behavioral_aipsy_sensitivity_rq1.csv,aligned_d_z
behavioral,rq2_sensitivity,qwen,instruct,self,valence,clinical_minus_neutral_matched,cohen_dz,0.4934712373481429,,,,1.0558813868718109e-10,5.631367396649657e-10,192,False,secondary,behavioral/results/derived/aipsy_4split_summary/behavioral_aipsy_sensitivity_rq1.csv,aligned_d_z
behavioral,rq2_sensitivity,qwen,instruct,writer,arousal,clinical_minus_neutral_matched,mean_aligned_delta,0.0384941067210706,,0.0322290242628934,0.0450928186171134,5.010470002397537e-23,,192,False,secondary,behavioral/results/derived/aipsy_4split_summary/behavioral_aipsy_sensitivity_rq1.csv,direction_aligned_mean_diff
behavioral,rq2_sensitivity,qwen,instruct,writer,arousal,clinical_minus_neutral_matched,cohen_dz,0.8160740963781461,,,,5.010470002397537e-23,,192,False,secondary,behavioral/results/derived/aipsy_4split_summary/behavioral_aipsy_sensitivity_rq1.csv,aligned_d_z
behavioral,rq2_sensitivity,qwen,instruct,reader,arousal,clinical_minus_neutral_matched,cohen_dz,0.9532000678122688,,,,1.0178720746931012e-28,1.628595319508962e-27,192,False,secondary,behavioral/results/derived/aipsy_4split_summary/behavioral_aipsy_sensitivity_rq1.csv,aligned_d_z
behavioral,rq2_sensitivity,qwen,instruct,self,arousal,clinical_minus_neutral_matched,cohen_dz,0.727595301737021,,,,1.9481844834116608e-19,2.0780634489724382e-18,192,False,secondary,behavioral/results/derived/aipsy_4split_summary/behavioral_aipsy_sensitivity_rq1.csv,aligned_d_z
behavioral,rq2_sensitivity,qwen,instruct,writer,dominance,clinical_minus_neutral_matched,mean_aligned_delta,-0.0001212427072176,,-0.0023728119444048,0.002037405280927,0.9151927005827404,,192,False,secondary,behavioral/results/derived/aipsy_4split_summary/behavioral_aipsy_sensitivity_rq1.csv,direction_aligned_mean_diff
behavioral,rq2_sensitivity,qwen,instruct,writer,dominance,clinical_minus_neutral_matched,cohen_dz,-0.0076955149530879,,,,0.9151927005827404,,192,False,secondary,behavioral/results/derived/aipsy_4split_summary/behavioral_aipsy_sensitivity_rq1.csv,aligned_d_z
behavioral,rq2_sensitivity,qwen,instruct,reader,dominance,clinical_minus_neutral_matched,mean_aligned_delta,0.0020326875284311,,-0.0006219456375059,0.0047345492084559,0.1512460521824517,,192,False,secondary,behavioral/results/derived/aipsy_4split_summary/behavioral_aipsy_sensitivity_rq1.csv,direction_aligned_mean_diff
behavioral,rq2_sensitivity,qwen,instruct,reader,dominance,clinical_minus_neutral_matched,cohen_dz,0.1039890798688905,,,,0.1512460521824517,,192,False,secondary,behavioral/results/derived/aipsy_4split_summary/behavioral_aipsy_sensitivity_rq1.csv,aligned_d_z
behavioral,rq2_sensitivity,qwen,instruct,self,dominance,clinical_minus_neutral_matched,mean_aligned_delta,-0.0023450483357835,,-0.0051080247960889,0.0001159725337938,0.0737722579339644,,192,False,secondary,behavioral/results/derived/aipsy_4split_summary/behavioral_aipsy_sensitivity_rq1.csv,direction_aligned_mean_diff
behavioral,rq2_sensitivity,qwen,instruct,self,dominance,clinical_minus_neutral_matched,cohen_dz,-0.1297522340168037,,,,0.0737722579339644,,192,False,secondary,behavioral/results/derived/aipsy_4split_summary/behavioral_aipsy_sensitivity_rq1.csv,aligned_d_z
behavioral,rq3_dose_response,gemma,base,writer,valence,triplet_dose_response,dose_response_p_iut,0.9765540422170436,,,,0.9765540422170436,,48,False,secondary,behavioral/results/derived/aipsy_4split_summary/behavioral_aipsy_dose_response_rq2.csv,dose_response_p_value
behavioral,rq3_dose_response,gemma,base,writer,valence,triplet_dose_response,monotonicity_rate,0.0625,,,,,,48,False,secondary,behavioral/results/derived/aipsy_4split_summary/behavioral_aipsy_dose_response_rq2.csv,monotonicity_rate
behavioral,rq3_dose_response,gemma,base,reader,valence,triplet_dose_response,monotonicity_rate,0.0625,,,,,,48,False,secondary,behavioral/results/derived/aipsy_4split_summary/behavioral_aipsy_dose_response_rq2.csv,monotonicity_rate
behavioral,rq3_dose_response,gemma,base,self,valence,triplet_dose_response,monotonicity_rate,0.0208333333333333,,,,,,48,False,secondary,behavioral/results/derived/aipsy_4split_summary/behavioral_aipsy_dose_response_rq2.csv,monotonicity_rate
behavioral,rq3_dose_response,gemma,base,writer,arousal,triplet_dose_response,dose_response_p_iut,0.8505361247953391,,,,0.8505361247953391,,48,False,secondary,behavioral/results/derived/aipsy_4split_summary/behavioral_aipsy_dose_response_rq2.csv,dose_response_p_value
behavioral,rq3_dose_response,gemma,base,writer,arousal,triplet_dose_response,monotonicity_rate,0.1458333333333333,,,,,,48,False,secondary,behavioral/results/derived/aipsy_4split_summary/behavioral_aipsy_dose_response_rq2.csv,monotonicity_rate
behavioral,rq3_dose_response,gemma,base,reader,arousal,triplet_dose_response,monotonicity_rate,0.1041666666666666,,,,,,48,False,secondary,behavioral/results/derived/aipsy_4split_summary/behavioral_aipsy_dose_response_rq2.csv,monotonicity_rate
behavioral,rq3_dose_response,gemma,base,self,arousal,triplet_dose_response,monotonicity_rate,0.1458333333333333,,,,,,48,False,secondary,behavioral/results/derived/aipsy_4split_summary/behavioral_aipsy_dose_response_rq2.csv,monotonicity_rate
behavioral,rq3_dose_response,gemma,base,writer,dominance,triplet_dose_response,dose_response_p_iut,0.32686630879541,,,,0.32686630879541,,48,False,secondary,behavioral/results/derived/aipsy_4split_summary/behavioral_aipsy_dose_response_rq2.csv,dose_response_p_value
behavioral,rq3_dose_response,gemma,base,writer,dominance,triplet_dose_response,monotonicity_rate,0.2083333333333333,,,,,,48,False,secondary,behavioral/results/derived/aipsy_4split_summary/behavioral_aipsy_dose_response_rq2.csv,monotonicity_rate
behavioral,rq3_dose_response,gemma,base,reader,dominance,triplet_dose_response,dose_response_p_iut,0.339537080879828,,,,0.339537080879828,,48,False,secondary,behavioral/results/derived/aipsy_4split_summary/behavioral_aipsy_dose_response_rq2.csv,dose_response_p_value
behavioral,rq3_dose_response,gemma,base,reader,dominance,triplet_dose_response,monotonicity_rate,0.1666666666666666,,,,,,48,False,secondary,behavioral/results/derived/aipsy_4split_summary/behavioral_aipsy_dose_response_rq2.csv,monotonicity_rate
behavioral,rq3_dose_response,gemma,base,self,dominance,triplet_dose_response,dose_response_p_iut,0.2969808060571798,,,,0.2969808060571798,,48,False,secondary,behavioral/results/derived/aipsy_4split_summary/behavioral_aipsy_dose_response_rq2.csv,dose_response_p_value
behavioral,rq3_dose_response,gemma,base,self,dominance,triplet_dose_response,monotonicity_rate,0.2291666666666666,,,,,,48,False,secondary,behavioral/results/derived/aipsy_4split_summary/behavioral_aipsy_dose_response_rq2.csv,monotonicity_rate
behavioral,rq3_dose_response,gemma,instruct,writer,valence,triplet_dose_response,dose_response_p_iut,0.7791067981074884,,,,0.7791067981074884,,48,False,secondary,behavioral/results/derived/aipsy_4split_summary/behavioral_aipsy_dose_response_rq2.csv,dose_response_p_value
behavioral,rq3_dose_response,gemma,instruct,writer,valence,triplet_dose_response,monotonicity_rate,0.125,,,,,,48,False,secondary,behavioral/results/derived/aipsy_4split_summary/behavioral_aipsy_dose_response_rq2.csv,monotonicity_rate
behavioral,rq3_dose_response,gemma,instruct,reader,valence,triplet_dose_response,monotonicity_rate,0.1666666666666666,,,,,,48,False,secondary,behavioral/results/derived/aipsy_4split_summary/behavioral_aipsy_dose_response_rq2.csv,monotonicity_rate
behavioral,rq3_dose_response,gemma,instruct,self,valence,triplet_dose_response,monotonicity_rate,0.1458333333333333,,,,,,48,False,secondary,behavioral/results/derived/aipsy_4split_summary/behavioral_aipsy_dose_response_rq2.csv,monotonicity_rate
behavioral,rq3_dose_response,gemma,instruct,writer,arousal,triplet_dose_response,dose_response_p_iut,0.8163714178429353,,,,0.8163714178429353,,48,False,secondary,behavioral/results/derived/aipsy_4split_summary/behavioral_aipsy_dose_response_rq2.csv,dose_response_p_value
behavioral,rq3_dose_response,gemma,instruct,writer,arousal,triplet_dose_response,monotonicity_rate,0.1458333333333333,,,,,,48,False,secondary,behavioral/results/derived/aipsy_4split_summary/behavioral_aipsy_dose_response_rq2.csv,monotonicity_rate
behavioral,rq3_dose_response,gemma,instruct,reader,arousal,triplet_dose_response,monotonicity_rate,0.3333333333333333,,,,,,48,False,secondary,behavioral/results/derived/aipsy_4split_summary/behavioral_aipsy_dose_response_rq2.csv,monotonicity_rate
behavioral,rq3_dose_response,gemma,instruct,self,arousal,triplet_dose_response,monotonicity_rate,0.1458333333333333,,,,,,48,False,secondary,behavioral/results/derived/aipsy_4split_summary/behavioral_aipsy_dose_response_rq2.csv,monotonicity_rate
behavioral,rq3_dose_response,gemma,instruct,writer,dominance,triplet_dose_response,dose_response_p_iut,0.9696426217083324,,,,0.9696426217083324,,48,False,secondary,behavioral/results/derived/aipsy_4split_summary/behavioral_aipsy_dose_response_rq2.csv,dose_response_p_value
behavioral,rq3_dose_response,gemma,instruct,writer,dominance,triplet_dose_response,monotonicity_rate,0.1875,,,,,,48,False,secondary,behavioral/results/derived/aipsy_4split_summary/behavioral_aipsy_dose_response_rq2.csv,monotonicity_rate
behavioral,rq3_dose_response,gemma,instruct,reader,dominance,triplet_dose_response,dose_response_p_iut,0.9620155190698808,,,,0.9620155190698808,,48,False,secondary,behavioral/results/derived/aipsy_4split_summary/behavioral_aipsy_dose_response_rq2.csv,dose_response_p_value
behavioral,rq3_dose_response,gemma,instruct,reader,dominance,triplet_dose_response,monotonicity_rate,0.2083333333333333,,,,,,48,False,secondary,behavioral/results/derived/aipsy_4split_summary/behavioral_aipsy_dose_response_rq2.csv,monotonicity_rate
behavioral,rq3_dose_response,gemma,instruct,self,dominance,triplet_dose_response,dose_response_p_iut,0.9675831898042268,,,,0.9675831898042268,,48,False,secondary,behavioral/results/derived/aipsy_4split_summary/behavioral_aipsy_dose_response_rq2.csv,dose_response_p_value
behavioral,rq3_dose_response,gemma,instruct,self,dominance,triplet_dose_response,monotonicity_rate,0.2291666666666666,,,,,,48,False,secondary,behavioral/results/derived/aipsy_4split_summary/behavioral_aipsy_dose_response_rq2.csv,monotonicity_rate
behavioral,rq3_dose_response,llama,base,writer,valence,triplet_dose_response,dose_response_p_iut,0.9874297782690574,,,,0.9874297782690574,,48,False,secondary,behavioral/results/derived/aipsy_4split_summary/behavioral_aipsy_dose_response_rq2.csv,dose_response_p_value
behavioral,rq3_dose_response,llama,base,writer,valence,triplet_dose_response,monotonicity_rate,0.1666666666666666,,,,,,48,False,secondary,behavioral/results/derived/aipsy_4split_summary/behavioral_aipsy_dose_response_rq2.csv,monotonicity_rate
behavioral,rq3_dose_response,llama,base,reader,valence,triplet_dose_response,monotonicity_rate,0.125,,,,,,48,False,secondary,behavioral/results/derived/aipsy_4split_summary/behavioral_aipsy_dose_response_rq2.csv,monotonicity_rate
behavioral,rq3_dose_response,llama,base,self,valence,triplet_dose_response,monotonicity_rate,0.1666666666666666,,,,,,48,False,secondary,behavioral/results/derived/aipsy_4split_summary/behavioral_aipsy_dose_response_rq2.csv,monotonicity_rate
behavioral,rq3_dose_response,llama,base,writer,arousal,triplet_dose_response,dose_response_p_iut,0.9948239491900376,,,,0.9948239491900376,,48,False,secondary,behavioral/results/derived/aipsy_4split_summary/behavioral_aipsy_dose_response_rq2.csv,dose_response_p_value
behavioral,rq3_dose_response,llama,base,writer,arousal,triplet_dose_response,monotonicity_rate,0.1875,,,,,,48,False,secondary,behavioral/results/derived/aipsy_4split_summary/behavioral_aipsy_dose_response_rq2.csv,monotonicity_rate
behavioral,rq3_dose_response,llama,base,reader,arousal,triplet_dose_response,monotonicity_rate,0.1875,,,,,,48,False,secondary,behavioral/results/derived/aipsy_4split_summary/behavioral_aipsy_dose_response_rq2.csv,monotonicity_rate
behavioral,rq3_dose_response,llama,base,self,arousal,triplet_dose_response,monotonicity_rate,0.2708333333333333,,,,,,48,False,secondary,behavioral/results/derived/aipsy_4split_summary/behavioral_aipsy_dose_response_rq2.csv,monotonicity_rate
behavioral,rq3_dose_response,llama,base,writer,dominance,triplet_dose_response,dose_response_p_iut,0.999535792149948,,,,0.999535792149948,,48,False,secondary,behavioral/results/derived/aipsy_4split_summary/behavioral_aipsy_dose_response_rq2.csv,dose_response_p_value
behavioral,rq3_dose_response,llama,base,writer,dominance,triplet_dose_response,monotonicity_rate,0.0833333333333333,,,,,,48,False,secondary,behavioral/results/derived/aipsy_4split_summary/behavioral_aipsy_dose_response_rq2.csv,monotonicity_rate
behavioral,rq3_dose_response,llama,base,reader,dominance,triplet_dose_response,dose_response_p_iut,0.999172375152149,,,,0.999172375152149,,48,False,secondary,behavioral/results/derived/aipsy_4split_summary/behavioral_aipsy_dose_response_rq2.csv,dose_response_p_value
behavioral,rq3_dose_response,llama,base,reader,dominance,triplet_dose_response,monotonicity_rate,0.0625,,,,,,48,False,secondary,behavioral/results/derived/aipsy_4split_summary/behavioral_aipsy_dose_response_rq2.csv,monotonicity_rate
behavioral,rq3_dose_response,llama,base,self,dominance,triplet_dose_response,dose_response_p_iut,0.9994786053320674,,,,0.9994786053320674,,48,False,secondary,behavioral/results/derived/aipsy_4split_summary/behavioral_aipsy_dose_response_rq2.csv,dose_response_p_value
behavioral,rq3_dose_response,llama,base,self,dominance,triplet_dose_response,monotonicity_rate,0.1041666666666666,,,,,,48,False,secondary,behavioral/results/derived/aipsy_4split_summary/behavioral_aipsy_dose_response_rq2.csv,monotonicity_rate
behavioral,rq3_dose_response,llama,instruct,writer,valence,triplet_dose_response,dose_response_p_iut,0.9755276034507746,,,,0.9755276034507746,,48,False,secondary,behavioral/results/derived/aipsy_4split_summary/behavioral_aipsy_dose_response_rq2.csv,dose_response_p_value
behavioral,rq3_dose_response,llama,instruct,writer,valence,triplet_dose_response,monotonicity_rate,0.1666666666666666,,,,,,48,False,secondary,behavioral/results/derived/aipsy_4split_summary/behavioral_aipsy_dose_response_rq2.csv,monotonicity_rate
behavioral,rq3_dose_response,llama,instruct,reader,valence,triplet_dose_response,monotonicity_rate,0.1041666666666666,,,,,,48,False,secondary,behavioral/results/derived/aipsy_4split_summary/behavioral_aipsy_dose_response_rq2.csv,monotonicity_rate
behavioral,rq3_dose_response,llama,instruct,self,valence,triplet_dose_response,monotonicity_rate,0.2083333333333333,,,,,,48,False,secondary,behavioral/results/derived/aipsy_4split_summary/behavioral_aipsy_dose_response_rq2.csv,monotonicity_rate
behavioral,rq3_dose_response,llama,instruct,writer,arousal,triplet_dose_response,dose_response_p_iut,0.4250490638944414,,,,0.4250490638944414,,48,False,secondary,behavioral/results/derived/aipsy_4split_summary/behavioral_aipsy_dose_response_rq2.csv,dose_response_p_value
behavioral,rq3_dose_response,llama,instruct,writer,arousal,triplet_dose_response,monotonicity_rate,0.2291666666666666,,,,,,48,False,secondary,behavioral/results/derived/aipsy_4split_summary/behavioral_aipsy_dose_response_rq2.csv,monotonicity_rate
behavioral,rq3_dose_response,llama,instruct,reader,arousal,triplet_dose_response,monotonicity_rate,0.5416666666666666,,,,,,48,False,secondary,behavioral/results/derived/aipsy_4split_summary/behavioral_aipsy_dose_response_rq2.csv,monotonicity_rate
behavioral,rq3_dose_response,llama,instruct,self,arousal,triplet_dose_response,monotonicity_rate,0.1875,,,,,,48,False,secondary,behavioral/results/derived/aipsy_4split_summary/behavioral_aipsy_dose_response_rq2.csv,monotonicity_rate
behavioral,rq3_dose_response,llama,instruct,writer,dominance,triplet_dose_response,dose_response_p_iut,0.9841301557947176,,,,0.9841301557947176,,48,False,secondary,behavioral/results/derived/aipsy_4split_summary/behavioral_aipsy_dose_response_rq2.csv,dose_response_p_value
behavioral,rq3_dose_response,llama,instruct,writer,dominance,triplet_dose_response,monotonicity_rate,0.0416666666666666,,,,,,48,False,secondary,behavioral/results/derived/aipsy_4split_summary/behavioral_aipsy_dose_response_rq2.csv,monotonicity_rate
behavioral,rq3_dose_response,llama,instruct,reader,dominance,triplet_dose_response,dose_response_p_iut,0.981916979770332,,,,0.981916979770332,,48,False,secondary,behavioral/results/derived/aipsy_4split_summary/behavioral_aipsy_dose_response_rq2.csv,dose_response_p_value
behavioral,rq3_dose_response,llama,instruct,reader,dominance,triplet_dose_response,monotonicity_rate,0.0208333333333333,,,,,,48,False,secondary,behavioral/results/derived/aipsy_4split_summary/behavioral_aipsy_dose_response_rq2.csv,monotonicity_rate
behavioral,rq3_dose_response,llama,instruct,self,dominance,triplet_dose_response,dose_response_p_iut,0.9832594933044854,,,,0.9832594933044854,,48,False,secondary,behavioral/results/derived/aipsy_4split_summary/behavioral_aipsy_dose_response_rq2.csv,dose_response_p_value
behavioral,rq3_dose_response,llama,instruct,self,dominance,triplet_dose_response,monotonicity_rate,0.0416666666666666,,,,,,48,False,secondary,behavioral/results/derived/aipsy_4split_summary/behavioral_aipsy_dose_response_rq2.csv,monotonicity_rate
behavioral,rq3_dose_response,olmo,base,writer,valence,triplet_dose_response,dose_response_p_iut,0.9861563747001072,,,,0.9861563747001072,,48,False,secondary,behavioral/results/derived/aipsy_4split_summary/behavioral_aipsy_dose_response_rq2.csv,dose_response_p_value
behavioral,rq3_dose_response,olmo,base,writer,valence,triplet_dose_response,monotonicity_rate,0.1041666666666666,,,,,,48,False,secondary,behavioral/results/derived/aipsy_4split_summary/behavioral_aipsy_dose_response_rq2.csv,monotonicity_rate
behavioral,rq3_dose_response,olmo,base,reader,valence,triplet_dose_response,monotonicity_rate,0.1041666666666666,,,,,,48,False,secondary,behavioral/results/derived/aipsy_4split_summary/behavioral_aipsy_dose_response_rq2.csv,monotonicity_rate
behavioral,rq3_dose_response,olmo,base,self,valence,triplet_dose_response,monotonicity_rate,0.1458333333333333,,,,,,48,False,secondary,behavioral/results/derived/aipsy_4split_summary/behavioral_aipsy_dose_response_rq2.csv,monotonicity_rate
behavioral,rq3_dose_response,olmo,base,writer,arousal,triplet_dose_response,dose_response_p_iut,0.9720019725313394,,,,0.9720019725313394,,48,False,secondary,behavioral/results/derived/aipsy_4split_summary/behavioral_aipsy_dose_response_rq2.csv,dose_response_p_value
behavioral,rq3_dose_response,olmo,base,writer,arousal,triplet_dose_response,monotonicity_rate,0.125,,,,,,48,False,secondary,behavioral/results/derived/aipsy_4split_summary/behavioral_aipsy_dose_response_rq2.csv,monotonicity_rate
behavioral,rq3_dose_response,olmo,base,reader,arousal,triplet_dose_response,monotonicity_rate,0.0833333333333333,,,,,,48,False,secondary,behavioral/results/derived/aipsy_4split_summary/behavioral_aipsy_dose_response_rq2.csv,monotonicity_rate
behavioral,rq3_dose_response,olmo,base,self,arousal,triplet_dose_response,monotonicity_rate,0.0833333333333333,,,,,,48,False,secondary,behavioral/results/derived/aipsy_4split_summary/behavioral_aipsy_dose_response_rq2.csv,monotonicity_rate
behavioral,rq3_dose_response,olmo,base,writer,dominance,triplet_dose_response,dose_response_p_iut,0.7832441352545509,,,,0.7832441352545509,,48,False,secondary,behavioral/results/derived/aipsy_4split_summary/behavioral_aipsy_dose_response_rq2.csv,dose_response_p_value
behavioral,rq3_dose_response,olmo,base,writer,dominance,triplet_dose_response,monotonicity_rate,0.1041666666666666,,,,,,48,False,secondary,behavioral/results/derived/aipsy_4split_summary/behavioral_aipsy_dose_response_rq2.csv,monotonicity_rate
behavioral,rq3_dose_response,olmo,base,reader,dominance,triplet_dose_response,dose_response_p_iut,0.8096827825635691,,,,0.8096827825635691,,48,False,secondary,behavioral/results/derived/aipsy_4split_summary/behavioral_aipsy_dose_response_rq2.csv,dose_response_p_value
behavioral,rq3_dose_response,olmo,base,reader,dominance,triplet_dose_response,monotonicity_rate,0.1041666666666666,,,,,,48,False,secondary,behavioral/results/derived/aipsy_4split_summary/behavioral_aipsy_dose_response_rq2.csv,monotonicity_rate
behavioral,rq3_dose_response,olmo,base,self,dominance,triplet_dose_response,dose_response_p_iut,0.8478366606635253,,,,0.8478366606635253,,48,False,secondary,behavioral/results/derived/aipsy_4split_summary/behavioral_aipsy_dose_response_rq2.csv,dose_response_p_value
behavioral,rq3_dose_response,olmo,base,self,dominance,triplet_dose_response,monotonicity_rate,0.125,,,,,,48,False,secondary,behavioral/results/derived/aipsy_4split_summary/behavioral_aipsy_dose_response_rq2.csv,monotonicity_rate
behavioral,rq3_dose_response,olmo,instruct,writer,valence,triplet_dose_response,dose_response_p_iut,0.1438793859107888,,,,0.1438793859107888,,48,False,secondary,behavioral/results/derived/aipsy_4split_summary/behavioral_aipsy_dose_response_rq2.csv,dose_response_p_value
behavioral,rq3_dose_response,olmo,instruct,writer,valence,triplet_dose_response,monotonicity_rate,0.1875,,,,,,48,False,secondary,behavioral/results/derived/aipsy_4split_summary/behavioral_aipsy_dose_response_rq2.csv,monotonicity_rate
behavioral,rq3_dose_response,olmo,instruct,reader,valence,triplet_dose_response,monotonicity_rate,0.2291666666666666,,,,,,48,False,secondary,behavioral/results/derived/aipsy_4split_summary/behavioral_aipsy_dose_response_rq2.csv,monotonicity_rate
behavioral,rq3_dose_response,olmo,instruct,self,valence,triplet_dose_response,monotonicity_rate,0.25,,,,,,48,False,secondary,behavioral/results/derived/aipsy_4split_summary/behavioral_aipsy_dose_response_rq2.csv,monotonicity_rate
behavioral,rq3_dose_response,olmo,instruct,writer,arousal,triplet_dose_response,dose_response_p_iut,0.9964942277400072,,,,0.9964942277400072,,48,False,secondary,behavioral/results/derived/aipsy_4split_summary/behavioral_aipsy_dose_response_rq2.csv,dose_response_p_value
behavioral,rq3_dose_response,olmo,instruct,writer,arousal,triplet_dose_response,monotonicity_rate,0.0208333333333333,,,,,,48,False,secondary,behavioral/results/derived/aipsy_4split_summary/behavioral_aipsy_dose_response_rq2.csv,monotonicity_rate
behavioral,rq3_dose_response,olmo,instruct,reader,arousal,triplet_dose_response,monotonicity_rate,0.0625,,,,,,48,False,secondary,behavioral/results/derived/aipsy_4split_summary/behavioral_aipsy_dose_response_rq2.csv,monotonicity_rate
behavioral,rq3_dose_response,olmo,instruct,self,arousal,triplet_dose_response,monotonicity_rate,0.0833333333333333,,,,,,48,False,secondary,behavioral/results/derived/aipsy_4split_summary/behavioral_aipsy_dose_response_rq2.csv,monotonicity_rate
behavioral,rq3_dose_response,olmo,instruct,writer,dominance,triplet_dose_response,dose_response_p_iut,0.3746911478143306,,,,0.3746911478143306,,48,False,secondary,behavioral/results/derived/aipsy_4split_summary/behavioral_aipsy_dose_response_rq2.csv,dose_response_p_value
behavioral,rq3_dose_response,olmo,instruct,writer,dominance,triplet_dose_response,monotonicity_rate,0.1458333333333333,,,,,,48,False,secondary,behavioral/results/derived/aipsy_4split_summary/behavioral_aipsy_dose_response_rq2.csv,monotonicity_rate
behavioral,rq3_dose_response,olmo,instruct,reader,dominance,triplet_dose_response,dose_response_p_iut,0.2936114206087524,,,,0.2936114206087524,,48,False,secondary,behavioral/results/derived/aipsy_4split_summary/behavioral_aipsy_dose_response_rq2.csv,dose_response_p_value
behavioral,rq3_dose_response,olmo,instruct,reader,dominance,triplet_dose_response,monotonicity_rate,0.1666666666666666,,,,,,48,False,secondary,behavioral/results/derived/aipsy_4split_summary/behavioral_aipsy_dose_response_rq2.csv,monotonicity_rate
behavioral,rq3_dose_response,olmo,instruct,self,dominance,triplet_dose_response,dose_response_p_iut,0.4489141608510932,,,,0.4489141608510932,,48,False,secondary,behavioral/results/derived/aipsy_4split_summary/behavioral_aipsy_dose_response_rq2.csv,dose_response_p_value
behavioral,rq3_dose_response,olmo,instruct,self,dominance,triplet_dose_response,monotonicity_rate,0.1875,,,,,,48,False,secondary,behavioral/results/derived/aipsy_4split_summary/behavioral_aipsy_dose_response_rq2.csv,monotonicity_rate
behavioral,rq3_dose_response,qwen,base,writer,valence,triplet_dose_response,dose_response_p_iut,0.3168418930224427,,,,0.3168418930224427,,48,False,secondary,behavioral/results/derived/aipsy_4split_summary/behavioral_aipsy_dose_response_rq2.csv,dose_response_p_value
behavioral,rq3_dose_response,qwen,base,writer,valence,triplet_dose_response,monotonicity_rate,0.1458333333333333,,,,,,48,False,secondary,behavioral/results/derived/aipsy_4split_summary/behavioral_aipsy_dose_response_rq2.csv,monotonicity_rate
behavioral,rq3_dose_response,qwen,base,reader,valence,triplet_dose_response,monotonicity_rate,0.2291666666666666,,,,,,48,False,secondary,behavioral/results/derived/aipsy_4split_summary/behavioral_aipsy_dose_response_rq2.csv,monotonicity_rate
behavioral,rq3_dose_response,qwen,base,self,valence,triplet_dose_response,monotonicity_rate,0.1666666666666666,,,,,,48,False,secondary,behavioral/results/derived/aipsy_4split_summary/behavioral_aipsy_dose_response_rq2.csv,monotonicity_rate
behavioral,rq3_dose_response,qwen,base,writer,arousal,triplet_dose_response,dose_response_p_iut,0.7265683996548072,,,,0.7265683996548072,,48,False,secondary,behavioral/results/derived/aipsy_4split_summary/behavioral_aipsy_dose_response_rq2.csv,dose_response_p_value
behavioral,rq3_dose_response,qwen,base,writer,arousal,triplet_dose_response,monotonicity_rate,0.2916666666666667,,,,,,48,False,secondary,behavioral/results/derived/aipsy_4split_summary/behavioral_aipsy_dose_response_rq2.csv,monotonicity_rate
behavioral,rq3_dose_response,qwen,base,reader,arousal,triplet_dose_response,monotonicity_rate,0.2916666666666667,,,,,,48,False,secondary,behavioral/results/derived/aipsy_4split_summary/behavioral_aipsy_dose_response_rq2.csv,monotonicity_rate
behavioral,rq3_dose_response,qwen,base,self,arousal,triplet_dose_response,monotonicity_rate,0.2291666666666666,,,,,,48,False,secondary,behavioral/results/derived/aipsy_4split_summary/behavioral_aipsy_dose_response_rq2.csv,monotonicity_rate
behavioral,rq3_dose_response,qwen,base,writer,dominance,triplet_dose_response,dose_response_p_iut,0.9438444768824528,,,,0.9438444768824528,,48,False,secondary,behavioral/results/derived/aipsy_4split_summary/behavioral_aipsy_dose_response_rq2.csv,dose_response_p_value
behavioral,rq3_dose_response,qwen,base,writer,dominance,triplet_dose_response,monotonicity_rate,0.1458333333333333,,,,,,48,False,secondary,behavioral/results/derived/aipsy_4split_summary/behavioral_aipsy_dose_response_rq2.csv,monotonicity_rate
behavioral,rq3_dose_response,qwen,base,reader,dominance,triplet_dose_response,dose_response_p_iut,0.9692395155855424,,,,0.9692395155855424,,48,False,secondary,behavioral/results/derived/aipsy_4split_summary/behavioral_aipsy_dose_response_rq2.csv,dose_response_p_value
behavioral,rq3_dose_response,qwen,base,reader,dominance,triplet_dose_response,monotonicity_rate,0.1041666666666666,,,,,,48,False,secondary,behavioral/results/derived/aipsy_4split_summary/behavioral_aipsy_dose_response_rq2.csv,monotonicity_rate
behavioral,rq3_dose_response,qwen,base,self,dominance,triplet_dose_response,dose_response_p_iut,0.9712580157569262,,,,0.9712580157569262,,48,False,secondary,behavioral/results/derived/aipsy_4split_summary/behavioral_aipsy_dose_response_rq2.csv,dose_response_p_value
behavioral,rq3_dose_response,qwen,base,self,dominance,triplet_dose_response,monotonicity_rate,0.125,,,,,,48,False,secondary,behavioral/results/derived/aipsy_4split_summary/behavioral_aipsy_dose_response_rq2.csv,monotonicity_rate
behavioral,rq3_dose_response,qwen,instruct,writer,valence,triplet_dose_response,dose_response_p_iut,0.630934865821398,,,,0.630934865821398,,48,False,secondary,behavioral/results/derived/aipsy_4split_summary/behavioral_aipsy_dose_response_rq2.csv,dose_response_p_value
behavioral,rq3_dose_response,qwen,instruct,writer,valence,triplet_dose_response,monotonicity_rate,0.1458333333333333,,,,,,48,False,secondary,behavioral/results/derived/aipsy_4split_summary/behavioral_aipsy_dose_response_rq2.csv,monotonicity_rate
behavioral,rq3_dose_response,qwen,instruct,reader,valence,triplet_dose_response,monotonicity_rate,0.2291666666666666,,,,,,48,False,secondary,behavioral/results/derived/aipsy_4split_summary/behavioral_aipsy_dose_response_rq2.csv,monotonicity_rate
behavioral,rq3_dose_response,qwen,instruct,self,valence,triplet_dose_response,monotonicity_rate,0.1875,,,,,,48,False,secondary,behavioral/results/derived/aipsy_4split_summary/behavioral_aipsy_dose_response_rq2.csv,monotonicity_rate
behavioral,rq3_dose_response,qwen,instruct,writer,arousal,triplet_dose_response,dose_response_p_iut,0.3823310090670175,,,,0.3823310090670175,,48,False,secondary,behavioral/results/derived/aipsy_4split_summary/behavioral_aipsy_dose_response_rq2.csv,dose_response_p_value
behavioral,rq3_dose_response,qwen,instruct,writer,arousal,triplet_dose_response,monotonicity_rate,0.3958333333333333,,,,,,48,False,secondary,behavioral/results/derived/aipsy_4split_summary/behavioral_aipsy_dose_response_rq2.csv,monotonicity_rate
behavioral,rq3_dose_response,qwen,instruct,reader,arousal,triplet_dose_response,monotonicity_rate,0.4791666666666667,,,,,,48,False,secondary,behavioral/results/derived/aipsy_4split_summary/behavioral_aipsy_dose_response_rq2.csv,monotonicity_rate
behavioral,rq3_dose_response,qwen,instruct,self,arousal,triplet_dose_response,monotonicity_rate,0.3333333333333333,,,,,,48,False,secondary,behavioral/results/derived/aipsy_4split_summary/behavioral_aipsy_dose_response_rq2.csv,monotonicity_rate
behavioral,rq3_dose_response,qwen,instruct,writer,dominance,triplet_dose_response,dose_response_p_iut,0.7022986362735233,,,,0.7022986362735233,,48,False,secondary,behavioral/results/derived/aipsy_4split_summary/behavioral_aipsy_dose_response_rq2.csv,dose_response_p_value
behavioral,rq3_dose_response,qwen,instruct,writer,dominance,triplet_dose_response,monotonicity_rate,0.125,,,,,,48,False,secondary,behavioral/results/derived/aipsy_4split_summary/behavioral_aipsy_dose_response_rq2.csv,monotonicity_rate
behavioral,rq3_dose_response,qwen,instruct,reader,dominance,triplet_dose_response,dose_response_p_iut,0.8246058615701202,,,,0.8246058615701202,,48,False,secondary,behavioral/results/derived/aipsy_4split_summary/behavioral_aipsy_dose_response_rq2.csv,dose_response_p_value
behavioral,rq3_dose_response,qwen,instruct,reader,dominance,triplet_dose_response,monotonicity_rate,0.1666666666666666,,,,,,48,False,secondary,behavioral/results/derived/aipsy_4split_summary/behavioral_aipsy_dose_response_rq2.csv,monotonicity_rate
behavioral,rq3_dose_response,qwen,instruct,self,dominance,triplet_dose_response,dose_response_p_iut,0.8519352942827445,,,,0.8519352942827445,,48,False,secondary,behavioral/results/derived/aipsy_4split_summary/behavioral_aipsy_dose_response_rq2.csv,dose_response_p_value
behavioral,rq3_dose_response,qwen,instruct,self,dominance,triplet_dose_response,monotonicity_rate,0.125,,,,,,48,False,secondary,behavioral/results/derived/aipsy_4split_summary/behavioral_aipsy_dose_response_rq2.csv,monotonicity_rate
behavioral,rq4_specificity,gemma,base,writer,valence,clinical_vs_complex_neutral,displacement_difference,-0.030414868093036,,,,0.0002975849976365,,192,False,secondary,behavioral/results/derived/aipsy_4split_summary/behavioral_aipsy_specificity_rq3.csv,displacement_diff
behavioral,rq4_specificity,gemma,base,writer,arousal,clinical_vs_complex_neutral,displacement_difference,-0.0100559861682114,,,,0.0204862371312242,,192,False,secondary,behavioral/results/derived/aipsy_4split_summary/behavioral_aipsy_specificity_rq3.csv,displacement_diff
behavioral,rq4_specificity,gemma,base,writer,dominance,clinical_vs_complex_neutral,displacement_difference,-0.0041719640441715,,,,0.270804624162107,,192,False,secondary,behavioral/results/derived/aipsy_4split_summary/behavioral_aipsy_specificity_rq3.csv,displacement_diff
behavioral,rq4_specificity,gemma,base,reader,dominance,clinical_vs_complex_neutral,displacement_difference,-0.0038328074094851,,,,0.295658620011607,,192,False,secondary,behavioral/results/derived/aipsy_4split_summary/behavioral_aipsy_specificity_rq3.csv,displacement_diff
behavioral,rq4_specificity,gemma,base,self,dominance,clinical_vs_complex_neutral,displacement_difference,-0.002979910880092,,,,0.4103227753413773,,192,False,secondary,behavioral/results/derived/aipsy_4split_summary/behavioral_aipsy_specificity_rq3.csv,displacement_diff
behavioral,rq4_specificity,gemma,instruct,writer,valence,clinical_vs_complex_neutral,displacement_difference,-0.0797960484319586,,,,0.0001205813631471,,192,False,secondary,behavioral/results/derived/aipsy_4split_summary/behavioral_aipsy_specificity_rq3.csv,displacement_diff
behavioral,rq4_specificity,gemma,instruct,writer,arousal,clinical_vs_complex_neutral,displacement_difference,-0.0166328713096057,,,,0.3067730934883309,,192,False,secondary,behavioral/results/derived/aipsy_4split_summary/behavioral_aipsy_specificity_rq3.csv,displacement_diff
behavioral,rq4_specificity,gemma,instruct,writer,dominance,clinical_vs_complex_neutral,displacement_difference,0.0946522094411753,,,,2.6817075588083648e-11,,192,False,secondary,behavioral/results/derived/aipsy_4split_summary/behavioral_aipsy_specificity_rq3.csv,displacement_diff
behavioral,rq4_specificity,gemma,instruct,reader,dominance,clinical_vs_complex_neutral,displacement_difference,0.0849323943170692,,,,9.162627433614609e-08,,192,False,secondary,behavioral/results/derived/aipsy_4split_summary/behavioral_aipsy_specificity_rq3.csv,displacement_diff
behavioral,rq4_specificity,gemma,instruct,self,dominance,clinical_vs_complex_neutral,displacement_difference,0.071939171510551,,,,1.1304605537993068e-05,,192,False,secondary,behavioral/results/derived/aipsy_4split_summary/behavioral_aipsy_specificity_rq3.csv,displacement_diff
behavioral,rq4_specificity,llama,base,writer,valence,clinical_vs_complex_neutral,displacement_difference,-0.0064532955619239,,,,0.0004782877823102,,192,False,secondary,behavioral/results/derived/aipsy_4split_summary/behavioral_aipsy_specificity_rq3.csv,displacement_diff
behavioral,rq4_specificity,llama,base,writer,arousal,clinical_vs_complex_neutral,displacement_difference,-0.0046129696629397,,,,5.543950176221453e-06,,192,False,secondary,behavioral/results/derived/aipsy_4split_summary/behavioral_aipsy_specificity_rq3.csv,displacement_diff
behavioral,rq4_specificity,llama,base,writer,dominance,clinical_vs_complex_neutral,displacement_difference,-0.0069267212779562,,,,3.610945179442619e-08,,192,False,secondary,behavioral/results/derived/aipsy_4split_summary/behavioral_aipsy_specificity_rq3.csv,displacement_diff
behavioral,rq4_specificity,llama,base,reader,dominance,clinical_vs_complex_neutral,displacement_difference,-0.0075982568011433,,,,1.1871960177795236e-08,,192,False,secondary,behavioral/results/derived/aipsy_4split_summary/behavioral_aipsy_specificity_rq3.csv,displacement_diff
behavioral,rq4_specificity,llama,base,self,dominance,clinical_vs_complex_neutral,displacement_difference,-0.0055448380711227,,,,1.2681274411620012e-05,,192,False,secondary,behavioral/results/derived/aipsy_4split_summary/behavioral_aipsy_specificity_rq3.csv,displacement_diff
behavioral,rq4_specificity,llama,instruct,writer,valence,clinical_vs_complex_neutral,displacement_difference,-0.0042141445478124,,,,0.1721115227976107,,192,False,secondary,behavioral/results/derived/aipsy_4split_summary/behavioral_aipsy_specificity_rq3.csv,displacement_diff
behavioral,rq4_specificity,llama,instruct,writer,arousal,clinical_vs_complex_neutral,displacement_difference,-0.0034942705141417,,,,0.4885834327174789,,192,False,secondary,behavioral/results/derived/aipsy_4split_summary/behavioral_aipsy_specificity_rq3.csv,displacement_diff
behavioral,rq4_specificity,llama,instruct,writer,dominance,clinical_vs_complex_neutral,displacement_difference,0.0009950654556219,,,,0.8337642716623859,,192,False,secondary,behavioral/results/derived/aipsy_4split_summary/behavioral_aipsy_specificity_rq3.csv,displacement_diff
behavioral,rq4_specificity,llama,instruct,reader,dominance,clinical_vs_complex_neutral,displacement_difference,0.0179660935737538,,,,4.586385370552985e-05,,192,False,secondary,behavioral/results/derived/aipsy_4split_summary/behavioral_aipsy_specificity_rq3.csv,displacement_diff
behavioral,rq4_specificity,llama,instruct,self,dominance,clinical_vs_complex_neutral,displacement_difference,0.0038590913708714,,,,0.4654386345915517,,192,False,secondary,behavioral/results/derived/aipsy_4split_summary/behavioral_aipsy_specificity_rq3.csv,displacement_diff
behavioral,rq4_specificity,olmo,base,writer,valence,clinical_vs_complex_neutral,displacement_difference,0.0096641500052593,,,,6.782479171048787e-05,,192,False,secondary,behavioral/results/derived/aipsy_4split_summary/behavioral_aipsy_specificity_rq3.csv,displacement_diff
behavioral,rq4_specificity,olmo,base,writer,arousal,clinical_vs_complex_neutral,displacement_difference,-0.0011776673459531,,,,0.3599882933305712,,192,False,secondary,behavioral/results/derived/aipsy_4split_summary/behavioral_aipsy_specificity_rq3.csv,displacement_diff
behavioral,rq4_specificity,olmo,base,writer,dominance,clinical_vs_complex_neutral,displacement_difference,-0.0036528530639096,,,,0.0037298364334937,,192,False,secondary,behavioral/results/derived/aipsy_4split_summary/behavioral_aipsy_specificity_rq3.csv,displacement_diff
behavioral,rq4_specificity,olmo,base,reader,dominance,clinical_vs_complex_neutral,displacement_difference,-0.0064131699223532,,,,7.071138906656951e-06,,192,False,secondary,behavioral/results/derived/aipsy_4split_summary/behavioral_aipsy_specificity_rq3.csv,displacement_diff
behavioral,rq4_specificity,olmo,base,self,dominance,clinical_vs_complex_neutral,displacement_difference,-0.0014410260019001,,,,0.0750387284419696,,192,False,secondary,behavioral/results/derived/aipsy_4split_summary/behavioral_aipsy_specificity_rq3.csv,displacement_diff
behavioral,rq4_specificity,olmo,instruct,writer,valence,clinical_vs_complex_neutral,displacement_difference,-0.0073670359434725,,,,0.0408026938342736,,192,False,secondary,behavioral/results/derived/aipsy_4split_summary/behavioral_aipsy_specificity_rq3.csv,displacement_diff
behavioral,rq4_specificity,olmo,instruct,writer,arousal,clinical_vs_complex_neutral,displacement_difference,0.0200916895441498,,,,0.0006910568224326,,192,False,secondary,behavioral/results/derived/aipsy_4split_summary/behavioral_aipsy_specificity_rq3.csv,displacement_diff
behavioral,rq4_specificity,olmo,instruct,writer,dominance,clinical_vs_complex_neutral,displacement_difference,0.0024691223001666,,,,0.6591383458166331,,192,False,secondary,behavioral/results/derived/aipsy_4split_summary/behavioral_aipsy_specificity_rq3.csv,displacement_diff
behavioral,rq4_specificity,olmo,instruct,reader,dominance,clinical_vs_complex_neutral,displacement_difference,-0.0218038304796853,,,,0.0011882731847948,,192,False,secondary,behavioral/results/derived/aipsy_4split_summary/behavioral_aipsy_specificity_rq3.csv,displacement_diff
behavioral,rq4_specificity,olmo,instruct,self,dominance,clinical_vs_complex_neutral,displacement_difference,0.0011500598693976,,,,0.8174305738208243,,192,False,secondary,behavioral/results/derived/aipsy_4split_summary/behavioral_aipsy_specificity_rq3.csv,displacement_diff
behavioral,rq4_specificity,qwen,base,writer,valence,clinical_vs_complex_neutral,displacement_difference,0.0033842238928443,,,,0.0103284580757068,,192,False,secondary,behavioral/results/derived/aipsy_4split_summary/behavioral_aipsy_specificity_rq3.csv,displacement_diff
behavioral,rq4_specificity,qwen,base,writer,arousal,clinical_vs_complex_neutral,displacement_difference,0.0090682930723917,,,,4.053617489691925e-09,,192,False,secondary,behavioral/results/derived/aipsy_4split_summary/behavioral_aipsy_specificity_rq3.csv,displacement_diff
behavioral,rq4_specificity,qwen,base,writer,dominance,clinical_vs_complex_neutral,displacement_difference,0.0113081413544296,,,,1.8335702395445038e-17,,192,False,secondary,behavioral/results/derived/aipsy_4split_summary/behavioral_aipsy_specificity_rq3.csv,displacement_diff
behavioral,rq4_specificity,qwen,base,reader,dominance,clinical_vs_complex_neutral,displacement_difference,0.009422569763943,,,,1.2517428563035165e-17,,192,False,secondary,behavioral/results/derived/aipsy_4split_summary/behavioral_aipsy_specificity_rq3.csv,displacement_diff
behavioral,rq4_specificity,qwen,base,self,dominance,clinical_vs_complex_neutral,displacement_difference,0.0135016542780712,,,,8.63543043245492e-22,,192,False,secondary,behavioral/results/derived/aipsy_4split_summary/behavioral_aipsy_specificity_rq3.csv,displacement_diff
behavioral,rq4_specificity,qwen,instruct,writer,valence,clinical_vs_complex_neutral,displacement_difference,0.0073196256443749,,,,0.062086268602518,,192,False,secondary,behavioral/results/derived/aipsy_4split_summary/behavioral_aipsy_specificity_rq3.csv,displacement_diff
behavioral,rq4_specificity,qwen,instruct,writer,arousal,clinical_vs_complex_neutral,displacement_difference,0.0015406492850421,,,,0.7501761765153626,,192,False,secondary,behavioral/results/derived/aipsy_4split_summary/behavioral_aipsy_specificity_rq3.csv,displacement_diff
behavioral,rq4_specificity,qwen,instruct,writer,dominance,clinical_vs_complex_neutral,displacement_difference,-0.002521381933349,,,,0.1804765012768969,,192,False,secondary,behavioral/results/derived/aipsy_4split_summary/behavioral_aipsy_specificity_rq3.csv,displacement_diff
behavioral,rq4_specificity,qwen,instruct,reader,dominance,clinical_vs_complex_neutral,displacement_difference,-0.0013728625102986,,,,0.5025283755676739,,192,False,secondary,behavioral/results/derived/aipsy_4split_summary/behavioral_aipsy_specificity_rq3.csv,displacement_diff
behavioral,rq4_specificity,qwen,instruct,self,dominance,clinical_vs_complex_neutral,displacement_difference,-0.0049219353366437,,,,0.0465021656025898,,192,False,secondary,behavioral/results/derived/aipsy_4split_summary/behavioral_aipsy_specificity_rq3.csv,displacement_diff
behavioral,rq5_coupling,gemma,base,reader_self,valence,raw_static_coupling,raw_pearson_r,0.8723967720520789,,,,,,480,False,secondary,behavioral/results/derived/aipsy_4split_summary/behavioral_aipsy_coupling_rq4.csv,r
behavioral,rq5_coupling,gemma,base,reader_self,arousal,raw_static_coupling,raw_pearson_r,0.8246991969547881,,,,,,480,False,secondary,behavioral/results/derived/aipsy_4split_summary/behavioral_aipsy_coupling_rq4.csv,r
behavioral,rq5_coupling,gemma,base,reader_self,dominance,raw_static_coupling,raw_pearson_r,0.963975085384331,,,,,,480,False,secondary,behavioral/results/derived/aipsy_4split_summary/behavioral_aipsy_coupling_rq4.csv,r
behavioral,rq5_coupling,gemma,instruct,reader_self,valence,raw_static_coupling,raw_pearson_r,0.6426540126908207,,,,,,480,False,secondary,behavioral/results/derived/aipsy_4split_summary/behavioral_aipsy_coupling_rq4.csv,r
behavioral,rq5_coupling,gemma,instruct,reader_self,arousal,raw_static_coupling,raw_pearson_r,0.7561151628676909,,,,,,480,False,secondary,behavioral/results/derived/aipsy_4split_summary/behavioral_aipsy_coupling_rq4.csv,r
behavioral,rq5_coupling,gemma,instruct,reader_self,dominance,raw_static_coupling,raw_pearson_r,0.91519607754582,,,,,,480,False,secondary,behavioral/results/derived/aipsy_4split_summary/behavioral_aipsy_coupling_rq4.csv,r
behavioral,rq5_coupling,llama,base,reader_self,valence,raw_static_coupling,raw_pearson_r,0.8635107079868176,,,,,,480,False,secondary,behavioral/results/derived/aipsy_4split_summary/behavioral_aipsy_coupling_rq4.csv,r
behavioral,rq5_coupling,llama,base,reader_self,arousal,raw_static_coupling,raw_pearson_r,0.9411533272295344,,,,,,480,False,secondary,behavioral/results/derived/aipsy_4split_summary/behavioral_aipsy_coupling_rq4.csv,r
behavioral,rq5_coupling,llama,base,reader_self,dominance,raw_static_coupling,raw_pearson_r,0.94946344441255,,,,,,480,False,secondary,behavioral/results/derived/aipsy_4split_summary/behavioral_aipsy_coupling_rq4.csv,r
behavioral,rq5_coupling,llama,instruct,reader_self,valence,raw_static_coupling,raw_pearson_r,0.7985302350558889,,,,,,480,False,secondary,behavioral/results/derived/aipsy_4split_summary/behavioral_aipsy_coupling_rq4.csv,r
behavioral,rq5_coupling,llama,instruct,reader_self,arousal,raw_static_coupling,raw_pearson_r,0.7176713614514494,,,,,,480,False,secondary,behavioral/results/derived/aipsy_4split_summary/behavioral_aipsy_coupling_rq4.csv,r
behavioral,rq5_coupling,llama,instruct,reader_self,dominance,raw_static_coupling,raw_pearson_r,0.952780511101608,,,,,,480,False,secondary,behavioral/results/derived/aipsy_4split_summary/behavioral_aipsy_coupling_rq4.csv,r
behavioral,rq5_coupling,olmo,base,reader_self,valence,raw_static_coupling,raw_pearson_r,0.6675258583340532,,,,,,480,False,secondary,behavioral/results/derived/aipsy_4split_summary/behavioral_aipsy_coupling_rq4.csv,r
behavioral,rq5_coupling,olmo,base,reader_self,arousal,raw_static_coupling,raw_pearson_r,0.6370935979075857,,,,,,480,False,secondary,behavioral/results/derived/aipsy_4split_summary/behavioral_aipsy_coupling_rq4.csv,r
behavioral,rq5_coupling,olmo,base,reader_self,dominance,raw_static_coupling,raw_pearson_r,0.7860873747569371,,,,,,480,False,secondary,behavioral/results/derived/aipsy_4split_summary/behavioral_aipsy_coupling_rq4.csv,r
behavioral,rq5_coupling,olmo,instruct,reader_self,valence,raw_static_coupling,raw_pearson_r,0.9027424972398748,,,,,,480,False,secondary,behavioral/results/derived/aipsy_4split_summary/behavioral_aipsy_coupling_rq4.csv,r
behavioral,rq5_coupling,olmo,instruct,reader_self,arousal,raw_static_coupling,raw_pearson_r,0.935097740729922,,,,,,480,False,secondary,behavioral/results/derived/aipsy_4split_summary/behavioral_aipsy_coupling_rq4.csv,r
behavioral,rq5_coupling,olmo,instruct,reader_self,dominance,raw_static_coupling,raw_pearson_r,0.9414265967721408,,,,,,480,False,secondary,behavioral/results/derived/aipsy_4split_summary/behavioral_aipsy_coupling_rq4.csv,r
behavioral,rq5_coupling,qwen,base,reader_self,valence,raw_static_coupling,raw_pearson_r,0.8377112249137117,,,,,,480,False,secondary,behavioral/results/derived/aipsy_4split_summary/behavioral_aipsy_coupling_rq4.csv,r
behavioral,rq5_coupling,qwen,base,reader_self,arousal,raw_static_coupling,raw_pearson_r,0.828109863126995,,,,,,480,False,secondary,behavioral/results/derived/aipsy_4split_summary/behavioral_aipsy_coupling_rq4.csv,r
behavioral,rq5_coupling,qwen,base,reader_self,dominance,raw_static_coupling,raw_pearson_r,0.9561784387089456,,,,,,480,False,secondary,behavioral/results/derived/aipsy_4split_summary/behavioral_aipsy_coupling_rq4.csv,r
behavioral,rq5_coupling,qwen,instruct,reader_self,valence,raw_static_coupling,raw_pearson_r,0.8982106069580542,,,,,,480,False,secondary,behavioral/results/derived/aipsy_4split_summary/behavioral_aipsy_coupling_rq4.csv,r
behavioral,rq5_coupling,qwen,instruct,reader_self,arousal,raw_static_coupling,raw_pearson_r,0.8984572539496886,,,,,,480,False,secondary,behavioral/results/derived/aipsy_4split_summary/behavioral_aipsy_coupling_rq4.csv,r
behavioral,rq5_coupling,qwen,instruct,reader_self,dominance,raw_static_coupling,raw_pearson_r,0.8827738195482041,,,,,,480,False,secondary,behavioral/results/derived/aipsy_4split_summary/behavioral_aipsy_coupling_rq4.csv,r
v1,rq1_shared_decodability,gemma,base,reader_self,valence,emobank_linear_probe,peak_depth_distance,0.0,,,,,,,False,secondary,v1/results/derived/v1_phase_a/gemma_base/e1_emobank_decodability.csv,"[""target_V_human_r2_reader"", ""target_V_human_r2_self""]"
v1,rq1_shared_decodability,gemma,base,reader_self,arousal,emobank_linear_probe,peak_depth_distance,0.040000000000000036,,,,,,,False,secondary,v1/results/derived/v1_phase_a/gemma_base/e1_emobank_decodability.csv,"[""target_A_human_r2_reader"", ""target_A_human_r2_self""]"
v1,rq1_shared_decodability,gemma,instruct,reader_self,valence,emobank_linear_probe,peak_depth_distance,0.08000000000000007,,,,,,,False,secondary,v1/results/derived/v1_phase_a/gemma_instruct/e1_emobank_decodability.csv,"[""target_V_human_r2_reader"", ""target_V_human_r2_self""]"
v1,rq1_shared_decodability,gemma,instruct,reader_self,arousal,emobank_linear_probe,peak_depth_distance,0.36,,,,,,,False,secondary,v1/results/derived/v1_phase_a/gemma_instruct/e1_emobank_decodability.csv,"[""target_A_human_r2_reader"", ""target_A_human_r2_self""]"
v1,rq1_shared_decodability,llama,base,reader_self,valence,emobank_linear_probe,peak_depth_distance,0.19999999999999996,,,,,,,False,secondary,v1/results/derived/v1_phase_a/llama_base/e1_emobank_decodability.csv,"[""target_V_human_r2_reader"", ""target_V_human_r2_self""]"
v1,rq1_shared_decodability,llama,base,reader_self,arousal,emobank_linear_probe,peak_depth_distance,0.0,,,,,,,False,secondary,v1/results/derived/v1_phase_a/llama_base/e1_emobank_decodability.csv,"[""target_A_human_r2_reader"", ""target_A_human_r2_self""]"
v1,rq1_shared_decodability,llama,instruct,reader_self,valence,emobank_linear_probe,peak_depth_distance,0.1333333333333333,,,,,,,False,secondary,v1/results/derived/v1_phase_a/llama_instruct/e1_emobank_decodability.csv,"[""target_V_human_r2_reader"", ""target_V_human_r2_self""]"
v1,rq1_shared_decodability,llama,instruct,reader_self,arousal,emobank_linear_probe,peak_depth_distance,0.0,,,,,,,False,secondary,v1/results/derived/v1_phase_a/llama_instruct/e1_emobank_decodability.csv,"[""target_A_human_r2_reader"", ""target_A_human_r2_self""]"
v1,rq1_shared_decodability,olmo,base,reader_self,valence,emobank_linear_probe,peak_depth_distance,0.0,,,,,,,False,secondary,v1/results/derived/v1_phase_a/olmo_base/e1_emobank_decodability.csv,"[""target_V_human_r2_reader"", ""target_V_human_r2_self""]"
v1,rq1_shared_decodability,olmo,base,reader_self,arousal,emobank_linear_probe,peak_depth_distance,0.1333333333333333,,,,,,,False,secondary,v1/results/derived/v1_phase_a/olmo_base/e1_emobank_decodability.csv,"[""target_A_human_r2_reader"", ""target_A_human_r2_self""]"
v1,rq1_shared_decodability,olmo,instruct,reader_self,valence,emobank_linear_probe,peak_depth_distance,0.0,,,,,,,False,secondary,v1/results/derived/v1_phase_a/olmo_instruct/e1_emobank_decodability.csv,"[""target_V_human_r2_reader"", ""target_V_human_r2_self""]"
v1,rq1_shared_decodability,olmo,instruct,reader_self,arousal,emobank_linear_probe,peak_depth_distance,0.2666666666666666,,,,,,,False,secondary,v1/results/derived/v1_phase_a/olmo_instruct/e1_emobank_decodability.csv,"[""target_A_human_r2_reader"", ""target_A_human_r2_self""]"
v1,rq1_shared_decodability,qwen,base,reader_self,valence,emobank_linear_probe,peak_depth_distance,0.0,,,,,,,False,secondary,v1/results/derived/v1_phase_a/qwen_base/e1_emobank_decodability.csv,"[""target_V_human_r2_reader"", ""target_V_human_r2_self""]"
v1,rq1_shared_decodability,qwen,base,reader_self,arousal,emobank_linear_probe,peak_depth_distance,0.07407407407407396,,,,,,,False,secondary,v1/results/derived/v1_phase_a/qwen_base/e1_emobank_decodability.csv,"[""target_A_human_r2_reader"", ""target_A_human_r2_self""]"
v1,rq1_shared_decodability,qwen,instruct,reader_self,valence,emobank_linear_probe,peak_depth_distance,0.07407407407407418,,,,,,,False,secondary,v1/results/derived/v1_phase_a/qwen_instruct/e1_emobank_decodability.csv,"[""target_V_human_r2_reader"", ""target_V_human_r2_self""]"
v1,rq1_shared_decodability,qwen,instruct,reader_self,arousal,emobank_linear_probe,peak_depth_distance,0.11111111111111105,,,,,,,False,secondary,v1/results/derived/v1_phase_a/qwen_instruct/e1_emobank_decodability.csv,"[""target_A_human_r2_reader"", ""target_A_human_r2_self""]"
v1,rq3_semantic_controls,qwen,instruct,reader,valence_arousal_joint,paraphrase_sample_audit,n_paraphrase_nonfallback,8.0,,,,,,8.0,False,diagnostic,v1/results/derived/v1_phase_b/reader/qwen_instruct/phase_b_semantic_controls.csv,n_nonfallback_paraphrase_pairs
v1,rq3_semantic_controls,qwen,base,reader,valence_arousal_joint,paraphrase_sample_audit,n_paraphrase_nonfallback,8.0,,,,,,8.0,False,diagnostic,v1/results/derived/v1_phase_b/reader/qwen_base/phase_b_semantic_controls.csv,n_nonfallback_paraphrase_pairs
v1,rq3_semantic_controls,olmo,instruct,reader,valence_arousal_joint,paraphrase_sample_audit,n_paraphrase_nonfallback,8.0,,,,,,8.0,False,diagnostic,v1/results/derived/v1_phase_b/reader/olmo_instruct/phase_b_semantic_controls.csv,n_nonfallback_paraphrase_pairs
v1,rq3_semantic_controls,llama,base,reader,valence_arousal_joint,paraphrase_sample_audit,n_paraphrase_nonfallback,8.0,,,,,,8.0,False,diagnostic,v1/results/derived/v1_phase_b/reader/llama_base/phase_b_semantic_controls.csv,n_nonfallback_paraphrase_pairs
v1,rq3_semantic_controls,olmo,base,reader,valence_arousal_joint,paraphrase_sample_audit,n_paraphrase_nonfallback,8.0,,,,,,8.0,False,diagnostic,v1/results/derived/v1_phase_b/reader/olmo_base/phase_b_semantic_controls.csv,n_nonfallback_paraphrase_pairs
v1,rq3_semantic_controls,gemma,base,reader,valence_arousal_joint,paraphrase_sample_audit,n_paraphrase_nonfallback,8.0,,,,,,8.0,False,diagnostic,v1/results/derived/v1_phase_b/reader/gemma_base/phase_b_semantic_controls.csv,n_nonfallback_paraphrase_pairs
v1,rq3_semantic_controls,gemma,instruct,reader,valence_arousal_joint,paraphrase_sample_audit,n_paraphrase_nonfallback,8.0,,,,,,8.0,False,diagnostic,v1/results/derived/v1_phase_b/reader/gemma_instruct/phase_b_semantic_controls.csv,n_nonfallback_paraphrase_pairs
v1,rq3_semantic_controls,llama,instruct,reader,valence_arousal_joint,paraphrase_sample_audit,n_paraphrase_nonfallback,8.0,,,,,,8.0,False,diagnostic,v1/results/derived/v1_phase_b/reader/llama_instruct/phase_b_semantic_controls.csv,n_nonfallback_paraphrase_pairs
v1,rq3_semantic_controls,olmo,base,self,valence_arousal_joint,paraphrase_sample_audit,n_paraphrase_nonfallback,8.0,,,,,,8.0,False,diagnostic,v1/results/derived/v1_phase_b/self/olmo_base/phase_b_semantic_controls.csv,n_nonfallback_paraphrase_pairs
v1,rq3_semantic_controls,llama,instruct,self,valence_arousal_joint,paraphrase_sample_audit,n_paraphrase_nonfallback,8.0,,,,,,8.0,False,diagnostic,v1/results/derived/v1_phase_b/self/llama_instruct/phase_b_semantic_controls.csv,n_nonfallback_paraphrase_pairs
v1,rq3_semantic_controls,olmo,instruct,self,valence_arousal_joint,paraphrase_sample_audit,n_paraphrase_nonfallback,8.0,,,,,,8.0,False,diagnostic,v1/results/derived/v1_phase_b/self/olmo_instruct/phase_b_semantic_controls.csv,n_nonfallback_paraphrase_pairs
v1,rq3_semantic_controls,gemma,instruct,self,valence_arousal_joint,paraphrase_sample_audit,n_paraphrase_nonfallback,8.0,,,,,,8.0,False,diagnostic,v1/results/derived/v1_phase_b/self/gemma_instruct/phase_b_semantic_controls.csv,n_nonfallback_paraphrase_pairs
v1,rq3_semantic_controls,llama,base,self,valence_arousal_joint,paraphrase_sample_audit,n_paraphrase_nonfallback,8.0,,,,,,8.0,False,diagnostic,v1/results/derived/v1_phase_b/self/llama_base/phase_b_semantic_controls.csv,n_nonfallback_paraphrase_pairs
v1,rq3_semantic_controls,qwen,instruct,self,valence_arousal_joint,paraphrase_sample_audit,n_paraphrase_nonfallback,8.0,,,,,,8.0,False,diagnostic,v1/results/derived/v1_phase_b/self/qwen_instruct/phase_b_semantic_controls.csv,n_nonfallback_paraphrase_pairs
v1,rq3_semantic_controls,qwen,base,self,valence_arousal_joint,paraphrase_sample_audit,n_paraphrase_nonfallback,8.0,,,,,,8.0,False,diagnostic,v1/results/derived/v1_phase_b/self/qwen_base/phase_b_semantic_controls.csv,n_nonfallback_paraphrase_pairs
v1,rq3_semantic_controls,gemma,base,self,valence_arousal_joint,paraphrase_sample_audit,n_paraphrase_nonfallback,8.0,,,,,,8.0,False,diagnostic,v1/results/derived/v1_phase_b/self/gemma_base/phase_b_semantic_controls.csv,n_nonfallback_paraphrase_pairs
v1,rq4_shared_causal_map,gemma,base,reader_self,valence_arousal_joint,prompt_end_causal_trace,causal_profile_spearman,0.8023931623931623,,,,,,,False,secondary,v1/results/derived/v1_phase_c_prompt_end/gemma_base/e3_causal_map.csv,"[""magnitude_reader"", ""magnitude_self""]"
v1,rq4_shared_causal_map,gemma,instruct,reader_self,valence_arousal_joint,prompt_end_causal_trace,causal_profile_spearman,0.6464957264957265,,,,,,,False,secondary,v1/results/derived/v1_phase_c_prompt_end/gemma_instruct/e3_causal_map.csv,"[""magnitude_reader"", ""magnitude_self""]"
v1,rq4_shared_causal_map,llama,base,reader_self,valence_arousal_joint,prompt_end_causal_trace,causal_profile_spearman,0.5823529411764706,,,,,,,False,secondary,v1/results/derived/v1_phase_c_prompt_end/llama_base/e3_causal_map.csv,"[""magnitude_reader"", ""magnitude_self""]"
v1,rq4_shared_causal_map,llama,instruct,reader_self,valence_arousal_joint,prompt_end_causal_trace,causal_profile_spearman,0.8823529411764707,,,,,,,False,secondary,v1/results/derived/v1_phase_c_prompt_end/llama_instruct/e3_causal_map.csv,"[""magnitude_reader"", ""magnitude_self""]"
v1,rq4_shared_causal_map,olmo,base,reader_self,valence_arousal_joint,prompt_end_causal_trace,causal_profile_spearman,0.7147058823529412,,,,,,,False,secondary,v1/results/derived/v1_phase_c_prompt_end/olmo_base/e3_causal_map.csv,"[""magnitude_reader"", ""magnitude_self""]"
v1,rq4_shared_causal_map,olmo,instruct,reader_self,valence_arousal_joint,prompt_end_causal_trace,causal_profile_spearman,0.7705882352941176,,,,,,,False,secondary,v1/results/derived/v1_phase_c_prompt_end/olmo_instruct/e3_causal_map.csv,"[""magnitude_reader"", ""magnitude_self""]"
v1,rq4_shared_causal_map,qwen,base,reader_self,valence_arousal_joint,prompt_end_causal_trace,causal_profile_spearman,0.8051450465243569,,,,,,,False,secondary,v1/results/derived/v1_phase_c_prompt_end/qwen_base/e3_causal_map.csv,"[""magnitude_reader"", ""magnitude_self""]"
v1,rq4_shared_causal_map,qwen,instruct,reader_self,valence_arousal_joint,prompt_end_causal_trace,causal_profile_spearman,0.7985769020251778,,,,,,,False,secondary,v1/results/derived/v1_phase_c_prompt_end/qwen_instruct/e3_causal_map.csv,"[""magnitude_reader"", ""magnitude_self""]"
v2,rq2_sharing_reorganization,qwen,instruct_native_vs_plain,reader_self,valence,format_effect,format_delta_sharing,0.4910006122130043,,,,,,,False,secondary,v2/results/derived/v2_cross_family_summary.json,mean_delta_sharing_format
v2,rq2_sharing_reorganization,qwen,instruct_native_vs_plain,reader_self,arousal,format_effect,format_delta_sharing,-0.14706240666230666,,,,,,,False,secondary,v2/results/derived/v2_cross_family_summary.json,mean_delta_sharing_format
v2,rq2_sharing_reorganization,llama,instruct_native_vs_plain,reader_self,valence,format_effect,format_delta_sharing,-0.08174767187091572,,,,,,,False,secondary,v2/results/derived/v2_cross_family_summary.json,mean_delta_sharing_format
v2,rq2_sharing_reorganization,llama,instruct_native_vs_plain,reader_self,arousal,format_effect,format_delta_sharing,-0.48799785455063555,,,,,,,False,secondary,v2/results/derived/v2_cross_family_summary.json,mean_delta_sharing_format
v2,rq2_sharing_reorganization,gemma,instruct_native_vs_plain,reader_self,valence,format_effect,format_delta_sharing,-1.333197633951311,,,,,,,False,secondary,v2/results/derived/v2_cross_family_summary.json,mean_delta_sharing_format
v2,rq2_sharing_reorganization,gemma,instruct_native_vs_plain,reader_self,arousal,format_effect,format_delta_sharing,-5.860436596501186,,,,,,,False,secondary,v2/results/derived/v2_cross_family_summary.json,mean_delta_sharing_format
v2,rq2_sharing_reorganization,olmo,instruct_native_vs_plain,reader_self,valence,format_effect,format_delta_sharing,-0.9786551979888333,,,,,,,False,secondary,v2/results/derived/v2_cross_family_summary.json,mean_delta_sharing_format
v2,rq2_sharing_reorganization,olmo,instruct_native_vs_plain,reader_self,arousal,format_effect,format_delta_sharing,-0.26690227342160017,,,,,,,False,secondary,v2/results/derived/v2_cross_family_summary.json,mean_delta_sharing_format
v2,rq3_causal_relocation_lmm,cross_family,instruct_vs_base,reader_and_self,valence,matched_plain_lmm,lmm_beta::Intercept,5.76174584397612e-05,,,,,,,False,control,v2/results/derived/v2_lmm_confirmatory.json,params.Intercept
v2,rq3_causal_relocation_lmm,cross_family,instruct_vs_base,reader_and_self,valence,matched_plain_lmm,lmm_beta::C(family)[T.llama],-1.1214402322067203e-06,,-4.655368484324408e-05,4.431080437883064e-05,0.9614139162979236,,,False,control,v2/results/derived/v2_lmm_confirmatory.json,params.C(family)[T.llama]
v2,rq3_causal_relocation_lmm,cross_family,instruct_vs_base,reader_and_self,valence,matched_plain_lmm,lmm_beta::C(family)[T.olmo],-8.004493027322888e-06,,-5.3436737638360246e-05,3.7427751583714474e-05,0.7298562060644385,,,False,control,v2/results/derived/v2_lmm_confirmatory.json,params.C(family)[T.olmo]
v2,rq3_causal_relocation_lmm,cross_family,instruct_vs_base,reader_and_self,valence,matched_plain_lmm,lmm_beta::C(family)[T.qwen],1.3592061218636573e-05,,-2.534986273368132e-05,5.2533985170954465e-05,0.4939155843569477,,,False,control,v2/results/derived/v2_lmm_confirmatory.json,params.C(family)[T.qwen]
v2,rq3_causal_relocation_lmm,cross_family,instruct_vs_base,reader_and_self,valence,matched_plain_lmm,lmm_beta::alignment,-9.511450747289442e-05,,-0.00017936627295181762,-1.0862741993971221e-05,0.026920687544953626,,,False,control,v2/results/derived/v2_lmm_confirmatory.json,params.C(alignment)[T.inst]
v2,rq3_causal_relocation_lmm,cross_family,instruct_vs_base,reader_and_self,valence,matched_plain_lmm,lmm_beta::task,-9.776081935710694e-05,,-0.00018201258483603014,-1.3509053878183757e-05,0.022952309436270805,,,False,control,v2/results/derived/v2_lmm_confirmatory.json,params.C(task)[T.self]
v2,rq3_causal_relocation_lmm,cross_family,instruct_vs_base,reader_and_self,valence,matched_plain_lmm,lmm_beta::alignment_x_task,0.00016289997228336232,,4.37499828891887e-05,0.0002820499616775359,0.007370322185755965,0.04422193311453579,,False,control,v2/results/derived/v2_lmm_confirmatory.json,params.C(alignment)[T.inst]:C(task)[T.self]
v2,rq3_causal_relocation_lmm,cross_family,instruct_vs_base,reader_and_self,valence,matched_plain_lmm,lmm_beta::relative_depth,-3.205684174300071e-05,,-0.0001340035320887509,6.988984860274947e-05,0.5376932376755055,,,False,control,v2/results/derived/v2_lmm_confirmatory.json,params.relative_depth
v2,rq3_causal_relocation_lmm,cross_family,instruct_vs_base,reader_and_self,valence,matched_plain_lmm,lmm_beta::alignment_x_relative_depth,8.972188489928383e-05,,-5.445250722672942e-05,0.00023389627702529708,0.22257294817793483,0.30407910709874675,,False,control,v2/results/derived/v2_lmm_confirmatory.json,params.C(alignment)[T.inst]:relative_depth
v2,rq3_causal_relocation_lmm,cross_family,instruct_vs_base,reader_and_self,valence,matched_plain_lmm,lmm_beta::task_x_relative_depth,0.00010758624085157658,,-3.658815127443662e-05,0.0002517606329775898,0.14358504562518687,,,False,control,v2/results/derived/v2_lmm_confirmatory.json,params.C(task)[T.self]:relative_depth
v2,rq3_causal_relocation_lmm,cross_family,instruct_vs_base,reader_and_self,valence,matched_plain_lmm,lmm_beta::alignment_x_task_x_relative_depth,-0.000191723788875744,,-0.00039561716956725603,1.216959181576802e-05,0.06533171692559266,0.19599515077677798,,False,control,v2/results/derived/v2_lmm_confirmatory.json,params.C(alignment)[T.inst]:C(task)[T.self]:relative_depth
v2,rq3_causal_relocation_lmm,cross_family,instruct_vs_base,reader_and_self,valence,matched_plain_lmm,lmm_beta::GroupVar,0.0,,,,,,,False,control,v2/results/derived/v2_lmm_confirmatory.json,params.Group Var
v2,rq3_causal_relocation_lmm,cross_family,instruct_vs_base,reader_and_self,arousal,matched_plain_lmm,lmm_beta::Intercept,-6.203841116478745e-06,,,,,,,False,control,v2/results/derived/v2_lmm_confirmatory.json,params.Intercept
v2,rq3_causal_relocation_lmm,cross_family,instruct_vs_base,reader_and_self,arousal,matched_plain_lmm,lmm_beta::C(family)[T.llama],-4.1983322647844425e-06,,-1.5624789024490463e-05,7.228124494921579e-06,0.4714424942200165,,,False,control,v2/results/derived/v2_lmm_confirmatory.json,params.C(family)[T.llama]
v2,rq3_causal_relocation_lmm,cross_family,instruct_vs_base,reader_and_self,arousal,matched_plain_lmm,lmm_beta::C(family)[T.olmo],5.530646209327525e-06,,-5.895810550378495e-06,1.6957102969033545e-05,0.3427915645432986,,,False,control,v2/results/derived/v2_lmm_confirmatory.json,params.C(family)[T.olmo]
v2,rq3_causal_relocation_lmm,cross_family,instruct_vs_base,reader_and_self,arousal,matched_plain_lmm,lmm_beta::C(family)[T.qwen],-2.4702292840363263e-06,,-1.2264335078070098e-05,7.3238765099974445e-06,0.6210702494268032,,,False,control,v2/results/derived/v2_lmm_confirmatory.json,params.C(family)[T.qwen]
v2,rq3_causal_relocation_lmm,cross_family,instruct_vs_base,reader_and_self,arousal,matched_plain_lmm,lmm_beta::alignment,6.478835827740253e-06,,-1.4710941684153313e-05,2.766861333963382e-05,0.5489964082016039,,,False,control,v2/results/derived/v2_lmm_confirmatory.json,params.C(alignment)[T.inst]
v2,rq3_causal_relocation_lmm,cross_family,instruct_vs_base,reader_and_self,arousal,matched_plain_lmm,lmm_beta::task,1.3282829031261621e-06,,-1.9861494608767397e-05,2.251806041501972e-05,0.9022175653424532,,,False,control,v2/results/derived/v2_lmm_confirmatory.json,params.C(task)[T.self]
v2,rq3_causal_relocation_lmm,cross_family,instruct_vs_base,reader_and_self,arousal,matched_plain_lmm,lmm_beta::alignment_x_task,-1.6635263352334822e-05,,-4.660213409332387e-05,1.333160738865423e-05,0.27658683316872057,0.30407910709874675,,False,control,v2/results/derived/v2_lmm_confirmatory.json,params.C(alignment)[T.inst]:C(task)[T.self]
v2,rq3_causal_relocation_lmm,cross_family,instruct_vs_base,reader_and_self,arousal,matched_plain_lmm,lmm_beta::relative_depth,2.4880787737298492e-06,,-2.3152068637077434e-05,2.8128226184537133e-05,0.8491588670942651,,,False,control,v2/results/derived/v2_lmm_confirmatory.json,params.relative_depth
v2,rq3_causal_relocation_lmm,cross_family,instruct_vs_base,reader_and_self,arousal,matched_plain_lmm,lmm_beta::alignment_x_relative_depth,-1.90136034997253e-05,,-5.52742477093351e-05,1.72470407098845e-05,0.30407910709874675,0.30407910709874675,,False,control,v2/results/derived/v2_lmm_confirmatory.json,params.C(alignment)[T.inst]:relative_depth
v2,rq3_causal_relocation_lmm,cross_family,instruct_vs_base,reader_and_self,arousal,matched_plain_lmm,lmm_beta::task_x_relative_depth,-1.2477883088603175e-05,,-4.8738527298212974e-05,2.3782761121006624e-05,0.5000215833944643,,,False,control,v2/results/derived/v2_lmm_confirmatory.json,params.C(task)[T.self]:relative_depth
v2,rq3_causal_relocation_lmm,cross_family,instruct_vs_base,reader_and_self,arousal,matched_plain_lmm,lmm_beta::alignment_x_task_x_relative_depth,3.382532519484998e-05,,-1.7454969626767454e-05,8.510562001646741e-05,0.19607178069900266,0.30407910709874675,,False,control,v2/results/derived/v2_lmm_confirmatory.json,params.C(alignment)[T.inst]:C(task)[T.self]:relative_depth
v2,rq3_causal_relocation_lmm,cross_family,instruct_vs_base,reader_and_self,arousal,matched_plain_lmm,lmm_beta::GroupVar,0.0,,,,,,,False,control,v2/results/derived/v2_lmm_confirmatory.json,params.Group Var
v3,rq2_spatiotemporal_maps,qwen,instruct,self,valence,pre_V,delta_d_peak,-0.11111111111111116,,,,,,,False,discovery,v3/results/derived/v3_spatiotemporal_summary.json,delta_d_peak
v3,rq2_spatiotemporal_maps,qwen,instruct,self,valence,pre_V,delta_d_center,-0.12769604821200975,,,,,,,False,discovery,v3/results/derived/v3_spatiotemporal_summary.json,delta_d_center
v3,rq2_spatiotemporal_maps,qwen,instruct,self,arousal,pre_A,delta_d_peak,-0.07407407407407407,,,,,,,False,discovery,v3/results/derived/v3_spatiotemporal_summary.json,delta_d_peak
v3,rq2_spatiotemporal_maps,qwen,instruct,self,arousal,pre_A,delta_d_center,0.03869984224697709,,,,,,,False,discovery,v3/results/derived/v3_spatiotemporal_summary.json,delta_d_center
v3,rq2_spatiotemporal_maps,qwen,instruct,self,valence_arousal_joint,response_end,negative_control_causal_effect,0.0,response_end_control_verified,,,,,,False,control,v3/results/raw/v3_rq2_spatiotemporal_maps_qwen.json,response_end
v3,rq3_path_mediation,qwen,instruct,self,valence,confirmation_set_subspace_removal,mediated_attenuation,0.0009005965765131,,-0.0010533994805299665,0.002946137977779052,,,96.0,False,exploratory,v3/results/derived/v3_path_mediation_summary.json,valence_mediated_attenuation
v3,rq3_path_mediation,qwen,instruct,self,valence,confirmation_set_subspace_removal,attenuation_ratio,0.008711586152341595,,-0.01765210432439784,0.03423276473745978,,,96.0,False,secondary,v3/results/derived/v3_path_mediation_summary.json,valence_attenuation_ratio
v3,rq3_path_mediation,qwen,instruct,self,arousal,confirmation_set_subspace_removal,mediated_attenuation,0.00027120556428754844,,-0.00015274553004008997,0.0006570350671272356,,,96.0,False,exploratory,v3/results/derived/v3_path_mediation_summary.json,arousal_mediated_attenuation
v3,rq3_path_mediation,qwen,instruct,self,arousal,confirmation_set_subspace_removal,attenuation_ratio,0.005785310128334298,,0.00011758644637542707,0.011346025166534846,,,96.0,False,secondary,v3/results/derived/v3_path_mediation_summary.json,arousal_attenuation_ratio
v3,rq4_confirmatory_replication,llama,instruct,self,valence_arousal_joint,cross_model_replication,H1_dissociation,0.0,FAIL,,,,,,False,exploratory,v3/results/derived/v3_cross_model_replication_summary.json,H1_dissociation
v3,rq4_confirmatory_replication,llama,instruct,self,valence_arousal_joint,cross_model_replication,H2_sufficiency,0.0,FAIL,,,,,,False,exploratory,v3/results/derived/v3_cross_model_replication_summary.json,H2_sufficiency
v3,rq4_confirmatory_replication,llama,instruct,self,valence_arousal_joint,cross_model_replication,H3_mediation,0.0,FAIL,,,,,,False,exploratory,v3/results/derived/v3_cross_model_replication_summary.json,H3_mediation
v3,rq4_confirmatory_replication,llama,instruct,self,valence_arousal_joint,cross_model_replication,H4_temporal_contrast,1.0,PASS,,,,,,False,exploratory,v3/results/derived/v3_cross_model_replication_summary.json,H4_temporal_contrast
v3,rq4_confirmatory_replication,gemma,instruct,self,valence_arousal_joint,cross_model_replication,H1_dissociation,0.0,FAIL,,,,,,False,exploratory,v3/results/derived/v3_cross_model_replication_summary.json,H1_dissociation
v3,rq4_confirmatory_replication,gemma,instruct,self,valence_arousal_joint,cross_model_replication,H2_sufficiency,0.0,FAIL,,,,,,False,exploratory,v3/results/derived/v3_cross_model_replication_summary.json,H2_sufficiency
v3,rq4_confirmatory_replication,gemma,instruct,self,valence_arousal_joint,cross_model_replication,H3_mediation,0.0,FAIL,,,,,,False,exploratory,v3/results/derived/v3_cross_model_replication_summary.json,H3_mediation
v3,rq4_confirmatory_replication,gemma,instruct,self,valence_arousal_joint,cross_model_replication,H4_temporal_contrast,1.0,PASS,,,,,,False,exploratory,v3/results/derived/v3_cross_model_replication_summary.json,H4_temporal_contrast
v3,rq4_confirmatory_replication,olmo,instruct,self,valence_arousal_joint,cross_model_replication,H1_dissociation,0.0,FAIL,,,,,,False,exploratory,v3/results/derived/v3_cross_model_replication_summary.json,H1_dissociation
v3,rq4_confirmatory_replication,olmo,instruct,self,valence_arousal_joint,cross_model_replication,H2_sufficiency,0.0,FAIL,,,,,,False,exploratory,v3/results/derived/v3_cross_model_replication_summary.json,H2_sufficiency
v3,rq4_confirmatory_replication,olmo,instruct,self,valence_arousal_joint,cross_model_replication,H3_mediation,0.0,FAIL,,,,,,False,exploratory,v3/results/derived/v3_cross_model_replication_summary.json,H3_mediation
v3,rq4_confirmatory_replication,olmo,instruct,self,valence_arousal_joint,cross_model_replication,H4_temporal_contrast,1.0,PASS,,,,,,False,exploratory,v3/results/derived/v3_cross_model_replication_summary.json,H4_temporal_contrast
