stimulus_id,text,human_v,human_a,human_v_scaled,human_a_scaled,rec_ev,rec_ea,rec_gv,rec_ga,rec_gen_text,rec_p55,rec_entropy,post_ev,post_ea,post_gv,post_ga,post_gen_text,post_p55,post_entropy
emobank_defenders5_31_47,ALASKA EMERGENCY,2.0,3.57,-0.5,0.2849999999999999,3.535606945249083,7.000130279055362,3,7,"{
""valence"": 3,
""arousal"": 7
}

This text is likely",1.0470723464591183e-08,0.7306466529978317,3.650476898269709,6.240035034988868,2,7,"{
""valence"": 2,
""arousal"": 7
}

This text conveys",0.00013601255431700736,1.8981939202512028
emobank_hotel-california_27718_27751,I was discouraged and frustrated.,2.2,3.6,-0.3999999999999999,0.3,3.66336300448078,5.649657632875858,4,6,"{
  ""valence"": 4,
  ""arousal"": 6
}",8.131616171820873e-09,1.1954964059415367,2.4660427994514458,5.690766678493602,3,7,"{
  ""valence"": 3,
  ""arousal"": 7
}",3.530531323142057e-12,1.3559546615052667
emobank_112C-L013_653_757,"Kids like Tommie J., made a ward of the court because of repeated beatings by an alcoholic father;",2.29,3.29,-0.355,0.145,1.4630268788628493,5.0772598033711995,2,5,"{
""valence"": 2,
""arousal"": 5
}",2.4726834094871245e-12,0.9906763905722372,1.6587440095875552,4.995040687252919,2,5,"{
""valence"": 2,
""arousal"": 5
}",5.498167900040364e-10,0.9475337879046664
emobank_NYTnewswire4_3733_3851,"Although he said the Gators will be excited to play the Hurricanes, ""I don't want to talk about that game,"" Zook said.",2.3,3.4,-0.3500000000000001,0.1999999999999999,4.969484836911842,2.995130383405308,5,3,"{
""valence"": 5,
""arousal"": 3
}

The text is neutral",1.8773976385686225e-05,0.22779297754931618,4.889512110887193,3.0807550825156413,5,3,"{
  ""valence"": 5,
  ""arousal"": 3
}

The text",0.0003393888986352754,0.5139358540538332
emobank_captured_moments_23307_23321,"""I am jealous.",2.25,3.5,-0.375,0.25,2.4147664379976663,6.232226795861929,2,5,"{
""valence"": 2,
""arousal"": 5
}",4.5814901956987384e-11,1.7548326698909478,2.6182814335193654,6.538487152920757,3,7,"{
""valence"": 3,
""arousal"": 7
}",2.2118498818645216e-11,1.5082166138725472
emobank_A_defense_of_Michael_Moore_22762_22779,9) Gun homicides.,2.2,3.3,-0.3999999999999999,0.1499999999999999,1.8291925701297411,6.047072520623816,2,7,"{
""valence"": 2,
""arousal"": 7
}",2.4398470258949892e-11,1.9238918912429817,2.2261413450771084,5.103231742150941,2,5,"{
""valence"": 2,
""arousal"": 5
}",9.120124963865528e-09,1.1755971254945699
emobank_NYTnewswire9_5696_5711,"""I said, `No.""'",2.2,3.5,-0.3999999999999999,0.25,4.97693442972569,1.7429456050313163,5,1,"{
  ""valence"": 5,
  ""arousal"": 1
}

The text",7.486770743776145e-07,0.8269928332277319,4.981244177683378,1.1029976037145133,5,1,"{
  ""valence"": 5,
  ""arousal"": 1
}",3.130425737135233e-07,0.30055211904330803
emobank_hotel-california_3445_3575,"As much as Jesse had irritated me, I didn't like the picture my brain drew of him floating in his grave, body swollen and bloated.",2.2,3.4,-0.3999999999999999,0.1999999999999999,2.4561259717408688,4.429145178715924,2,5,"{
""valence"": 2,
""arousal"": 5
}",4.1375285129892774e-08,1.6549520338723005,2.4350900601595664,3.327990038221908,2,3,"{
""valence"": 2,
""arousal"": 3
}",4.0485515558133314e-10,1.7943145732872106
emobank_Nathans_Bylichka_52685_52792,"On the floor was Dvorov’s head, separated from his body by several feet and a growing puddle of dark blood.",2.2,3.6,-0.3999999999999999,0.3,1.0002073445399942,8.99372854291783,1,9,"{
  ""valence"": 1,
  ""arousal"": 9
}",1.8922298667521002e-17,0.038953393803796366,1.0005640817982657,8.997355555632954,1,9,"{
  ""valence"": 1,
  ""arousal"": 9
}",4.459302960622343e-16,0.019909242049339748
emobank_Nathans_Bylichka_21342_21360,The thing frowned.,2.18,2.91,-0.4099999999999999,-0.0449999999999999,4.976678783043413,3.037344558933191,5,3,"{
  ""valence"": 5,
  ""arousal"": 3
}

The text",0.00015645500971283544,0.1611679925575011,3.2957039824116947,4.891670818518279,3,5,"{
  ""valence"": 3,
  ""arousal"": 5
}",0.012263697130696178,1.3242866074685071
emobank_NYTnewswire9_10538_10589,"And then the casualties were going to be terrible.""",2.33,3.0,-0.3349999999999999,0.0,3.4018047704433063,5.876323690508022,3,7,"{
  ""valence"": 3,
  ""arousal"": 7
}

This text",1.2252434441657203e-08,1.7261161901399553,3.3407553959429945,5.310472547299489,3,5,"{
  ""valence"": 3,
  ""arousal"": 5
}",2.3117207936338447e-06,1.4081103503160908
emobank_SemEval_742,Floods force Malaysia evacuations,2.22,3.56,-0.3899999999999999,0.28,3.7554819195933966,5.462218522742122,3,5,"{
  ""valence"": 3,
  ""arousal"": 5
}

This text",4.025399753319258e-05,1.2233166977280094,3.7269738666920675,5.115750730926216,3,5,"{
  ""valence"": 3,
  ""arousal"": 5
}",0.0005937020015298902,0.9906873556713286
emobank_Ohio_Steel_12452_12560,"The people of Youngstown, being now unemployed had very little money to spend on anything but staying alive.",2.22,3.0,-0.3899999999999999,0.0,3.8025859451668014,4.532108304910324,4,3,"{
""valence"": 4,
""arousal"": 3
}

This text is likely",1.5301612629603182e-08,1.1383453897414983,3.3262653857825395,4.0109839121548685,3,5,"{
  ""valence"": 3,
  ""arousal"": 5
}",6.359664854207649e-09,1.6455887725446787
emobank_SemEval_690,Now it's official: Iraq's a mess,2.18,3.46,-0.4099999999999999,0.2299999999999999,2.094054000577718,5.022162709293427,2,5,"{
""valence"": 2,
""arousal"": 5
}",2.0600113938272675e-09,0.7763309598925233,1.857748757155014,4.9984904419165685,2,5,"{
  ""valence"": 2,
  ""arousal"": 5
}",2.237143887566101e-08,1.00455830016687
emobank_Uprooted_Farming-on-Sand_1711_1753,Last year's rich loam is now useless sand.,2.3,3.0,-0.3500000000000001,0.0,3.3979788975663108,5.1866851290692395,3,5,"{
  ""valence"": 3,
  ""arousal"": 5
}

This text",1.2144860211030418e-06,1.2009458442136371,3.3419213316949627,5.000346872918354,3,5,"{
  ""valence"": 3,
  ""arousal"": 5
}",1.9922302786100012e-05,0.888299430464059
emobank_SemEval_882,"Attack video saddens ""friendly fire"" widow",1.88,3.37,-0.56,0.185,3.7997783052006002,4.924876361456253,4,5,"{
  ""valence"": 4,
  ""arousal"": 5
}

This text",7.429008641079345e-05,0.8121939399820691,3.708410042770409,4.819311810655598,4,5,"{
  ""valence"": 4,
  ""arousal"": 5
}",5.684888724441873e-07,1.0759493167093535
emobank_wsj_2465_1041_1137,"An hour later, the paper's circulation manager, Miguel Soler, was shot and killed near his home.",2.0,3.18,-0.5,0.09,2.115203833767639,6.9289886786520745,1,7,"{
  ""valence"": 1,
  ""arousal"": 7
}",8.671025016433891e-12,1.6111437289776798,1.4908389874642751,6.401016450589236,1,5,"{
  ""valence"": 1,
  ""arousal"": 5
}",2.5194360269348535e-12,1.6631007869292789
emobank_Nathans_Bylichka_38054_38115,Get out of my sight now – unless you know how to put it back?,2.12,3.63,-0.4399999999999999,0.3149999999999999,2.0107449887068736,6.911717804345376,1,7,"{
  ""valence"": 1,
  ""arousal"": 7
}",1.6095838854790392e-11,1.3643721889252367,2.1726016435433,6.48214618984161,2,7,"{
  ""valence"": 2,
  ""arousal"": 7
}",1.774052850285042e-11,1.6309120350929842
emobank_SemEval_920,Dozens killed in Baghdad bombing,2.0,3.62,-0.5,0.31,2.4038868347758635,6.487533564163185,2,7,"{
  ""valence"": 2,
  ""arousal"": 7
}",1.1120016716823247e-11,1.7401782760084077,2.2537124054315547,5.296488233459145,2,5,"{
  ""valence"": 2,
  ""arousal"": 5
}",1.541184170566529e-10,1.5116296019748052
emobank_hotel-california_30137_30157,"“No,” said Adrienne.",2.25,3.5,-0.375,0.25,4.694041820307928,2.791149403067305,4,1,"{
  ""valence"": 4,
  ""arousal"": 1
}

The text",5.399582632335987e-06,1.0272359012926646,2.4451718657112917,4.080671137354941,3,5,"{
  ""valence"": 3,
  ""arousal"": 5
}

This response",8.921480294875282e-06,1.891164900406826
emobank_NYTnewswire9_9777_9839,"Three days later, another B-29 from the 509th bombed Nagasaki.",2.33,3.0,-0.3349999999999999,0.0,4.375607464932467,3.679506682168895,3,5,"{
""valence"": 3,
""arousal"": 5
}

This text is likely",4.566772956907476e-05,1.252968896648634,4.519475769569238,2.891716523878191,3,5,"{
  ""valence"": 3,
  ""arousal"": 5
}

This text",1.8281255723871227e-05,1.3331314048927831
emobank_110CYL071_246_283,Michael was born with cerebral palsy.,2.14,3.14,-0.4299999999999999,0.07,4.939996255410085,3.0362724466055524,5,3,"{
  ""valence"": 5,
  ""arousal"": 3
}

This text",5.438636063859058e-05,0.31896056560844555,5.00152640230968,2.991711591798797,5,3,"{
  ""valence"": 5,
  ""arousal"": 3
}

This text",0.00015165373669574688,0.0870447787887818
emobank_SemEval_679,Gunmen abduct Filipino woman in Nigeria,2.22,3.22,-0.3899999999999999,0.1100000000000001,2.7101171538420687,5.594947453105449,2,5,"{
  ""valence"": 2,
  ""arousal"": 5
}",3.618328875152458e-10,1.8114302213312334,2.4858022331978744,5.081375638036198,2,5,"{
  ""valence"": 2,
  ""arousal"": 5
}",3.8968959739942555e-09,1.1004634940755404
emobank_112C-L015_859_939,Many of the children have no homes; no memories of joy from past holidays.,2.12,3.25,-0.4399999999999999,0.125,3.2865170830257604,5.55317121105972,2,5,"{
  ""valence"": 2,
  ""arousal"": 5
}",1.9580261262532397e-08,1.4705842903448982,2.8060546426781183,5.17774606745978,2,5,"{
  ""valence"": 2,
  ""arousal"": 5
}",1.5781709324901737e-08,1.4654373688556588
emobank_captured_moments_9076_9083,Enough.,2.3,3.4,-0.3500000000000001,0.1999999999999999,4.765252068554878,3.4362454137904153,4,5,"{
""valence"": 4,
""arousal"": 5
}

The text ""En",0.0011060900115981956,0.6961092163863686,3.2874946167615735,5.003218731711712,4,5,"{
  ""valence"": 4,
  ""arousal"": 5
}

This response",0.06829614549782,1.4621276329256618
emobank_A_defense_of_Michael_Moore_19756_19840,"The kid was a little bastard, and the parents were involved in drugs -- case closed.",2.3,3.3,-0.3500000000000001,0.1499999999999999,1.2220020363450483,4.927613108636689,1,5,"{
  ""valence"": 1,
  ""arousal"": 5
}",2.3786259720632863e-07,0.809713956717269,1.5102001713405016,3.92074563361718,1,3,"{
  ""valence"": 1,
  ""arousal"": 3
}",5.057258169743873e-07,1.7336568347233827
emobank_hotel-california_30791_30976,"“You could force the captain to set down somewhere. Let us off the ship. If he refuses, threaten him. If he still refuses, well, of all of us, isn't there someone who can drive a ship?”",2.3,3.6,-0.3500000000000001,0.3,2.2263791671010673,6.9436514810350385,2,7,"{
  ""valence"": 2,
  ""arousal"": 7
}

This text",3.752088612568793e-11,1.2673924303642756,2.625880264696167,6.871254342183939,2,7,"{
  ""valence"": 2,
  ""arousal"": 7
}",1.4192111002039503e-09,1.26028174766375
emobank_IFAW1_1303_1324,"“stupid, non-feeling”",2.0,3.0,-0.5,0.0,1.0051125904218106,4.686923834598925,1,5,"{
""valence"": 1,
""arousal"": 5
}",8.981626107500611e-11,0.5199904696831723,1.0212748087132013,1.0968914986624625,1,1,"{
  ""valence"": 1,
  ""arousal"": 1
}",1.0344326972912046e-10,0.2831908364277498
emobank_Nathans_Bylichka_37381_37477,“and you’d better pray to whatever god you think will listen that he won’t care we woke her up.”,2.3,3.4,-0.3500000000000001,0.1999999999999999,2.5469398985780525,5.211150151937799,2,5,"{
""valence"": 2,
""arousal"": 5
}",2.784800552086975e-10,1.3025879396764397,2.5975988510401207,5.022195794622387,2,5,"{
  ""valence"": 2,
  ""arousal"": 5
}",2.299047260767071e-08,1.0797185002126088
emobank_Ohio_Steel_10791_10967,"However, to American companies already suffering financial setbacks, outdated machinery, and fierce competition, this lack of demand was an inconvenience they could not afford.",2.3,3.1,-0.3500000000000001,0.05,3.3702453390604776,5.093399572069303,3,5,"{
""valence"": 3,
""arousal"": 5
}

This text is likely",2.7757571799050056e-05,1.1911508439820373,2.7754568001924604,4.980696047400053,3,5,"{
""valence"": 3,
""arousal"": 5
}",1.2177963207089772e-05,1.044179056757144
emobank_marine1_490_675,"Even today, after years of public outrage, dolphins continue to die in tuna fisheries of other countries and are still being cruelly and often illegally killed by gillnets and harpoons.",2.0,3.2,-0.5,0.1,2.6540669537907107,6.766213654480413,2,7,"{
""valence"": 2,
""arousal"": 7
}",2.5783137210658748e-11,1.6642324885314825,2.345548890819553,5.859752515957883,2,5,"{
""valence"": 2,
""arousal"": 5
}",1.3976715907215244e-11,1.920290477582108
emobank_sucker_1488_1738,"“a black-themed book will come up for consideration, and there won’t be anyone of color to put in an opinion, or there’ll be one, who shouldn’t bear the burden alone. So we all pretend we’re experts. Maybe I’m the only one who’s embarrassed by that.”",2.33,3.33,-0.3349999999999999,0.165,3.1862604479737144,5.261147209062886,3,5,"{
""valence"": 3,
""arousal"": 5
}

This text expresses",4.054909013055413e-05,1.4115391590881845,3.421805438303399,5.020735649962675,3,5,"{
""valence"": 3,
""arousal"": 5
}

This text expresses",0.00091101464572558,1.2456796419936342
emobank_hotel-california_2985_3092,"The survivors of the unfortunate accidents, the catastrophic malfunctions, the fateful crashes: this is us.",2.33,2.89,-0.3349999999999999,-0.0549999999999999,3.587117827184472,5.746637428836323,3,7,"{
""valence"": 3,
""arousal"": 7
}

This text is likely",4.684025769486219e-08,1.3587517864714689,3.2798864825346086,5.09175699260925,3,5,"{
  ""valence"": 3,
  ""arousal"": 5
}",2.9331004624151365e-06,1.0626594404255452
emobank_NYTnewswire9_7912_8038,"At 8:15 a.m. Hiroshima time, the pneumatic bomb-bay doors opened and ""Little Boy,"" equivalent to 20,000 tons of TNT, fell out.",2.0,3.5,-0.5,0.25,2.664815282309455,5.3614724354747265,3,5,"{
""valence"": 3,
""arousal"": 5
}

This text is likely",2.1227141320206635e-07,1.6954023462025565,2.4518682222738297,5.045507585742329,0,5,"{
  ""valence"": 0,
  ""arousal"": 5
}",1.0822748003845552e-05,1.4037750321053466
emobank_SemEval_1204,Swiss plane crashes at Moscow airport,2.2,3.0,-0.3999999999999999,0.0,2.7520450968890326,6.769474911219145,3,7,"{
  ""valence"": 3,
  ""arousal"": 7
}

This text",9.435264167419512e-11,1.4404297767542018,2.5485423392742144,5.210698438400207,2,5,"{
  ""valence"": 2,
  ""arousal"": 5
}",3.5280650581962492e-09,1.3351208170435807
emobank_20020731-nyt_18216_18312,"""There was death in D.C. throughout the '80s and into the '90s, and there was death everywhere,""",2.3,3.1,-0.3500000000000001,0.05,2.029949676389541,5.320793645038134,2,5,"{
""valence"": 2,
""arousal"": 5
}",2.4193784218868606e-12,1.2393730843411175,1.9489726710053237,4.99813505941892,2,5,"{
""valence"": 2,
""arousal"": 5
}",1.0825001194219253e-08,0.9769376305228796
emobank_hotel-california_26456_26482,My quarters felt stifling.,2.22,3.11,-0.3899999999999999,0.0549999999999999,4.266185479926303,4.481815397900769,4,5,"{
  ""valence"": 4,
  ""arousal"": 5
}

This text",0.002380955967197111,0.7042810169415394,4.153561696474848,4.755795449819193,4,5,"{
  ""valence"": 4,
  ""arousal"": 5
}

Interpret",0.037233479383030794,0.6589064845846807
emobank_SemEval_846,"Scorpion on a plane, a pantful of pain",2.12,3.12,-0.4399999999999999,0.06,2.118791165520373,6.696797147446677,2,7,"{
  ""valence"": 2,
  ""arousal"": 7
}",1.0589316299211048e-13,1.484882489495012,2.3357913532670596,6.092165088709928,1,7,"{
  ""valence"": 1,
  ""arousal"": 7
}",1.596062324168073e-11,1.7937806797915004
emobank_hotel-california_18971_19010,We're not even going to leave a legacy.,2.33,2.89,-0.3349999999999999,-0.0549999999999999,3.820300869839256,5.617968693181105,4,5,"{
  ""valence"": 4,
  ""arousal"": 5
}

This text",2.126725175164624e-07,1.3509321657713387,3.2516568088257864,5.063402689451878,3,5,"{
  ""valence"": 3,
  ""arousal"": 5
}",1.6186210492824804e-05,1.2642299903897822
emobank_A_defense_of_Michael_Moore_4592_4632,Mustafa was 14 years when he was killed.,2.1,3.1,-0.4499999999999999,0.05,3.572703703525649,4.586642314216238,4,3,"{
  ""valence"": 4,
  ""arousal"": 3
}

This text",1.2345836733573427e-08,1.6095759109045977,3.7824108710122424,1.679724571912245,2,3,"{
  ""valence"": 2,
  ""arousal"": 3
}",4.317762697923019e-08,1.6028446327017956
emobank_Seedbombing_2063_2206,"I found this hard to do while also avoiding cops, dealing with the camera and the car window, scoping out angles of approach for throwing, etc.",2.3,3.2,-0.3500000000000001,0.1,4.960841682273075,6.5081346188056095,5,7,"{
""valence"": 5,
""arousal"": 7
}

This text suggests a",2.1785292525102163e-05,0.8438779989155459,4.800517094509016,6.698241457494849,5,7,"{
""valence"": 5,
""arousal"": 7
}",1.357220497596558e-06,0.8926297056310215
emobank_SemEval_1086,High cholesterol raises stroke risk healthy women,2.3,2.8,-0.3500000000000001,-0.1,3.928133873821863,5.315224723417487,4,5,"{
  ""valence"": 4,
  ""arousal"": 5
}

This text",0.00013344530332028381,1.008273545834313,4.629497950177169,3.6550900921569838,4,5,"{
  ""valence"": 4,
  ""arousal"": 5
}

Interpret",0.0011697263830570612,0.8465247610221965
emobank_NYTnewswire2_8918_8994,"""This is a criminal act and it certainly puts things in a different league,""",2.0,3.1,-0.5,0.05,2.6822936388756626,6.356789991178919,3,7,"{
  ""valence"": 3,
  ""arousal"": 7
}

The text",2.2925966033903212e-11,1.4795631062401116,2.5314844670354133,5.626323052334375,2,5,"{
  ""valence"": 2,
  ""arousal"": 5
}",5.524126878106521e-11,1.5107370508221343
emobank_Fermentation_HR5034_9996_10126,"The hypocrisy, misleading notions and disinformation being featured at the wholesalers website supporting H.R. 5034 is staggering.",2.0,3.25,-0.5,0.125,2.113062356607113,5.477983826907317,2,5,"{
""valence"": 2,
""arousal"": 5
}",8.448644316429893e-12,1.597293317045962,1.6805165500021733,5.3165322363971645,1,5,"{
""valence"": 1,
""arousal"": 5
}",5.811145749144784e-12,1.459971676558615
emobank_SemEval_648,Somalia declares state of emergency,2.13,3.62,-0.435,0.31,3.2909477342298454,5.45952013330139,3,5,"{
  ""valence"": 3,
  ""arousal"": 5
}

This text",3.688844869145427e-08,1.3350794575352352,2.9720934466206694,5.139369337322729,3,5,"{
  ""valence"": 3,
  ""arousal"": 5
}",2.725252076007067e-07,1.0195537368109358
emobank_hotel-california_17786_17818,"“That's still dumb,” said Sarah.",2.2,3.2,-0.3999999999999999,0.1,2.9683283485596825,3.2834809010560595,3,1,"{
  ""valence"": 3,
  ""arousal"": 1
}",2.1597174823609943e-07,1.8819284991421843,2.6784318686635533,4.305477930364566,3,5,"{
  ""valence"": 3,
  ""arousal"": 5
}",1.7806203772581003e-06,1.2202320144456595
emobank_cable_spool_fort_8516_8674,"""I thought he might stab you."" Roy said and craned his neck forward to look at Tucker's face as the other boys began to crowd around at a respectful distance.",2.3,3.4,-0.3500000000000001,0.1999999999999999,2.4430843008984198,6.4269981803754686,2,5,"{
  ""valence"": 2,
  ""arousal"": 5
}",5.771372194211677e-12,1.529932355322172,2.018225273067332,6.029818751741319,2,5,"{
  ""valence"": 2,
  ""arousal"": 5
}",1.1390502782584842e-12,1.379032795397549
emobank_hotel-california_33279_33299,I couldn't find her.,2.11,3.11,-0.445,0.0549999999999999,4.492710262077787,4.117979042189836,4,5,"{
  ""valence"": 4,
  ""arousal"": 5
}

This text",0.005705441146902241,0.9887096373287184,4.0661937609668835,5.126395223197182,4,5,"{
  ""valence"": 4,
  ""arousal"": 5
}",0.03311972852320944,0.7480489520204067
emobank_The_Black_Willow_10749_10795,"I would not be happy, thus separated from it.""",2.2,3.2,-0.3999999999999999,0.1,3.160619111035493,4.25804455348547,3,5,"{
""valence"": 3,
""arousal"": 5
}

This text expresses",8.715211112312275e-08,1.946620428494755,2.584814479467758,4.5765682847385865,2,5,"{
  ""valence"": 2,
  ""arousal"": 5
}",2.294640900770932e-06,1.4678690720222343
emobank_NYTnewswire7_1802_1854,"But in some areas, the seabass are being overfished.",2.3,3.0,-0.3500000000000001,0.0,4.970572250946973,3.06122138718941,5,3,"{
""valence"": 5,
""arousal"": 3
}

The text is neutral",0.00044524898899442507,0.2929181939386225,4.992303040899502,3.0389257990658574,5,3,"{
  ""valence"": 5,
  ""arousal"": 3
}",0.0026299133640213857,0.18458631451958507
emobank_cable_spool_fort_116_125,You suck.,1.6,3.9,-0.7,0.4499999999999999,1.0000779457723654,5.021094359717698,1,5,"{
  ""valence"": 1,
  ""arousal"": 5
}",4.1217872359196507e-10,0.09081852535546515,1.000279921107569,4.995114366369222,1,5,"{
  ""valence"": 1,
  ""arousal"": 5
}",5.2736493217872926e-08,0.05436042863281881
emobank_detroit_9593_9753,"You think I'm kidding, but I couldn't be more serious -- that Honda is a visceral reminder for people of how the American consumer has left Detroit in the dust.",2.3,3.8,-0.3500000000000001,0.3999999999999999,3.458641393892317,5.693233663775923,3,5,"{
""valence"": 3,
""arousal"": 5
}

The text expresses",1.8554751203296265e-07,1.5436538959236712,3.231348077954004,5.322428325648146,3,5,"{
""valence"": 3,
""arousal"": 5
}

The text expresses",9.02009331313564e-06,1.4504089946694694
emobank_cable_spool_fort_115_137,"""You suck."" Chad said.",2.1,3.8,-0.4499999999999999,0.3999999999999999,1.0013170756175416,4.998003927847731,1,5,"{
  ""valence"": 1,
  ""arousal"": 5
}",1.7256315791934327e-10,0.0780055938780253,1.0009140214913166,4.933742675533115,1,5,"{
  ""valence"": 1,
  ""arousal"": 5
}",5.181285439952206e-10,0.17164570260418424
emobank_easy_money_6254_6342,Or maybe this guy was just a wacko who wanted to take me out on a dark road and kill me.,2.0,3.7,-0.5,0.3500000000000001,2.512104275014355,6.8164838795380165,2,7,"{
""valence"": 2,
""arousal"": 7
}",1.1528680245563137e-12,1.2110212300266983,2.5934687540885806,6.531953947023361,2,7,"{
  ""valence"": 2,
  ""arousal"": 7
}",8.475635668534392e-12,1.4852229302429973
emobank_audubon1_60_76,I’m outraged ...,1.63,3.91,-0.685,0.455,1.693341923503618,6.133085784130178,1,7,"{
  ""valence"": 1,
  ""arousal"": 7
}",2.018078175866887e-11,1.4921545214491012,1.0196182019924604,5.036539722601965,1,5,"{
  ""valence"": 1,
  ""arousal"": 5
}",7.37638369273829e-14,0.12404621974397871
emobank_detroit_15207_15294,"You want to yell at which insurance company fucked up, or change a bedpan, so to speak?",2.1,3.8,-0.4499999999999999,0.3999999999999999,2.1162501412413603,5.214064188888162,2,5,"{
""valence"": 2,
""arousal"": 5
}

This text is likely",2.111453278864847e-09,1.2509165993677913,2.2428827705556977,5.043376582145,2,5,"{
  ""valence"": 2,
  ""arousal"": 5
}",7.381825450614138e-07,1.0671577131016172
emobank_Nathans_Bylichka_56572_56622,Hands closed on my neck and I felt my spine crack.,1.9,3.8,-0.55,0.3999999999999999,1.0007084747340504,8.998757550191787,1,9,"{
  ""valence"": 1,
  ""arousal"": 9
}",6.042066947106729e-17,0.01264717821816791,1.0001128916750002,8.999845613860103,1,9,"{
  ""valence"": 1,
  ""arousal"": 9
}",1.2608323911439995e-16,0.0022830370433597194
emobank_The_Black_Willow_12929_13034,"""What in G-d's name could have possessed you to do such a thing,"" cried Arthur, nearly raising his voice.",2.3,3.8,-0.3500000000000001,0.3999999999999999,2.303062533611147,5.367734224757025,2,5,"{
""valence"": 2,
""arousal"": 5
}

The text expresses",5.999767282534882e-08,1.5606915685981435,2.0838832096879614,5.40369641258209,2,5,"{
  ""valence"": 2,
  ""arousal"": 5
}",1.5290485893237717e-08,1.6258048993632817
emobank_Madame_White_Snake_3473_3497,“disturbed and agitated”,2.12,4.0,-0.4399999999999999,0.5,2.9194969607920314,6.567639105512532,3,7,"{
  ""valence"": 3,
  ""arousal"": 7
}",7.441817229108907e-12,1.130976383911143,2.6981994383047025,6.792549618468604,3,7,"{
  ""valence"": 3,
  ""arousal"": 7
}",1.5720445403963646e-11,1.0080155735027023
emobank_audubon1_7282_7287,“NO!”,2.0,3.89,-0.5,0.445,1.00721883795347,6.000753408523385,1,5,"{
  ""valence"": 1,
  ""arousal"": 5
}",5.870378090648577e-10,0.9110621315469123,1.000953852926457,5.588095772096676,1,5,"{
  ""valence"": 1,
  ""arousal"": 5
}",3.090680999850763e-12,0.7135275705752997
emobank_Nathans_Bylichka_37816_37828,he screamed.,2.22,3.78,-0.3899999999999999,0.3899999999999999,3.7667412056192204,6.24050146122395,3,7,"{
""valence"": 3,
""arousal"": 7
}

This text does not",2.3094725539007945e-08,1.5324854367522798,2.173426163424807,5.737989050992929,0,5,"{
  ""valence"": 0,
  ""arousal"": 5
}",1.9979393221186077e-10,1.4814751696433381
emobank_Homosexuality_5297_5340,They also do not belong in a court of law!”,2.18,4.0,-0.4099999999999999,0.5,1.5472439109218292,5.1143905342792,1,5,"{
  ""valence"": 1,
  ""arousal"": 5
}

This text",2.9868414171173427e-09,1.1817483728729279,2.051079883337515,5.026826656254893,2,5,"{
  ""valence"": 2,
  ""arousal"": 5
}",2.12545436626435e-07,1.171053353580972
emobank_Nathans_Bylichka_11578_11605,That just unnerved me more.,2.0,3.8,-0.5,0.3999999999999999,3.1476486236918246,5.410330711186222,3,5,"{
  ""valence"": 3,
  ""arousal"": 5
}

This text",1.8357102937620535e-09,1.3135894915695907,2.794188221209338,5.527579228776627,3,5,"{
  ""valence"": 3,
  ""arousal"": 5
}",4.8415716958800843e-11,1.4862135503572973
emobank_detroit_4319_4400,"We didn't slow down to take a photo, but I'll paraphrase: DON'T BURN HOUSES DOWN!",2.1,4.1,-0.4499999999999999,0.5499999999999998,1.4358468330000533,5.281519064546889,1,5,"{
  ""valence"": 1,
  ""arousal"": 5
}

This text",2.5394426559807823e-08,1.3180250194627912,1.9428056556990814,5.000909795476533,1,5,"{
  ""valence"": 1,
  ""arousal"": 5
}",1.1547218740610565e-05,1.4566645834963479
emobank_defenders5_2473_2623,They are utterly out of step with their Alaska constituents ... the state agency that manages Alaska wildlife ... and the rest of the American public!,2.3,3.7,-0.3500000000000001,0.3500000000000001,2.5236084758460753,5.069754402169572,2,5,"{
""valence"": 2,
""arousal"": 5
}

The text expresses",2.064539868219e-09,1.0455750045956467,2.3777158433951993,5.014203575722705,2,5,"{
""valence"": 2,
""arousal"": 5
}",1.6457823326267067e-07,0.9452081700572367
emobank_Nathans_Bylichka_57890_57977,"Rachel, her clothes torn and her face drawn, looked like she might cry when she saw me.",2.33,4.0,-0.3349999999999999,0.5,3.2395077287456813,5.364650816981859,2,5,"{
  ""valence"": 2,
  ""arousal"": 5
}",1.8376140452035122e-05,1.6129525042413635,2.1618161892801595,5.1878929372033875,2,5,"{
  ""valence"": 2,
  ""arousal"": 5
}",1.1047876580330215e-06,1.0008558214051309
emobank_SemEval_640,Firms on alert for letter bombs,2.2,3.8,-0.3999999999999999,0.3999999999999999,3.039879699995679,5.100075183372848,3,5,"{
  ""valence"": 3,
  ""arousal"": 5
}

The text",1.782940720630068e-06,0.5284685274002581,3.2582974532590336,5.133326685090943,3,5,"{
  ""valence"": 3,
  ""arousal"": 5
}

The text",0.00766981134490325,0.7098518296072893
emobank_hotel-california_22389_22419,Fact: Adrienne intimidated me.,2.0,3.67,-0.5,0.3349999999999999,3.6279128751131804,5.169822540623772,4,5,"{
  ""valence"": 4,
  ""arousal"": 5
}

This text",0.02832337108087165,1.6250090820700356,2.4436889219807583,5.001270340576774,2,5,"{
  ""valence"": 2,
  ""arousal"": 5
}",1.2034313669325052e-06,0.9759979192736017
emobank_Ohio_Steel_19152_19222,Black Monday was a devastating blow to an entire generation of people.,2.0,3.72,-0.5,0.3600000000000001,3.044859478138414,5.757913291420934,2,5,"{
  ""valence"": 2,
  ""arousal"": 5
}",1.2417412746201246e-09,1.69853693795134,2.24606767847664,5.07163345839039,2,5,"{
  ""valence"": 2,
  ""arousal"": 5
}",2.7035308123234248e-09,1.1582384104551517
emobank_Nathans_Bylichka_38047_38053,Fools!,2.25,3.75,-0.375,0.375,1.2642951033774334,5.142974300573331,1,5,"{
  ""valence"": 1,
  ""arousal"": 5
}",2.363091131273815e-09,0.9156498518593902,1.397900744516392,5.132927400197697,1,5,"{
  ""valence"": 1,
  ""arousal"": 5
}",4.5813766206507625e-10,1.08202517359855
emobank_SemEval_215,Toddler died from E. coli tainted spinach,1.62,3.75,-0.69,0.375,1.311251642035898,6.176219504300677,1,7,"{
  ""valence"": 1,
  ""arousal"": 7
}",2.849260451402823e-12,1.4932193096314121,1.1676398325547532,5.049619027414605,1,5,"{
  ""valence"": 1,
  ""arousal"": 5
}",3.405183766578786e-11,0.5983826577122378
emobank_captured_moments_28049_28065,"""Never,"" I said.",2.25,3.88,-0.375,0.4399999999999999,1.548936723332608,4.74082624819767,1,5,"{
""valence"": 1,
""arousal"": 5
}

This text is neutral",2.948963278878799e-06,1.0205061973416165,1.002385824878341,1.0899432652362016,1,1,"{
  ""valence"": 1,
  ""arousal"": 1
}",1.534356426787031e-08,0.12415088907184675
emobank_captured_moments_5506_5538,"I hate it, despise it, abhor it!",1.3,4.4,-0.85,0.7000000000000002,1.0000450211721033,5.807939363871995,1,5,"{
  ""valence"": 1,
  ""arousal"": 5
}",3.051033623044532e-14,0.8753049463352053,1.000003403117584,6.640009145982908,1,5,"{
  ""valence"": 1,
  ""arousal"": 5
}",3.493635354819892e-14,0.7879629179149206
emobank_hsus4_1520_1565,needless deaths that could have been stopped!,1.7,3.9,-0.65,0.4499999999999999,3.0144020998378878,6.46887870212694,4,7,"{
  ""valence"": 4,
  ""arousal"": 7
}

This text",1.8489399435405047e-11,1.622225424892494,2.1396062730045484,5.639602242987358,2,5,"{
  ""valence"": 2,
  ""arousal"": 5
}",4.596751038077609e-12,1.4538615016368759
emobank_A_defense_of_Michael_Moore_11775_12045,"This booing by the crowd, not mentioned with a single word in your transcript or your article, shows that the crowd was fully aware of the controversy they would cause by coming to Littleton after children were being killed there -- and they effectively said ""Fuck you"".",1.7,3.7,-0.65,0.3500000000000001,2.1428670071567675,5.089970928112028,2,5,"{
""valence"": 2,
""arousal"": 5
}",2.2083952821231505e-08,1.273720566596388,2.3897725080414096,5.002634885575331,2,5,"{
""valence"": 2,
""arousal"": 5
}",2.933990598647354e-06,1.1499688972870354
emobank_captured_moments_34911_34954,I threw a chair at him.,1.8,4.0,-0.6,0.5,1.548338466830562,8.402776335000198,2,8,"{
  ""valence"": 2,
  ""arousal"": 8
}",4.295689585758073e-13,1.3734814094421763,1.3957791935997006,8.664767047438119,1,9,"{
  ""valence"": 1,
  ""arousal"": 9
}",3.2470241343350957e-13,0.9330341337920651
emobank_captured_moments_28882_28898,This is torture.,1.67,3.67,-0.665,0.3349999999999999,1.0004544684788739,7.878445433288989,1,7,"{
  ""valence"": 1,
  ""arousal"": 7
}",7.764859981825748e-15,1.0495177795980248,1.0003008794761414,6.647738776214501,1,9,"{
  ""valence"": 1,
  ""arousal"": 9
}",1.2949689238291013e-14,0.7623073972707602
emobank_Nathans_Bylichka_10078_10146,"I have to warn you, though, you won’t like what I have to tell you.”",2.0,3.67,-0.5,0.3349999999999999,3.2365444962065766,6.87638474181115,3,7,"{
""valence"": 3,
""arousal"": 7
}

This text is likely",1.1350205866061468e-09,1.0155775516726797,3.3935610730530485,5.840712718948279,3,7,"{
  ""valence"": 3,
  ""arousal"": 7
}",4.499765873804641e-07,1.6095338914156039
emobank_Nathans_Bylichka_56058_56169,I raised the stake; he drew back the dagger for a slash that could doubtless open my neck from throat to spine.,2.3,3.8,-0.3500000000000001,0.3999999999999999,1.9904701882916234,7.696057426937176,2,8,"{
  ""valence"": 2,
  ""arousal"": 8
}",2.4121875402226866e-12,1.5126842423194014,1.6421212613275276,8.371238544768058,1,9,"{
  ""valence"": 1,
  ""arousal"": 9
}",1.2831435221514874e-12,1.1953550699893811
emobank_defenders5_3431_3435,“NO”,1.7,3.9,-0.65,0.4499999999999999,1.743944396105228,4.4319729746673175,3,0,"{
  ""valence"": 3,
  ""arousal"": 0
}

The text",0.00037399826204357576,1.4099229925879249,1.0014463700286798,4.969042289996492,1,5,"{
  ""valence"": 1,
  ""arousal"": 5
}",1.0037850954475925e-05,0.05852737331884311
emobank_A_defense_of_Michael_Moore_12034_12044,"""Fuck you""",1.2,4.2,-0.9,0.6000000000000001,1.0000123391281006,6.302395484234841,1,5,"{
  ""valence"": 1,
  ""arousal"": 5
}",6.386746206003188e-13,1.1433751997970856,1.0000258262767894,5.43846057409769,1,5,"{
  ""valence"": 1,
  ""arousal"": 5
}",2.1553040415994007e-12,0.5753795986433462
emobank_hotel-california_17786_17806,"“That's still dumb,”",2.0,3.75,-0.5,0.375,2.7810409802696703,4.321852160077637,3,5,"{
""valence"": 3,
""arousal"": 5
}

This text is likely",4.8949996430407553e-08,1.5655069142116187,2.7950506800313386,4.5444388892709,3,5,"{
  ""valence"": 3,
  ""arousal"": 5
}",1.8326392016825352e-06,1.1281371180555868
emobank_The_Black_Willow_4372_4383,"""Damn you,""",1.75,4.12,-0.625,0.56,1.0419162374060693,5.135732046141555,1,5,"{
  ""valence"": 1,
  ""arousal"": 5
}",6.58587428857025e-11,0.42674077486630213,1.048309451101127,5.009075135916266,1,5,"{
  ""valence"": 1,
  ""arousal"": 5
}",5.256005942594957e-10,0.284665089182229
emobank_Fermentation_Eminent-Domain_5349_5372,And I am really pissed.,1.8,4.0,-0.6,0.5,1.6647441873639848,6.053835720891554,1,5,"{
  ""valence"": 1,
  ""arousal"": 5
}",4.4879627784725064e-12,1.5856968659212203,1.009077204543699,5.104796881434621,1,5,"{
  ""valence"": 1,
  ""arousal"": 5
}",2.119878081728895e-14,0.2365326730718348
emobank_detroit_13308_13320,I think not!,2.3,3.9,-0.3500000000000001,0.4499999999999999,4.9238066357804975,3.0350447569443673,5,3,"{
""valence"": 5,
""arousal"": 3
}

The text ""I",0.0020612690188974176,0.4248322726941879,3.279306475433886,4.992349196045843,3,5,"{
  ""valence"": 3,
  ""arousal"": 5
}

This response",0.1735821866682659,1.1932014012518775
emobank_detroit_11992_12207,"Have we really built a ""Great Society"" or is that all propaganda -- Bull Shiite to hush free thought, eyes to the flag, while our pockets and resources were raided by shysters, spin-meisters, schmucks and banksters?",2.0,3.8,-0.5,0.3999999999999999,2.0664219891907103,6.978287822722567,2,7,"{
""valence"": 2,
""arousal"": 7
}

This text is likely",1.8681735352157405e-12,1.1162342057405412,2.318668539217933,6.510221664582779,2,5,"{
""valence"": 2,
""arousal"": 5
}",4.83277669855549e-11,1.68987804339878
emobank_The_Black_Willow_4463_4529,"He pounded his desk in vain, cursing the foul muse that drove him.",1.9,3.8,-0.55,0.3999999999999999,2.581935468381639,5.056448015645054,2,5,"{
  ""valence"": 2,
  ""arousal"": 5
}",1.425255482109736e-09,1.0379603175911796,2.146781810191868,5.12432970067052,2,5,"{
  ""valence"": 2,
  ""arousal"": 5
}",1.1516619584233699e-10,1.1460857986331403
emobank_easy_money_11294_11394,"For some reason I thought of a giant clown face from a carnival ride, but it scared the hell out me.",2.1,3.7,-0.4499999999999999,0.3500000000000001,2.2866854498643296,6.620082166576325,2,7,"{
  ""valence"": 2,
  ""arousal"": 7
}",1.9739026093544003e-13,1.4796670243075316,1.6501389296554763,6.103018295021121,1,5,"{
  ""valence"": 1,
  ""arousal"": 5
}",1.7387485188553338e-13,1.4917591229056304
emobank_Nathans_Bylichka_52097_52120,"Suddenly, Amy screamed.",2.0,3.71,-0.5,0.355,3.0907841735809205,6.632052971041486,2,7,"{
  ""valence"": 2,
  ""arousal"": 7
}

This text",2.6674138815146735e-09,1.6206169619664836,2.015289685798797,6.893650705805958,2,8,"{
  ""valence"": 2,
  ""arousal"": 8
}",2.1217771898330102e-11,1.488270684229333
emobank_The_Black_Willow_4372_4422,"""Damn you,"" he cried, ""will you never leave me be?",1.78,3.78,-0.61,0.3899999999999999,1.2261419540394816,5.706484983973894,1,5,"{
""valence"": 1,
""arousal"": 5
}",1.9366095143390304e-12,1.2256819246791515,1.1054757129732928,5.093391649102165,1,5,"{
  ""valence"": 1,
  ""arousal"": 5
}",3.5697592534987497e-12,0.48444699458318496
emobank_SemEval_994,Collision on icy road kills 7,1.67,3.78,-0.665,0.3899999999999999,2.237089657447445,6.3650517998143865,2,7,"{
  ""valence"": 2,
  ""arousal"": 7
}",4.5037500962500435e-12,1.811914583265233,1.7420013414612536,5.4565610214959595,1,5,"{
  ""valence"": 1,
  ""arousal"": 5
}",7.741001961015762e-12,1.6030033346708648
emobank_lw1_1033_1057,Of all the impertinence!,1.88,4.12,-0.56,0.56,2.994472660560217,5.062097931170261,3,5,"{
  ""valence"": 3,
  ""arousal"": 5
}

This text",1.4992928716594336e-05,0.5029839531960351,2.9314674244435084,5.085093391886797,3,5,"{
  ""valence"": 3,
  ""arousal"": 5
}",1.4422153792987943e-07,0.6305504683422617
emobank_The_Black_Willow_16502_16537,"""Heavens, no,"" said Nathan, aghast.",2.1,3.7,-0.4499999999999999,0.3500000000000001,2.226123765236102,5.933619120805188,1,5,"{
""valence"": 1,
""arousal"": 5
}",8.686960486412473e-10,1.7591648101958783,1.761049196145695,6.100673199105516,1,5,"{
  ""valence"": 1,
  ""arousal"": 5
}",5.281547541463371e-12,1.6696434614244322
emobank_Nathans_Bylichka_22420_22431,"“Oh, shit!”",1.9,4.3,-0.55,0.6499999999999999,2.5490065968779962,7.238503092212945,2,7,"{
  ""valence"": 2,
  ""arousal"": 7
}",5.1434173910405035e-12,1.262263128007143,2.1894130095398263,7.083465292003171,2,7,"{
  ""valence"": 2,
  ""arousal"": 7
}",3.962275586546249e-12,1.48594312599401
emobank_easy_money_13623_13705,"""None,"" I said and slipped the knife into his neck right at the base of his skull.",2.1,3.9,-0.4499999999999999,0.4499999999999999,1.0065190225349818,8.994304749359662,0,9,"{
""valence"": 0,
""arousal"": 9
}",1.0427411821124024e-14,0.051640463518534206,1.0361539620588223,8.961392425166421,0,9,"{
  ""valence"": 0,
  ""arousal"": 9
}",1.1300051124530671e-10,0.18003956887048492
emobank_Nathans_Bylichka_7597_7686,"My girlfriend has disappeared, I don’t even know where to start looking, and I need help!",1.57,4.0,-0.715,0.5,1.5746123989048564,8.510014216583052,1,9,"{
  ""valence"": 1,
  ""arousal"": 9
}",1.6872279000223675e-14,1.2583368964218702,1.2070076679289297,8.814628097407002,1,9,"{
  ""valence"": 1,
  ""arousal"": 9
}",1.4473748168920162e-14,0.615266812570935
emobank_cable_spool_fort_6006_6023,You didn't fight!,2.2,3.8,-0.3999999999999999,0.3999999999999999,4.654061877852952,3.5131715778603687,3,5,"{
  ""valence"": 3,
  ""arousal"": 5
}

The text",0.04268094421906251,0.8245311488506804,5.006931845452776,2.9811974783982986,5,3,"{
  ""valence"": 5,
  ""arousal"": 3
}

This text",0.0004368965526158878,0.10795167957089243
emobank_detroit_3555_3589,I was actually afraid for my life.,1.7,3.9,-0.65,0.4499999999999999,2.038577246425188,7.590067893007684,2,8,"{
  ""valence"": 2,
  ""arousal"": 8
}",2.896132771709994e-13,1.40791725541219,1.0589429508405168,8.48741474374494,1,9,"{
  ""valence"": 1,
  ""arousal"": 9
}",1.7299176592150646e-15,0.812804550276982
emobank_WhereToHongKong_59648_59721,Dr. Sun Yat-sen (1866–1925) began his political career in Canton.,3.0,2.33,0.0,-0.3349999999999999,5.119285663360818,2.0983013386896086,5,3,"{
""valence"": 5,
""arousal"": 3
}

This text is likely",6.486998937649102e-07,1.227144700614264,5.939956366700835,2.799376559561477,7,3,"{
  ""valence"": 7,
  ""arousal"": 3
}",7.588126577968552e-06,1.2256242109217323
emobank_Nathans_Bylichka_31628_31664,This place is just a little of both.,3.0,2.25,0.0,-0.375,4.999997874204615,2.996016261253068,5,3,"{
""valence"": 5,
""arousal"": 3
}

This text is neutral",7.427816533149131e-07,0.026417700454325694,4.9999979955878295,3.146524175684813,5,3,"{
  ""valence"": 5,
  ""arousal"": 3
}",0.04923365725784234,0.39970636574533336
emobank_110CYL070_1325_1335,"Sincerely,",3.0,2.3,0.0,-0.3500000000000001,5.034595385625072,1.121747694248778,5,1,"{
""valence"": 5,
""arousal"": 1
}

This text is neutral",3.290499873425508e-07,0.3924599951815539,5.457176215264865,1.2279281561886304,5,1,"{
""valence"": 5,
""arousal"": 1
}",2.5852354147465615e-06,0.8973862062487985
emobank_Nathans_Bylichka_2070_2112,I was feeling calm and private that night.,3.1,1.8,0.05,-0.6,5.0165775710134195,2.9978304162383407,5,3,"{
  ""valence"": 5,
  ""arousal"": 3
}",3.305802174754123e-06,0.15475574259027625,5.147882016654547,3.0345858019877747,7,3,"{
  ""valence"": 7,
  ""arousal"": 3
}",3.7811392041388207e-06,0.5131357541105376
emobank_hotel-california_21106_21113,Silent.,2.9,2.2,-0.05,-0.3999999999999999,4.997813160914537,1.4150740867074838,5,1,"{
""valence"": 5,
""arousal"": 1
}

This text is neutral",5.269233515884265e-07,0.5465335673454366,5.000173900912146,1.010640683867064,5,1,"{
  ""valence"": 5,
  ""arousal"": 1
}",2.684474309109098e-07,0.036493338836795175
emobank_SemEval_801,Rice: U.S. won't pull plug on Iraq,3.14,2.29,0.07,-0.355,4.998403590421683,3.015761831848044,5,3,"{
  ""valence"": 5,
  ""arousal"": 3
}

This text",0.0009251162024521408,0.09959549777962977,5.000477683918902,2.9982570701618783,5,3,"{
  ""valence"": 5,
  ""arousal"": 3
}",0.0001776096358026563,0.07159848664622469
emobank_110CYL071_18_35,"November 15, 1994",3.0,2.2,0.0,-0.3999999999999999,4.976175542659964,3.0119690056011,5,3,"{
""valence"": 5,
""arousal"": 3
}

This text provides no",0.0002801342608477035,0.3033975133255859,5.172138298879196,2.1278526266204074,5,1,"{
""valence"": 5,
""arousal"": 1
}",6.518211028249136e-05,1.1815887857896807
emobank_WhatToHongKong_3035_3172,"Pick up a copy of HKTA’s “The Official Dining, Entertainment & Shopping Directory” in which all member stores are listed.",3.2,2.2,0.1,-0.3999999999999999,5.001630382083292,1.0741165216148503,5,1,"{
  ""valence"": 5,
  ""arousal"": 1
}

This text",2.811378616636598e-08,0.20595463873093067,5.139828759246695,1.521194762473696,5,1,"{
  ""valence"": 5,
  ""arousal"": 1
}",9.504432663844289e-07,0.9074159753009566
emobank_IntroHongKong_1558_1761,"But in fact, once news of the handover vanished from the front pages, the people of Hong Kong returned to their usual topics of conversation: the economy and the price of housing.",2.9,2.1,-0.05,-0.4499999999999999,5.003183998633231,2.659108828037833,5,3,"{
""valence"": 5,
""arousal"": 3
}

This text is likely",2.7067289743953143e-07,0.7622905772942147,5.005263318732693,2.7775146713590364,5,3,"{
""valence"": 5,
""arousal"": 3
}",9.52798423434305e-07,0.6116081641604576
emobank_114CUL059_18_30,"July 25,1997",3.0,2.2,0.0,-0.3999999999999999,4.992732509269224,2.183266721841236,5,1,"{
""valence"": 5,
""arousal"": 1
}

This text provides no",0.00011323223876869557,0.846516874140105,5.059543612264138,1.6019593845414952,5,1,"{
""valence"": 5,
""arousal"": 1
}",3.4146802964128986e-05,0.9208322934631901
emobank_Nathans_Bylichka_39817_39841,The man closed his eyes.,3.0,2.27,0.0,-0.365,5.000310146635169,2.9562644468082095,5,3,"{
  ""valence"": 5,
  ""arousal"": 3
}

This text",4.969650928865256e-06,0.12809116862052414,5.4948426641862795,2.998632470112842,0,3,"{
  ""valence"": 0,
  ""arousal"": 3
}",1.2876742598531693e-05,0.6263341450752213
emobank_hotel-california_33981_33997,Some other ship.,3.0,2.33,0.0,-0.3349999999999999,4.999781337321488,1.0027941185688787,5,1,"{
  ""valence"": 5,
  ""arousal"": 1
}

The text",1.3842858848335895e-08,0.014231102953249131,5.017335142870991,1.0785554391071472,5,1,"{
  ""valence"": 5,
  ""arousal"": 1
}",4.1201396957434244e-07,0.22571750881870006
emobank_Fermentation_HR5034_14155_14202,"arunrob@gmail.com October 13, 2010 at 12:39 PM",2.88,1.87,-0.06,-0.565,4.927788203354131,1.0001968825339038,0,0,"{
""valence"": 0,
""arousal"": 0
}

This text is a",5.8237699400999435e-09,0.13133808851286471,6.732530730021597,1.457964220321144,7,1,"{
""valence"": 7,
""arousal"": 1
}",5.187473767132207e-08,1.06881502153211
emobank_Fermentation_HR5034_7908_8121,"""Over half the states have been sued challenging their alcohol laws. The lawsuits have attacked items such as commonsense safeguards that require a face-to-face transaction (needed for I.D. checks) to buy alcohol""",2.67,2.33,-0.165,-0.3349999999999999,4.520863370449462,5.689448962926204,4,5,"{
""valence"": 4,
""arousal"": 5
}

This text is likely",0.012483164958484406,1.2274422419016373,4.736362009850835,5.668361287616896,4,5,"{
""valence"": 4,
""arousal"": 5
}

The text conveys",0.09703406414487889,1.2048303105266305
emobank_hotel-california_29929_29956,“I never thought about it.”,3.0,2.09,0.0,-0.455,4.999506742374891,2.0613425933677307,5,1,"{
  ""valence"": 5,
  ""arousal"": 1
}

This text",9.511552625297269e-07,0.7587834960577131,4.999989212706392,2.462486435551463,5,1,"{
  ""valence"": 5,
  ""arousal"": 1
}",5.998848095976138e-05,0.5963394319935851
emobank_easy_money_4002_4130,"There was only one chair, so I sat on the edge of the bed as he handed me a book open to a picture of some sort of stone tablet.",2.9,2.3,-0.05,-0.3500000000000001,4.999141813878331,3.372103221380055,5,3,"{
""valence"": 5,
""arousal"": 3
}

This text is neutral",0.010380060329563427,0.7247792666340116,5.004272282052083,3.1516036615885543,5,3,"{
""valence"": 5,
""arousal"": 3
}",0.008109255124668433,0.4902786807565517
emobank_wsj_0120_3120_3137,"""migrate to 900,""",2.86,2.29,-0.07,-0.355,4.998256350904735,1.0275303690094042,0,5,"{
""valence"": 0,
""arousal"": 5
}

This text is neutral",3.2010094317816894e-06,0.07028231554149814,5.044155147969635,1.0724191793198181,0,0,"{
""valence"": 0,
""arousal"": 0
}

The text does not",1.6395041451705822e-05,0.24840844399484013
emobank_wwf12_31_148,"December 7, 2000 FirstName LastName StreetNumber StreetName, CityName, StateName, ZipCode",3.0,2.0,0.0,-0.5,5.016914473806427,1.0000307417112193,0,0,"{
""valence"": 0,
""arousal"": 0
}

This text is a",7.314528817151106e-09,0.08546703523912935,3.729942369432745,1.0035104616594308,0,0,"{
""valence"": 0,
""arousal"": 0
}

I am an artificial",5.946209164590637e-11,0.7188693413586758
emobank_NYTnewswire7_7563_7623,She can be contacted at michellecole(at)news.oregonian.com.),3.0,2.25,0.0,-0.375,5.5868590927675434,1.0000441217436935,0,0,"{
""valence"": 0,
""arousal"": 0
}

This text is neutral",3.710128357553071e-09,0.6164271656128848,6.966966579370057,1.004116995193869,0,0,"{
  ""valence"": 0,
  ""arousal"": 0
}",1.7176945262141622e-10,0.09712886938391659
emobank_Nathans_Bylichka_34328_34342,Nepthys asked.,3.0,2.29,0.0,-0.355,5.0001665956297074,1.0417337063757848,5,1,"{
""valence"": 5,
""arousal"": 1
}

The given text is",1.5051375789786904e-07,0.10901380681480143,5.134928339981501,1.007465565945849,0,0,"{
  ""valence"": 0,
  ""arousal"": 0
}

The text",6.757643766787261e-08,0.27764973035546986
emobank_WhereToHongKong_54465_54535,The island is also the designated home of the University of East Asia.,3.1,2.3,0.05,-0.3500000000000001,5.00750582942815,2.1796287979932365,5,1,"{
  ""valence"": 5,
  ""arousal"": 1
}

This text",8.412951346102995e-07,0.8808539114917199,5.541673434936626,2.6959687040992293,7,3,"{
  ""valence"": 7,
  ""arousal"": 3
}",4.806684528100494e-06,1.222826146730559
emobank_hotel-california_33370_33568,"The speed of sound in dry air at twenty degrees Celsius or sixty-eight degrees Fahrenheit is three hundred and forty-three meters per second, or one thousand one hundred twenty-five feet per second.",3.0,2.33,0.0,-0.3349999999999999,5.0018016666848455,1.3463067999956704,0,1,"{
""valence"": 0,
""arousal"": 1
}

This text is likely",1.2930097316746345e-07,0.557240137059548,5.096400917182558,2.264580574663603,0,0,"{
""valence"": 0,
""arousal"": 0
}

I am an artificial",1.912008671843049e-06,1.0006000392858019
emobank_NYTnewswire1_268_471,"ANAHEIM, Calif. -- The Anaheim Angels got help where they felt they needed it most, agreeing to trade for Milwaukee Brewers outfielder Alex Ochoa only hours before Wednesday's nonwaiver trading deadline.",3.12,2.25,0.06,-0.375,4.989114170011818,2.9949741532458702,5,3,"{
""valence"": 5,
""arousal"": 3
}

This text is likely",5.849984235113043e-05,0.17248905185393928,4.9275335894917704,3.026761834925687,0,1,"{
""valence"": 0.5,
""arousal"": 1.0
}",0.00010247472217341668,0.4900912542699982
emobank_NYTnewswire9_5598_5682,"He said that they had split the atom and that we were going to drop an atomic bomb,""",2.78,3.22,-0.1100000000000001,0.1100000000000001,4.9097829730168305,6.986993638149829,5,7,"{
""valence"": 5,
""arousal"": 7
}

The text is neutral",2.734645419179024e-07,0.23875126106821923,4.838206496859155,6.795687559079683,3,7,"{
  ""valence"": 3,
  ""arousal"": 7
}

The text",0.0001415453217161351,0.5407125457942773
emobank_SemEval_1271,"Beauticians cut, curl, offer stroke-prevention info",3.14,3.0,0.07,0.0,5.00309897230549,2.942971661525957,5,3,"{
  ""valence"": 5,
  ""arousal"": 3
}

This text",2.9076563855467045e-06,0.24966073185503976,5.129912669797083,2.9338388575789445,5,3,"{
  ""valence"": 5,
  ""arousal"": 3
}

The text",2.9017417739999954e-05,0.6950218446201143
emobank_NYTnewswire9_7753_7754,"""",3.0,2.6,0.0,-0.1999999999999999,4.999404616912515,1.2723943165529623,5,3,"{
""valence"": 5,
""arousal"": 3
}

This text is neutral",6.723447573890208e-07,0.44401041761265575,6.065311718894112,2.3432732764604824,7,3,"{
""valence"": 7,
""arousal"": 3
}",7.525728312725696e-05,1.561593292406178
emobank_Nathans_Bylichka_19925_20022,"When it had all burnt, a thin outline of a doorframe appeared on the wall across from our corner.",2.9,2.7,-0.05,-0.1499999999999999,4.986071838233638,5.556863415491977,5,6,"{
  ""valence"": 5,
  ""arousal"": 6
}

This text",0.10834320263837958,0.9211445524552909,4.987222535557379,3.393679160388706,5,3,"{
  ""valence"": 5,
  ""arousal"": 3
}",0.10290466251577353,0.8266013460399939
emobank_lessig_blog-carbon_1966_1997,I am suspicious of cap & trade.,2.6,3.2,-0.1999999999999999,0.1,4.875501160245704,4.995863866176293,4,5,"{
  ""valence"": 4,
  ""arousal"": 5
}

This text",0.5669051433309208,1.2817878531797289,4.369675500557813,5.294506751462988,4,5,"{
  ""valence"": 4,
  ""arousal"": 5
}

Interpret",0.19007484222564058,1.4027386182050818
emobank_IntroDublin_7658_7712,The Irish are actually beginning to come home.,3.2,3.1,0.1,0.05,5.459267383319373,2.529676199506149,7,3,"{
  ""valence"": 7,
  ""arousal"": 3
}

This text",2.9327388643292127e-06,1.5217354778163328,5.8150908285179845,2.2382753205691577,7,3,"{
  ""valence"": 7,
  ""arousal"": 3
}

This text",2.262541322417256e-06,1.6407083906534123
emobank_118CWL048_1006_1066,Over 150 girls are currently waiting for a Big Sister.,3.0,3.44,0.0,0.2199999999999999,5.003874122357124,2.9911244189000605,5,3,"{
  ""valence"": 5,
  ""arousal"": 3
}

This text",4.429943055313109e-05,0.1425837119123275,5.006162036097696,3.019546357230606,5,3,"{
  ""valence"": 5,
  ""arousal"": 3
}",0.001156916060897175,0.16011828519441865
emobank_20020731-nyt_5994_6106,"Nor did it cite a $1,590 Oriental carpet that Chang gave to Torricelli's former wife, Susan Holloway Torricelli.",2.88,3.0,-0.06,0.0,5.02402933269696,1.0283495047846796,0,1,"{
""valence"": 0,
""arousal"": 1
}

This text is neutral",1.7807135372557336e-08,0.17971708715698356,5.538659212527499,1.5948708023297051,0,1,"{
""valence"": 0,
""arousal"": 1
}",5.785558761327765e-07,1.4080050721363297
emobank_Bartok_16606_16856,"In Example 2, the entire development section is represented by exactly three pitches, and indeed each subsection is associated with one of these three pitches as its tonal center—none of these pitches is involved in the structural whole-tone descent.",3.0,2.88,0.0,-0.06,5.001811870540089,2.9965129116984746,5,3,"{
""valence"": 5,
""arousal"": 3
}",9.368172207973923e-07,0.04530629428461871,5.330430648952217,3.1806003332971,5,7,"{
""valence"": 5,
""arousal"": 7
}",0.0004029753552811799,0.6774542727238809
emobank_A1_65_84,Dubai 01-82 (AFP) -,3.0,2.7,0.0,-0.1499999999999999,5.001514293068766,3.0336304175023723,5,3,"{
""valence"": 5,
""arousal"": 3
}

This text is neutral",0.0056151393742446135,0.17030666296153368,5.03943277434826,3.0366624092072354,5,3,"{
""valence"": 5,
""arousal"": 3
}",0.004982292100359343,0.30357755805182096
emobank_NYTnewswire5_1031_1103,"Right now, some particularly nice ones are in Bay Area farmers' markets.",3.3,3.3,0.1499999999999999,0.1499999999999999,5.4002077061850144,2.8220668550567214,7,3,"{
  ""valence"": 7,
  ""arousal"": 3
}",3.0930650622666314e-07,1.3200678956941272,6.29840157709857,3.0557374769280603,7,3,"{
  ""valence"": 7,
  ""arousal"": 3
}",1.0734834928312534e-06,1.3613604842708462
emobank_wsj_0127_805_889,"Reed is paying an interim dividend of 4.6 pence, up 15% from 4 pence a year earlier.",3.0,3.0,0.0,0.0,4.998151406476271,2.9488795002075263,5,3,"{
""valence"": 5,
""arousal"": 3
}

This text is likely",1.3903755299015388e-06,0.21291217913424365,4.997784646315323,2.8985119174920646,5,3,"{
""valence"": 5,
""arousal"": 3
}",6.32418178475951e-06,0.33130148623247846
emobank_WhereToHongKong_1285_1483,"Next to the Jardine building is Exchange Square, a complex with a large shopping mall; just behind it is the General Post Office with a philatelic center on the ground floor.",3.0,3.0,0.0,0.0,5.088992094379426,2.9459610008992154,5,3,"{
""valence"": 5,
""arousal"": 3
}

This text is likely",7.422897794580607e-07,0.4868414078573404,5.335398170602327,2.996752321013215,5,3,"{
""valence"": 5,
""arousal"": 3
}",7.839639386910858e-06,0.8440567267279956
emobank_Ant_Robot_6023_6148,"Sensors will include a thermometer, photoreceptors, bump sensors, a polarization compass, and a series of chemical receptors.",3.0,3.0,0.0,0.0,5.057903616737091,3.0545521618880445,5,3,"{
  ""valence"": 5,
  ""arousal"": 3
}

This text",0.00028499362537821985,0.20918814886570541,5.943124905095045,3.717730618027291,7,5,"{
  ""valence"": 7,
  ""arousal"": 5
}",0.0008124586598538413,1.0892789151857554
emobank_wsj_0127_928_1005,"Earnings were hurt by disposal of operations in its restructuring, Reed said.",2.44,3.0,-0.28,0.0,4.125065760744444,3.614542164859463,4,3,"{
""valence"": 4,
""arousal"": 3
}

This text is likely",3.0016021641016804e-06,1.4246570640579048,4.368446931047737,4.003197172383431,4,5,"{
  ""valence"": 4,
  ""arousal"": 5
}

Interpret",0.002560618364943022,1.1742930845759023
emobank_SemEval_929,"Dell to cut bonuses, trim management",2.8,3.0,-0.1,0.0,3.8620564639113337,5.183265859983534,3,5,"{
  ""valence"": 3,
  ""arousal"": 5
}

The text",0.01604960263823187,1.251721292104315,4.616987383168729,4.485070342635749,4,5,"{
  ""valence"": 4,
  ""arousal"": 5
}

The text",0.173830323485671,1.69804606501889
emobank_Acephalous-Internet_1270_1472,"This realization is obviously not of world-historical importance, merely a reminder that this thing whose existence we take for granted daily represents a fundamentally weird complement to human memory.",3.0,3.0,0.0,0.0,4.998429626675751,2.8144053778167804,5,3,"{
""valence"": 5,
""arousal"": 3
}

This text is likely",2.0899406153032744e-07,0.5180134133198853,5.004183750755578,2.350308018707944,5,3,"{
""valence"": 5,
""arousal"": 3
}

This text expresses",5.805070886006782e-07,0.9615147570481786
emobank_114CUL059_911_1020,"These 60 or so campers have takenon a fund raiser with a goal of raising $16,000 for camperships.",3.25,3.62,0.125,0.31,5.02886237518199,3.0520456428805813,5,3,"{
""valence"": 5,
""arousal"": 3
}

This text is likely",0.0003114297728325811,0.3604752282036553,5.075164624863167,3.511526052398267,5,3,"{
""valence"": 5,
""arousal"": 3
}

This text evokes",0.02654059591919929,0.9875565912443137
emobank_WhatToHongKong_16110_16267,"Although the music may seem strange to the unaccustomed ear, it certainly won’t put you to sleep; cymbals and drums guarantee your alertness.",3.12,3.25,0.06,0.125,5.0105425092862825,5.977243705480691,5,6,"{
  ""valence"": 5,
  ""arousal"": 6
}

This text",0.051202768946750694,0.39916367190329033,5.819945184837598,6.475788858748065,7,6,"{
  ""valence"": 7,
  ""arousal"": 6
}",0.00036015746874864244,1.1100707947106987
emobank_Ant_Robot_50291_50564,"Workers probably switch to patrolling based on their perceived life expectancy and as a function of a gene whose expression changes between young and old ants, and this is easily emulated using a clock pulse counter in Antie’s CPU that will count its “age” since last boot.",3.0,2.9,0.0,-0.05,5.003393977571895,4.397206385004976,5,7,"{
""valence"": 5,
""arousal"": 7
}

This text is likely",0.00010283764774708273,0.8840898058812829,6.5445936162250025,5.326327685783943,7,5,"{
""valence"": 7,
""arousal"": 5
}",8.55274821828743e-05,0.9054768627067051
emobank_Nathans_Bylichka_23761_23834,"As you can see, our situation is of personal importance to the young man.",3.09,2.73,0.0449999999999999,-0.135,5.008921996876165,3.002629350856733,5,3,"{
""valence"": 5,
""arousal"": 3
}

This text is likely",0.0001246698220647067,0.13260388894984018,5.1297083812749955,3.375471465769027,5,3,"{
  ""valence"": 5,
  ""arousal"": 3
}

Interpret",0.06017225329222815,1.0173312156655487
emobank_Nathans_Bylichka_33184_33265,They were always my favorite part of the Greek myths I read in elementary school.,3.3,2.9,0.1499999999999999,-0.05,5.062090847442473,2.738302630402949,5,3,"{
""valence"": 5,
""arousal"": 3
}

This text is likely",8.353633309500525e-07,0.874122489210481,5.677143897012326,2.8493378051264293,7,3,"{
  ""valence"": 7,
  ""arousal"": 3
}",3.760419715058387e-06,1.4257123374005707
emobank_Homosexuality_3849_4031,"This theory, which defined Urnings as males who turned to other males as sexual partners, was published in twelve pamphlets by Ulrichs, starting in1864.",2.83,3.0,-0.0849999999999999,0.0,5.335107226215985,2.5182449175222965,5,3,"{
""valence"": 5,
""arousal"": 3
}

This text is likely",1.5208435485704383e-06,1.1539483509779977,5.690497924654207,2.804194510416056,5,3,"{
""valence"": 5,
""arousal"": 3
}",6.108959759910504e-06,1.1116568613274558
emobank_vampires_1039_1046,'ninja',3.0,2.9,0.0,-0.05,6.684661968401471,5.20211512685501,7,5,"{
  ""valence"": 7,
  ""arousal"": 5
}

The term",0.017353012075284772,0.8249887156334713,6.921276466152604,5.020181311353529,7,5,"{
  ""valence"": 7,
  ""arousal"": 5
}",0.025281110782714524,0.27137416130176784
emobank_WhereToHongKong_54675_54833,"A grand colonial house, fully restored and outfitted with period furnishings, provides the centerpiece for this expanding “cultural village. ”",3.0,3.0,0.0,0.0,5.949111077696453,3.937147752402778,7,5,"{
""valence"": 7,
""arousal"": 5
}

This text is likely",4.877062266035091e-05,1.6476586134346898,6.694351605298718,4.35239243616994,7,5,"{
  ""valence"": 7,
  ""arousal"": 5
}",4.832223829052789e-05,1.7339546953798053
emobank_anth_essay_4_15389_15507,"Difficulties arise, however, as conflicts between the traditional and modern and native languages and Spanish develop.",2.8,2.9,-0.1,-0.05,4.995234357241664,3.811080404255424,5,6,"{
""valence"": 5,
""arousal"": 6
}

This text is likely",0.05340830850459232,1.1413276668064916,4.996769180745084,3.4039224187470007,5,3,"{
""valence"": 5,
""arousal"": 3
}

The text is neutral",0.04419520125208988,0.8425721547302043
emobank_hotel-california_3981_3998,She turned to me.,3.0,3.0,0.0,0.0,5.0001653003853015,1.1932585713253103,0,0,"{
""valence"": 0,
""arousal"": 0
}

The given text is",4.0699259311119155e-07,0.349362906131953,5.298391389646254,1.5145649829682657,0,0,"{
  ""valence"": 0,
  ""arousal"": 0
}

The text",1.1579054502996322e-06,0.8824335964593053
emobank_A_defense_of_Michael_Moore_14510_14661,"b) Why should Moore leave the words ""Clinton is on the Today Show"" visible in the text, which is necessary to correctly interpret the highlighted part?",3.0,3.25,0.0,0.125,5.007353534532904,1.2843521375831026,0,5,"{
""valence"": 0,
""arousal"": 5
}

This text is neutral",2.810497389172904e-07,0.4926046556849594,5.4050243252302765,2.8017545900516057,0,5,"{
""valence"": 0,
""arousal"": 5
}

I am an artificial",5.865709315375613e-05,0.9792287372848333
emobank_SemEval_116,Top General Optimistic on Iraq,3.0,3.12,0.0,0.06,5.00003144654144,3.0023931749753263,5,3,"{
""valence"": 5,
""arousal"": 3
}

This text is likely",2.726978210510163e-05,0.062240458005667146,5.002325914458173,2.9978052690365686,5,3,"{
  ""valence"": 5,
  ""arousal"": 3
}",3.079364324932241e-05,0.08572681001489511
emobank_Acephalous-Internet_2299_2485,"Now that I remember him, which I didn't before, I remember him as being the pitcher who'd pitched for 1) the team the Mets faced to get to the '86 Series and 2) the one they faced in it.",3.0,3.0,0.0,0.0,4.999451432294319,2.9138614474794053,5,3,"{
""valence"": 5,
""arousal"": 3
}

This text is likely",1.2842407737298126e-05,0.31711405480415844,5.001838933497288,2.5550889229415796,0,0,"{
""valence"": 0,
""arousal"": 0
}

I am an artificial",4.179551709586304e-05,0.742194498032999
emobank_IntroDublin_6967_7136,"Almost half of Ireland’s population is under twenty-five, and with its universities and professional schools, Dublin also has a large student population.",3.0,3.0,0.0,0.0,5.007373207537684,3.039330055927014,5,3,"{
  ""valence"": 5,
  ""arousal"": 3
}

This text",0.0012592063068886067,0.2542394013463941,5.05893807863957,3.8756577143910627,5,3,"{
  ""valence"": 5,
  ""arousal"": 3
}",0.25082762139052056,1.2965720069881845
emobank_SemEval_99,Vegetables May Boost Brain Power in Older Adults,3.3,3.1,0.1499999999999999,0.05,5.2300292575260405,3.1121434259871754,7,3,"{
  ""valence"": 7,
  ""arousal"": 3
}

This text",1.4641507334426146e-05,0.7380099581874711,5.757417976374553,3.2901969981986556,7,3,"{
  ""valence"": 7,
  ""arousal"": 3
}",3.0310779084516203e-05,1.2560692226881234
emobank_wsj_0175_536_643,Sony's planned acquisition of Guber/Peters Entertainment Co. for $200 million is scheduled to close Monday.,3.0,3.1,0.0,0.05,5.002424807297707,2.973047160826762,0,3,"{
""valence"": 0,
""arousal"": 3
}

This text is neutral",2.075459704476496e-06,0.13028664251855404,5.013367704905286,2.977221347029541,5,3,"{
  ""valence"": 5,
  ""arousal"": 3
}

This text",1.2255846291470232e-05,0.16066538232646993
emobank_20020731-nyt_23886_24069,"The anonymous buyer, believed to be an individual collector who lives in the United States, made the winning bid in a fiercely contested nine-minute auction at Sotheby's in Manhattan.",3.4,3.3,0.1999999999999999,0.1499999999999999,5.078861678339812,6.029808667320899,5,6,"{
""valence"": 5,
""arousal"": 6
}

This text is likely",0.0024784533428010977,0.4788655921230368,5.5427472085865395,5.8180485832591,7,5,"{
  ""valence"": 7,
  ""arousal"": 5
}

Interpret",0.007814351120901014,0.999083250186605
emobank_Fermentation_HR5034_11796_11901,http://www.law.com/jsp/nlj/PubArticleNLJ.jsp?id=1202463630848&Alcohol_bill_means_happy_hour_for_lobbyists,3.0,2.7,0.0,-0.1499999999999999,4.968650488627202,3.0534883348533643,5,3,"{
""valence"": 5,
""arousal"": 3
}

The text is neutral",0.00033354517901671235,0.21000361001854637,5.006545803969381,2.9927541593582383,5,3,"{
""valence"": 5,
""arousal"": 3
}

The text is about",0.00010655074868873967,0.13522776134342915
emobank_detroit_14948_15031,But here's the thing -- frogs are mutating due to the planet trying to kill itself.,2.6,3.4,-0.1999999999999999,0.1999999999999999,2.741308921156108,5.695711590210423,2,5,"{
  ""valence"": 2,
  ""arousal"": 5
}",4.410495776302645e-11,1.6457519036113697,2.875821542119218,5.074109724103902,3,5,"{
  ""valence"": 3,
  ""arousal"": 5
}",4.123132263380987e-08,0.8149819286043533
emobank_Black_and_white_6132_6219,It strays from reason in the way which it consumes and manipulates life.,2.5,3.25,-0.25,0.125,4.7943364288079025,6.217538621249412,4,6,"{
""valence"": 4,
""arousal"": 6
}

This text has a",0.0012174425318832972,1.1294962770488712,4.827270969777316,6.414444827058442,4,6,"{
  ""valence"": 4,
  ""arousal"": 6
}

Interpret",0.01788273086762338,1.2238564104935985
emobank_SemEval_1210,King and queen reign at British film awards,3.2,2.9,0.1,-0.05,5.065880211913676,2.9753942560958837,5,3,"{
  ""valence"": 5,
  ""arousal"": 3
}

This text",1.6777839176978953e-05,0.40217989670316895,5.440651353867606,3.0107250383808903,7,3,"{
  ""valence"": 7,
  ""arousal"": 3
}",4.24770391330015e-05,0.9214707645599076
emobank_Fermentation_Eminent-Domain_4527_4654,"This is a case of over-reaching government regulation, costing business unnecessarily and burdening them with more regulations.",2.8,3.0,-0.1,0.0,2.825449985587823,4.9889705502689035,2,5,"{
""valence"": 2,
""arousal"": 5
}

This text is likely",0.030544875994030957,1.2669147038366233,2.346651301840257,4.929909891458507,2,5,"{
  ""valence"": 2,
  ""arousal"": 5
}",0.0002776343906564527,1.0183035929080237
emobank_IntroHongKong_68_170,"Exciting, mysterious, glamorous — these words have described Hong Kong for at least a century.",3.46,3.18,0.2299999999999999,0.09,6.373257208881096,6.381394399528633,7,6,"{
  ""valence"": 7,
  ""arousal"": 6
}",1.025469075086485e-05,1.1116176663208996,6.75022127312605,6.2278112734869495,7,6,"{
  ""valence"": 7,
  ""arousal"": 6
}",1.606197292554028e-05,0.858534989820961
emobank_wsj_0159_825_882,10 as the deadline for the receipt of any competing bids.,3.1,3.1,0.05,0.05,5.001000346876956,2.7693382095288226,0,1,"{
""valence"": 0,
""arousal"": 1
}",1.256149851250068e-06,0.43888676288096096,5.4438669497271714,2.6154280830250243,0,1,"{
  ""valence"": 0,
  ""arousal"": 1
}",2.3178150333848662e-06,1.1314888300005046
emobank_SemEval_1337,Princess Masako author: No regrets,3.0,2.78,0.0,-0.1100000000000001,5.019499250489269,2.968472581940773,5,3,"{
""valence"": 5,
""arousal"": 3
}

This text is likely",1.3237130190580332e-05,0.24633374919792936,5.0751506337741805,1.3434425135159986,7,3,"{
  ""valence"": 7,
  ""arousal"": 3
}",4.501837423730933e-07,0.6726728645975747
emobank_WhatToHongKong_10118_10203,Woks and any other gadgets essential for Chinese cookery make good purchases.,3.22,2.89,0.1100000000000001,-0.0549999999999999,5.28343427678679,2.456955151068144,5,3,"{
""valence"": 5,
""arousal"": 3
}

This text is likely",9.360130807951554e-07,1.453982943390593,6.522945398967004,2.9017171861239617,7,3,"{
  ""valence"": 7,
  ""arousal"": 3
}",3.8869565637061836e-07,1.3773203911656617
emobank_WhereToHongKong_31668_31741,Two natural rock formations are always pointed out on excursions.,3.12,2.87,0.06,-0.0649999999999999,5.0032760447601925,3.0032532233428824,5,3,"{
  ""valence"": 5,
  ""arousal"": 3
}

This text",5.757757212759443e-05,0.08301791528587199,5.287019133697346,3.209605580428197,7,3,"{
  ""valence"": 7,
  ""arousal"": 3
}",0.0035331357760045715,0.9351836341596435
emobank_NYTnewswire9_7632_7642,None came.,2.7,2.8,-0.1499999999999999,-0.1,1.6061375144540082,2.3151436634672313,1,3,"{
""valence"": 1,
""arousal"": 3
}",7.821994674906742e-10,1.5064259225470407,1.900761433561714,3.6895977761624033,1,1,"{
  ""valence"": 1,
  ""arousal"": 1
}",2.5974973044993087e-08,1.94812714859016
emobank_Ant_Robot_5877_5941,Antie will be implemented on a tiny Road Warrior robotic system.,3.2,3.2,0.1,0.1,5.016507075078147,3.0260480495769575,5,3,"{
""valence"": 5,
""arousal"": 3
}

This text is likely",0.002095141342295194,0.17601351492257455,5.372600172764478,3.097145287723708,7,3,"{
  ""valence"": 7,
  ""arousal"": 3
}",0.002409200874752876,0.9644107658228295
emobank_Fermentation_HR5034_4287_4426,"Fiction page ( http://www.hr5034.org/fact-vs-fiction ) ""FACT: This bill does not address direct shipping or any specific state alcohol law.",3.0,2.56,0.0,-0.2199999999999999,5.00137064819894,1.000736173698508,5,1,"{
""valence"": 5,
""arousal"": 1
}

This text is likely",8.139142765181958e-09,0.01395444271467704,5.0179704462991666,1.0033308105640535,5,1,"{
""valence"": 5,
""arousal"": 1
}",2.812157043270422e-08,0.07617494659356537
emobank_hotel-california_14602_14701,"Maybe we had all tired of the frivolity of our life, hitting some threshold or some breaking point.",2.5,2.7,-0.25,-0.1499999999999999,4.563620203612393,5.681023286481995,4,6,"{
""valence"": 4,
""arousal"": 6
}

This text suggests a",0.025222323697269653,1.133141188261773,4.755569588057502,5.2629286444139805,4,5,"{
""valence"": 4,
""arousal"": 5
}

The text expresses",0.4922499783327788,1.223454948403708
emobank_NWF1_2207_2523,"For more than 60 years, caring and concerned wildlife lovers like yourself have supported our mission to educate, inspire and assist individuals and organizations to conserve wildlife and other natural resources and to protect the earth’s environment in order to achieve a peaceful, equitable and sustainable future.",3.14,2.86,0.07,-0.07,7.91894975959602,4.000419526894593,7,3,"{
""valence"": 7,
""arousal"": 3
}

This text is likely",1.7896400349603637e-09,1.373383877887886,8.05416334178493,3.327884706000737,8,3,"{
""valence"": 8,
""arousal"": 3
}",3.445641675862614e-09,1.2297732464986282
emobank_WhatToHongKong_21826_21969,"Because of the heavy harbor traffic, only sailors licensed by the Hong Kong authorities can run pleasure boats in local waters.",3.0,3.0,0.0,0.0,5.000087471596959,2.924913408892765,5,3,"{
""valence"": 5,
""arousal"": 3
}

This text is likely",1.7464490960391701e-06,0.28151558094130774,5.001446856080884,2.999902787832042,5,3,"{
  ""valence"": 5,
  ""arousal"": 3
}",9.636414013095738e-05,0.1550216834225375
emobank_detroit_16320_16354,Don't forget about the back taxes!,2.9,3.8,-0.05,0.3999999999999999,4.112200862362995,5.961479139134806,5,3,"{
  ""valence"": 5,
  ""arousal"": 3
}

The text",3.5382799922301074e-05,1.5502670073473583,4.5510955975288105,5.7460187431535354,5,3,"{
  ""valence"": 5,
  ""arousal"": 3
}

The text",0.003719774059925742,1.5877015668350727
emobank_audubon1_7168_7287,"First,sign and return your Petition to the Secretary of Agriculture immediately, to declare a firm and resounding “NO!”",2.7,3.8,-0.1499999999999999,0.3999999999999999,1.9244532860090229,6.356177441441453,1,7,"{
""valence"": 1,
""arousal"": 7
}

This text is likely",7.2187646043565785e-09,1.7282177094255877,1.5183011907459472,5.649151970960248,1,5,"{
""valence"": 1,
""arousal"": 5
}",1.3481502421996431e-08,1.571935154688278
emobank_captured_moments_35083_35108,"I shouted, ""Where is she?",2.82,4.0,-0.09,0.5,4.288091919757688,6.946571574627023,3,7,"{
  ""valence"": 3,
  ""arousal"": 7
}",4.755515121046663e-08,0.9933718877373378,2.9379942090415794,6.857678859098708,3,7,"{
  ""valence"": 3,
  ""arousal"": 7
}",1.6298299357839056e-09,0.9071083452639018
emobank_The_Black_Willow_14142_14205,"He glared at Allan, eyes impaling him and demanding a response.",2.38,3.87,-0.31,0.435,2.4581816748822174,6.501173722167201,2,7,"{
  ""valence"": 2,
  ""arousal"": 7
}

This text",4.649193004658182e-12,1.3958700721882564,2.1936885016897865,6.595489887519616,2,7,"{
  ""valence"": 2,
  ""arousal"": 7
}",1.7216034515596313e-12,1.5529560347161482
emobank_The_Black_Willow_10406_10468,"""That is precisely why I must excise this malignant instinct!""",2.6,3.7,-0.1999999999999999,0.3500000000000001,3.5743664298543822,6.698470050369682,3,7,"{
  ""valence"": 3,
  ""arousal"": 7
}

This text",5.3227223958235276e-08,1.3468743734765103,2.94332170877664,6.460051816695682,3,7,"{
  ""valence"": 3,
  ""arousal"": 7
}

The given",1.7133561217598558e-08,1.2345110447530996
emobank_SemEval_1470,Frantic 911 call in Ryan O'Neal case,2.6,3.7,-0.1999999999999999,0.3500000000000001,2.9221173094717026,6.988207156843963,2,7,"{
""valence"": 2,
""arousal"": 7
}

This text is likely",5.5460277409179534e-11,0.8707105623264821,1.917730711555026,7.773243591135721,2,8,"{
  ""valence"": 2,
  ""arousal"": 8
}",9.411657583312968e-14,1.377534945912445
emobank_Nathans_Bylichka_51309_51320,he shouted.,2.4,3.8,-0.3,0.3999999999999999,4.879851060873489,6.724342195018321,5,7,"{
""valence"": 5,
""arousal"": 7
}

The text ""he",0.0013453342445031938,0.7272181237736568,3.0051452310052693,5.347596747856545,0,5,"{
  ""valence"": 0,
  ""arousal"": 5
}",1.1612244821607858e-07,1.442611416812592
emobank_detroit_13598_13622,The dark horse rides on!,3.4,3.9,0.1999999999999999,0.4499999999999999,5.289748792115462,5.894860507699336,5,6,"{
  ""valence"": 5,
  ""arousal"": 6
}

This text",0.02092029770043998,0.8959246572438416,6.733619186675726,5.13295114270064,7,5,"{
  ""valence"": 7,
  ""arousal"": 5
}

This text",0.04778584789236238,0.724421708902555
emobank_Homosexuality_12358_12505,Dobbens reasoned that most parents would not raise their children to be homosexual; “They’re not like ‘My child’s going to be gay!”’,2.8,3.7,-0.1,0.3500000000000001,4.687677221844326,1.5706294532012126,3,1,"{
""valence"": 3,
""arousal"": 1
}

This text is likely",2.405596744924574e-07,1.4482297561203084,4.980166722631449,1.6566671451546309,5,3,"{
""valence"": 5,
""arousal"": 3
}

The text is neutral",5.722535449256963e-07,0.9188181038804935
emobank_112C-L013_530_542,Real people!,3.62,3.87,0.31,0.435,5.160949603740968,2.436267144772769,7,3,"{
  ""valence"": 7,
  ""arousal"": 3
}

This text",0.00019409164863071123,1.1536443722222751,6.560665422061382,3.9788382496966435,7,1,"{
  ""valence"": 7,
  ""arousal"": 1
}

The text",0.00038102388766941787,1.2466590572044487
emobank_NYTnewswire7_135_185,RESPONSIBLE SEAFOOD SALES ARE THE CATCH OF THE DAY,3.5,3.8,0.25,0.3999999999999999,5.414911130749464,2.9855768517855843,7,3,"{
""valence"": 7,
""arousal"": 3
}

This text is likely",3.7436035820855657e-06,1.0659929584583863,6.327055043898385,3.0458902269596697,7,3,"{
  ""valence"": 7,
  ""arousal"": 3
}

This text",7.845875400368104e-06,1.338452107894744
emobank_Nathans_Bylichka_53471_53659,"He bashed up a set of stairs set into the side of the wall, and we chased up after him, heading up a huge staircase that seemed to go up for more stories than the building could have held.",2.62,3.75,-0.1899999999999999,0.375,5.041498545798983,6.9501215074895,5,7,"{
""valence"": 5,
""arousal"": 7
}

This text describes an",9.452445003397894e-07,0.3672106177327153,5.029592729957914,6.952525171429031,5,7,"{
  ""valence"": 5,
  ""arousal"": 7
}",1.542729338281262e-06,0.31068471426510547
emobank_captured_moments_6209_6225,"""But of course!""",3.57,3.71,0.2849999999999999,0.355,4.998992362066435,1.0004284977672555,5,1,"{
  ""valence"": 5,
  ""arousal"": 1
}

This text",7.645875598701127e-09,0.013778310601227431,4.998052467060807,1.1828661904571824,5,1,"{
  ""valence"": 5,
  ""arousal"": 1
}

This response",4.5349725890418473e-07,0.3840382513934512
emobank_Nathans_Bylichka_54841_54853,Behind you!”,2.8,4.1,-0.1,0.5499999999999998,4.863247171579403,8.1694021924093,5,8,"{
  ""valence"": 5,
  ""arousal"": 8
}

This text",3.032783423991781e-09,1.0229792996657365,2.4990336419821606,7.975298425158388,3,7,"{
  ""valence"": 3,
  ""arousal"": 7
}

This response",1.5170185188097181e-09,2.0132123202646857
emobank_easy_money_1285_1350,He set the cup down and looked straight at me for the first time.,3.1,3.7,0.05,0.3500000000000001,5.000457438251015,4.663777651809566,5,5,"{
""valence"": 5,
""arousal"": 5
}

This text is neutral",0.6380233420400362,1.0312414275019315,5.003202475321126,3.6435367229763562,0,5,"{
  ""valence"": 0,
  ""arousal"": 5
}",0.2684235530109079,0.8914183500145532
emobank_118CWL050_3607_3658,"When you give to Big Sisters, you can get 50% back!",3.4,3.7,0.1999999999999999,0.3500000000000001,5.94565391721984,3.4817803485399366,7,5,"{
""valence"": 7,
""arousal"": 5
}

This text is likely",6.464403392850193e-07,1.5861620187204881,5.479418840396029,2.952030587736728,7,3,"{
  ""valence"": 7,
  ""arousal"": 3
}

This text",1.4258794499574071e-06,1.067581882429154
emobank_defenders5_205_244,This wolf will be running for its life!,3.0,3.8,0.0,0.3999999999999999,2.9796975883577215,6.807312146250293,3,7,"{
  ""valence"": 3,
  ""arousal"": 7
}

This text",1.8096746380707239e-09,1.1162801118651258,1.6710495758243853,5.868066494355292,1,5,"{
  ""valence"": 1,
  ""arousal"": 5
}",5.5329721999402393e-11,1.4144278270036539
emobank_defenders5_3662_3742,That’s why your special financial support is so important — and urgently needed.,3.11,3.67,0.0549999999999999,0.3349999999999999,5.001045019211136,6.502156213214184,5,7,"{
""valence"": 5,
""arousal"": 7
}

This text is likely",0.0024800449455736314,0.8271725702048028,5.24936436168129,4.300884758273588,7,5,"{
  ""valence"": 7,
  ""arousal"": 5
}

This text",0.05501446397469082,1.6068828429851183
emobank_Homosexuality_2493_2499,"“sex,”",3.5,3.7,0.25,0.3500000000000001,3.3298937643051465,7.176772878657531,3,7,"{
""valence"": 3,
""arousal"": 7
}

This text is likely",1.4543063230147719e-09,1.3946828447840676,4.301026330345431,6.9524072970545685,0,5,"{
""valence"": 0,
""arousal"": 5
}",2.4684694577223758e-06,1.1331191723185883
emobank_Nathans_Bylichka_54804_54840,"Then I heard Nepthys shout, “Nathan!",2.9,3.7,-0.05,0.3500000000000001,4.75683036006685,6.2754426595165835,5,7,"{
""valence"": 5,
""arousal"": 7
}

This text is likely",0.01936467608963118,1.191873359887195,3.8699620404961994,5.879087590912221,2,7,"{
""valence"": 2,
""arousal"": 7
}

The text does not",0.026704059222281553,1.8210001286935567
emobank_cable_spool_fort_4979_4990,"""Time out!""",2.4,3.9,-0.3,0.4499999999999999,4.996687804206735,5.031216283153803,5,5,"{
  ""valence"": 5,
  ""arousal"": 5
}

This text",0.9563730087854312,0.23320688189453348,4.998899828050603,5.022857759266229,5,5,"{
  ""valence"": 5,
  ""arousal"": 5
}

This text",0.9758829786822955,0.1460099945036994
emobank_detroit_707_778,Some of us (and lots of New Yorkers) pay that much in rent every month!,2.7,3.7,-0.1499999999999999,0.3500000000000001,4.762609722101628,5.308419725465789,4,5,"{
""valence"": 4,
""arousal"": 5
}

This text is likely",0.459224330374942,1.3610610450693112,4.636342181279972,4.827773596446991,4,5,"{
  ""valence"": 4,
  ""arousal"": 5
}

Interpret",0.4306765605470208,1.4679016347162899
emobank_Nathans_Bylichka_51701_51730,"“Listen, man, he’s not there!",2.7,4.0,-0.1499999999999999,0.5,3.348971939372704,5.566025858131603,1,5,"{
""valence"": 1,
""arousal"": 5
}

This text is likely",0.03454906963186386,1.632194771932294,3.286200534338737,4.531090229721882,2,5,"{
""valence"": 2,
""arousal"": 5
}",0.09248505752093138,1.99308625240912
emobank_SemEval_913,Here come the Globes!,3.5,3.8,0.25,0.3999999999999999,5.350029202755299,4.253426302706243,7,5,"{
  ""valence"": 7,
  ""arousal"": 5
}

This text",0.14851485021704222,1.6147792449885878,6.7379169569859485,5.108123802709672,7,5,"{
  ""valence"": 7,
  ""arousal"": 5
}

This text",0.013046474948672174,0.6989209379641302
emobank_captured_moments_34149_34268,"She was looking slightly to my left, smiling with trust and satisfaction like one sexually content.",3.63,3.82,0.3149999999999999,0.4099999999999999,5.420004620130396,3.2509471624390796,7,5,"{
  ""valence"": 7,
  ""arousal"": 5
}

This text",5.48892890585485e-06,1.1814564195225226,6.717820969607483,4.018390359497165,7,4,"{
  ""valence"": 7,
  ""arousal"": 4
}",4.4059117305508125e-07,1.4759479405236682
emobank_Madame_White_Snake_7189_7196,"“Lust,”",3.4,3.8,0.1999999999999999,0.3999999999999999,3.9398759066817512,6.9127151191561875,3,7,"{
""valence"": 3,
""arousal"": 7
}

This text is likely",1.9610841984374203e-08,1.381790811959996,4.405234065174404,6.792665369545001,3,5,"{
  ""valence"": 3,
  ""arousal"": 5
}",6.495500058812222e-07,1.3698978622656035
emobank_SemEval_54,Game on! London exhibition celebrates the history of video games,3.5,3.7,0.25,0.3500000000000001,6.865749702501514,5.0279132072005135,7,5,"{
  ""valence"": 7,
  ""arousal"": 5
}

This text",0.004594291239717339,0.45241588198003213,6.900547231677234,5.008958314332368,7,5,"{
  ""valence"": 7,
  ""arousal"": 5
}",0.00406898603202484,0.3502345245540974
emobank_united1_1334_1467,"Offer is first-come, first-served and at this incredibly low rate, cabins are sure to sell out quickly, so call 1-800-822-2841 today!",3.6,3.7,0.3,0.3500000000000001,5.598741524060281,7.2524732368931195,7,8,"{
""valence"": 7,
""arousal"": 8
}

This text is likely",8.760956355098177e-08,1.005411730450958,6.265916670407742,7.226991226775943,7,5,"{
  ""valence"": 7,
  ""arousal"": 5
}

This text",2.0905034532357597e-07,1.3672062244277008
emobank_Fermentation_Eminent-Domain_5129_5331,"I'd be pissed that I'm forced now to put a place-name on my label that told my buyers nothing of real value about the wine behind my label and, in some cases, demonstrably lowered its perceived quality.",2.4,3.7,-0.3,0.3500000000000001,2.2591678869971368,5.0657746978566385,2,5,"{
""valence"": 2,
""arousal"": 5
}",1.812704861781727e-09,1.0113621990729253,2.140717448386313,5.062484681752073,2,5,"{
""valence"": 2,
""arousal"": 5
}",3.822361448866865e-09,1.0792529372156534
emobank_captured_moments_35640_35817,"Most of his story I have pieced together since, but I understood enough as I knelt on his chest with my hands tight on his fleshy throat.",2.44,3.67,-0.28,0.3349999999999999,1.1868045489634838,5.758806210392472,1,8,"{
""valence"": 1,
""arousal"": 8
}",4.82148889027525e-13,1.2529245152349655,1.1365945413790888,5.664107144126701,1,8,"{
""valence"": 1,
""arousal"": 8
}",6.6324926528158085e-12,1.072359577603849
emobank_Homosexuality_12475_12505,‘My child’s going to be gay!”’,3.0,4.12,0.0,0.56,3.542709454623822,6.490480448157952,3,7,"{
  ""valence"": 3,
  ""arousal"": 7
}

This text",0.0001589485347828201,1.988168564062541,4.371397691553852,6.1300173371892726,5,7,"{
  ""valence"": 5,
  ""arousal"": 7
}

This response",0.01838046377948355,1.7368270157386614
emobank_Uprooted_Bike_4508_4524,Then keep going!,3.17,4.16,0.0849999999999999,0.5800000000000001,5.003256957413764,2.9348636638912837,5,3,"{
  ""valence"": 5,
  ""arousal"": 3
}

This text",0.00041820276800057433,0.223929633613089,5.215649709251493,2.4641655611305655,7,3,"{
  ""valence"": 7,
  ""arousal"": 3
}

This text",0.007702161752184598,1.1668993224401523
emobank_detroit_17039_17149,"A $1,000 house, which could be fixed up into maybe a $30-40,000 house comes with a tax bill of $4-6K per year!",2.8,3.8,-0.1,0.3999999999999999,2.570212042596618,6.036717517173488,2,5,"{
""valence"": 2,
""arousal"": 5
}

This text is likely",5.4606581784011526e-11,1.5250767843108632,2.675341521228623,5.144539498714767,3,5,"{
""valence"": 3,
""arousal"": 5
}

This text expresses",2.2318411500163926e-08,1.1494140138880322
emobank_Nathans_Bylichka_51878_51937,"Even if you did find this vampire cat, he’d tear you apart!",2.7,3.7,-0.1499999999999999,0.3500000000000001,2.179854899134068,5.676624909415211,2,5,"{
  ""valence"": 2,
  ""arousal"": 5
}

This text",6.206785974356148e-11,1.7910647264348365,1.9727679595206986,5.101003285665872,2,5,"{
  ""valence"": 2,
  ""arousal"": 5
}",9.82773171766486e-10,1.4257588284427385
emobank_hsus4_3962_4057,Please help us carry this message to others so that animal cruelty and abuse can be eliminated.,2.4,3.8,-0.3,0.3999999999999999,6.912466153050193,4.976689610659715,7,5,"{
""valence"": 7,
""arousal"": 5
}

This text is likely",0.03204487228328508,0.4612107686925418,7.68959602651349,5.0226147920508195,7,5,"{
  ""valence"": 7,
  ""arousal"": 5
}

I feel",0.005642572698675144,1.087020056780031
emobank_20020731-nyt_34639_34650,Excellence.,3.5,3.7,0.25,0.3500000000000001,5.069543604812583,2.9539157639978546,7,3,"{
  ""valence"": 7,
  ""arousal"": 3
}

The word",0.00027641717395129704,0.46367646158828113,6.4945622974056665,4.536464557396484,7,5,"{
  ""valence"": 7,
  ""arousal"": 5
}

The word",0.030408662183478482,0.8378850126557005
emobank_captured_moments_24869_24876,"""Emil!""",3.4,3.7,0.1999999999999999,0.3500000000000001,5.0243279479304395,4.687030216718872,0,5,"{
  ""valence"": 0,
  ""arousal"": 5
}

This text",0.029814369137517213,1.1995870182156605,4.746627057851819,2.0493973694827257,0,5,"{
  ""valence"": 0,
  ""arousal"": 5
}

This text",0.004029857576297801,1.8673210402750133
emobank_captured_moments_21658_21733,"She screamed, ""I haven't socialized with Terra's elite for most of my life!",2.4,4.2,-0.3,0.6000000000000001,4.278996151283425,5.735059367465536,3,5,"{
""valence"": 3,
""arousal"": 5
}

This text is likely",0.03455888404380814,1.3206296204638708,2.5915321248247944,5.32315752740186,2,5,"{
  ""valence"": 2,
  ""arousal"": 5
}",1.863084965170698e-07,1.5430991651707473
emobank_Nathans_Bylichka_9223_9267,"I stopped and looked back at him, surprised.",3.0,3.8,0.0,0.3999999999999999,5.000690340382543,3.2107314458486402,5,3,"{
  ""valence"": 5,
  ""arousal"": 3
}

This text",0.031917896643045306,0.5628251998784537,5.004707635301222,4.6489504729315785,5,5,"{
  ""valence"": 5,
  ""arousal"": 5
}

This text",0.652901969709077,1.031856438395796
emobank_NYTnewswire4_2523_2590,"""and he said he felt like he was having an out-of-body experience.""",2.9,3.7,-0.05,0.3500000000000001,5.000397074426673,6.15189315042248,5,7,"{
  ""valence"": 5,
  ""arousal"": 7
}

This text",0.010402167935797475,0.505107643311693,5.0001774410621085,6.9232938987926405,5,7,"{
  ""valence"": 5,
  ""arousal"": 7
}

This text",0.0002820767840067146,0.2751969956671593
emobank_appalachian1_113_210,IT AUTHORIZES YOU TO START ENJOYING AMC’S OUTDOOR ACTIVITIES IMMEDIATELY!,3.57,4.0,0.2849999999999999,0.5,6.8653745293675685,4.868197001137424,7,5,"{
  ""valence"": 7,
  ""arousal"": 5
}

This text",0.00016730884802593438,0.46079856718033646,6.971941947730183,4.549108081703022,7,5,"{
  ""valence"": 7,
  ""arousal"": 5
}

This text",1.590313003193114e-06,1.0510113869906226
emobank_Nathans_Bylichka_58041_58059,"“My fuckin’ hero,”",3.5,3.9,0.25,0.4499999999999999,2.1329776535604132,6.294407884324923,1,5,"{
  ""valence"": 1,
  ""arousal"": 5
}",2.129898977305457e-06,2.0238142229975478,6.384951085457356,5.17031762086589,7,3,"{
  ""valence"": 7,
  ""arousal"": 3
}

This text",0.0034167857726613753,1.2193612606874509
emobank_A_defense_of_Michael_Moore_4532_4590,"Still think fucking with the U.S. was a good idea, Sammy?""",2.5,4.13,-0.25,0.565,1.0211446626258969,6.206955491737289,1,7,"{
""valence"": 1,
""arousal"": 7
}",7.050968117933701e-13,0.7894672488498592,1.0946174817207464,5.26218855517175,1,5,"{
  ""valence"": 1,
  ""arousal"": 5
}",1.8451913665466266e-09,0.6500496616436058
emobank_lw1_539_585,"""Tarrin says the planet's a freaking gemstone!",3.64,4.09,0.32,0.5449999999999999,5.277223557847087,3.7459498382047958,5,3,"{
""valence"": 5,
""arousal"": 3
}

This text is likely",0.11628294677456207,1.381849382925239,4.869663219120066,3.6414523059000303,3,5,"{
""valence"": 3,
""arousal"": 5
}

The text expresses",0.044485788846254176,1.2606075982923053
emobank_Nathans_Bylichka_51839_51859,"“Don’t do this, kid!",2.36,4.09,-0.32,0.5449999999999999,2.1858026148696648,6.109693028612818,2,7,"{
""valence"": 2,
""arousal"": 7
}

This text is likely",3.481763831477797e-07,1.9650180594697633,2.108321907306369,5.160907300179738,2,5,"{
""valence"": 2,
""arousal"": 5
}",1.3732064983054391e-06,1.390582232469271
emobank_Nathans_Bylichka_37808_37815,“What!”,3.1,3.8,0.05,0.3999999999999999,3.7182951617703557,6.913433853405496,1,5,"{
  ""valence"": 1,
  ""arousal"": 5
}

This text",5.174997324556757e-07,1.2146267177456609,1.3682412659535486,5.589991272525257,1,5,"{
  ""valence"": 1,
  ""arousal"": 5
}",4.10683588555173e-10,1.1929623139333272
emobank_detroit_13679_13703,You gotta be kidding me!,2.7,3.9,-0.1499999999999999,0.4499999999999999,2.246838966099985,6.690398815089548,2,7,"{
  ""valence"": 2,
  ""arousal"": 7
}",2.9445398919637865e-11,1.4723736444163382,2.144637430115721,5.7753221356166256,2,5,"{
  ""valence"": 2,
  ""arousal"": 5
}",1.3168148715354033e-10,1.6625272806199591
emobank_Nathans_Bylichka_51627_51648,"I have to hurry, too!",2.62,4.0,-0.1899999999999999,0.5,4.996872132092858,2.9955365913775074,5,3,"{
  ""valence"": 5,
  ""arousal"": 3
}

This text",0.000667937267135704,0.17800875963624305,5.001185976191436,5.290420003651918,5,6,"{
  ""valence"": 5,
  ""arousal"": 6
}

This response",0.6909776164120455,0.7227384427019372
emobank_captured_moments_18270_18325,He's had shows in Brazil and New Madrid and everywhere!,3.6,3.8,0.3,0.3999999999999999,5.022827645306727,1.5192519019157242,5,1,"{
  ""valence"": 5,
  ""arousal"": 1
}

This text",3.8322741723551216e-06,0.7297762154725633,5.7605239319789225,2.1397857096908868,7,3,"{
  ""valence"": 7,
  ""arousal"": 3
}

This text",4.829491859921705e-06,1.4448649468634023
emobank_How_soon-Fans_1597_1689,"Now, let's take a look at what the Friday's FanWoody Facebook page looks like today: Whoops!",3.13,3.75,0.0649999999999999,0.375,3.042931918522506,4.9065223164521115,3,5,"{
""valence"": 3,
""arousal"": 5
}

This text is likely",7.443385033733608e-05,0.5688924706813838,2.828523879383509,4.770200167064602,3,5,"{
""valence"": 3,
""arousal"": 5
}",4.2123522442090855e-06,0.9047796864112002
emobank_110CYL072_836_851,Goodwill works.,3.87,3.25,0.435,0.125,5.05991275409278,1.3584266873087016,6,3,"{
  ""valence"": 6,
  ""arousal"": 3
}

The text",3.080290675280324e-07,0.8024924012058433,5.1865910318611,2.364480177228992,7,3,"{
  ""valence"": 7,
  ""arousal"": 3
}",5.622128521934967e-06,1.1907993858553534
emobank_detroit_16391_16421,I find this topic fascinating.,3.91,3.37,0.455,0.185,5.134956262405353,4.943525211038968,7,5,"{
  ""valence"": 7,
  ""arousal"": 5
}

This text",0.863758396407067,0.5886415159966122,7.088315795835169,5.567598327594821,7,5,"{
  ""valence"": 7,
  ""arousal"": 5
}

This response",0.0032146425461825334,1.0524501393155834
emobank_The_Black_Willow_16538_16592,"""This is one of the strongest works I've read in ages.",3.8,3.5,0.3999999999999999,0.25,8.043888475106222,7.052652776202864,8,7,"{
""valence"": 8,
""arousal"": 7
}",4.9349962708832225e-11,0.678723767602355,8.950956117571653,7.23194525010344,9,7,"{
""valence"": 9,
""arousal"": 7
}",1.0954222256092322e-11,0.731894826084477
emobank_hotel-california_6697_6746,The accompanying bottle of wine was a nice touch.,3.75,3.0,0.375,0.0,5.002226439353151,2.9421575277162644,5,3,"{
  ""valence"": 5,
  ""arousal"": 3
}

This text",2.403409091371502e-07,0.23891136971063412,5.049977738513612,2.998261179912434,5,3,"{
  ""valence"": 5,
  ""arousal"": 3
}

This response",8.221055888699379e-06,0.27953137019271074
emobank_alumnifund1_2049_2066,"With best wishes,",3.8,3.1,0.3999999999999999,0.05,5.057279409513962,1.1928810945115467,5,1,"{
""valence"": 5,
""arousal"": 1
}

This text is likely",8.991654550769622e-08,0.5631528712436841,5.042394292924607,1.1257213223269682,9,1,"{
""valence"": 9,
""arousal"": 1
}",7.677973743172764e-07,0.36616682403588113
emobank_marine1_1448_1698,"At a price nearly half off the regular membership dues, you will receive a host of member benefits (more on these in a moment)_and, far more important the satisfaction of actually doing something to improve the ocean world we pass on to our children.",3.75,3.5,0.375,0.25,6.872174295349781,4.805615252843887,7,5,"{
""valence"": 7,
""arousal"": 5
}

This text is likely",1.6534935433905667e-05,0.6640354765839356,6.504085910663883,3.9074018450919703,7,5,"{
""valence"": 7,
""arousal"": 5
}

The text expresses",1.0060847482760747e-05,1.7033157151878375
emobank_detroit_11417_11443,I love what you are doing.,4.3,3.6,0.6499999999999999,0.3,7.770309141539096,4.525319969277126,8,5,"{
  ""valence"": 8,
  ""arousal"": 5
}",1.518342053192456e-08,0.8727075921233737,8.997948370085716,5.00195236240755,9,5,"{
  ""valence"": 9,
  ""arousal"": 5
}",6.877854657143063e-10,0.02996799945278735
emobank_Nathans_Bylichka_42891_42959,"Good, round breasts, too, even though they’re small, they suit her.”",3.75,3.62,0.375,0.31,5.0071989751835915,2.9918482626729865,5,3,"{
  ""valence"": 5,
  ""arousal"": 3
}

This text",3.297907380523955e-06,0.17032822306244694,5.026176639008251,2.9584673307482197,5,3,"{
  ""valence"": 5,
  ""arousal"": 3
}",3.706641852107187e-06,0.3288064664712417
emobank_captured_moments_5855_5869,"""It amuses me.",3.8,3.4,0.3999999999999999,0.1999999999999999,5.0008614751905816,2.974812617296424,5,3,"{
""valence"": 5,
""arousal"": 3
}",8.884542107114984e-07,0.13486040104486957,5.014197755385042,2.997334348763027,5,3,"{
""valence"": 5,
""arousal"": 3
}",6.8070535854715256e-06,0.13697827484648964
emobank_captured_moments_28271_28282,"Thank you!""",3.88,3.62,0.4399999999999999,0.31,5.114550600376117,1.001179903684187,8,1,"{
  ""valence"": 8,
  ""arousal"": 1
}",1.0905653253065362e-08,0.2597641853465817,5.772683500702169,1.417348844092247,8,1,"{
  ""valence"": 8,
  ""arousal"": 1
}",1.2854232178855209e-07,1.4609633182250588
emobank_Nathans_Bylichka_14994_15019,"“You’re a wonder, Dvorov.",3.86,3.43,0.4299999999999999,0.215,6.990491089209643,2.2554642200311426,7,1,"{
""valence"": 7,
""arousal"": 1
}

This text is likely",2.7046845766106964e-07,1.2740334840474392,8.444412709722888,1.3732705585111613,9,1,"{
""valence"": 9,
""arousal"": 1
}",3.5708818213207467e-07,1.2606923134908266
emobank_112C-L016_1198_1314,Thank you for considering this opportunity to make this a memorable holiday season for a family in need.,3.78,3.22,0.3899999999999999,0.1100000000000001,7.743949928544237,3.663261407812937,8,3,"{
  ""valence"": 8,
  ""arousal"": 3
}

This text",8.421833077701628e-09,1.5391077175946477,7.993201353606461,2.9377875056043505,8,3,"{
  ""valence"": 8,
  ""arousal"": 3
}

This text",1.0627699916055403e-08,0.807114994485433
emobank_hotel-california_11508_11531,"It was nice, I decided.",3.88,3.38,0.4399999999999999,0.1899999999999999,4.999946999316454,2.9771818132179098,5,3,"{
  ""valence"": 5,
  ""arousal"": 3
}",3.693037095222486e-08,0.1084604718886844,5.000794633312125,2.9997418855860754,5,3,"{
  ""valence"": 5,
  ""arousal"": 3
}",7.329210596340062e-07,0.010887728163140284
emobank_117CWL009_722_975,"As a sponsor, you and your guests will have a special evening, knowing that your tax deductible contribution will help support preschool, childcare, senior and resettlement services, as well as quality cultural events in our community.",3.67,3.44,0.3349999999999999,0.2199999999999999,5.403283739002143,3.052017786077161,7,3,"{
""valence"": 7,
""arousal"": 3
}

This text is likely",1.5616537948250077e-06,1.0321570572434788,5.352772154273184,2.9124350851486813,7,3,"{
""valence"": 7,
""arousal"": 3
}

This text is neutral",1.077107979238126e-06,1.0066927167168762
emobank_118CWL050_2047_2151,I am very thankful to the Big Sisters program for allowing me this very special opportunity.,4.0,3.1,0.5,0.05,7.962928000724493,3.5766091284628376,8,3,"{
""valence"": 8,
""arousal"": 3
}",8.106281264432934e-11,1.143389353070054,8.002980066928675,4.890162948684328,8,5,"{
  ""valence"": 8,
  ""arousal"": 5
}",8.086336278253131e-11,0.3939369850163525
emobank_How_soon-Fans_451_506,"Sure, it's great having several hundred thousands fans.",3.75,3.63,0.375,0.3149999999999999,5.027134381566092,3.0344871918420573,5,3,"{
  ""valence"": 5,
  ""arousal"": 3
}

This text",0.003348346623864352,0.2582993734179414,5.599475967934222,4.624543389209707,7,5,"{
  ""valence"": 7,
  ""arousal"": 5
}",0.4640781738634545,1.3483372216384117
emobank_NWF1_630_741,These images will be cheerful reminders to you and your gift recipients of all the wildlife treasures we value.,3.75,3.38,0.375,0.1899999999999999,6.922951342614765,3.1535359798111964,7,3,"{
""valence"": 7,
""arousal"": 3
}

This text is likely",7.252252561199406e-09,0.9350157827078435,7.852937802977132,3.429841469938543,8,3,"{
  ""valence"": 8,
  ""arousal"": 3
}",1.4322027253249204e-09,1.3259270144142332
emobank_captured_moments_33213_33222,I smiled.,3.9,3.2,0.4499999999999999,0.1,4.999897059422877,2.2958136508930873,5,3,"{
  ""valence"": 5,
  ""arousal"": 3
}

This text",1.1448233069973835e-07,0.7412874275741381,5.000642930131919,2.985274889421464,5,3,"{
  ""valence"": 5,
  ""arousal"": 3
}",6.402960148505052e-07,0.07589703355917224
emobank_SemEval_1254,Gray wolves off endangered list,3.67,3.33,0.3349999999999999,0.165,5.002151087909112,3.0256368877343123,5,3,"{
  ""valence"": 5,
  ""arousal"": 3
}

This text",0.001817459132754467,0.1563709057465857,5.005561663075701,3.000026898219914,5,3,"{
  ""valence"": 5,
  ""arousal"": 3
}

This text",0.0002643026159606232,0.1256806074856537
emobank_captured_moments_23385_23397,She giggled.,3.9,3.4,0.4499999999999999,0.1999999999999999,4.995598297189079,2.940494997887114,5,3,"{
  ""valence"": 5,
  ""arousal"": 3
}",3.936435752901504e-07,0.24993789396972838,4.994715934660284,3.012906510400543,5,3,"{
  ""valence"": 5,
  ""arousal"": 3
}",6.275164283127509e-05,0.11897959477450966
emobank_Nathans_Bylichka_32524_32559,There’s an amazing DJ who’s an elf.,3.75,2.75,0.375,-0.125,6.917897579100158,4.995095733119842,7,5,"{
  ""valence"": 7,
  ""arousal"": 5
}

This text",0.0003919422903268852,0.37840442737904084,7.039421328228532,4.997970128422773,7,5,"{
  ""valence"": 7,
  ""arousal"": 5
}",1.8182389336209173e-05,0.3535961472019375
emobank_114CUL057_921_1001,"We'll prepare a hog roast and hot dogs for the kids, with all the fixings.",3.8,3.5,0.3999999999999999,0.25,6.552293075664228,4.807047024104174,7,5,"{
  ""valence"": 7,
  ""arousal"": 5
}

This text",0.0004598861343755856,1.204025343392513,6.843359608294942,4.9005438766087215,7,5,"{
  ""valence"": 7,
  ""arousal"": 5
}

This text",0.002977162808049993,0.7703258375891818
emobank_captured_moments_24374_24410,"""Ah, she is wonderfully perceptive.""",3.8,3.3,0.3999999999999999,0.1499999999999999,7.16457258679095,2.429677470643496,7,2,"{
  ""valence"": 7,
  ""arousal"": 2
}

This text",2.0705536372949657e-09,1.89218909479326,7.79636672589964,3.038338995387074,8,3,"{
  ""valence"": 8,
  ""arousal"": 3
}",2.0745243831284753e-09,1.5863995269780733
emobank_aspca1_1668_1695,Astro was wagging his tail.,3.78,3.56,0.3899999999999999,0.28,5.001002753101408,2.781397428859766,5,3,"{
  ""valence"": 5,
  ""arousal"": 3
}

This text",2.0479041610852747e-06,0.5779131750953707,5.002329090713737,3.0208646677896986,5,3,"{
  ""valence"": 5,
  ""arousal"": 3
}

This text",0.00013444082906292982,0.20592812819453649
emobank_Seedbombing_6528_6555,It makes me a little nicer.,3.8,3.3,0.3999999999999999,0.1499999999999999,4.996632597388681,1.7634410127225888,5,3,"{
  ""valence"": 5,
  ""arousal"": 3
}",1.975144910055216e-08,0.8322332413777467,4.999367759892773,2.9681441315726023,5,3,"{
  ""valence"": 5,
  ""arousal"": 3
}",2.1295217593978264e-07,0.10516341476973053
emobank_Nathans_Bylichka_3714_3798,"After she paid the driver, she grabbed my arm, laughing, and we ran down the street.",3.88,3.63,0.4399999999999999,0.3149999999999999,5.4486513830559655,5.497901668297096,7,5,"{
  ""valence"": 7,
  ""arousal"": 5
}

This text",0.2086563140295376,1.3491343127885047,6.634000857310037,5.548621030938638,7,5,"{
  ""valence"": 7,
  ""arousal"": 5
}",0.007690260717819281,1.2482680757173104
emobank_detroit_8590_8679,You are exactly the kind of person who gives me back the hope I lost on my way into town.,3.8,3.5,0.3999999999999999,0.25,7.794639172470753,3.4732028838042788,8,3,"{
  ""valence"": 8,
  ""arousal"": 3
}

This text",8.799440141683036e-10,1.3772900535811643,7.99942512526026,3.7558580626856033,8,3,"{
  ""valence"": 8,
  ""arousal"": 3
}",1.0369432817634176e-10,1.1395453695972773
emobank_captured_moments_26947_27027,He spoke of his art with the enthusiasm of a seven-year-old.,3.8,3.5,0.3999999999999999,0.25,5.9497135339112734,4.6705415784275,7,5,"{
  ""valence"": 7,
  ""arousal"": 5
}

This text",0.10576792866838236,1.7093349722310802,7.56012780090666,6.254492888381939,7,6,"{
  ""valence"": 7,
  ""arousal"": 6
}

Interpret",6.250835165869761e-05,1.3947827626935498
emobank_wildelifewatch1_2856_2998,It’s our FREE gift to you for joining now and a charming reminder that your support helps NWF protect valuable wildlife species like this one.,3.9,3.4,0.4499999999999999,0.1999999999999999,6.496675327125361,2.6833877836967446,7,3,"{
""valence"": 7,
""arousal"": 3
}

This text is likely",1.9475843255519554e-08,1.4997189223545568,6.637198235165373,2.3826593461137913,7,3,"{
""valence"": 7,
""arousal"": 3
}

This text is positive",6.019101894680988e-08,1.9945303686354965
emobank_SemEval_1313,"Start late, retire rich",3.8,3.2,0.3999999999999999,0.1,6.26117321408397,4.034881182486861,7,5,"{
  ""valence"": 7,
  ""arousal"": 5
}

This text",0.00012492351464008484,1.7064729687880438,6.613203444533065,3.824464081429502,7,3,"{
  ""valence"": 7,
  ""arousal"": 3
}",0.00045883557446430153,1.6832977865557797
emobank_SemEval_95,Full recovery expected for marathon winner,3.9,3.3,0.4499999999999999,0.1499999999999999,6.1241903385439125,3.961133824003005,7,3,"{
  ""valence"": 7,
  ""arousal"": 3
}

This text",1.6709620053311977e-05,1.2697867061558188,6.141588947730695,3.601042801975063,7,3,"{
  ""valence"": 7,
  ""arousal"": 3
}

This text",1.626621694763044e-05,1.5623033081545064
emobank_Nathans_Bylichka_28170_28230,“That such a rock could hold so much magic – it’s a wonder.”,3.67,3.5,0.3349999999999999,0.25,6.489540007486932,4.23519262899067,7,5,"{
  ""valence"": 7,
  ""arousal"": 5
}

This text",2.0370249075295213e-05,1.7278158755062207,7.03417023602817,4.653826771624905,7,5,"{
  ""valence"": 7,
  ""arousal"": 5
}",7.09550033672177e-05,1.4686801960577667
emobank_113CWL018_952_1022,Your contribution last year of helped us get where we are today.,3.9,3.1,0.4499999999999999,0.05,5.996480770153414,2.712764525680833,7,3,"{
""valence"": 7,
""arousal"": 3
}

This text is likely",1.8476364171703858e-07,1.5273083527139266,6.980198733083355,2.9044660528208635,7,3,"{
  ""valence"": 7,
  ""arousal"": 3
}

This text",1.0268512937751247e-07,1.0449342676307602
emobank_guidedogs1_2884_3066,“Sometimes you never see the good work your money does. I see the results... the guide does I’ve helped sponsor dramatically improve the lives of the men and women who receive them.”,3.7,3.2,0.3500000000000001,0.1,7.2931684361049225,3.686700047177203,8,4,"{
""valence"": 8,
""arousal"": 4
}

This text is likely",2.2249683300329496e-08,1.6929219979359489,7.971772704405868,3.7828391469889193,8,3,"{
  ""valence"": 8,
  ""arousal"": 3
}",9.778329866415787e-10,1.1597272599918822
emobank_hotel-california_16366_16382,“But I like it.”,3.9,3.0,0.4499999999999999,0.0,4.998192884466913,1.0001801747092853,5,1,"{
  ""valence"": 5,
  ""arousal"": 1
}

This text",1.601688285312108e-09,0.016903298364192756,5.000499805789711,1.7556376309792485,5,3,"{
  ""valence"": 5,
  ""arousal"": 3
}

This response",8.883589244702161e-06,0.6712312993541243
emobank_SemEval_866,Ferrer victorious in Spanish duel,3.67,3.33,0.3349999999999999,0.165,5.003247335082044,3.026719896602801,5,3,"{
  ""valence"": 5,
  ""arousal"": 3
}

This text",0.0008537381236831587,0.1831689789253097,5.047282829366217,3.0399432653569676,7,5,"{
  ""valence"": 7,
  ""arousal"": 5
}

This text",0.0005957581812089033,0.28573916620362216
emobank_easy_money_3727_3752,It never failed to amaze.,4.0,3.25,0.5,0.125,5.035388589050055,3.211579342130369,5,3,"{
  ""valence"": 5,
  ""arousal"": 3
}

This text",0.02202174670612779,0.6281945230285152,5.0600537600747435,4.466664756980406,7,5,"{
  ""valence"": 7,
  ""arousal"": 5
}",0.63359460031187,1.0327615959382226
emobank_SemEval_76,Active peace brings the promise of development,3.78,3.22,0.3899999999999999,0.1100000000000001,5.413277171390951,3.606188041373009,7,5,"{
  ""valence"": 7,
  ""arousal"": 5
}

This text",0.002999607424197221,1.381933615811569,5.708476240464739,4.67710876917057,7,5,"{
  ""valence"": 7,
  ""arousal"": 5
}",0.2894087388992417,1.6939040708725488
emobank_SemEval_26,Three found alive from missing Russian ship -report,3.86,3.57,0.4299999999999999,0.2849999999999999,5.000384748212835,4.44385422247944,5,3,"{
  ""valence"": 5,
  ""arousal"": 3
}

This text",0.5929596457321396,1.0342804824517045,5.0029143853295075,3.204995743969718,5,3,"{
  ""valence"": 5,
  ""arousal"": 3
}",0.05442669293431734,0.5433096639755214
emobank_WhereToHongKong_52232_52435,"Browsing is a real pleasure in Macau’s main streets and byways, where shops aimed at the tourist market are interspersed with the more workaday ironmongers, herbalists, and noodle stalls.",3.86,3.43,0.4299999999999999,0.215,6.5224558640580845,4.511681787678323,7,5,"{
""valence"": 7,
""arousal"": 5
}

This text is likely",4.784966233451471e-06,1.4220520612919765,6.84758043679983,4.704855031842384,7,4,"{
  ""valence"": 7,
  ""arousal"": 4
}",1.4625567937127982e-05,1.0610326588630055
emobank_WhereToHongKong_31275_31516,"Down to earth, the Sha Tin Racecourse can accommodate over 80,000 spectators and is equipped with every imaginable luxury, including a giant video screen facing the stands, and for the horses, air-conditioned stables.",3.75,3.63,0.375,0.3149999999999999,5.633649112749828,3.7591193734916204,7,5,"{
  ""valence"": 7,
  ""arousal"": 5
}

This text",0.0015933941726443343,1.267786335754852,5.178936171341885,3.125886915965057,7,3,"{
  ""valence"": 7,
  ""arousal"": 3
}",0.00342697382596801,0.7813906478827634
emobank_littleshelter2_504_553,And then we’ll work to find loving homes for them,3.7,3.5,0.3500000000000001,0.25,7.9117413935864755,3.225455688447972,8,3,"{
  ""valence"": 8,
  ""arousal"": 3
}",1.3293687878107259e-10,0.9969083759021202,7.940085718726428,3.55096116725863,8,3,"{
  ""valence"": 8,
  ""arousal"": 3
}",1.397874237918283e-08,1.2114533520813144
emobank_WhereToHongKong_43429_43625,"Also in front of the ferry terminal is a new Cyber fountain, with 86 water spouts that shoot up to 70 m (230 ft) and are illuminated at night by 288 spotlights producing 80 colors.",3.7,3.6,0.3500000000000001,0.3,6.409946666671877,5.606232099738049,7,5,"{
""valence"": 7,
""arousal"": 5
}

This text is likely",8.999095680680423e-06,1.5697786394216404,6.905596704156735,5.60565667569366,7,5,"{
  ""valence"": 7,
  ""arousal"": 5
}",2.251146656987905e-06,1.154260298194718
emobank_wsj_0120_4316_4362,"""We're gaining 1,200 new customers each week,""",3.89,3.44,0.445,0.2199999999999999,5.0614526654755725,4.663082107137696,5,3,"{
  ""valence"": 5,
  ""arousal"": 3
}

This text",0.006576141159365152,1.1183668716126294,6.526911187963205,4.571003789691202,7,5,"{
  ""valence"": 7,
  ""arousal"": 5
}

This text",0.0017637877684509604,0.8957841353585859
emobank_WhereToHongKong_35238_35354,"A Trappist monastery, situated on a hillside overlooking the east coast of Lantau, is also open to visitors.",3.67,3.17,0.3349999999999999,0.0849999999999999,5.475278846187864,3.5881541919238886,7,5,"{
  ""valence"": 7,
  ""arousal"": 5
}

This text",0.0002632095880876016,1.329287645513154,5.781893397707296,3.631769717254899,7,3,"{
  ""valence"": 7,
  ""arousal"": 3
}",0.00023275095551150728,1.4140804398564013
emobank_captured_moments_22242_22253,She smiled.,4.0,3.5,0.5,0.25,5.000060213550611,2.2891438485058364,5,3,"{
  ""valence"": 5,
  ""arousal"": 3
}

This text",2.442922657956579e-07,0.8022202393794664,5.000078688404061,2.9980975963600724,5,3,"{
  ""valence"": 5,
  ""arousal"": 3
}",6.128833483379404e-06,0.020130479387255533
emobank_Nathans_Bylichka_12638_12684,"“Nice, my man,” he said as they clasped hands.",3.73,3.09,0.365,0.0449999999999999,5.036221894416314,2.8212578017054253,5,3,"{
  ""valence"": 5,
  ""arousal"": 3
}

This text",9.352174280852891e-07,0.6101243396386725,5.065936490008681,2.9621884531563616,5,3,"{
  ""valence"": 5,
  ""arousal"": 3
}",2.1131874191456404e-05,0.39415759200743233
emobank_Madame_White_Snake_8560_8606,Wouldn’t that be wonderful?”,3.8,3.6,0.3999999999999999,0.3,5.896848769710711,3.1559595917971683,7,3,"{
  ""valence"": 7,
  ""arousal"": 3
}

This text",3.3700645508065694e-06,1.330613240681192,7.054967623630458,4.063548655845398,7,3,"{
  ""valence"": 7,
  ""arousal"": 3
}

This text",8.172440257337848e-06,1.720138782810587
emobank_The_Black_Willow_5305_5425,"""I had a perfect story in my pages; my hero returned home and reclaimed his love, I nearly had it tied together before…""",3.7,3.6,0.3500000000000001,0.3,6.700975019264811,4.7279672853245565,7,5,"{
  ""valence"": 7,
  ""arousal"": 5
}

This text",0.0002806963265789406,1.130216521296285,6.906673751108625,4.895117329806915,7,5,"{
  ""valence"": 7,
  ""arousal"": 5
}",0.002187296124898224,0.6281443427526958
emobank_The_Black_Willow_9599_9620,"""Yes, it is finished!",3.8,3.6,0.3999999999999999,0.3,7.421645002625373,4.687308391591375,7,1,"{
""valence"": 7,
""arousal"": 1
}

This text is likely",6.217797287902744e-08,1.6355201138764561,8.712360510456444,1.873456167373816,9,1,"{
""valence"": 9,
""arousal"": 1
}",7.992382212044622e-08,1.0614538915505962
emobank_captured_moments_22417_22430,"""I love you.""",4.1,3.8,0.5499999999999998,0.3999999999999999,8.99688802396557,5.3669686324616235,10,5,"{
  ""valence"": 10,
  ""arousal"": 5
}",7.852290604172318e-07,0.794229991604671,8.99961984570459,5.033774361030084,10,5,"{
  ""valence"": 10,
  ""arousal"": 5
}",8.680934624956192e-07,0.10683823085495443
emobank_Nathans_Bylichka_3531_3576,Even the city feels alive when spring comes.”,3.8,3.8,0.3999999999999999,0.3999999999999999,6.546301696765191,4.900212300118859,7,5,"{
  ""valence"": 7,
  ""arousal"": 5
}

This text",0.030412171638650315,1.250214346073289,7.689931802066604,5.042095934747464,8,5,"{
  ""valence"": 8,
  ""arousal"": 5
}",0.0043735195302666485,0.934391947053881
emobank_115CVL036_1742_1858,We're at an exciting juncture and it won't be long until we start seeing solid results from our efforts.,3.8,3.7,0.3999999999999999,0.3500000000000001,5.526354231821295,5.9117655837078456,7,5,"{
  ""valence"": 7,
  ""arousal"": 5
}

This text",0.0021230316224050173,1.181197022246152,7.050154278435623,5.8336929196269525,7,5,"{
  ""valence"": 7,
  ""arousal"": 5
}",2.3445171297848593e-05,0.9045297740698638
emobank_Fermentation_Eminent-Domain_4473_4487,I love it Tom.,4.11,3.78,0.5550000000000002,0.3899999999999999,6.449540953108162,2.4025972370911437,7,1,"{
  ""valence"": 7,
  ""arousal"": 1
}

This text",1.8530952147017858e-07,1.467199299696135,8.440748433012404,4.944737481878323,9,5,"{
  ""valence"": 9,
  ""arousal"": 5
}",2.5829620831426347e-06,1.1508898302499737
emobank_SemEval_759,News Baby pandas! Baby pandas! Baby pandas!,4.33,4.22,0.665,0.6099999999999999,8.004045896438127,5.828830853122264,8,5,"{
  ""valence"": 8,
  ""arousal"": 5
}

The use",4.465132087611301e-07,1.018177575606184,8.257416026713466,5.930151820216104,9,5,"{
  ""valence"": 9,
  ""arousal"": 5
}",3.844797795879516e-06,1.4389987834144164
emobank_audubon2_4069_4176,"P.S. On behalf of everyone here at the National Audubon Society, we look forward to saying, “Welcome back!”",3.7,3.7,0.3500000000000001,0.3500000000000001,7.958876817645292,2.794525647715177,8,3,"{
""valence"": 8,
""arousal"": 3
}

This text is likely",3.174278737463659e-10,0.9109254190059386,8.082126075029302,2.609932020964284,9,1,"{
""valence"": 9,
""arousal"": 1
}",5.828788287829086e-09,1.4310478765652483
emobank_hotel-california_5023_5072,"“Honey,” she said, “You're going to be delighted.",4.11,3.67,0.5550000000000002,0.3349999999999999,6.946348530605218,4.7711511437103855,7,5,"{
""valence"": 7,
""arousal"": 5
}

This text is likely",2.576842839402785e-06,0.7264705483839909,6.949511965680739,4.683338613527355,7,5,"{
""valence"": 7,
""arousal"": 5
}

This text conveys",1.691249215577363e-05,0.7862485499698415
emobank_20020731-nyt_22221_22257,every day full of joy and energized.,3.83,3.67,0.415,0.3349999999999999,7.914512775781708,6.72966402202783,8,6,"{
""valence"": 8,
""arousal"": 6
}",3.050869400080536e-07,0.7619010544787213,8.990402011955545,7.964408211481137,9,7,"{
  ""valence"": 9,
  ""arousal"": 7
}",6.240202085316817e-11,0.2725063693269518
emobank_littleshelter2_1448_1478,Happy Holidays from all of us!,4.37,4.37,0.685,0.685,8.001272364364056,2.9660137895107916,8,3,"{
  ""valence"": 8,
  ""arousal"": 3
}",5.533203750653954e-11,0.7658674896707508,8.832899709584044,4.4954675567001035,9,5,"{
  ""valence"": 9,
  ""arousal"": 5
}",3.4277026106811486e-11,0.924162682518919
emobank_NWF1_5357_5367,Thank you!,4.0,3.7,0.5,0.3500000000000001,5.007987113260355,1.0022594905937268,5,1,"{
""valence"": 5,
""arousal"": 1
}

This text is likely",1.0721515596107734e-08,0.05288424250340432,5.216064330913785,1.151167194304687,7,1,"{
  ""valence"": 7,
  ""arousal"": 1
}",1.1580608631086466e-07,0.6398052431105055
emobank_Seedbombing_5247_5258,Loved this!,4.2,3.8,0.6000000000000001,0.3999999999999999,8.254693728969256,4.587440753047458,9,5,"{
  ""valence"": 9,
  ""arousal"": 5
}",2.807252401324017e-10,1.255447938503052,8.985999769298022,5.24290958627593,9,5,"{
  ""valence"": 9,
  ""arousal"": 5
}",1.9675578191177856e-10,0.5191054272605147
emobank_vampires_4446_4474,lol Wonderful Simply Superb!,4.6,4.3,0.7999999999999998,0.6499999999999999,7.4676736528141205,3.4807403631146077,8,3,"{
  ""valence"": 8,
  ""arousal"": 3
}",1.2607670399664589e-09,1.4463168484833837,7.97617226118444,4.532535472020566,8,3,"{
  ""valence"": 8,
  ""arousal"": 3
}",3.3765347273343913e-09,1.087346083725257
emobank_captured_moments_23398_23424,And then we did make love.,4.0,4.12,0.5,0.56,5.136989589884613,6.8167255203608,5,7,"{
  ""valence"": 5,
  ""arousal"": 7
}

This text",0.0002475973319005922,0.8457848563290203,5.050948279287744,6.804518057831971,5,7,"{
  ""valence"": 5,
  ""arousal"": 7
}

This text",0.004892171503589857,0.602256945075729
emobank_113CWL017_1641_1724,Sponsor a child at the Boys & Girls Clubs of Indianapolis' summer camp today!,3.67,3.67,0.3349999999999999,0.3349999999999999,6.717433235571193,4.781452143324713,7,5,"{
  ""valence"": 7,
  ""arousal"": 5
}

This text",0.004879179893789431,0.8589863328188702,6.516324815057486,3.84977922210079,7,3,"{
  ""valence"": 7,
  ""arousal"": 3
}

This text",0.0001702890839010479,1.6168685810048944
emobank_captured_moments_7553_7566,"I'm in love.""",4.37,4.12,0.685,0.56,8.391887072257529,8.268712629014935,9,7,"{
  ""valence"": 9,
  ""arousal"": 7
}",2.68184065159957e-10,1.1833263947897714,8.996139411451988,7.659080491924564,10,7,"{
  ""valence"": 10,
  ""arousal"": 7
}",3.0123808905461256e-12,0.6829216714306185
emobank_detroit_1333_1376,The possibilities of this were fascinating.,3.7,3.7,0.3500000000000001,0.3500000000000001,5.089167047530328,5.873267446462322,5,6,"{
  ""valence"": 5,
  ""arousal"": 6
}

This text",0.06179354565489608,0.5879836896384136,6.799566554492825,6.095115700049239,7,5,"{
  ""valence"": 7,
  ""arousal"": 5
}",0.0002995414843815102,0.679400212148308
emobank_captured_moments_28527_28752,"Catching herself, she said casually, ""Oh..."" And then she smiled, laughed loudly at herself in the way that always made me think how much I loved her, and said, ""My God, yes, yes, yes!""",4.11,4.22,0.5550000000000002,0.6099999999999999,7.924257159183921,5.93733565463268,7,5,"{
""valence"": 7,
""arousal"": 5
}

This text describes a",3.4256343071754016e-07,1.0833197084041848,8.005657652508129,6.4734218910689245,8,6,"{
""valence"": 8,
""arousal"": 6
}",1.2804931937047572e-07,0.9577736861335193
emobank_602CZL285_1182_1267,"With thousands of trees and flowers in bloom, we are having a beautiful Spring!",4.0,3.71,0.5,0.355,7.987327743977156,5.3176498217743315,8,5,"{
  ""valence"": 8,
  ""arousal"": 5
}",2.3914676273375735e-07,0.7085017804336935,8.013883781621852,5.232104541038065,8,5,"{
  ""valence"": 8,
  ""arousal"": 5
}",4.182696570638854e-08,0.6439639170581734
emobank_audubon2_4161_4176,“Welcome back!”,4.1,3.8,0.5499999999999998,0.3999999999999999,5.327471338307409,1.4727425592468755,7,1,"{
  ""valence"": 7,
  ""arousal"": 1
}

This text",3.4746659365892626e-07,1.1696762303006036,5.521107379998212,1.4598352620309119,7,1,"{
  ""valence"": 7,
  ""arousal"": 1
}

This text",8.617127700486187e-07,1.1824249981285355
emobank_Uprooted_Bike_3670_3691,"""I love what you do,""",4.2,3.9,0.6000000000000001,0.4499999999999999,7.865711016072795,4.467219904534323,8,3,"{
  ""valence"": 8,
  ""arousal"": 3
}",1.9815531500899375e-08,1.1918221731752998,8.995989176122483,4.9837108039128415,9,5,"{
  ""valence"": 9,
  ""arousal"": 5
}",2.0212371282369502e-10,0.06848708445939722
emobank_appalachian1_602_670,And join the fun while making a real difference for the environment!,3.87,3.87,0.435,0.435,6.658074991669,4.656929963441049,7,5,"{
  ""valence"": 7,
  ""arousal"": 5
}

This text",7.248276360000156e-05,0.7963962063641847,7.043283808771079,4.784398442449937,8,5,"{
  ""valence"": 8,
  ""arousal"": 5
}",2.8496342836826307e-05,1.0668282880457294
emobank_Nathans_Bylichka_41518_41558,"She laughed, liquid, alluring, alarming.",3.8,3.8,0.3999999999999999,0.3999999999999999,5.011625352568576,6.50400821760726,5,7,"{
  ""valence"": 5,
  ""arousal"": 7
}

This text",0.00019390002696766229,0.7524361124509533,5.012449889468773,6.497192168976889,5,6,"{
  ""valence"": 5,
  ""arousal"": 6
}

This text",0.0014331887234288433,0.760775667808009
emobank_captured_moments_13169_13276,"Tasha and I became lovers that evening, after a good dinner of paella at her apartment.",3.7,3.8,0.3500000000000001,0.3999999999999999,5.503014002680569,5.660798901962114,7,5,"{
  ""valence"": 7,
  ""arousal"": 5
}",0.02847848687695602,1.3647546665040375,5.215400780326465,5.394790215539875,7,5,"{
  ""valence"": 7,
  ""arousal"": 5
}",0.22920730741417517,1.659325365295628
emobank_WhereToHongKong_50043_50095,Macau’s casinos are a source of non-stop excitement.,3.8,3.9,0.3999999999999999,0.4499999999999999,6.051290794486767,6.734422512131974,7,6,"{
  ""valence"": 7,
  ""arousal"": 6
}",3.7491830086822073e-06,1.3813672892708866,6.994330059087886,7.993088115625419,7,8,"{
  ""valence"": 7,
  ""arousal"": 8
}",1.6459496896336284e-09,0.04662601906988573
emobank_captured_moments_27486_27504,""" --was glorious!""",4.0,3.9,0.5,0.4499999999999999,6.925826312875454,3.8386168609788904,7,3,"{
  ""valence"": 7,
  ""arousal"": 3
}

This text",6.627684206467343e-07,1.2074808557344645,7.037001466016376,4.776996241245544,7,3,"{
  ""valence"": 7,
  ""arousal"": 3
}

This text",5.023089462771481e-06,0.7158130657941129
emobank_The_Black_Willow_1491_1616,"They gazed at each other, lost in the rapture of love based so deeply within their hearts that they had never seen it before.",3.8,3.9,0.3999999999999999,0.4499999999999999,8.402953554689987,6.1829594888459605,9,7,"{
  ""valence"": 9,
  ""arousal"": 7
}",2.252973264073511e-06,1.3536024271144222,8.993314408852928,7.049640434525379,9,7,"{
  ""valence"": 9,
  ""arousal"": 7
}",5.806579926514647e-07,0.25911656191504895
emobank_NYTnewswire1_3167_3223,"I'm very excited we'll be on the same team for a while.""",4.2,4.2,0.6000000000000001,0.6000000000000001,6.94536895143212,4.90891906201881,7,5,"{
  ""valence"": 7,
  ""arousal"": 5
}

This text",0.022062657430727498,1.3751568657295912,7.949601191043428,6.933498220946539,8,6,"{
  ""valence"": 8,
  ""arousal"": 6
}",9.460130780731748e-07,0.4090861490881954
emobank_vampires_341_362,"""Love at First Bite """,4.0,3.88,0.5,0.4399999999999999,5.743887683325475,5.353098437780971,7,5,"{
  ""valence"": 7,
  ""arousal"": 5
}

The text",0.0810562227095039,1.522181334228726,6.716660441973959,5.033174699518843,7,5,"{
  ""valence"": 7,
  ""arousal"": 5
}

The text",0.025906632158461274,0.9298068353923924
emobank_audubon2_3518_3567,"Special travel opportunities, and special (FREE!)",3.7,3.7,0.3500000000000001,0.3500000000000001,6.7186797250051695,5.079434417698415,7,5,"{
  ""valence"": 7,
  ""arousal"": 5
}

The use",0.0004824178029782312,0.8424216860679605,6.750790111402222,4.7740520908741235,7,5,"{
  ""valence"": 7,
  ""arousal"": 5
}

The text",0.0002059974586401783,0.6583732400585515
emobank_114CUL058_1185_1212,"In short, Fun for Everyone!",4.2,4.0,0.6000000000000001,0.5,6.834116817038084,4.854207943530486,7,5,"{
  ""valence"": 7,
  ""arousal"": 5
}

This text",2.6645069815592347e-05,0.5225552394863429,7.117583635335098,5.023940805113103,7,5,"{
  ""valence"": 7,
  ""arousal"": 5
}",2.205833728585107e-05,0.5365194947506126
emobank_Nathans_Bylichka_3826_4024,"We slammed against the doorway and I was laughing too, the pulse close enough to shake the doorframe and set up vibrations in my chest, Rachel in my arms because she’d used me to soften her landing.",4.1,3.8,0.5499999999999998,0.3999999999999999,6.291720568477887,6.888740535730638,7,6,"{
  ""valence"": 7,
  ""arousal"": 6
}

This text",2.929668803175387e-06,1.346369381617519,6.172927043919797,7.087035352405827,7,8,"{
""valence"": 7,
""arousal"": 8
}",8.977062084627712e-06,1.2854455770745652
emobank_WhereToHongKong_53329_53408,"The ingredients, especially the fresh fish and seafood, are first-rate.",3.75,3.75,0.375,0.375,6.8177466344146325,4.293159096263107,7,5,"{
  ""valence"": 7,
  ""arousal"": 5
}

This text",5.068555973048761e-07,1.3813073939599658,7.197917705740678,4.868497266236226,7,5,"{
  ""valence"": 7,
  ""arousal"": 5
}

This text",3.641313253804568e-08,0.9413770848414108
emobank_Acephalous-Internet_1795_1799,Wow.,4.3,4.3,0.6499999999999999,0.6499999999999999,5.222862616550406,4.0052415844714675,5,3,"{
  ""valence"": 5,
  ""arousal"": 3
}

The text",0.2555178039565297,1.2888810789368628,5.587088830813144,3.661851664967512,7,3,"{
  ""valence"": 7,
  ""arousal"": 3
}

This text",0.07231528656623072,1.2144190066712892
emobank_captured_moments_10582_10673,"But it is something marvelous and rare, which is surely a sign of love.",4.0,3.71,0.5,0.355,7.39989717484855,4.453912088955496,7,5,"{
""valence"": 7,
""arousal"": 5
}

This text is likely",2.827519460259416e-08,1.5203034512058784,7.97529543911476,4.97041932651744,8,5,"{
  ""valence"": 8,
  ""arousal"": 5
}",4.259643449836794e-08,0.3280810014231703
emobank_20020731-nyt_25143_25174,"""I am thrilled with the price.""",4.56,4.0,0.7799999999999998,0.5,7.1352753773186475,3.0841199470106373,7,1,"{
  ""valence"": 7,
  ""arousal"": 1
}

This response",2.0898635270847457e-09,0.8300257029084892,8.916325803845282,5.337852728490182,9,5,"{
  ""valence"": 9,
  ""arousal"": 5
}",1.063162537981437e-10,0.8516592447946301
emobank_guidedogs1_2014_2263,"“Both my friends were zipping through crowds while I lagged behind, even though I was a fast cane walker. I envied their freedom and most of all, the incredible bond they both had with their guide dogs. With my Lab, Jay, I feel so wonderfully FREE!”",3.7,3.8,0.3500000000000001,0.3999999999999999,5.038512512650961,2.9548696180019194,5,3,"{
""valence"": 5,
""arousal"": 3
}

The text expresses",5.380951614050866e-06,0.5775565212435666,3.682644874756952,3.2733153810208098,3,3,"{
  ""valence"": 3,
  ""arousal"": 3
}

Interpret",9.458708997514307e-07,1.82170191103183
emobank_warner1_673_700,And the connection is FREE!,4.12,3.75,0.56,0.375,6.632668594606057,3.229078079305081,7,3,"{
  ""valence"": 7,
  ""arousal"": 3
}

This text",9.123179612019065e-08,1.1072518307443686,6.060895609638185,3.1634011586052053,9,5,"{
  ""valence"": 9,
  ""arousal"": 5
}",1.8085536542634384e-06,1.356238738203435
emobank_Nathans_Bylichka_29128_29157,“Marvelous!” cried the woman.,4.0,3.67,0.5,0.3349999999999999,6.368261948930758,4.34018040892218,7,5,"{
  ""valence"": 7,
  ""arousal"": 5
}

This text",3.7432638936987e-05,0.7675865923977089,7.0991458380499575,4.998143299252893,7,5,"{
  ""valence"": 7,
  ""arousal"": 5
}

The word",2.963866878434043e-05,0.6588431911281513
emobank_SemEval_535,"Discovered boys bring shock, joy",3.67,3.83,0.3349999999999999,0.415,5.177032858003298,5.637022168254067,7,5,"{
  ""valence"": 7,
  ""arousal"": 5
}

This text",0.03868037634851223,1.419693255525371,5.763409754460381,5.197506732187356,7,5,"{
  ""valence"": 7,
  ""arousal"": 5
}

The text",0.011103844316649885,1.5123131372360639
emobank_Seedbombing_5588_5622,"Hey Brian, thanks for stopping by!",4.0,3.8,0.5,0.3999999999999999,5.408937870185694,1.6917866964519819,5,1,"{
""valence"": 5,
""arousal"": 1
}

This text is likely",2.418778440674172e-07,1.468674595873284,5.245518473238581,1.3902386754466778,7,3,"{
  ""valence"": 7,
  ""arousal"": 3
}

This text",9.786050888359786e-07,1.0003195252585289
emobank_Nathans_Bylichka_58041_58074,"“My fuckin’ hero,” she whispered.",3.8,3.7,0.3999999999999999,0.3500000000000001,4.4938382389406,6.9238794390642875,5,7,"{
  ""valence"": 5,
  ""arousal"": 7
}

This text",3.4044444801591435e-06,1.188429707277949,4.058523837549686,5.587984111431312,3,5,"{
  ""valence"": 3,
  ""arousal"": 5
}",0.0006678805530098678,1.8513980139288806
emobank_warner1_951_1024,DTV is the SMARTEST and most exciting innovation to happen to television.,3.71,3.71,0.355,0.355,6.00072215500613,5.853197174562362,7,5,"{
  ""valence"": 7,
  ""arousal"": 5
}

This text",0.0022121147933697534,1.3880838792381929,7.0882397308463005,6.048383559847825,9,7,"{
  ""valence"": 9,
  ""arousal"": 7
}",1.1482876656719637e-05,0.9165465700694856
emobank_How_soon-Lebron-James_2305_2327,Winning championships.,3.9,3.7,0.4499999999999999,0.3500000000000001,5.4619317813450685,6.428823799076046,7,5,"{
  ""valence"": 7,
  ""arousal"": 5
}

This text",0.00010931902722705258,1.2360625367302376,7.868024565778217,6.259668637944678,9,7,"{
  ""valence"": 9,
  ""arousal"": 7
}",1.6387347298813608e-07,1.4644488314495465
emobank_Uprooted_Bike_6076_6115,"Tried/shared/re-tweeted, with pleasure!",3.9,3.9,0.4499999999999999,0.4499999999999999,5.151476569582419,2.7732812869212258,5,3,"{
""valence"": 5,
""arousal"": 3
}

This text is likely",6.840174597636855e-08,0.9648678665359942,6.657407757210669,3.0466955727587393,7,3,"{
  ""valence"": 7,
  ""arousal"": 3
}",3.219148518395269e-08,0.8748302540600239
emobank_vampires_4335_4351,I like twilight!,4.0,3.86,0.5,0.4299999999999999,5.098099063898415,3.1159919214622307,5,3,"{
  ""valence"": 5,
  ""arousal"": 3
}

This text",0.00043417113631149086,0.529609232653983,6.752591644477702,4.952537463774171,7,5,"{
  ""valence"": 7,
  ""arousal"": 5
}

This response",0.08307593738571975,0.546855844368824
emobank_captured_moments_28728_28752,"""My God, yes, yes, yes!""",4.3,4.4,0.6499999999999999,0.7000000000000002,7.715228503836875,8.72517462586447,8,7,"{
  ""valence"": 8,
  ""arousal"": 7
}

This text",1.0610056692037178e-08,0.9413246902417046,7.908222975227081,8.720558458451036,9,7,"{
  ""valence"": 9,
  ""arousal"": 7
}",1.540611318829226e-08,1.0977357179384002
emobank_appalachian1_696_721,You name it—we’ve got it!,3.83,3.83,0.415,0.415,5.122781658568858,3.0760858862261053,7,3,"{
  ""valence"": 7,
  ""arousal"": 3
}

This text",3.8853571659019034e-05,0.4617266935390554,6.122766923612346,3.185527987160076,7,3,"{
  ""valence"": 7,
  ""arousal"": 3
}

This text",3.240048718591845e-05,1.3867349060641845
emobank_SemEval_932,Boy missing since 2002 found alive,4.0,3.7,0.5,0.3500000000000001,7.01062901811631,5.086537703203427,7,5,"{
  ""valence"": 7,
  ""arousal"": 5
}

The text",0.00028015207753729124,0.6402573219264983,7.1441170362069295,5.026015580973259,7,5,"{
  ""valence"": 7,
  ""arousal"": 5
}

This text",0.028514769751969347,1.1633136595276308
emobank_audubon2_4177_4256,All of us are excited about sending you your magazine and membership materials.,3.9,3.8,0.4499999999999999,0.3999999999999999,5.905745634244525,2.730773402421706,7,3,"{
  ""valence"": 7,
  ""arousal"": 3
}

This text",3.473722782588999e-07,1.6212824380438524,7.422791740748499,4.409312631928014,8,5,"{
  ""valence"": 8,
  ""arousal"": 5
}",1.2166615437938286e-06,1.6062232420301896
emobank_captured_moments_6909_6923,"""I'll take it.",3.75,3.75,0.375,0.375,5.758003626230807,2.0481021611617476,0,0,"{
""valence"": 0,
""arousal"": 0
}

This text is neutral",0.0001385320829592671,1.370362286343469,6.67250865515615,1.7249690180174997,0,0,"{
""valence"": 0,
""arousal"": 0
}

This text does not",1.6679932158252884e-05,1.217640698878663
