stimulus_id,text,human_v,human_a,human_v_scaled,human_a_scaled,rec_ev,rec_ea,rec_gv,rec_ga,rec_gen_text,rec_p55,rec_entropy,post_ev,post_ea,post_gv,post_ga,post_gen_text,post_p55,post_entropy
emobank_defenders5_31_47,ALASKA EMERGENCY,2.0,3.57,-0.5,0.2849999999999999,5.1640254966123615,5.934844572355881,-5,7,"{
""valence"": -5,
""arousal"": 7
}

The negative valence",0.02586076726837861,3.6887918739000254,4.9987513647156785,6.0231339517952405,5,7,"{
""valence"": 5,
""arousal"": 7
}",0.025248646161277477,3.925487797025967
emobank_hotel-california_27718_27751,I was discouraged and frustrated.,2.2,3.6,-0.3999999999999999,0.3,2.460230765794013,4.185383690850625,-3,3,"{
""valence"": -3,
""arousal"": 3
}",0.00774856893423935,2.8899330284304274,2.3300320169212423,4.996312909863698,-3,5,"{
""valence"": -3,
""arousal"": 5
}",0.004219396608467459,2.929264986861035
emobank_112C-L013_653_757,"Kids like Tommie J., made a ward of the court because of repeated beatings by an alcoholic father;",2.29,3.29,-0.355,0.145,3.618865681069254,5.1494085723156315,-5,3,"{
""valence"": -5,
""arousal"": 3
}

The text is likely",0.012042659627779699,3.6759253717909686,3.941123878114433,5.1791609997309145,-5,3,"{
""valence"": -5,
""arousal"": 3
}",0.009128355143193509,3.852649359356498
emobank_NYTnewswire4_3733_3851,"Although he said the Gators will be excited to play the Hurricanes, ""I don't want to talk about that game,"" Zook said.",2.3,3.4,-0.3500000000000001,0.1999999999999999,3.1835590935445515,2.7039488181719116,-2,1,"{
""valence"": -2,
""arousal"": 1
}",0.002465878313158883,3.2702730396334525,3.0528073680842094,2.9477617836330783,-2,1,"{
""valence"": -2,
""arousal"": 1
}",0.0030272346884373503,3.3985181958335056
emobank_captured_moments_23307_23321,"""I am jealous.",2.25,3.5,-0.375,0.25,3.234496519924636,4.279673249859241,-3,2,"{
""valence"": -3,
""arousal"": 2
}",0.012744286815392865,3.360228905389433,3.1247658737937947,4.704663444455069,-3,3,"{
""valence"": -3,
""arousal"": 3
}",0.01559525904378196,3.362668944574005
emobank_A_defense_of_Michael_Moore_22762_22779,9) Gun homicides.,2.2,3.3,-0.3999999999999999,0.1499999999999999,3.712175397502269,5.52219928981097,-5,3,"{
""valence"": -5,
""arousal"": 3
}",0.01446071229021836,3.9443376922228266,3.8784849559356407,5.55094332292202,-5,3,"{
""valence"": -5,
""arousal"": 3
}",0.010337801253429868,4.061176492961007
emobank_NYTnewswire9_5696_5711,"""I said, `No.""'",2.2,3.5,-0.3999999999999999,0.25,3.6574121458088418,2.1880948744933693,-2,1,"{
""valence"": -2,
""arousal"": 1
}

The text is likely",0.0044769359407800715,3.302907437999528,3.419823485683483,2.436453444802615,-2,0,"{
""valence"": -2,
""arousal"": 0
}",0.007335009399733742,3.4394472402768095
emobank_hotel-california_3445_3575,"As much as Jesse had irritated me, I didn't like the picture my brain drew of him floating in his grave, body swollen and bloated.",2.2,3.4,-0.3999999999999999,0.1999999999999999,3.794499597717341,3.509706652133675,-3,2,"{
""valence"": -3,
""arousal"": 2
}",0.008579076130290329,3.6112594476410393,3.797111516410626,3.3697938663596636,-3,2,"{
""valence"": -3,
""arousal"": 2
}",0.007229552084243484,3.6650707320311002
emobank_Nathans_Bylichka_52685_52792,"On the floor was Dvorov’s head, separated from his body by several feet and a growing puddle of dark blood.",2.2,3.6,-0.3999999999999999,0.3,4.594214411306803,6.670906629204356,-8,7,"{
""valence"": -8,
""arousal"": 7
}",0.006304260955150358,3.8452819068873128,4.4177274269061995,6.726533722735177,-9,9,"{
""valence"": -9,
""arousal"": 9
}",0.004994891326349598,3.9376114304634355
emobank_Nathans_Bylichka_21342_21360,The thing frowned.,2.18,2.91,-0.4099999999999999,-0.0449999999999999,2.936338808954671,2.3827018963494155,-2,1,"{
""valence"": -2,
""arousal"": 1
}",0.0031135271609005425,3.101835955097243,2.934224981912877,2.726463179341213,-3,0,"{
""valence"": -3,
""arousal"": 0
}",0.008409824554793055,3.338820083826074
emobank_NYTnewswire9_10538_10589,"And then the casualties were going to be terrible.""",2.33,3.0,-0.3349999999999999,0.0,4.1947927119890425,4.991383213902792,-5,3,"{
""valence"": -5,
""arousal"": 3
}",0.03630905931253777,3.6501659040288628,4.070649774566836,4.921457428977313,-5,3,"{
""valence"": -5,
""arousal"": 3
}",0.021909316672046517,3.8367822655192967
emobank_SemEval_742,Floods force Malaysia evacuations,2.22,3.56,-0.3899999999999999,0.28,3.037439121878988,4.056051682269443,-2,3,"{
""valence"": -2,
""arousal"": 3
}

The text is likely",0.012066870192440567,3.276125519450073,3.6299597450130445,4.253677164229706,-2,3,"{
""valence"": -2,
""arousal"": 3
}",0.019078819586757667,3.4187331886221712
emobank_Ohio_Steel_12452_12560,"The people of Youngstown, being now unemployed had very little money to spend on anything but staying alive.",2.22,3.0,-0.3899999999999999,0.0,2.843514116083501,3.7093768012405017,-5,3,"{
""valence"": -5,
""arousal"": 3
}",0.004569393700463172,3.3570139054496777,2.995985837801644,3.692190868634796,-5,3,"{
""valence"": -5,
""arousal"": 3
}",0.00436929836211367,3.5223555531282176
emobank_SemEval_690,Now it's official: Iraq's a mess,2.18,3.46,-0.4099999999999999,0.2299999999999999,3.045808223830671,3.9630067586103013,-3,2,"{
""valence"": -3,
""arousal"": 2
}",0.011190541979178686,3.492850581253376,3.3830388172563994,4.018756450228953,-3,2,"{
""valence"": -3,
""arousal"": 2
}",0.009829131300712755,3.7160950602800344
emobank_Uprooted_Farming-on-Sand_1711_1753,Last year's rich loam is now useless sand.,2.3,3.0,-0.3500000000000001,0.0,3.5376998137200335,3.3051763688858626,-5,2,"{
""valence"": -5,
""arousal"": 2
}",0.005639738165177658,3.5531695161346732,3.5687966515142278,3.4787999984715148,-5,0,"{
""valence"": -5,
""arousal"": 0
}",0.0058388857297383585,3.665812709025632
emobank_SemEval_882,"Attack video saddens ""friendly fire"" widow",1.88,3.37,-0.56,0.185,3.203540319519776,3.031927758539308,-3,2,"{
""valence"": -3,
""arousal"": 2
}",0.0023995904210111704,3.1611042045164024,3.0302842120959768,2.8006699300444504,-3,2,"{
""valence"": -3,
""arousal"": 2
}",0.0014317070297972328,3.0934483430460618
emobank_wsj_2465_1041_1137,"An hour later, the paper's circulation manager, Miguel Soler, was shot and killed near his home.",2.0,3.18,-0.5,0.09,4.154180996547758,6.069426107150293,-5,7,"{
""valence"": -5,
""arousal"": 7
}",0.019149061266715024,3.7858610573059055,4.320287305555933,6.072284675645489,-5,7,"{
""valence"": -5,
""arousal"": 7
}",0.015332722650984213,3.9465582006049393
emobank_Nathans_Bylichka_38054_38115,Get out of my sight now – unless you know how to put it back?,2.12,3.63,-0.4399999999999999,0.3149999999999999,3.56861252749367,4.597036697914221,-3,3,"{
""valence"": -3,
""arousal"": 3
}

The text is likely",0.03809425025962609,3.476862157871325,3.4172445632793846,4.983054586464675,-5,3,"{
""valence"": -5,
""arousal"": 3
}",0.026881842921811384,3.6798020272975904
emobank_SemEval_920,Dozens killed in Baghdad bombing,2.0,3.62,-0.5,0.31,3.546240295796884,5.942067262695946,-5,7,"{
""valence"": -5,
""arousal"": 7
}",0.00814205630117243,3.7538239679425724,3.858036877846563,5.81103439104472,-5,7,"{
""valence"": -5,
""arousal"": 7
}",0.010281394458474986,3.830949507595092
emobank_hotel-california_30137_30157,"“No,” said Adrienne.",2.25,3.5,-0.375,0.25,2.9875975157038184,2.4409525284917515,-2,1,"{
""valence"": -2,
""arousal"": 1
}",0.004456425648511462,3.285544317240746,2.6046364148767087,2.7404946816573843,-2,0,"{
""valence"": -2,
""arousal"": 0
}",0.005428781752517349,3.307697101364917
emobank_NYTnewswire9_9777_9839,"Three days later, another B-29 from the 509th bombed Nagasaki.",2.33,3.0,-0.3349999999999999,0.0,4.042240444547298,3.2715806996212358,-5,2,"{
""valence"": -5,
""arousal"": 2
}

The text is likely",0.007046377660529571,3.565723579235356,4.207924665878813,3.1422547079644287,0,0,"{
""valence"": 0,
""arousal"": 0
}",0.0036635620493285894,3.679268353538817
emobank_110CYL071_246_283,Michael was born with cerebral palsy.,2.14,3.14,-0.4299999999999999,0.07,3.3993553887666095,2.8841038624112483,-3,2,"{
""valence"": -3,
""arousal"": 2
}",0.0024983468773121195,3.388424892255673,4.0864595038363305,2.935076567736761,2,3,"{
""valence"": 2,
""arousal"": 3
}",0.0030369404055320347,3.5728611439531783
emobank_SemEval_679,Gunmen abduct Filipino woman in Nigeria,2.22,3.22,-0.3899999999999999,0.1100000000000001,3.653748184001497,5.504434442790597,-3,5,"{
""valence"": -3,
""arousal"": 5
}",0.018515779970582163,3.691247199488484,3.9864225252318355,5.725350721066108,-3,5,"{
""valence"": -3,
""arousal"": 5
}",0.019964879197514315,3.741275162461357
emobank_112C-L015_859_939,Many of the children have no homes; no memories of joy from past holidays.,2.12,3.25,-0.4399999999999999,0.125,3.0065146901353557,4.587148103238633,-5,3,"{
""valence"": -5,
""arousal"": 3
}",0.006479857381613657,3.3727542734007656,2.9730285210471803,4.847105690583236,-5,3,"{
""valence"": -5,
""arousal"": 3
}",0.003968208854515702,3.425223681261558
emobank_captured_moments_9076_9083,Enough.,2.3,3.4,-0.3500000000000001,0.1999999999999999,4.03187894418112,2.570328113278393,-3,1,"{
""valence"": -3,
""arousal"": 1
}",0.006098326670800554,3.3075688635779295,3.9820901650857814,2.954874704343552,-3,0,"{
""valence"": -3,
""arousal"": 0
}",0.012493022166763637,3.6298503082362354
emobank_A_defense_of_Michael_Moore_19756_19840,"The kid was a little bastard, and the parents were involved in drugs -- case closed.",2.3,3.3,-0.3500000000000001,0.1499999999999999,3.82700406452761,4.062677901975548,-5,3,"{
""valence"": -5,
""arousal"": 3
}",0.020304645605102714,3.747423195922596,3.9083391041586406,3.423068708821318,-5,0,"{
""valence"": -5,
""arousal"": 0
}",0.012667166706908728,3.829640654093292
emobank_hotel-california_30791_30976,"“You could force the captain to set down somewhere. Let us off the ship. If he refuses, threaten him. If he still refuses, well, of all of us, isn't there someone who can drive a ship?”",2.3,3.6,-0.3500000000000001,0.3,4.789633441633966,6.313280790126259,-5,7,"{
""valence"": -5,
""arousal"": 7
}",0.027374431985599537,3.6111264832440115,4.842429857202555,6.2930538599546075,5,7,"{
""valence"": 5,
""arousal"": 7
}",0.02671934489632398,3.728052383563688
emobank_IFAW1_1303_1324,"“stupid, non-feeling”",2.0,3.0,-0.5,0.0,2.4340049153667738,2.501148718791955,-3,0,"{
""valence"": -3,
""arousal"": 0
}",0.0022219670390949847,3.1409503818067654,2.023300351728801,1.8853911058058264,-5,0,"{
""valence"": -5,
""arousal"": 0
}",0.0009803173866928083,2.631834619167457
emobank_Nathans_Bylichka_37381_37477,“and you’d better pray to whatever god you think will listen that he won’t care we woke her up.”,2.3,3.4,-0.3500000000000001,0.1999999999999999,3.4593131268632376,4.126487334541339,-5,3,"{
""valence"": -5,
""arousal"": 3
}",0.016555303441588533,3.645500818223549,3.4017381346283413,4.141376118951426,-3,2,"{
""valence"": -3,
""arousal"": 2
}",0.015114732756005467,3.7536715210681355
emobank_Ohio_Steel_10791_10967,"However, to American companies already suffering financial setbacks, outdated machinery, and fierce competition, this lack of demand was an inconvenience they could not afford.",2.3,3.1,-0.3500000000000001,0.05,2.603218298244505,3.27814925584141,-2,3,"{
""valence"": -2,
""arousal"": 3
}",0.0033083567841032955,3.202784367236319,2.815563337489588,3.234147821198548,-2,3,"{
""valence"": -2,
""arousal"": 3
}",0.003277253016912653,3.3609999528699452
emobank_marine1_490_675,"Even today, after years of public outrage, dolphins continue to die in tuna fisheries of other countries and are still being cruelly and often illegally killed by gillnets and harpoons.",2.0,3.2,-0.5,0.1,3.622324503778971,5.46793131369572,-5,7,"{
""valence"": -5,
""arousal"": 7
}",0.008460994941468515,3.6514457008776664,3.515841209752306,5.474066926800889,-3,5,"{
""valence"": -3,
""arousal"": 5
}",0.005110795416961091,3.72927142192844
emobank_sucker_1488_1738,"“a black-themed book will come up for consideration, and there won’t be anyone of color to put in an opinion, or there’ll be one, who shouldn’t bear the burden alone. So we all pretend we’re experts. Maybe I’m the only one who’s embarrassed by that.”",2.33,3.33,-0.3349999999999999,0.165,3.655854999702677,4.161654674970881,-5,3,"{
""valence"": -5,
""arousal"": 3
}",0.015015562307627682,3.581173866233769,3.5860553511742377,4.11670361583237,-3,2,"{
""valence"": -3,
""arousal"": 2
}",0.011214532025771688,3.689046833831691
emobank_hotel-california_2985_3092,"The survivors of the unfortunate accidents, the catastrophic malfunctions, the fateful crashes: this is us.",2.33,2.89,-0.3349999999999999,-0.0549999999999999,4.110110465886678,4.875678298037014,-3,5,"{
""valence"": -3,
""arousal"": 5
}

The negative valence",0.024027600787608915,3.675996302159766,4.340513039611279,4.677384136768872,2,3,"{
""valence"": 2,
""arousal"": 3
}",0.018682948160840193,3.9069559403700262
emobank_NYTnewswire9_7912_8038,"At 8:15 a.m. Hiroshima time, the pneumatic bomb-bay doors opened and ""Little Boy,"" equivalent to 20,000 tons of TNT, fell out.",2.0,3.5,-0.5,0.25,5.056092729016258,6.37780297108894,-8,7,"{
""valence"": -8,
""arousal"": 7
}",0.013030160381270675,3.8714143481777668,4.503116126359507,5.551338661019172,-5,8,"{
""valence"": -5,
""arousal"": 8
}",0.010477397013418776,4.119904459601918
emobank_SemEval_1204,Swiss plane crashes at Moscow airport,2.2,3.0,-0.3999999999999999,0.0,3.3956518327235594,5.428644005808724,-3,5,"{
""valence"": -3,
""arousal"": 5
}",0.017786217124850297,3.60660973794995,3.5893703912406756,5.52479062602793,-3,5,"{
""valence"": -3,
""arousal"": 5
}",0.019226776944557447,3.6665837694660564
emobank_20020731-nyt_18216_18312,"""There was death in D.C. throughout the '80s and into the '90s, and there was death everywhere,""",2.3,3.1,-0.3500000000000001,0.05,4.032024088882307,4.945085559368003,-5,3,"{
""valence"": -5,
""arousal"": 3
}",0.024343771182845263,3.6553122215743032,4.299093916631931,4.658476640165178,-5,3,"{
""valence"": -5,
""arousal"": 3
}",0.015771350923566727,3.8546932486924206
emobank_hotel-california_26456_26482,My quarters felt stifling.,2.22,3.11,-0.3899999999999999,0.0549999999999999,2.122971921458704,2.4585666823396597,-2,1,"{
""valence"": -2,
""arousal"": 1
}",0.00019072148951955855,2.4931435700175975,2.1138748989374383,2.6740536040997642,-2,1,"{
""valence"": -2,
""arousal"": 1
}",0.00028274920403304605,2.522513023459132
emobank_SemEval_846,"Scorpion on a plane, a pantful of pain",2.12,3.12,-0.4399999999999999,0.06,3.8075458405114158,5.564246079677355,-5,7,"{
""valence"": -5,
""arousal"": 7
}",0.01862575906660958,3.8470346760108223,3.6786311407935535,5.5094644933866235,-5,7,"{
""valence"": -5,
""arousal"": 7
}",0.013931051900193597,3.9518698315632053
emobank_hotel-california_18971_19010,We're not even going to leave a legacy.,2.33,2.89,-0.3349999999999999,-0.0549999999999999,3.465801577142582,3.4670250138635184,-5,2,"{
""valence"": -5,
""arousal"": 2
}",0.006382434433516275,3.697418321361457,3.247898984611391,3.384424186824768,-5,0,"{
""valence"": -5,
""arousal"": 0
}",0.005092021378973203,3.6849434964611745
emobank_A_defense_of_Michael_Moore_4592_4632,Mustafa was 14 years when he was killed.,2.1,3.1,-0.4499999999999999,0.05,4.413961823795948,3.996415696309035,-5,3,"{
""valence"": -5,
""arousal"": 3
}",0.007322714213894176,3.906476164302767,4.697286987813353,3.804456180609398,-9,0,"{
""valence"": -9,
""arousal"": 0
}",0.004636246907750059,3.9708533807918496
emobank_Seedbombing_2063_2206,"I found this hard to do while also avoiding cops, dealing with the camera and the car window, scoping out angles of approach for throwing, etc.",2.3,3.2,-0.3500000000000001,0.1,2.860398121019895,5.120889115666939,-3,5,"{
""valence"": -3,
""arousal"": 5
}",0.008020930802603554,3.263326329148025,2.5719207055532305,5.776234125664778,-3,5,"{
""valence"": -3,
""arousal"": 5
}",0.0034267823408858124,3.3165238061559044
emobank_SemEval_1086,High cholesterol raises stroke risk healthy women,2.3,2.8,-0.3500000000000001,-0.1,2.849115731297473,2.8768482161526476,-2,1,"{
""valence"": -2,
""arousal"": 1
}",0.002605206976309948,3.310591839712824,3.2112190877292153,2.952328025300093,2,3,"{
""valence"": 2,
""arousal"": 3
}",0.0032238963596174846,3.4154704652639514
emobank_NYTnewswire2_8918_8994,"""This is a criminal act and it certainly puts things in a different league,""",2.0,3.1,-0.5,0.05,4.284241581248111,4.561958911187567,-3,3,"{
""valence"": -3,
""arousal"": 3
}",0.06285207128633456,3.4636369775232767,4.2010783289923195,4.944890601452789,-5,3,"{
""valence"": -5,
""arousal"": 3
}",0.05033244028884995,3.7280874289707175
emobank_Fermentation_HR5034_9996_10126,"The hypocrisy, misleading notions and disinformation being featured at the wholesalers website supporting H.R. 5034 is staggering.",2.0,3.25,-0.5,0.125,3.3761266075994274,4.997833813599103,-5,3,"{
""valence"": -5,
""arousal"": 3
}

The negative valence",0.028155952116710025,3.601948187387848,3.1660567308996876,5.228196258758836,-5,7,"{
""valence"": -5,
""arousal"": 7
}",0.019914356102463174,3.672465181013981
emobank_SemEval_648,Somalia declares state of emergency,2.13,3.62,-0.435,0.31,3.921749113134733,5.025520549281393,-3,5,"{
""valence"": -3,
""arousal"": 5
}

The text is likely",0.035922947735058885,3.5904138504969714,4.257069533613965,5.50013868075726,-5,5,"{
""valence"": -5,
""arousal"": 5
}",0.0325584069796247,3.6299315060464585
emobank_hotel-california_17786_17818,"“That's still dumb,” said Sarah.",2.2,3.2,-0.3999999999999999,0.1,2.152362232147226,2.1197465051858493,-2,1,"{
""valence"": -2,
""arousal"": 1
}",0.00039062413661040024,2.6657469474134543,2.0246570075680537,2.310906314917102,-2,0,"{
""valence"": -2,
""arousal"": 0
}",0.0008038911220031609,2.747008754151024
emobank_cable_spool_fort_8516_8674,"""I thought he might stab you."" Roy said and craned his neck forward to look at Tucker's face as the other boys began to crowd around at a respectful distance.",2.3,3.4,-0.3500000000000001,0.1999999999999999,4.020029083853455,3.968929325258729,3,4,"{
""valence"": 3,
""arousal"": 4
}",0.026005571994357834,3.5222847818229983,4.007095270939816,4.381110786279415,3,4,"{
""valence"": 3,
""arousal"": 4
}",0.020219001608583396,3.77909162525156
emobank_hotel-california_33279_33299,I couldn't find her.,2.11,3.11,-0.445,0.0549999999999999,3.0882102608937108,3.658808220840853,-3,2,"{
""valence"": -3,
""arousal"": 2
}",0.005155609297920535,3.372380954607876,2.9832076475974163,4.254736872415518,-3,2,"{
""valence"": -3,
""arousal"": 2
}",0.0068664913868384265,3.376509817268636
emobank_The_Black_Willow_10749_10795,"I would not be happy, thus separated from it.""",2.2,3.2,-0.3999999999999999,0.1,3.275586220092118,3.3280130734213107,-5,2,"{
""valence"": -5,
""arousal"": 2
}",0.005481891163126176,3.481792741990242,2.9014049718648898,4.047596005542263,-5,0,"{
""valence"": -5,
""arousal"": 0
}",0.006411711087025409,3.4400383844797426
emobank_NYTnewswire7_1802_1854,"But in some areas, the seabass are being overfished.",2.3,3.0,-0.3500000000000001,0.0,3.4016511072947053,2.608656392601808,-2,1,"{
""valence"": -2,
""arousal"": 1
}

The text is likely",0.0015556723666399384,3.2039329414697164,3.5896345477697147,2.70695500567851,-2,1,"{
""valence"": -2,
""arousal"": 1
}",0.0017944568964829441,3.276853514036322
emobank_cable_spool_fort_116_125,You suck.,1.6,3.9,-0.7,0.4499999999999999,3.049626798869848,5.209782006810707,-5,3,"{
""valence"": -5,
""arousal"": 3
}",0.019265658127668454,3.766669289574596,2.8172690739126964,4.869494404777207,-5,0,"{
""valence"": -5,
""arousal"": 0
}",0.016835386209509084,3.798637725367147
emobank_detroit_9593_9753,"You think I'm kidding, but I couldn't be more serious -- that Honda is a visceral reminder for people of how the American consumer has left Detroit in the dust.",2.3,3.8,-0.3500000000000001,0.3999999999999999,4.659827782703955,4.824101101160798,-3,5,"{
""valence"": -3,
""arousal"": 5
}",0.03415723122223656,3.7270539837968113,4.442204138643326,4.870684786789558,-3,5,"{
""valence"": -3,
""arousal"": 5
}",0.025277789252138118,3.9000120702223264
emobank_cable_spool_fort_115_137,"""You suck."" Chad said.",2.1,3.8,-0.4499999999999999,0.3999999999999999,2.973705549820926,4.710252636005663,-5,3,"{
""valence"": -5,
""arousal"": 3
}",0.018719599672987662,3.606287096163013,2.9609631364488673,4.560689498930149,-5,3,"{
""valence"": -5,
""arousal"": 3
}",0.02045673048918036,3.7441338881828967
emobank_easy_money_6254_6342,Or maybe this guy was just a wacko who wanted to take me out on a dark road and kill me.,2.0,3.7,-0.5,0.3500000000000001,3.462478822900962,5.472414695293361,-5,3,"{
""valence"": -5,
""arousal"": 3
}",0.023022664394268456,3.657450737042822,3.6330076589660325,5.856178908762937,-5,5,"{
""valence"": -5,
""arousal"": 5
}",0.018422230636000115,3.843683311401034
emobank_audubon1_60_76,I’m outraged ...,1.63,3.91,-0.685,0.455,4.618997515125019,6.268272962400013,-5,7,"{
""valence"": -5,
""arousal"": 7
}",0.06267637326935328,3.4694073961317327,4.066404508942609,7.24931089273749,-5,9,"{
""valence"": -5,
""arousal"": 9
}",0.02780309479299595,3.4300998477139353
emobank_detroit_15207_15294,"You want to yell at which insurance company fucked up, or change a bedpan, so to speak?",2.1,3.8,-0.4499999999999999,0.3999999999999999,3.894633202083558,4.146623292339641,-5,3,"{
""valence"": -5,
""arousal"": 3
}

The text is likely",0.02352574390811619,3.7593808114259035,4.22069801753299,4.30184983403805,3,5,"{
""valence"": 3,
""arousal"": 5
}",0.020387471919336767,4.0019675904511915
emobank_Nathans_Bylichka_56572_56622,Hands closed on my neck and I felt my spine crack.,1.9,3.8,-0.55,0.3999999999999999,4.108006304343241,6.86118601254283,-5,8,"{
""valence"": -5,
""arousal"": 8
}",0.008450532564973494,3.6950388574830026,3.9502294534836677,7.546435731953208,-9,9,"{
""valence"": -9,
""arousal"": 9
}",0.006194238371460662,3.605142822884665
emobank_The_Black_Willow_12929_13034,"""What in G-d's name could have possessed you to do such a thing,"" cried Arthur, nearly raising his voice.",2.3,3.8,-0.3500000000000001,0.3999999999999999,4.16157980947069,5.375728172696114,-5,7,"{
""valence"": -5,
""arousal"": 7
}",0.04519056420131038,3.7381570987536827,3.8372879556862403,5.700576268954412,-5,7,"{
""valence"": -5,
""arousal"": 7
}",0.030393678039343754,3.8575714664758314
emobank_Madame_White_Snake_3473_3497,“disturbed and agitated”,2.12,4.0,-0.4399999999999999,0.5,2.831136551422511,5.098424914155942,-3,5,"{
""valence"": -3,
""arousal"": 5
}",0.024704050887003146,3.3359489355131617,2.5821619478270397,5.940140547327817,-3,5,"{
""valence"": -3,
""arousal"": 5
}",0.013224124047288241,3.3513599332877835
emobank_audubon1_7282_7287,“NO!”,2.0,3.89,-0.5,0.445,4.43287567422688,6.450964890216968,-5,5,"{
""valence"": -5,
""arousal"": 5
}",0.037423797835239456,3.927198986074674,3.6894985052469638,6.373274079134152,-5,5,"{
""valence"": -5,
""arousal"": 5
}",0.030845988858693312,3.8416648423125266
emobank_Nathans_Bylichka_37816_37828,he screamed.,2.22,3.78,-0.3899999999999999,0.3899999999999999,3.6864009437386174,5.660018491141801,-5,7,"{
""valence"": -5,
""arousal"": 7
}",0.043638556576898094,3.6310950264696547,3.3742887439004883,6.0792182461263575,-5,8,"{
""valence"": -5,
""arousal"": 8
}",0.02179240143767114,3.6830214401151067
emobank_Homosexuality_5297_5340,They also do not belong in a court of law!”,2.18,4.0,-0.4099999999999999,0.5,3.6759465438440704,4.753829412598948,-5,3,"{
""valence"": -5,
""arousal"": 3
}",0.04481727206636403,3.6957862753297914,3.4501731951823014,5.061052622833201,-5,3,"{
""valence"": -5,
""arousal"": 3
}",0.032160624926216685,3.8349527962217276
emobank_Nathans_Bylichka_11578_11605,That just unnerved me more.,2.0,3.8,-0.5,0.3999999999999999,3.004423502499753,5.112997716459492,-3,5,"{
""valence"": -3,
""arousal"": 5
}",0.019113178008523517,3.492373524043809,2.9739992083379794,5.861570014925344,-3,5,"{
""valence"": -3,
""arousal"": 5
}",0.010241081603373715,3.5773488439893697
emobank_detroit_4319_4400,"We didn't slow down to take a photo, but I'll paraphrase: DON'T BURN HOUSES DOWN!",2.1,4.1,-0.4499999999999999,0.5499999999999998,5.045509443461759,5.506644040073569,-5,5,"{
""valence"": -5,
""arousal"": 5
}",0.04235606487697912,3.938409323521477,4.139561179839838,5.4142461110049265,-5,5,"{
""valence"": -5,
""arousal"": 5
}",0.032477797445698044,4.015162048870131
emobank_defenders5_2473_2623,They are utterly out of step with their Alaska constituents ... the state agency that manages Alaska wildlife ... and the rest of the American public!,2.3,3.7,-0.3500000000000001,0.3500000000000001,2.9196309146547614,4.427688364112987,-3,4,"{
""valence"": -3,
""arousal"": 4
}

The negative valence",0.021327437554752016,3.424075472193137,2.9565598399640747,4.529928569709649,-3,5,"{
""valence"": -3,
""arousal"": 5
}",0.017121793498904792,3.643933739347856
emobank_Nathans_Bylichka_57890_57977,"Rachel, her clothes torn and her face drawn, looked like she might cry when she saw me.",2.33,4.0,-0.3349999999999999,0.5,3.9143117138092163,3.7578208293416275,-3,2,"{
""valence"": -3,
""arousal"": 2
}",0.014109230126341774,3.492106952884148,4.056197927408994,4.38919811210253,-5,3,"{
""valence"": -5,
""arousal"": 3
}",0.021879735396116696,3.868047222584636
emobank_SemEval_640,Firms on alert for letter bombs,2.2,3.8,-0.3999999999999999,0.3999999999999999,3.005320428405857,3.6732037234870014,3,5,"{
""valence"": 3,
""arousal"": 5
}

The text is likely",0.012801303755180998,3.2525278212286444,3.2984056058090228,4.00061584291741,3,5,"{
""valence"": 3,
""arousal"": 5
}",0.01797025167929151,3.40621200027757
emobank_hotel-california_22389_22419,Fact: Adrienne intimidated me.,2.0,3.67,-0.5,0.3349999999999999,2.554794396014551,3.196550861875386,-2,1,"{
""valence"": -2,
""arousal"": 1
}",0.0031766493792623357,3.18670083061171,2.4555182008576697,4.143051260864501,-2,3,"{
""valence"": -2,
""arousal"": 3
}",0.007408409791301168,3.2911799033916913
emobank_Ohio_Steel_19152_19222,Black Monday was a devastating blow to an entire generation of people.,2.0,3.72,-0.5,0.3600000000000001,3.4786459608261504,4.624871942051692,-5,3,"{
""valence"": -5,
""arousal"": 3
}",0.014901469087496863,3.5862373044280282,3.204528999981964,4.758655220671841,-5,3,"{
""valence"": -5,
""arousal"": 3
}",0.00843880561156374,3.597369866402426
emobank_Nathans_Bylichka_38047_38053,Fools!,2.25,3.75,-0.375,0.375,3.428788919446204,4.863291202758197,-5,3,"{
""valence"": -5,
""arousal"": 3
}",0.03356003475093922,3.7759547677131233,3.3939751597078556,5.0122146005102115,-5,0,"{
""valence"": -5,
""arousal"": 0
}",0.028786086411496385,3.9259173765835023
emobank_SemEval_215,Toddler died from E. coli tainted spinach,1.62,3.75,-0.69,0.375,3.6470610676663218,4.891748744386169,-3,5,"{
""valence"": -3,
""arousal"": 5
}",0.015309279303141708,3.7571888323166784,3.9411450586847177,4.914640820370314,-5,3,"{
""valence"": -5,
""arousal"": 3
}",0.01393237843250484,3.8889140276851135
emobank_captured_moments_28049_28065,"""Never,"" I said.",2.25,3.88,-0.375,0.4399999999999999,3.4192165921643203,3.1385113837120517,-5,0,"{
""valence"": -5,
""arousal"": 0
}",0.007081588780437265,3.7961396849364304,2.6289953717646415,3.144045788763063,-5,0,"{
""valence"": -5,
""arousal"": 0
}",0.00552425564974272,3.491514459529641
emobank_captured_moments_5506_5538,"I hate it, despise it, abhor it!",1.3,4.4,-0.85,0.7000000000000002,4.5218762012197224,6.313540935287484,-9,9,"{
""valence"": -9,
""arousal"": 9
}",0.03868179471328469,3.9003407089768105,3.71395035583925,6.234568926179983,-9,9,"{
""valence"": -9,
""arousal"": 9
}",0.04288749290320957,3.6934769229796975
emobank_hsus4_1520_1565,needless deaths that could have been stopped!,1.7,3.9,-0.65,0.4499999999999999,4.055183061729087,4.89822779172066,-5,3,"{
""valence"": -5,
""arousal"": 3
}",0.02852763686783019,3.7191709149495242,4.0131901890083155,5.399603795041293,-5,3,"{
""valence"": -5,
""arousal"": 3
}",0.01956187631122698,3.8383828871232657
emobank_A_defense_of_Michael_Moore_11775_12045,"This booing by the crowd, not mentioned with a single word in your transcript or your article, shows that the crowd was fully aware of the controversy they would cause by coming to Littleton after children were being killed there -- and they effectively said ""Fuck you"".",1.7,3.7,-0.65,0.3500000000000001,4.656859526828224,5.461338195482236,-5,7,"{
""valence"": -5,
""arousal"": 7
}",0.055647972649981926,3.661316624669158,4.565496836306998,5.53450801326034,-5,7,"{
""valence"": -5,
""arousal"": 7
}",0.046005490028225335,3.8250934340905642
emobank_captured_moments_34911_34954,I threw a chair at him.,1.8,4.0,-0.6,0.5,3.964222639912344,6.327112833995226,-5,7,"{
""valence"": -5,
""arousal"": 7
}",0.021109370608894472,3.6934975843543856,4.350490385170446,6.79431535562664,-5,5,"{
""valence"": -5,
""arousal"": 5
}",0.020209377574316085,3.7789036147404875
emobank_captured_moments_28882_28898,This is torture.,1.67,3.67,-0.665,0.3349999999999999,3.7656163029171097,6.421058309031237,-9,8,"{
""valence"": -9,
""arousal"": 8
}",0.01640318227188213,3.8598544498528864,2.95521566953367,7.022841997842886,-9,9,"{
""valence"": -9,
""arousal"": 9
}",0.01072483734802976,3.442931157674577
emobank_Nathans_Bylichka_10078_10146,"I have to warn you, though, you won’t like what I have to tell you.”",2.0,3.67,-0.5,0.3349999999999999,2.92864279467416,4.393651278775584,-3,3,"{
""valence"": -3,
""arousal"": 3
}",0.025182787373405565,3.198801653308004,2.8703319752878933,4.189983149078549,-3,2,"{
""valence"": -3,
""arousal"": 2
}",0.01550555987427428,3.2578459594038387
emobank_Nathans_Bylichka_56058_56169,I raised the stake; he drew back the dagger for a slash that could doubtless open my neck from throat to spine.,2.3,3.8,-0.3500000000000001,0.3999999999999999,4.398601367697038,7.048823763833473,-8,9,"{
""valence"": -8,
""arousal"": 9
}",0.010691312228983603,3.7285929185955062,4.337247205235405,7.449424774783717,-8,9,"{
""valence"": -8,
""arousal"": 9
}",0.006621694980623467,3.713099874730052
emobank_defenders5_3431_3435,“NO”,1.7,3.9,-0.65,0.4499999999999999,3.5004172890785163,3.420603562600096,-5,0,"{
""valence"": -5,
""arousal"": 0
}",0.02167029730982876,3.8780429697836065,2.989722140643231,3.58053676673527,-9,0,"{
""valence"": -9,
""arousal"": 0
}",0.0186648227231316,3.743029799983863
emobank_A_defense_of_Michael_Moore_12034_12044,"""Fuck you""",1.2,4.2,-0.9,0.6000000000000001,3.938735076464271,6.396322269654582,-5,5,"{
""valence"": -5,
""arousal"": 5
}",0.029216759952500223,3.872366990998573,3.7029394053052487,5.721647749822968,-5,5,"{
""valence"": -5,
""arousal"": 5
}",0.05541872192663932,3.856985705211298
emobank_hotel-california_17786_17806,"“That's still dumb,”",2.0,3.75,-0.5,0.375,2.260528930703029,2.507312796646383,-3,1,"{
""valence"": -3,
""arousal"": 1
}",0.0006751609536647342,2.8498824276223123,2.0834682115331287,2.6374793187019905,-3,0,"{
""valence"": -3,
""arousal"": 0
}",0.001054427817447507,2.9080702780860963
emobank_The_Black_Willow_4372_4383,"""Damn you,""",1.75,4.12,-0.625,0.56,3.4633790713319454,5.212147901516913,-3,5,"{
""valence"": -3,
""arousal"": 5
}",0.03681730114655915,3.672097512060098,3.11599057498759,4.889148811193129,-3,5,"{
""valence"": -3,
""arousal"": 5
}",0.03641456990639273,3.6741251261817167
emobank_Fermentation_Eminent-Domain_5349_5372,And I am really pissed.,1.8,4.0,-0.6,0.5,3.675251250821566,5.249115143432231,-5,3,"{
""valence"": -5,
""arousal"": 3
}",0.044814603242079136,3.7062190341502568,3.394989336277888,5.9087299421925845,-5,5,"{
""valence"": -5,
""arousal"": 5
}",0.027778665907881143,3.788365289056877
emobank_detroit_13308_13320,I think not!,2.3,3.9,-0.3500000000000001,0.4499999999999999,4.02760787397903,3.394625570668767,-5,1,"{
""valence"": -5,
""arousal"": 1
}",0.02368564787727017,3.699445905845214,3.4744787967934494,4.218947378135382,-5,0,"{
""valence"": -5,
""arousal"": 0
}",0.03661899377877722,3.8531826151418334
emobank_detroit_11992_12207,"Have we really built a ""Great Society"" or is that all propaganda -- Bull Shiite to hush free thought, eyes to the flag, while our pockets and resources were raided by shysters, spin-meisters, schmucks and banksters?",2.0,3.8,-0.5,0.3999999999999999,3.485851100093681,5.1256338759376785,-5,7,"{
""valence"": -5,
""arousal"": 7
}",0.02338442472173498,3.7034965906671298,3.6435073985962125,4.862519329810142,-5,3,"{
""valence"": -5,
""arousal"": 3
}",0.02192705198695935,3.823569172457275
emobank_The_Black_Willow_4463_4529,"He pounded his desk in vain, cursing the foul muse that drove him.",1.9,3.8,-0.55,0.3999999999999999,3.156289272895649,4.29600730194237,-3,3,"{
""valence"": -3,
""arousal"": 3
}",0.02478914001983726,3.4647878131289063,3.4534307282151135,4.7461389242902925,-5,3,"{
""valence"": -5,
""arousal"": 3
}",0.0317230428673172,3.723978993751782
emobank_easy_money_11294_11394,"For some reason I thought of a giant clown face from a carnival ride, but it scared the hell out me.",2.1,3.7,-0.4499999999999999,0.3500000000000001,3.0022121139610403,7.096147299973914,-5,8,"{
""valence"": -5,
""arousal"": 8
}",0.0037751824848658183,3.4901445990876288,2.87179505352888,7.361352996619192,-5,9,"{
""valence"": -5,
""arousal"": 9
}",0.003186133908648019,3.4027501130371687
emobank_Nathans_Bylichka_52097_52120,"Suddenly, Amy screamed.",2.0,3.71,-0.5,0.355,4.331213895745317,5.776918370015923,-5,5,"{
""valence"": -5,
""arousal"": 5
}",0.05796203370648764,3.4715048710850285,4.164489294246845,6.44310191373152,-5,5,"{
""valence"": -5,
""arousal"": 5
}",0.030506197134121713,3.683861138276835
emobank_The_Black_Willow_4372_4422,"""Damn you,"" he cried, ""will you never leave me be?",1.78,3.78,-0.61,0.3899999999999999,3.7511362348207835,5.396742224838819,-5,7,"{
""valence"": -5,
""arousal"": 7
}",0.0379568488290514,3.6678134704038463,3.426934948066787,5.494444750099634,-5,5,"{
""valence"": -5,
""arousal"": 5
}",0.02889026266934952,3.777604929559039
emobank_SemEval_994,Collision on icy road kills 7,1.67,3.78,-0.665,0.3899999999999999,4.388602956447216,6.025194315239111,-5,7,"{
""valence"": -5,
""arousal"": 7
}",0.008331670601193285,3.868143299941471,4.1008050307681705,5.951044686220872,-5,3,"{
""valence"": -5,
""arousal"": 3
}",0.007599508113598313,3.9190523016977923
emobank_lw1_1033_1057,Of all the impertinence!,1.88,4.12,-0.56,0.56,3.744471984130348,3.994743736766828,-3,2,"{
""valence"": -3,
""arousal"": 2
}",0.026481568925761822,3.6514947729874,3.4164046255663596,4.573128805214758,-3,5,"{
""valence"": -3,
""arousal"": 5
}",0.027784054952836965,3.75753259347791
emobank_The_Black_Willow_16502_16537,"""Heavens, no,"" said Nathan, aghast.",2.1,3.7,-0.4499999999999999,0.3500000000000001,3.442439972763716,4.612781614356897,-3,5,"{
""valence"": -3,
""arousal"": 5
}",0.03145762746568419,3.6716591291713967,2.9505570398791825,5.183584297615173,-3,5,"{
""valence"": -3,
""arousal"": 5
}",0.019126723831908308,3.699183820909787
emobank_Nathans_Bylichka_22420_22431,"“Oh, shit!”",1.9,4.3,-0.55,0.6499999999999999,4.165167108829722,6.464264021020201,-5,7,"{
""valence"": -5,
""arousal"": 7
}",0.018503393983062374,3.7198246577819716,3.770015682095598,6.191511845751486,-5,8,"{
""valence"": -5,
""arousal"": 8
}",0.02357129145115556,3.837079328366244
emobank_easy_money_13623_13705,"""None,"" I said and slipped the knife into his neck right at the base of his skull.",2.1,3.9,-0.4499999999999999,0.4499999999999999,4.302574663677642,7.05664529304462,-9,9,"{
""valence"": -9,
""arousal"": 9
}",0.008487769483607074,3.8572569115631667,4.240766652070671,6.065530341300752,-9,0,"{
""valence"": -9,
""arousal"": 0
}",0.01409037944837271,4.074219081128065
emobank_Nathans_Bylichka_7597_7686,"My girlfriend has disappeared, I don’t even know where to start looking, and I need help!",1.57,4.0,-0.715,0.5,3.9885611387217943,7.583610858466198,-5,8,"{
""valence"": -5,
""arousal"": 8
}",0.002734339775868737,3.4819837432706557,3.2722162213483807,8.101709997158785,-8,9,"{
""valence"": -8,
""arousal"": 9
}",0.0016282843556991466,3.1068616959032758
emobank_cable_spool_fort_6006_6023,You didn't fight!,2.2,3.8,-0.3999999999999999,0.3999999999999999,3.0090746793762917,4.334545409012272,-3,2,"{
""valence"": -3,
""arousal"": 2
}",0.015225577472749684,3.6025296505676168,3.43788279634033,3.5698782685114145,-3,0,"{
""valence"": -3,
""arousal"": 0
}",0.01180317745400745,3.7484148251274783
emobank_detroit_3555_3589,I was actually afraid for my life.,1.7,3.9,-0.65,0.4499999999999999,3.760523836758148,6.995823576776021,-5,8,"{
""valence"": -5,
""arousal"": 8
}",0.00877554880379912,3.642469182468888,3.0058169156052554,7.915562888422664,-5,9,"{
""valence"": -5,
""arousal"": 9
}",0.00233090178492184,3.113873857243727
emobank_WhereToHongKong_59648_59721,Dr. Sun Yat-sen (1866–1925) began his political career in Canton.,3.0,2.33,0.0,-0.3349999999999999,4.287569913815546,2.192882711235195,0,1,"{
""valence"": 0.5,
""arousal"": 1.0
}",0.0009815766904601117,3.353045068202522,4.790639658602781,2.4753979056448063,0,0,"{
""valence"": 0,
""arousal"": 0
}",0.001331168218268968,3.498843795823506
emobank_Nathans_Bylichka_31628_31664,This place is just a little of both.,3.0,2.25,0.0,-0.375,4.679167873512127,1.9154267813341355,5,1,"{
""valence"": 5,
""arousal"": 1
}",0.0007906423414787105,2.2768020851928656,4.775618630063839,2.5923576787528733,5,3,"{
""valence"": 5,
""arousal"": 3
}",0.0033876235028283824,2.368447153556915
emobank_110CYL070_1325_1335,"Sincerely,",3.0,2.3,0.0,-0.3500000000000001,6.027880649276602,3.5880063057979736,7,3,"{
""valence"": 7,
""arousal"": 3
}

The text appears to",0.004146280926741985,3.578594321291019,6.1548526098973175,3.664508602856876,8,5,"{
""valence"": 8,
""arousal"": 5
}",0.0037297240761102967,3.721886794239084
emobank_Nathans_Bylichka_2070_2112,I was feeling calm and private that night.,3.1,1.8,0.05,-0.6,4.8413496450829046,1.8789713536101433,5,1,"{
""valence"": 5,
""arousal"": 1
}",0.00020305429560845743,3.062842227982926,5.455765035129466,2.01211659053981,8,2,"{
""valence"": 8,
""arousal"": 2
}",0.00023416794161174807,3.248977037638328
emobank_hotel-california_21106_21113,Silent.,2.9,2.2,-0.05,-0.3999999999999999,3.9051936173955593,2.1152479545356626,0,0,"{
""valence"": 0,
""arousal"": 0
}",0.0016244604730947122,3.2929498860421553,3.744842316591715,1.9930400057580246,0,0,"{
""valence"": 0,
""arousal"": 0
}",0.002326552899471172,3.2074011141418874
emobank_SemEval_801,Rice: U.S. won't pull plug on Iraq,3.14,2.29,0.07,-0.355,4.197585017206019,3.6021209278337536,0,1,"{
""valence"": 0.5,
""arousal"": 1.5
}",0.009229810615785906,3.6197743194597147,4.299837772499289,3.5664128157194086,5,3,"{
""valence"": 5,
""arousal"": 3
}",0.006780246505352234,3.727489369009798
emobank_110CYL071_18_35,"November 15, 1994",3.0,2.2,0.0,-0.3999999999999999,5.0791507371022,3.2856436543704297,0,0,"{
""valence"": 0,
""arousal"": 0
}",0.0044145195035561885,3.7053385871671685,5.3744106137863845,3.7033177695605723,5,3,"{
""valence"": 5,
""arousal"": 3
}",0.005004595049882307,3.872637501506232
emobank_WhatToHongKong_3035_3172,"Pick up a copy of HKTA’s “The Official Dining, Entertainment & Shopping Directory” in which all member stores are listed.",3.2,2.2,0.1,-0.3999999999999999,4.122298850055761,1.7910255273450975,0,0,"{
""valence"": 0.5,
""arousal"": 0.2
}",0.00028146609736968053,3.1997711701780305,4.654550462232592,2.0972027536763784,0,0,"{
""valence"": 0,
""arousal"": 0
}",0.00046515872136644685,3.4672424186192328
emobank_IntroHongKong_1558_1761,"But in fact, once news of the handover vanished from the front pages, the people of Hong Kong returned to their usual topics of conversation: the economy and the price of housing.",2.9,2.1,-0.05,-0.4499999999999999,3.4954801486102567,2.12360865182579,0,1,"{
""valence"": 0,
""arousal"": 1
}",0.0006152892540608572,3.2568090975911552,4.015738168868893,2.241078220563846,0,0,"{
""valence"": 0,
""arousal"": 0
}",0.000714840229371992,3.3630563596508116
emobank_114CUL059_18_30,"July 25,1997",3.0,2.2,0.0,-0.3999999999999999,5.321141265954733,3.455117884697548,0,0,"{
""valence"": 0,
""arousal"": 0
}",0.005212188012936123,3.683131265983741,5.5449488828366755,3.917354670977776,7,5,"{
""valence"": 7,
""arousal"": 5
}",0.006467472061421056,3.865403742033545
emobank_Nathans_Bylichka_39817_39841,The man closed his eyes.,3.0,2.27,0.0,-0.365,3.955045076458668,2.2439487382529086,0,0,"{
""valence"": 0,
""arousal"": 0
}",0.0011921157032852019,3.3448493328615885,4.537439281419157,2.5132076518402977,0,0,"{
""valence"": 0,
""arousal"": 0
}",0.0022604675243388943,3.586005398691406
emobank_hotel-california_33981_33997,Some other ship.,3.0,2.33,0.0,-0.3349999999999999,2.8898143018843276,1.758101250581802,0,0,"{
""valence"": 0,
""arousal"": 0
}",0.0008597650111201655,2.9311375567243854,3.036836833379337,2.013064917749163,0,0,"{
""valence"": 0,
""arousal"": 0
}",0.001680977090843973,3.16734551271062
emobank_Fermentation_HR5034_14155_14202,"arunrob@gmail.com October 13, 2010 at 12:39 PM",2.88,1.87,-0.06,-0.565,4.573319750498449,2.2241816302016595,0,0,"{
""valence"": 0,
""arousal"": 0
}",0.0025426668541607593,3.4348783553973328,5.300284101657981,3.427110222339229,5,3,"{
""valence"": 5,
""arousal"": 3
}",0.006433988324276073,3.6572784411442942
emobank_Fermentation_HR5034_7908_8121,"""Over half the states have been sued challenging their alcohol laws. The lawsuits have attacked items such as commonsense safeguards that require a face-to-face transaction (needed for I.D. checks) to buy alcohol""",2.67,2.33,-0.165,-0.3349999999999999,3.6372822951600683,3.5215246563523537,-3,2,"{
""valence"": -3,
""arousal"": 2
}

The negative valence",0.01204168723758115,3.380161091477379,3.6705823023922393,3.685624767445965,-3,2,"{
""valence"": -3,
""arousal"": 2
}",0.010455272081547909,3.601443966757088
emobank_hotel-california_29929_29956,“I never thought about it.”,3.0,2.09,0.0,-0.455,4.123981810618185,1.9513151590037388,0,1,"{
""valence"": 0,
""arousal"": 1
}",0.000889581001795962,3.0411179088555538,4.122600117804974,1.809367835287866,0,0,"{
""valence"": 0,
""arousal"": 0
}",0.0008900407965339124,3.1189553220664363
emobank_easy_money_4002_4130,"There was only one chair, so I sat on the edge of the bed as he handed me a book open to a picture of some sort of stone tablet.",2.9,2.3,-0.05,-0.3500000000000001,3.5926140991671223,2.4963109024490273,0,1,"{
""valence"": 0,
""arousal"": 1
}",0.001557318920247976,3.2963710306887637,3.8212590399015087,2.6712289993352916,2,3,"{
""valence"": 2,
""arousal"": 3
}",0.0023064325272149676,3.4007208028101945
emobank_wsj_0120_3120_3137,"""migrate to 900,""",2.86,2.29,-0.07,-0.355,4.180249840033773,3.3305424610460213,0,0,"{
""valence"": 0,
""arousal"": 0
}",0.011914185539279455,3.893784235853242,4.125018116907975,3.267015345583536,0,0,"{
""valence"": 0,
""arousal"": 0
}",0.011148802399006843,3.8771582514611875
emobank_wwf12_31_148,"December 7, 2000 FirstName LastName StreetNumber StreetName, CityName, StateName, ZipCode",3.0,2.0,0.0,-0.5,3.295782390034597,1.6736530507310199,0,0,"{
""valence"": 0,
""arousal"": 0
}",0.0011748987616243141,2.978613777185428,3.736072211604728,2.17982829622355,0,0,"{
""valence"": 0,
""arousal"": 0
}",0.0017471358571106246,3.305492220581483
emobank_NYTnewswire7_7563_7623,She can be contacted at michellecole(at)news.oregonian.com.),3.0,2.25,0.0,-0.375,2.6648256474290615,1.439322870702904,0,0,"{
""valence"": 0,
""arousal"": 0
}",0.0003633706141587081,2.5288268273296235,3.391538359485772,1.7300961457676447,0,0,"{
""valence"": 0,
""arousal"": 0
}",0.0006495488444714162,2.933509071979978
emobank_Nathans_Bylichka_34328_34342,Nepthys asked.,3.0,2.29,0.0,-0.355,4.266560474127936,2.316738710488551,0,0,"{
""valence"": 0,
""arousal"": 0
}",0.0037980549985718263,3.4150381784317223,4.087418998342101,2.7633379484249376,0,0,"{
""valence"": 0,
""arousal"": 0
}",0.004849642761899512,3.7217986436068293
emobank_WhereToHongKong_54465_54535,The island is also the designated home of the University of East Asia.,3.1,2.3,0.05,-0.3500000000000001,4.184168059409086,1.8789533770522346,0,0,"{
""valence"": 0,
""arousal"": 0
}",0.00042218928570717066,3.238442770652589,5.173660407348241,2.1332056828126054,0,0,"{
""valence"": 0,
""arousal"": 0
}",0.0005289280327110195,3.361199357343883
emobank_hotel-california_33370_33568,"The speed of sound in dry air at twenty degrees Celsius or sixty-eight degrees Fahrenheit is three hundred and forty-three meters per second, or one thousand one hundred twenty-five feet per second.",3.0,2.33,0.0,-0.3349999999999999,2.6910940399543546,1.4610292777142326,0,0,"{
""valence"": 0,
""arousal"": 0
}",0.0003885021918041174,2.6038382444719517,3.304419756916872,1.7474838196958533,0,0,"{
""valence"": 0,
""arousal"": 0
}",0.0006383517498632838,3.0470003511645958
emobank_NYTnewswire1_268_471,"ANAHEIM, Calif. -- The Anaheim Angels got help where they felt they needed it most, agreeing to trade for Milwaukee Brewers outfielder Alex Ochoa only hours before Wednesday's nonwaiver trading deadline.",3.12,2.25,0.06,-0.375,4.4466352464904935,3.6556855925084424,5,3,"{
""valence"": 5,
""arousal"": 3
}",0.012862567061170806,3.568310825302771,4.703185439835153,3.721797328629432,5,3,"{
""valence"": 5,
""arousal"": 3
}",0.006700403919031967,3.7106319204221374
emobank_NYTnewswire9_5598_5682,"He said that they had split the atom and that we were going to drop an atomic bomb,""",2.78,3.22,-0.1100000000000001,0.1100000000000001,4.3528168999753065,5.8206659596345895,5,7,"{
""valence"": 5,
""arousal"": 7
}

Note: The val",0.03322971786027441,3.6980770776645637,4.243872554610995,5.548296627249855,5,7,"{
""valence"": 5,
""arousal"": 7
}",0.022689249206453037,3.869184392606125
emobank_SemEval_1271,"Beauticians cut, curl, offer stroke-prevention info",3.14,3.0,0.07,0.0,4.441500163737953,2.187437967656155,0,1,"{
""valence"": 0.5,
""arousal"": 1.5
}",0.0005667262934735368,3.253474316865787,5.091293892805259,2.4057046904988115,4,2,"{
""valence"": 4,
""arousal"": 2
}",0.0006797680374045785,3.383664055561596
emobank_NYTnewswire9_7753_7754,"""",3.0,2.6,0.0,-0.1999999999999999,5.135631643115092,3.860891613528698,5,3,"{
""valence"": 5,
""arousal"": 3
}

The text is likely",0.009763033448060707,3.6134734853941315,5.152185812470803,3.7132343652328563,5,3,"{
""valence"": 5,
""arousal"": 3
}",0.006640919992713537,3.7073147530365027
emobank_Nathans_Bylichka_19925_20022,"When it had all burnt, a thin outline of a doorframe appeared on the wall across from our corner.",2.9,2.7,-0.05,-0.1499999999999999,3.8366805943177225,2.7542261881201435,2,3,"{
""valence"": 2,
""arousal"": 3
}",0.0025912978117199436,3.352566214647651,4.1266095802249385,3.10347897691951,2,3,"{
""valence"": 2,
""arousal"": 3
}",0.003636654608367279,3.5941256560108847
emobank_lessig_blog-carbon_1966_1997,I am suspicious of cap & trade.,2.6,3.2,-0.1999999999999999,0.1,2.6832108009364735,3.1888520541809613,-3,2,"{
""valence"": -3,
""arousal"": 2
}",0.002919865032096025,2.9832101849827084,2.634653155288612,3.706563044647668,-3,2,"{
""valence"": -3,
""arousal"": 2
}",0.0060611130844968235,3.066697057325699
emobank_IntroDublin_7658_7712,The Irish are actually beginning to come home.,3.2,3.1,0.1,0.05,5.165977193849404,2.4609032733068994,6,2,"{
""valence"": 6,
""arousal"": 2
}",0.00046511843654114664,3.4146151714630384,5.952987850356575,2.7128214375274102,8,3,"{
""valence"": 8,
""arousal"": 3
}",0.0005313110096972492,3.51245973896336
emobank_118CWL048_1006_1066,Over 150 girls are currently waiting for a Big Sister.,3.0,3.44,0.0,0.2199999999999999,4.827598555339894,2.727253726851697,5,2,"{
""valence"": 5,
""arousal"": 2
}

The text is likely",0.0018947197873634663,3.5029378950947403,4.430361434703586,3.1119827512488865,2,3,"{
""valence"": 2,
""arousal"": 3
}",0.0030254091863443342,3.6673473424328256
emobank_20020731-nyt_5994_6106,"Nor did it cite a $1,590 Oriental carpet that Chang gave to Torricelli's former wife, Susan Holloway Torricelli.",2.88,3.0,-0.06,0.0,2.996995470170182,2.089742859336824,-1,0,"{
""valence"": -1,
""arousal"": 0
}

The text is likely",0.0013572100219747813,3.2226995564250913,3.5205088707241456,2.2365749523205847,-1,0,"{
""valence"": -1,
""arousal"": 0
}",0.001755531632445272,3.425637722100181
emobank_Bartok_16606_16856,"In Example 2, the entire development section is represented by exactly three pitches, and indeed each subsection is associated with one of these three pitches as its tonal center—none of these pitches is involved in the structural whole-tone descent.",3.0,2.88,0.0,-0.06,4.303982797989182,2.3275323449474685,0,0,"{
""valence"": 0,
""arousal"": 0
}",0.0016814174276439716,3.354289192980025,4.75978725747432,2.5882925003504083,0,0,"{
""valence"": 0,
""arousal"": 0
}",0.002018107779949269,3.4882729541129334
emobank_A1_65_84,Dubai 01-82 (AFP) -,3.0,2.7,0.0,-0.1499999999999999,4.866127092976294,4.15940364808778,0,0,"{
""valence"": 0,
""arousal"": 0
}

The text is a",0.014838147433151306,3.93890860854518,4.898114132446565,4.168431599885618,0,0,"{
""valence"": 0,
""arousal"": 0
}",0.01385515239894539,3.9805975195348817
emobank_NYTnewswire5_1031_1103,"Right now, some particularly nice ones are in Bay Area farmers' markets.",3.3,3.3,0.1499999999999999,0.1499999999999999,4.557984570680004,1.9935639776732925,3,1,"{
""valence"": 3,
""arousal"": 1
}

The text is likely",0.0002452307960567614,3.2058678169592953,5.056935910620257,2.3064986580333957,3,1,"{
""valence"": 3,
""arousal"": 1
}",0.0003810249483504399,3.4498672961605195
emobank_wsj_0127_805_889,"Reed is paying an interim dividend of 4.6 pence, up 15% from 4 pence a year earlier.",3.0,3.0,0.0,0.0,3.6141462425845967,1.854503533242937,0,0,"{
""valence"": 0.5,
""arousal"": 0.5
}",0.0005818174189039395,3.170826331267582,4.467390755713601,2.1571396799490214,0,0,"{
""valence"": 0.5,
""arousal"": 0.5
}",0.0008946830067112346,3.425902017094217
emobank_WhereToHongKong_1285_1483,"Next to the Jardine building is Exchange Square, a complex with a large shopping mall; just behind it is the General Post Office with a philatelic center on the ground floor.",3.0,3.0,0.0,0.0,3.1563338033907504,1.9332993100872677,0,0,"{
""valence"": 0,
""arousal"": 0
}",0.0004644339821021764,3.112939105919463,3.797133446867931,2.22108345621532,0,0,"{
""valence"": 0,
""arousal"": 0
}",0.000631783001222364,3.359244360471675
emobank_Ant_Robot_6023_6148,"Sensors will include a thermometer, photoreceptors, bump sensors, a polarization compass, and a series of chemical receptors.",3.0,3.0,0.0,0.0,3.6307780459550294,2.030043967345171,0,0,"{
""valence"": 0,
""arousal"": 0
}",0.0013702349251472977,3.2335897225666863,3.6248033580157224,2.1099896841447805,0,0,"{
""valence"": 0,
""arousal"": 0
}",0.0012423832507186213,3.315348183167116
emobank_wsj_0127_928_1005,"Earnings were hurt by disposal of operations in its restructuring, Reed said.",2.44,3.0,-0.28,0.0,2.6416758868134598,2.875754141660009,-2,1,"{
""valence"": -2,
""arousal"": 1
}

The text is likely",0.0019585175798952697,3.1395070841892805,2.9361919588720804,3.061247733986837,-2,3,"{
""valence"": -2,
""arousal"": 3
}",0.002728657161047541,3.3147051214387337
emobank_SemEval_929,"Dell to cut bonuses, trim management",2.8,3.0,-0.1,0.0,2.8601044595859704,4.020747469344766,-3,3,"{
""valence"": -3,
""arousal"": 3
}

The text is likely",0.011308006482734567,3.2737005697658526,3.2781485821037153,4.2317816604443435,-3,2,"{
""valence"": -3,
""arousal"": 2
}",0.013234734806059138,3.479127698286132
emobank_Acephalous-Internet_1270_1472,"This realization is obviously not of world-historical importance, merely a reminder that this thing whose existence we take for granted daily represents a fundamentally weird complement to human memory.",3.0,3.0,0.0,0.0,3.721923453418493,2.234903950345036,-2,1,"{
""valence"": -2,
""arousal"": 1
}

The text is likely",0.0011369937783702831,3.257998429994912,4.256426175115474,2.273456919426113,5,2,"{
""valence"": 5,
""arousal"": 2
}",0.0008499365522984504,3.2898085043427647
emobank_114CUL059_911_1020,"These 60 or so campers have takenon a fund raiser with a goal of raising $16,000 for camperships.",3.25,3.62,0.125,0.31,4.656252152415051,3.0729672526111957,6,3,"{
""valence"": 6,
""arousal"": 3
}

The valence score",0.003182687785350123,3.606939014651443,5.622047169648327,3.8400650375238823,8,5,"{
""valence"": 8,
""arousal"": 5
}",0.005323703988497194,3.77319466505228
emobank_WhatToHongKong_16110_16267,"Although the music may seem strange to the unaccustomed ear, it certainly won’t put you to sleep; cymbals and drums guarantee your alertness.",3.12,3.25,0.06,0.125,4.186028414989259,3.8924922365098227,5,3,"{
""valence"": 5,
""arousal"": 3
}",0.02599798533807025,3.521137789808227,4.7222007647304585,5.198378807516635,5,7,"{
""valence"": 5,
""arousal"": 7
}",0.05620830175913564,3.654267685626053
emobank_Ant_Robot_50291_50564,"Workers probably switch to patrolling based on their perceived life expectancy and as a function of a gene whose expression changes between young and old ants, and this is easily emulated using a clock pulse counter in Antie’s CPU that will count its “age” since last boot.",3.0,2.9,0.0,-0.05,3.4593206980636895,2.3100428614654795,0,1,"{
""valence"": 0,
""arousal"": 1
}",0.0016025844186899935,3.4148151850638,4.146642979911973,2.7404320836032916,0,0,"{
""valence"": 0,
""arousal"": 0
}",0.002541538682570801,3.648607825071444
emobank_Nathans_Bylichka_23761_23834,"As you can see, our situation is of personal importance to the young man.",3.09,2.73,0.0449999999999999,-0.135,5.449968589301084,2.6686918224271237,5,2,"{
""valence"": 5,
""arousal"": 2
}",0.0020996018940029415,3.022874369056135,6.249704256297273,3.586286639987152,5,3,"{
""valence"": 5,
""arousal"": 3
}",0.007270003287286544,3.4968317277755694
emobank_Nathans_Bylichka_33184_33265,They were always my favorite part of the Greek myths I read in elementary school.,3.3,2.9,0.1499999999999999,-0.05,4.754085621261718,2.0874069972217413,3,2,"{
""valence"": 3,
""arousal"": 2
}",0.00022129252489987847,3.201119066811548,5.445705826530842,2.31038752295025,8,2,"{
""valence"": 8,
""arousal"": 2
}",0.0002591188056588198,3.31897930166886
emobank_Homosexuality_3849_4031,"This theory, which defined Urnings as males who turned to other males as sexual partners, was published in twelve pamphlets by Ulrichs, starting in1864.",2.83,3.0,-0.0849999999999999,0.0,4.139371412716599,2.3226706348981745,0,0,"{
""valence"": 0,
""arousal"": 0
}",0.001903837476710139,3.4007077762519202,4.670542105007358,2.5172856570508877,0,0,"{
""valence"": 0,
""arousal"": 0
}",0.002034060231801298,3.54155143925701
emobank_vampires_1039_1046,'ninja',3.0,2.9,0.0,-0.05,5.186409691808079,3.6685019944093065,0,0,"{
""valence"": 0,
""arousal"": 0
}",0.014461529969143327,3.585402413144715,5.405625094261732,3.6460290302607534,0,0,"{
""valence"": 0,
""arousal"": 0
}",0.009176376485772556,3.7521040373484733
emobank_WhereToHongKong_54675_54833,"A grand colonial house, fully restored and outfitted with period furnishings, provides the centerpiece for this expanding “cultural village. ”",3.0,3.0,0.0,0.0,5.414382603818987,2.706799200606048,6,2,"{
""valence"": 6,
""arousal"": 2
}

The valence of",0.0013564033336824722,3.4649700820095584,6.034387999622518,3.181462798967002,8,3,"{
""valence"": 8,
""arousal"": 3
}",0.0015192818300207504,3.5520294419933873
emobank_anth_essay_4_15389_15507,"Difficulties arise, however, as conflicts between the traditional and modern and native languages and Spanish develop.",2.8,2.9,-0.1,-0.05,3.309828079186149,3.194371586644182,-2,2,"{
""valence"": -2,
""arousal"": 2
}

The valence of",0.00678421976613186,3.262101627194215,3.7066722028086425,3.431867441793242,-2,3,"{
""valence"": -2,
""arousal"": 3
}",0.007782705745863512,3.427371843096664
emobank_hotel-california_3981_3998,She turned to me.,3.0,3.0,0.0,0.0,4.5646363052757835,2.112743184839019,0,0,"{
""valence"": 0,
""arousal"": 0
}",0.0016420570366942617,3.2245159352019455,4.9123863505482195,2.6856606338621227,0,0,"{
""valence"": 0,
""arousal"": 0
}",0.0033571839045686484,3.5937581102224754
emobank_A_defense_of_Michael_Moore_14510_14661,"b) Why should Moore leave the words ""Clinton is on the Today Show"" visible in the text, which is necessary to correctly interpret the highlighted part?",3.0,3.25,0.0,0.125,4.3863897209280225,2.626747200267788,5,2,"{
""valence"": 5,
""arousal"": 2
}

The affective response",0.0036817533041827227,3.4303401856613496,4.56347212549663,3.141870746947382,5,3,"{
""valence"": 5,
""arousal"": 3
}",0.006007395039837128,3.7048715755713646
emobank_SemEval_116,Top General Optimistic on Iraq,3.0,3.12,0.0,0.06,4.808987889950963,3.218083463750296,7,3,"{
""valence"": 7,
""arousal"": 3
}",0.002349764464514061,3.685234143102845,5.528245276257034,3.2751058543714326,8,5,"{
""valence"": 8,
""arousal"": 5
}",0.001814368157374077,3.803013301309597
emobank_Acephalous-Internet_2299_2485,"Now that I remember him, which I didn't before, I remember him as being the pitcher who'd pitched for 1) the team the Mets faced to get to the '86 Series and 2) the one they faced in it.",3.0,3.0,0.0,0.0,5.002113560113132,2.764789778806541,5,3,"{
""valence"": 5,
""arousal"": 3
}",0.0029390134445875632,3.5033931270003538,5.11107741338732,3.0853299365960063,7,3,"{
""valence"": 7,
""arousal"": 3
}",0.0029034589390601637,3.60903604324518
emobank_IntroDublin_6967_7136,"Almost half of Ireland’s population is under twenty-five, and with its universities and professional schools, Dublin also has a large student population.",3.0,3.0,0.0,0.0,3.038249198411996,2.297390441188661,0,1,"{
""valence"": 0.5,
""arousal"": 1
}",0.0005864122187719625,3.105912694506771,4.02304877007956,2.679561918875637,0,1,"{
""valence"": 0.5,
""arousal"": 1
}",0.001230681110736683,3.4229282047628526
emobank_SemEval_99,Vegetables May Boost Brain Power in Older Adults,3.3,3.1,0.1499999999999999,0.05,4.249417155820328,2.1382136443224526,0,0,"{
""valence"": 0.5,
""arousal"": 0.2
}",0.000317118535466181,3.2943883695969225,4.816384705135148,2.2663730725225677,0,0,"{
""valence"": 0.5,
""arousal"": 0.2
}",0.00027615867958572345,3.453120133897806
emobank_wsj_0175_536_643,Sony's planned acquisition of Guber/Peters Entertainment Co. for $200 million is scheduled to close Monday.,3.0,3.1,0.0,0.05,4.530216260836702,2.8301133154643474,0,1,"{
""valence"": 0,
""arousal"": 1
}",0.002729018730367292,3.6021922235902832,5.233461896746373,3.2194207142342264,0,0,"{
""valence"": 0,
""arousal"": 0
}",0.0019530049546053645,3.621290620369183
emobank_20020731-nyt_23886_24069,"The anonymous buyer, believed to be an individual collector who lives in the United States, made the winning bid in a fiercely contested nine-minute auction at Sotheby's in Manhattan.",3.4,3.3,0.1999999999999999,0.1499999999999999,5.226550823113621,3.9436665679203986,5,3,"{
""valence"": 5,
""arousal"": 3
}

The valence of",0.009591445577165838,3.591799270735443,5.42159782147078,4.488632728841603,7,5,"{
""valence"": 7,
""arousal"": 5
}",0.008798787855274688,3.7101254674384707
emobank_Fermentation_HR5034_11796_11901,http://www.law.com/jsp/nlj/PubArticleNLJ.jsp?id=1202463630848&Alcohol_bill_means_happy_hour_for_lobbyists,3.0,2.7,0.0,-0.1499999999999999,5.119068922883762,3.5016663671998396,5,3,"{
""valence"": 5,
""arousal"": 3
}

Note: The val",0.005428327496408852,3.4743531323126997,5.388818782815776,3.3797713269985854,7,3,"{
""valence"": 7,
""arousal"": 3
}",0.0034476383607279434,3.679845216312087
emobank_detroit_14948_15031,But here's the thing -- frogs are mutating due to the planet trying to kill itself.,2.6,3.4,-0.1999999999999999,0.1999999999999999,4.254598521816338,4.74033743041144,-5,3,"{
""valence"": -5,
""arousal"": 3
}",0.022372141451597962,3.7294453576602553,4.465233283423217,4.765641082506039,-5,3,"{
""valence"": -5,
""arousal"": 3
}",0.01238560013407772,3.920869208836191
emobank_Black_and_white_6132_6219,It strays from reason in the way which it consumes and manipulates life.,2.5,3.25,-0.25,0.125,3.6225168951295665,3.451800769675744,-3,2,"{
""valence"": -3,
""arousal"": 2
}

The text is likely",0.010673547577723692,3.4793933510738326,3.7016804236719834,3.5446998981664266,-5,2,"{
""valence"": -5,
""arousal"": 2
}",0.01061266114074411,3.638465579574899
emobank_SemEval_1210,King and queen reign at British film awards,3.2,2.9,0.1,-0.05,4.7380078128049625,2.373131001465297,0,1,"{
""valence"": 0.5,
""arousal"": 1.5
}",0.0007647305073820003,3.486450982654533,5.2446538712208115,2.7407036491996024,0,0,"{
""valence"": 0.5,
""arousal"": 0.5
}",0.0007897622411843976,3.629159084266916
emobank_Fermentation_Eminent-Domain_4527_4654,"This is a case of over-reaching government regulation, costing business unnecessarily and burdening them with more regulations.",2.8,3.0,-0.1,0.0,2.4698418691539596,3.809995145056929,-3,2,"{
""valence"": -3,
""arousal"": 2
}

The text is likely",0.004707570852739378,3.173046558443768,2.5322017313922163,3.908134581019672,-3,2,"{
""valence"": -3,
""arousal"": 2
}",0.004662283127790463,3.316599836446478
emobank_IntroHongKong_68_170,"Exciting, mysterious, glamorous — these words have described Hong Kong for at least a century.",3.46,3.18,0.2299999999999999,0.09,5.958846676217242,4.765513648278565,7,5,"{
""valence"": 7,
""arousal"": 5
}",0.017177717404547304,3.413322536929875,5.746300598558675,5.078212160327419,8,6,"{
""valence"": 8,
""arousal"": 6
}",0.01902547920053339,3.5092442130869173
emobank_wsj_0159_825_882,10 as the deadline for the receipt of any competing bids.,3.1,3.1,0.05,0.05,3.9295176553507343,2.4790708942444732,0,1,"{
""valence"": 0,
""arousal"": 1
}",0.003319865275371166,3.5108585526620666,4.075337550789429,2.908744495647158,0,0,"{
""valence"": 0,
""arousal"": 0
}",0.004509249916974729,3.706446707446162
emobank_SemEval_1337,Princess Masako author: No regrets,3.0,2.78,0.0,-0.1100000000000001,6.029681474956559,3.588143388296049,8,3,"{
""valence"": 8,
""arousal"": 3
}",0.0029154127148728988,3.666614000330125,6.168909105073188,3.478040029692479,8,3,"{
""valence"": 8,
""arousal"": 3
}",0.0022192526384653068,3.751989587470863
emobank_WhatToHongKong_10118_10203,Woks and any other gadgets essential for Chinese cookery make good purchases.,3.22,2.89,0.1100000000000001,-0.0549999999999999,4.363577220911553,1.9706104909779347,0,0,"{
""valence"": 0.5,
""arousal"": 0.2
}",0.000308712233722826,3.24304494226394,4.91513808834826,2.1157331066889724,1,0,"{
""valence"": 1,
""arousal"": 0
}",0.0003487216921859839,3.3595899072967934
emobank_WhereToHongKong_31668_31741,Two natural rock formations are always pointed out on excursions.,3.12,2.87,0.06,-0.0649999999999999,3.675813732197411,1.999972082117515,0,0,"{
""valence"": 0,
""arousal"": 0
}",0.0005190085316356121,3.158728817407148,4.207592237599477,2.3846195620442785,0,0,"{
""valence"": 0,
""arousal"": 0
}",0.0008724752891191613,3.4685015089840414
emobank_NYTnewswire9_7632_7642,None came.,2.7,2.8,-0.1499999999999999,-0.1,3.308298317859136,2.0238184486072632,-5,0,"{
""valence"": -5,
""arousal"": 0
}",0.0014686643204064745,3.24853527329692,2.8299649175442787,1.9832890960138252,-5,0,"{
""valence"": -5,
""arousal"": 0
}",0.0012156958943056158,3.072358290022336
emobank_Ant_Robot_5877_5941,Antie will be implemented on a tiny Road Warrior robotic system.,3.2,3.2,0.1,0.1,4.3759408212086575,2.4797724386549924,5,1,"{
""valence"": 5,
""arousal"": 1
}

The text is likely",0.0030406168128958217,3.5173804410698395,5.029907667565989,2.9998210467893216,5,3,"{
""valence"": 5,
""arousal"": 3
}",0.0033927506195048753,3.7281894273337883
emobank_Fermentation_HR5034_4287_4426,"Fiction page ( http://www.hr5034.org/fact-vs-fiction ) ""FACT: This bill does not address direct shipping or any specific state alcohol law.",3.0,2.56,0.0,-0.2199999999999999,3.548738968682287,1.843562538559519,0,0,"{
""valence"": 0,
""arousal"": 0
}

The text is likely",0.0019598767929462787,3.1684709989953643,4.11805432595359,2.047761976005102,0,0,"{
""valence"": 0,
""arousal"": 0
}",0.0022654370100087047,3.383747639599728
emobank_hotel-california_14602_14701,"Maybe we had all tired of the frivolity of our life, hitting some threshold or some breaking point.",2.5,2.7,-0.25,-0.1499999999999999,3.954139569937708,3.610042779173586,-2,3,"{
""valence"": -2,
""arousal"": 3
}

The text is likely",0.022083078848901788,3.4682700056330504,3.96519949745734,3.598119791232301,-2,3,"{
""valence"": -2,
""arousal"": 3
}",0.01741795009959403,3.7326931106065553
emobank_NWF1_2207_2523,"For more than 60 years, caring and concerned wildlife lovers like yourself have supported our mission to educate, inspire and assist individuals and organizations to conserve wildlife and other natural resources and to protect the earth’s environment in order to achieve a peaceful, equitable and sustainable future.",3.14,2.86,0.07,-0.07,6.137457660046094,2.6564696381278865,8,2,"{
""valence"": 8,
""arousal"": 2
}",0.0010272110962854012,3.5812581111550705,6.798945400180795,3.110422666148478,8,3,"{
""valence"": 8,
""arousal"": 3
}",0.0012756303460991051,3.6168769561232295
emobank_WhatToHongKong_21826_21969,"Because of the heavy harbor traffic, only sailors licensed by the Hong Kong authorities can run pleasure boats in local waters.",3.0,3.0,0.0,0.0,3.547427896551729,2.1414527426934566,0,1,"{
""valence"": 0,
""arousal"": 1
}",0.0007029333006984311,3.252074203673369,3.8830043631759765,2.3291058413237766,0,1,"{
""valence"": 0,
""arousal"": 1
}",0.0011844936940119428,3.404907991448519
emobank_detroit_16320_16354,Don't forget about the back taxes!,2.9,3.8,-0.05,0.3999999999999999,2.716029943549571,2.4538575200498456,-3,1,"{
""valence"": -3,
""arousal"": 1
}",0.0010272253164542615,3.1174065148212238,2.9806169293788747,2.824056793019941,-2,1,"{
""valence"": -2,
""arousal"": 1
}",0.0019378113466316056,3.265389317645106
emobank_audubon1_7168_7287,"First,sign and return your Petition to the Secretary of Agriculture immediately, to declare a firm and resounding “NO!”",2.7,3.8,-0.1499999999999999,0.3999999999999999,3.7640376551785306,5.174367000261481,-5,5,"{
""valence"": -5,
""arousal"": 5
}

The text is likely",0.033497846582839615,3.820756462309266,3.544276794946855,5.085064627683943,-3,5,"{
""valence"": -3,
""arousal"": 5
}

The valence is",0.021390240805174973,3.9133186161091573
emobank_captured_moments_35083_35108,"I shouted, ""Where is she?",2.82,4.0,-0.09,0.5,4.221452475354927,5.031282628240216,5,6,"{
""valence"": 5,
""arousal"": 6
}",0.053593617402665265,3.4377544975897956,3.8407967276332644,5.304290671889734,3,5,"{
""valence"": 3,
""arousal"": 5
}",0.03459194343440039,3.555095155302036
emobank_The_Black_Willow_14142_14205,"He glared at Allan, eyes impaling him and demanding a response.",2.38,3.87,-0.31,0.435,3.942554152671434,5.406141811050057,-5,5,"{
""valence"": -5,
""arousal"": 5
}",0.05686304367346141,3.422102003471614,3.576317913484386,5.744083271917642,-5,7,"{
""valence"": -5,
""arousal"": 7
}",0.03142873126796731,3.5597059891642515
emobank_The_Black_Willow_10406_10468,"""That is precisely why I must excise this malignant instinct!""",2.6,3.7,-0.1999999999999999,0.3500000000000001,4.393459685938707,4.55831896359205,5,3,"{
""valence"": 5,
""arousal"": 3
}",0.05181391645037868,3.675877228062925,4.337069881521162,4.610359681439506,5,7,"{
""valence"": 5,
""arousal"": 7
}",0.04107497970561867,3.9012525402111407
emobank_SemEval_1470,Frantic 911 call in Ryan O'Neal case,2.6,3.7,-0.1999999999999999,0.3500000000000001,4.5831807037393215,6.129301104520939,5,7,"{
""valence"": 5,
""arousal"": 7
}",0.033864793513423905,3.4135686122218845,4.530225186638917,6.9096013001535885,5,8,"{
""valence"": 5,
""arousal"": 8
}",0.018488801798422577,3.6507044005268816
emobank_Nathans_Bylichka_51309_51320,he shouted.,2.4,3.8,-0.3,0.3999999999999999,3.605001206469789,4.315750975115916,-3,3,"{
""valence"": -3,
""arousal"": 3
}",0.057957876976859016,3.5130097448052138,3.010660878336876,4.947472103129632,-3,5,"{
""valence"": -3,
""arousal"": 5
}",0.02613465486030047,3.5297399260566293
emobank_detroit_13598_13622,The dark horse rides on!,3.4,3.9,0.1999999999999999,0.4499999999999999,4.709247621797955,3.4964815986377586,5,3,"{
""valence"": 5,
""arousal"": 3
}",0.016335341830089653,3.3792549789260082,4.6516308069072005,3.546847186585603,5,3,"{
""valence"": 5,
""arousal"": 3
}",0.017647087014624703,3.623367541904082
emobank_Homosexuality_12358_12505,Dobbens reasoned that most parents would not raise their children to be homosexual; “They’re not like ‘My child’s going to be gay!”’,2.8,3.7,-0.1,0.3500000000000001,3.612513665001894,3.1104216754507616,-5,1,"{
""valence"": -5,
""arousal"": 1
}",0.006203598921545828,3.584034376721973,3.538742399245917,3.2877485178615444,-5,0,"{
""valence"": -5,
""arousal"": 0
}",0.007800712964876687,3.7113485545452267
emobank_112C-L013_530_542,Real people!,3.62,3.87,0.31,0.435,6.34086151722478,2.54646776160282,8,1,"{
""valence"": 8,
""arousal"": 1
}

The text ""Real",0.0012426971730371602,3.4310332916858832,7.05919793507204,2.988748761495112,8,1,"{
""valence"": 8,
""arousal"": 1
}",0.002125398282898527,3.516502048870839
emobank_NYTnewswire7_135_185,RESPONSIBLE SEAFOOD SALES ARE THE CATCH OF THE DAY,3.5,3.8,0.25,0.3999999999999999,5.175755577513927,2.59220698547339,5,2,"{
""valence"": 5,
""arousal"": 2
}

The text is likely",0.0013087421400103114,3.3774968026804926,5.279605978368724,2.8835477308914177,7,3,"{
""valence"": 7,
""arousal"": 3
}",0.0016865263028182764,3.5993331279186016
emobank_Nathans_Bylichka_53471_53659,"He bashed up a set of stairs set into the side of the wall, and we chased up after him, heading up a huge staircase that seemed to go up for more stories than the building could have held.",2.62,3.75,-0.1899999999999999,0.375,4.608825425132063,3.9957903711815987,5,3,"{
""valence"": 5,
""arousal"": 3
}",0.019431613070862292,3.6145645105119506,4.529118540006869,4.646124721562259,5,6,"{
""valence"": 5,
""arousal"": 6
}",0.018592663325529914,3.7300170125639496
emobank_captured_moments_6209_6225,"""But of course!""",3.57,3.71,0.2849999999999999,0.355,4.7306914962821045,1.5356156260934857,3,1,"{
""valence"": 3,
""arousal"": 1
}",0.0003302745437488402,2.887195608370524,5.279060497070807,1.6880262942066104,5,1,"{
""valence"": 5,
""arousal"": 1
}",0.0006951875511250508,3.090922308607052
emobank_Nathans_Bylichka_54841_54853,Behind you!”,2.8,4.1,-0.1,0.5499999999999998,5.021922116832504,5.7474979376268225,-5,5,"{
""valence"": -5,
""arousal"": 5
}",0.03812519259091914,3.96564034037125,5.13813841447066,6.310572903356343,5,8,"{
""valence"": 5,
""arousal"": 8
}",0.036434143194538915,3.9467066593142976
emobank_easy_money_1285_1350,He set the cup down and looked straight at me for the first time.,3.1,3.7,0.05,0.3500000000000001,4.7910633675146315,2.5168089559808817,0,0,"{
""valence"": 0,
""arousal"": 0
}",0.00214745374942329,3.3337797749986526,5.380938194311744,3.098342374331506,5,3,"{
""valence"": 5,
""arousal"": 3
}",0.005902352338659149,3.597625066526667
emobank_118CWL050_3607_3658,"When you give to Big Sisters, you can get 50% back!",3.4,3.7,0.1999999999999999,0.3500000000000001,5.448058653886436,2.2477234437826876,5,1,"{
""valence"": 5,
""arousal"": 1
}",0.0013282332032928585,3.3480971984442527,6.147336704403303,2.28352904879149,8,1,"{
""valence"": 8,
""arousal"": 1
}",0.0012659056146930175,3.4186736836962623
emobank_defenders5_205_244,This wolf will be running for its life!,3.0,3.8,0.0,0.3999999999999999,4.562893665705083,5.834932495521603,-5,7,"{
""valence"": -5,
""arousal"": 7
}",0.05144864738266366,3.4201617026477376,4.404751309035035,6.527151641000332,-5,8,"{
""valence"": -5,
""arousal"": 8
}",0.028741036610547107,3.6701053998693274
emobank_defenders5_3662_3742,That’s why your special financial support is so important — and urgently needed.,3.11,3.67,0.0549999999999999,0.3349999999999999,5.031175937200957,4.191327338175246,5,3,"{
""valence"": 5,
""arousal"": 3
}

The text is likely",0.03261241238135498,3.4630131397191057,5.886164596525027,4.466237819514276,5,3,"{
""valence"": 5,
""arousal"": 3
}",0.019448112114859157,3.7385020608888833
emobank_Homosexuality_2493_2499,"“sex,”",3.5,3.7,0.25,0.3500000000000001,4.695372366956035,5.219782113881076,0,0,"{
""valence"": 0,
""arousal"": 0
}",0.020804810731035028,3.9946655964476814,4.378181866575928,5.1247272891486615,0,0,"{
""valence"": 0,
""arousal"": 0
}",0.01830026384872172,4.0969091801414725
emobank_Nathans_Bylichka_54804_54840,"Then I heard Nepthys shout, “Nathan!",2.9,3.7,-0.05,0.3500000000000001,5.0189194377840165,4.776553945315622,5,6,"{
""valence"": 5,
""arousal"": 6
}",0.0577705883093038,3.7359351009891943,5.001867197559974,4.841070610794109,5,7,"{
""valence"": 5,
""arousal"": 7
}",0.03163124574967102,4.004204317231345
emobank_cable_spool_fort_4979_4990,"""Time out!""",2.4,3.9,-0.3,0.4499999999999999,3.7564835091984934,4.248676825927657,-3,2,"{
""valence"": -3,
""arousal"": 2
}",0.03722596415915176,3.605792995894667,3.8636249763074852,4.884037374527443,-5,5,"{
""valence"": -5,
""arousal"": 5
}",0.047919795190461856,3.777499048555074
emobank_detroit_707_778,Some of us (and lots of New Yorkers) pay that much in rent every month!,2.7,3.7,-0.1499999999999999,0.3500000000000001,4.6385400756429735,3.8790577255023386,5,3,"{
""valence"": 5,
""arousal"": 3
}

The text is likely",0.011038730057789223,3.7013083296820737,4.6160593390917795,4.0010723924175045,5,3,"{
""valence"": 5,
""arousal"": 3
}",0.010092873930711888,3.933958186915092
emobank_Nathans_Bylichka_51701_51730,"“Listen, man, he’s not there!",2.7,4.0,-0.1499999999999999,0.5,4.602917778015343,4.41636288750607,5,3,"{
""valence"": 5,
""arousal"": 3
}

The text is likely",0.019581253695601705,3.980564798522567,4.100036223554971,4.17989184223693,0,0,"{
""valence"": 0,
""arousal"": 0
}",0.016395786072180826,4.031402701484401
emobank_SemEval_913,Here come the Globes!,3.5,3.8,0.25,0.3999999999999999,5.435133312945539,2.570738032944468,5,1,"{
""valence"": 5,
""arousal"": 1
}",0.0018919209385035417,3.5378071313019905,5.778956439267788,3.203745791460622,8,3,"{
""valence"": 8,
""arousal"": 3
}",0.0036490670966401826,3.7836718026918303
emobank_captured_moments_34149_34268,"She was looking slightly to my left, smiling with trust and satisfaction like one sexually content.",3.63,3.82,0.3149999999999999,0.4099999999999999,5.6311135977000975,3.3768133242071996,5,3,"{
""valence"": 5,
""arousal"": 3
}",0.005491147139979211,3.4685489056982197,5.918973302546875,3.3389198108824623,7,3,"{
""valence"": 7,
""arousal"": 3
}",0.004374346735154131,3.597448023359851
emobank_Madame_White_Snake_7189_7196,"“Lust,”",3.4,3.8,0.1999999999999999,0.3999999999999999,3.514374942096054,5.055518089451746,-5,3,"{
""valence"": -5,
""arousal"": 3
}",0.017355081790211984,3.778603245867849,3.3334021863321137,5.141562192448135,-5,3,"{
""valence"": -5,
""arousal"": 3
}",0.012907426494773748,3.8627319366402433
emobank_SemEval_54,Game on! London exhibition celebrates the history of video games,3.5,3.7,0.25,0.3500000000000001,5.105554454564015,3.29338321159532,0,0,"{
""valence"": 0.5,
""arousal"": 0.5
}",0.001948305779566734,3.5720787258630002,5.23932880877627,3.648400259883167,8,5,"{
""valence"": 8,
""arousal"": 5
}",0.0025282467424084373,3.703390717662552
emobank_united1_1334_1467,"Offer is first-come, first-served and at this incredibly low rate, cabins are sure to sell out quickly, so call 1-800-822-2841 today!",3.6,3.7,0.3,0.3500000000000001,5.784771970788316,4.899157001506745,7,5,"{
""valence"": 7,
""arousal"": 5
}",0.014045867191378151,3.818017860276235,6.129943664510347,5.289762628126121,8,5,"{
""valence"": 8,
""arousal"": 5
}",0.010323954078782697,3.948420429461093
emobank_Fermentation_Eminent-Domain_5129_5331,"I'd be pissed that I'm forced now to put a place-name on my label that told my buyers nothing of real value about the wine behind my label and, in some cases, demonstrably lowered its perceived quality.",2.4,3.7,-0.3,0.3500000000000001,3.5033258288730487,5.180340396787071,-5,7,"{
""valence"": -5,
""arousal"": 7
}",0.02346869410377293,3.76663156082456,3.7166989477787866,5.248988990139693,-5,7,"{
""valence"": -5,
""arousal"": 7
}",0.020871876466994902,3.8900192950934573
emobank_captured_moments_35640_35817,"Most of his story I have pieced together since, but I understood enough as I knelt on his chest with my hands tight on his fleshy throat.",2.44,3.67,-0.28,0.3349999999999999,5.040203264657633,6.298275271766182,-5,7,"{
""valence"": -5,
""arousal"": 7
}",0.022197706294811378,3.719253963870019,5.18611195970679,6.296215382044061,5,7,"{
""valence"": 5,
""arousal"": 7
}",0.02039421010775184,3.9125712540615316
emobank_Homosexuality_12475_12505,‘My child’s going to be gay!”’,3.0,4.12,0.0,0.56,4.87796620436285,5.297619897673541,5,7,"{
""valence"": 5,
""arousal"": 7
}

Note: The val",0.026235388889192374,3.838697213885044,4.99755827860607,4.839145871964407,5,3,"{
""valence"": 5,
""arousal"": 3
}",0.02279667863254381,4.034509354357607
emobank_Uprooted_Bike_4508_4524,Then keep going!,3.17,4.16,0.0849999999999999,0.5800000000000001,3.72622901538685,2.1851018762316174,1,1,"{
""valence"": 1,
""arousal"": 1
}",0.002000983206928913,3.3761260476454003,4.0429403426282295,2.660742065340575,1,1,"{
""valence"": 1,
""arousal"": 1
}",0.005514332142477895,3.6441038108255372
emobank_detroit_17039_17149,"A $1,000 house, which could be fixed up into maybe a $30-40,000 house comes with a tax bill of $4-6K per year!",2.8,3.8,-0.1,0.3999999999999999,3.0377566259662063,5.107267797413544,-5,3,"{
""valence"": -5,
""arousal"": 3
}

The valence of",0.009659261116510165,3.6592511145806528,2.923022012666296,5.148782593422238,-5,3,"{
""valence"": -5,
""arousal"": 3
}",0.005902331336013237,3.6903384623405997
emobank_Nathans_Bylichka_51878_51937,"Even if you did find this vampire cat, he’d tear you apart!",2.7,3.7,-0.1499999999999999,0.3500000000000001,2.867298398686628,4.959316676861895,-5,3,"{
""valence"": -5,
""arousal"": 3
}",0.025121963404868348,3.657217841558928,2.7058146774412624,4.356510458293588,-5,0,"{
""valence"": -5,
""arousal"": 0
}",0.01568477935261679,3.753125928907501
emobank_hsus4_3962_4057,Please help us carry this message to others so that animal cruelty and abuse can be eliminated.,2.4,3.8,-0.3,0.3999999999999999,5.967858702204534,3.7111465280822937,8,5,"{
""valence"": 8,
""arousal"": 5
}

The text is likely",0.005349012834373764,3.693631201473385,6.950006347531809,4.077507136733923,9,5,"{
""valence"": 9,
""arousal"": 5
}",0.004148653552162059,3.6384172909526313
emobank_20020731-nyt_34639_34650,Excellence.,3.5,3.7,0.25,0.3500000000000001,6.4906243839471305,2.7945283967622654,7,3,"{
""valence"": 7,
""arousal"": 3
}",0.0007841740713387931,3.2931827527582556,7.335776953687357,3.4176019771319566,8,3,"{
""valence"": 8,
""arousal"": 3
}",0.0011411726414522771,3.41759802944606
emobank_captured_moments_24869_24876,"""Emil!""",3.4,3.7,0.1999999999999999,0.3500000000000001,5.7516578111062255,3.292490621523254,5,3,"{
""valence"": 5,
""arousal"": 3
}",0.013386355352544803,3.6051846082119328,5.8945619187300915,3.6835281389266155,5,3,"{
""valence"": 5,
""arousal"": 3
}",0.01892965066773883,3.7868125119967995
emobank_captured_moments_21658_21733,"She screamed, ""I haven't socialized with Terra's elite for most of my life!",2.4,4.2,-0.3,0.6000000000000001,4.5203545200656645,5.628220818711141,-5,7,"{
""valence"": -5,
""arousal"": 7
}

The text is likely",0.029618074188477353,3.703814429130547,4.303193941710353,5.549256735129072,-5,7,"{
""valence"": -5,
""arousal"": 7
}",0.020192033603248557,3.920957049780004
emobank_Nathans_Bylichka_9223_9267,"I stopped and looked back at him, surprised.",3.0,3.8,0.0,0.3999999999999999,4.115463288016902,2.6464189589964744,3,2,"{
""valence"": 3,
""arousal"": 2
}",0.001879268026342447,3.167246328962849,4.3370788600516565,2.888114102189545,3,2,"{
""valence"": 3,
""arousal"": 2
}",0.005091936689530065,3.342272166809026
emobank_NYTnewswire4_2523_2590,"""and he said he felt like he was having an out-of-body experience.""",2.9,3.7,-0.05,0.3500000000000001,5.162019238174965,4.338113081528873,5,3,"{
""valence"": 5,
""arousal"": 3
}",0.03109789290985812,3.401779808119006,5.004380325855475,4.706411658464702,5,3,"{
""valence"": 5,
""arousal"": 3
}",0.03649856291400792,3.7376874743739177
emobank_appalachian1_113_210,IT AUTHORIZES YOU TO START ENJOYING AMC’S OUTDOOR ACTIVITIES IMMEDIATELY!,3.57,4.0,0.2849999999999999,0.5,7.370840309834128,4.072523346119919,8,5,"{
""valence"": 8,
""arousal"": 5
}",0.003935496747703721,3.620062631106372,8.133058398134112,4.457981970382233,9,1,"{
""valence"": 9,
""arousal"": 1
}",0.0019312554926292922,3.2733475896965576
emobank_Nathans_Bylichka_58041_58059,"“My fuckin’ hero,”",3.5,3.9,0.25,0.4499999999999999,6.85029254686827,5.467140644690617,8,7,"{
""valence"": 8,
""arousal"": 7
}",0.015303871332212792,3.7470190580749203,7.367958562913973,5.336005043954776,8,5,"{
""valence"": 8,
""arousal"": 5
}",0.01053485409935335,3.707188341044054
emobank_A_defense_of_Michael_Moore_4532_4590,"Still think fucking with the U.S. was a good idea, Sammy?""",2.5,4.13,-0.25,0.565,3.3991956115287865,5.167301215302063,-5,3,"{
""valence"": -5,
""arousal"": 3
}",0.027826990515480467,3.694206406317704,3.0540121753517453,4.678589792461023,-5,0,"{
""valence"": -5,
""arousal"": 0
}",0.016699882544981687,3.7670126083785935
emobank_lw1_539_585,"""Tarrin says the planet's a freaking gemstone!",3.64,4.09,0.32,0.5449999999999999,6.102633320142697,4.599234892546137,7,5,"{
""valence"": 7,
""arousal"": 5
}",0.011531405198642696,3.7358643862684215,6.031780061562632,4.740968073917455,8,5,"{
""valence"": 8,
""arousal"": 5
}",0.008332220999349453,3.974818044921493
emobank_Nathans_Bylichka_51839_51859,"“Don’t do this, kid!",2.36,4.09,-0.32,0.5449999999999999,3.968037922169334,4.790384696008697,5,5,"The affective response that this text is likely to evoke in an average human reader is likely to be negative, with a",0.01891548506623459,3.8617641198091404,3.516960941705034,5.373192385887975,-3,5,"{
""valence"": -3,
""arousal"": 5
}",0.016745926579272524,3.8941835614443074
emobank_Nathans_Bylichka_37808_37815,“What!”,3.1,3.8,0.05,0.3999999999999999,4.836932623172317,6.063220838796127,-5,5,"{
""valence"": -5,
""arousal"": 5
}",0.06150189331062166,3.77453180233003,4.085671301858609,6.251161615428372,-5,5,"{
""valence"": -5,
""arousal"": 5
}",0.04320124654291827,3.883806474798858
emobank_detroit_13679_13703,You gotta be kidding me!,2.7,3.9,-0.1499999999999999,0.4499999999999999,4.295902196545781,5.291903089449875,-5,5,"{
""valence"": -5,
""arousal"": 5
}",0.05283709918468964,3.7163745862451827,3.5063447126280427,5.5883931286332285,-5,5,"{
""valence"": -5,
""arousal"": 5
}",0.03300087347180285,3.8274584854634086
emobank_Nathans_Bylichka_51627_51648,"I have to hurry, too!",2.62,4.0,-0.1899999999999999,0.5,3.285196414516414,2.6773428343428463,2,3,"{
""valence"": 2,
""arousal"": 3
}",0.002947737433097089,3.251303452051351,3.4408275276502294,3.860756781373076,2,3,"{
""valence"": 2,
""arousal"": 3
}",0.016123261948014826,3.5753061041475314
emobank_captured_moments_18270_18325,He's had shows in Brazil and New Madrid and everywhere!,3.6,3.8,0.3,0.3999999999999999,6.254667458651276,3.0950740699415515,7,3,"{
""valence"": 7,
""arousal"": 3
}",0.0016600371282888252,3.414235237116457,6.606510559433864,3.370461574722886,8,5,"{
""valence"": 8,
""arousal"": 5
}",0.0015463501505423994,3.513484763639534
emobank_How_soon-Fans_1597_1689,"Now, let's take a look at what the Friday's FanWoody Facebook page looks like today: Whoops!",3.13,3.75,0.0649999999999999,0.375,3.241814794729954,2.5383863316042286,2,1,"{
""valence"": 2,
""arousal"": 1
}

The text is likely",0.003907118261227074,3.4182345444413764,3.2799177426168247,2.823000573209394,2,3,"{
""valence"": 2,
""arousal"": 3
}",0.006089957429729422,3.6030189460163506
emobank_110CYL072_836_851,Goodwill works.,3.87,3.25,0.435,0.125,5.306216282974629,1.8181434627313289,7,1,"{
""valence"": 7,
""arousal"": 1
}",0.000223864534878962,3.1212848442023544,5.961670656652139,1.9559084022067967,8,1,"{
""valence"": 8,
""arousal"": 1
}",0.00023072993843253415,3.2639373986841225
emobank_detroit_16391_16421,I find this topic fascinating.,3.91,3.37,0.455,0.185,5.095756574134757,2.632449643773241,5,2,"{
""valence"": 5,
""arousal"": 2
}",0.0007720872295556868,3.290608098522603,5.587781031216715,3.5042317200962105,8,3,"{
""valence"": 8,
""arousal"": 3
}",0.0046846263428503366,3.605167810214201
emobank_The_Black_Willow_16538_16592,"""This is one of the strongest works I've read in ages.",3.8,3.5,0.3999999999999999,0.25,8.232618145459112,5.5722831812713896,9,5,"{
""valence"": 9,
""arousal"": 5
}",0.0015424078132229857,2.9167166942906744,8.490996735589082,6.251796808758635,9,8,"{
""valence"": 9,
""arousal"": 8
}",0.0012035668422299623,2.663470609674295
emobank_hotel-california_6697_6746,The accompanying bottle of wine was a nice touch.,3.75,3.0,0.375,0.0,3.1999428823013516,1.7007130868128317,3,1,"{
""valence"": 3,
""arousal"": 1
}",0.0001029669104684342,2.6111736164682315,3.8252546517210564,1.7888656270860193,3,1,"{
""valence"": 3,
""arousal"": 1
}",0.00015724641844775742,2.866009067469927
emobank_alumnifund1_2049_2066,"With best wishes,",3.8,3.1,0.3999999999999999,0.05,5.746334811575024,2.1155361312424334,7,1,"{
""valence"": 7,
""arousal"": 1
}

The text ""With",0.0006524333657941943,3.268036959653877,6.301234470531316,2.450658078822751,8,2,"{
""valence"": 8,
""arousal"": 2
}",0.0009289386669471848,3.468522007029762
emobank_marine1_1448_1698,"At a price nearly half off the regular membership dues, you will receive a host of member benefits (more on these in a moment)_and, far more important the satisfaction of actually doing something to improve the ocean world we pass on to our children.",3.75,3.5,0.375,0.25,5.831254995264261,3.136749919985992,7,3,"{
""valence"": 7,
""arousal"": 3
}",0.0033300870377086624,3.5283297938000517,6.639744321492582,3.2513430108779238,8,3,"{
""valence"": 8,
""arousal"": 3
}",0.0021593421310043526,3.625476655909147
emobank_detroit_11417_11443,I love what you are doing.,4.3,3.6,0.6499999999999999,0.3,6.880022629088363,2.141619117825331,8,2,"{
""valence"": 8,
""arousal"": 2
}",0.00019412947179763682,3.1539411653521627,8.48435110302127,2.320641128483267,9,1,"{
""valence"": 9,
""arousal"": 1
}",0.00014684220686256522,2.2926454942818926
emobank_Nathans_Bylichka_42891_42959,"Good, round breasts, too, even though they’re small, they suit her.”",3.75,3.62,0.375,0.31,4.286753885947205,2.0998813928268416,4,2,"{
""valence"": 4,
""arousal"": 2
}",0.0006572317419674874,3.123685924862603,4.675928495862527,2.153660222906637,4,2,"{
""valence"": 4,
""arousal"": 2
}",0.0009275090181782618,3.307793938931725
emobank_captured_moments_5855_5869,"""It amuses me.",3.8,3.4,0.3999999999999999,0.1999999999999999,4.751113828947475,2.252268106629906,5,2,"{
""valence"": 5,
""arousal"": 2
}",0.0010225064098498492,3.0775294649068043,4.669841489460022,2.355759794243923,3,2,"{
""valence"": 3,
""arousal"": 2
}",0.0014866204034596142,3.166169644089262
emobank_captured_moments_28271_28282,"Thank you!""",3.88,3.62,0.4399999999999999,0.31,5.10298033770752,1.4889509584230618,3,1,"{
""valence"": 3,
""arousal"": 1
}",0.00017597740980438174,2.8736244930539145,6.50541725515024,1.6008721320640635,9,1,"{
""valence"": 9,
""arousal"": 1
}",0.00018120503426558571,2.7495670423702046
emobank_Nathans_Bylichka_14994_15019,"“You’re a wonder, Dvorov.",3.86,3.43,0.4299999999999999,0.215,7.257148384307972,4.256825631524597,8,5,"{
""valence"": 8,
""arousal"": 5
}",0.0018451794944507676,3.4280816158497434,7.894325994316383,4.731617169393248,8,5,"{
""valence"": 8,
""arousal"": 5
}",0.0015637819565930684,3.3858971028985296
emobank_112C-L016_1198_1314,Thank you for considering this opportunity to make this a memorable holiday season for a family in need.,3.78,3.22,0.3899999999999999,0.1100000000000001,5.476726653231809,2.5885504143685982,8,2,"{
""valence"": 8,
""arousal"": 2
}",0.0008685542016289842,3.4394806140345042,6.6583141646720385,3.102280188400519,8,3,"{
""valence"": 8,
""arousal"": 3
}",0.0010235319915537608,3.506064988479558
emobank_hotel-california_11508_11531,"It was nice, I decided.",3.88,3.38,0.4399999999999999,0.1899999999999999,3.6706904543470436,1.5174520954678365,3,1,"{
""valence"": 3,
""arousal"": 1
}",8.920288322771613e-05,2.643802265612023,4.227578417046772,1.6438343725841,3,1,"{
""valence"": 3,
""arousal"": 1
}",0.00010907915015300342,2.8552957765236253
emobank_117CWL009_722_975,"As a sponsor, you and your guests will have a special evening, knowing that your tax deductible contribution will help support preschool, childcare, senior and resettlement services, as well as quality cultural events in our community.",3.67,3.44,0.3349999999999999,0.2199999999999999,5.12183236635428,2.4497062985563387,6,2,"{
""valence"": 6,
""arousal"": 2
}

The text is likely",0.0007926324509101579,3.274554293932031,5.7035691789201755,2.761846462070508,8,3,"{
""valence"": 8,
""arousal"": 3
}",0.001121351546185951,3.4630939299562233
emobank_118CWL050_2047_2151,I am very thankful to the Big Sisters program for allowing me this very special opportunity.,4.0,3.1,0.5,0.05,6.0695637288082365,2.098912479944332,8,2,"{
""valence"": 8,
""arousal"": 2
}",0.0002215905701402999,3.2231422616286727,7.51340887689358,2.2233080226179682,9,1,"{
""valence"": 9,
""arousal"": 1
}",0.0001928914123500279,2.980200248575887
emobank_How_soon-Fans_451_506,"Sure, it's great having several hundred thousands fans.",3.75,3.63,0.375,0.3149999999999999,4.8605353399523565,2.5112497492056605,5,2,"{
""valence"": 5,
""arousal"": 2
}

The text is likely",0.001105520439969865,3.432856965980098,5.674088084222199,2.9161627019441525,7,3,"{
""valence"": 7,
""arousal"": 3
}",0.001693986648209351,3.6830111138444375
emobank_NWF1_630_741,These images will be cheerful reminders to you and your gift recipients of all the wildlife treasures we value.,3.75,3.38,0.375,0.1899999999999999,4.207790225361441,1.7894132575935149,3,1,"{
""valence"": 3,
""arousal"": 1
}",0.000328023571634247,3.063928185070495,5.0153215805612,1.9796620782033463,3,1,"{
""valence"": 3,
""arousal"": 1
}",0.0003648432236044929,3.310317603709376
emobank_captured_moments_33213_33222,I smiled.,3.9,3.2,0.4499999999999999,0.1,2.910855212589928,1.6327420106117905,3,1,"{
""valence"": 3,
""arousal"": 1
}",0.0001592359565390808,2.6500122860335282,2.5462254511060536,1.573851869845154,1,0,"{
""valence"": 1,
""arousal"": 0
}",0.00011284295982903277,2.491929405730549
emobank_SemEval_1254,Gray wolves off endangered list,3.67,3.33,0.3349999999999999,0.165,4.551317206845006,2.882956326781718,0,0,"{
""valence"": 0.5,
""arousal"": 0.5
}",0.0012321079129018822,3.655690355454265,5.285773656657208,2.8305568336665297,0,0,"{
""valence"": 0.5,
""arousal"": 0.5
}",0.0007936655288448526,3.7055133999780643
emobank_captured_moments_23385_23397,She giggled.,3.9,3.4,0.4499999999999999,0.1999999999999999,3.3651373294624602,2.05702647201461,3,2,"{
""valence"": 3,
""arousal"": 2
}",0.0002846324145442022,2.4490545522171288,3.3296115054865125,2.3189822495677466,3,2,"{
""valence"": 3,
""arousal"": 2
}",0.0004559735708074082,2.5409536432424566
emobank_Nathans_Bylichka_32524_32559,There’s an amazing DJ who’s an elf.,3.75,2.75,0.375,-0.125,6.632998949310567,3.189657521109579,8,3,"{
""valence"": 8,
""arousal"": 3
}",0.0007199603676955762,3.331157801602409,7.207052286927658,3.55793084843491,8,3,"{
""valence"": 8,
""arousal"": 3
}",0.0007663911907920104,3.352812596260538
emobank_114CUL057_921_1001,"We'll prepare a hog roast and hot dogs for the kids, with all the fixings.",3.8,3.5,0.3999999999999999,0.25,5.429825071137821,3.053746569694584,7,3,"{
""valence"": 7,
""arousal"": 3
}",0.0016517734537809157,3.416539780716468,5.476605526789866,3.3040244033917485,7,3,"{
""valence"": 7,
""arousal"": 3
}",0.0026733023894167864,3.581915789017264
emobank_captured_moments_24374_24410,"""Ah, she is wonderfully perceptive.""",3.8,3.3,0.3999999999999999,0.1499999999999999,5.711882490786864,1.8375449333359468,8,2,"{
""valence"": 8,
""arousal"": 2
}",0.00010245217622916382,3.0813175939743354,6.685806894457457,1.8026550467673101,8,1,"{
""valence"": 8,
""arousal"": 1
}",7.812973441011859e-05,2.9581693265648035
emobank_aspca1_1668_1695,Astro was wagging his tail.,3.78,3.56,0.3899999999999999,0.28,3.051041935869033,1.8036524987826932,1,0,"{
""valence"": 1,
""arousal"": 0
}

The text is likely",0.00024789459348255593,3.0196956334758185,3.57503081744445,2.1649966746884135,1,0,"{
""valence"": 1,
""arousal"": 0
}",0.0007718852188414205,3.385176099685364
emobank_Seedbombing_6528_6555,It makes me a little nicer.,3.8,3.3,0.3999999999999999,0.1499999999999999,2.830423057781176,1.542360280655833,2,1,"{
""valence"": 2,
""arousal"": 1
}",0.00011204039786455062,2.5532661315833494,2.6569682922928806,1.5913565892365353,2,1,"{
""valence"": 2,
""arousal"": 1
}",9.38416617670266e-05,2.6225596440625494
emobank_Nathans_Bylichka_3714_3798,"After she paid the driver, she grabbed my arm, laughing, and we ran down the street.",3.88,3.63,0.4399999999999999,0.3149999999999999,5.111532074509122,3.558660268124235,5,3,"{
""valence"": 5,
""arousal"": 3
}",0.006268437364552959,3.500679499327177,5.827441465513375,4.380213841601768,8,5,"{
""valence"": 8,
""arousal"": 5
}",0.012908675658897107,3.739815682936135
emobank_detroit_8590_8679,You are exactly the kind of person who gives me back the hope I lost on my way into town.,3.8,3.5,0.3999999999999999,0.25,6.34753782333138,2.996466203551238,8,3,"{
""valence"": 8,
""arousal"": 3
}",0.0013606066296841881,3.454896860310535,7.107169940851746,3.4095427315529716,8,3,"{
""valence"": 8,
""arousal"": 3
}",0.0025344657426304377,3.5761949626101983
emobank_captured_moments_26947_27027,He spoke of his art with the enthusiasm of a seven-year-old.,3.8,3.5,0.3999999999999999,0.25,5.0770055324984735,2.72370703270426,5,2,"{
""valence"": 5,
""arousal"": 2
}",0.0017413084414945837,3.556144548082997,5.901824330099872,3.9891331659470115,8,5,"{
""valence"": 8,
""arousal"": 5
}",0.006824826904820698,3.863243865727076
emobank_wildelifewatch1_2856_2998,It’s our FREE gift to you for joining now and a charming reminder that your support helps NWF protect valuable wildlife species like this one.,3.9,3.4,0.4499999999999999,0.1999999999999999,4.748882669386014,2.1364341329970973,3,1,"{
""valence"": 3,
""arousal"": 1
}

The text is likely",0.0008071913381305607,3.413632907855394,5.545927239346199,2.3517499379495406,8,2,"{
""valence"": 8,
""arousal"": 2
}",0.001120126577853799,3.5761666392266735
emobank_SemEval_1313,"Start late, retire rich",3.8,3.2,0.3999999999999999,0.1,5.4990640388092435,3.2909833166283167,7,3,"{
""valence"": 7,
""arousal"": 3
}

The text ""Start",0.004221025392664109,3.5540192327132085,5.713307687209366,3.2590359171752916,7,3,"{
""valence"": 7,
""arousal"": 3
}",0.003116508347137648,3.6749965534474844
emobank_SemEval_95,Full recovery expected for marathon winner,3.9,3.3,0.4499999999999999,0.1499999999999999,5.124168159524536,2.6618001720144693,0,0,"{
""valence"": 0.5,
""arousal"": 0.5
}",0.0009714711392485909,3.68754222032998,6.056158843754586,2.7541660413813718,0,0,"{
""valence"": 0.8,
""arousal"": 0.5
}",0.0007914468178562802,3.658784527592648
emobank_Nathans_Bylichka_28170_28230,“That such a rock could hold so much magic – it’s a wonder.”,3.67,3.5,0.3349999999999999,0.25,5.906042838476013,3.3149542791362205,8,3,"{
""valence"": 8,
""arousal"": 3
}",0.0017202074863090233,3.4820900877514873,6.4173127984206815,3.4013058267888976,8,3,"{
""valence"": 8,
""arousal"": 3
}",0.0013131894199109853,3.4220430700218802
emobank_113CWL018_952_1022,Your contribution last year of helped us get where we are today.,3.9,3.1,0.4499999999999999,0.05,5.421393885445454,2.314762351719707,7,3,"{
""valence"": 7,
""arousal"": 3
}

The text is likely",0.000640982526111847,3.232602277970735,6.438882734402231,2.3185103140152017,8,2,"{
""valence"": 8,
""arousal"": 2
}",0.0004275594679729904,3.2186688521288422
emobank_guidedogs1_2884_3066,“Sometimes you never see the good work your money does. I see the results... the guide does I’ve helped sponsor dramatically improve the lives of the men and women who receive them.”,3.7,3.2,0.3500000000000001,0.1,6.5942977923740695,2.9350985927973845,8,3,"{
""valence"": 8,
""arousal"": 3
}",0.0009867162117097165,3.3363912683191868,7.094144282431651,2.9321335045680033,8,3,"{
""valence"": 8,
""arousal"": 3
}",0.0008878935645039537,3.3325489488397393
emobank_hotel-california_16366_16382,“But I like it.”,3.9,3.0,0.4499999999999999,0.0,3.8528264423029337,1.6269166059654843,3,1,"{
""valence"": 3,
""arousal"": 1
}",0.00019080626362404397,2.9065363038137106,4.2155565762599165,1.9923622723008576,3,1,"{
""valence"": 3,
""arousal"": 1
}",0.0004653214478197981,3.298171950757874
emobank_SemEval_866,Ferrer victorious in Spanish duel,3.67,3.33,0.3349999999999999,0.165,5.072053535790004,3.45951909825119,7,3,"{
""valence"": 7,
""arousal"": 3
}",0.00283928509480117,3.538133113801645,5.333077942268498,3.6014735564788416,7,5,"{
""valence"": 7,
""arousal"": 5
}",0.0026670922077736037,3.768100161384716
emobank_easy_money_3727_3752,It never failed to amaze.,4.0,3.25,0.5,0.125,6.117951323843419,3.1181890496775164,8,3,"{
""valence"": 8,
""arousal"": 3
}",0.0017267030221672106,3.5038327663371596,6.814170729856746,3.4863847684149585,8,3,"{
""valence"": 8,
""arousal"": 3
}",0.0021129982256650253,3.494209864430815
emobank_SemEval_76,Active peace brings the promise of development,3.78,3.22,0.3899999999999999,0.1100000000000001,4.52852345566998,2.245888107264354,3,2,"{
""valence"": 3,
""arousal"": 2
}",0.0004284558334731254,3.355423861963694,5.237451910805294,2.408182533173272,8,2,"{
""valence"": 8,
""arousal"": 2
}",0.0007230859532641304,3.4840554384682374
emobank_SemEval_26,Three found alive from missing Russian ship -report,3.86,3.57,0.4299999999999999,0.2849999999999999,5.118165053883738,3.648495984361031,0,3,"{
""valence"": 0,
""arousal"": 3
}

The valence of",0.008485193665085444,3.54460882476306,5.628329235622498,3.5789373493213965,7,5,"{
""valence"": 7,
""arousal"": 5
}",0.004569032259121241,3.5883583772291248
emobank_WhereToHongKong_52232_52435,"Browsing is a real pleasure in Macau’s main streets and byways, where shops aimed at the tourist market are interspersed with the more workaday ironmongers, herbalists, and noodle stalls.",3.86,3.43,0.4299999999999999,0.215,5.308316241328772,2.3705382199171474,7,3,"{
""valence"": 7,
""arousal"": 3
}",0.00030494776391027186,3.3227746743156534,5.978818129254615,2.6457343112357887,8,3,"{
""valence"": 8,
""arousal"": 3
}",0.0002822780452439108,3.3137244292318404
emobank_WhereToHongKong_31275_31516,"Down to earth, the Sha Tin Racecourse can accommodate over 80,000 spectators and is equipped with every imaginable luxury, including a giant video screen facing the stands, and for the horses, air-conditioned stables.",3.75,3.63,0.375,0.3149999999999999,5.619042647075713,3.2218405332885163,0,0,"{
""valence"": 0.5,
""arousal"": 0.5
}",0.0021711231479518214,3.5063083539305606,5.900558236730443,3.4494571046354863,0,0,"{
""valence"": 0.5,
""arousal"": 0.5
}",0.0019311613623822109,3.5729948401122607
emobank_littleshelter2_504_553,And then we’ll work to find loving homes for them,3.7,3.5,0.3500000000000001,0.25,5.541778993396813,2.271714948645745,8,2,"{
""valence"": 8,
""arousal"": 2
}",0.0004971049534390648,3.332989165992001,6.253347011869453,2.4574531005422053,8,2,"{
""valence"": 8,
""arousal"": 2
}",0.0007642766657598257,3.4269322791368513
emobank_WhereToHongKong_43429_43625,"Also in front of the ferry terminal is a new Cyber fountain, with 86 water spouts that shoot up to 70 m (230 ft) and are illuminated at night by 288 spotlights producing 80 colors.",3.7,3.6,0.3500000000000001,0.3,5.775570270268561,3.7969180551554143,7,5,"{
""valence"": 7,
""arousal"": 5
}",0.004605187822117347,3.6301680961770355,6.016096465469697,4.330703793903035,8,5,"{
""valence"": 8,
""arousal"": 5
}",0.004321784611511407,3.6995261351710944
emobank_wsj_0120_4316_4362,"""We're gaining 1,200 new customers each week,""",3.89,3.44,0.445,0.2199999999999999,4.93212640534314,2.7193368408903247,0,0,"{
""valence"": 0.5,
""arousal"": 0.5
}",0.0008449139575274959,3.5880127152105064,5.8022058990438135,3.0676523817355683,0,0,"{
""valence"": 0.5,
""arousal"": 0.5
}",0.0009450623695585951,3.7033676737072017
emobank_WhereToHongKong_35238_35354,"A Trappist monastery, situated on a hillside overlooking the east coast of Lantau, is also open to visitors.",3.67,3.17,0.3349999999999999,0.0849999999999999,4.713584986212874,2.080280181589467,0,0,"{
""valence"": 0.5,
""arousal"": 0.2
}",0.0003460702847982009,3.285298517164948,5.273592059548328,2.3604718835007494,0,0,"{
""valence"": 0.5,
""arousal"": 0.2
}",0.00036442613829763755,3.4433364548692103
emobank_captured_moments_22242_22253,She smiled.,4.0,3.5,0.5,0.25,3.465524561271174,1.7348411045221406,3,1,"{
""valence"": 3,
""arousal"": 1
}",0.000211219017960964,2.7789067097957614,3.943182916236844,1.7203070346701708,3,1,"{
""valence"": 3,
""arousal"": 1
}",0.00019303498395711993,2.8781868610491865
emobank_Nathans_Bylichka_12638_12684,"“Nice, my man,” he said as they clasped hands.",3.73,3.09,0.365,0.0449999999999999,4.8417988255451,1.963844601522452,3,1,"{
""valence"": 3,
""arousal"": 1
}",0.00037226377544465934,3.1582211967690443,5.445010714382317,2.2647053232080454,3,1,"{
""valence"": 3,
""arousal"": 1
}",0.0007978519108351866,3.313487769338095
emobank_Madame_White_Snake_8560_8606,Wouldn’t that be wonderful?”,3.8,3.6,0.3999999999999999,0.3,6.16522506505714,2.5400458527435807,8,2,"{
""valence"": 8,
""arousal"": 2
}",0.0006823318122136376,3.4526240368410246,7.250615453699366,3.0053027786648836,8,2,"{
""valence"": 8,
""arousal"": 2
}",0.0008783570354614964,3.477282990169092
emobank_The_Black_Willow_5305_5425,"""I had a perfect story in my pages; my hero returned home and reclaimed his love, I nearly had it tied together before…""",3.7,3.6,0.3500000000000001,0.3,6.058580986581354,4.129491352714613,7,5,"{
""valence"": 7,
""arousal"": 5
}",0.00949666244518395,3.380602439979664,5.895459640225362,4.011248156023774,8,5,"{
""valence"": 8,
""arousal"": 5
}",0.0075049662865337985,3.5588936118418917
emobank_The_Black_Willow_9599_9620,"""Yes, it is finished!",3.8,3.6,0.3999999999999999,0.3,6.83995613178153,3.2821162221674944,8,2,"{
""valence"": 8,
""arousal"": 2
}

The text is likely",0.002264455875193951,3.6033118973888776,7.243542417585229,3.331703510106684,8,3,"{
""valence"": 8,
""arousal"": 3
}",0.0023434933833859006,3.5275495267125647
emobank_captured_moments_22417_22430,"""I love you.""",4.1,3.8,0.5499999999999998,0.3999999999999999,8.673704140355992,2.443236279592622,9,1,"{
""valence"": 9,
""arousal"": 1
}",0.0001539016155020974,2.2423653191857427,8.883578319928233,2.38843002355169,9,1,"{
""valence"": 9,
""arousal"": 1
}",7.235547804908016e-05,1.795021206437318
emobank_Nathans_Bylichka_3531_3576,Even the city feels alive when spring comes.”,3.8,3.8,0.3999999999999999,0.3999999999999999,4.3575531230671904,2.730136968624139,4,2,"{
""valence"": 4,
""arousal"": 2
}",0.0007431912828042795,3.281095101652242,4.412827709795078,3.048668574126081,4,3,"{
""valence"": 4,
""arousal"": 3
}",0.0010845795619141882,3.414444542726656
emobank_115CVL036_1742_1858,We're at an exciting juncture and it won't be long until we start seeing solid results from our efforts.,3.8,3.7,0.3999999999999999,0.3500000000000001,5.103424720175542,3.51137527683469,5,3,"{
""valence"": 5,
""arousal"": 3
}",0.007051939047603666,3.2965858738268055,5.572477667925056,4.162956316188055,7,5,"{
""valence"": 7,
""arousal"": 5
}",0.012921150315205514,3.4969366917587053
emobank_Fermentation_Eminent-Domain_4473_4487,I love it Tom.,4.11,3.78,0.5550000000000002,0.3899999999999999,6.960563527495219,2.120088204100912,8,1,"{
""valence"": 8,
""arousal"": 1
}",0.00035092111536528424,3.183745239414768,8.346468642539447,2.3683190653012387,9,1,"{
""valence"": 9,
""arousal"": 1
}",0.0003240107026668895,2.48911072910632
emobank_SemEval_759,News Baby pandas! Baby pandas! Baby pandas!,4.33,4.22,0.665,0.6099999999999999,6.982488935018812,3.567263570665524,8,3,"{
""valence"": 8,
""arousal"": 3
}",0.0021673310661269357,3.713027228134438,7.513094194507279,3.543490201569755,9,1,"{
""valence"": 9,
""arousal"": 1
}",0.0014563173812198002,3.5259320437447914
emobank_audubon2_4069_4176,"P.S. On behalf of everyone here at the National Audubon Society, we look forward to saying, “Welcome back!”",3.7,3.7,0.3500000000000001,0.3500000000000001,4.167056496408497,1.7718236448224467,3,1,"{
""valence"": 3,
""arousal"": 1
}",0.0004219791811911783,3.240254192323153,5.110082397106182,2.0397991538221945,1,1,"{
""valence"": 1,
""arousal"": 1
}",0.0006017785453606688,3.427285839572309
emobank_hotel-california_5023_5072,"“Honey,” she said, “You're going to be delighted.",4.11,3.67,0.5550000000000002,0.3349999999999999,6.162626882182712,2.885002844241391,8,2,"{
""valence"": 8,
""arousal"": 2
}",0.0023370799615675454,3.566657373948578,6.480712354971183,2.9751807600471945,8,2,"{
""valence"": 8,
""arousal"": 2
}",0.0026380487439376307,3.6403536762322966
emobank_20020731-nyt_22221_22257,every day full of joy and energized.,3.83,3.67,0.415,0.3349999999999999,7.756679211357463,3.694682501699908,9,1,"{
""valence"": 9,
""arousal"": 1
}",0.002746594269653052,3.38234667671902,8.703755003117799,5.539826250409801,9,5,"{
""valence"": 9,
""arousal"": 5
}",0.003068689028636657,2.5747870456226085
emobank_littleshelter2_1448_1478,Happy Holidays from all of us!,4.37,4.37,0.685,0.685,6.437529849682697,1.8888882628275967,9,1,"{
""valence"": 9,
""arousal"": 1
}",0.00024031867534883734,3.155434057531472,7.465249108300336,1.9795665657160488,9,1,"{
""valence"": 9,
""arousal"": 1
}",0.00022964352480588164,2.691822382487158
emobank_NWF1_5357_5367,Thank you!,4.0,3.7,0.5,0.3500000000000001,4.356625842530836,1.3814839994225965,3,1,"{
""valence"": 3,
""arousal"": 1
}",0.0001280743885807132,2.613390860021046,5.960148467830914,1.5439792088326552,3,1,"{
""valence"": 3,
""arousal"": 1
}",0.0001844627776170677,2.8210577473913943
emobank_Seedbombing_5247_5258,Loved this!,4.2,3.8,0.6000000000000001,0.3999999999999999,8.348243073794631,2.297353489437274,9,1,"{
""valence"": 9,
""arousal"": 1
}",0.0002829652026482305,2.488429792190792,8.833429930388252,2.552414156092782,9,1,"{
""valence"": 9,
""arousal"": 1
}",0.00027474024340803444,1.9225250007166483
emobank_vampires_4446_4474,lol Wonderful Simply Superb!,4.6,4.3,0.7999999999999998,0.6499999999999999,7.7928061018479875,2.3438475417208915,8,1,"{
""valence"": 8,
""arousal"": 1
}",0.0005064612507720772,3.009120388375514,8.417463084444002,3.1535739943290997,9,1,"{
""valence"": 9,
""arousal"": 1
}",0.0009085708428151548,2.783272089293196
emobank_captured_moments_23398_23424,And then we did make love.,4.0,4.12,0.5,0.56,6.571265725751585,5.265750628423686,8,5,"{
""valence"": 8,
""arousal"": 5
}",0.017871930107573913,3.527666293880109,7.517265232971116,6.1719162572133826,8,7,"{
""valence"": 8,
""arousal"": 7
}",0.009732727228746997,3.3630215763600866
emobank_113CWL017_1641_1724,Sponsor a child at the Boys & Girls Clubs of Indianapolis' summer camp today!,3.67,3.67,0.3349999999999999,0.3349999999999999,5.681283727215372,2.800192249328251,7,3,"{
""valence"": 7,
""arousal"": 3
}

The text is likely",0.0016261857759918117,3.4618732573451747,6.465094251823603,3.144941975652311,8,3,"{
""valence"": 8,
""arousal"": 3
}",0.002162475362557354,3.5953924664183083
emobank_captured_moments_7553_7566,"I'm in love.""",4.37,4.12,0.685,0.56,8.609659715756571,6.634525962724871,9,5,"{
""valence"": 9,
""arousal"": 5
}",0.002527375391840917,2.559991180308124,8.91025871869929,7.520591447561574,9,9,"{
""valence"": 9,
""arousal"": 9
}",0.0009375032427086839,1.7695216341103461
emobank_detroit_1333_1376,The possibilities of this were fascinating.,3.7,3.7,0.3500000000000001,0.3500000000000001,5.213854723160497,3.105967066338949,6,3,"{
""valence"": 6,
""arousal"": 3
}",0.002182610081805048,3.3358872288299373,5.904167697105796,3.6952242825710995,8,5,"{
""valence"": 8,
""arousal"": 5
}",0.005013494565625857,3.54885694672834
emobank_captured_moments_28527_28752,"Catching herself, she said casually, ""Oh..."" And then she smiled, laughed loudly at herself in the way that always made me think how much I loved her, and said, ""My God, yes, yes, yes!""",4.11,4.22,0.5550000000000002,0.6099999999999999,6.5595231419788025,4.839134276635615,8,5,"{
""valence"": 8,
""arousal"": 5
}",0.00878430204438929,3.581027864948853,6.954775696472313,4.994216344380113,8,5,"{
""valence"": 8,
""arousal"": 5
}",0.00886550184831265,3.671126109149893
emobank_602CZL285_1182_1267,"With thousands of trees and flowers in bloom, we are having a beautiful Spring!",4.0,3.71,0.5,0.355,6.234421986940199,2.5743056942974967,8,2,"{
""valence"": 8,
""arousal"": 2
}",0.0005265213927042094,3.374369573856154,7.014939954210046,3.0163937087192183,8,3,"{
""valence"": 8,
""arousal"": 3
}",0.0006565685168841949,3.405090787059519
emobank_audubon2_4161_4176,“Welcome back!”,4.1,3.8,0.5499999999999998,0.3999999999999999,4.555639819917854,1.7031483746434497,3,1,"{
""valence"": 3,
""arousal"": 1
}",0.0002591078020331425,3.017500267121592,5.885357437024333,1.9356030557164319,8,1,"{
""valence"": 8,
""arousal"": 1
}",0.000383794060572741,3.1559885567874906
emobank_Uprooted_Bike_3670_3691,"""I love what you do,""",4.2,3.9,0.6000000000000001,0.4499999999999999,6.831380254735753,2.361002149702796,8,2,"{
""valence"": 8,
""arousal"": 2
}",0.00026872402700483486,3.2639023185339324,8.218043242702116,2.455900863580319,9,1,"{
""valence"": 9,
""arousal"": 1
}",0.00017718289164143905,2.636629386402328
emobank_appalachian1_602_670,And join the fun while making a real difference for the environment!,3.87,3.87,0.435,0.435,4.933554812581137,2.474106158733039,7,3,"{
""valence"": 7,
""arousal"": 3
}",0.0011470335617904488,3.2718249282389786,5.708519725408382,2.869875654888336,8,3,"{
""valence"": 8,
""arousal"": 3
}",0.002223038051976153,3.571781084132141
emobank_Nathans_Bylichka_41518_41558,"She laughed, liquid, alluring, alarming.",3.8,3.8,0.3999999999999999,0.3999999999999999,4.754887852929193,4.516960732506601,5,4,"{
""valence"": 5,
""arousal"": 4
}",0.060297208771671384,3.331884879406568,4.8134979599451295,4.985957910743865,5,6,"{
""valence"": 5,
""arousal"": 6
}",0.05399099177323703,3.510212785190474
emobank_captured_moments_13169_13276,"Tasha and I became lovers that evening, after a good dinner of paella at her apartment.",3.7,3.8,0.3500000000000001,0.3999999999999999,5.557352171432169,3.36169537674467,5,2,"{
""valence"": 5,
""arousal"": 2
}",0.004184252732409938,3.3661656271924447,6.381393581038353,4.399159707982852,8,5,"{
""valence"": 8,
""arousal"": 5
}",0.008392083783629921,3.605086211544725
emobank_WhereToHongKong_50043_50095,Macau’s casinos are a source of non-stop excitement.,3.8,3.9,0.3999999999999999,0.4499999999999999,6.276699696183746,5.680756408464276,7,6,"{
""valence"": 7,
""arousal"": 6
}",0.018922759621244224,3.29279094457913,6.854486552899648,6.824402397953205,8,7,"{
""valence"": 8,
""arousal"": 7
}",0.007116724273357797,3.4196617351389973
emobank_captured_moments_27486_27504,""" --was glorious!""",4.0,3.9,0.5,0.4499999999999999,7.876222129303688,4.039215113744442,9,1,"{
""valence"": 9,
""arousal"": 1
}",0.0019974988877251533,3.4389338513661305,8.557545502361688,4.207937100360806,9,1,"{
""valence"": 9,
""arousal"": 1
}",0.0013596715652135299,2.7721125206232484
emobank_The_Black_Willow_1491_1616,"They gazed at each other, lost in the rapture of love based so deeply within their hearts that they had never seen it before.",3.8,3.9,0.3999999999999999,0.4499999999999999,8.312601164128012,5.3171861946908825,9,5,"{
""valence"": 9,
""arousal"": 5
}",0.00172634023581806,2.993741602273891,8.795877398182702,6.937010884394687,9,8,"{
""valence"": 9,
""arousal"": 8
}",0.0011051757769478371,2.267719245122313
emobank_NYTnewswire1_3167_3223,"I'm very excited we'll be on the same team for a while.""",4.2,4.2,0.6000000000000001,0.6000000000000001,4.8601188387662155,2.7844183922972454,3,2,"{
""valence"": 3,
""arousal"": 2
}",0.001711553927688198,3.3842021150772887,5.350850197743153,3.6531396419039446,3,2,"{
""valence"": 3,
""arousal"": 2
}",0.006844386800607091,3.6988994048437243
emobank_vampires_341_362,"""Love at First Bite """,4.0,3.88,0.5,0.4399999999999999,7.002053429747443,5.018546376582077,8,5,"{
""valence"": 8,
""arousal"": 5
}",0.005385968022024642,3.4754848563124354,7.995147025143772,6.217587745904376,9,8,"{
""valence"": 9,
""arousal"": 8
}",0.0035210724690527243,3.0220347767127502
emobank_audubon2_3518_3567,"Special travel opportunities, and special (FREE!)",3.7,3.7,0.3500000000000001,0.3500000000000001,6.2456005308361044,3.8407298889301846,8,5,"{
""valence"": 8,
""arousal"": 5
}",0.004004249293629249,3.8355830693761273,7.10592114384748,4.085648366036105,9,1,"{
""valence"": 9,
""arousal"": 1
}",0.003028866294391368,3.7780613591498837
emobank_114CUL058_1185_1212,"In short, Fun for Everyone!",4.2,4.0,0.6000000000000001,0.5,6.42120657394292,2.666041702073373,7,3,"{
""valence"": 7,
""arousal"": 3
}",0.0008356537750397518,3.319206204604527,7.431157244955782,3.4578087906247816,9,1,"{
""valence"": 9,
""arousal"": 1
}",0.0015459712350475554,3.4349820986609836
emobank_Nathans_Bylichka_3826_4024,"We slammed against the doorway and I was laughing too, the pulse close enough to shake the doorframe and set up vibrations in my chest, Rachel in my arms because she’d used me to soften her landing.",4.1,3.8,0.5499999999999998,0.3999999999999999,5.825212469478462,7.024501149711799,5,7,"{
""valence"": 5,
""arousal"": 7
}",0.014958982717725644,3.244117655299158,5.919521410395816,7.263135919260451,7,8,"{
""valence"": 7,
""arousal"": 8
}",0.013786948567352408,3.4199535275689574
emobank_WhereToHongKong_53329_53408,"The ingredients, especially the fresh fish and seafood, are first-rate.",3.75,3.75,0.375,0.375,4.819008302079298,2.399919796330009,7,3,"{
""valence"": 7,
""arousal"": 3
}",0.0004759671794580414,3.449604847922183,5.874839862391401,2.7113974719204834,8,3,"{
""valence"": 8,
""arousal"": 3
}",0.0006346074935545439,3.5597075770409354
emobank_Acephalous-Internet_1795_1799,Wow.,4.3,4.3,0.6499999999999999,0.6499999999999999,6.764330531857175,3.7025512147997817,8,5,"{
""valence"": 8,
""arousal"": 5
}",0.004164995593022858,3.5587572275884822,7.062086755461967,3.988483920866136,8,5,"{
""valence"": 8,
""arousal"": 5
}",0.005975037632250085,3.604996354329929
emobank_captured_moments_10582_10673,"But it is something marvelous and rare, which is surely a sign of love.",4.0,3.71,0.5,0.355,5.563572371950652,2.5223724849123035,8,2,"{
""valence"": 8,
""arousal"": 2
}",0.000726637832863488,3.3797710556157288,6.465574495197436,2.9038303898088675,8,2,"{
""valence"": 8,
""arousal"": 2
}",0.0010667692164790274,3.47220220285028
emobank_20020731-nyt_25143_25174,"""I am thrilled with the price.""",4.56,4.0,0.7799999999999998,0.5,5.848654536120014,2.3870352798346905,5,1,"{
""valence"": 5,
""arousal"": 1
}",0.0011703522249612776,3.4314482034112994,7.277577616594762,2.2366190013182683,9,1,"{
""valence"": 9,
""arousal"": 1
}",0.0011214027947199971,3.0620635611524762
emobank_guidedogs1_2014_2263,"“Both my friends were zipping through crowds while I lagged behind, even though I was a fast cane walker. I envied their freedom and most of all, the incredible bond they both had with their guide dogs. With my Lab, Jay, I feel so wonderfully FREE!”",3.7,3.8,0.3500000000000001,0.3999999999999999,4.9716939165095155,2.9175512314156946,4,2,"{
""valence"": 4,
""arousal"": 2
}",0.0029121911283297515,3.522694773103297,4.388401900196597,2.9329225974293753,3,2,"{
""valence"": 3,
""arousal"": 2
}",0.0033293581150038486,3.641387308659918
emobank_warner1_673_700,And the connection is FREE!,4.12,3.75,0.56,0.375,6.23691142045989,2.313319485727515,8,1,"{
""valence"": 8,
""arousal"": 1
}",0.0012750342940418761,3.540334362775713,7.45974047939473,2.3100504897663208,9,1,"{
""valence"": 9,
""arousal"": 1
}",0.001119102114714348,3.0200520295915707
emobank_Nathans_Bylichka_29128_29157,“Marvelous!” cried the woman.,4.0,3.67,0.5,0.3349999999999999,6.540027877718844,2.989323869639837,8,2,"{
""valence"": 8,
""arousal"": 2
}",0.002769543036279701,3.5667274889970995,7.789151938194272,3.6140995705453407,9,1,"{
""valence"": 9,
""arousal"": 1
}",0.004883324453731952,3.346453087751935
emobank_SemEval_535,"Discovered boys bring shock, joy",3.67,3.83,0.3349999999999999,0.415,5.15994212047735,3.924924513432797,5,3,"{
""valence"": 5,
""arousal"": 3
}",0.012624380618276913,3.245644686725956,5.256205746275479,4.1618158069,5,3,"{
""valence"": 5,
""arousal"": 3
}",0.015210848080318399,3.456222091143206
emobank_Seedbombing_5588_5622,"Hey Brian, thanks for stopping by!",4.0,3.8,0.5,0.3999999999999999,4.678390279259146,1.6877561883196586,3,1,"{
""valence"": 3,
""arousal"": 1
}",0.00016576028754537665,2.9643612737938456,5.728785315256558,2.0007619380213666,3,1,"{
""valence"": 3,
""arousal"": 1
}",0.0001988668709596456,3.1314412749832683
emobank_Nathans_Bylichka_58041_58074,"“My fuckin’ hero,” she whispered.",3.8,3.7,0.3999999999999999,0.3500000000000001,6.384995959383403,5.3332917326948985,8,7,"{
""valence"": 8,
""arousal"": 7
}",0.021721146411733505,3.798406404132887,6.798622181357081,4.899027559007335,8,5,"{
""valence"": 8,
""arousal"": 5
}",0.009867228882468465,3.90006948121338
emobank_warner1_951_1024,DTV is the SMARTEST and most exciting innovation to happen to television.,3.71,3.71,0.355,0.355,7.1185471198046795,5.394822729035287,8,6,"{
""valence"": 8,
""arousal"": 6
}",0.008780864980849184,3.4274203329145356,8.0896740988659,6.725858031032165,9,8,"{
""valence"": 9,
""arousal"": 8
}",0.0040050972573424035,2.90763956910237
emobank_How_soon-Lebron-James_2305_2327,Winning championships.,3.9,3.7,0.4499999999999999,0.3500000000000001,5.75603348468814,4.662211493863019,7,5,"{
""valence"": 7,
""arousal"": 5
}",0.012345466776329377,3.5222413469795684,7.129461118633254,5.849080366038616,8,5,"{
""valence"": 8,
""arousal"": 5
}",0.0070695461005424315,3.541919288038037
emobank_Uprooted_Bike_6076_6115,"Tried/shared/re-tweeted, with pleasure!",3.9,3.9,0.4499999999999999,0.4499999999999999,4.5475465689117245,1.8180033558069186,3,1,"{
""valence"": 3,
""arousal"": 1
}",0.00045216364630081007,3.126882217529614,5.438399370555656,2.418468307470352,3,2,"{
""valence"": 3,
""arousal"": 2
}",0.0013282555144570492,3.5037800074088903
emobank_vampires_4335_4351,I like twilight!,4.0,3.86,0.5,0.4299999999999999,4.708927440632791,1.9355020351808057,4,2,"{
""valence"": 4,
""arousal"": 2
}",0.00016506491201041075,3.219267252705063,5.84780853558545,2.559219569759471,8,2,"{
""valence"": 8,
""arousal"": 2
}",0.0003105709086822636,3.351580439239067
emobank_captured_moments_28728_28752,"""My God, yes, yes, yes!""",4.3,4.4,0.6499999999999999,0.7000000000000002,7.0078001138262,6.18319245132146,8,7,"{
""valence"": 8,
""arousal"": 7
}",0.018322202023853318,3.6727963215442547,7.378728449115558,6.450590459392288,9,9,"{
""valence"": 9,
""arousal"": 9
}",0.01426858809843522,3.5252712510235202
emobank_appalachian1_696_721,You name it—we’ve got it!,3.83,3.83,0.415,0.415,5.676707778108744,2.8671999505516466,5,1,"{
""valence"": 5,
""arousal"": 1
}",0.004615070126250527,3.587761026569695,6.1399281915843575,3.1053443353245966,8,3,"{
""valence"": 8,
""arousal"": 3
}",0.006490789892827078,3.7767336948954284
emobank_SemEval_932,Boy missing since 2002 found alive,4.0,3.7,0.5,0.3500000000000001,7.4716794318272095,4.751199029478028,8,5,"{
""valence"": 8,
""arousal"": 5
}",0.004264922570850241,3.2068270736406923,7.8225055372844015,4.433588615050734,8,5,"{
""valence"": 8,
""arousal"": 5
}",0.00135017192462544,3.147601817247542
emobank_audubon2_4177_4256,All of us are excited about sending you your magazine and membership materials.,3.9,3.8,0.4499999999999999,0.3999999999999999,4.571791258778179,2.092589144396373,3,1,"{
""valence"": 3,
""arousal"": 1
}",0.0007137980382564761,3.4241697026941877,5.524888762331757,3.006308864711557,8,3,"{
""valence"": 8,
""arousal"": 3
}",0.002540087125148766,3.781936079061438
emobank_captured_moments_6909_6923,"""I'll take it.",3.75,3.75,0.375,0.375,5.241748741320715,3.251133444304352,0,0,"{
""valence"": 0.5,
""arousal"": 0.5
}",0.0041370402044758345,3.834304743750751,4.941137811776888,3.2263828388788545,0,0,"{
""valence"": 0,
""arousal"": 0
}",0.00457806676861398,3.9307270981044025
