layer,alpha,pair_id,emotion,sign_V,sign_A,aligned_matched_shift_V,aligned_matched_shift_A,aligned_random_shift_V,aligned_random_shift_A,aligned_self_self_shift_V,aligned_self_self_shift_A,aligned_reader_reader_shift_V,aligned_reader_reader_shift_A,aligned_specificity_V,aligned_specificity_A,matched_shift_V,matched_shift_A,random_shift_V,random_shift_A,self_self_shift_V,self_self_shift_A,reader_reader_shift_V,reader_reader_shift_A,self_reader_shift_V,self_reader_shift_A,specificity_V,specificity_A
5,-1.0,P_rage-d1-v2,rage,-1,1,0.1359067010780941,-0.05365528423602317,-0.06753957857604753,0.037108532251848736,0.08259859897710387,-0.02382490016815808,0.011590790565962905,0.006250833078468965,0.20344627965414164,-0.0907638164878719,-0.1359067010780941,-0.05365528423602317,0.06753957857604753,0.037108532251848736,-0.08259859897710387,-0.02382490016815808,-0.011590790565962905,0.006250833078468965,0.02178152915348397,0.021584300691462666,-0.20344627965414164,-0.0907638164878719
5,-1.0,P_rage-d2-v3,rage,-1,1,-0.039424830151121526,0.0409822860563791,-0.018342180242277628,0.023401352315702617,-0.05415504669107474,0.0577924438713584,-0.12900884609663388,0.07789432476069313,-0.021082649908843898,0.017580933740676485,0.039424830151121526,0.0409822860563791,0.018342180242277628,0.023401352315702617,0.05415504669107474,0.0577924438713584,0.12900884609663388,0.07789432476069313,0.19641706745558407,0.11213254788099691,0.021082649908843898,0.017580933740676485
5,-1.0,P_rage-d3-v3,rage,-1,1,0.007663119472392843,0.0380669741634847,0.10276435749877422,-0.053201338100675066,-0.03187238165617767,0.04733423579003393,-0.29606551254807467,0.17517097859455788,-0.09510123802638137,0.09126831226415977,-0.007663119472392843,0.0380669741634847,-0.10276435749877422,-0.053201338100675066,0.03187238165617767,0.04733423579003393,0.29606551254807467,0.17517097859455788,0.3427023356119978,0.18617886070211842,0.09510123802638137,0.09126831226415977
5,-1.0,P_rage-d3-v4,rage,-1,1,0.14856858823916763,-0.07172153690881622,-0.12013178328496821,0.08708166548389684,0.1417968696889398,-0.06414373709722021,0.016779725615169383,-0.0025823718829323106,0.26870037152413584,-0.15880320239271306,-0.14856858823916763,-0.07172153690881622,0.12013178328496821,0.08708166548389684,-0.1417968696889398,-0.06414373709722021,-0.016779725615169383,-0.0025823718829323106,-0.0082433518212075,0.004964448994172699,-0.26870037152413584,-0.15880320239271306
5,-1.0,P_grief-d1-v3,grief,-1,-1,-0.017050940633806633,-0.018925879832757175,-0.11910452366433155,-0.10666607884776447,-0.018778524839890842,-0.020881134764924703,-0.055025231722551915,-0.04319738305292642,0.10205358303052492,0.08774019901500729,0.017050940633806633,0.018925879832757175,0.11910452366433155,0.10666607884776447,0.018778524839890842,0.020881134764924703,0.055025231722551915,0.04319738305292642,0.06994333389542229,0.05091007647573287,-0.10205358303052492,-0.08774019901500729
5,-1.0,P_grief-d1-v4,grief,-1,-1,-0.24656492357048077,-0.164459758502721,-0.13823466723184286,-0.0917070894804688,-0.24078983691837852,-0.15573814616664983,-0.7301680347227109,-0.4119005129590221,-0.10833025633863791,-0.07275266902225219,0.24656492357048077,0.164459758502721,0.13823466723184286,0.0917070894804688,0.24078983691837852,0.15573814616664983,0.7301680347227109,0.4119005129590221,0.7477796630000713,0.41550842604385974,0.10833025633863791,0.07275266902225219
5,-1.0,P_grief-d2-v1,grief,-1,-1,-0.04922898249082319,-0.030151129835219947,0.010524170241354547,0.010070213984290532,-0.06631650737495853,-0.04317136357312634,-0.4871265912918905,-0.196198050637312,-0.05975315273217774,-0.04022134381951048,0.04922898249082319,0.030151129835219947,-0.010524170241354547,-0.010070213984290532,0.06631650737495853,0.04317136357312634,0.4871265912918905,0.196198050637312,0.5294194826029099,0.21612999880528339,0.05975315273217774,0.04022134381951048
5,-1.0,P_grief-d2-v2,grief,-1,-1,0.12043211854498637,0.033649172014696305,-0.014522616365233887,-0.026971940564314068,0.15091462380286025,0.04848432040696071,0.024318130663369075,0.0007835443225894245,0.13495473491022025,0.06062111257901037,-0.12043211854498637,-0.033649172014696305,0.014522616365233887,0.026971940564314068,-0.15091462380286025,-0.04848432040696071,-0.024318130663369075,-0.0007835443225894245,-0.09396591891687578,-0.02706665000393338,-0.13495473491022025,-0.06062111257901037
5,-1.0,P_grief-d2-v3,grief,-1,-1,0.058256460055091885,0.004600613964909961,0.1211589458375606,0.07818067228353431,0.06119862879425497,0.00672412971578229,-0.0369861271351386,-0.037874370262774626,-0.06290248578246871,-0.07358005831862435,-0.058256460055091885,-0.004600613964909961,-0.1211589458375606,-0.07818067228353431,-0.06119862879425497,-0.00672412971578229,0.0369861271351386,0.037874370262774626,0.06052259187983733,0.0440676297639353,0.06290248578246871,0.07358005831862435
5,-1.0,P_grief-d2-v4,grief,-1,-1,-0.17074895195850992,-0.12992303388197968,0.01165784512555934,-0.013182962021215161,-0.21705928251228368,-0.16496073232484765,-0.4739419717702904,-0.2867985048453141,-0.18240679708406926,-0.11674007186076452,0.17074895195850992,0.12992303388197968,-0.01165784512555934,0.013182962021215161,0.21705928251228368,0.16496073232484765,0.4739419717702904,0.2867985048453141,0.5938300840745812,0.3545643815549919,0.18240679708406926,0.11674007186076452
5,-1.0,P_grief-d3-v2,grief,-1,-1,-0.03228764047849264,-0.02482323325772473,0.05407668844938662,0.025783831349516007,-0.03863929767342711,-0.024968066149356538,-0.18840845578388343,-0.10228742837640858,-0.08636432892787926,-0.05060706460724074,0.03228764047849264,0.02482323325772473,-0.05407668844938662,-0.025783831349516007,0.03863929767342711,0.024968066149356538,0.18840845578388343,0.10228742837640858,0.21438799091947036,0.1113940388645176,0.08636432892787926,0.05060706460724074
5,-1.0,P_grief-d3-v3,grief,-1,-1,0.04380466997408128,0.01566541970243307,0.1502707765832474,0.08920502250691875,0.009844189939220982,-0.010998423347002628,-0.0584234456393915,-0.04263136345211738,-0.10646610660916611,-0.07353960280448568,-0.04380466997408128,-0.01566541970243307,-0.1502707765832474,-0.08920502250691875,-0.009844189939220982,0.010998423347002628,0.0584234456393915,0.04263136345211738,0.15644071286778338,0.08792864719332494,0.10646610660916611,0.07353960280448568
5,-1.0,P_grief-d3-v4,grief,-1,-1,-0.06672203147841493,-0.03726922345101613,-0.014814332218994863,-0.024425305427878463,-0.08803942579414237,-0.052124172418975157,-0.18142994815609814,-0.0712102381796611,-0.05190769925942007,-0.012843918023137668,0.06672203147841493,0.03726922345101613,0.014814332218994863,0.024425305427878463,0.08803942579414237,0.052124172418975157,0.18142994815609814,0.0712102381796611,0.2846905132940858,0.11260265457531116,0.05190769925942007,0.012843918023137668
5,-1.0,P_terror-d1-v3,terror,-1,1,0.06628761113090587,-0.02794285765057225,-0.060754124612572014,0.03877239799653509,0.07849484458737344,-0.03923864306438496,-0.0454066618506741,0.016696878578156493,0.12704173574347788,-0.06671525564710734,-0.06628761113090587,-0.02794285765057225,0.060754124612572014,0.03877239799653509,-0.07849484458737344,-0.03923864306438496,0.0454066618506741,0.016696878578156493,0.05191956645734486,0.015561116503843841,-0.12704173574347788,-0.06671525564710734
5,-1.0,P_terror-d2-v3,terror,-1,1,-0.005916371476915483,0.04412150395004133,0.060638206726186805,-0.03810551301675069,0.07965456328780007,0.027890149378860585,-0.24903852789778025,0.16218733583846934,-0.06655457820310229,0.08222701696679202,0.005916371476915483,0.04412150395004133,-0.060638206726186805,-0.03810551301675069,-0.07965456328780007,0.027890149378860585,0.24903852789778025,0.16218733583846934,0.20116548294185588,0.15910150271361934,0.06655457820310229,0.08222701696679202
5,-1.0,P_terror-d2-v4,terror,-1,1,-0.09965207079301841,0.07645412198017532,0.011376477678108898,-0.006132929687087341,-0.08580016565759863,0.07810137196010469,-0.3745468578980127,0.22645699280701415,-0.11102854847112731,0.08258705166726266,0.09965207079301841,0.07645412198017532,-0.011376477678108898,-0.006132929687087341,0.08580016565759863,0.07810137196010469,0.3745468578980127,0.22645699280701415,0.4009817684590953,0.24196719540182876,0.11102854847112731,0.08258705166726266
5,-1.0,P_terror-d3-v3,terror,-1,1,0.06186568907507706,-0.03753903207921638,-0.04805404339500363,0.06832549192668402,0.023588232441530188,-0.01906369394522578,-0.036397504575643946,0.01653525458192151,0.10991973247008069,-0.1058645240059004,-0.06186568907507706,-0.03753903207921638,0.04805404339500363,0.06832549192668402,-0.023588232441530188,-0.01906369394522578,0.036397504575643946,0.01653525458192151,0.07684534839382451,0.038019725503678714,-0.10991973247008069,-0.1058645240059004
5,-1.0,P_terror-d3-v4,terror,-1,1,0.15558153683233122,-0.0459395042305939,0.030719143114960268,-0.0075317216705919066,0.18395941710588026,-0.0670167381193636,0.16686691576789636,-0.07632152674827264,0.12486239371737096,-0.03840778256000199,-0.15558153683233122,-0.0459395042305939,-0.030719143114960268,-0.0075317216705919066,-0.18395941710588026,-0.0670167381193636,-0.16686691576789636,-0.07632152674827264,-0.22175319251059644,-0.09672878456031508,-0.12486239371737096,-0.03840778256000199
5,-1.0,P_ecstasy-d1-v1,ecstasy,1,1,-0.07264259777917914,-0.027643851085951354,0.31695525774848843,0.14985336978961605,-0.0466901665606585,-0.0030356695036388714,0.0650657346085941,0.028441598094409493,-0.38959785552766757,-0.1774972208755674,-0.07264259777917914,-0.027643851085951354,0.31695525774848843,0.14985336978961605,-0.0466901665606585,-0.0030356695036388714,0.0650657346085941,0.028441598094409493,0.1357993549673684,0.07812013295821041,-0.38959785552766757,-0.1774972208755674
5,-1.0,P_ecstasy-d2-v1,ecstasy,1,1,-0.04623022629781248,-0.006567123870892644,-0.018935979799112435,0.0182239606266279,-0.14748284126383604,-0.04855288796158774,0.1427109991953519,0.08632432924954747,-0.027294246498700048,-0.024791084497520544,-0.04623022629781248,-0.006567123870892644,-0.018935979799112435,0.0182239606266279,-0.14748284126383604,-0.04855288796158774,0.1427109991953519,0.08632432924954747,0.08782653655268957,0.05853108531080364,-0.027294246498700048,-0.024791084497520544
5,-1.0,P_ecstasy-d2-v2,ecstasy,1,1,-0.03749791104907718,0.01704177981053867,0.19987404839261558,0.21329370858511076,0.006289352803763748,0.05454810052514425,0.5301653592590445,0.2770920451019796,-0.23737195944169276,-0.1962519287745721,-0.03749791104907718,0.01704177981053867,0.19987404839261558,0.21329370858511076,0.006289352803763748,0.05454810052514425,0.5301653592590445,0.2770920451019796,0.6446465148878016,0.3480596559351925,-0.23737195944169276,-0.1962519287745721
5,-1.0,P_ecstasy-d2-v3,ecstasy,1,1,-0.033239943450334763,0.014245245274675966,-0.03813816115333868,-0.0024422274697073476,-0.027556230572064244,0.015064681841842287,0.2991307124614355,0.15543647831797625,0.004898217703003915,0.016687472744383314,-0.033239943450334763,0.014245245274675966,-0.03813816115333868,-0.0024422274697073476,-0.027556230572064244,0.015064681841842287,0.2991307124614355,0.15543647831797625,0.30898843849870605,0.15614223468379107,0.004898217703003915,0.016687472744383314
5,-1.0,P_ecstasy-d2-v4,ecstasy,1,1,0.18270202371923894,0.10797341123664328,-0.08420050950275115,-0.04860429088880114,0.17302061172473238,0.11168525343457425,0.2942097618059467,0.17245724935265105,0.2669025332219901,0.15657770212544442,0.18270202371923894,0.10797341123664328,-0.08420050950275115,-0.04860429088880114,0.17302061172473238,0.11168525343457425,0.2942097618059467,0.17245724935265105,0.3302530726715176,0.19448936009210716,0.2669025332219901,0.15657770212544442
5,-1.0,P_ecstasy-d3-v1,ecstasy,1,1,-0.08803105985104054,0.0026226760089809176,0.018425165448192615,0.013346756191931597,-0.09287896829754949,-0.0020765017591806156,0.22495613321815267,0.20403332768573534,-0.10645622529923315,-0.01072408018295068,-0.08803105985104054,0.0026226760089809176,0.018425165448192615,0.013346756191931597,-0.09287896829754949,-0.0020765017591806156,0.22495613321815267,0.20403332768573534,0.2720687141006941,0.24282264591480107,-0.10645622529923315,-0.01072408018295068
5,-1.0,P_ecstasy-d3-v4,ecstasy,1,1,0.0693256071129591,0.05425157637155298,-0.06306802444735382,-0.029778411421715667,0.08409724617948822,0.06650990236445242,0.3276474260355946,0.154397074900396,0.13239363156031292,0.08402998779326865,0.0693256071129591,0.05425157637155298,-0.06306802444735382,-0.029778411421715667,0.08409724617948822,0.06650990236445242,0.3276474260355946,0.154397074900396,0.3913397312739648,0.18236068430563446,0.13239363156031292,0.08402998779326865
5,-1.0,P_loathing-d1-v2,loathing,-1,1,0.002758298461349007,0.02101694611692917,0.08219265159898193,-0.026484838476602768,0.02696331012791653,0.017323165023211295,-0.13056184530256232,0.07948746954406705,-0.07943435313763292,0.04750178459353194,-0.002758298461349007,0.02101694611692917,-0.08219265159898193,-0.026484838476602768,-0.02696331012791653,0.017323165023211295,0.13056184530256232,0.07948746954406705,0.12303375102643299,0.0761412486507469,0.07943435313763292,0.04750178459353194
5,-1.0,P_loathing-d2-v2,loathing,-1,1,0.1875361745673585,-0.10096055990236152,-0.13520884705306901,0.08190603708430988,0.269428477566811,-0.13269920391694257,0.15690667362380406,-0.07241825973126126,0.3227450216204275,-0.1828665969866714,-0.1875361745673585,-0.10096055990236152,0.13520884705306901,0.08190603708430988,-0.269428477566811,-0.13269920391694257,-0.15690667362380406,-0.07241825973126126,-0.21285342788066552,-0.09950153772940284,-0.3227450216204275,-0.1828665969866714
5,-1.0,P_loathing-d3-v2,loathing,-1,1,-0.09927185533283378,0.05962096710008247,-0.194839760450793,0.1503252485572606,-0.12496391457186506,0.0778480133402848,-0.3467433295555109,0.15581834454644028,0.0955679051179592,-0.09070428145717813,0.09927185533283378,0.05962096710008247,0.194839760450793,0.1503252485572606,0.12496391457186506,0.0778480133402848,0.3467433295555109,0.15581834454644028,0.42535984640525104,0.18380138236053511,-0.0955679051179592,-0.09070428145717813
5,-1.0,P_loathing-d3-v3,loathing,-1,1,-0.05015147945655407,0.02827578158649313,-0.06910040476506119,0.042565935678943845,-0.0692617263114661,0.03479735051331101,-0.16109034496236863,0.10112106413744915,0.018948925308507114,-0.014290154092450713,0.05015147945655407,0.02827578158649313,0.06910040476506119,0.042565935678943845,0.0692617263114661,0.03479735051331101,0.16109034496236863,0.10112106413744915,0.20707902858561944,0.12125192021792008,-0.018948925308507114,-0.014290154092450713
5,-1.0,P_loathing-d3-v4,loathing,-1,1,-0.06879026809513622,0.030480765055541426,0.07374231292569622,-0.00801481416408123,-0.058236691931715434,0.031672328760653734,-0.5384672153719894,0.2434004253827875,-0.14253258102083244,0.038495579219622655,0.06879026809513622,0.030480765055541426,-0.07374231292569622,-0.00801481416408123,0.058236691931715434,0.031672328760653734,0.5384672153719894,0.2434004253827875,0.5431657888886323,0.24956695646126592,0.14253258102083244,0.038495579219622655
5,-1.0,P_amazement-d1-v1,amazement,1,1,-0.014249928781167043,0.030977400282560907,-0.16348983677962714,-0.09556069857902294,-0.01189578115314216,0.032231802885249294,0.11470618256434717,0.09496915996751776,0.1492399079984601,0.12653809886158385,-0.014249928781167043,0.030977400282560907,-0.16348983677962714,-0.09556069857902294,-0.01189578115314216,0.032231802885249294,0.11470618256434717,0.09496915996751776,0.10915105307513118,0.09505959153458488,0.1492399079984601,0.12653809886158385
5,-1.0,P_amazement-d1-v2,amazement,1,1,0.01607003501789528,0.011845246770691098,0.00828045119913945,0.0058243271857625345,0.05453790419500404,0.03746920432456946,0.10671907003560399,0.0472032727117897,0.00778958381875583,0.0060209195849285635,0.01607003501789528,0.011845246770691098,0.00828045119913945,0.0058243271857625345,0.05453790419500404,0.03746920432456946,0.10671907003560399,0.0472032727117897,0.2189708053452062,0.0980570905230751,0.00778958381875583,0.0060209195849285635
5,-1.0,P_amazement-d1-v4,amazement,1,1,0.061659163722850074,0.08232511326357894,-0.031091386798082432,-0.01226012171757418,0.06966618728554952,0.0943664593987803,0.19862067128649752,0.15760616748095124,0.0927505505209325,0.09458523498115312,0.061659163722850074,0.08232511326357894,-0.031091386798082432,-0.01226012171757418,0.06966618728554952,0.0943664593987803,0.19862067128649752,0.15760616748095124,0.2598038194419061,0.19400495519445915,0.0927505505209325,0.09458523498115312
5,-1.0,P_amazement-d2-v1,amazement,1,1,-0.06655469429557748,-0.02009975874648884,-0.06860290678177794,-0.04235400657413635,-0.0474517386206621,-0.00020308670301272258,-0.03384640145301221,-5.416922758039178e-05,0.0020482124862004625,0.02225424782764751,-0.06655469429557748,-0.02009975874648884,-0.06860290678177794,-0.04235400657413635,-0.0474517386206621,-0.00020308670301272258,-0.03384640145301221,-5.416922758039178e-05,0.02141172132800584,0.03605807464434818,0.0020482124862004625,0.02225424782764751
5,-1.0,P_amazement-d2-v2,amazement,1,1,-0.041418574007451525,-0.008043226211851717,-0.035231610943249336,-0.015143080191849734,-0.03529944390631812,-0.010063353096792405,0.017164662327805225,0.02185433534949821,-0.006186963064202189,0.0070998539799980165,-0.041418574007451525,-0.008043226211851717,-0.035231610943249336,-0.015143080191849734,-0.03529944390631812,-0.010063353096792405,0.017164662327805225,0.02185433534949821,0.04818277853636799,0.03310205746243167,-0.006186963064202189,0.0070998539799980165
5,-1.0,P_amazement-d3-v2,amazement,1,1,0.0871860137292062,-0.00023487575740954725,-0.04391589484932723,-0.019144618950297065,0.11272877806848225,0.0029036400435202836,0.24859549187437668,0.13504958605040507,0.13110190857853343,0.018909743192887518,0.0871860137292062,-0.00023487575740954725,-0.04391589484932723,-0.019144618950297065,0.11272877806848225,0.0029036400435202836,0.24859549187437668,0.13504958605040507,0.28109002108333225,0.1490878247894427,0.13110190857853343,0.018909743192887518
5,-1.0,P_amazement-d3-v4,amazement,1,1,-0.002737906028499104,0.02339350384964245,0.0035803918639985,-0.004672450107548798,0.011113310952175937,0.025681332691506853,0.2819790487191618,0.15794780917014917,-0.006318297892497604,0.028065953957191248,-0.002737906028499104,0.02339350384964245,0.0035803918639985,-0.004672450107548798,0.011113310952175937,0.025681332691506853,0.2819790487191618,0.15794780917014917,0.3396224513908592,0.1880752595557138,-0.006318297892497604,0.028065953957191248
5,-1.0,P_admiration-d1-v1,admiration,1,1,0.013254902006892166,0.04405625650576894,0.02866017201119142,-0.011829379203640578,0.08876940975454861,0.09113103536863232,0.30880911487508556,0.18320575598367306,-0.015405270004299254,0.05588563570940952,0.013254902006892166,0.04405625650576894,0.02866017201119142,-0.011829379203640578,0.08876940975454861,0.09113103536863232,0.30880911487508556,0.18320575598367306,0.4088216851362185,0.24351868379017905,-0.015405270004299254,0.05588563570940952
5,-1.0,P_admiration-d1-v2,admiration,1,1,0.02369253517110348,0.03367139405705277,-0.030189059317360822,-0.0009985787935224977,0.0031003940015628118,0.032047908942889336,0.2589951077678001,0.12828798854429113,0.0538815944884643,0.03466997285057527,0.02369253517110348,0.03367139405705277,-0.030189059317360822,-0.0009985787935224977,0.0031003940015628118,0.032047908942889336,0.2589951077678001,0.12828798854429113,0.24986297076183828,0.13251688822682883,0.0538815944884643,0.03466997285057527
5,-1.0,P_admiration-d1-v3,admiration,1,1,0.035242991876152985,0.055257403194078236,0.06433431240501442,0.021698286465635874,0.08670529671676608,0.08058561686194388,0.4547597516407018,0.23284833687771123,-0.02909132052886143,0.03355911672844236,0.035242991876152985,0.055257403194078236,0.06433431240501442,0.021698286465635874,0.08670529671676608,0.08058561686194388,0.4547597516407018,0.23284833687771123,0.5578847778324847,0.2815720197695555,-0.02909132052886143,0.03355911672844236
5,-1.0,P_admiration-d2-v1,admiration,1,1,0.0196584857160369,-0.010119545595687285,0.07422803243405873,0.04119662461670259,0.006474706725794199,-0.011712528185721993,0.25801187086084854,0.11542391735231483,-0.05456954671802183,-0.05131617021238988,0.0196584857160369,-0.010119545595687285,0.07422803243405873,0.04119662461670259,0.006474706725794199,-0.011712528185721993,0.25801187086084854,0.11542391735231483,0.22958462111382172,0.1078187951453442,-0.05456954671802183,-0.05131617021238988
5,-1.0,P_admiration-d2-v2,admiration,1,1,0.09340026244197919,0.06870244592459507,0.013044941425818912,0.02602275097293738,0.08968154745809809,0.08200029309190171,0.6302678041410594,0.2948389785478214,0.08035532101616027,0.04267969495165769,0.09340026244197919,0.06870244592459507,0.013044941425818912,0.02602275097293738,0.08968154745809809,0.08200029309190171,0.6302678041410594,0.2948389785478214,0.5823641309093204,0.27722658269959366,0.08035532101616027,0.04267969495165769
5,-1.0,P_admiration-d2-v3,admiration,1,1,0.004724834055773286,0.004490370138543476,0.04308743252317626,0.011891054676728352,0.007262721746077894,0.0019476846751489418,0.23364305654275963,0.12013971540067736,-0.038362598467402975,-0.007400684538184876,0.004724834055773286,0.004490370138543476,0.04308743252317626,0.011891054676728352,0.007262721746077894,0.0019476846751489418,0.23364305654275963,0.12013971540067736,0.26254029869290285,0.12678610136495116,-0.038362598467402975,-0.007400684538184876
5,-1.0,P_vigilance-d1-v4,vigilance,1,1,0.1379264691281481,0.10716206676806195,0.05612225994834308,0.02713885020042639,0.15719249275752833,0.1273906033343284,0.348953986443969,0.22266246125166056,0.08180420917980502,0.08002321656763556,0.1379264691281481,0.10716206676806195,0.05612225994834308,0.02713885020042639,0.15719249275752833,0.1273906033343284,0.348953986443969,0.22266246125166056,0.3802092121495484,0.24873620983252476,0.08180420917980502,0.08002321656763556
5,-1.0,P_vigilance-d2-v3,vigilance,1,1,-0.024371530996671886,0.0037533814622374706,0.06853365931965971,0.04928948240783981,-0.026075071467076327,0.0087144387685818,0.140035891903183,0.08524150299513389,-0.0929051903163316,-0.04553610094560234,-0.024371530996671886,0.0037533814622374706,0.06853365931965971,0.04928948240783981,-0.026075071467076327,0.0087144387685818,0.140035891903183,0.08524150299513389,0.04084270373256382,0.053145913106469767,-0.0929051903163316,-0.04553610094560234
5,-1.0,P_vigilance-d2-v4,vigilance,1,1,0.12399136747339234,0.07715063312016746,0.004081327566934689,0.0004951573477871563,0.14208567811150097,0.09098215063310278,0.28437464801041656,0.19465844791912268,0.11991003990645765,0.0766554757723803,0.12399136747339234,0.07715063312016746,0.004081327566934689,0.0004951573477871563,0.14208567811150097,0.09098215063310278,0.28437464801041656,0.19465844791912268,0.31558413144292174,0.21640714434850405,0.11991003990645765,0.0766554757723803
5,-1.0,P_vigilance-d3-v2,vigilance,1,1,0.0025560139234812596,-0.0010382389388592372,0.00975529391566532,0.013821762657727277,0.016734681995867362,0.01907537679242033,0.03586646156703832,0.027669018819607594,-0.00719927999218406,-0.014860001596586514,0.0025560139234812596,-0.0010382389388592372,0.00975529391566532,0.013821762657727277,0.016734681995867362,0.01907537679242033,0.03586646156703832,0.027669018819607594,0.08494214492798946,0.06315141572436112,-0.00719927999218406,-0.014860001596586514
5,-1.0,P_vigilance-d3-v4,vigilance,1,1,-0.053926986881678296,-0.041535510869598724,-0.07779004856403127,-0.026107369371762168,-0.06951983161245501,-0.03935504797521894,-0.019160600266230787,-0.013952255757134324,0.02386306168235297,-0.015428141497836556,-0.053926986881678296,-0.041535510869598724,-0.07779004856403127,-0.026107369371762168,-0.06951983161245501,-0.03935504797521894,-0.019160600266230787,-0.013952255757134324,0.007044196047305107,-0.003110053227304732,0.02386306168235297,-0.015428141497836556
5,-1.0,P_rage-d4-v1,rage,-1,1,0.12127667212484727,-0.05693031589894737,0.06520237659216299,-0.03703416573167395,0.1267725429625619,-0.05275881769968915,0.09679389368391345,-0.03196113612217211,0.05607429553268428,-0.01989615016727342,-0.12127667212484727,-0.05693031589894737,-0.06520237659216299,-0.03703416573167395,-0.1267725429625619,-0.05275881769968915,-0.09679389368391345,-0.03196113612217211,-0.0879773391382841,-0.020561648899325213,-0.05607429553268428,-0.01989615016727342
5,-1.0,P_rage-d4-v2,rage,-1,1,-0.03589051705410906,-0.0018644588787317673,-0.0062419319383861804,-0.008350292946076365,-0.021326954548633204,-0.0038797613071128723,-0.24487500138011598,0.09521590681082914,-0.02964858511572288,0.006485834067344598,0.03589051705410906,-0.0018644588787317673,0.0062419319383861804,-0.008350292946076365,0.021326954548633204,-0.0038797613071128723,0.24487500138011598,0.09521590681082914,0.24644053925155252,0.10167916103535601,0.02964858511572288,0.006485834067344598
5,-1.0,P_rage-d4-v4,rage,-1,1,0.03731084811507124,-0.023180485025945607,-0.11555162860885027,0.08233148965807668,0.030438249802077877,-0.01933785267911059,-0.1513319213248323,0.08142751440862384,0.1528624767239215,-0.10551197468402229,-0.03731084811507124,-0.023180485025945607,0.11555162860885027,0.08233148965807668,-0.030438249802077877,-0.01933785267911059,0.1513319213248323,0.08142751440862384,0.16969192251053844,0.09527211042092887,-0.1528624767239215,-0.10551197468402229
5,-1.0,P_rage-d5-v1,rage,-1,1,-0.0427261695520329,0.02959946144090786,0.09073739510493972,-0.06506717581186194,-0.053097611402315614,0.04068529186703529,-0.10653905135203079,0.054084349422121925,-0.13346356465697262,0.0946666372527698,0.0427261695520329,0.02959946144090786,-0.09073739510493972,-0.06506717581186194,0.053097611402315614,0.04068529186703529,0.10653905135203079,0.054084349422121925,0.21750084541620662,0.11834738247418697,0.13346356465697262,0.0946666372527698
5,-1.0,P_rage-d5-v3,rage,-1,1,-0.10530942099788021,0.047996713284742754,-0.259272850112791,0.140938784288001,-0.11745528331732924,0.04997925195009323,-0.15595734678006012,0.06410840745949331,0.1539634291149108,-0.09294207100325824,0.10530942099788021,0.047996713284742754,0.259272850112791,0.140938784288001,0.11745528331732924,0.04997925195009323,0.15595734678006012,0.06410840745949331,0.1699839920577091,0.07339041312030314,-0.1539634291149108,-0.09294207100325824
5,-1.0,P_rage-d6-v2,rage,-1,1,-0.008380136264167781,0.00433782537636862,-0.06500221646768001,0.03742915377209588,-0.010039623282859012,0.00432725646490173,0.0462040197318796,-0.0072210917262180985,0.056622080203512226,-0.03309132839572726,0.008380136264167781,0.00433782537636862,0.06500221646768001,0.03742915377209588,0.010039623282859012,0.00432725646490173,-0.0462040197318796,-0.0072210917262180985,-0.031191329008098734,-0.0029779210552929314,-0.056622080203512226,-0.03309132839572726
5,-1.0,P_grief-d4-v2,grief,-1,-1,-0.01006007802224751,-0.002339241550473936,0.08666693068111808,0.03366263811908343,-0.002310098134485017,-0.0012400082544843372,0.040793328349954194,0.01962064401303998,-0.09672700870336559,-0.03600187966955737,0.01006007802224751,0.002339241550473936,-0.08666693068111808,-0.03366263811908343,0.002310098134485017,0.0012400082544843372,-0.040793328349954194,-0.01962064401303998,-0.0242146263040679,-0.00887442749517664,0.09672700870336559,0.03600187966955737
5,-1.0,P_grief-d4-v3,grief,-1,-1,0.36736638599062443,0.19213487714813482,-0.0750027852434183,-0.040266681170207264,0.42985363841881385,0.2210733196914143,0.4671578540535051,0.2618306063471758,0.44236917123404274,0.23240155831834208,-0.36736638599062443,-0.19213487714813482,0.0750027852434183,0.040266681170207264,-0.42985363841881385,-0.2210733196914143,-0.4671578540535051,-0.2618306063471758,-0.4996110372641107,-0.2723683985396037,-0.44236917123404274,-0.23240155831834208
5,-1.0,P_grief-d4-v4,grief,-1,-1,0.01608603011114962,0.0127360243068253,-0.12244518352376499,-0.07313185458205318,0.020940309816464442,0.010483315463939213,0.051245000915788985,0.028460241557006327,0.1385312136349146,0.08586787888887848,-0.01608603011114962,-0.0127360243068253,0.12244518352376499,0.07313185458205318,-0.020940309816464442,-0.010483315463939213,-0.051245000915788985,-0.028460241557006327,-0.003218000801382015,-0.007873527514843381,-0.1385312136349146,-0.08586787888887848
5,-1.0,P_grief-d5-v1,grief,-1,-1,0.07731124786772714,0.04150696385409436,0.1612651443298665,0.06709958939630489,0.10097845352373902,0.05394106288169809,0.16681755938166187,0.08223664594848801,-0.08395389646213935,-0.025592625542210534,-0.07731124786772714,-0.04150696385409436,-0.1612651443298665,-0.06709958939630489,-0.10097845352373902,-0.05394106288169809,-0.16681755938166187,-0.08223664594848801,-0.21747865401512856,-0.11025921190839139,0.08395389646213935,0.025592625542210534
5,-1.0,P_grief-d5-v2,grief,-1,-1,0.031696307300000726,0.011318500450919977,-0.20244424527149274,-0.1253398751710808,0.03049716224480914,0.004272493727520477,-0.11952743746841588,-0.051653194833233496,0.23414055257149347,0.13665837562200078,-0.031696307300000726,-0.011318500450919977,0.20244424527149274,0.1253398751710808,-0.03049716224480914,-0.004272493727520477,0.11952743746841588,0.051653194833233496,0.156511105821731,0.0747458266597465,-0.23414055257149347,-0.13665837562200078
5,-1.0,P_grief-d5-v3,grief,-1,-1,-0.050340102342103066,-0.0316296981568982,0.03382398062118863,0.022866897950098775,-0.056452118471866264,-0.03698682419615107,-0.17504867778290922,-0.08679732485449954,-0.0841640829632917,-0.054496596106996975,0.050340102342103066,0.0316296981568982,-0.03382398062118863,-0.022866897950098775,0.056452118471866264,0.03698682419615107,0.17504867778290922,0.08679732485449954,0.198598475385813,0.09810322339960598,0.0841640829632917,0.054496596106996975
5,-1.0,P_grief-d6-v1,grief,-1,-1,0.08211142728785958,0.04536698623176871,0.06614072736054588,0.02833611292990046,0.11124626707435148,0.06351001631985387,0.12467211671426837,0.05702744756900957,0.015970699927313703,0.017030873301868255,-0.08211142728785958,-0.04536698623176871,-0.06614072736054588,-0.02833611292990046,-0.11124626707435148,-0.06351001631985387,-0.12467211671426837,-0.05702744756900957,-0.1397739764437218,-0.06269079999489824,-0.015970699927313703,-0.017030873301868255
5,-1.0,P_grief-d6-v2,grief,-1,-1,0.07615560292634438,0.04438558718563801,0.05093012757182169,0.030539886460964283,0.06560120844835549,0.03193647509497488,0.133990420902661,0.06057137706500493,0.025225475354522686,0.013845700724673726,-0.07615560292634438,-0.04438558718563801,-0.05093012757182169,-0.030539886460964283,-0.06560120844835549,-0.03193647509497488,-0.133990420902661,-0.06057137706500493,-0.10282388247334895,-0.03855733092030267,-0.025225475354522686,-0.013845700724673726
5,-1.0,P_terror-d4-v1,terror,-1,1,-0.10452111111074647,0.05799309238904282,-0.014373274453971518,0.005940377208455416,-0.08971542258544929,0.046957494725790916,-0.15360841936406944,0.0691438622684406,-0.09014783665677495,0.052052715180587406,0.10452111111074647,0.05799309238904282,0.014373274453971518,0.005940377208455416,0.08971542258544929,0.046957494725790916,0.15360841936406944,0.0691438622684406,0.1129691278058429,0.04239018450055454,0.09014783665677495,0.052052715180587406
5,-1.0,P_terror-d4-v2,terror,-1,1,-0.1472273920725451,0.08922755722940501,-0.18060334948665435,0.13856685998572793,-0.20906727659489466,0.10900488727797253,-0.3008271425431399,0.1565014151573294,0.03337595741410926,-0.04933930275632292,0.1472273920725451,0.08922755722940501,0.18060334948665435,0.13856685998572793,0.20906727659489466,0.10900488727797253,0.3008271425431399,0.1565014151573294,0.45292033748325444,0.21248539359722018,-0.03337595741410926,-0.04933930275632292
5,-1.0,P_terror-d4-v3,terror,-1,1,-0.04491160981423992,0.02936298962251449,0.01646114069988247,0.016569393254929565,-0.052877846564213016,0.0279796753077024,-0.17070072328312857,0.09018878547704734,-0.06137275051412239,0.012793596367584925,0.04491160981423992,0.02936298962251449,-0.01646114069988247,0.016569393254929565,0.052877846564213016,0.0279796753077024,0.17070072328312857,0.09018878547704734,0.1717214732311727,0.0856833260611678,0.06137275051412239,0.012793596367584925
5,-1.0,P_terror-d5-v1,terror,-1,1,-0.09062818555237673,0.04195106542766425,-0.061756821478627266,0.03941346910483201,-0.06649769528864002,0.031149088990130913,-0.1763318502926996,0.08858736686633328,-0.02887136407374946,0.0025375963228322362,0.09062818555237673,0.04195106542766425,0.061756821478627266,0.03941346910483201,0.06649769528864002,0.031149088990130913,0.1763318502926996,0.08858736686633328,0.16807904601251966,0.08497823565400431,0.02887136407374946,0.0025375963228322362
5,-1.0,P_terror-d5-v2,terror,-1,1,-0.04600446602755692,0.011626526519008529,-0.11062878877485538,0.06400881222583266,-0.027314380324378718,-0.0026459647611627446,-0.20535794652158756,0.07363801568812711,0.06462432274729846,-0.05238228570682413,0.04600446602755692,0.011626526519008529,0.11062878877485538,0.06400881222583266,0.027314380324378718,-0.0026459647611627446,0.20535794652158756,0.07363801568812711,0.16157903007403007,0.057758511265128654,-0.06462432274729846,-0.05238228570682413
5,-1.0,P_terror-d6-v2,terror,-1,1,0.05841617842915792,-0.025283249483322834,-0.04957775159487188,0.01492023145467769,0.041848949822418824,-0.018522455718926523,0.16685644084406892,-0.07188639066316771,0.1079939300240298,-0.040203480938000524,-0.05841617842915792,-0.025283249483322834,0.04957775159487188,0.01492023145467769,-0.041848949822418824,-0.018522455718926523,-0.16685644084406892,-0.07188639066316771,-0.11198474215734677,-0.04992546166433787,-0.1079939300240298,-0.040203480938000524
5,-1.0,P_ecstasy-d4-v1,ecstasy,1,1,-0.02142085611554201,0.0027058607317433925,-0.06572526046801919,-0.02261470379078734,-0.01795214896178976,0.004150214999194546,0.0027768494557705026,0.010712384600652491,0.04430440435247718,0.02532056452253073,-0.02142085611554201,0.0027058607317433925,-0.06572526046801919,-0.02261470379078734,-0.01795214896178976,0.004150214999194546,0.0027768494557705026,0.010712384600652491,0.027964940961139995,0.028689306511356705,0.04430440435247718,0.02532056452253073
5,-1.0,P_ecstasy-d4-v3,ecstasy,1,1,-0.041996390544221995,-0.02938685379910222,0.030304985635355663,0.0184859810552922,-0.03297885689679436,-0.027211660870202437,0.0254406303596868,0.01922676552758329,-0.07230137617957766,-0.04787283485439442,-0.041996390544221995,-0.02938685379910222,0.030304985635355663,0.0184859810552922,-0.03297885689679436,-0.027211660870202437,0.0254406303596868,0.01922676552758329,0.0483320303265824,0.02157502641092579,-0.07230137617957766,-0.04787283485439442
5,-1.0,P_ecstasy-d5-v1,ecstasy,1,1,-0.06079908052051142,-0.03050513389200038,0.05303001764811199,0.0768177262017522,-0.05274848505552754,-0.025812489163373087,-0.13224266983434463,-0.06171490242627309,-0.11382909816862341,-0.10732286009375258,-0.06079908052051142,-0.03050513389200038,0.05303001764811199,0.0768177262017522,-0.05274848505552754,-0.025812489163373087,-0.13224266983434463,-0.06171490242627309,-0.12858020259006553,-0.05665000249622931,-0.11382909816862341,-0.10732286009375258
5,-1.0,P_ecstasy-d5-v2,ecstasy,1,1,-0.048005910252734374,-0.010890699758379085,0.10958970905873322,0.05002657184806836,0.049133669895374155,0.04030415696263301,-0.08926877109720444,-0.05858920576936333,-0.1575956193114676,-0.06091727160644744,-0.048005910252734374,-0.010890699758379085,0.10958970905873322,0.05002657184806836,0.049133669895374155,0.04030415696263301,-0.08926877109720444,-0.05858920576936333,-0.02767978094424839,-0.017883039408025603,-0.1575956193114676,-0.06091727160644744
5,-1.0,P_ecstasy-d5-v4,ecstasy,1,1,-0.10848291798808685,-0.05837071000548555,-0.33243490298694667,-0.16895822995128817,-0.1285907523218519,-0.06684246720841358,-0.15352068617337844,-0.07797900876630637,0.22395198499885982,0.11058751994580263,-0.10848291798808685,-0.05837071000548555,-0.33243490298694667,-0.16895822995128817,-0.1285907523218519,-0.06684246720841358,-0.15352068617337844,-0.07797900876630637,-0.1907964501692505,-0.09356217258994093,0.22395198499885982,0.11058751994580263
5,-1.0,P_ecstasy-d6-v1,ecstasy,1,1,-0.18400489103702888,-0.09554907849547867,0.1053352104317904,0.06892750989008434,-0.18040252413664426,-0.08662282415879297,-0.22196644611816563,-0.12817724430699995,-0.2893401014688193,-0.164476588385563,-0.18400489103702888,-0.09554907849547867,0.1053352104317904,0.06892750989008434,-0.18040252413664426,-0.08662282415879297,-0.22196644611816563,-0.12817724430699995,-0.25070915087186796,-0.13048031070245658,-0.2893401014688193,-0.164476588385563
5,-1.0,P_ecstasy-d6-v2,ecstasy,1,1,-0.02388401491784009,-0.020192879452265444,-0.034740482978461884,-0.00214812464753944,-0.011216308166712707,-0.004276901814001199,-0.08645162907241977,-0.054722159220021105,0.010856468060621793,-0.018044754804726004,-0.02388401491784009,-0.020192879452265444,-0.034740482978461884,-0.00214812464753944,-0.011216308166712707,-0.004276901814001199,-0.08645162907241977,-0.054722159220021105,-0.030318114805194085,-0.017217182345650173,0.010856468060621793,-0.018044754804726004
5,-1.0,P_ecstasy-d6-v3,ecstasy,1,1,-0.008604169138665796,0.006133207008095276,-0.004882847168381943,0.0015179147786037461,-0.0024239873552085456,0.013541449077369982,0.260813877564519,0.13624630064976095,-0.003721321970283853,0.00461529222949153,-0.008604169138665796,0.006133207008095276,-0.004882847168381943,0.0015179147786037461,-0.0024239873552085456,0.013541449077369982,0.260813877564519,0.13624630064976095,0.27627681191710085,0.1494957266961583,-0.003721321970283853,0.00461529222949153
5,-1.0,P_loathing-d4-v1,loathing,-1,1,0.1325532927159383,-0.08442333226913146,0.02248329372419189,-0.016945416941808844,0.13480772768129867,-0.08235622868669346,0.255335654291708,-0.14379648777645881,0.11006999899174641,-0.06747791532732261,-0.1325532927159383,-0.08442333226913146,-0.02248329372419189,-0.016945416941808844,-0.13480772768129867,-0.08235622868669346,-0.255335654291708,-0.14379648777645881,-0.3111306119779571,-0.1590621262614209,-0.11006999899174641,-0.06747791532732261
5,-1.0,P_loathing-d5-v2,loathing,-1,1,-0.010878212525120112,0.0017188141966375525,0.014423773500197079,0.032651863748936805,-0.012682980301145896,-0.0023455133741681067,-0.07083013705757635,0.012834488058890425,-0.02530198602531719,-0.030933049552299252,0.010878212525120112,0.0017188141966375525,-0.014423773500197079,0.032651863748936805,0.012682980301145896,-0.0023455133741681067,0.07083013705757635,0.012834488058890425,0.07902059409344586,0.011677795204493524,0.02530198602531719,-0.030933049552299252
5,-1.0,P_loathing-d6-v2,loathing,-1,1,-0.0791522040892021,0.046746875160300405,0.24233186148270214,-0.14953903508949296,-0.1145358108081771,0.06231561364881344,-0.07035083476997883,0.03072130801986006,-0.32148406557190423,0.19628591024979336,0.0791522040892021,0.046746875160300405,-0.24233186148270214,-0.14953903508949296,0.1145358108081771,0.06231561364881344,0.07035083476997883,0.03072130801986006,0.11964177325161396,0.05570051085078376,0.32148406557190423,0.19628591024979336
5,-1.0,P_loathing-d6-v4,loathing,-1,1,-0.05653505048476415,0.030226635859249562,-0.11755274245798297,0.07865374591857766,-0.06942154949807122,0.034193975439888113,-0.12809563181662265,0.05716527560867535,0.061017691973218824,-0.04842711005932809,0.05653505048476415,0.030226635859249562,0.11755274245798297,0.07865374591857766,0.06942154949807122,0.034193975439888113,0.12809563181662265,0.05716527560867535,0.1741235040314839,0.06591272585482377,-0.061017691973218824,-0.04842711005932809
5,-1.0,P_amazement-d4-v1,amazement,1,1,-0.031224570143947084,-0.01242635965712413,0.02314664393559074,0.007752939188140573,0.03898452931368457,0.031785907132750424,0.0025676729044197266,0.012885396322372067,-0.05437121407953782,-0.020179298845264704,-0.031224570143947084,-0.01242635965712413,0.02314664393559074,0.007752939188140573,0.03898452931368457,0.031785907132750424,0.0025676729044197266,0.012885396322372067,0.06986118249001683,0.05024485296370251,-0.05437121407953782,-0.020179298845264704
5,-1.0,P_amazement-d4-v2,amazement,1,1,-0.004116179182908297,-0.006470828632402004,-0.09077059810340948,-0.04995458263606434,0.004490161278902782,-0.00031640316014769354,-0.000446571834966214,-0.0013976178005936646,0.08665441892050119,0.043483754003662334,-0.004116179182908297,-0.006470828632402004,-0.09077059810340948,-0.04995458263606434,0.004490161278902782,-0.00031640316014769354,-0.000446571834966214,-0.0013976178005936646,0.04822451805106365,0.021885959413021183,0.08665441892050119,0.043483754003662334
5,-1.0,P_amazement-d5-v2,amazement,1,1,0.023783981031644252,0.01533865422079117,0.005759013911158739,-0.00768498764730996,0.025262299252526432,0.016438577896301432,0.15514794632083584,0.07390960083293141,0.018024967120485513,0.02302364186810113,0.023783981031644252,0.01533865422079117,0.005759013911158739,-0.00768498764730996,0.025262299252526432,0.016438577896301432,0.15514794632083584,0.07390960083293141,0.16576296237996058,0.07620938011001588,0.018024967120485513,0.02302364186810113
5,-1.0,P_amazement-d5-v4,amazement,1,1,-0.041708940890833546,-0.03011514109488811,0.07768927392188196,0.1064542475992658,-0.035568182096353596,-0.02599630546706333,-0.1670903496737659,-0.08316128053309857,-0.11939821481271551,-0.13656938869415391,-0.041708940890833546,-0.03011514109488811,0.07768927392188196,0.1064542475992658,-0.035568182096353596,-0.02599630546706333,-0.1670903496737659,-0.08316128053309857,-0.1187859801277309,-0.053354969279406195,-0.11939821481271551,-0.13656938869415391
5,-1.0,P_amazement-d6-v1,amazement,1,1,0.08047345612478196,0.04516732566149084,-0.03727876535456698,0.008640474908193418,0.08341325493140683,0.04391890145536159,0.18590743804803767,0.0845169358574478,0.11775222147934894,0.036526850753297424,0.08047345612478196,0.04516732566149084,-0.03727876535456698,0.008640474908193418,0.08341325493140683,0.04391890145536159,0.18590743804803767,0.0845169358574478,0.2581839235561123,0.11780884470874486,0.11775222147934894,0.036526850753297424
5,-1.0,P_amazement-d6-v4,amazement,1,1,0.0009790961575184554,0.004828433244373542,-0.04679800713424864,-0.016745574858642698,0.003425972463968918,0.005115732309098675,0.05025879234116415,0.023732172002725704,0.0477771032917671,0.02157400810301624,0.0009790961575184554,0.004828433244373542,-0.04679800713424864,-0.016745574858642698,0.003425972463968918,0.005115732309098675,0.05025879234116415,0.023732172002725704,0.05933114224305358,0.02563664748018013,0.0477771032917671,0.02157400810301624
5,-1.0,P_admiration-d5-v1,admiration,1,1,-0.03583620194032111,-0.017525202976175436,-0.012543538391982523,0.0032396196513140296,-0.024605530243418272,-0.013963170253273205,-0.24092322380834963,-0.09782097951031998,-0.023292663548338588,-0.020764822627489465,-0.03583620194032111,-0.017525202976175436,-0.012543538391982523,0.0032396196513140296,-0.024605530243418272,-0.013963170253273205,-0.24092322380834963,-0.09782097951031998,-0.24692435232983767,-0.09963676308333103,-0.023292663548338588,-0.020764822627489465
5,-1.0,P_admiration-d5-v3,admiration,1,1,-0.04455879304025778,-0.009943093683584259,0.1110631885638238,0.03709016579798785,-0.008467809360570122,0.0043890372906094655,0.12684026641757296,0.05345867312809727,-0.15562198160408158,-0.04703325948157211,-0.04455879304025778,-0.009943093683584259,0.1110631885638238,0.03709016579798785,-0.008467809360570122,0.0043890372906094655,0.12684026641757296,0.05345867312809727,0.13356264319852817,0.05361293301839609,-0.15562198160408158,-0.04703325948157211
5,-1.0,P_admiration-d6-v1,admiration,1,1,0.09906244846887802,0.04819933775048746,-0.009337545468431685,-0.005903627501806952,0.0712134830865434,0.03047185379617101,0.15996880054813545,0.06746475467383695,0.1083999939373097,0.05410296525229441,0.09906244846887802,0.04819933775048746,-0.009337545468431685,-0.005903627501806952,0.0712134830865434,0.03047185379617101,0.15996880054813545,0.06746475467383695,0.14370940163310753,0.06027684192903893,0.1083999939373097,0.05410296525229441
5,-1.0,P_admiration-d6-v2,admiration,1,1,-0.029333040442034886,-0.012110770875598753,-0.016864949144601127,0.0012852081035363838,-0.01864964533527491,-0.005448746176564434,-0.058204996904924755,-0.014984723154740642,-0.012468091297433759,-0.013395978979135137,-0.029333040442034886,-0.012110770875598753,-0.016864949144601127,0.0012852081035363838,-0.01864964533527491,-0.005448746176564434,-0.058204996904924755,-0.014984723154740642,0.008240293040949531,0.011570910464286044,-0.012468091297433759,-0.013395978979135137
5,-1.0,P_admiration-d6-v3,admiration,1,1,0.09345995626189652,0.049856763556008765,-0.021618190748164068,-0.009435921813220283,0.11294225137740099,0.05634054198826011,0.04758329763442459,0.03513927023912222,0.11507814701006058,0.05929268536922905,0.09345995626189652,0.049856763556008765,-0.021618190748164068,-0.009435921813220283,0.11294225137740099,0.05634054198826011,0.04758329763442459,0.03513927023912222,0.10641549653295046,0.05672907657726345,0.11507814701006058,0.05929268536922905
5,-1.0,P_admiration-d6-v4,admiration,1,1,-0.0646659203320441,-0.022971680530825545,0.03900893266760708,0.04404636721893329,-0.0660762976002065,-0.01897809240276782,0.06715559051297637,0.03593957575892537,-0.10367485299965118,-0.06701804774975884,-0.0646659203320441,-0.022971680530825545,0.03900893266760708,0.04404636721893329,-0.0660762976002065,-0.01897809240276782,0.06715559051297637,0.03593957575892537,0.09728224252259254,0.05082230845926228,-0.10367485299965118,-0.06701804774975884
5,-1.0,P_vigilance-d4-v2,vigilance,1,1,-0.05739412889379203,-0.046599032758704695,-0.05382496624983979,-0.02809071872283031,-0.052769742075749804,-0.04152659621718158,-0.1500825637835872,-0.07681712003170205,-0.0035691626439522395,-0.018508314035874385,-0.05739412889379203,-0.046599032758704695,-0.05382496624983979,-0.02809071872283031,-0.052769742075749804,-0.04152659621718158,-0.1500825637835872,-0.07681712003170205,-0.11662277657363251,-0.05742617847478293,-0.0035691626439522395,-0.018508314035874385
5,-1.0,P_vigilance-d5-v2,vigilance,1,1,0.03058242083217788,0.02635976922567007,0.10708907894869135,0.03934808753281249,0.05142234075295793,0.03316027300946178,0.12905497661465892,0.06462007865361397,-0.07650665811651347,-0.012988318307142421,0.03058242083217788,0.02635976922567007,0.10708907894869135,0.03934808753281249,0.05142234075295793,0.03316027300946178,0.12905497661465892,0.06462007865361397,0.21049778363228278,0.09881717792598854,-0.07650665811651347,-0.012988318307142421
5,-1.0,P_vigilance-d5-v3,vigilance,1,1,-0.03970419054565433,-0.007758061280036976,-0.06936909815650072,-0.0176143603372374,-0.04983651472581574,-0.012097602806627528,0.09078684549138716,0.03752765198268948,0.02966490761084639,0.009856299057200424,-0.03970419054565433,-0.007758061280036976,-0.06936909815650072,-0.0176143603372374,-0.04983651472581574,-0.012097602806627528,0.09078684549138716,0.03752765198268948,0.07936299711695449,0.03208951219293743,0.02966490761084639,0.009856299057200424
5,-1.0,P_vigilance-d5-v4,vigilance,1,1,-0.008657159838598716,-0.0007295773305973086,0.047450535062307786,0.03256627021548297,-0.010205882800773836,0.007338689813249921,0.03242158510805471,0.01683419673229647,-0.0561076949009065,-0.03329584754608028,-0.008657159838598716,-0.0007295773305973086,0.047450535062307786,0.03256627021548297,-0.010205882800773836,0.007338689813249921,0.03242158510805471,0.01683419673229647,0.0875802866322486,0.04577780730207781,-0.0561076949009065,-0.03329584754608028
5,0.0,P_rage-d1-v2,rage,-1,1,-0.0,0.0,-0.0,0.0,-0.0,0.0,-0.0,0.0,0.0,0.0,0.0,0.0,0.0,0.0,0.0,0.0,0.0,0.0,0.0,0.0,0.0,0.0
5,0.0,P_rage-d2-v3,rage,-1,1,-0.0,0.0,-0.0,0.0,-0.0,0.0,-0.0,0.0,0.0,0.0,0.0,0.0,0.0,0.0,0.0,0.0,0.0,0.0,0.0,0.0,0.0,0.0
5,0.0,P_rage-d3-v3,rage,-1,1,-0.0,0.0,-0.0,0.0,-0.0,0.0,-0.0,0.0,0.0,0.0,0.0,0.0,0.0,0.0,0.0,0.0,0.0,0.0,0.0,0.0,0.0,0.0
5,0.0,P_rage-d3-v4,rage,-1,1,-0.0,0.0,-0.0,0.0,-0.0,0.0,-0.0,0.0,0.0,0.0,0.0,0.0,0.0,0.0,0.0,0.0,0.0,0.0,0.0,0.0,0.0,0.0
5,0.0,P_grief-d1-v3,grief,-1,-1,-0.0,-0.0,-0.0,-0.0,-0.0,-0.0,-0.0,-0.0,0.0,0.0,0.0,0.0,0.0,0.0,0.0,0.0,0.0,0.0,0.0,0.0,0.0,0.0
5,0.0,P_grief-d1-v4,grief,-1,-1,-0.0,-0.0,-0.0,-0.0,-0.0,-0.0,-0.0,-0.0,0.0,0.0,0.0,0.0,0.0,0.0,0.0,0.0,0.0,0.0,0.0,0.0,0.0,0.0
5,0.0,P_grief-d2-v1,grief,-1,-1,-0.0,-0.0,-0.0,-0.0,-0.0,-0.0,-0.0,-0.0,0.0,0.0,0.0,0.0,0.0,0.0,0.0,0.0,0.0,0.0,0.0,0.0,0.0,0.0
5,0.0,P_grief-d2-v2,grief,-1,-1,-0.0,-0.0,-0.0,-0.0,-0.0,-0.0,-0.0,-0.0,0.0,0.0,0.0,0.0,0.0,0.0,0.0,0.0,0.0,0.0,0.0,0.0,0.0,0.0
5,0.0,P_grief-d2-v3,grief,-1,-1,-0.0,-0.0,-0.0,-0.0,-0.0,-0.0,-0.0,-0.0,0.0,0.0,0.0,0.0,0.0,0.0,0.0,0.0,0.0,0.0,0.0,0.0,0.0,0.0
5,0.0,P_grief-d2-v4,grief,-1,-1,-0.0,-0.0,-0.0,-0.0,-0.0,-0.0,-0.0,-0.0,0.0,0.0,0.0,0.0,0.0,0.0,0.0,0.0,0.0,0.0,0.0,0.0,0.0,0.0
5,0.0,P_grief-d3-v2,grief,-1,-1,-0.0,-0.0,-0.0,-0.0,-0.0,-0.0,-0.0,-0.0,0.0,0.0,0.0,0.0,0.0,0.0,0.0,0.0,0.0,0.0,0.0,0.0,0.0,0.0
5,0.0,P_grief-d3-v3,grief,-1,-1,-0.0,-0.0,-0.0,-0.0,-0.0,-0.0,-0.0,-0.0,0.0,0.0,0.0,0.0,0.0,0.0,0.0,0.0,0.0,0.0,0.0,0.0,0.0,0.0
5,0.0,P_grief-d3-v4,grief,-1,-1,-0.0,-0.0,-0.0,-0.0,-0.0,-0.0,-0.0,-0.0,0.0,0.0,0.0,0.0,0.0,0.0,0.0,0.0,0.0,0.0,0.0,0.0,0.0,0.0
5,0.0,P_terror-d1-v3,terror,-1,1,-0.0,0.0,-0.0,0.0,-0.0,0.0,-0.0,0.0,0.0,0.0,0.0,0.0,0.0,0.0,0.0,0.0,0.0,0.0,0.0,0.0,0.0,0.0
5,0.0,P_terror-d2-v3,terror,-1,1,-0.0,0.0,-0.0,0.0,-0.0,0.0,-0.0,0.0,0.0,0.0,0.0,0.0,0.0,0.0,0.0,0.0,0.0,0.0,0.0,0.0,0.0,0.0
5,0.0,P_terror-d2-v4,terror,-1,1,-0.0,0.0,-0.0,0.0,-0.0,0.0,-0.0,0.0,0.0,0.0,0.0,0.0,0.0,0.0,0.0,0.0,0.0,0.0,0.0,0.0,0.0,0.0
5,0.0,P_terror-d3-v3,terror,-1,1,-0.0,0.0,-0.0,0.0,-0.0,0.0,-0.0,0.0,0.0,0.0,0.0,0.0,0.0,0.0,0.0,0.0,0.0,0.0,0.0,0.0,0.0,0.0
5,0.0,P_terror-d3-v4,terror,-1,1,-0.0,0.0,-0.0,0.0,-0.0,0.0,-0.0,0.0,0.0,0.0,0.0,0.0,0.0,0.0,0.0,0.0,0.0,0.0,0.0,0.0,0.0,0.0
5,0.0,P_ecstasy-d1-v1,ecstasy,1,1,0.0,0.0,0.0,0.0,0.0,0.0,0.0,0.0,0.0,0.0,0.0,0.0,0.0,0.0,0.0,0.0,0.0,0.0,0.0,0.0,0.0,0.0
5,0.0,P_ecstasy-d2-v1,ecstasy,1,1,0.0,0.0,0.0,0.0,0.0,0.0,0.0,0.0,0.0,0.0,0.0,0.0,0.0,0.0,0.0,0.0,0.0,0.0,0.0,0.0,0.0,0.0
5,0.0,P_ecstasy-d2-v2,ecstasy,1,1,0.0,0.0,0.0,0.0,0.0,0.0,0.0,0.0,0.0,0.0,0.0,0.0,0.0,0.0,0.0,0.0,0.0,0.0,0.0,0.0,0.0,0.0
5,0.0,P_ecstasy-d2-v3,ecstasy,1,1,0.0,0.0,0.0,0.0,0.0,0.0,0.0,0.0,0.0,0.0,0.0,0.0,0.0,0.0,0.0,0.0,0.0,0.0,0.0,0.0,0.0,0.0
5,0.0,P_ecstasy-d2-v4,ecstasy,1,1,0.0,0.0,0.0,0.0,0.0,0.0,0.0,0.0,0.0,0.0,0.0,0.0,0.0,0.0,0.0,0.0,0.0,0.0,0.0,0.0,0.0,0.0
5,0.0,P_ecstasy-d3-v1,ecstasy,1,1,0.0,0.0,0.0,0.0,0.0,0.0,0.0,0.0,0.0,0.0,0.0,0.0,0.0,0.0,0.0,0.0,0.0,0.0,0.0,0.0,0.0,0.0
5,0.0,P_ecstasy-d3-v4,ecstasy,1,1,0.0,0.0,0.0,0.0,0.0,0.0,0.0,0.0,0.0,0.0,0.0,0.0,0.0,0.0,0.0,0.0,0.0,0.0,0.0,0.0,0.0,0.0
5,0.0,P_loathing-d1-v2,loathing,-1,1,-0.0,0.0,-0.0,0.0,-0.0,0.0,-0.0,0.0,0.0,0.0,0.0,0.0,0.0,0.0,0.0,0.0,0.0,0.0,0.0,0.0,0.0,0.0
5,0.0,P_loathing-d2-v2,loathing,-1,1,-0.0,0.0,-0.0,0.0,-0.0,0.0,-0.0,0.0,0.0,0.0,0.0,0.0,0.0,0.0,0.0,0.0,0.0,0.0,0.0,0.0,0.0,0.0
5,0.0,P_loathing-d3-v2,loathing,-1,1,-0.0,0.0,-0.0,0.0,-0.0,0.0,-0.0,0.0,0.0,0.0,0.0,0.0,0.0,0.0,0.0,0.0,0.0,0.0,0.0,0.0,0.0,0.0
5,0.0,P_loathing-d3-v3,loathing,-1,1,-0.0,0.0,-0.0,0.0,-0.0,0.0,-0.0,0.0,0.0,0.0,0.0,0.0,0.0,0.0,0.0,0.0,0.0,0.0,0.0,0.0,0.0,0.0
5,0.0,P_loathing-d3-v4,loathing,-1,1,-0.0,0.0,-0.0,0.0,-0.0,0.0,-0.0,0.0,0.0,0.0,0.0,0.0,0.0,0.0,0.0,0.0,0.0,0.0,0.0,0.0,0.0,0.0
5,0.0,P_amazement-d1-v1,amazement,1,1,0.0,0.0,0.0,0.0,0.0,0.0,0.0,0.0,0.0,0.0,0.0,0.0,0.0,0.0,0.0,0.0,0.0,0.0,0.0,0.0,0.0,0.0
5,0.0,P_amazement-d1-v2,amazement,1,1,0.0,0.0,0.0,0.0,0.0,0.0,0.0,0.0,0.0,0.0,0.0,0.0,0.0,0.0,0.0,0.0,0.0,0.0,0.0,0.0,0.0,0.0
5,0.0,P_amazement-d1-v4,amazement,1,1,0.0,0.0,0.0,0.0,0.0,0.0,0.0,0.0,0.0,0.0,0.0,0.0,0.0,0.0,0.0,0.0,0.0,0.0,0.0,0.0,0.0,0.0
5,0.0,P_amazement-d2-v1,amazement,1,1,0.0,0.0,0.0,0.0,0.0,0.0,0.0,0.0,0.0,0.0,0.0,0.0,0.0,0.0,0.0,0.0,0.0,0.0,0.0,0.0,0.0,0.0
5,0.0,P_amazement-d2-v2,amazement,1,1,0.0,0.0,0.0,0.0,0.0,0.0,0.0,0.0,0.0,0.0,0.0,0.0,0.0,0.0,0.0,0.0,0.0,0.0,0.0,0.0,0.0,0.0
5,0.0,P_amazement-d3-v2,amazement,1,1,0.0,0.0,0.0,0.0,0.0,0.0,0.0,0.0,0.0,0.0,0.0,0.0,0.0,0.0,0.0,0.0,0.0,0.0,0.0,0.0,0.0,0.0
5,0.0,P_amazement-d3-v4,amazement,1,1,0.0,0.0,0.0,0.0,0.0,0.0,0.0,0.0,0.0,0.0,0.0,0.0,0.0,0.0,0.0,0.0,0.0,0.0,0.0,0.0,0.0,0.0
5,0.0,P_admiration-d1-v1,admiration,1,1,0.0,0.0,0.0,0.0,0.0,0.0,0.0,0.0,0.0,0.0,0.0,0.0,0.0,0.0,0.0,0.0,0.0,0.0,0.0,0.0,0.0,0.0
5,0.0,P_admiration-d1-v2,admiration,1,1,0.0,0.0,0.0,0.0,0.0,0.0,0.0,0.0,0.0,0.0,0.0,0.0,0.0,0.0,0.0,0.0,0.0,0.0,0.0,0.0,0.0,0.0
5,0.0,P_admiration-d1-v3,admiration,1,1,0.0,0.0,0.0,0.0,0.0,0.0,0.0,0.0,0.0,0.0,0.0,0.0,0.0,0.0,0.0,0.0,0.0,0.0,0.0,0.0,0.0,0.0
5,0.0,P_admiration-d2-v1,admiration,1,1,0.0,0.0,0.0,0.0,0.0,0.0,0.0,0.0,0.0,0.0,0.0,0.0,0.0,0.0,0.0,0.0,0.0,0.0,0.0,0.0,0.0,0.0
5,0.0,P_admiration-d2-v2,admiration,1,1,0.0,0.0,0.0,0.0,0.0,0.0,0.0,0.0,0.0,0.0,0.0,0.0,0.0,0.0,0.0,0.0,0.0,0.0,0.0,0.0,0.0,0.0
5,0.0,P_admiration-d2-v3,admiration,1,1,0.0,0.0,0.0,0.0,0.0,0.0,0.0,0.0,0.0,0.0,0.0,0.0,0.0,0.0,0.0,0.0,0.0,0.0,0.0,0.0,0.0,0.0
5,0.0,P_vigilance-d1-v4,vigilance,1,1,0.0,0.0,0.0,0.0,0.0,0.0,0.0,0.0,0.0,0.0,0.0,0.0,0.0,0.0,0.0,0.0,0.0,0.0,0.0,0.0,0.0,0.0
5,0.0,P_vigilance-d2-v3,vigilance,1,1,0.0,0.0,0.0,0.0,0.0,0.0,0.0,0.0,0.0,0.0,0.0,0.0,0.0,0.0,0.0,0.0,0.0,0.0,0.0,0.0,0.0,0.0
5,0.0,P_vigilance-d2-v4,vigilance,1,1,0.0,0.0,0.0,0.0,0.0,0.0,0.0,0.0,0.0,0.0,0.0,0.0,0.0,0.0,0.0,0.0,0.0,0.0,0.0,0.0,0.0,0.0
5,0.0,P_vigilance-d3-v2,vigilance,1,1,0.0,0.0,0.0,0.0,0.0,0.0,0.0,0.0,0.0,0.0,0.0,0.0,0.0,0.0,0.0,0.0,0.0,0.0,0.0,0.0,0.0,0.0
5,0.0,P_vigilance-d3-v4,vigilance,1,1,0.0,0.0,0.0,0.0,0.0,0.0,0.0,0.0,0.0,0.0,0.0,0.0,0.0,0.0,0.0,0.0,0.0,0.0,0.0,0.0,0.0,0.0
5,0.0,P_rage-d4-v1,rage,-1,1,-0.0,0.0,-0.0,0.0,-0.0,0.0,-0.0,0.0,0.0,0.0,0.0,0.0,0.0,0.0,0.0,0.0,0.0,0.0,0.0,0.0,0.0,0.0
5,0.0,P_rage-d4-v2,rage,-1,1,-0.0,0.0,-0.0,0.0,-0.0,0.0,-0.0,0.0,0.0,0.0,0.0,0.0,0.0,0.0,0.0,0.0,0.0,0.0,0.0,0.0,0.0,0.0
5,0.0,P_rage-d4-v4,rage,-1,1,-0.0,0.0,-0.0,0.0,-0.0,0.0,-0.0,0.0,0.0,0.0,0.0,0.0,0.0,0.0,0.0,0.0,0.0,0.0,0.0,0.0,0.0,0.0
5,0.0,P_rage-d5-v1,rage,-1,1,-0.0,0.0,-0.0,0.0,-0.0,0.0,-0.0,0.0,0.0,0.0,0.0,0.0,0.0,0.0,0.0,0.0,0.0,0.0,0.0,0.0,0.0,0.0
5,0.0,P_rage-d5-v3,rage,-1,1,-0.0,0.0,-0.0,0.0,-0.0,0.0,-0.0,0.0,0.0,0.0,0.0,0.0,0.0,0.0,0.0,0.0,0.0,0.0,0.0,0.0,0.0,0.0
5,0.0,P_rage-d6-v2,rage,-1,1,-0.0,0.0,-0.0,0.0,-0.0,0.0,-0.0,0.0,0.0,0.0,0.0,0.0,0.0,0.0,0.0,0.0,0.0,0.0,0.0,0.0,0.0,0.0
5,0.0,P_grief-d4-v2,grief,-1,-1,-0.0,-0.0,-0.0,-0.0,-0.0,-0.0,-0.0,-0.0,0.0,0.0,0.0,0.0,0.0,0.0,0.0,0.0,0.0,0.0,0.0,0.0,0.0,0.0
5,0.0,P_grief-d4-v3,grief,-1,-1,-0.0,-0.0,-0.0,-0.0,-0.0,-0.0,-0.0,-0.0,0.0,0.0,0.0,0.0,0.0,0.0,0.0,0.0,0.0,0.0,0.0,0.0,0.0,0.0
5,0.0,P_grief-d4-v4,grief,-1,-1,-0.0,-0.0,-0.0,-0.0,-0.0,-0.0,-0.0,-0.0,0.0,0.0,0.0,0.0,0.0,0.0,0.0,0.0,0.0,0.0,0.0,0.0,0.0,0.0
5,0.0,P_grief-d5-v1,grief,-1,-1,-0.0,-0.0,-0.0,-0.0,-0.0,-0.0,-0.0,-0.0,0.0,0.0,0.0,0.0,0.0,0.0,0.0,0.0,0.0,0.0,0.0,0.0,0.0,0.0
5,0.0,P_grief-d5-v2,grief,-1,-1,-0.0,-0.0,-0.0,-0.0,-0.0,-0.0,-0.0,-0.0,0.0,0.0,0.0,0.0,0.0,0.0,0.0,0.0,0.0,0.0,0.0,0.0,0.0,0.0
5,0.0,P_grief-d5-v3,grief,-1,-1,-0.0,-0.0,-0.0,-0.0,-0.0,-0.0,-0.0,-0.0,0.0,0.0,0.0,0.0,0.0,0.0,0.0,0.0,0.0,0.0,0.0,0.0,0.0,0.0
5,0.0,P_grief-d6-v1,grief,-1,-1,-0.0,-0.0,-0.0,-0.0,-0.0,-0.0,-0.0,-0.0,0.0,0.0,0.0,0.0,0.0,0.0,0.0,0.0,0.0,0.0,0.0,0.0,0.0,0.0
5,0.0,P_grief-d6-v2,grief,-1,-1,-0.0,-0.0,-0.0,-0.0,-0.0,-0.0,-0.0,-0.0,0.0,0.0,0.0,0.0,0.0,0.0,0.0,0.0,0.0,0.0,0.0,0.0,0.0,0.0
5,0.0,P_terror-d4-v1,terror,-1,1,-0.0,0.0,-0.0,0.0,-0.0,0.0,-0.0,0.0,0.0,0.0,0.0,0.0,0.0,0.0,0.0,0.0,0.0,0.0,0.0,0.0,0.0,0.0
5,0.0,P_terror-d4-v2,terror,-1,1,-0.0,0.0,-0.0,0.0,-0.0,0.0,-0.0,0.0,0.0,0.0,0.0,0.0,0.0,0.0,0.0,0.0,0.0,0.0,0.0,0.0,0.0,0.0
5,0.0,P_terror-d4-v3,terror,-1,1,-0.0,0.0,-0.0,0.0,-0.0,0.0,-0.0,0.0,0.0,0.0,0.0,0.0,0.0,0.0,0.0,0.0,0.0,0.0,0.0,0.0,0.0,0.0
5,0.0,P_terror-d5-v1,terror,-1,1,-0.0,0.0,-0.0,0.0,-0.0,0.0,-0.0,0.0,0.0,0.0,0.0,0.0,0.0,0.0,0.0,0.0,0.0,0.0,0.0,0.0,0.0,0.0
5,0.0,P_terror-d5-v2,terror,-1,1,-0.0,0.0,-0.0,0.0,-0.0,0.0,-0.0,0.0,0.0,0.0,0.0,0.0,0.0,0.0,0.0,0.0,0.0,0.0,0.0,0.0,0.0,0.0
5,0.0,P_terror-d6-v2,terror,-1,1,-0.0,0.0,-0.0,0.0,-0.0,0.0,-0.0,0.0,0.0,0.0,0.0,0.0,0.0,0.0,0.0,0.0,0.0,0.0,0.0,0.0,0.0,0.0
5,0.0,P_ecstasy-d4-v1,ecstasy,1,1,0.0,0.0,0.0,0.0,0.0,0.0,0.0,0.0,0.0,0.0,0.0,0.0,0.0,0.0,0.0,0.0,0.0,0.0,0.0,0.0,0.0,0.0
5,0.0,P_ecstasy-d4-v3,ecstasy,1,1,0.0,0.0,0.0,0.0,0.0,0.0,0.0,0.0,0.0,0.0,0.0,0.0,0.0,0.0,0.0,0.0,0.0,0.0,0.0,0.0,0.0,0.0
5,0.0,P_ecstasy-d5-v1,ecstasy,1,1,0.0,0.0,0.0,0.0,0.0,0.0,0.0,0.0,0.0,0.0,0.0,0.0,0.0,0.0,0.0,0.0,0.0,0.0,0.0,0.0,0.0,0.0
5,0.0,P_ecstasy-d5-v2,ecstasy,1,1,0.0,0.0,0.0,0.0,0.0,0.0,0.0,0.0,0.0,0.0,0.0,0.0,0.0,0.0,0.0,0.0,0.0,0.0,0.0,0.0,0.0,0.0
5,0.0,P_ecstasy-d5-v4,ecstasy,1,1,0.0,0.0,0.0,0.0,0.0,0.0,0.0,0.0,0.0,0.0,0.0,0.0,0.0,0.0,0.0,0.0,0.0,0.0,0.0,0.0,0.0,0.0
5,0.0,P_ecstasy-d6-v1,ecstasy,1,1,0.0,0.0,0.0,0.0,0.0,0.0,0.0,0.0,0.0,0.0,0.0,0.0,0.0,0.0,0.0,0.0,0.0,0.0,0.0,0.0,0.0,0.0
5,0.0,P_ecstasy-d6-v2,ecstasy,1,1,0.0,0.0,0.0,0.0,0.0,0.0,0.0,0.0,0.0,0.0,0.0,0.0,0.0,0.0,0.0,0.0,0.0,0.0,0.0,0.0,0.0,0.0
5,0.0,P_ecstasy-d6-v3,ecstasy,1,1,0.0,0.0,0.0,0.0,0.0,0.0,0.0,0.0,0.0,0.0,0.0,0.0,0.0,0.0,0.0,0.0,0.0,0.0,0.0,0.0,0.0,0.0
5,0.0,P_loathing-d4-v1,loathing,-1,1,-0.0,0.0,-0.0,0.0,-0.0,0.0,-0.0,0.0,0.0,0.0,0.0,0.0,0.0,0.0,0.0,0.0,0.0,0.0,0.0,0.0,0.0,0.0
5,0.0,P_loathing-d5-v2,loathing,-1,1,-0.0,0.0,-0.0,0.0,-0.0,0.0,-0.0,0.0,0.0,0.0,0.0,0.0,0.0,0.0,0.0,0.0,0.0,0.0,0.0,0.0,0.0,0.0
5,0.0,P_loathing-d6-v2,loathing,-1,1,-0.0,0.0,-0.0,0.0,-0.0,0.0,-0.0,0.0,0.0,0.0,0.0,0.0,0.0,0.0,0.0,0.0,0.0,0.0,0.0,0.0,0.0,0.0
5,0.0,P_loathing-d6-v4,loathing,-1,1,-0.0,0.0,-0.0,0.0,-0.0,0.0,-0.0,0.0,0.0,0.0,0.0,0.0,0.0,0.0,0.0,0.0,0.0,0.0,0.0,0.0,0.0,0.0
5,0.0,P_amazement-d4-v1,amazement,1,1,0.0,0.0,0.0,0.0,0.0,0.0,0.0,0.0,0.0,0.0,0.0,0.0,0.0,0.0,0.0,0.0,0.0,0.0,0.0,0.0,0.0,0.0
5,0.0,P_amazement-d4-v2,amazement,1,1,0.0,0.0,0.0,0.0,0.0,0.0,0.0,0.0,0.0,0.0,0.0,0.0,0.0,0.0,0.0,0.0,0.0,0.0,0.0,0.0,0.0,0.0
5,0.0,P_amazement-d5-v2,amazement,1,1,0.0,0.0,0.0,0.0,0.0,0.0,0.0,0.0,0.0,0.0,0.0,0.0,0.0,0.0,0.0,0.0,0.0,0.0,0.0,0.0,0.0,0.0
5,0.0,P_amazement-d5-v4,amazement,1,1,0.0,0.0,0.0,0.0,0.0,0.0,0.0,0.0,0.0,0.0,0.0,0.0,0.0,0.0,0.0,0.0,0.0,0.0,0.0,0.0,0.0,0.0
5,0.0,P_amazement-d6-v1,amazement,1,1,0.0,0.0,0.0,0.0,0.0,0.0,0.0,0.0,0.0,0.0,0.0,0.0,0.0,0.0,0.0,0.0,0.0,0.0,0.0,0.0,0.0,0.0
5,0.0,P_amazement-d6-v4,amazement,1,1,0.0,0.0,0.0,0.0,0.0,0.0,0.0,0.0,0.0,0.0,0.0,0.0,0.0,0.0,0.0,0.0,0.0,0.0,0.0,0.0,0.0,0.0
5,0.0,P_admiration-d5-v1,admiration,1,1,0.0,0.0,0.0,0.0,0.0,0.0,0.0,0.0,0.0,0.0,0.0,0.0,0.0,0.0,0.0,0.0,0.0,0.0,0.0,0.0,0.0,0.0
5,0.0,P_admiration-d5-v3,admiration,1,1,0.0,0.0,0.0,0.0,0.0,0.0,0.0,0.0,0.0,0.0,0.0,0.0,0.0,0.0,0.0,0.0,0.0,0.0,0.0,0.0,0.0,0.0
5,0.0,P_admiration-d6-v1,admiration,1,1,0.0,0.0,0.0,0.0,0.0,0.0,0.0,0.0,0.0,0.0,0.0,0.0,0.0,0.0,0.0,0.0,0.0,0.0,0.0,0.0,0.0,0.0
5,0.0,P_admiration-d6-v2,admiration,1,1,0.0,0.0,0.0,0.0,0.0,0.0,0.0,0.0,0.0,0.0,0.0,0.0,0.0,0.0,0.0,0.0,0.0,0.0,0.0,0.0,0.0,0.0
5,0.0,P_admiration-d6-v3,admiration,1,1,0.0,0.0,0.0,0.0,0.0,0.0,0.0,0.0,0.0,0.0,0.0,0.0,0.0,0.0,0.0,0.0,0.0,0.0,0.0,0.0,0.0,0.0
5,0.0,P_admiration-d6-v4,admiration,1,1,0.0,0.0,0.0,0.0,0.0,0.0,0.0,0.0,0.0,0.0,0.0,0.0,0.0,0.0,0.0,0.0,0.0,0.0,0.0,0.0,0.0,0.0
5,0.0,P_vigilance-d4-v2,vigilance,1,1,0.0,0.0,0.0,0.0,0.0,0.0,0.0,0.0,0.0,0.0,0.0,0.0,0.0,0.0,0.0,0.0,0.0,0.0,0.0,0.0,0.0,0.0
5,0.0,P_vigilance-d5-v2,vigilance,1,1,0.0,0.0,0.0,0.0,0.0,0.0,0.0,0.0,0.0,0.0,0.0,0.0,0.0,0.0,0.0,0.0,0.0,0.0,0.0,0.0,0.0,0.0
5,0.0,P_vigilance-d5-v3,vigilance,1,1,0.0,0.0,0.0,0.0,0.0,0.0,0.0,0.0,0.0,0.0,0.0,0.0,0.0,0.0,0.0,0.0,0.0,0.0,0.0,0.0,0.0,0.0
5,0.0,P_vigilance-d5-v4,vigilance,1,1,0.0,0.0,0.0,0.0,0.0,0.0,0.0,0.0,0.0,0.0,0.0,0.0,0.0,0.0,0.0,0.0,0.0,0.0,0.0,0.0,0.0,0.0
5,0.5,P_rage-d1-v2,rage,-1,1,-0.0817275991170523,0.03579542517521528,0.01645411708339184,-0.006596689712778492,-0.05502373068348998,0.025847292685048373,-0.02685821940616684,-4.758856239339693e-05,-0.09818171620044414,0.04239211488799377,0.0817275991170523,0.03579542517521528,-0.01645411708339184,-0.006596689712778492,0.05502373068348998,0.025847292685048373,0.02685821940616684,-4.758856239339693e-05,0.013999500544376708,-0.004913449322242691,0.09818171620044414,0.04239211488799377
5,0.5,P_rage-d2-v3,rage,-1,1,0.02567006775280234,-0.020158240927827364,0.02599137079805036,-0.017879101912457784,0.03370020015680275,-0.030942823399113806,0.0520398564125486,-0.0254841887224182,-0.00032130304524802256,-0.00227913901536958,-0.02567006775280234,-0.020158240927827364,-0.02599137079805036,-0.017879101912457784,-0.03370020015680275,-0.030942823399113806,-0.0520398564125486,-0.0254841887224182,-0.05329552211162536,-0.03538124666162279,0.00032130304524802256,-0.00227913901536958
5,0.5,P_rage-d3-v3,rage,-1,1,0.0014142676105484142,-0.027790216623053254,-0.04466194807003809,0.026358912024157632,0.015571835064707606,-0.03065210528198037,0.20595238375342095,-0.11320669104536751,0.04607621568058651,-0.05414912864721089,-0.0014142676105484142,-0.027790216623053254,0.04466194807003809,0.026358912024157632,-0.015571835064707606,-0.03065210528198037,-0.20595238375342095,-0.11320669104536751,-0.2330416527787742,-0.1176976385807249,-0.04607621568058651,-0.05414912864721089
5,0.5,P_rage-d3-v4,rage,-1,1,-0.07762091463611309,0.04184232598299964,0.09036960749797096,-0.056313863736156655,-0.08460239453730445,0.04191617552843141,-0.07056227071950438,0.030387672764518037,-0.16799052213408405,0.0981561897191563,0.07762091463611309,0.04184232598299964,-0.09036960749797096,-0.056313863736156655,0.08460239453730445,0.04191617552843141,0.07056227071950438,0.030387672764518037,0.060463084401962686,0.020329178697063632,0.16799052213408405,0.0981561897191563
5,0.5,P_grief-d1-v3,grief,-1,-1,-0.0003674701042362116,0.0042823944426579885,0.02086355341000079,0.03852002039337066,0.0037124619879316256,0.0069553169889466915,0.020965107388309256,0.01702569289310718,-0.021231023514237002,-0.03423762595071267,0.0003674701042362116,-0.0042823944426579885,-0.02086355341000079,-0.03852002039337066,-0.0037124619879316256,-0.0069553169889466915,-0.020965107388309256,-0.01702569289310718,-0.036696654896369196,-0.021438438127260095,0.021231023514237002,0.03423762595071267
5,0.5,P_grief-d1-v4,grief,-1,-1,0.13744860034261475,0.10904549006165087,0.10877926496688417,0.07962065058235357,0.1425135996070006,0.10735252954626251,0.3824614897535632,0.20748658125200148,0.028669335375730576,0.029424839479297304,-0.13744860034261475,-0.10904549006165087,-0.10877926496688417,-0.07962065058235357,-0.1425135996070006,-0.10735252954626251,-0.3824614897535632,-0.20748658125200148,-0.37084368928653166,-0.196586889597687,-0.028669335375730576,-0.029424839479297304
5,0.5,P_grief-d2-v1,grief,-1,-1,0.020578155788741448,0.01294139319195331,-0.016751081849898597,-0.012736304633341966,0.031937448331770035,0.021972935616425993,0.2753151372455682,0.09824339273623828,0.037329237638640045,0.025677697825295276,-0.020578155788741448,-0.01294139319195331,0.016751081849898597,0.012736304633341966,-0.031937448331770035,-0.021972935616425993,-0.2753151372455682,-0.09824339273623828,-0.2892520214620973,-0.10325226345229943,-0.037329237638640045,-0.025677697825295276
5,0.5,P_grief-d2-v2,grief,-1,-1,-0.09035138253893749,-0.030868512697049155,0.006232466740348386,0.009320629137844705,-0.09463341005621828,-0.03378082761548917,-0.089416021059042,-0.03459820052311846,-0.09658384927928587,-0.04018914183489386,0.09035138253893749,0.030868512697049155,-0.006232466740348386,-0.009320629137844705,0.09463341005621828,0.03378082761548917,0.089416021059042,0.03459820052311846,0.11746911172260033,0.04349977975030228,0.09658384927928587,0.04018914183489386
5,0.5,P_grief-d2-v3,grief,-1,-1,-0.04053973462172511,-0.012387718347967258,-0.05911791592533877,-0.036617972710014435,-0.036379875222097624,-0.008669202169788726,-0.03540699727355623,-0.011962355732474172,0.01857818130361366,0.024230254362047177,0.04053973462172511,0.012387718347967258,0.05911791592533877,0.036617972710014435,0.036379875222097624,0.008669202169788726,0.03540699727355623,0.011962355732474172,0.020241485086167188,0.005692723743196737,-0.01857818130361366,-0.024230254362047177
5,0.5,P_grief-d2-v4,grief,-1,-1,0.07655555190920449,0.07033120066425624,0.008207807322558658,0.014382647338734955,0.09009957810807645,0.07997862343093942,0.14989572236038073,0.09454662225621524,0.06834774458664583,0.05594855332552129,-0.07655555190920449,-0.07033120066425624,-0.008207807322558658,-0.014382647338734955,-0.09009957810807645,-0.07997862343093942,-0.14989572236038073,-0.09454662225621524,-0.16587036516081932,-0.10438563369585463,-0.06834774458664583,-0.05594855332552129
5,0.5,P_grief-d3-v2,grief,-1,-1,0.014050885731053953,0.010213876286504942,-0.03294139984884037,-0.016582867576881988,0.03464880362986733,0.017564116633929316,0.09966524616881456,0.049417525356305614,0.04699228557989432,0.02679674386338693,-0.014050885731053953,-0.010213876286504942,0.03294139984884037,0.016582867576881988,-0.03464880362986733,-0.017564116633929316,-0.09966524616881456,-0.049417525356305614,-0.1229966998895975,-0.058358248730030926,-0.04699228557989432,-0.02679674386338693
5,0.5,P_grief-d3-v3,grief,-1,-1,-0.02118802610165904,-0.008181659691432586,-0.07892660921226824,-0.0461313668499832,-0.002064272078735385,0.0038935382484570624,0.01553184409341224,0.007404824165283319,0.0577385831106092,0.037949707158550616,0.02118802610165904,0.008181659691432586,0.07892660921226824,0.0461313668499832,0.002064272078735385,-0.0038935382484570624,-0.01553184409341224,-0.007404824165283319,-0.06396040156447214,-0.0283684813608871,-0.0577385831106092,-0.037949707158550616
5,0.5,P_grief-d3-v4,grief,-1,-1,0.0021369872327445805,0.002927083553172949,-0.008395900413172619,0.001401987562219098,0.03253214509212743,0.017962278486571392,0.06803487052436896,0.01868467814545438,0.0105328876459172,0.0015250959909538508,-0.0021369872327445805,-0.002927083553172949,0.008395900413172619,-0.001401987562219098,-0.03253214509212743,-0.017962278486571392,-0.06803487052436896,-0.01868467814545438,-0.11192416818460593,-0.035142292973950884,-0.0105328876459172,-0.0015250959909538508
5,0.5,P_terror-d1-v3,terror,-1,1,-0.046460595527168635,0.0293278667109389,0.016702111818309717,-0.009898594968537289,-0.06143673851198539,0.036971240321149956,-0.0067438778203503524,0.006983639852490953,-0.06316270734547835,0.03922646167947619,0.046460595527168635,0.0293278667109389,-0.016702111818309717,-0.009898594968537289,0.06143673851198539,0.036971240321149956,0.0067438778203503524,0.006983639852490953,-0.0011011688019371135,0.005387162927545042,0.06316270734547835,0.03922646167947619
5,0.5,P_terror-d2-v3,terror,-1,1,0.0053921974104209625,-0.016437127559283837,-0.040666119689444,0.020379017041324943,-0.022194337583251844,-0.006923257106342007,0.1086792697044272,-0.06542128364368116,0.046058317099864965,-0.03681614460060878,-0.0053921974104209625,-0.016437127559283837,0.040666119689444,0.020379017041324943,0.022194337583251844,-0.006923257106342007,-0.1086792697044272,-0.06542128364368116,-0.08887767323924312,-0.06380462050887337,-0.046058317099864965,-0.03681614460060878
5,0.5,P_terror-d2-v4,terror,-1,1,0.05672759783341874,-0.05365892917002579,-0.007268005514990961,0.004422945766156872,0.05046204581027247,-0.05278478654508589,0.18811288603107812,-0.11130383210965178,0.0639956033484097,-0.058081874936182665,-0.05672759783341874,-0.05365892917002579,0.007268005514990961,0.004422945766156872,-0.05046204581027247,-0.05278478654508589,-0.18811288603107812,-0.11130383210965178,-0.1799159374380146,-0.10675867821974983,-0.0639956033484097,-0.058081874936182665
5,0.5,P_terror-d3-v3,terror,-1,1,-0.02007745960277596,0.015721499136627237,0.03276203992505966,-0.03269557881381768,-0.005308949664715179,0.0059787201335730344,-0.01999157809726748,0.012004095827526484,-0.05283949952783562,0.04841707795044492,0.02007745960277596,0.015721499136627237,-0.03276203992505966,-0.03269557881381768,0.005308949664715179,0.0059787201335730344,0.01999157809726748,0.012004095827526484,-0.01060786175776851,-0.0005325558128785879,0.05283949952783562,0.04841707795044492
5,0.5,P_terror-d3-v4,terror,-1,1,-0.07488388940183466,0.030329931548833677,-0.019627075003678662,0.007418551069262591,-0.0940082969443532,0.041961755609656315,-0.15473671810361544,0.07011085780741277,-0.055256814398155996,0.022911380479571086,0.07488388940183466,0.030329931548833677,0.019627075003678662,0.007418551069262591,0.0940082969443532,0.041961755609656315,0.15473671810361544,0.07011085780741277,0.20552722126288803,0.09328874343757043,0.055256814398155996,0.022911380479571086
5,0.5,P_ecstasy-d1-v1,ecstasy,1,1,0.020689156293142386,0.017091110436378898,-0.14739598045189117,-0.07487144516898336,-0.00015218426224450354,0.004219320412283345,0.0016674254815853828,0.008927646693368985,0.16808513674503356,0.09196255560536226,0.020689156293142386,0.017091110436378898,-0.14739598045189117,-0.07487144516898336,-0.00015218426224450354,0.004219320412283345,0.0016674254815853828,0.008927646693368985,-0.02763710186900825,-0.01314090181959493,0.16808513674503356,0.09196255560536226
5,0.5,P_ecstasy-d2-v1,ecstasy,1,1,0.023730426484091183,0.011353495138128444,-0.0035647309393556093,-0.009295007771174646,0.06930406191703398,0.037098627674316376,-0.01882841760778664,-0.009069738644170933,0.027295157423446792,0.02064850290930309,0.023730426484091183,0.011353495138128444,-0.0035647309393556093,-0.009295007771174646,0.06930406191703398,0.037098627674316376,-0.01882841760778664,-0.009069738644170933,0.00859058404448998,0.004538217258358124,0.027295157423446792,0.02064850290930309
5,0.5,P_ecstasy-d2-v2,ecstasy,1,1,0.0012960808405129143,-0.013357962313301996,-0.15247454341466415,-0.1442740813526422,-0.008258956061103717,-0.028360257917735332,-0.23415113603247706,-0.11040104664971029,0.15377062425517707,0.1309161190393402,0.0012960808405129143,-0.013357962313301996,-0.15247454341466415,-0.1442740813526422,-0.008258956061103717,-0.028360257917735332,-0.23415113603247706,-0.11040104664971029,-0.23141402842288583,-0.11692852607606907,0.15377062425517707,0.1309161190393402
5,0.5,P_ecstasy-d2-v3,ecstasy,1,1,0.026849485943143847,0.0006930612935889258,0.004616045936710833,-0.0032118768255093855,0.025263205694314728,0.0025676024993810387,-0.073542513888607,-0.04043614547850716,0.022233440006433014,0.0039049381190983112,0.026849485943143847,0.0006930612935889258,0.004616045936710833,-0.0032118768255093855,0.025263205694314728,0.0025676024993810387,-0.073542513888607,-0.04043614547850716,-0.06380152459249455,-0.03460785456447857,0.022233440006433014,0.0039049381190983112
5,0.5,P_ecstasy-d2-v4,ecstasy,1,1,-0.09568841643935144,-0.06978282667180657,0.03248534702284189,0.018889485873545553,-0.08061792002182777,-0.0663797386466829,-0.14180833572829865,-0.08877505693414989,-0.12817376346219334,-0.08867231254535213,-0.09568841643935144,-0.06978282667180657,0.03248534702284189,0.018889485873545553,-0.08061792002182777,-0.0663797386466829,-0.14180833572829865,-0.08877505693414989,-0.14009810715331206,-0.09124691397779117,-0.12817376346219334,-0.08867231254535213
5,0.5,P_ecstasy-d3-v1,ecstasy,1,1,0.05572136725666432,0.005683742810829173,-0.004926292837134305,-0.005363693185910456,0.068285911338128,0.0008704734643085743,-0.102408435830319,-0.07581987014476965,0.06064766009379863,0.01104743599673963,0.05572136725666432,0.005683742810829173,-0.004926292837134305,-0.005363693185910456,0.068285911338128,0.0008704734643085743,-0.102408435830319,-0.07581987014476965,-0.11590319360969126,-0.08447696380558245,0.06064766009379863,0.01104743599673963
5,0.5,P_ecstasy-d3-v4,ecstasy,1,1,-0.04824293206512564,-0.036592969571617395,0.010490010599417232,0.005830243229880239,-0.05885027528192488,-0.04395186090508574,-0.1367058101576939,-0.06173882877271364,-0.058732942664542875,-0.042423212801497634,-0.04824293206512564,-0.036592969571617395,0.010490010599417232,0.005830243229880239,-0.05885027528192488,-0.04395186090508574,-0.1367058101576939,-0.06173882877271364,-0.16989606431982684,-0.07495197576477386,-0.058732942664542875,-0.042423212801497634
5,0.5,P_loathing-d1-v2,loathing,-1,1,-0.0040533413290644305,-0.013615293748849844,-0.042088209012455025,0.010978797483972791,0.006230807601182775,-0.02164723406192426,0.03564740955312384,-0.030582883152926676,0.038034867683390594,-0.024594091232822635,0.0040533413290644305,-0.013615293748849844,0.042088209012455025,0.010978797483972791,-0.006230807601182775,-0.02164723406192426,-0.03564740955312384,-0.030582883152926676,-0.022416539760247822,-0.022413360324564202,-0.038034867683390594,-0.024594091232822635
5,0.5,P_loathing-d2-v2,loathing,-1,1,-0.08309153589856955,0.04741927885901909,0.06790359239011057,-0.03835900362691369,-0.10413267990600872,0.05979608661249891,-0.12689768650705613,0.05462992892027074,-0.1509951282886801,0.08577828248593278,0.08309153589856955,0.04741927885901909,-0.06790359239011057,-0.03835900362691369,0.10413267990600872,0.05979608661249891,0.12689768650705613,0.05462992892027074,0.1745943493510289,0.07532318112465575,0.1509951282886801,0.08577828248593278
5,0.5,P_loathing-d3-v2,loathing,-1,1,0.036562723512783446,-0.028449854190490953,0.07048315720785991,-0.08061720920288717,0.06109786013373775,-0.045297773793778084,0.1875843375458004,-0.07881610731658384,-0.03392043369507647,0.05216735501239622,-0.036562723512783446,-0.028449854190490953,-0.07048315720785991,-0.08061720920288717,-0.06109786013373775,-0.045297773793778084,-0.1875843375458004,-0.07881610731658384,-0.2277524399138917,-0.0970407402044593,0.03392043369507647,0.05216735501239622
5,0.5,P_loathing-d3-v3,loathing,-1,1,0.007712617916340037,-0.007145891319434661,0.027086006126394224,-0.023161488479636283,0.0210433917281323,-0.01680134802851807,0.08723205886894592,-0.051123274818366315,-0.019373388210054188,0.016015597160201622,-0.007712617916340037,-0.007145891319434661,-0.027086006126394224,-0.023161488479636283,-0.0210433917281323,-0.01680134802851807,-0.08723205886894592,-0.051123274818366315,-0.1043426494888573,-0.05485597594597236,0.019373388210054188,0.016015597160201622
5,0.5,P_loathing-d3-v4,loathing,-1,1,-0.002327373380047071,-0.002041228127490413,-0.04461625521811108,0.009091740926301384,-0.0028385764079823517,-0.0063602853843480744,0.15391877553799826,-0.06339001221627605,0.04228888183806401,-0.011132969053791797,0.002327373380047071,-0.002041228127490413,0.04461625521811108,0.009091740926301384,0.0028385764079823517,-0.0063602853843480744,-0.15391877553799826,-0.06339001221627605,-0.13700108294703384,-0.05476015691714142,-0.04228888183806401,-0.011132969053791797
5,0.5,P_amazement-d1-v1,amazement,1,1,0.018690603955435314,-0.008355868837465863,0.06389464979558301,0.03896818677781688,0.012874451148849886,-0.0138875349972718,-0.03626493652678242,-0.031211697072380584,-0.0452040458401477,-0.047324055615282745,0.018690603955435314,-0.008355868837465863,0.06389464979558301,0.03896818677781688,0.012874451148849886,-0.0138875349972718,-0.03626493652678242,-0.031211697072380584,-0.021180690192082352,-0.026061746894360027,-0.0452040458401477,-0.047324055615282745
5,0.5,P_amazement-d1-v2,amazement,1,1,-0.016469030720451805,-0.010096617242270511,-0.01914821466839367,-0.006556235231024665,-0.029206905099158575,-0.02118363965583736,-0.04190008147239821,-0.01194303575904021,0.0026791839479418655,-0.003540382011245846,-0.016469030720451805,-0.010096617242270511,-0.01914821466839367,-0.006556235231024665,-0.029206905099158575,-0.02118363965583736,-0.04190008147239821,-0.01194303575904021,-0.0955861234874762,-0.03707230426831165,0.0026791839479418655,-0.003540382011245846
5,0.5,P_amazement-d1-v4,amazement,1,1,-0.03329737902680652,-0.05304249656641069,0.03793980337489078,0.015465118728851479,-0.044592964552558456,-0.05925244266745189,-0.04763086600835198,-0.04906198922940863,-0.0712371824016973,-0.06850761529526217,-0.03329737902680652,-0.05304249656641069,0.03793980337489078,0.015465118728851479,-0.044592964552558456,-0.05925244266745189,-0.04763086600835198,-0.04906198922940863,-0.02067647984325216,-0.039580518147295685,-0.0712371824016973,-0.06850761529526217
5,0.5,P_amazement-d2-v1,amazement,1,1,0.0326095158368922,0.010823977034998045,0.032284463743364356,0.019923216135167898,0.026645222879368546,0.0032152560964364696,0.04348332056669424,0.013644201471100459,0.0003250520935278445,-0.009099239100169854,0.0326095158368922,0.010823977034998045,0.032284463743364356,0.019923216135167898,0.026645222879368546,0.0032152560964364696,0.04348332056669424,0.013644201471100459,0.01016824046882947,-0.0036925450562335094,0.0003250520935278445,-0.009099239100169854
5,0.5,P_amazement-d2-v2,amazement,1,1,0.03344232626596977,0.013658148920777435,0.012617143878852488,0.010135148527613325,0.03045184071298035,0.016795404829033522,0.0428071985553129,0.0172986202313119,0.02082518238711728,0.0035230003931641107,0.03344232626596977,0.013658148920777435,0.012617143878852488,0.010135148527613325,0.03045184071298035,0.016795404829033522,0.0428071985553129,0.0172986202313119,0.021160816927357384,0.01051307323469075,0.02082518238711728,0.0035230003931641107
5,0.5,P_amazement-d3-v2,amazement,1,1,-0.013145918113144361,-0.006985618874310262,0.05217797020764703,0.013099842254534089,-0.02910337164380916,-0.013517544020991146,-0.15614900726358183,-0.0783436481551405,-0.06532388832079139,-0.02008546112884435,-0.013145918113144361,-0.006985618874310262,0.05217797020764703,0.013099842254534089,-0.02910337164380916,-0.013517544020991146,-0.15614900726358183,-0.0783436481551405,-0.17356698144019855,-0.09166299441401282,-0.06532388832079139,-0.02008546112884435
5,0.5,P_amazement-d3-v4,amazement,1,1,-0.007258406372379511,-0.020372721577487596,-0.007725987375506449,-0.0012241454002221985,-0.01363719473353786,-0.02641029736106404,-0.1456840523093499,-0.07616012140597528,0.00046758100312693784,-0.019148576177265397,-0.007258406372379511,-0.020372721577487596,-0.007725987375506449,-0.0012241454002221985,-0.01363719473353786,-0.02641029736106404,-0.1456840523093499,-0.07616012140597528,-0.15983646197411172,-0.08458974262918373,0.00046758100312693784,-0.019148576177265397
5,0.5,P_admiration-d1-v1,admiration,1,1,0.026361881016363498,-0.004007745213869818,-0.008954352320036385,0.007827573197007887,-0.00550860574159362,-0.023336166008415482,-0.11223776738993507,-0.061919501175302205,0.03531623333639988,-0.011835318410877704,0.026361881016363498,-0.004007745213869818,-0.008954352320036385,0.007827573197007887,-0.00550860574159362,-0.023336166008415482,-0.11223776738993507,-0.061919501175302205,-0.1375023560174009,-0.07981939426529161,0.03531623333639988,-0.011835318410877704
5,0.5,P_admiration-d1-v2,admiration,1,1,-0.010741283277442726,-0.017424522600818726,0.006390059298440498,0.00025006603594679433,-0.008422051636100214,-0.020650803235447768,-0.10282607169879965,-0.05401132821332455,-0.017131342575883224,-0.01767458863676552,-0.010741283277442726,-0.017424522600818726,0.006390059298440498,0.00025006603594679433,-0.008422051636100214,-0.020650803235447768,-0.10282607169879965,-0.05401132821332455,-0.10445153200071244,-0.05635072984468703,-0.017131342575883224,-0.01767458863676552
5,0.5,P_admiration-d1-v3,admiration,1,1,0.013846376574507602,-0.01675049605465162,-0.018979241407252267,-0.005972214861881042,0.0016706780152517808,-0.028869305310932347,-0.14072008443825412,-0.07083800253074601,0.03282561798175987,-0.010778281192770578,0.013846376574507602,-0.01675049605465162,-0.018979241407252267,-0.005972214861881042,0.0016706780152517808,-0.028869305310932347,-0.14072008443825412,-0.07083800253074601,-0.17695421820947121,-0.08333384728236792,0.03282561798175987,-0.010778281192770578
5,0.5,P_admiration-d2-v1,admiration,1,1,0.005463002536232331,0.008988604913548137,-0.022703493640161554,-0.02067353773033176,0.010097502124941649,0.006914564552018554,-0.09180418763504772,-0.030820556481067296,0.028166496176393885,0.029662142643879896,0.005463002536232331,0.008988604913548137,-0.022703493640161554,-0.02067353773033176,0.010097502124941649,0.006914564552018554,-0.09180418763504772,-0.030820556481067296,-0.07619677401035663,-0.02809873122543438,0.028166496176393885,0.029662142643879896
5,0.5,P_admiration-d2-v2,admiration,1,1,-0.048216774816013164,-0.01930050978087472,-0.014534463770589312,-0.015771290588321385,-0.01575227539200874,-0.01723396977723546,-0.2569638453414713,-0.0962529795852376,-0.03368231104542385,-0.0035292191925533345,-0.048216774816013164,-0.01930050978087472,-0.014534463770589312,-0.015771290588321385,-0.01575227539200874,-0.01723396977723546,-0.2569638453414713,-0.0962529795852376,-0.1805276711812036,-0.05947840960201223,-0.03368231104542385,-0.0035292191925533345
5,0.5,P_admiration-d2-v3,admiration,1,1,-0.003724035218828803,-0.01540620053445263,-0.027667893473334537,-0.008470708739466204,-0.010348875013824532,-0.01705668618504408,-0.10601419593894956,-0.05864537796314995,0.023943858254505734,-0.006935491794986426,-0.003724035218828803,-0.01540620053445263,-0.027667893473334537,-0.008470708739466204,-0.010348875013824532,-0.01705668618504408,-0.10601419593894956,-0.05864537796314995,-0.13573319179632115,-0.0669138386933108,0.023943858254505734,-0.006935491794986426
5,0.5,P_vigilance-d1-v4,vigilance,1,1,-0.10555622040494583,-0.08404564038394557,-0.03058957690923414,-0.015573672448459419,-0.10470460720017627,-0.08876523323921504,-0.1776352391696152,-0.11353775459889981,-0.0749666434957117,-0.06847196793548616,-0.10555622040494583,-0.08404564038394557,-0.03058957690923414,-0.015573672448459419,-0.10470460720017627,-0.08876523323921504,-0.1776352391696152,-0.11353775459889981,-0.1868604521040691,-0.11810477780305284,-0.0749666434957117,-0.06847196793548616
5,0.5,P_vigilance-d2-v3,vigilance,1,1,0.0012363860833524143,-0.005345775793497154,-0.02861217618864753,-0.021257567038275305,0.0029222172525953383,-0.006603599383311121,-0.056830592307312244,-0.033762122817274864,0.029848562271999945,0.01591179124477815,0.0012363860833524143,-0.005345775793497154,-0.02861217618864753,-0.021257567038275305,0.0029222172525953383,-0.006603599383311121,-0.056830592307312244,-0.033762122817274864,-0.019898801499131924,-0.019884577549342364,0.029848562271999945,0.01591179124477815
5,0.5,P_vigilance-d2-v4,vigilance,1,1,-0.05616368559343421,-0.04982913854020676,0.005551129573648339,0.0036886266951654534,-0.05915766549241663,-0.050579155477604054,-0.1367468336986324,-0.09847487266214738,-0.06171481516708255,-0.05351776523537222,-0.05616368559343421,-0.04982913854020676,0.005551129573648339,0.0036886266951654534,-0.05915766549241663,-0.050579155477604054,-0.1367468336986324,-0.09847487266214738,-0.16850031419901335,-0.11350325564139663,-0.06171481516708255,-0.05351776523537222
5,0.5,P_vigilance-d3-v2,vigilance,1,1,-0.019136633646195556,-0.004838133941023948,-0.018006700329568304,-0.013787248296230459,-0.02497696850825548,-0.014934705988208563,-0.006919996619338065,-0.010274205587372798,-0.0011299333166272518,0.008949114355206511,-0.019136633646195556,-0.004838133941023948,-0.018006700329568304,-0.013787248296230459,-0.02497696850825548,-0.014934705988208563,-0.006919996619338065,-0.010274205587372798,-0.04070399871525554,-0.028634799516877862,-0.0011299333166272518,0.008949114355206511
5,0.5,P_vigilance-d3-v4,vigilance,1,1,0.034882569270228814,0.025511918071515538,0.04869629984061419,0.018697695255012192,0.031084049663711255,0.0213649007162644,0.057549003251937236,0.03740024416271126,-0.013813730570385374,0.006814222816503346,0.034882569270228814,0.025511918071515538,0.04869629984061419,0.018697695255012192,0.031084049663711255,0.0213649007162644,0.057549003251937236,0.03740024416271126,0.052613771315415114,0.03335629467256673,-0.013813730570385374,0.006814222816503346
5,0.5,P_rage-d4-v1,rage,-1,1,-0.05244256000843439,0.023559093071806814,-0.04404827496003705,0.020019703890238105,-0.05957329662692956,0.02322849176268349,-0.04957577714762973,0.020938224904938352,-0.008394285048397343,0.0035393891815687084,0.05244256000843439,0.023559093071806814,0.04404827496003705,0.020019703890238105,0.05957329662692956,0.02322849176268349,0.04957577714762973,0.020938224904938352,0.039440647176203214,0.011605061555959306,0.008394285048397343,0.0035393891815687084
5,0.5,P_rage-d4-v2,rage,-1,1,-0.0009251338268736475,0.008349498063267902,-0.0070565869448158125,0.008514123229151238,0.00390154600968895,0.007432386783539968,0.10199227595520899,-0.03982495319298218,0.006131453117942165,-0.00016462516588333642,0.0009251338268736475,0.008349498063267902,0.0070565869448158125,0.008514123229151238,-0.00390154600968895,0.007432386783539968,-0.10199227595520899,-0.03982495319298218,-0.10030980917283383,-0.0423756012131391,-0.006131453117942165,-0.00016462516588333642
5,0.5,P_rage-d4-v4,rage,-1,1,-0.022624220331635136,0.010733598991294002,0.07859189906025499,-0.06481832958637224,-0.007610460870258073,0.004459065278104468,0.10667470184579741,-0.05244493577770282,-0.10121611939189012,0.07555192857766624,0.022624220331635136,0.010733598991294002,-0.07859189906025499,-0.06481832958637224,0.007610460870258073,0.004459065278104468,-0.10667470184579741,-0.05244493577770282,-0.11103795746771539,-0.05712014571787449,0.10121611939189012,0.07555192857766624
5,0.5,P_rage-d5-v1,rage,-1,1,0.024662279209717752,-0.018319072754676036,-0.05523550884004713,0.03733597426025259,0.043212657283906,-0.029882498583750916,0.022411982065682956,-0.010120121718406594,0.07989778804976488,-0.05565504701492863,-0.024662279209717752,-0.018319072754676036,0.05523550884004713,0.03733597426025259,-0.043212657283906,-0.029882498583750916,-0.022411982065682956,-0.010120121718406594,-0.06922616939776738,-0.03670558254233969,-0.07989778804976488,-0.05565504701492863
5,0.5,P_rage-d5-v3,rage,-1,1,0.03616714071614169,-0.016885967591782958,0.14273264553742582,-0.07483490222927891,0.04772078156612913,-0.022428417769532416,0.048693538862484065,-0.01781378448365345,-0.10656550482128413,0.05794893463749595,-0.03616714071614169,-0.016885967591782958,-0.14273264553742582,-0.07483490222927891,-0.04772078156612913,-0.022428417769532416,-0.048693538862484065,-0.01781378448365345,-0.06237548630875267,-0.026705660926081176,0.10656550482128413,0.05794893463749595
5,0.5,P_rage-d6-v2,rage,-1,1,0.004964691705865221,-0.0018610620538179745,0.04701534661540574,-0.025024358248999512,0.003111326488394184,-0.0016423408065193712,-0.036931076334954405,0.012957752457506189,-0.04205065490954052,0.023163296195181537,-0.004964691705865221,-0.0018610620538179745,-0.04701534661540574,-0.025024358248999512,-0.003111326488394184,-0.0016423408065193712,0.036931076334954405,0.012957752457506189,0.025008799808564852,0.009763256908882134,0.04205065490954052,0.023163296195181537
5,0.5,P_grief-d4-v2,grief,-1,-1,-0.011546427253080083,-0.00495827978304586,-0.06747941747554087,-0.03148988948210363,-0.0049173744770474315,-0.0016660132408548023,-0.04518500944460646,-0.024277463325916848,0.05593299022246079,0.026531609699057768,0.011546427253080083,0.00495827978304586,0.06747941747554087,0.03148988948210363,0.0049173744770474315,0.0016660132408548023,0.04518500944460646,0.024277463325916848,0.036073825522564995,0.017872963631069272,-0.05593299022246079,-0.026531609699057768
5,0.5,P_grief-d4-v3,grief,-1,-1,-0.17643951459917773,-0.0932818359869394,0.028102827420021015,0.01610754548929272,-0.19722331434055285,-0.1060550613347857,-0.2767028203267583,-0.14846585374452514,-0.20454234201919874,-0.10938938147623212,0.17643951459917773,0.0932818359869394,-0.028102827420021015,-0.01610754548929272,0.19722331434055285,0.1060550613347857,0.2767028203267583,0.14846585374452514,0.30755235560763605,0.16221059259230985,0.20454234201919874,0.10938938147623212
5,0.5,P_grief-d4-v4,grief,-1,-1,-0.018766356647248017,-0.009953279875297483,0.06044431894389124,0.030148762169281085,-0.01750702783637248,-0.010604807025573315,-0.04891627978411428,-0.024379649394167036,-0.07921067559113926,-0.04010204204457857,0.018766356647248017,0.009953279875297483,-0.06044431894389124,-0.030148762169281085,0.01750702783637248,0.010604807025573315,0.04891627978411428,0.024379649394167036,0.020436574275699115,0.01109363286385312,0.07921067559113926,0.04010204204457857
5,0.5,P_grief-d5-v1,grief,-1,-1,-0.02861778151055283,-0.018255032659411086,-0.06142614058550144,-0.027199736111046313,-0.03445732252046252,-0.022178976367146497,-0.09628784558697845,-0.04827694133706206,0.03280835907494861,0.008944703451635228,0.02861778151055283,0.018255032659411086,0.06142614058550144,0.027199736111046313,0.03445732252046252,0.022178976367146497,0.09628784558697845,0.04827694133706206,0.13210297632037715,0.0658222674876261,-0.03280835907494861,-0.008944703451635228
5,0.5,P_grief-d5-v2,grief,-1,-1,-0.007975481766402837,-0.0028824799723459194,0.13475435713855877,0.08291391511162605,0.002308323850434668,0.003644364080146012,0.07495815184985677,0.02914080437993416,-0.1427298389049616,-0.08579639508397197,0.007975481766402837,0.0028824799723459194,-0.13475435713855877,-0.08291391511162605,-0.002308323850434668,-0.003644364080146012,-0.07495815184985677,-0.02914080437993416,-0.0948054347217524,-0.03882812971435312,0.1427298389049616,0.08579639508397197
5,0.5,P_grief-d5-v3,grief,-1,-1,0.019828946716714313,0.014119864609420496,-0.021467791938279746,-0.013339624219131707,0.041655396225757535,0.02467712173958958,0.10527444009206377,0.046979060344687795,0.04129673865499406,0.027459488828552203,-0.019828946716714313,-0.014119864609420496,0.021467791938279746,0.013339624219131707,-0.041655396225757535,-0.02467712173958958,-0.10527444009206377,-0.046979060344687795,-0.1228780970208394,-0.05451537249203664,-0.04129673865499406,-0.027459488828552203
5,0.5,P_grief-d6-v1,grief,-1,-1,-0.053451282887394314,-0.026437026831583665,-0.05423932986693458,-0.02250897917740957,-0.06940406412493694,-0.035951950617593376,-0.08713065914724316,-0.03809523268781234,0.0007880469795402689,-0.003928047654174094,0.053451282887394314,0.026437026831583665,0.05423932986693458,0.02250897917740957,0.06940406412493694,0.035951950617593376,0.08713065914724316,0.03809523268781234,0.0860860577068796,0.0361380263427602,-0.0007880469795402689,0.003928047654174094
5,0.5,P_grief-d6-v2,grief,-1,-1,-0.023890092592169232,-0.015723357034088892,-0.025361237998686725,-0.014983490376344832,-0.02396056314945394,-0.01255058795642583,-0.07557156799490627,-0.0330830222485452,0.0014711454065174934,-0.0007398666577440594,0.023890092592169232,0.015723357034088892,0.025361237998686725,0.014983490376344832,0.02396056314945394,0.01255058795642583,0.07557156799490627,0.0330830222485452,0.05868878676117806,0.02600229286463307,-0.0014711454065174934,0.0007398666577440594
5,0.5,P_terror-d4-v1,terror,-1,1,0.038495061054069524,-0.027012426064226602,-0.010794788510092523,0.0023432568832379985,0.02432383788842074,-0.01619318021121874,0.05157456698006424,-0.027504381690174107,0.04928984956416205,-0.0293556829474646,-0.038495061054069524,-0.027012426064226602,0.010794788510092523,0.0023432568832379985,-0.02432383788842074,-0.01619318021121874,-0.05157456698006424,-0.027504381690174107,-0.023422044863583125,-0.013522839972618605,-0.04928984956416205,-0.0293556829474646
5,0.5,P_terror-d4-v2,terror,-1,1,0.08707549536705272,-0.05179537034068549,0.09183323429951873,-0.07199512927982443,0.10754829668179688,-0.06063628767694773,0.13901517942607633,-0.08019443868792875,-0.004757738932466005,0.020199758939138945,-0.08707549536705272,-0.05179537034068549,-0.09183323429951873,-0.07199512927982443,-0.10754829668179688,-0.06063628767694773,-0.13901517942607633,-0.08019443868792875,-0.22120401707546256,-0.10976329444633581,0.004757738932466005,0.020199758939138945
5,0.5,P_terror-d4-v3,terror,-1,1,0.01653404145249393,-0.011373167199018042,-0.008547404473622677,-0.0022779382525017766,0.02401998360797286,-0.015289674338267112,0.07094062584127014,-0.03617163601153006,0.025081445926116608,-0.009095228946516265,-0.01653404145249393,-0.011373167199018042,0.008547404473622677,-0.0022779382525017766,-0.02401998360797286,-0.015289674338267112,-0.07094062584127014,-0.03617163601153006,-0.08589690134815342,-0.041868494154991165,-0.025081445926116608,-0.009095228946516265
5,0.5,P_terror-d5-v1,terror,-1,1,0.05978857388503922,-0.027110096510043036,0.024068226908031676,-0.010576799201032827,0.01748816922717289,-0.008941190913571262,0.09460051695563676,-0.048034962501997125,0.035720346977007544,-0.01653329730901021,-0.05978857388503922,-0.027110096510043036,-0.024068226908031676,-0.010576799201032827,-0.01748816922717289,-0.008941190913571262,-0.09460051695563676,-0.048034962501997125,-0.07433366593620239,-0.03877493574817992,-0.035720346977007544,-0.01653329730901021
5,0.5,P_terror-d5-v2,terror,-1,1,0.028425019443127475,-0.005660641623724594,0.040394434181127536,-0.02336275127207532,0.016645844043038593,0.002721062781041006,0.09455708665205709,-0.03363095000321792,-0.011969414738000062,0.017702109648350728,-0.028425019443127475,-0.005660641623724594,-0.040394434181127536,-0.02336275127207532,-0.016645844043038593,0.002721062781041006,-0.09455708665205709,-0.03363095000321792,-0.07066288595575054,-0.02158718505939561,0.011969414738000062,0.017702109648350728
5,0.5,P_terror-d6-v2,terror,-1,1,-0.045849682455870955,0.019151393456819932,0.02225649940097263,-0.006288777518049571,-0.02448862458147616,0.00983263796127698,-0.09326356184130136,0.04208550330600325,-0.06810618185684358,0.025440170974869503,0.045849682455870955,0.019151393456819932,-0.02225649940097263,-0.006288777518049571,0.02448862458147616,0.00983263796127698,0.09326356184130136,0.04208550330600325,0.053892820946428,0.02749620730265301,0.06810618185684358,0.025440170974869503
5,0.5,P_ecstasy-d4-v1,ecstasy,1,1,0.027999653257062107,0.0060928387520791105,0.029096765397754965,0.010235951098313656,0.020160821282375174,0.0009841636439462675,0.02570709246170466,0.010008954315702923,-0.0010971121406928575,-0.004143112346234545,0.027999653257062107,0.0060928387520791105,0.029096765397754965,0.010235951098313656,0.020160821282375174,0.0009841636439462675,0.02570709246170466,0.010008954315702923,0.012178864729964545,-0.0018618495217754827,-0.0010971121406928575,-0.004143112346234545
5,0.5,P_ecstasy-d4-v3,ecstasy,1,1,0.014927245858586069,0.015617614782146738,-0.01494552332746757,-0.005830349005678137,0.010701772688568312,0.01600708787619265,-0.003889365524134991,-0.002304847828584311,0.029872769186053638,0.021447963787824875,0.014927245858586069,0.015617614782146738,-0.01494552332746757,-0.005830349005678137,0.010701772688568312,0.01600708787619265,-0.003889365524134991,-0.002304847828584311,-0.014776113986923356,-0.004924761340008743,0.029872769186053638,0.021447963787824875
5,0.5,P_ecstasy-d5-v1,ecstasy,1,1,0.045683536905452904,0.021698144832908106,-0.007700235504421116,-0.025462259109533925,0.022326654284208658,0.011012264625370527,0.07075323717546,0.034629076467895814,0.05338377240987402,0.04716040394244203,0.045683536905452904,0.021698144832908106,-0.007700235504421116,-0.025462259109533925,0.022326654284208658,0.011012264625370527,0.07075323717546,0.034629076467895814,0.0692924796600285,0.031081035723191874,0.05338377240987402,0.04716040394244203
5,0.5,P_ecstasy-d5-v2,ecstasy,1,1,0.018546649992317477,0.00532033890272654,-0.04650406329875256,-0.014506793884608626,-0.01989679818946488,-0.01762156971665174,0.05681187114037822,0.03361895593045361,0.06505071329107004,0.019827132787335167,0.018546649992317477,0.00532033890272654,-0.04650406329875256,-0.014506793884608626,-0.01989679818946488,-0.01762156971665174,0.05681187114037822,0.03361895593045361,0.02157940940088854,0.015163875971009766,0.06505071329107004,0.019827132787335167
5,0.5,P_ecstasy-d5-v4,ecstasy,1,1,0.051435794584543615,0.03256803028761368,0.12693901034823085,0.0655347858310984,0.07262764892097628,0.03855396403656375,0.08565912494751737,0.04190836510213991,-0.07550321576368724,-0.032966755543484716,0.051435794584543615,0.03256803028761368,0.12693901034823085,0.0655347858310984,0.07262764892097628,0.03855396403656375,0.08565912494751737,0.04190836510213991,0.11158512849285751,0.05309281416766565,-0.07550321576368724,-0.032966755543484716
5,0.5,P_ecstasy-d6-v1,ecstasy,1,1,0.04741797334177811,0.03127906066738628,-0.0905655202905189,-0.051554044367014384,0.04814675764341381,0.02893893974363504,0.16359331883452244,0.08169471175132204,0.137983493632297,0.08283310503440067,0.04741797334177811,0.03127906066738628,-0.0905655202905189,-0.051554044367014384,0.04814675764341381,0.02893893974363504,0.16359331883452244,0.08169471175132204,0.17619134844730855,0.08456580358796595,0.137983493632297,0.08283310503440067
5,0.5,P_ecstasy-d6-v2,ecstasy,1,1,0.020384743222897406,0.014666060969640071,0.014356135409110848,0.003511137281561716,0.0013069378152188449,0.0012942022391380092,0.034546399327502364,0.02599446779282122,0.006028607813786557,0.011154923688078355,0.020384743222897406,0.014666060969640071,0.014356135409110848,0.003511137281561716,0.0013069378152188449,0.0012942022391380092,0.034546399327502364,0.02599446779282122,0.005976595793750761,0.0059397572282229305,0.006028607813786557,0.011154923688078355
5,0.5,P_ecstasy-d6-v3,ecstasy,1,1,0.009997742568082835,-0.0005304850461413935,2.115867351371037e-05,-0.0010933631009537592,-0.008741796396761536,-0.011327670704577741,-0.11940180463387451,-0.05786073559198268,0.009976583894569124,0.0005628780548123657,0.009997742568082835,-0.0005304850461413935,2.115867351371037e-05,-0.0010933631009537592,-0.008741796396761536,-0.011327670704577741,-0.11940180463387451,-0.05786073559198268,-0.1233504891710493,-0.06481232730816355,0.009976583894569124,0.0005628780548123657
5,0.5,P_loathing-d4-v1,loathing,-1,1,-0.04573146202778311,0.030865150252349594,-0.018505177803429973,0.009230560255791609,-0.04539855873317045,0.030424424251054738,-0.153035138674396,0.07946184822809865,-0.027226284224353137,0.021634589996557985,0.04573146202778311,0.030865150252349594,0.018505177803429973,0.009230560255791609,0.04539855873317045,0.030424424251054738,0.153035138674396,0.07946184822809865,0.18942323273478712,0.0907264435971804,0.027226284224353137,0.021634589996557985
5,0.5,P_loathing-d5-v2,loathing,-1,1,-0.0026350005572668422,0.004577790530404968,-0.0508750122523578,0.0058147929098515405,-0.0025272255032566804,0.007472480691650851,0.03547048402427855,-0.006735225195038996,0.048240011695090956,-0.0012370023794465723,0.0026350005572668422,0.004577790530404968,0.0508750122523578,0.0058147929098515405,0.0025272255032566804,0.007472480691650851,-0.03547048402427855,-0.006735225195038996,-0.03335498033227369,-0.006704976525119921,-0.048240011695090956,-0.0012370023794465723
5,0.5,P_loathing-d6-v2,loathing,-1,1,0.036585737520042017,-0.01998620772710069,-0.11422406000140661,0.07319500403243318,0.059635347012666706,-0.031709872473004275,0.027910232926062317,-0.008242277742910087,0.15080979752144863,-0.09318121175953387,-0.036585737520042017,-0.01998620772710069,0.11422406000140661,0.07319500403243318,-0.059635347012666706,-0.031709872473004275,-0.027910232926062317,-0.008242277742910087,-0.06260726512529535,-0.02383904886911381,-0.15080979752144863,-0.09318121175953387
5,0.5,P_loathing-d6-v4,loathing,-1,1,0.028164404091695516,-0.014976679477719301,0.043886141074489515,-0.03971018393194381,0.03547832838454745,-0.019596533207863587,0.07806007535305826,-0.03379495745648553,-0.015721736982794,0.02473350445422451,-0.028164404091695516,-0.014976679477719301,-0.043886141074489515,-0.03971018393194381,-0.03547832838454745,-0.019596533207863587,-0.07806007535305826,-0.03379495745648553,-0.10697489316454822,-0.039589720406054685,0.015721736982794,0.02473350445422451
5,0.5,P_amazement-d4-v1,amazement,1,1,0.04296542886469634,0.020014968441648406,-0.005259949475502346,-0.0017822181208240195,0.005511747358931451,-0.0045100962621731355,0.013337772791638614,5.383051982699172e-05,0.04822537834019869,0.021797186562472426,0.04296542886469634,0.020014968441648406,-0.005259949475502346,-0.0017822181208240195,0.005511747358931451,-0.0045100962621731355,0.013337772791638614,5.383051982699172e-05,-0.02218739807265102,-0.021682040603157482,0.04822537834019869,0.021797186562472426
5,0.5,P_amazement-d4-v2,amazement,1,1,-0.00965307297849538,0.001677752513669084,0.0544065236939657,0.029995392175284685,0.0015547439420497966,0.0043410404723713825,0.008469163386284784,0.008566175876927318,-0.06405959667246108,-0.0283176396616156,-0.00965307297849538,0.001677752513669084,0.0544065236939657,0.029995392175284685,0.0015547439420497966,0.0043410404723713825,0.008469163386284784,0.008566175876927318,-0.015299780736575563,-0.003804238579357744,-0.06405959667246108,-0.0283176396616156
5,0.5,P_amazement-d5-v2,amazement,1,1,-0.006565797021532482,-0.0034930000027895147,-0.00853861371073883,0.004255948134979981,-0.005928326569939912,-0.004854331674285284,-0.06361077192443254,-0.03352509214382904,0.001972816689206347,-0.007748948137769496,-0.006565797021532482,-0.0034930000027895147,-0.00853861371073883,0.004255948134979981,-0.005928326569939912,-0.004854331674285284,-0.06361077192443254,-0.03352509214382904,-0.0823774778733517,-0.03617253563204992,0.001972816689206347,-0.007748948137769496
5,0.5,P_amazement-d5-v4,amazement,1,1,0.041371855830568904,0.021842467521524078,-0.04624306976569592,-0.051774238928693705,0.02694971540341129,0.016061073922594815,0.07691706527285591,0.03879939764312601,0.08761492559626483,0.07361670645021778,0.041371855830568904,0.021842467521524078,-0.04624306976569592,-0.051774238928693705,0.02694971540341129,0.016061073922594815,0.07691706527285591,0.03879939764312601,0.05925005261714977,0.027137995735557308,0.08761492559626483,0.07361670645021778
5,0.5,P_amazement-d6-v1,amazement,1,1,-0.05935424270368106,-0.031608103613904426,0.004280119933389059,-0.007867686781638739,-0.05661011238811753,-0.032315980018604584,-0.09082901146188727,-0.04054995804879935,-0.06363436263707012,-0.023740416832265687,-0.05935424270368106,-0.031608103613904426,0.004280119933389059,-0.007867686781638739,-0.05661011238811753,-0.032315980018604584,-0.09082901146188727,-0.04054995804879935,-0.1252356183552643,-0.053730993180046926,-0.06363436263707012,-0.023740416832265687
5,0.5,P_amazement-d6-v4,amazement,1,1,-0.01835811305510493,-0.008176204184279001,0.021886452455199823,0.006318768592794122,-0.010961812036351937,-0.0059002083603623134,-0.028104574160181084,-0.013896718536482666,-0.04024456551030475,-0.014494972777073123,-0.01835811305510493,-0.008176204184279001,0.021886452455199823,0.006318768592794122,-0.010961812036351937,-0.0059002083603623134,-0.028104574160181084,-0.013896718536482666,-0.04838925741294142,-0.021563388082026513,-0.04024456551030475,-0.014494972777073123
5,0.5,P_admiration-d5-v1,admiration,1,1,0.030289408766975612,0.014408919680745313,0.04523686694496298,0.014939906153071725,0.023729003992921882,0.011487137699018213,0.1141256447253407,0.04471181867494112,-0.014947458177987372,-0.0005309864723264113,0.030289408766975612,0.014408919680745313,0.04523686694496298,0.014939906153071725,0.023729003992921882,0.011487137699018213,0.1141256447253407,0.04471181867494112,0.12100929887933409,0.04542940965613074,-0.014947458177987372,-0.0005309864723264113
5,0.5,P_admiration-d5-v3,admiration,1,1,0.025304426426740356,0.013344952209168426,-0.06384597301211592,-0.008765292535374947,0.04421547626977329,0.0215264661771295,-0.032738835013070844,-0.007218930070920226,0.08915039943885628,0.022110244744543373,0.025304426426740356,0.013344952209168426,-0.06384597301211592,-0.008765292535374947,0.04421547626977329,0.0215264661771295,-0.032738835013070844,-0.007218930070920226,-0.032100961604967226,-0.008392370792460913,0.08915039943885628,0.022110244744543373
5,0.5,P_admiration-d6-v1,admiration,1,1,-0.061618895303914734,-0.028935657045667362,-0.013103083476658561,-0.005790065650901788,-0.04638544072609907,-0.020066130074352095,-0.05661041984031101,-0.02667066104581295,-0.04851581182725617,-0.023145591394765574,-0.061618895303914734,-0.028935657045667362,-0.013103083476658561,-0.005790065650901788,-0.04638544072609907,-0.020066130074352095,-0.05661041984031101,-0.02667066104581295,-0.041699595318370086,-0.01939876012893782,-0.04851581182725617,-0.023145591394765574
5,0.5,P_admiration-d6-v2,admiration,1,1,0.01589099419167539,0.009290880968143789,0.017126925311668373,0.003742746910238459,0.024875026497083397,0.013169677192058415,0.03808495589776495,0.010752441797226897,-0.0012359311199929834,0.0055481340579053295,0.01589099419167539,0.009290880968143789,0.017126925311668373,0.003742746910238459,0.024875026497083397,0.013169677192058415,0.03808495589776495,0.010752441797226897,0.006653489037066418,-0.005912170782990334,-0.0012359311199929834,0.0055481340579053295
5,0.5,P_admiration-d6-v3,admiration,1,1,-0.03231362385048886,-0.01818044502778715,0.06037071507482494,0.02393141299334811,-0.02618845538758041,-0.01730292972597436,0.0034192312643512857,-0.00491951467918561,-0.0926843389253138,-0.04211185802113526,-0.03231362385048886,-0.01818044502778715,0.06037071507482494,0.02393141299334811,-0.02618845538758041,-0.01730292972597436,0.0034192312643512857,-0.00491951467918561,-0.021493506361207615,-0.014464502182816474,-0.0926843389253138,-0.04211185802113526
5,0.5,P_admiration-d6-v4,admiration,1,1,0.04387173369005826,0.013576543288027487,-0.005334715747215668,-0.016512835911909995,0.027734493921093062,0.007922241133978325,-0.012631790952850164,-0.006532413321395758,0.049206449437273925,0.030089379199937483,0.04387173369005826,0.013576543288027487,-0.005334715747215668,-0.016512835911909995,0.027734493921093062,0.007922241133978325,-0.012631790952850164,-0.006532413321395758,-0.028244152139778045,-0.013041052861964442,0.049206449437273925,0.030089379199937483
5,0.5,P_vigilance-d4-v2,vigilance,1,1,0.03731179094554893,0.024012039983975164,0.03170296262494432,0.011003036530783383,0.03748321926028453,0.02043179416652663,0.07029251144489557,0.03666421693227484,0.0056088283206046086,0.01300900345319178,0.03731179094554893,0.024012039983975164,0.03170296262494432,0.011003036530783383,0.03748321926028453,0.02043179416652663,0.07029251144489557,0.03666421693227484,0.07179650598928067,0.03745218392142036,0.0056088283206046086,0.01300900345319178
5,0.5,P_vigilance-d5-v2,vigilance,1,1,0.002370596705129735,-0.006929684155469573,-0.039367096604105534,-0.016545796248275124,-0.012384924195116831,-0.013940388747575305,-0.041710579638405854,-0.02322113390105951,0.04173769330923527,0.009616112092805551,0.002370596705129735,-0.006929684155469573,-0.039367096604105534,-0.016545796248275124,-0.012384924195116831,-0.013940388747575305,-0.041710579638405854,-0.02322113390105951,-0.09307230417144918,-0.042568198063524854,0.04173769330923527,0.009616112092805551
5,0.5,P_vigilance-d5-v3,vigilance,1,1,0.011528085711594471,0.0018241188983765255,0.03390089207704783,0.01298982966632689,0.012040737300470283,0.002316401820607439,-0.03715878943767148,-0.017395987725092432,-0.022372806365453357,-0.011165710767950365,0.011528085711594471,0.0018241188983765255,0.03390089207704783,0.01298982966632689,0.012040737300470283,0.002316401820607439,-0.03715878943767148,-0.017395987725092432,-0.025846198467109005,-0.011813488198090472,-0.022372806365453357,-0.011165710767950365
5,0.5,P_vigilance-d5-v4,vigilance,1,1,0.01121427927796148,0.0015302656189017938,-0.02231159803241578,-0.015365388971819272,0.004112537053794441,-0.003548273261001711,0.001085912348986362,-0.0007619793742508207,0.03352587731037726,0.016895654590721065,0.01121427927796148,0.0015302656189017938,-0.02231159803241578,-0.015365388971819272,0.004112537053794441,-0.003548273261001711,0.001085912348986362,-0.0007619793742508207,-0.031478946413387554,-0.013845760004711494,0.03352587731037726,0.016895654590721065
5,1.0,P_rage-d1-v2,rage,-1,1,-0.14635556868530442,0.06960677761156298,0.04799797275665307,-0.024504147713409807,-0.10895666851636054,0.043914247569259324,-0.06350944657262492,0.009782579180274364,-0.1943535414419575,0.09411092532497278,0.14635556868530442,0.06960677761156298,-0.04799797275665307,-0.024504147713409807,0.10895666851636054,0.043914247569259324,0.06350944657262492,0.009782579180274364,0.04334802511231706,0.001965795989907093,0.1943535414419575,0.09411092532497278
5,1.0,P_rage-d2-v3,rage,-1,1,0.05295490016661564,-0.04055239349521589,0.03991707658121246,-0.02726171179829695,0.04631984610096307,-0.055425308169433585,0.07559612279199568,-0.04391070452783863,0.013037823585403174,-0.013290681696918938,-0.05295490016661564,-0.04055239349521589,-0.03991707658121246,-0.02726171179829695,-0.04631984610096307,-0.055425308169433585,-0.07559612279199568,-0.04391070452783863,-0.0883866165960745,-0.05239402892706435,-0.013037823585403174,-0.013290681696918938
5,1.0,P_rage-d3-v3,rage,-1,1,0.03036729841072283,-0.07167995681360839,-0.07963312525913135,0.05007649261274594,0.029968646807918553,-0.06895145052921947,0.45018315124316466,-0.2356081260095353,0.11000042366985419,-0.12175644942635433,-0.03036729841072283,-0.07167995681360839,0.07963312525913135,0.05007649261274594,-0.029968646807918553,-0.06895145052921947,-0.45018315124316466,-0.2356081260095353,-0.4959411887916447,-0.24183070865452683,-0.11000042366985419,-0.12175644942635433
5,1.0,P_rage-d3-v4,rage,-1,1,-0.17625073932517576,0.0887632207862481,0.19276066538586267,-0.11603569280700032,-0.17612905243996213,0.08554470212078513,-0.18801392305976972,0.08032672838358534,-0.36901140471103844,0.20479891359324842,0.17625073932517576,0.0887632207862481,-0.19276066538586267,-0.11603569280700032,0.17612905243996213,0.08554470212078513,0.18801392305976972,0.08032672838358534,0.1738863545917364,0.07121174232994187,0.36901140471103844,0.20479891359324842
5,1.0,P_grief-d1-v3,grief,-1,-1,-0.0012147241102935524,0.010054965176468755,0.031840720753335994,0.06774135050430097,0.014321524405413122,0.016913170070854022,0.05354704174842606,0.03515785276224204,-0.033055444863629546,-0.05768638532783221,0.0012147241102935524,-0.010054965176468755,-0.031840720753335994,-0.06774135050430097,-0.014321524405413122,-0.016913170070854022,-0.05354704174842606,-0.03515785276224204,-0.05939851434322563,-0.032575656107575846,0.033055444863629546,0.05768638532783221
5,1.0,P_grief-d1-v4,grief,-1,-1,0.33098011626315493,0.25365148126184245,0.23519005555902783,0.17388095292976846,0.2672579975163485,0.21285637337577956,0.7072741035814802,0.3819306581111901,0.0957900607041271,0.07977052833207399,-0.33098011626315493,-0.25365148126184245,-0.23519005555902783,-0.17388095292976846,-0.2672579975163485,-0.21285637337577956,-0.7072741035814802,-0.3819306581111901,-0.6227318909703405,-0.3294829339587366,-0.0957900607041271,-0.07977052833207399
5,1.0,P_grief-d2-v1,grief,-1,-1,0.05803634556805459,0.034610423243176314,-0.02659133568282357,-0.024480046793318166,0.08112922061584094,0.051380095714344876,0.5387989563267337,0.18964066663850154,0.08462768125087816,0.05909047003649448,-0.05803634556805459,-0.034610423243176314,0.02659133568282357,0.024480046793318166,-0.08112922061584094,-0.051380095714344876,-0.5387989563267337,-0.18964066663850154,-0.5669918132881384,-0.19873762244281545,-0.08462768125087816,-0.05909047003649448
5,1.0,P_grief-d2-v2,grief,-1,-1,-0.15705573125068462,-0.053909232999266976,0.0009856455663168617,0.01783372554701046,-0.1812490174296979,-0.0640284466233787,-0.2046330050847036,-0.07903557108322312,-0.15804137681700148,-0.07174295854627744,0.15705573125068462,0.053909232999266976,-0.0009856455663168617,-0.01783372554701046,0.1812490174296979,0.0640284466233787,0.2046330050847036,0.07903557108322312,0.23126380993638573,0.08589874255924101,0.15804137681700148,0.07174295854627744
5,1.0,P_grief-d2-v3,grief,-1,-1,-0.08145074282201215,-0.022734660899952353,-0.08963308225790012,-0.0622173223322422,-0.09292072964944964,-0.02764031051883542,-0.09274070720658356,-0.03139947407930066,0.008182339435887975,0.039482661432289845,0.08145074282201215,0.022734660899952353,0.08963308225790012,0.0622173223322422,0.09292072964944964,0.02764031051883542,0.09274070720658356,0.03139947407930066,0.06807207866189868,0.022749507894230803,-0.008182339435887975,-0.039482661432289845
5,1.0,P_grief-d2-v4,grief,-1,-1,0.18744124168383625,0.1582831297112195,0.009049805638021269,0.023799609727428006,0.18390408511134737,0.1624667891480236,0.22461476498240662,0.14741786361811204,0.17839143604581498,0.1344835199837915,-0.18744124168383625,-0.1582831297112195,-0.009049805638021269,-0.023799609727428006,-0.18390408511134737,-0.1624667891480236,-0.22461476498240662,-0.14741786361811204,-0.2354342408671486,-0.15087110737771603,-0.17839143604581498,-0.1344835199837915
5,1.0,P_grief-d3-v2,grief,-1,-1,0.046502041193679844,0.027403836434862328,-0.037207219744788134,-0.02138425715957304,0.06239237671243103,0.03416053217399995,0.21019233637446932,0.10101254425576123,0.08370926093846798,0.04878809359443537,-0.046502041193679844,-0.027403836434862328,0.037207219744788134,0.02138425715957304,-0.06239237671243103,-0.03416053217399995,-0.21019233637446932,-0.10101254425576123,-0.2530219375374143,-0.11681704675719162,-0.08370926093846798,-0.04878809359443537
5,1.0,P_grief-d3-v3,grief,-1,-1,-0.0371824964424734,-0.018369528358892495,-0.13642443357903034,-0.08524596006934981,0.0017386617848389463,0.006710965726218099,0.02228268581106896,0.010885128451278092,0.09924193713655693,0.06687643171045732,0.0371824964424734,0.018369528358892495,0.13642443357903034,0.08524596006934981,-0.0017386617848389463,-0.006710965726218099,-0.02228268581106896,-0.010885128451278092,-0.09709742441213098,-0.04365052665293412,-0.09924193713655693,-0.06687643171045732
5,1.0,P_grief-d3-v4,grief,-1,-1,0.049463934531470244,0.024102510841762737,0.006282483139673722,0.006667689862618786,0.08151607432817443,0.04406688013721016,0.14646602334088987,0.04214680539263593,0.04318145139179652,0.01743482097914395,-0.049463934531470244,-0.024102510841762737,-0.006282483139673722,-0.006667689862618786,-0.08151607432817443,-0.04406688013721016,-0.14646602334088987,-0.04214680539263593,-0.2027197556712954,-0.062139009870057826,-0.04318145139179652,-0.01743482097914395
5,1.0,P_terror-d1-v3,terror,-1,1,-0.11290250132446467,0.06098530384880263,0.043007693169530015,-0.026902811682305128,-0.12176070472889933,0.07157022798344936,-0.0387587954578823,0.029117684557979917,-0.15591019449399468,0.08788811553110776,0.11290250132446467,0.06098530384880263,-0.043007693169530015,-0.026902811682305128,0.12176070472889933,0.07157022798344936,0.0387587954578823,0.029117684557979917,0.03437504025550009,0.030139156365804887,0.15591019449399468,0.08788811553110776
5,1.0,P_terror-d2-v3,terror,-1,1,0.02795308244362893,-0.038252474254337976,-0.07717772007965795,0.0417223425200568,-0.03433231460251651,-0.009044788992948583,0.21734639280119028,-0.12701090820468064,0.10513080252328688,-0.07997481677439477,-0.02795308244362893,-0.038252474254337976,0.07717772007965795,0.0417223425200568,0.03433231460251651,-0.009044788992948583,-0.21734639280119028,-0.12701090820468064,-0.18322912112329792,-0.12382955476230828,-0.10513080252328688,-0.07997481677439477
5,1.0,P_terror-d2-v4,terror,-1,1,0.15804461871380315,-0.13498806969792554,-0.013740244021044568,0.003921898424144921,0.13382814451488567,-0.11891450987260299,0.34863480226998567,-0.2083100695949378,0.17178486273484772,-0.13890996812207046,-0.15804461871380315,-0.13498806969792554,0.013740244021044568,0.003921898424144921,-0.13382814451488567,-0.11891450987260299,-0.34863480226998567,-0.2083100695949378,-0.28292967159268656,-0.1750693200575073,-0.17178486273484772,-0.13890996812207046
5,1.0,P_terror-d3-v3,terror,-1,1,-0.04396539348585016,0.0337434805233805,0.08931548780211607,-0.07551175914416586,-0.00256358228423359,0.011890352030031082,-0.06465319819820126,0.041868382458413844,-0.13328088128796622,0.10925523966754636,0.04396539348585016,0.0337434805233805,-0.08931548780211607,-0.07551175914416586,0.00256358228423359,0.011890352030031082,0.06465319819820126,0.041868382458413844,-0.016536114015067938,0.0013688508074221062,0.13328088128796622,0.10925523966754636
5,1.0,P_terror-d3-v4,terror,-1,1,-0.1475060346680408,0.056011815608200344,-0.022392584731099063,0.00817426123397702,-0.19660930597305004,0.08466856697896219,-0.33160347559467684,0.15645978997202592,-0.12511344993694173,0.04783755437422332,0.1475060346680408,0.056011815608200344,0.022392584731099063,0.00817426123397702,0.19660930597305004,0.08466856697896219,0.33160347559467684,0.15645978997202592,0.43255397305600507,0.1961125266305519,0.12511344993694173,0.04783755437422332
5,1.0,P_ecstasy-d1-v1,ecstasy,1,1,0.05130950917244803,0.0357537753938626,-0.28547464615429874,-0.1456974282330723,-0.010570122574704133,0.006569911708652398,0.03231439751854959,0.028592178781542188,0.33678415532674677,0.1814512036269349,0.05130950917244803,0.0357537753938626,-0.28547464615429874,-0.1456974282330723,-0.010570122574704133,0.006569911708652398,0.03231439751854959,0.028592178781542188,-0.042131835865328426,-0.02437543010077059,0.33678415532674677,0.1814512036269349
5,1.0,P_ecstasy-d2-v1,ecstasy,1,1,0.027295568514088764,0.019903288271769348,-0.01431952439891182,-0.019743937160345837,0.11857584840977298,0.07053854954300398,-0.033989515518711766,-0.006447318784958522,0.041615092913000584,0.039647225432115185,0.027295568514088764,0.019903288271769348,-0.01431952439891182,-0.019743937160345837,0.11857584840977298,0.07053854954300398,-0.033989515518711766,-0.006447318784958522,0.03607185099454746,0.026173078848586773,0.041615092913000584,0.039647225432115185
5,1.0,P_ecstasy-d2-v2,ecstasy,1,1,0.027138973849711867,-0.011439650592514283,-0.2900671274965152,-0.2800091218157492,-0.004948826608721646,-0.051100527901100534,-0.3822010230894102,-0.1777554880250194,0.31720610134622707,0.26856947122323493,0.027138973849711867,-0.011439650592514283,-0.2900671274965152,-0.2800091218157492,-0.004948826608721646,-0.051100527901100534,-0.3822010230894102,-0.1777554880250194,-0.36126591737083613,-0.1761575070014545,0.31720610134622707,0.26856947122323493
5,1.0,P_ecstasy-d2-v3,ecstasy,1,1,0.047690710447493956,0.002440470813668938,0.03481509776018665,0.001720475288513157,0.06600549783447285,0.01206769433459609,-0.10685665958803359,-0.05645120777407353,0.012875612687307303,0.000719995525155781,0.047690710447493956,0.002440470813668938,0.03481509776018665,0.001720475288513157,0.06600549783447285,0.01206769433459609,-0.10685665958803359,-0.05645120777407353,-0.05508758437344241,-0.03175390368829589,0.012875612687307303,0.000719995525155781
5,1.0,P_ecstasy-d2-v4,ecstasy,1,1,-0.20253352402357372,-0.15593054694067554,0.07252653978212997,0.0436643192745958,-0.16440148493796514,-0.13804683345930524,-0.3255773661110961,-0.19700889360371399,-0.2750600638057037,-0.19959486621527134,-0.20253352402357372,-0.15593054694067554,0.07252653978212997,0.0436643192745958,-0.16440148493796514,-0.13804683345930524,-0.3255773661110961,-0.19700889360371399,-0.29003049138460746,-0.17919140134328249,-0.2750600638057037,-0.19959486621527134
5,1.0,P_ecstasy-d3-v1,ecstasy,1,1,0.11357205373118262,0.009542027201803194,-0.016128966341836026,-0.01604883386228373,0.130464784474996,0.0021325942769578887,-0.15457036425579584,-0.11166388496389335,0.12970102007301865,0.025590861064086923,0.11357205373118262,0.009542027201803194,-0.016128966341836026,-0.01604883386228373,0.130464784474996,0.0021325942769578887,-0.15457036425579584,-0.11166388496389335,-0.14449251810061003,-0.11081053187627088,0.12970102007301865,0.025590861064086923
5,1.0,P_ecstasy-d3-v4,ecstasy,1,1,-0.08756217192668725,-0.06702308788506794,0.028046885901764185,0.015852631943843676,-0.1280907079709417,-0.09028459039424153,-0.2247905007808022,-0.09607524672039913,-0.11560905782845143,-0.08287571982891162,-0.08756217192668725,-0.06702308788506794,0.028046885901764185,0.015852631943843676,-0.1280907079709417,-0.09028459039424153,-0.2247905007808022,-0.09607524672039913,-0.27842311461644176,-0.11908669186520848,-0.11560905782845143,-0.08287571982891162
5,1.0,P_loathing-d1-v2,loathing,-1,1,0.011904569134889798,-0.03367790848284624,-0.07965399215657243,0.021756191045154694,0.012843077680178894,-0.0450782597347823,0.08869673945196732,-0.06341213870785989,0.09155856129146223,-0.055434099528000935,-0.011904569134889798,-0.03367790848284624,0.07965399215657243,0.021756191045154694,-0.012843077680178894,-0.0450782597347823,-0.08869673945196732,-0.06341213870785989,-0.056367170189550286,-0.051551103107928764,-0.09155856129146223,-0.055434099528000935
5,1.0,P_loathing-d2-v2,loathing,-1,1,-0.14815445601305743,0.0912293193976561,0.15697744594723861,-0.07978284508859446,-0.1986892264478728,0.11237002644554117,-0.2628751507532945,0.11809144861499465,-0.30513190196029605,0.17101216448625056,0.14815445601305743,0.0912293193976561,-0.15697744594723861,-0.07978284508859446,0.1986892264478728,0.11237002644554117,0.2628751507532945,0.11809144861499465,0.3493911087443524,0.15174892058458322,0.30513190196029605,0.17101216448625056
5,1.0,P_loathing-d3-v2,loathing,-1,1,0.07881147008419909,-0.054090890502917155,0.09789345008902517,-0.13465323058141987,0.15349393581793036,-0.09546312311084293,0.3566430054487686,-0.1451610359026727,-0.019081980004826082,0.08056234007850271,-0.07881147008419909,-0.054090890502917155,-0.09789345008902517,-0.13465323058141987,-0.15349393581793036,-0.09546312311084293,-0.3566430054487686,-0.1451610359026727,-0.4428425401773062,-0.17569251687909748,0.019081980004826082,0.08056234007850271
5,1.0,P_loathing-d3-v3,loathing,-1,1,0.039408471268940204,-0.02200448505193453,0.05428041814709772,-0.04349977910318703,0.06496441333305292,-0.03547439707152744,0.14285945030447733,-0.08332056267406918,-0.014871946878157516,0.0214952940512525,-0.039408471268940204,-0.02200448505193453,-0.05428041814709772,-0.04349977910318703,-0.06496441333305292,-0.03547439707152744,-0.14285945030447733,-0.08332056267406918,-0.1726050343799237,-0.09890861053957467,0.014871946878157516,0.0214952940512525
5,1.0,P_loathing-d3-v4,loathing,-1,1,0.0018377416656409906,-0.009787279697928142,-0.07416869701770867,0.015020370468556976,-0.036530143598036524,-0.005888098388775909,0.23219542212441402,-0.08664508705004703,0.07600643868334966,-0.024807650166485118,-0.0018377416656409906,-0.009787279697928142,0.07416869701770867,0.015020370468556976,0.036530143598036524,-0.005888098388775909,-0.23219542212441402,-0.08664508705004703,-0.14780796769605598,-0.047957067225643524,-0.07600643868334966,-0.024807650166485118
5,1.0,P_amazement-d1-v1,amazement,1,1,0.027195461513898955,-0.018108539707226257,0.1180970971159283,0.07617145389745161,0.026079074003851233,-0.02227781714206234,-0.06500990797673101,-0.05780735694733696,-0.09090163560202935,-0.09427999360467787,0.027195461513898955,-0.018108539707226257,0.1180970971159283,0.07617145389745161,0.026079074003851233,-0.02227781714206234,-0.06500990797673101,-0.05780735694733696,-0.03876027983175678,-0.04342213118594085,-0.09090163560202935,-0.09427999360467787
5,1.0,P_amazement-d1-v2,amazement,1,1,-0.030819351250379157,-0.0186577442382454,-0.029473532074184128,-0.011848427462087585,-0.062117689793184994,-0.04118264598322252,-0.07480618364998737,-0.024885803894723946,-0.0013458191761950289,-0.006809316776157814,-0.030819351250379157,-0.0186577442382454,-0.029473532074184128,-0.011848427462087585,-0.062117689793184994,-0.04118264598322252,-0.07480618364998737,-0.024885803894723946,-0.17265990049617752,-0.06869710036051746,-0.0013458191761950289,-0.006809316776157814
5,1.0,P_amazement-d1-v4,amazement,1,1,-0.12088693760218305,-0.13123377260359614,0.06535583396804956,0.026844488346892348,-0.09583656725557166,-0.12153646935068263,-0.08408204162613941,-0.08763707833371814,-0.1862427715702326,-0.1580782609504885,-0.12088693760218305,-0.13123377260359614,0.06535583396804956,0.026844488346892348,-0.09583656725557166,-0.12153646935068263,-0.08408204162613941,-0.08763707833371814,-0.04193885061168867,-0.06859605272538882,-0.1862427715702326,-0.1580782609504885
5,1.0,P_amazement-d2-v1,amazement,1,1,0.06643560988567732,0.02013758352523709,0.05232063558027278,0.035776221388553076,0.05806046347872673,0.007426131781493872,0.09332529246927557,0.03822961344831732,0.014114974305404537,-0.015638637863315985,0.06643560988567732,0.02013758352523709,0.05232063558027278,0.035776221388553076,0.05806046347872673,0.007426131781493872,0.09332529246927557,0.03822961344831732,0.05573227615986465,0.009781314203001212,0.014114974305404537,-0.015638637863315985
5,1.0,P_amazement-d2-v2,amazement,1,1,0.09123636736968876,0.03969016862926811,0.03685962188308345,0.023136897916240073,0.058413801044663316,0.028040897150484412,0.11413966532954944,0.05429203490822854,0.054376745486605316,0.016553270713028034,0.09123636736968876,0.03969016862926811,0.03685962188308345,0.023136897916240073,0.058413801044663316,0.028040897150484412,0.11413966532954944,0.05429203490822854,0.08624590707949009,0.04503929798967388,0.054376745486605316,0.016553270713028034
5,1.0,P_amazement-d3-v2,amazement,1,1,-0.04153144209211135,-0.030933224278896887,0.08269406976500449,0.01919562782196582,-0.049270803433716814,-0.03568031259098703,-0.3131220810289159,-0.14869673543626716,-0.12422551185711583,-0.05012885210086271,-0.04153144209211135,-0.030933224278896887,0.08269406976500449,0.01919562782196582,-0.049270803433716814,-0.03568031259098703,-0.3131220810289159,-0.14869673543626716,-0.34824026735509195,-0.17136981509519522,-0.12422551185711583,-0.05012885210086271
5,1.0,P_amazement-d3-v4,amazement,1,1,-0.008105739910008403,-0.04409127275564462,-0.0017335146339796381,0.002463151062856106,-0.027731569084655128,-0.05352549408081231,-0.24816662553550461,-0.12974031699994004,-0.0063722252760287645,-0.04655442381850072,-0.008105739910008403,-0.04409127275564462,-0.0017335146339796381,0.002463151062856106,-0.027731569084655128,-0.05352549408081231,-0.24816662553550461,-0.12974031699994004,-0.2998648773558048,-0.15354525932994,-0.0063722252760287645,-0.04655442381850072
5,1.0,P_admiration-d1-v1,admiration,1,1,0.05558630302452894,-0.0038261058223527655,-0.028979034968513062,0.011710528209463611,0.015258723889161274,-0.040235551643653444,-0.16781536869586144,-0.10336807872484188,0.084565337993042,-0.015536634031816376,0.05558630302452894,-0.0038261058223527655,-0.028979034968513062,0.011710528209463611,0.015258723889161274,-0.040235551643653444,-0.16781536869586144,-0.10336807872484188,-0.20190321286684032,-0.12747632022216804,0.084565337993042,-0.015536634031816376
5,1.0,P_admiration-d1-v2,admiration,1,1,-0.03116307901987181,-0.03560111874874039,0.02326765155695565,0.0022122356399538745,-0.01912056462665479,-0.043526826585470246,-0.17536679030166535,-0.08571393048333587,-0.05443073057682746,-0.037813354388694265,-0.03116307901987181,-0.03560111874874039,0.02326765155695565,0.0022122356399538745,-0.01912056462665479,-0.043526826585470246,-0.17536679030166535,-0.08571393048333587,-0.18336589834860773,-0.0915362367184196,-0.05443073057682746,-0.037813354388694265
5,1.0,P_admiration-d1-v3,admiration,1,1,0.05075789487091509,-0.01937825137398086,-0.04250852989994236,-0.013120949530676995,0.0027402665686180327,-0.049060384176820904,-0.23167970734975274,-0.11505321763194498,0.09326642477085745,-0.006257301843303864,0.05075789487091509,-0.01937825137398086,-0.04250852989994236,-0.013120949530676995,0.0027402665686180327,-0.049060384176820904,-0.23167970734975274,-0.11505321763194498,-0.3176240184727206,-0.14377728412996493,0.09326642477085745,-0.006257301843303864
5,1.0,P_admiration-d2-v1,admiration,1,1,0.02580063558236123,0.023815848239255644,-0.06932172961790428,-0.05065043567482164,0.02788391069415308,0.017860847557317427,-0.1632108011760769,-0.045453403219084976,0.09512236520026551,0.07446628391407728,0.02580063558236123,0.023815848239255644,-0.06932172961790428,-0.05065043567482164,0.02788391069415308,0.017860847557317427,-0.1632108011760769,-0.045453403219084976,-0.12414209723795011,-0.03834144022528374,0.09512236520026551,0.07446628391407728
5,1.0,P_admiration-d2-v2,admiration,1,1,-0.08985552829448284,-0.03276218846831647,-0.007457118198387569,-0.02215583975716129,-0.037204111459742784,-0.026754372304404583,-0.4400996946603821,-0.14541020122655457,-0.08239841009609528,-0.010606348711155178,-0.08985552829448284,-0.03276218846831647,-0.007457118198387569,-0.02215583975716129,-0.037204111459742784,-0.026754372304404583,-0.4400996946603821,-0.14541020122655457,-0.23484641275433926,-0.057036114056158826,-0.08239841009609528,-0.010606348711155178
5,1.0,P_admiration-d2-v3,admiration,1,1,-0.008390355911608971,-0.031190484072148195,-0.05381465911962202,-0.017018844198569028,-0.01363779722617231,-0.0374700401025434,-0.21117391046893186,-0.11276189687897542,0.04542430320801305,-0.014171639873579167,-0.008390355911608971,-0.031190484072148195,-0.05381465911962202,-0.017018844198569028,-0.01363779722617231,-0.0374700401025434,-0.21117391046893186,-0.11276189687897542,-0.24385619101782208,-0.12030205727189713,0.04542430320801305,-0.014171639873579167
5,1.0,P_vigilance-d1-v4,vigilance,1,1,-0.22866674981288249,-0.18660258822934495,-0.06370338869168979,-0.03157968082997353,-0.22929428916007843,-0.18768876814127466,-0.3799330382667643,-0.23660450111880493,-0.1649633611211927,-0.1550229073993714,-0.22866674981288249,-0.18660258822934495,-0.06370338869168979,-0.03157968082997353,-0.22929428916007843,-0.18768876814127466,-0.3799330382667643,-0.23660450111880493,-0.3708341062555016,-0.22928391133501425,-0.1649633611211927,-0.1550229073993714
5,1.0,P_vigilance-d2-v3,vigilance,1,1,0.007827061495796706,-0.006349891081903536,-0.06081822709137885,-0.04507152718172236,0.013840906935334907,-0.009199843762704774,-0.09814808048607615,-0.05434762878890398,0.06864528858717556,0.038721636099818824,0.007827061495796706,-0.006349891081903536,-0.06081822709137885,-0.04507152718172236,0.013840906935334907,-0.009199843762704774,-0.09814808048607615,-0.05434762878890398,-0.03735260011327002,-0.03132970012854175,0.06864528858717556,0.038721636099818824
5,1.0,P_vigilance-d2-v4,vigilance,1,1,-0.12546949449877154,-0.10897545333617398,0.004998814042198596,0.004287587480811261,-0.124305722576743,-0.10975108074710782,-0.2904810276754697,-0.1995965675540523,-0.13046830854097013,-0.11326304081698524,-0.12546949449877154,-0.10897545333617398,0.004998814042198596,0.004287587480811261,-0.124305722576743,-0.10975108074710782,-0.2904810276754697,-0.1995965675540523,-0.3159639047323477,-0.20687719351260725,-0.13046830854097013,-0.11326304081698524
5,1.0,P_vigilance-d3-v2,vigilance,1,1,-0.02976217643082002,-0.01135460693826218,-0.03717900641988692,-0.027448834947404244,-0.05292737986535734,-0.03327356145251059,-0.008271197036346933,-0.015149767207360831,0.007416829989066898,0.016094228009142064,-0.02976217643082002,-0.01135460693826218,-0.03717900641988692,-0.027448834947404244,-0.05292737986535734,-0.03327356145251059,-0.008271197036346933,-0.015149767207360831,-0.09174790689556378,-0.06397570042661282,0.007416829989066898,0.016094228009142064
5,1.0,P_vigilance-d3-v4,vigilance,1,1,0.08186078690069998,0.053029813751837906,0.08661473183374557,0.03153753435916151,0.06684520509245928,0.039795977361077206,0.16084791921885921,0.0923965603295942,-0.004753944933045595,0.021492279392676394,0.08186078690069998,0.053029813751837906,0.08661473183374557,0.03153753435916151,0.06684520509245928,0.039795977361077206,0.16084791921885921,0.0923965603295942,0.14208366075127543,0.08395678919535321,-0.004753944933045595,0.021492279392676394
5,1.0,P_rage-d4-v1,rage,-1,1,-0.12908274183759083,0.05705828434965454,-0.07327409224240888,0.03587741963722557,-0.11600792618280842,0.045608258280369185,-0.11733952248788793,0.04630364471271431,-0.05580864959518195,0.02118086471242897,0.12908274183759083,0.05705828434965454,0.07327409224240888,0.03587741963722557,0.11600792618280842,0.045608258280369185,0.11733952248788793,0.04630364471271431,0.08440601995796992,0.025391915010505528,0.05580864959518195,0.02118086471242897
5,1.0,P_rage-d4-v2,rage,-1,1,0.027629853836773854,0.003060197663315556,-0.014231369505997904,0.015433986687095391,0.004487794486537133,0.01037714678468138,0.2146842494779193,-0.08509800413708879,0.04186122334277176,-0.012373789023779835,-0.027629853836773854,0.003060197663315556,0.014231369505997904,0.015433986687095391,-0.004487794486537133,0.01037714678468138,-0.2146842494779193,-0.08509800413708879,-0.2287017892924572,-0.09725142992548896,-0.04186122334277176,-0.012373789023779835
5,1.0,P_rage-d4-v4,rage,-1,1,-0.03065965654177738,0.01458669439931004,0.1645865682350971,-0.1400456066807072,-0.020626047354896038,0.008531802978641423,0.22255660713490677,-0.10953564284929307,-0.19524622477687448,0.15463230108001724,0.03065965654177738,0.01458669439931004,-0.1645865682350971,-0.1400456066807072,0.020626047354896038,0.008531802978641423,-0.22255660713490677,-0.10953564284929307,-0.22286153339513604,-0.10979375894271115,0.19524622477687448,0.15463230108001724
5,1.0,P_rage-d5-v1,rage,-1,1,0.04003314498244315,-0.03087392099701436,-0.09619615898354539,0.06470289435606968,0.06325305225088496,-0.04449813437467931,0.028996915234043463,-0.011786370889735664,0.13622930396598854,-0.09557681535308404,-0.04003314498244315,-0.03087392099701436,0.09619615898354539,0.06470289435606968,-0.06325305225088496,-0.04449813437467931,-0.028996915234043463,-0.011786370889735664,-0.0994617581283066,-0.05042764262381105,-0.13622930396598854,-0.09557681535308404
5,1.0,P_rage-d5-v3,rage,-1,1,0.07119010318550778,-0.03404167946153969,0.31643141402282904,-0.16264285028948855,0.08379433112300472,-0.039213851149945356,0.08646118749360765,-0.03261218416625855,-0.24524131083732126,0.12860117082794886,-0.07119010318550778,-0.03404167946153969,-0.31643141402282904,-0.16264285028948855,-0.08379433112300472,-0.039213851149945356,-0.08646118749360765,-0.03261218416625855,-0.11624271071162617,-0.045544285537485685,0.24524131083732126,0.12860117082794886
5,1.0,P_rage-d6-v2,rage,-1,1,-0.004047787881900966,-0.0019447549596183222,0.07397450491968005,-0.04185852448481597,-0.010846883589028522,0.004436158472912233,-0.07641801820535488,0.027218584308396743,-0.07802229280158102,0.03991376952519765,0.004047787881900966,-0.0019447549596183222,-0.07397450491968005,-0.04185852448481597,0.010846883589028522,0.004436158472912233,0.07641801820535488,0.027218584308396743,0.06123853228278131,0.02660909287283353,0.07802229280158102,0.03991376952519765
5,1.0,P_grief-d4-v2,grief,-1,-1,-0.00955347814329599,-0.004892645235855753,-0.11213095002537443,-0.048837592397268814,0.0061707371746155815,0.0031150071306571547,-0.0855777917095315,-0.04452974737477122,0.10257747188207844,0.04394494716141306,0.00955347814329599,0.004892645235855753,0.11213095002537443,0.048837592397268814,-0.0061707371746155815,-0.0031150071306571547,0.0855777917095315,0.04452974737477122,0.07778088965861363,0.037470751486731846,-0.10257747188207844,-0.04394494716141306
5,1.0,P_grief-d4-v3,grief,-1,-1,-0.30419738144864805,-0.16586065033993513,0.043424675063281626,0.02210203244219411,-0.36889185494947974,-0.20004594598039205,-0.5480441719533165,-0.2925843608850216,-0.3476220565119297,-0.18796268278212924,0.30419738144864805,0.16586065033993513,-0.043424675063281626,-0.02210203244219411,0.36889185494947974,0.20004594598039205,0.5480441719533165,0.2925843608850216,0.6297511411287764,0.3330682322110463,0.3476220565119297,0.18796268278212924
5,1.0,P_grief-d4-v4,grief,-1,-1,-0.03964925968019983,-0.02259285330285099,0.10679509177904745,0.05298120022914876,-0.027499578717789852,-0.018611135978805038,-0.08667810405958809,-0.04413827164455064,-0.14644435145924728,-0.07557405353199975,0.03964925968019983,0.02259285330285099,-0.10679509177904745,-0.05298120022914876,0.027499578717789852,0.018611135978805038,0.08667810405958809,0.04413827164455064,0.04593938907789852,0.0264763922186404,0.14644435145924728,0.07557405353199975
5,1.0,P_grief-d5-v1,grief,-1,-1,-0.07569257874804514,-0.04297057679973282,-0.11750865515531572,-0.054332914108364605,-0.08329210762496686,-0.049746203017402735,-0.20308933039848487,-0.1017649174732127,0.041816076407270586,0.011362337308631787,0.07569257874804514,0.04297057679973282,0.11750865515531572,0.054332914108364605,0.08329210762496686,0.049746203017402735,0.20308933039848487,0.1017649174732127,0.27451237920348914,0.13799030080724606,-0.041816076407270586,-0.011362337308631787
5,1.0,P_grief-d5-v2,grief,-1,-1,-0.03082795840444774,-0.013688996979481338,0.22885207493595505,0.1537256722474769,-0.012354793348117177,-0.0003647784034646051,0.14136907430250378,0.05187635980384897,-0.2596800333404028,-0.16741466922695825,0.03082795840444774,0.013688996979481338,-0.22885207493595505,-0.1537256722474769,0.012354793348117177,0.0003647784034646051,-0.14136907430250378,-0.05187635980384897,-0.1771891337898932,-0.07234392292772096,0.2596800333404028,0.16741466922695825
5,1.0,P_grief-d5-v3,grief,-1,-1,0.04594590509691443,0.03277449632290175,-0.043721921131833597,-0.029527979576504215,0.06624395363668434,0.04150595160902881,0.20546874872134158,0.08937839854183416,0.08966782622874803,0.06230247589940596,-0.04594590509691443,-0.03277449632290175,0.043721921131833597,0.029527979576504215,-0.06624395363668434,-0.04150595160902881,-0.20546874872134158,-0.08937839854183416,-0.2312080410882973,-0.10006323856482968,-0.08966782622874803,-0.06230247589940596
5,1.0,P_grief-d6-v1,grief,-1,-1,-0.10361579282079347,-0.05430534492883776,-0.07280884366106477,-0.02983653954896326,-0.12642140371804622,-0.07207074568428418,-0.18653108197325396,-0.08391487708429457,-0.030806949159728703,-0.024468805379874503,0.10361579282079347,0.05430534492883776,0.07280884366106477,0.02983653954896326,0.12642140371804622,0.07207074568428418,0.18653108197325396,0.08391487708429457,0.19489504577059513,0.08645588709558005,0.030806949159728703,0.024468805379874503
5,1.0,P_grief-d6-v2,grief,-1,-1,-0.06829042199024737,-0.04017524995755828,-0.03271921998238092,-0.025746844040005712,-0.054565580528850965,-0.02715120365787005,-0.12918138129175993,-0.06066118654191932,-0.035571202007866454,-0.014428405917552567,0.06829042199024737,0.04017524995755828,0.03271921998238092,0.025746844040005712,0.054565580528850965,0.02715120365787005,0.12918138129175993,0.06066118654191932,0.11746971580351495,0.04781206720604869,0.035571202007866454,0.014428405917552567
5,1.0,P_terror-d4-v1,terror,-1,1,0.06955040941163837,-0.04639641823933438,0.01514693345352125,-0.006164516571313783,0.037665222950494126,-0.025293370106569846,0.09360840045246777,-0.04650861986472643,0.05440347595811712,-0.0402319016680206,-0.06955040941163837,-0.04639641823933438,-0.01514693345352125,-0.006164516571313783,-0.037665222950494126,-0.025293370106569846,-0.09360840045246777,-0.04650861986472643,-0.03297627880168674,-0.018137137926465652,-0.05440347595811712,-0.0402319016680206
5,1.0,P_terror-d4-v2,terror,-1,1,0.1824173581062647,-0.10893309456381317,0.19877958852642763,-0.1529786007731193,0.2449452308224025,-0.1338564490614278,0.2753734397189964,-0.15709247546658922,-0.016362230420162938,0.04404550620930614,-0.1824173581062647,-0.10893309456381317,-0.19877958852642763,-0.1529786007731193,-0.2449452308224025,-0.1338564490614278,-0.2753734397189964,-0.15709247546658922,-0.41594298018907416,-0.21084118264214613,0.016362230420162938,0.04404550620930614
5,1.0,P_terror-d4-v3,terror,-1,1,0.0637814175609499,-0.034400148225845584,-0.054136802566238984,0.009577023703526422,0.06470605080754233,-0.03249088740695072,0.1708883711273672,-0.0884437384364718,0.11791822012718889,-0.043977171929372005,-0.0637814175609499,-0.034400148225845584,0.054136802566238984,0.009577023703526422,-0.06470605080754233,-0.03249088740695072,-0.1708883711273672,-0.0884437384364718,-0.16261458032473364,-0.08101108468155971,-0.11791822012718889,-0.043977171929372005
5,1.0,P_terror-d5-v1,terror,-1,1,0.08850796484742052,-0.04273409056098387,0.061142435595441746,-0.01746460828833918,0.0480227476202737,-0.021685257415690273,0.18020567638133755,-0.08784205603332751,0.02736552925197877,-0.025269482272644694,-0.08850796484742052,-0.04273409056098387,-0.061142435595441746,-0.01746460828833918,-0.0480227476202737,-0.021685257415690273,-0.18020567638133755,-0.08784205603332751,-0.14193919154044554,-0.06999024556737021,-0.02736552925197877,-0.025269482272644694
5,1.0,P_terror-d5-v2,terror,-1,1,0.04140150707191115,-0.00649391757892559,0.08011073911739608,-0.0504464576976309,0.01863071124865634,0.01020340172994949,0.17590503207234587,-0.06228503585272405,-0.03870923204548493,0.04395254011870531,-0.04140150707191115,-0.00649391757892559,-0.08011073911739608,-0.0504464576976309,-0.01863071124865634,0.01020340172994949,-0.17590503207234587,-0.06228503585272405,-0.13010922890121135,-0.041457564163139615,0.03870923204548493,0.04395254011870531
5,1.0,P_terror-d6-v2,terror,-1,1,-0.057103254243596524,0.02540218186649046,0.046770174722152724,-0.014903075918661024,-0.0554013251914931,0.023095678733339398,-0.1724807282291443,0.07650567416372578,-0.10387342896574925,0.04030525778515148,0.057103254243596524,0.02540218186649046,-0.046770174722152724,-0.014903075918661024,0.0554013251914931,0.023095678733339398,0.1724807282291443,0.07650567416372578,0.12815895459009452,0.05750804027489398,0.10387342896574925,0.04030525778515148
5,1.0,P_ecstasy-d4-v1,ecstasy,1,1,0.039918071019021895,0.0032886852081972506,0.068328203285831,0.022134942603508456,0.032316417031272415,-0.0006088321746728909,0.05029921533918991,0.019048099391339335,-0.028410132266809107,-0.018846257395311206,0.039918071019021895,0.0032886852081972506,0.068328203285831,0.022134942603508456,0.032316417031272415,-0.0006088321746728909,0.05029921533918991,0.019048099391339335,0.027529919816903003,-0.0029126595152959567,-0.028410132266809107,-0.018846257395311206
5,1.0,P_ecstasy-d4-v3,ecstasy,1,1,0.03506773926143403,0.029098881932863918,-0.030299340636005034,-0.013313181329450252,0.04597610665502039,0.03735953849739815,0.01472895031664434,0.00517633951785168,0.06536707989743906,0.04241206326231417,0.03506773926143403,0.029098881932863918,-0.030299340636005034,-0.013313181329450252,0.04597610665502039,0.03735953849739815,0.01472895031664434,0.00517633951785168,-0.011580782893602759,0.0005925697529316487,0.06536707989743906,0.04241206326231417
5,1.0,P_ecstasy-d5-v1,ecstasy,1,1,0.06274449725975018,0.030952449298248474,-0.029892007472710702,-0.05116332243990129,0.05499398144558043,0.028917679163552812,0.1473077821425295,0.07515837073455911,0.09263650473246088,0.08211577173814977,0.06274449725975018,0.030952449298248474,-0.029892007472710702,-0.05116332243990129,0.05499398144558043,0.028917679163552812,0.1473077821425295,0.07515837073455911,0.13926403328968773,0.06849501539685221,0.09263650473246088,0.08211577173814977
5,1.0,P_ecstasy-d5-v2,ecstasy,1,1,0.05405138062805381,0.019530817932452926,-0.07295367505832484,-0.015733587390348802,-0.03289404571026733,-0.02415189145296992,0.13988813915813547,0.08279681004400796,0.12700505568637865,0.03526440532280173,0.05405138062805381,0.019530817932452926,-0.07295367505832484,-0.015733587390348802,-0.03289404571026733,-0.02415189145296992,0.13988813915813547,0.08279681004400796,0.051277278971246565,0.039159986185836715,0.12700505568637865,0.03526440532280173
5,1.0,P_ecstasy-d5-v4,ecstasy,1,1,0.08948866430576707,0.05262623860440563,0.21696280400475754,0.11289936842985338,0.10686791853559008,0.06034849289827804,0.17109652285526833,0.08614460180455463,-0.12747413969899046,-0.06027312982544775,0.08948866430576707,0.05262623860440563,0.21696280400475754,0.11289936842985338,0.10686791853559008,0.06034849289827804,0.17109652285526833,0.08614460180455463,0.21799006217496109,0.10375400716507421,-0.12747413969899046,-0.06027312982544775
5,1.0,P_ecstasy-d6-v1,ecstasy,1,1,0.12174475964620779,0.0727679717812233,-0.1248063083652271,-0.07941180329340103,0.10610519570824906,0.05769215580979736,0.3138130935635015,0.16326414830990998,0.2465510680114349,0.15217977507462432,0.12174475964620779,0.0727679717812233,-0.1248063083652271,-0.07941180329340103,0.10610519570824906,0.05769215580979736,0.3138130935635015,0.16326414830990998,0.35352499805700655,0.17278126888804213,0.2465510680114349,0.15217977507462432
5,1.0,P_ecstasy-d6-v2,ecstasy,1,1,0.01794804891221169,0.01681261711205906,0.028410817773876218,0.006345948000910262,0.00727758670255696,0.003724309886913524,0.06166625589717967,0.046456372795073975,-0.010462768861664529,0.010466669111148796,0.01794804891221169,0.01681261711205906,0.028410817773876218,0.006345948000910262,0.00727758670255696,0.003724309886913524,0.06166625589717967,0.046456372795073975,0.004978472603452744,0.01076943405361952,-0.010462768861664529,0.010466669111148796
5,1.0,P_ecstasy-d6-v3,ecstasy,1,1,0.005890405009271404,-0.007208305785046498,-0.002668495828189954,-0.004762112114951478,-0.004982305953316057,-0.01640822184617008,-0.22353759255837735,-0.11271298879483904,0.008558900837461358,-0.0024461936700950204,0.005890405009271404,-0.007208305785046498,-0.002668495828189954,-0.004762112114951478,-0.004982305953316057,-0.01640822184617008,-0.22353759255837735,-0.11271298879483904,-0.23876174868801092,-0.1253926101365641,0.008558900837461358,-0.0024461936700950204
5,1.0,P_loathing-d4-v1,loathing,-1,1,-0.10171074800818225,0.06668500070632,-0.02234822846040707,0.014347384530843499,-0.09625975665465525,0.06179400662714407,-0.30465254014704035,0.15857292801186684,-0.07936251954777518,0.0523376161754765,0.10171074800818225,0.06668500070632,0.02234822846040707,0.014347384530843499,0.09625975665465525,0.06179400662714407,0.30465254014704035,0.15857292801186684,0.35327471934967347,0.17267201335468751,0.07936251954777518,0.0523376161754765
5,1.0,P_loathing-d5-v2,loathing,-1,1,0.016737247635446373,-0.0005221992857933344,-0.1279407898296716,0.0241808435234816,0.0030020767204623766,0.005775433421540299,0.07498602006517441,-0.013260289582170515,0.14467803746511798,-0.024703042809274933,-0.016737247635446373,-0.0005221992857933344,0.1279407898296716,0.0241808435234816,-0.0030020767204623766,0.005775433421540299,-0.07498602006517441,-0.013260289582170515,-0.07070240044738396,-0.00824663876868792,-0.14467803746511798,-0.024703042809274933
5,1.0,P_loathing-d6-v2,loathing,-1,1,0.06699528663434418,-0.03838547941147308,-0.17285605209573962,0.1184989885133847,0.11785904272270731,-0.06381765785613336,0.07423303631056255,-0.02467707608427805,0.2398513387300838,-0.15688446792485777,-0.06699528663434418,-0.03838547941147308,0.17285605209573962,0.1184989885133847,-0.11785904272270731,-0.06381765785613336,-0.07423303631056255,-0.02467707608427805,-0.12312044095499441,-0.04773040624846159,-0.2398513387300838,-0.15688446792485777
5,1.0,P_loathing-d6-v4,loathing,-1,1,0.08574903006531276,-0.04303448744623051,0.10156280726315714,-0.08536107790737546,0.10488855809986752,-0.050281099035146326,0.14300352055238896,-0.06544003932438658,-0.01581377719784438,0.04232659046114495,-0.08574903006531276,-0.04303448744623051,-0.10156280726315714,-0.08536107790737546,-0.10488855809986752,-0.050281099035146326,-0.14300352055238896,-0.06544003932438658,-0.22238370996244594,-0.0836285501650349,0.01581377719784438,0.04232659046114495
5,1.0,P_amazement-d4-v1,amazement,1,1,0.08496458100464999,0.04148490902758617,0.01752953210872743,0.016182231813755443,0.022348855063316186,-0.00223880586659142,0.06538756578840799,0.01731880608580383,0.06743504889592256,0.025302677213830727,0.08496458100464999,0.04148490902758617,0.01752953210872743,0.016182231813755443,0.022348855063316186,-0.00223880586659142,0.06538756578840799,0.01731880608580383,0.0016714702420239647,-0.019006293981138622,0.06743504889592256,0.025302677213830727
5,1.0,P_amazement-d4-v2,amazement,1,1,0.005903499604094975,0.011714782289014458,0.10205965878692691,0.056438754130130775,-0.004984908203367944,0.005798650891542856,0.03676724139949972,0.024032010542735183,-0.09615615918283194,-0.04472397184111632,0.005903499604094975,0.011714782289014458,0.10205965878692691,0.056438754130130775,-0.004984908203367944,0.005798650891542856,0.03676724139949972,0.024032010542735183,-0.014189386657024627,0.00033357325452376685,-0.09615615918283194,-0.04472397184111632
5,1.0,P_amazement-d5-v2,amazement,1,1,-0.015170173164805512,-0.00693565202915547,-0.011458057469708294,0.006510623043211261,-0.01596241096109363,-0.007672449826176653,-0.15155478351771334,-0.0693736523421502,-0.003712115695097218,-0.013446275072366731,-0.015170173164805512,-0.00693565202915547,-0.011458057469708294,0.006510623043211261,-0.01596241096109363,-0.007672449826176653,-0.15155478351771334,-0.0693736523421502,-0.15039542750030366,-0.06447266880150737,-0.003712115695097218,-0.013446275072366731
5,1.0,P_amazement-d5-v4,amazement,1,1,0.05099633525735925,0.029665512811424044,-0.08402624431336214,-0.09767860943283413,0.04494834073274312,0.02488058734209364,0.1759917356936338,0.08196979746180011,0.1350225795707214,0.12734412224425817,0.05099633525735925,0.029665512811424044,-0.08402624431336214,-0.09767860943283413,0.04494834073274312,0.02488058734209364,0.1759917356936338,0.08196979746180011,0.12943734597310508,0.05913227147951794,0.1350225795707214,0.12734412224425817
5,1.0,P_amazement-d6-v1,amazement,1,1,-0.11491193457327142,-0.06392445957210757,0.022763620919802108,-0.006779551794970473,-0.11397711124627286,-0.05969869138720707,-0.18004595930505252,-0.07848880440623374,-0.13767555549307353,-0.0571449077771371,-0.11491193457327142,-0.06392445957210757,0.022763620919802108,-0.006779551794970473,-0.11397711124627286,-0.05969869138720707,-0.18004595930505252,-0.07848880440623374,-0.2371802028446086,-0.10107156535211503,-0.13767555549307353,-0.0571449077771371
5,1.0,P_amazement-d6-v4,amazement,1,1,-0.005956293199966822,-0.008586118606826787,0.02630036882700626,0.008412550221574833,-0.011134159773965813,-0.006355150671518928,-0.06209907018351357,-0.029364410819829878,-0.03225666202697308,-0.01699866882840162,-0.005956293199966822,-0.008586118606826787,0.02630036882700626,0.008412550221574833,-0.011134159773965813,-0.006355150671518928,-0.06209907018351357,-0.029364410819829878,-0.0870191419261741,-0.03701530188953939,-0.03225666202697308,-0.01699866882840162
5,1.0,P_admiration-d5-v1,admiration,1,1,0.06023365967106109,0.030428677697162954,0.07114910430437504,0.020125149540985987,0.05024910926780102,0.026230996323990396,0.2323474053079626,0.08707829515343901,-0.010915444633313953,0.010303528156176966,0.06023365967106109,0.030428677697162954,0.07114910430437504,0.020125149540985987,0.05024910926780102,0.026230996323990396,0.2323474053079626,0.08707829515343901,0.22699788522916586,0.0891989792817367,-0.010915444633313953,0.010303528156176966
5,1.0,P_admiration-d5-v3,admiration,1,1,0.11006738177579045,0.050311033470951116,-0.12876526105134545,-0.026877045349139372,0.07406415099417885,0.038019508880542396,-0.05763485555166392,-0.017110311722190463,0.2388326428271359,0.07718807882009049,0.11006738177579045,0.050311033470951116,-0.12876526105134545,-0.026877045349139372,0.07406415099417885,0.038019508880542396,-0.05763485555166392,-0.017110311722190463,-0.04411851313526083,-0.00629308678267293,0.2388326428271359,0.07718807882009049
5,1.0,P_admiration-d6-v1,admiration,1,1,-0.12918028970381545,-0.06235163359792839,-0.005723881858096469,-0.004160262584488983,-0.09212882044844495,-0.041268197886415336,-0.1379604451122085,-0.06521616105954386,-0.12345640784571899,-0.05819137101343941,-0.12918028970381545,-0.06235163359792839,-0.005723881858096469,-0.004160262584488983,-0.09212882044844495,-0.041268197886415336,-0.1379604451122085,-0.06521616105954386,-0.09295709606442148,-0.04398148641808586,-0.12345640784571899,-0.05819137101343941
5,1.0,P_admiration-d6-v2,admiration,1,1,0.03114419846637073,0.016923114579618925,0.012978794428909701,0.002558232197672261,0.012223869345870497,0.006872902190718122,0.074945223354411,0.024906989094645393,0.01816540403746103,0.014364882381946664,0.03114419846637073,0.016923114579618925,0.012978794428909701,0.002558232197672261,0.012223869345870497,0.006872902190718122,0.074945223354411,0.024906989094645393,0.03728721152148129,0.007303588585191534,0.01816540403746103,0.014364882381946664
5,1.0,P_admiration-d6-v3,admiration,1,1,-0.046918287222662336,-0.031043222640271928,0.11287144821154449,0.04776455102455035,-0.07020723737773427,-0.04103298271221867,0.025370869426984743,8.417821085870969e-05,-0.15978973543420683,-0.07880777366482228,-0.046918287222662336,-0.031043222640271928,0.11287144821154449,0.04776455102455035,-0.07020723737773427,-0.04103298271221867,0.025370869426984743,8.417821085870969e-05,-0.008097780315552416,-0.012695257302495211,-0.15978973543420683,-0.07880777366482228
5,1.0,P_admiration-d6-v4,admiration,1,1,0.06276173064776991,0.021313209980005077,0.006548208173867032,-0.017395402946767113,0.06310454078112482,0.019401296663975387,-0.024386385917854803,-0.012731530114908907,0.05621352247390288,0.03870861292677219,0.06276173064776991,0.021313209980005077,0.006548208173867032,-0.017395402946767113,0.06310454078112482,0.019401296663975387,-0.024386385917854803,-0.012731530114908907,-0.04529747169013154,-0.020784229676815702,0.05621352247390288,0.03870861292677219
5,1.0,P_vigilance-d4-v2,vigilance,1,1,0.07188387293581133,0.049468061790392426,0.05618321265285253,0.02504682166776462,0.06988003534300624,0.04428770200977894,0.1354463648996571,0.07284748385723194,0.0157006602829588,0.024421240122627808,0.07188387293581133,0.049468061790392426,0.05618321265285253,0.02504682166776462,0.06988003534300624,0.04428770200977894,0.1354463648996571,0.07284748385723194,0.13336135243667702,0.07376653975031999,0.0157006602829588,0.024421240122627808
5,1.0,P_vigilance-d5-v2,vigilance,1,1,-0.007864923762496367,-0.017405073514930258,-0.09764174322487573,-0.03897444721729215,-0.030408567995696245,-0.026636766445395033,-0.06690849890482209,-0.03459961156633895,0.08977681946237936,0.021569373702361894,-0.007864923762496367,-0.017405073514930258,-0.09764174322487573,-0.03897444721729215,-0.030408567995696245,-0.026636766445395033,-0.06690849890482209,-0.03459961156633895,-0.15035074261519288,-0.06684125086997295,0.08977681946237936,0.021569373702361894
5,1.0,P_vigilance-d5-v3,vigilance,1,1,0.012359901360964543,-0.0016829388916477228,0.07982247332959247,0.029705063524914088,0.03918926955025803,0.00806703634821826,-0.06011839685121334,-0.023527347265768217,-0.06746257196862793,-0.03138800241656181,0.012359901360964543,-0.0016829388916477228,0.07982247332959247,0.029705063524914088,0.03918926955025803,0.00806703634821826,-0.06011839685121334,-0.023527347265768217,-0.056249811065132604,-0.02147032579821362,-0.06746257196862793,-0.03138800241656181
5,1.0,P_vigilance-d5-v4,vigilance,1,1,0.014338748703313087,0.002229529179123446,-0.03953348320415628,-0.02653124581408317,0.007696875717854823,-0.008275426184470192,-0.001272895246946959,0.0028542925405590225,0.05387223190746937,0.028760774993206617,0.014338748703313087,0.002229529179123446,-0.03953348320415628,-0.02653124581408317,0.007696875717854823,-0.008275426184470192,-0.001272895246946959,0.0028542925405590225,-0.05413238476798288,-0.025054072281622375,0.05387223190746937,0.028760774993206617
5,1.5,P_rage-d1-v2,rage,-1,1,-0.21214972264420728,0.09771140766387276,0.053631857333801936,-0.026445948052670865,-0.1645408776037578,0.06963929152015425,-0.11264980998229923,0.023892886041211092,-0.2657815799780092,0.12415735571654363,0.21214972264420728,0.09771140766387276,-0.053631857333801936,-0.026445948052670865,0.1645408776037578,0.06963929152015425,0.11264980998229923,0.023892886041211092,0.08573432010900994,0.018177092146910656,0.2657815799780092,0.12415735571654363
5,1.5,P_rage-d2-v3,rage,-1,1,0.07449888073968047,-0.058732316319535904,0.03759514452855228,-0.03531462935920526,0.06880187212589917,-0.07832997263154251,0.06516123111865468,-0.04128740372876383,0.03690373621112819,-0.02341768696033064,-0.07449888073968047,-0.058732316319535904,-0.03759514452855228,-0.03531462935920526,-0.06880187212589917,-0.07832997263154251,-0.06516123111865468,-0.04128740372876383,-0.07437742052020724,-0.04803597992945097,-0.03690373621112819,-0.02341768696033064
5,1.5,P_rage-d3-v3,rage,-1,1,0.05892067543333468,-0.11627198302299924,-0.088271116686931,0.06217805163415058,0.04429413708261176,-0.1047638743842878,0.7085577216000916,-0.3546902365881195,0.14719179212026567,-0.17845003465714981,-0.05892067543333468,-0.11627198302299924,0.088271116686931,0.06217805163415058,-0.04429413708261176,-0.1047638743842878,-0.7085577216000916,-0.3546902365881195,-0.7719684871730359,-0.3610362585054592,-0.14719179212026567,-0.17845003465714981
5,1.5,P_rage-d3-v4,rage,-1,1,-0.26736362885292664,0.13063289439042602,0.24390304396978646,-0.14617807567254015,-0.26892666455726477,0.12694763489476557,-0.3085523475779688,0.13650651782234924,-0.5112666728227131,0.2768109700629662,0.26736362885292664,0.13063289439042602,-0.24390304396978646,-0.14617807567254015,0.26892666455726477,0.12694763489476557,0.3085523475779688,0.13650651782234924,0.2784794065668099,0.11842023013246417,0.5112666728227131,0.2768109700629662
5,1.5,P_grief-d1-v3,grief,-1,-1,0.021903311447891483,0.02316597683741861,-0.003435379053692067,0.07080649911565384,0.03354937886785425,0.02882824400409767,0.06567658138461585,0.044359384744169006,0.02533869050158355,-0.04764052227823523,-0.021903311447891483,-0.02316597683741861,0.003435379053692067,-0.07080649911565384,-0.03354937886785425,-0.02882824400409767,-0.06567658138461585,-0.044359384744169006,-0.10578485583804564,-0.049422113084978125,-0.02533869050158355,0.04764052227823523
5,1.5,P_grief-d1-v4,grief,-1,-1,0.5377842160836357,0.4092963158541272,0.36782582402661923,0.27669167971863207,0.40817913141147866,0.3221856506505718,0.9258783592590509,0.4970058497758778,0.16995839205701646,0.1326046361354951,-0.5377842160836357,-0.4092963158541272,-0.36782582402661923,-0.27669167971863207,-0.40817913141147866,-0.3221856506505718,-0.9258783592590509,-0.4970058497758778,-0.6920569306942812,-0.3703760988199001,-0.16995839205701646,-0.1326046361354951
5,1.5,P_grief-d2-v1,grief,-1,-1,0.10927031019558253,0.05913406198674309,-0.027841757973099845,-0.03091235672567727,0.1418302554558526,0.08150754899198098,0.7942069113197614,0.26723182443349547,0.13711206816868238,0.09004641871242036,-0.10927031019558253,-0.05913406198674309,0.027841757973099845,0.03091235672567727,-0.1418302554558526,-0.08150754899198098,-0.7942069113197614,-0.26723182443349547,-0.8052487556271557,-0.2698704675933481,-0.13711206816868238,-0.09004641871242036
5,1.5,P_grief-d2-v2,grief,-1,-1,-0.22455126739568065,-0.0765895911275356,-0.004768798120812434,0.017533137083702854,-0.24943143134483314,-0.08920166216954328,-0.3431922744676834,-0.1323732503062951,-0.21978246927486822,-0.09412272821123846,0.22455126739568065,0.0765895911275356,0.004768798120812434,-0.017533137083702854,0.24943143134483314,0.08920166216954328,0.3431922744676834,0.1323732503062951,0.3728518493825508,0.13578061860959023,0.21978246927486822,0.09412272821123846
5,1.5,P_grief-d2-v3,grief,-1,-1,-0.1426940704642039,-0.04190925919656241,-0.12128270697320342,-0.08101239929847903,-0.13631344135167023,-0.04021472569185036,-0.21925659512524254,-0.07980452626925683,-0.02141136349100048,0.03910314010191662,0.1426940704642039,0.04190925919656241,0.12128270697320342,0.08101239929847903,0.13631344135167023,0.04021472569185036,0.21925659512524254,0.07980452626925683,0.14340624922889145,0.05266982862795366,0.02141136349100048,-0.03910314010191662
5,1.5,P_grief-d2-v4,grief,-1,-1,0.3092652524508184,0.2508480978591514,0.024085754454223007,0.044450134033706235,0.2715215415240335,0.23482605116901745,0.2625422591062576,0.1759398925845561,0.28517949799659537,0.20639796382544517,-0.3092652524508184,-0.2508480978591514,-0.024085754454223007,-0.044450134033706235,-0.2715215415240335,-0.23482605116901745,-0.2625422591062576,-0.1759398925845561,-0.15857900795891,-0.11957836221017537,-0.28517949799659537,-0.20639796382544517
5,1.5,P_grief-d3-v2,grief,-1,-1,0.0875925857903912,0.05175497357708014,-0.05632793823624915,-0.03147765569638494,0.11324000238150767,0.058799622872788504,0.34004040148647396,0.16194758458214453,0.14392052402664035,0.08323262927346509,-0.0875925857903912,-0.05175497357708014,0.05632793823624915,0.03147765569638494,-0.11324000238150767,-0.058799622872788504,-0.34004040148647396,-0.16194758458214453,-0.39855600516970124,-0.18311259167210103,-0.14392052402664035,-0.08323262927346509
5,1.5,P_grief-d3-v3,grief,-1,-1,-0.04136671484003074,-0.024407062488586817,-0.20078654808013674,-0.1233990217504699,0.0004652353013465671,0.0077190940438764954,0.01392709933635583,0.0038087960429260548,0.159419833240106,0.09899195926188309,0.04136671484003074,0.024407062488586817,0.20078654808013674,0.1233990217504699,-0.0004652353013465671,-0.0077190940438764954,-0.01392709933635583,-0.0038087960429260548,-0.10999814560385257,-0.04888999273566785,-0.159419833240106,-0.09899195926188309
5,1.5,P_grief-d3-v4,grief,-1,-1,0.08046758307077617,0.04200830349716966,0.053522038854605825,0.02721639032384182,0.1548970077027887,0.08178402240697213,0.2105549302540446,0.05811318778524388,0.026945544216170347,0.014791913173327842,-0.08046758307077617,-0.04200830349716966,-0.053522038854605825,-0.02721639032384182,-0.1548970077027887,-0.08178402240697213,-0.2105549302540446,-0.05811318778524388,-0.29915656345202635,-0.08284186662161552,-0.026945544216170347,-0.014791913173327842
5,1.5,P_terror-d1-v3,terror,-1,1,-0.18428624066085852,0.0991524743917207,0.06637330079446535,-0.04320265450131355,-0.18680282460335995,0.11651975662923952,-0.0816690887746323,0.059967575745912605,-0.2506595414553239,0.14235512889303426,0.18428624066085852,0.0991524743917207,-0.06637330079446535,-0.04320265450131355,0.18680282460335995,0.11651975662923952,0.0816690887746323,0.059967575745912605,0.09488368924716095,0.06773569304335947,0.2506595414553239,0.14235512889303426
5,1.5,P_terror-d2-v3,terror,-1,1,0.05476835616678777,-0.05868369839591381,-0.11277886123897307,0.061187201087846255,-0.015721174519922165,-0.014993378549986502,0.31243155055237803,-0.18263593951786827,0.16754721740576084,-0.11987089948376006,-0.05476835616678777,-0.05868369839591381,0.11277886123897307,0.061187201087846255,0.015721174519922165,-0.014993378549986502,-0.31243155055237803,-0.18263593951786827,-0.23413051634295057,-0.14773640040130154,-0.16754721740576084,-0.11987089948376006
5,1.5,P_terror-d2-v4,terror,-1,1,0.28284051522245335,-0.2287004203549472,-0.006820545363175334,0.0005365432115134183,0.24048302614642836,-0.19634270260922015,0.45849483361978205,-0.2803929039229942,0.2896610605856287,-0.22923696356646062,-0.28284051522245335,-0.2287004203549472,0.006820545363175334,0.0005365432115134183,-0.24048302614642836,-0.19634270260922015,-0.45849483361978205,-0.2803929039229942,-0.3000358049935894,-0.1979511717947684,-0.2896610605856287,-0.22923696356646062
5,1.5,P_terror-d3-v3,terror,-1,1,-0.04732639460891708,0.039284897785933914,0.14334907450375134,-0.11049494196846599,0.010032360270327167,0.008872572535818968,-0.10637499731840716,0.06872226157786487,-0.19067546911266842,0.1497798397543999,0.04732639460891708,0.039284897785933914,-0.14334907450375134,-0.11049494196846599,-0.010032360270327167,0.008872572535818968,0.10637499731840716,0.06872226157786487,-0.030849512545572555,0.0054805050040900305,0.19067546911266842,0.1497798397543999
5,1.5,P_terror-d3-v4,terror,-1,1,-0.233802393479265,0.0924672665038404,-0.022814271619026272,0.009525874159363568,-0.2771493228012263,0.11850163963551541,-0.5140078211164494,0.24168257106517022,-0.21098812186023874,0.08294139234447684,0.233802393479265,0.0924672665038404,0.022814271619026272,0.009525874159363568,0.2771493228012263,0.11850163963551541,0.5140078211164494,0.24168257106517022,0.6769362018138683,0.3094153834226745,0.21098812186023874,0.08294139234447684
5,1.5,P_ecstasy-d1-v1,ecstasy,1,1,0.06281924977009234,0.05270175582699377,-0.39820553541133963,-0.2104424793241435,-0.036348282100419294,0.004940871040410855,0.09530508538295912,0.05719280127160031,0.461024785181432,0.2631442351511373,0.06281924977009234,0.05270175582699377,-0.39820553541133963,-0.2104424793241435,-0.036348282100419294,0.004940871040410855,0.09530508538295912,0.05719280127160031,-0.026803394462613817,-0.023189235911249106,0.461024785181432,0.2631442351511373
5,1.5,P_ecstasy-d2-v1,ecstasy,1,1,0.02631192550250505,0.02434229019166345,-0.03320552367288787,-0.03384477466232649,0.14179374946463597,0.09678868940427776,-0.00694275756867091,0.014043393551390615,0.05951744917539292,0.058187064853989945,0.02631192550250505,0.02434229019166345,-0.03320552367288787,-0.03384477466232649,0.14179374946463597,0.09678868940427776,-0.00694275756867091,0.014043393551390615,0.10071307509418448,0.07291434897998794,0.05951744917539292,0.058187064853989945
5,1.5,P_ecstasy-d2-v2,ecstasy,1,1,0.03556571197984404,-0.010253277695571938,-0.28994071438543667,-0.3314444017955971,0.0191296782951893,-0.05226336267204079,-0.4516522778084151,-0.20000454210745255,0.3255064263652807,0.32119112410002515,0.03556571197984404,-0.010253277695571938,-0.28994071438543667,-0.3314444017955971,0.0191296782951893,-0.05226336267204079,-0.4516522778084151,-0.20000454210745255,-0.36580960795141104,-0.16812122395047968,0.3255064263652807,0.32119112410002515
5,1.5,P_ecstasy-d2-v3,ecstasy,1,1,0.07444317717531579,0.00893847927887137,0.046274743331806256,0.0003657438857667117,0.09477006236222696,0.023694050440941083,-0.10711092847541037,-0.05233522690822001,0.028168433843509533,0.008572735393104658,0.07444317717531579,0.00893847927887137,0.046274743331806256,0.0003657438857667117,0.09477006236222696,0.023694050440941083,-0.10711092847541037,-0.05233522690822001,-0.004368694144981866,-0.01382515534867279,0.028168433843509533,0.008572735393104658
5,1.5,P_ecstasy-d2-v4,ecstasy,1,1,-0.34658488983401714,-0.2645776872923715,0.10395701137737845,0.06326080945774848,-0.2604459778081001,-0.21881182136446586,-0.49092828779981534,-0.29599535525366516,-0.4505419012113956,-0.32783849675012,-0.34658488983401714,-0.2645776872923715,0.10395701137737845,0.06326080945774848,-0.2604459778081001,-0.21881182136446586,-0.49092828779981534,-0.29599535525366516,-0.4187359364167902,-0.25764798027586533,-0.4505419012113956,-0.32783849675012
5,1.5,P_ecstasy-d3-v1,ecstasy,1,1,0.16697850242064316,0.016710338865213004,-0.016742329299439973,-0.020221704872815494,0.20408176595413696,0.013539616587163295,-0.15143270427738376,-0.10724810489572345,0.18372083172008313,0.0369320437380285,0.16697850242064316,0.016710338865213004,-0.016742329299439973,-0.020221704872815494,0.20408176595413696,0.013539616587163295,-0.15143270427738376,-0.10724810489572345,-0.03420565104167128,-0.06170777332071964,0.18372083172008313,0.0369320437380285
5,1.5,P_ecstasy-d3-v4,ecstasy,1,1,-0.1356041574112652,-0.09827071829967338,0.04758678103753766,0.023183874712830566,-0.18675009351109395,-0.13214849497153125,-0.2928066877666238,-0.116575557065695,-0.18319093844880285,-0.12145459301250394,-0.1356041574112652,-0.09827071829967338,0.04758678103753766,0.023183874712830566,-0.18675009351109395,-0.13214849497153125,-0.2928066877666238,-0.116575557065695,-0.3445838188451127,-0.141303312800809,-0.18319093844880285,-0.12145459301250394
5,1.5,P_loathing-d1-v2,loathing,-1,1,0.01577899637488578,-0.05270529149349645,-0.12020350390693402,0.03501410031928476,0.01186441125375115,-0.05983321074940573,0.10306898443711754,-0.0791428826091991,0.1359825002818198,-0.08771939181278121,-0.01577899637488578,-0.05270529149349645,0.12020350390693402,0.03501410031928476,-0.01186441125375115,-0.05983321074940573,-0.10306898443711754,-0.0791428826091991,-0.11119438245792423,-0.08357705415740035,-0.1359825002818198,-0.08771939181278121
5,1.5,P_loathing-d2-v2,loathing,-1,1,-0.19598896393682264,0.12172045738260273,0.21538604498805913,-0.11162292804970342,-0.26835660829794517,0.15613221708255853,-0.399994336582985,0.18205029269012485,-0.41137500892488177,0.23334338543230615,0.19598896393682264,0.12172045738260273,-0.21538604498805913,-0.11162292804970342,0.26835660829794517,0.15613221708255853,0.399994336582985,0.18205029269012485,0.541301520489581,0.23602065090110447,0.41137500892488177,0.23334338543230615
5,1.5,P_loathing-d3-v2,loathing,-1,1,0.11939673890198899,-0.08180606763068887,-0.020503565132980572,-0.11473066665628906,0.23890690233075063,-0.1434181196874338,0.49224299517164294,-0.19771283473391055,0.13990030403496956,0.03292459902560019,-0.11939673890198899,-0.08180606763068887,0.020503565132980572,-0.11473066665628906,-0.23890690233075063,-0.1434181196874338,-0.49224299517164294,-0.19771283473391055,-0.6165206965111563,-0.24103031403799546,-0.13990030403496956,0.03292459902560019
5,1.5,P_loathing-d3-v3,loathing,-1,1,0.03641144443845423,-0.020745262132257913,0.07920314704794063,-0.06551600660713586,0.08488755808810389,-0.049345799099955734,0.16500222089732475,-0.10472208425484375,-0.04279170260948639,0.044770744474877944,-0.03641144443845423,-0.020745262132257913,-0.07920314704794063,-0.06551600660713586,-0.08488755808810389,-0.049345799099955734,-0.16500222089732475,-0.10472208425484375,-0.22047876334004446,-0.12509227865600536,0.04279170260948639,0.044770744474877944
5,1.5,P_loathing-d3-v4,loathing,-1,1,-0.020191571660173047,-0.004574309233305485,-0.11584142875390224,0.023935915981792455,-0.06588175876103097,-0.0011186212877332125,0.2565557340639941,-0.08871120068578264,0.0956498570937292,-0.02851022521509794,0.020191571660173047,-0.004574309233305485,0.11584142875390224,0.023935915981792455,0.06588175876103097,-0.0011186212877332125,-0.2565557340639941,-0.08871120068578264,-0.07679817112708553,-0.0022048607375557694,-0.0956498570937292,-0.02851022521509794
5,1.5,P_amazement-d1-v1,amazement,1,1,0.0475241569039726,-0.02088529065963307,0.16862046330472058,0.10534660695172171,0.0320768381143095,-0.032393470446097083,-0.10302807263747882,-0.07992762140453014,-0.12109630640074798,-0.12623189761135478,0.0475241569039726,-0.02088529065963307,0.16862046330472058,0.10534660695172171,0.0320768381143095,-0.032393470446097083,-0.10302807263747882,-0.07992762140453014,-0.02908223527795739,-0.04374038016256243,-0.12109630640074798,-0.12623189761135478
5,1.5,P_amazement-d1-v2,amazement,1,1,-0.03425189261166661,-0.02678980044284973,-0.04380657275090183,-0.0202939893756362,-0.10014790946960517,-0.0652521618131301,-0.0918944203048273,-0.029048037931306947,0.009554680139235217,-0.0064958110672135305,-0.03425189261166661,-0.02678980044284973,-0.04380657275090183,-0.0202939893756362,-0.10014790946960517,-0.0652521618131301,-0.0918944203048273,-0.029048037931306947,-0.24917588813690505,-0.09413219477433721,0.009554680139235217,-0.0064958110672135305
5,1.5,P_amazement-d1-v4,amazement,1,1,-0.20672496552697073,-0.20966924530645947,0.07201111783516989,0.0298311859215028,-0.177616392800231,-0.19473165568544815,-0.12314409319912256,-0.11882103469770566,-0.2787360833621406,-0.23950043122796227,-0.20672496552697073,-0.20966924530645947,0.07201111783516989,0.0298311859215028,-0.177616392800231,-0.19473165568544815,-0.12314409319912256,-0.11882103469770566,-0.04913423107098058,-0.08382402781899145,-0.2787360833621406,-0.23950043122796227
5,1.5,P_amazement-d2-v1,amazement,1,1,0.09901315351177509,0.032314816644550604,0.07830092858885607,0.04944103937159827,0.08310156304381078,0.009472431864149478,0.157760375627352,0.06737149557293343,0.02071222492291902,-0.01712622272704767,0.09901315351177509,0.032314816644550604,0.07830092858885607,0.04944103937159827,0.08310156304381078,0.009472431864149478,0.157760375627352,0.06737149557293343,0.09613601724932863,0.02440315749355637,0.02071222492291902,-0.01712622272704767
5,1.5,P_amazement-d2-v2,amazement,1,1,0.12412029280442916,0.05805415774142375,0.06087097996191204,0.03713228338980912,0.11613749276100016,0.05853368717008678,0.21123389228351064,0.10443135446156404,0.06324931284251711,0.020921874351614633,0.12412029280442916,0.05805415774142375,0.06087097996191204,0.03713228338980912,0.11613749276100016,0.05853368717008678,0.21123389228351064,0.10443135446156404,0.17136265270049122,0.09250931830484754,0.06324931284251711,0.020921874351614633
5,1.5,P_amazement-d3-v2,amazement,1,1,-0.0703656148026397,-0.05370585275925155,0.12682962204957882,0.030323000503464925,-0.09805435794377004,-0.07099256351252681,-0.4256842439187736,-0.18709671759440916,-0.19719523685221851,-0.08402885326271647,-0.0703656148026397,-0.05370585275925155,0.12682962204957882,0.030323000503464925,-0.09805435794377004,-0.07099256351252681,-0.4256842439187736,-0.18709671759440916,-0.5025641468168915,-0.23056681103867582,-0.19719523685221851,-0.08402885326271647
5,1.5,P_amazement-d3-v4,amazement,1,1,-0.023336046322552484,-0.07049686377749964,0.006124923767658608,0.0033164541415029447,-0.03493782198875728,-0.08059511993633972,-0.29419423808636136,-0.16037069989698693,-0.02946097009021109,-0.07381331791900259,-0.023336046322552484,-0.07049686377749964,0.006124923767658608,0.0033164541415029447,-0.03493782198875728,-0.08059511993633972,-0.29419423808636136,-0.16037069989698693,-0.3121646445753741,-0.17198697901679294,-0.02946097009021109,-0.07381331791900259
5,1.5,P_admiration-d1-v1,admiration,1,1,0.0740773201215541,-0.006224827492009588,-0.051460275976964454,0.010678769977467084,0.01191402288577148,-0.057775898031528605,-0.22308675711755477,-0.13317635364138614,0.12553759609851856,-0.016903597469476672,0.0740773201215541,-0.006224827492009588,-0.051460275976964454,0.010678769977467084,0.01191402288577148,-0.057775898031528605,-0.22308675711755477,-0.13317635364138614,-0.2561334996783957,-0.16351240094387398,0.12553759609851856,-0.016903597469476672
5,1.5,P_admiration-d1-v2,admiration,1,1,-0.04585723211558701,-0.05040465320985099,0.024163004941700095,0.0008469555567138798,-0.02379559769993911,-0.0611999368039946,-0.2556852497904516,-0.11489823144173306,-0.0700202370572871,-0.05125160876656487,-0.04585723211558701,-0.05040465320985099,0.024163004941700095,0.0008469555567138798,-0.02379559769993911,-0.0611999368039946,-0.2556852497904516,-0.11489823144173306,-0.21686892415850867,-0.1043102210781699,-0.0700202370572871,-0.05125160876656487
5,1.5,P_admiration-d1-v3,admiration,1,1,0.10860052188070224,-0.01101592699555809,-0.08464873147746044,-0.03046039581106008,0.04619907203730822,-0.04843919447213629,-0.2791892604497961,-0.13155823152284363,0.19324925335816268,0.019444468815501992,0.10860052188070224,-0.01101592699555809,-0.08464873147746044,-0.03046039581106008,0.04619907203730822,-0.04843919447213629,-0.2791892604497961,-0.13155823152284363,-0.3819509146328599,-0.16463366822492764,0.19324925335816268,0.019444468815501992
5,1.5,P_admiration-d2-v1,admiration,1,1,0.03386029184211825,0.04104308329575268,-0.0944169348103916,-0.07206158405042196,0.03012363794181727,0.02684876900146449,-0.18965983071993264,-0.02880482749890101,0.12827722665250985,0.11310466734617464,0.03386029184211825,0.04104308329575268,-0.0944169348103916,-0.07206158405042196,0.03012363794181727,0.02684876900146449,-0.18965983071993264,-0.02880482749890101,-0.14772647619196855,-0.028568694528785965,0.12827722665250985,0.11310466734617464
5,1.5,P_admiration-d2-v2,admiration,1,1,-0.12761500391358194,-0.038244061174168564,-0.0115701308117373,-0.035379571181520575,-0.04320016797783932,-0.025608243756988003,-0.5737214941815032,-0.16392044330078148,-0.11604487310184464,-0.0028644899926479894,-0.12761500391358194,-0.038244061174168564,-0.0115701308117373,-0.035379571181520575,-0.04320016797783932,-0.025608243756988003,-0.5737214941815032,-0.16392044330078148,-0.24179128558463248,-0.021977544040361785,-0.11604487310184464,-0.0028644899926479894
5,1.5,P_admiration-d2-v3,admiration,1,1,-0.01891432796119563,-0.04763618657857105,-0.08917300948115603,-0.0319438474622471,-0.018407255107677933,-0.05039130226217203,-0.2727520979308542,-0.1389977775313067,0.0702586815199604,-0.01569233911632395,-0.01891432796119563,-0.04763618657857105,-0.08917300948115603,-0.0319438474622471,-0.018407255107677933,-0.05039130226217203,-0.2727520979308542,-0.1389977775313067,-0.3419428237744446,-0.1583482122011599,0.0702586815199604,-0.01569233911632395
5,1.5,P_vigilance-d1-v4,vigilance,1,1,-0.3870121772635109,-0.30016111096301046,-0.0998214114888647,-0.05077448899084391,-0.3620856227545364,-0.28855573000006984,-0.5513472633952334,-0.34099835902810316,-0.2871907657746462,-0.24938662197216654,-0.3870121772635109,-0.30016111096301046,-0.0998214114888647,-0.05077448899084391,-0.3620856227545364,-0.28855573000006984,-0.5513472633952334,-0.34099835902810316,-0.506010580338919,-0.30964970147687954,-0.2871907657746462,-0.24938662197216654
5,1.5,P_vigilance-d2-v3,vigilance,1,1,0.010006482506801362,-0.010842675185731565,-0.07817130209364365,-0.06074197770802492,0.015856019193919657,-0.014444991004097574,-0.10198846297030473,-0.05952578600134961,0.08817778460044501,0.049899302522293354,0.010006482506801362,-0.010842675185731565,-0.07817130209364365,-0.06074197770802492,0.015856019193919657,-0.014444991004097574,-0.10198846297030473,-0.05952578600134961,-0.04131474331749052,-0.03725495621722663,0.08817778460044501,0.049899302522293354
5,1.5,P_vigilance-d2-v4,vigilance,1,1,-0.19154431921223392,-0.16633287686397935,0.0033622913350548345,0.004318817538333519,-0.20526555400567492,-0.1731109718867332,-0.4320515066596462,-0.2815825538568024,-0.19490661054728875,-0.17065169440231287,-0.19154431921223392,-0.16633287686397935,0.0033622913350548345,0.004318817538333519,-0.20526555400567492,-0.1731109718867332,-0.4320515066596462,-0.2815825538568024,-0.4161488174268584,-0.2683909271179079,-0.19490661054728875,-0.17065169440231287
5,1.5,P_vigilance-d3-v2,vigilance,1,1,-0.04915364380370946,-0.018820899052516715,-0.04948221983135781,-0.04000331216376374,-0.08144805574097802,-0.050390337806893726,-0.027918818815826363,-0.025744169362686975,0.0003285760276483529,0.021182413111247023,-0.04915364380370946,-0.018820899052516715,-0.04948221983135781,-0.04000331216376374,-0.08144805574097802,-0.050390337806893726,-0.027918818815826363,-0.025744169362686975,-0.11483703205424156,-0.08470702963403953,0.0003285760276483529,0.021182413111247023
5,1.5,P_vigilance-d3-v4,vigilance,1,1,0.11763203788457943,0.07652368886000005,0.11134138769194113,0.04151293635208653,0.09032209626158672,0.053745697681971905,0.28560230578793977,0.15856815718651074,0.006290650192638303,0.03501075250791352,0.11763203788457943,0.07652368886000005,0.11134138769194113,0.04151293635208653,0.09032209626158672,0.053745697681971905,0.28560230578793977,0.15856815718651074,0.24594590475287958,0.1419723377469353,0.006290650192638303,0.03501075250791352
5,1.5,P_rage-d4-v1,rage,-1,1,-0.16262466466389736,0.07103815094622945,-0.09681453852258226,0.05089063530001692,-0.16702602384030385,0.06583419708799187,-0.15072837588639088,0.06088994171502815,-0.0658101261413151,0.020147515646212533,0.16262466466389736,0.07103815094622945,0.09681453852258226,0.05089063530001692,0.16702602384030385,0.06583419708799187,0.15072837588639088,0.06088994171502815,0.13154808515226657,0.04264623901368303,0.0658101261413151,0.020147515646212533
5,1.5,P_rage-d4-v2,rage,-1,1,0.041498674538734015,0.005008104253800383,-0.0258522713296232,0.024990137730032558,0.014917397021508627,0.015683231397906283,0.31034444952392537,-0.1279134474546164,0.06735094586835721,-0.019982033476232175,-0.041498674538734015,0.005008104253800383,0.0258522713296232,0.024990137730032558,-0.014917397021508627,0.015683231397906283,-0.31034444952392537,-0.1279134474546164,-0.346200994459414,-0.14668368471778193,-0.06735094586835721,-0.019982033476232175
5,1.5,P_rage-d4-v4,rage,-1,1,-0.04133914884235246,0.022003778684851483,0.20433277055914267,-0.1981307139691202,-0.03953869836444923,0.018117294354568436,0.36109993176351995,-0.169906233022596,-0.24567191940149513,0.22013449265397167,0.04133914884235246,0.022003778684851483,-0.20433277055914267,-0.1981307139691202,0.03953869836444923,0.018117294354568436,-0.36109993176351995,-0.169906233022596,-0.34704364506600927,-0.1677325443206894,0.24567191940149513,0.22013449265397167
5,1.5,P_rage-d5-v1,rage,-1,1,0.07079565872168292,-0.0488909416308374,-0.143364964838268,0.09684657277864872,0.09576574969137042,-0.07005477226634316,0.04068632769310199,-0.013083128661087073,0.2141606235599509,-0.14573751440948612,-0.07079565872168292,-0.0488909416308374,0.143364964838268,0.09684657277864872,-0.09576574969137042,-0.07005477226634316,-0.04068632769310199,-0.013083128661087073,-0.13109776731627143,-0.060735005004736387,-0.2141606235599509,-0.14573751440948612
5,1.5,P_rage-d5-v3,rage,-1,1,0.10126369026240312,-0.046114931589811725,0.4818940332506876,-0.24320304816970406,0.12474260422207806,-0.054924639648912255,0.125841079569307,-0.04859393445285898,-0.38063034298828446,0.19708811657989234,-0.10126369026240312,-0.046114931589811725,-0.4818940332506876,-0.24320304816970406,-0.12474260422207806,-0.054924639648912255,-0.125841079569307,-0.04859393445285898,-0.15862974961617127,-0.060769346020961734,0.38063034298828446,0.19708811657989234
5,1.5,P_rage-d6-v2,rage,-1,1,-0.0014743647481534339,-0.0032122140214738693,0.14306585950567108,-0.07347140367263894,-0.004399609664337056,0.0016317164718175903,-0.14364386595107037,0.05665170658307339,-0.1445402242538245,0.07025918965116507,0.0014743647481534339,-0.0032122140214738693,-0.14306585950567108,-0.07347140367263894,0.004399609664337056,0.0016317164718175903,0.14364386595107037,0.05665170658307339,0.12372336186382205,0.052657179525494424,0.1445402242538245,0.07025918965116507
5,1.5,P_grief-d4-v2,grief,-1,-1,0.011646264561912645,0.0032696712160751318,-0.15694938727292573,-0.07292173772011168,0.008413602072954163,0.003847321402996151,-0.12604986281397412,-0.06572392168361318,0.16859565183483838,0.07619140893618681,-0.011646264561912645,-0.0032696712160751318,0.15694938727292573,0.07292173772011168,-0.008413602072954163,-0.003847321402996151,0.12604986281397412,0.06572392168361318,0.11315627613107848,0.05465377015397754,-0.16859565183483838,-0.07619140893618681
5,1.5,P_grief-d4-v3,grief,-1,-1,-0.42776428824247503,-0.23572386549751467,0.02782870504496593,0.019375517000898235,-0.5165838305644419,-0.2799527337813581,-0.7908030049997068,-0.4254613812997641,-0.45559299328744096,-0.2550993824984129,0.42776428824247503,0.23572386549751467,-0.02782870504496593,-0.019375517000898235,0.5165838305644419,0.2799527337813581,0.7908030049997068,0.4254613812997641,0.902342414397808,0.4810345789564461,0.45559299328744096,0.2550993824984129
5,1.5,P_grief-d4-v4,grief,-1,-1,-0.05893311550786784,-0.03475416538292997,0.13992481285271374,0.06764944303584386,-0.04237010678638509,-0.029040820452669536,-0.14010565152390075,-0.07629293672861781,-0.19885792836058158,-0.10240360841877383,0.05893311550786784,0.03475416538292997,-0.13992481285271374,-0.06764944303584386,0.04237010678638509,0.029040820452669536,0.14010565152390075,0.07629293672861781,0.05839358163120156,0.038299371623852885,0.19885792836058158,0.10240360841877383
5,1.5,P_grief-d5-v1,grief,-1,-1,-0.10866563785064098,-0.0608103620049274,-0.1915937831221779,-0.08595704691722172,-0.12617240784227945,-0.07237482044447674,-0.34546762088621286,-0.1692029529278507,0.08292814527153691,0.025146684912294326,0.10866563785064098,0.0608103620049274,0.1915937831221779,0.08595704691722172,0.12617240784227945,0.07237482044447674,0.34546762088621286,0.1692029529278507,0.4443033898033697,0.21713224109648444,-0.08292814527153691,-0.025146684912294326
5,1.5,P_grief-d5-v2,grief,-1,-1,-0.03364321474975984,-0.01265293334773876,0.24205276708663437,0.19276806783842915,-0.025943393506135948,-0.0033707946774974573,0.2205005214429323,0.08195283661477104,-0.2756959818363942,-0.2054210011861679,0.03364321474975984,0.01265293334773876,-0.24205276708663437,-0.19276806783842915,0.025943393506135948,0.0033707946774974573,-0.2205005214429323,-0.08195283661477104,-0.2613964022223412,-0.10414126343437102,0.2756959818363942,0.2054210011861679
5,1.5,P_grief-d5-v3,grief,-1,-1,0.08782613870730493,0.056929881368736446,-0.05006406772177563,-0.035550593240374795,0.11254138545911374,0.06571569021308576,0.3006272204684275,0.1342290900708889,0.13789020642908056,0.09248047460911124,-0.08782613870730493,-0.056929881368736446,0.05006406772177563,0.035550593240374795,-0.11254138545911374,-0.06571569021308576,-0.3006272204684275,-0.1342290900708889,-0.3287845125314828,-0.14359674720081372,-0.13789020642908056,-0.09248047460911124
5,1.5,P_grief-d6-v1,grief,-1,-1,-0.15096450016099894,-0.08147275582839963,-0.13012634270316248,-0.05531115273938969,-0.18973156353283205,-0.10667105854407488,-0.3161078586358754,-0.14360995152418932,-0.02083815745783646,-0.026161603089009944,0.15096450016099894,0.08147275582839963,0.13012634270316248,0.05531115273938969,0.18973156353283205,0.10667105854407488,0.3161078586358754,0.14360995152418932,0.33190912699469166,0.147664079644084,0.02083815745783646,0.026161603089009944
5,1.5,P_grief-d6-v2,grief,-1,-1,-0.09968634129922638,-0.0582479436262382,-0.06057912608600713,-0.04227106196798225,-0.07989893349178523,-0.03985292516905847,-0.2104201233801377,-0.09743374325679088,-0.03910721521321925,-0.015976881658255948,0.09968634129922638,0.0582479436262382,0.06057912608600713,0.04227106196798225,0.07989893349178523,0.03985292516905847,0.2104201233801377,0.09743374325679088,0.17698845613421366,0.07516306949498874,0.03910721521321925,0.015976881658255948
5,1.5,P_terror-d4-v1,terror,-1,1,0.09231168617219776,-0.0631677951695151,0.001509136046603743,-0.0035709949316640177,0.0665226940444743,-0.037785253969733645,0.08610838800614085,-0.052978419688084255,0.09080255012559402,-0.05959680023785108,-0.09231168617219776,-0.0631677951695151,-0.001509136046603743,-0.0035709949316640177,-0.0665226940444743,-0.037785253969733645,-0.08610838800614085,-0.052978419688084255,-0.013708535603828675,-0.012687002807286074,-0.09080255012559402,-0.05959680023785108
5,1.5,P_terror-d4-v2,terror,-1,1,0.28943736204924164,-0.17746918167185388,0.2803947518908938,-0.213004093120837,0.3787428648582942,-0.2067855958845195,0.4163817774046077,-0.24080854753903358,0.009042610158347841,0.03553491144898313,-0.28943736204924164,-0.17746918167185388,-0.2803947518908938,-0.213004093120837,-0.3787428648582942,-0.2067855958845195,-0.4163817774046077,-0.24080854753903358,-0.5996792503687267,-0.3062196181424581,-0.009042610158347841,0.03553491144898313
5,1.5,P_terror-d4-v3,terror,-1,1,0.09160080802260762,-0.05381966418326645,-0.07004433182715619,0.014494668606127803,0.11788123341813428,-0.057783293262195556,0.2592716431420867,-0.13540061191995356,0.1616451398497638,-0.06831433278939425,-0.09160080802260762,-0.05381966418326645,0.07004433182715619,0.014494668606127803,-0.11788123341813428,-0.057783293262195556,-0.2592716431420867,-0.13540061191995356,-0.2547374084681113,-0.12662055070080802,-0.1616451398497638,-0.06831433278939425
5,1.5,P_terror-d5-v1,terror,-1,1,0.14887415122471115,-0.06850913604521303,0.09154200098902354,-0.017944478861674718,0.08027615978091074,-0.03650865335040088,0.24608645376965121,-0.12371847571415584,0.05733215023568761,-0.05056465718353831,-0.14887415122471115,-0.06850913604521303,-0.09154200098902354,-0.017944478861674718,-0.08027615978091074,-0.03650865335040088,-0.24608645376965121,-0.12371847571415584,-0.18862176549287213,-0.09515500816824085,-0.05733215023568761,-0.05056465718353831
5,1.5,P_terror-d5-v2,terror,-1,1,0.07030178303919321,-0.01218284751936416,0.11479099149505956,-0.0708241102778393,0.028746590008319473,0.011937967094241664,0.24414492927897946,-0.08485530824820131,-0.04448920845586635,0.05864126275847514,-0.07030178303919321,-0.01218284751936416,-0.11479099149505956,-0.0708241102778393,-0.028746590008319473,0.011937967094241664,-0.24414492927897946,-0.08485530824820131,-0.1895147686921721,-0.05643562838015859,0.04448920845586635,0.05864126275847514
5,1.5,P_terror-d6-v2,terror,-1,1,-0.1031175134677964,0.044148299258687906,0.09825098580528824,-0.03441891634288652,-0.0759725275203369,0.03226391605196177,-0.25947935425085644,0.11182873862134635,-0.20136849927308464,0.07856721560157442,0.1031175134677964,0.044148299258687906,-0.09825098580528824,-0.03441891634288652,0.0759725275203369,0.03226391605196177,0.25947935425085644,0.11182873862134635,0.1953652553957803,0.08609041363038106,0.20136849927308464,0.07856721560157442
5,1.5,P_ecstasy-d4-v1,ecstasy,1,1,0.07487787734382412,0.01438702877131437,0.08073771999304036,0.025500239954759252,0.05555214243630857,0.0012216436687975119,0.08953290585089846,0.0385395558813908,-0.00585984264921624,-0.011113211183444882,0.07487787734382412,0.01438702877131437,0.08073771999304036,0.025500239954759252,0.05555214243630857,0.0012216436687975119,0.08953290585089846,0.0385395558813908,0.05859784839014193,0.007873007136184995,-0.00585984264921624,-0.011113211183444882
5,1.5,P_ecstasy-d4-v3,ecstasy,1,1,0.07532184661782626,0.05288976018502378,-0.04964495695354021,-0.025326320807468328,0.06429979927364471,0.05177362826452825,0.02757314985017345,0.009203557164526366,0.12496680357136647,0.07821608099249211,0.07532184661782626,0.05288976018502378,-0.04964495695354021,-0.025326320807468328,0.06429979927364471,0.05177362826452825,0.02757314985017345,0.009203557164526366,-0.003709942103521602,0.006454172624193788,0.12496680357136647,0.07821608099249211
5,1.5,P_ecstasy-d5-v1,ecstasy,1,1,0.09714691810247178,0.04843576071294464,-0.06197694557819311,-0.07698521158632854,0.08198869694833366,0.042175877141826135,0.22653340910816855,0.11333033224262312,0.1591238636806649,0.12542097229927318,0.09714691810247178,0.04843576071294464,-0.06197694557819311,-0.07698521158632854,0.08198869694833366,0.042175877141826135,0.22653340910816855,0.11333033224262312,0.21025324780875243,0.10141072344356372,0.1591238636806649,0.12542097229927318
5,1.5,P_ecstasy-d5-v2,ecstasy,1,1,0.0983424860262252,0.03720122687916483,-0.07382007227697063,-0.007967754297102836,-0.035833348480431404,-0.03033811498534167,0.22834265042166346,0.13529126086307164,0.17216255830319582,0.045168981176267664,0.0983424860262252,0.03720122687916483,-0.07382007227697063,-0.007967754297102836,-0.035833348480431404,-0.03033811498534167,0.22834265042166346,0.13529126086307164,0.09599056112413984,0.06446892913895752,0.17216255830319582,0.045168981176267664
5,1.5,P_ecstasy-d5-v4,ecstasy,1,1,0.12329804925413868,0.07276110405867087,0.29191854009129514,0.1514508783536117,0.16947660306488643,0.09561438615558515,0.25950357824710624,0.1286299997063991,-0.16862049083715647,-0.07868977429494084,0.12329804925413868,0.07276110405867087,0.29191854009129514,0.1514508783536117,0.16947660306488643,0.09561438615558515,0.25950357824710624,0.1286299997063991,0.33244348980674454,0.1578490999053228,-0.16862049083715647,-0.07868977429494084
5,1.5,P_ecstasy-d6-v1,ecstasy,1,1,0.16753685013066466,0.09824798166658599,-0.13788430398309082,-0.09411493600559329,0.15998525707542832,0.08471635804765398,0.4948723022591004,0.2536398489166065,0.3054211541137555,0.19236291767217928,0.16753685013066466,0.09824798166658599,-0.13788430398309082,-0.09411493600559329,0.15998525707542832,0.08471635804765398,0.4948723022591004,0.2536398489166065,0.5541444626536243,0.2695216247793577,0.3054211541137555,0.19236291767217928
5,1.5,P_ecstasy-d6-v2,ecstasy,1,1,0.02110223243280096,0.02509052694680758,0.05197128599151668,0.011261585906797045,0.001955405899698448,0.002175608253933703,0.1045054934609757,0.07534500951426715,-0.03086905355871572,0.013828941040010534,0.02110223243280096,0.02509052694680758,0.05197128599151668,0.011261585906797045,0.001955405899698448,0.002175608253933703,0.1045054934609757,0.07534500951426715,0.03492497462308597,0.026297378290423445,-0.03086905355871572,0.013828941040010534
5,1.5,P_ecstasy-d6-v3,ecstasy,1,1,0.008094070216908555,-0.009564866264901717,0.01811984770241981,0.004968175129354435,-0.015512908310383544,-0.02636951743014304,-0.3012482027788135,-0.14984434862932972,-0.010025777485511256,-0.014533041394256152,0.008094070216908555,-0.009564866264901717,0.01811984770241981,0.004968175129354435,-0.015512908310383544,-0.02636951743014304,-0.3012482027788135,-0.14984434862932972,-0.3272101911305785,-0.17290019665716594,-0.010025777485511256,-0.014533041394256152
5,1.5,P_loathing-d4-v1,loathing,-1,1,-0.1358696394320873,0.09320406988922691,-0.02841316861379717,0.016707666130600707,-0.13641654082354115,0.09010377557423865,-0.44389487709791053,0.23159714578812274,-0.10745647081829013,0.07649640375862621,0.1358696394320873,0.09320406988922691,0.02841316861379717,0.016707666130600707,0.13641654082354115,0.09010377557423865,0.44389487709791053,0.23159714578812274,0.4975568323413362,0.24445968180939825,0.10745647081829013,0.07649640375862621
5,1.5,P_loathing-d5-v2,loathing,-1,1,0.024484868201086307,-0.0024265779930647824,-0.21056891399597344,0.04562748888926649,0.015174522411101954,0.007852789240146762,0.10052502570395694,-0.013999612684394425,0.23505378219705975,-0.04805406688233127,-0.024484868201086307,-0.0024265779930647824,0.21056891399597344,0.04562748888926649,-0.015174522411101954,0.007852789240146762,-0.10052502570395694,-0.013999612684394425,-0.09988641753873795,-0.012064611210170106,-0.23505378219705975,-0.04805406688233127
5,1.5,P_loathing-d6-v2,loathing,-1,1,0.08968919012962129,-0.05667151962537531,-0.23467241464614386,0.16337164433227258,0.18311424901476858,-0.10002903574713073,0.09424592860802639,-0.03207600918821196,0.32436160477576514,-0.2200431639576479,-0.08968919012962129,-0.05667151962537531,0.23467241464614386,0.16337164433227258,-0.18311424901476858,-0.10002903574713073,-0.09424592860802639,-0.03207600918821196,-0.18384337748718815,-0.07118146707983097,-0.32436160477576514,-0.2200431639576479
5,1.5,P_loathing-d6-v4,loathing,-1,1,0.13723360182103672,-0.07012371898293068,0.15678976649456366,-0.13076875588938375,0.1686808412485945,-0.08262352106478321,0.22334211355945532,-0.10126370497163828,-0.019556164673526943,0.060645036906453065,-0.13723360182103672,-0.07012371898293068,-0.15678976649456366,-0.13076875588938375,-0.1686808412485945,-0.08262352106478321,-0.22334211355945532,-0.10126370497163828,-0.3306938012148595,-0.12771646545334558,0.019556164673526943,0.060645036906453065
5,1.5,P_amazement-d4-v1,amazement,1,1,0.12515711474464197,0.06086416664298788,0.021676638019549443,0.02217783854782507,0.018976296264756165,-0.00647566119816112,0.13075369255448743,0.04368866290897788,0.10348047672509253,0.038686328095162814,0.12515711474464197,0.06086416664298788,0.021676638019549443,0.02217783854782507,0.018976296264756165,-0.00647566119816112,0.13075369255448743,0.04368866290897788,0.01817093232853706,-0.018713496612690506,0.10348047672509253,0.038686328095162814
5,1.5,P_amazement-d4-v2,amazement,1,1,0.0025168314976298234,0.013306875383132244,0.15408638666200503,0.07941717547328597,-0.017985662320737283,0.0044743178730373145,0.07147169953019006,0.046616999605902265,-0.1515695551643752,-0.06611030009015373,0.0025168314976298234,0.013306875383132244,0.15408638666200503,0.07941717547328597,-0.017985662320737283,0.0044743178730373145,0.07147169953019006,0.046616999605902265,0.010809695698755117,0.015478652506849766,-0.1515695551643752,-0.06611030009015373
5,1.5,P_amazement-d5-v2,amazement,1,1,-0.016118017967706066,-0.010407484415044799,-0.02995290480117241,0.006432062249617232,-0.021860973799229022,-0.0145736970667949,-0.2121853954550592,-0.09921134698768119,0.013834886833466342,-0.01683954666466203,-0.016118017967706066,-0.010407484415044799,-0.02995290480117241,0.006432062249617232,-0.021860973799229022,-0.0145736970667949,-0.2121853954550592,-0.09921134698768119,-0.2304300201016911,-0.09875637179253971,0.013834886833466342,-0.01683954666466203
5,1.5,P_amazement-d5-v4,amazement,1,1,0.08808954320848272,0.05044792423798672,-0.15650197476407257,-0.15260578571481975,0.055033531281024395,0.0339365202858799,0.2454507027916777,0.11923878082208805,0.2445915179725553,0.20305370995280647,0.08808954320848272,0.05044792423798672,-0.15650197476407257,-0.15260578571481975,0.055033531281024395,0.0339365202858799,0.2454507027916777,0.11923878082208805,0.17551929477895412,0.07906642965907817,0.2445915179725553,0.20305370995280647
5,1.5,P_amazement-d6-v1,amazement,1,1,-0.15629355027574654,-0.08881962120140852,0.036302126861013306,-0.004933871275055957,-0.1695685108136047,-0.09038323353323463,-0.23973535687747072,-0.1052104805329015,-0.19259567713675985,-0.08388574992635256,-0.15629355027574654,-0.08881962120140852,0.036302126861013306,-0.004933871275055957,-0.1695685108136047,-0.09038323353323463,-0.23973535687747072,-0.1052104805329015,-0.3508231897004621,-0.1475313294315459,-0.19259567713675985,-0.08388574992635256
5,1.5,P_amazement-d6-v4,amazement,1,1,-0.02056065999263712,-0.013852099280548202,0.05291602623553526,0.019262117160488756,-0.02847815352971761,-0.01414716872112276,-0.0989186015236112,-0.04344261199623478,-0.07347668622817238,-0.03311421644103696,-0.02056065999263712,-0.013852099280548202,0.05291602623553526,0.019262117160488756,-0.02847815352971761,-0.01414716872112276,-0.0989186015236112,-0.04344261199623478,-0.14190810823057776,-0.05721190098342355,-0.07347668622817238,-0.03311421644103696
5,1.5,P_admiration-d5-v1,admiration,1,1,0.06581216734604922,0.03367545690592788,0.09621226860876941,0.02964938699099484,0.0691292537593764,0.039642895901270236,0.3591495999988923,0.13502816339999102,-0.03040010126272019,0.004026069914933039,0.06581216734604922,0.03367545690592788,0.09621226860876941,0.02964938699099484,0.0691292537593764,0.039642895901270236,0.3591495999988923,0.13502816339999102,0.32749603305324504,0.12492748610257243,-0.03040010126272019,0.004026069914933039
5,1.5,P_admiration-d5-v3,admiration,1,1,0.18284861201089253,0.0833080848043215,-0.20231047879392694,-0.04562707389865306,0.1392706005664941,0.0705558239437929,-0.0557514848813232,-0.009948915185139295,0.38515909080481947,0.12893515870297456,0.18284861201089253,0.0833080848043215,-0.20231047879392694,-0.04562707389865306,0.1392706005664941,0.0705558239437929,-0.0557514848813232,-0.009948915185139295,-0.05707934335562048,-0.003112289220332798,0.38515909080481947,0.12893515870297456
5,1.5,P_admiration-d6-v1,admiration,1,1,-0.20197850921237137,-0.09635750626109019,-0.016507378227372804,-0.00509262879087391,-0.14906317872151842,-0.06745496243311155,-0.19376673225623975,-0.08967676701809957,-0.18547113098499857,-0.09126487747021628,-0.20197850921237137,-0.09635750626109019,-0.016507378227372804,-0.00509262879087391,-0.14906317872151842,-0.06745496243311155,-0.19376673225623975,-0.08967676701809957,-0.12524665949106373,-0.06198397897041952,-0.18547113098499857,-0.09126487747021628
5,1.5,P_admiration-d6-v2,admiration,1,1,0.029433484882524397,0.01696906386806951,0.0377610265045103,0.009345887541344133,0.020454201762123425,0.013915585941044917,0.10487811633337873,0.03643343092208795,-0.008327541621985901,0.007623176326725378,0.029433484882524397,0.01696906386806951,0.0377610265045103,0.009345887541344133,0.020454201762123425,0.013915585941044917,0.10487811633337873,0.03643343092208795,0.04591634169762315,0.009546868999316338,-0.008327541621985901,0.007623176326725378
5,1.5,P_admiration-d6-v3,admiration,1,1,-0.05401127953715168,-0.0423357972568601,0.1515838795961164,0.06615979231814695,-0.08367207019716627,-0.054564921259953714,0.07350477517906606,0.012376981608236637,-0.2055951591332681,-0.10849558957500705,-0.05401127953715168,-0.0423357972568601,0.1515838795961164,0.06615979231814695,-0.08367207019716627,-0.054564921259953714,0.07350477517906606,0.012376981608236637,0.011853534984161307,-0.010418751488197042,-0.2055951591332681,-0.10849558957500705
5,1.5,P_admiration-d6-v4,admiration,1,1,0.1093882411261351,0.04098806296848423,0.028749559854437834,-0.016217570144100968,0.09251632355614614,0.028632514317984636,-0.024695341939082294,-0.007988154695647953,0.08063868127169727,0.0572056331125852,0.1093882411261351,0.04098806296848423,0.028749559854437834,-0.016217570144100968,0.09251632355614614,0.028632514317984636,-0.024695341939082294,-0.007988154695647953,-0.05682610021637613,-0.02446141582414807,0.08063868127169727,0.0572056331125852
5,1.5,P_vigilance-d4-v2,vigilance,1,1,0.1048526501977598,0.0730715563339821,0.09027850437965235,0.041856829163012144,0.10871336908817675,0.06917681238103057,0.2258588333756517,0.12087281669952965,0.014574145818107453,0.031214727170969958,0.1048526501977598,0.0730715563339821,0.09027850437965235,0.041856829163012144,0.10871336908817675,0.06917681238103057,0.2258588333756517,0.12087281669952965,0.1944354124256309,0.10809205491533902,0.014574145818107453,0.031214727170969958
5,1.5,P_vigilance-d5-v2,vigilance,1,1,-0.0018151774835315493,-0.019780830587925458,-0.15477627374449288,-0.05875958441876161,-0.04754409900793899,-0.03715538174580413,-0.08242945164585347,-0.04520473507169287,0.15296109626096133,0.038978753830836155,-0.0018151774835315493,-0.019780830587925458,-0.15477627374449288,-0.05875958441876161,-0.04754409900793899,-0.03715538174580413,-0.08242945164585347,-0.04520473507169287,-0.19531846345982462,-0.08422737959342008,0.15296109626096133,0.038978753830836155
5,1.5,P_vigilance-d5-v3,vigilance,1,1,0.04473786810675229,0.010103228819152932,0.12306976661502489,0.04904670675123768,0.05630868615706586,0.012904807783607808,-0.06640541079852813,-0.026657048654373128,-0.0783318985082726,-0.03894347793208475,0.04473786810675229,0.010103228819152932,0.12306976661502489,0.04904670675123768,0.05630868615706586,0.012904807783607808,-0.06640541079852813,-0.026657048654373128,-0.06138345680972357,-0.028394525155808203,-0.0783318985082726,-0.03894347793208475
5,1.5,P_vigilance-d5-v4,vigilance,1,1,0.03763632361094871,0.00926499015650517,-0.060707498442991614,-0.03937959791326939,0.016172674114203645,-0.010572758796575599,0.004103104745967201,0.006560940612295063,0.09834382205394032,0.048644588069774564,0.03763632361094871,0.00926499015650517,-0.060707498442991614,-0.03937959791326939,0.016172674114203645,-0.010572758796575599,0.004103104745967201,0.006560940612295063,-0.06522596517611667,-0.02919149131226728,0.09834382205394032,0.048644588069774564
6,-1.0,P_rage-d1-v2,rage,-1,1,-0.02547207620970804,0.0357348142934617,-0.04533905506885638,0.032645998688940026,-0.061052630726726065,0.0485116334452087,-0.11020144355786954,0.07896299323899347,0.019866978859148343,0.0030888156045216775,0.02547207620970804,0.0357348142934617,0.04533905506885638,0.032645998688940026,0.061052630726726065,0.0485116334452087,0.11020144355786954,0.07896299323899347,0.15382534202762743,0.09679566395919359,-0.019866978859148343,0.0030888156045216775
6,-1.0,P_rage-d2-v3,rage,-1,1,-0.10264566502927419,0.07840998038057823,-0.041508533468189945,0.021066278453369947,-0.1388891497625524,0.10934928477088324,-0.2807630043368343,0.15561200180244628,-0.061137131561084246,0.05734370192720828,0.10264566502927419,0.07840998038057823,0.041508533468189945,0.021066278453369947,0.1388891497625524,0.10934928477088324,0.2807630043368343,0.15561200180244628,0.395092847142712,0.22004443654089556,0.061137131561084246,0.05734370192720828
6,-1.0,P_rage-d3-v3,rage,-1,1,-0.07482967074495317,0.06741027738849237,0.05516721886662079,-0.04089703510281417,-0.1169057060546912,0.08717535963258438,-0.3463802066350068,0.21427312173183388,-0.12999688961157396,0.10830731249130654,0.07482967074495317,0.06741027738849237,-0.05516721886662079,-0.04089703510281417,0.1169057060546912,0.08717535963258438,0.3463802066350068,0.21427312173183388,0.39846736029157137,0.22840018019733943,0.12999688961157396,0.10830731249130654
6,-1.0,P_rage-d3-v4,rage,-1,1,0.14380084777160906,-0.07913169301125844,-0.15366481396928844,0.11459525112157287,0.14705337115859596,-0.058871634100299275,0.09010047450603631,-0.03823929215233424,0.2974656617408975,-0.1937269441328313,-0.14380084777160906,-0.07913169301125844,0.15366481396928844,0.11459525112157287,-0.14705337115859596,-0.058871634100299275,-0.09010047450603631,-0.03823929215233424,-0.08240552738573914,-0.012524173238894765,-0.2974656617408975,-0.1937269441328313
6,-1.0,P_grief-d1-v3,grief,-1,-1,-0.023443575938975947,-0.013260147085469853,0.09066873838114464,0.028553840945860998,-0.035574958598162176,-0.02322010513020345,-0.04213947026348075,-0.042036364240303215,-0.11411231432012059,-0.04181398803133085,0.023443575938975947,0.013260147085469853,-0.09066873838114464,-0.028553840945860998,0.035574958598162176,0.02322010513020345,0.04213947026348075,0.042036364240303215,0.05595582207162764,0.04462687639833973,0.11411231432012059,0.04181398803133085
6,-1.0,P_grief-d1-v4,grief,-1,-1,-0.2571081785184228,-0.18636523694553286,-0.14969950493676532,-0.11862383069298588,-0.22911693755634133,-0.17018381520796932,-0.6686906025399146,-0.3919804090275125,-0.10740867358165751,-0.06774140625254699,0.2571081785184228,0.18636523694553286,0.14969950493676532,0.11862383069298588,0.22911693755634133,0.17018381520796932,0.6686906025399146,0.3919804090275125,0.6085124655531624,0.3596298505862956,0.10740867358165751,0.06774140625254699
6,-1.0,P_grief-d2-v1,grief,-1,-1,-0.07915633210814121,-0.04101761925197156,0.0004294283007029165,0.0013250095468100298,-0.09231805467215093,-0.054012432183729864,-0.5493457737534144,-0.234469698899348,-0.07958576040884413,-0.04234262879878159,0.07915633210814121,0.04101761925197156,-0.0004294283007029165,-0.0013250095468100298,0.09231805467215093,0.054012432183729864,0.5493457737534144,0.234469698899348,0.5904877518827285,0.26118157669395003,0.07958576040884413,0.04234262879878159
6,-1.0,P_grief-d2-v2,grief,-1,-1,0.129726582265695,0.054544713405597633,-0.04752083486884828,-0.02955001285558101,0.05496649911059315,0.012827631978900023,0.07880526548469557,0.029664495640575606,0.17724741713454328,0.08409472626117864,-0.129726582265695,-0.054544713405597633,0.04752083486884828,0.02955001285558101,-0.05496649911059315,-0.012827631978900023,-0.07880526548469557,-0.029664495640575606,-0.04892561243056459,0.00038255707593704,-0.17724741713454328,-0.08409472626117864
6,-1.0,P_grief-d2-v3,grief,-1,-1,0.04439071319726651,0.02046430504925656,0.15377199282054477,0.10483926186531978,0.011277780585572827,-0.004048899670574535,-0.06914919415116616,-0.04637580415602738,-0.10938127962327826,-0.08437495681606322,-0.04439071319726651,-0.02046430504925656,-0.15377199282054477,-0.10483926186531978,-0.011277780585572827,0.004048899670574535,0.06914919415116616,0.04637580415602738,0.16386831298386673,0.08172814499084913,0.10938127962327826,0.08437495681606322
6,-1.0,P_grief-d2-v4,grief,-1,-1,-0.2406782378761676,-0.17013809616187814,-0.05464374974779407,-0.02890748814955657,-0.28557498897132927,-0.21378809880768834,-0.5723350690946671,-0.3388350580318429,-0.18603448812837353,-0.14123060801232157,0.2406782378761676,0.17013809616187814,0.05464374974779407,0.02890748814955657,0.28557498897132927,0.21378809880768834,0.5723350690946671,0.3388350580318429,0.6551356044325956,0.3952949150224665,0.18603448812837353,0.14123060801232157
6,-1.0,P_grief-d3-v2,grief,-1,-1,0.009815054465561524,-0.008396166888382517,0.0716805112866048,0.036590574417725286,-0.013898637363015887,-0.018082114406356098,-0.06287809508105813,-0.052458705259751603,-0.061865456821043274,-0.0449867413061078,-0.009815054465561524,0.008396166888382517,-0.0716805112866048,-0.036590574417725286,0.013898637363015887,0.018082114406356098,0.06287809508105813,0.052458705259751603,0.10491450738386021,0.06968785629089869,0.061865456821043274,0.0449867413061078
6,-1.0,P_grief-d3-v3,grief,-1,-1,-0.06313468643457387,-0.02966528199123708,0.0658620845078648,0.05385671535166736,-0.057681999265442485,-0.03415160164038333,-0.2542196127757279,-0.12288396525146883,-0.12899677094243867,-0.08352199734290444,0.06313468643457387,0.02966528199123708,-0.0658620845078648,-0.05385671535166736,0.057681999265442485,0.03415160164038333,0.2542196127757279,0.12288396525146883,0.2967911455797987,0.144780512950069,0.12899677094243867,0.08352199734290444
6,-1.0,P_grief-d3-v4,grief,-1,-1,-0.06363594242055903,-0.028123228448762028,-0.03943276330718781,-0.028883697895647487,-0.09934861051065624,-0.05189772469129572,-0.28671195993470455,-0.12599456983134516,-0.02420317911337122,0.0007604694468854589,0.06363594242055903,0.028123228448762028,0.03943276330718781,0.028883697895647487,0.09934861051065624,0.05189772469129572,0.28671195993470455,0.12599456983134516,0.3773567111599312,0.16718267331266778,0.02420317911337122,-0.0007604694468854589
6,-1.0,P_terror-d1-v3,terror,-1,1,0.21672223078183883,-0.1020183604813174,-0.07432945166811589,0.04351428727652262,0.22724491864935548,-0.1097280407918877,0.11447125057610119,-0.05529304390399403,0.2910516824499547,-0.14553264775784003,-0.21672223078183883,-0.1020183604813174,0.07432945166811589,0.04351428727652262,-0.22724491864935548,-0.1097280407918877,-0.11447125057610119,-0.05529304390399403,-0.12446135684321513,-0.06303558895830941,-0.2910516824499547,-0.14553264775784003
6,-1.0,P_terror-d2-v3,terror,-1,1,-0.04721364011804852,0.042125928779191746,0.09943436514301762,-0.05164430132993569,0.04535457027322254,0.007470767546786661,-0.1796205792505523,0.10517953464481922,-0.14664800526106614,0.09377023010912744,0.04721364011804852,0.042125928779191746,-0.09943436514301762,-0.05164430132993569,-0.04535457027322254,0.007470767546786661,0.1796205792505523,0.10517953464481922,0.06243309102293271,0.06414437308379561,0.14664800526106614,0.09377023010912744
6,-1.0,P_terror-d2-v4,terror,-1,1,-0.1193403292154418,0.09369873927711758,-0.003982975811033462,0.006580171615912178,-0.10745674207106859,0.08221906945190227,-0.5130071597973807,0.28844209173456115,-0.11535735340440834,0.0871185676612054,0.1193403292154418,0.09369873927711758,0.003982975811033462,0.006580171615912178,0.10745674207106859,0.08221906945190227,0.5130071597973807,0.28844209173456115,0.4514757290426328,0.2683738684333852,0.11535735340440834,0.0871185676612054
6,-1.0,P_terror-d3-v3,terror,-1,1,0.05458397790288849,-0.04416626400104118,0.008613787099290171,0.023465161480053176,-0.013362391520129968,-0.004253646153530077,0.036556162002407966,-0.024942921689874886,0.04597019080359832,-0.06763142548109435,-0.05458397790288849,-0.04416626400104118,-0.008613787099290171,0.023465161480053176,0.013362391520129968,-0.004253646153530077,-0.036556162002407966,-0.024942921689874886,0.08550634933209089,0.039211522706179114,-0.04597019080359832,-0.06763142548109435
6,-1.0,P_terror-d3-v4,terror,-1,1,0.2532359335400769,-0.11086483824031834,0.0008219069229840059,0.006524058121121001,0.2755515380738931,-0.1174803706131371,0.3631870325494235,-0.18428227431724142,0.2524140266170929,-0.11738889636143934,-0.2532359335400769,-0.11086483824031834,-0.0008219069229840059,0.006524058121121001,-0.2755515380738931,-0.1174803706131371,-0.3631870325494235,-0.18428227431724142,-0.4024416315757531,-0.19392764910972016,-0.2524140266170929,-0.11738889636143934
6,-1.0,P_ecstasy-d1-v1,ecstasy,1,1,-0.10133301976032927,-0.061317634582335856,0.2747902503556352,0.13852152174353094,-0.07295594008079087,-0.05094798234997633,-0.033020821522979915,-0.042460779375372404,-0.37612327011596447,-0.1998391563258668,-0.10133301976032927,-0.061317634582335856,0.2747902503556352,0.13852152174353094,-0.07295594008079087,-0.05094798234997633,-0.033020821522979915,-0.042460779375372404,-0.002991336448271209,-0.03707432111679321,-0.37612327011596447,-0.1998391563258668
6,-1.0,P_ecstasy-d2-v1,ecstasy,1,1,0.023481366820712335,0.0037353613063793034,0.02583312717490882,0.02548086908479874,-0.16566459554757662,-0.0762092811314039,0.14646850246667986,0.08312247478961465,-0.002351760354196486,-0.021745507778419437,0.023481366820712335,0.0037353613063793034,0.02583312717490882,0.02548086908479874,-0.16566459554757662,-0.0762092811314039,0.14646850246667986,0.08312247478961465,-0.023514980619261827,0.011800173850239126,-0.002351760354196486,-0.021745507778419437
6,-1.0,P_ecstasy-d2-v2,ecstasy,1,1,0.02102517525088654,0.03776099796466692,0.28132544254838887,0.23840996796812064,0.08736964536786118,0.10101358269762528,0.5331484158009454,0.2759294443682734,-0.26030026729750233,-0.20064897000345372,0.02102517525088654,0.03776099796466692,0.28132544254838887,0.23840996796812064,0.08736964536786118,0.10101358269762528,0.5331484158009454,0.2759294443682734,0.6666585323120606,0.3630135925050024,-0.26030026729750233,-0.20064897000345372
6,-1.0,P_ecstasy-d2-v3,ecstasy,1,1,0.006461522713196111,0.0033056086244389604,-0.010897304960193033,0.007156167295073068,-0.006166625945114745,0.01145976357063816,0.3463832900332964,0.16297941293728835,0.017358827673389143,-0.0038505586706341077,0.006461522713196111,0.0033056086244389604,-0.010897304960193033,0.007156167295073068,-0.006166625945114745,0.01145976357063816,0.3463832900332964,0.16297941293728835,0.3532711113557294,0.17588244824722654,0.017358827673389143,-0.0038505586706341077
6,-1.0,P_ecstasy-d2-v4,ecstasy,1,1,0.21131108153194322,0.13345707269044738,-0.07941956871182043,-0.04964009383789225,0.22505503996850518,0.1466991204585666,0.3356317241856823,0.1865618920881138,0.29073065024376366,0.18309716652833963,0.21131108153194322,0.13345707269044738,-0.07941956871182043,-0.04964009383789225,0.22505503996850518,0.1466991204585666,0.3356317241856823,0.1865618920881138,0.3061414278825225,0.18792012690600224,0.29073065024376366,0.18309716652833963
6,-1.0,P_ecstasy-d3-v1,ecstasy,1,1,-0.0964585195868537,-0.01716812646588295,-0.02145842232872397,-0.01158334511273651,-0.14869088880147174,-0.016553290641151186,0.13478007404643844,0.12737452349852596,-0.07500009725812973,-0.00558478135314644,-0.0964585195868537,-0.01716812646588295,-0.02145842232872397,-0.01158334511273651,-0.14869088880147174,-0.016553290641151186,0.13478007404643844,0.12737452349852596,0.1491867299131675,0.16156569893619732,-0.07500009725812973,-0.00558478135314644
6,-1.0,P_ecstasy-d3-v4,ecstasy,1,1,0.08886452089708374,0.06204961610207249,-0.05765752466736185,-0.028625680485160565,0.14283121164115187,0.09962500664779661,0.40775042612553536,0.1916912848026433,0.1465220455644456,0.09067529658723306,0.08886452089708374,0.06204961610207249,-0.05765752466736185,-0.028625680485160565,0.14283121164115187,0.09962500664779661,0.40775042612553536,0.1916912848026433,0.4834040668727808,0.23530640121440882,0.1465220455644456,0.09067529658723306
6,-1.0,P_loathing-d1-v2,loathing,-1,1,0.02767714629471829,0.00083714050181527,-0.005740606713576568,0.029431431684371567,-0.021814760575590952,0.03913387869978191,-0.16921863495869527,0.09447675938719247,0.03341775300829486,-0.028594291182556297,-0.02767714629471829,0.00083714050181527,0.005740606713576568,0.029431431684371567,0.021814760575590952,0.03913387869978191,0.16921863495869527,0.09447675938719247,0.23821940459785296,0.13935839147566753,-0.03341775300829486,-0.028594291182556297
6,-1.0,P_loathing-d2-v2,loathing,-1,1,0.24856749644900322,-0.14210781192525257,-0.12442008494564405,0.0686954111296103,0.3301015030509671,-0.1777383349655608,0.221771026685885,-0.13098725317154436,0.37298758139464727,-0.21080322305486288,-0.24856749644900322,-0.14210781192525257,0.12442008494564405,0.0686954111296103,-0.3301015030509671,-0.1777383349655608,-0.221771026685885,-0.13098725317154436,-0.24704295171127555,-0.15019197724557198,-0.37298758139464727,-0.21080322305486288
6,-1.0,P_loathing-d3-v2,loathing,-1,1,-0.1819687995476782,0.08449004105921443,-0.1884521836554529,0.1513090993535986,-0.20088886211541057,0.10672370386710561,-0.5052953699415252,0.2233278621021526,0.0064833841077747145,-0.06681905829438417,0.1819687995476782,0.08449004105921443,0.1884521836554529,0.1513090993535986,0.20088886211541057,0.10672370386710561,0.5052953699415252,0.2233278621021526,0.5473537476500301,0.24832978433514574,-0.0064833841077747145,-0.06681905829438417
6,-1.0,P_loathing-d3-v3,loathing,-1,1,-0.08656999301403179,0.04120447349042866,-0.11896185538417381,0.06157272273071612,-0.13138527372035824,0.08269945465324557,-0.1937869155798846,0.12226327856063701,0.03239186237014202,-0.02036824924028746,0.08656999301403179,0.04120447349042866,0.11896185538417381,0.06157272273071612,0.13138527372035824,0.08269945465324557,0.1937869155798846,0.12226327856063701,0.23458371919027154,0.16494505668761184,-0.03239186237014202,-0.02036824924028746
6,-1.0,P_loathing-d3-v4,loathing,-1,1,-0.06840359082555558,0.035883401175600405,0.10607416678455817,-0.03988888507083832,-0.0601149972527546,0.06121227725185818,-0.5356263692459557,0.2562178018765664,-0.17447775761011375,0.07577228624643872,0.06840359082555558,0.035883401175600405,-0.10607416678455817,-0.03988888507083832,0.0601149972527546,0.06121227725185818,0.5356263692459557,0.2562178018765664,0.47067484477502,0.26099893987677314,0.17447775761011375,0.07577228624643872
6,-1.0,P_amazement-d1-v1,amazement,1,1,-0.07272320412542488,-0.00530757309219787,-0.12274369713059219,-0.08410887378659382,-0.04194429025192914,0.019799507692252583,0.02356275049334755,0.054987165812482086,0.05002049300516731,0.07880130069439595,-0.07272320412542488,-0.00530757309219787,-0.12274369713059219,-0.08410887378659382,-0.04194429025192914,0.019799507692252583,0.02356275049334755,0.054987165812482086,0.039764712885324904,0.07235224717381694,0.05002049300516731,0.07880130069439595
6,-1.0,P_amazement-d1-v2,amazement,1,1,0.053998533286893746,0.025784500724684634,0.010781445787664268,0.01254455607045113,0.08808929313039826,0.05029942718362257,0.15582864972412258,0.06697287348648295,0.04321708749922948,0.013239944654233504,0.053998533286893746,0.025784500724684634,0.010781445787664268,0.01254455607045113,0.08808929313039826,0.05029942718362257,0.15582864972412258,0.06697287348648295,0.2292748696082696,0.10494414772266403,0.04321708749922948,0.013239944654233504
6,-1.0,P_amazement-d1-v4,amazement,1,1,0.1489662493578221,0.11757372301974733,0.02417386387876075,0.028908883504731975,0.1421581954640443,0.11776120838059967,0.24863241433075434,0.1760740607001896,0.12479238547906135,0.08866483951501536,0.1489662493578221,0.11757372301974733,0.02417386387876075,0.028908883504731975,0.1421581954640443,0.11776120838059967,0.24863241433075434,0.1760740607001896,0.23626254309991257,0.1751781709422966,0.12479238547906135,0.08866483951501536
6,-1.0,P_amazement-d2-v1,amazement,1,1,-0.02464903107993166,-0.00125218395477944,-0.03742519318745252,-0.02351202124398899,-0.019633790338422052,0.019423124745387987,-0.041774365225137,-0.0086704054642599,0.012776162107520861,0.02225983728920955,-0.02464903107993166,-0.00125218395477944,-0.03742519318745252,-0.02351202124398899,-0.019633790338422052,0.019423124745387987,-0.041774365225137,-0.0086704054642599,0.04805680749112495,0.04444078364351611,0.012776162107520861,0.02225983728920955
6,-1.0,P_amazement-d2-v2,amazement,1,1,0.06705390457754667,0.05798987303944969,-0.018175818090131912,-0.011355672709391307,0.08262335951245081,0.05860209999493815,0.17696279595391218,0.1047780697214864,0.08522972266767859,0.069345545748841,0.06705390457754667,0.05798987303944969,-0.018175818090131912,-0.011355672709391307,0.08262335951245081,0.05860209999493815,0.17696279595391218,0.1047780697214864,0.2031833188175014,0.10964422449409117,0.08522972266767859,0.069345545748841
6,-1.0,P_amazement-d3-v2,amazement,1,1,0.049693931217618115,-0.000507080936137605,-0.05641223318762201,-0.021831480694133987,0.12184990345998692,0.017014379814439096,0.22625216584201535,0.14158179187995223,0.10610616440524012,0.021324399757996382,0.049693931217618115,-0.000507080936137605,-0.05641223318762201,-0.021831480694133987,0.12184990345998692,0.017014379814439096,0.22625216584201535,0.14158179187995223,0.27463468631926524,0.16866044750486964,0.10610616440524012,0.021324399757996382
6,-1.0,P_amazement-d3-v4,amazement,1,1,-0.0045840335979319136,0.004564475231084053,0.011087984283078,0.0031768323393643882,0.04086664950239083,0.04745661683919522,0.27331904845545285,0.13661776047698693,-0.015672017881009914,0.0013876428917196648,-0.0045840335979319136,0.004564475231084053,0.011087984283078,0.0031768323393643882,0.04086664950239083,0.04745661683919522,0.27331904845545285,0.13661776047698693,0.36453964816172846,0.2082381503599211,-0.015672017881009914,0.0013876428917196648
6,-1.0,P_admiration-d1-v1,admiration,1,1,0.05597822367431071,0.046870682378089334,0.05679631214606484,-0.006487028429739361,0.09824191129258075,0.09591191638314012,0.41253035094872725,0.2446333749448466,-0.0008180884717541304,0.053357710807828695,0.05597822367431071,0.046870682378089334,0.05679631214606484,-0.006487028429739361,0.09824191129258075,0.09591191638314012,0.41253035094872725,0.2446333749448466,0.4882526394924285,0.3112976381377166,-0.0008180884717541304,0.053357710807828695
6,-1.0,P_admiration-d1-v2,admiration,1,1,0.06922918604993189,0.05190147284050628,-0.0032306431874733477,0.011666605818150266,0.08430274749000866,0.07501616388654853,0.3423174880846198,0.1742365548627065,0.07245982923740524,0.04023486702235601,0.06922918604993189,0.05190147284050628,-0.0032306431874733477,0.011666605818150266,0.08430274749000866,0.07501616388654853,0.3423174880846198,0.1742365548627065,0.36300749357963236,0.1987174299263499,0.07245982923740524,0.04023486702235601
6,-1.0,P_admiration-d1-v3,admiration,1,1,0.0390013258997417,0.04743863737681586,0.0680040120078127,0.025709250712434795,0.09423389726643183,0.09312267778794237,0.49002508819891455,0.256318192953108,-0.029002686108070996,0.021729386664381067,0.0390013258997417,0.04743863737681586,0.0680040120078127,0.025709250712434795,0.09423389726643183,0.09312267778794237,0.49002508819891455,0.256318192953108,0.5778241202756482,0.31230614963423076,-0.029002686108070996,0.021729386664381067
6,-1.0,P_admiration-d2-v1,admiration,1,1,0.10686127261995626,0.03410763293709884,0.010287154622019123,0.008215385352654536,0.09956272423975232,0.042242804072506246,0.3401398631182784,0.16633809659760157,0.09657411799793714,0.025892247584444306,0.10686127261995626,0.03410763293709884,0.010287154622019123,0.008215385352654536,0.09956272423975232,0.042242804072506246,0.3401398631182784,0.16633809659760157,0.28126259251159347,0.14915653146635144,0.09657411799793714,0.025892247584444306
6,-1.0,P_admiration-d2-v2,admiration,1,1,0.10812176048024913,0.0666198901571331,-0.006352152092181207,0.011903475839954325,0.08548793078648753,0.07398651590132843,0.5508993946827392,0.25716443156695057,0.11447391257243034,0.054716414317178774,0.10812176048024913,0.0666198901571331,-0.006352152092181207,0.011903475839954325,0.08548793078648753,0.07398651590132843,0.5508993946827392,0.25716443156695057,0.4448859870947155,0.21397935696329684,0.11447391257243034,0.054716414317178774
6,-1.0,P_admiration-d2-v3,admiration,1,1,0.04855168290933687,0.04661648981774036,0.013929362960613645,0.0003448055968791053,0.059103373609274534,0.0577803268943855,0.29746163752093757,0.1719153374638669,0.034622319948723224,0.04627168422086125,0.04855168290933687,0.04661648981774036,0.013929362960613645,0.0003448055968791053,0.059103373609274534,0.0577803268943855,0.29746163752093757,0.1719153374638669,0.3195797765605448,0.18390847537352073,0.034622319948723224,0.04627168422086125
6,-1.0,P_vigilance-d1-v4,vigilance,1,1,0.1790206901433793,0.15214413776059565,0.04144085573395895,0.015169515104162201,0.18494923111586026,0.15542929663319693,0.41218222430233187,0.2659935492626886,0.13757983440942034,0.13697462265643345,0.1790206901433793,0.15214413776059565,0.04144085573395895,0.015169515104162201,0.18494923111586026,0.15542929663319693,0.41218222430233187,0.2659935492626886,0.39156908751933717,0.25933043591407134,0.13757983440942034,0.13697462265643345
6,-1.0,P_vigilance-d2-v3,vigilance,1,1,0.007153876440850304,0.01482472206854979,0.026228588967236455,0.028625098608483057,0.006962730372505277,0.02440283807857302,0.1277125402017547,0.07475302150623886,-0.01907471252638615,-0.013800376539933268,0.007153876440850304,0.01482472206854979,0.026228588967236455,0.028625098608483057,0.006962730372505277,0.02440283807857302,0.1277125402017547,0.07475302150623886,0.09585260410991703,0.06606070280581111,-0.01907471252638615,-0.013800376539933268
6,-1.0,P_vigilance-d2-v4,vigilance,1,1,0.14540235062928275,0.11497776166748341,-0.008308981083287037,-0.007310981492541835,0.14234077902017805,0.11669674864649426,0.31466695366448416,0.23051206864938312,0.1537113317125698,0.12228874316002525,0.14540235062928275,0.11497776166748341,-0.008308981083287037,-0.007310981492541835,0.14234077902017805,0.11669674864649426,0.31466695366448416,0.23051206864938312,0.3013857839810452,0.22970669996460735,0.1537113317125698,0.12228874316002525
6,-1.0,P_vigilance-d3-v2,vigilance,1,1,-0.005415810842440472,0.007950560790949801,-0.0023620642490795873,0.011769048139516514,0.0313677510650745,0.037453584925398964,-0.005350269940242569,0.023091841418128034,-0.0030537465933608843,-0.0038184873485667126,-0.005415810842440472,0.007950560790949801,-0.0023620642490795873,0.011769048139516514,0.0313677510650745,0.037453584925398964,-0.005350269940242569,0.023091841418128034,0.05259923987469417,0.06353429860456927,-0.0030537465933608843,-0.0038184873485667126
6,-1.0,P_vigilance-d3-v4,vigilance,1,1,-0.01567828025103779,-0.015349038623988065,-0.051874306587638586,-0.02076564536672354,-0.02062700498578529,-0.008261801824288817,0.018487481061137956,-0.0014389641074137316,0.036196026336600795,0.005416606742735475,-0.01567828025103779,-0.015349038623988065,-0.051874306587638586,-0.02076564536672354,-0.02062700498578529,-0.008261801824288817,0.018487481061137956,-0.0014389641074137316,0.056302917848796596,0.020289332362263046,0.036196026336600795,0.005416606742735475
6,-1.0,P_rage-d4-v1,rage,-1,1,0.09542662405522595,-0.04512937466071243,0.024559888295100585,-0.014937149188492427,0.11145302364706566,-0.04989873439270198,0.12382272781921433,-0.04806292062471362,0.07086673576012537,-0.030192225472220002,-0.09542662405522595,-0.04512937466071243,-0.024559888295100585,-0.014937149188492427,-0.11145302364706566,-0.04989873439270198,-0.12382272781921433,-0.04806292062471362,-0.1266209986539506,-0.0457623234342881,-0.07086673576012537,-0.030192225472220002
6,-1.0,P_rage-d4-v2,rage,-1,1,-0.05118126026317338,0.005904092592431631,-0.02410854683021224,0.004553581962232656,-0.03884112875556056,0.005296930006379874,-0.2723311455496349,0.11578067378817591,-0.027072713432961137,0.0013505106301989755,0.05118126026317338,0.005904092592431631,0.02410854683021224,0.004553581962232656,0.03884112875556056,0.005296930006379874,0.2723311455496349,0.11578067378817591,0.2505263884779376,0.10861218146455354,0.027072713432961137,0.0013505106301989755
6,-1.0,P_rage-d4-v4,rage,-1,1,0.03402135129483064,-0.02279112965368668,-0.12804998633052733,0.08830978541827506,0.020628633982155975,-0.01485432174545398,-0.12140125345447661,0.05827844694204032,0.16207133762535797,-0.11110091507196174,-0.03402135129483064,-0.02279112965368668,0.12804998633052733,0.08830978541827506,-0.020628633982155975,-0.01485432174545398,0.12140125345447661,0.05827844694204032,0.11201020476136936,0.05633912566524213,-0.16207133762535797,-0.11110091507196174
6,-1.0,P_rage-d5-v1,rage,-1,1,-0.03126413472703504,0.024716539785416103,0.12264503763314671,-0.08424917812454069,-0.059895803525303215,0.042854241588588415,-0.152465896012981,0.07899397855692047,-0.15390917236018176,0.1089657179099568,0.03126413472703504,0.024716539785416103,-0.12264503763314671,-0.08424917812454069,0.059895803525303215,0.042854241588588415,0.152465896012981,0.07899397855692047,0.2310528520661972,0.12022481830438858,0.15390917236018176,0.1089657179099568
6,-1.0,P_rage-d5-v3,rage,-1,1,-0.09544275226707111,0.03585220646936804,-0.35106948360058876,0.18348239180027726,-0.11595147982805187,0.04521792606714392,-0.1425949383488203,0.05755231069870259,0.25562673133351765,-0.1476301853309092,0.09544275226707111,0.03585220646936804,0.35106948360058876,0.18348239180027726,0.11595147982805187,0.04521792606714392,0.1425949383488203,0.05755231069870259,0.1975757138636398,0.07930446822795068,-0.25562673133351765,-0.1476301853309092
6,-1.0,P_rage-d6-v2,rage,-1,1,0.017679470645759032,-0.010622217171058601,-0.04202006766137867,0.030565098592849615,0.005434804114994307,-0.0024839750283778272,0.05453241399541042,-0.01689269561413065,0.0596995383071377,-0.04118731576390822,-0.017679470645759032,-0.010622217171058601,0.04202006766137867,0.030565098592849615,-0.005434804114994307,-0.0024839750283778272,-0.05453241399541042,-0.01689269561413065,0.03210889283728946,0.018274107394675276,-0.0596995383071377,-0.04118731576390822
6,-1.0,P_grief-d4-v2,grief,-1,-1,0.009571639177019975,0.009511125207885662,0.0739656154998869,0.03573723544452534,0.011125198447011542,0.007606400367160759,0.052103264217640444,0.023334756982793525,-0.06439397632286692,-0.026226110236639677,-0.009571639177019975,-0.009511125207885662,-0.0739656154998869,-0.03573723544452534,-0.011125198447011542,-0.007606400367160759,-0.052103264217640444,-0.023334756982793525,-0.03832421636485428,-0.016966710222222403,0.06439397632286692,0.026226110236639677
6,-1.0,P_grief-d4-v3,grief,-1,-1,0.3659743154040771,0.20116290391038527,-0.14959193068268295,-0.09072934940088118,0.47246437835411825,0.2576862254210397,0.48655186950493556,0.2755773000207751,0.51556624608676,0.29189225331126645,-0.3659743154040771,-0.20116290391038527,0.14959193068268295,0.09072934940088118,-0.47246437835411825,-0.2576862254210397,-0.48655186950493556,-0.2755773000207751,-0.49885234157544955,-0.2805749777102009,-0.51556624608676,-0.29189225331126645
6,-1.0,P_grief-d4-v4,grief,-1,-1,0.02188685269921553,0.01590722065399852,-0.15475938550949664,-0.09329800609086547,-0.007098555671814388,0.0030059385240672754,0.01302363824124031,0.012411897226302315,0.17664623820871217,0.10920522674486399,-0.02188685269921553,-0.01590722065399852,0.15475938550949664,0.09329800609086547,0.007098555671814388,-0.0030059385240672754,-0.01302363824124031,-0.012411897226302315,0.05255209150694107,0.01950306079888353,-0.17664623820871217,-0.10920522674486399
6,-1.0,P_grief-d5-v1,grief,-1,-1,0.08985054161342187,0.05038849163546821,0.12803217109101794,0.05147463903900196,0.11538231340838223,0.0665832414208758,0.24011658417377335,0.12672914326534945,-0.03818162947759607,-0.0010861474035337437,-0.08985054161342187,-0.05038849163546821,-0.12803217109101794,-0.05147463903900196,-0.11538231340838223,-0.0665832414208758,-0.24011658417377335,-0.12672914326534945,-0.2921554746962922,-0.14958890805838188,0.03818162947759607,0.0010861474035337437
6,-1.0,P_grief-d5-v2,grief,-1,-1,0.04257091106163102,0.02401858327235651,-0.15916388712264418,-0.10812633559789919,0.054272402255686636,0.027299196618625565,-0.07189724475317316,-0.028835987231549343,0.2017347981842752,0.1321449188702557,-0.04257091106163102,-0.02401858327235651,0.15916388712264418,0.10812633559789919,-0.054272402255686636,-0.027299196618625565,0.07189724475317316,0.028835987231549343,0.056459272245446,0.02168774093726178,-0.2017347981842752,-0.1321449188702557
6,-1.0,P_grief-d5-v3,grief,-1,-1,-0.03523748423972872,-0.02526065583654269,0.04566828533243772,0.02739698108997146,-0.06280336644572948,-0.0403075883810029,-0.17235477547929756,-0.08214156003406803,-0.08090576957216644,-0.05265763692651415,0.03523748423972872,0.02526065583654269,-0.04566828533243772,-0.02739698108997146,0.06280336644572948,0.0403075883810029,0.17235477547929756,0.08214156003406803,0.19392837544649755,0.09765322947932997,0.08090576957216644,0.05265763692651415
6,-1.0,P_grief-d6-v1,grief,-1,-1,0.11235041938657009,0.057693732220498894,0.015131229336260432,0.010774511856948443,0.12515970472913107,0.06634493405204456,0.1647146914059041,0.06093803237016271,0.09721919005030966,0.04691922036355045,-0.11235041938657009,-0.057693732220498894,-0.015131229336260432,-0.010774511856948443,-0.12515970472913107,-0.06634493405204456,-0.1647146914059041,-0.06093803237016271,-0.13211535242987127,-0.03861134807021127,-0.09721919005030966,-0.04691922036355045
6,-1.0,P_grief-d6-v2,grief,-1,-1,0.06948448452605316,0.03417077653458467,0.06263843013808312,0.03567557695418877,0.0703163784235592,0.035069560268539135,0.08702691632443527,0.0444400925889985,0.006846054387970035,-0.001504800419604102,-0.06948448452605316,-0.03417077653458467,-0.06263843013808312,-0.03567557695418877,-0.0703163784235592,-0.035069560268539135,-0.08702691632443527,-0.0444400925889985,-0.0857604187293961,-0.04162643769634444,-0.006846054387970035,0.001504800419604102
6,-1.0,P_terror-d4-v1,terror,-1,1,-0.03279387454557536,0.02468526198707366,-0.028854027428772966,0.010347960854744542,-0.046204350926814186,0.025359004662215412,-0.03291872929054529,0.018771425651397777,-0.003939847116802397,0.014337301132329117,0.03279387454557536,0.02468526198707366,0.028854027428772966,0.010347960854744542,0.046204350926814186,0.025359004662215412,0.03291872929054529,0.018771425651397777,0.025103299386553868,0.013183121190685654,0.003939847116802397,0.014337301132329117
6,-1.0,P_terror-d4-v2,terror,-1,1,-0.11593862328644366,0.07427324618933095,-0.2734390311656876,0.16202437593293606,-0.19417953889136452,0.10324723278187964,-0.2654337260059316,0.14226121534043745,0.1575004078792439,-0.0877511297436051,0.11593862328644366,0.07427324618933095,0.2734390311656876,0.16202437593293606,0.19417953889136452,0.10324723278187964,0.2654337260059316,0.14226121534043745,0.4013505405187825,0.18877286036240015,-0.1575004078792439,-0.0877511297436051
6,-1.0,P_terror-d4-v3,terror,-1,1,-0.017367095657264464,0.009494662907085782,-0.021308141157632576,0.009096367436303154,-0.04746926756042491,0.026871482008592018,-0.16013913899407495,0.08169991932850795,0.003941045500368112,0.00039829547078262806,0.017367095657264464,0.009494662907085782,0.021308141157632576,0.009096367436303154,0.04746926756042491,0.026871482008592018,0.16013913899407495,0.08169991932850795,0.17498890450747817,0.09280011995285786,-0.003941045500368112,0.00039829547078262806
6,-1.0,P_terror-d5-v1,terror,-1,1,-0.09855349434684513,0.04155136876302201,-0.1314649985411327,0.07856576828682904,-0.05630958673099773,0.02537205561418343,-0.18702965980840824,0.08955100998716281,0.032911504194287566,-0.03701439952380703,0.09855349434684513,0.04155136876302201,0.1314649985411327,0.07856576828682904,0.05630958673099773,0.02537205561418343,0.18702965980840824,0.08955100998716281,0.13797146791159332,0.06609977660452682,-0.032911504194287566,-0.03701439952380703
6,-1.0,P_terror-d5-v2,terror,-1,1,-0.04642169145298425,0.016487509144846868,-0.07316300563786093,0.03992692205555759,-0.009480213696779316,-0.010344389282844979,-0.25165835399445946,0.10107311949701536,0.026741314184876686,-0.023439412910710722,0.04642169145298425,0.016487509144846868,0.07316300563786093,0.03992692205555759,0.009480213696779316,-0.010344389282844979,0.25165835399445946,0.10107311949701536,0.17407519565319252,0.0702807844701927,-0.026741314184876686,-0.023439412910710722
6,-1.0,P_terror-d6-v2,terror,-1,1,0.087839121766363,-0.04169574049562641,-0.06580374394947164,0.025295736149515413,0.05730105423386611,-0.029902919207760448,0.1839316399789701,-0.07987175379602807,0.15364286571583463,-0.06699147664514182,-0.087839121766363,-0.04169574049562641,0.06580374394947164,0.025295736149515413,-0.05730105423386611,-0.029902919207760448,-0.1839316399789701,-0.07987175379602807,-0.10474155374143779,-0.04623617453083417,-0.15364286571583463,-0.06699147664514182
6,-1.0,P_ecstasy-d4-v1,ecstasy,1,1,-0.016747431811311664,-0.0010667052439670144,-0.06764544878516965,-0.026854851384240597,0.0044771639012584075,0.017243632410304244,0.04545774519395529,0.040890357097461916,0.050898016973857985,0.025788146140273582,-0.016747431811311664,-0.0010667052439670144,-0.06764544878516965,-0.026854851384240597,0.0044771639012584075,0.017243632410304244,0.04545774519395529,0.040890357097461916,0.0681540429229841,0.0608154925496045,0.050898016973857985,0.025788146140273582
6,-1.0,P_ecstasy-d4-v3,ecstasy,1,1,-0.01862475709283018,-0.01223420660115071,0.022802023209447242,0.01923557116787311,-0.0227930052490386,-0.01895318844155991,0.0459013287402561,0.03016790547513226,-0.04142678030227742,-0.03146977776902382,-0.01862475709283018,-0.01223420660115071,0.022802023209447242,0.01923557116787311,-0.0227930052490386,-0.01895318844155991,0.0459013287402561,0.03016790547513226,0.08266875583828615,0.03939581265186032,-0.04142678030227742,-0.03146977776902382
6,-1.0,P_ecstasy-d5-v1,ecstasy,1,1,-0.0785395483093998,-0.040938769182707446,0.11563868672646116,0.09663974739316394,-0.034915156042301554,-0.023875985680473555,-0.11704349781953205,-0.05810474408360111,-0.19417823503586096,-0.1375785165758714,-0.0785395483093998,-0.040938769182707446,0.11563868672646116,0.09663974739316394,-0.034915156042301554,-0.023875985680473555,-0.11704349781953205,-0.05810474408360111,-0.09684385870353518,-0.04514447340980654,-0.19417823503586096,-0.1375785165758714
6,-1.0,P_ecstasy-d5-v2,ecstasy,1,1,-0.11343459973577108,-0.0608660605856004,0.2727313313173054,0.13796392200118746,0.066511372009467,0.041040277294616345,-0.10369548402211981,-0.07757747763565437,-0.3861659310530765,-0.19882998258678786,-0.11343459973577108,-0.0608660605856004,0.2727313313173054,0.13796392200118746,0.066511372009467,0.041040277294616345,-0.10369548402211981,-0.07757747763565437,0.023878172955375865,0.005613844569189119,-0.3861659310530765,-0.19882998258678786
6,-1.0,P_ecstasy-d5-v4,ecstasy,1,1,-0.06960215260562741,-0.04489494713356734,-0.2914508995616565,-0.160618635240926,-0.08040197083093759,-0.05052526782934841,-0.06869785950705909,-0.04004630069668558,0.22184874695602907,0.11572368810735867,-0.06960215260562741,-0.04489494713356734,-0.2914508995616565,-0.160618635240926,-0.08040197083093759,-0.05052526782934841,-0.06869785950705909,-0.04004630069668558,-0.12854552421055843,-0.06080410499064737,0.22184874695602907,0.11572368810735867
6,-1.0,P_ecstasy-d6-v1,ecstasy,1,1,-0.10217112517132065,-0.06071296365431156,0.13308586270564415,0.0815618985945692,-0.12410048783883099,-0.06523186294139993,-0.2482193157359287,-0.13566171539622696,-0.2352569878769648,-0.14227486224888075,-0.10217112517132065,-0.06071296365431156,0.13308586270564415,0.0815618985945692,-0.12410048783883099,-0.06523186294139993,-0.2482193157359287,-0.13566171539622696,-0.3007599103591123,-0.15223418671591737,-0.2352569878769648,-0.14227486224888075
6,-1.0,P_ecstasy-d6-v2,ecstasy,1,1,-0.004623225609355686,-0.013292170632687395,-0.01800941020855973,-0.005660202868952524,0.01279015010463258,0.006468598950015725,-0.012935506152835341,-0.021043828697944633,0.013386184599204043,-0.00763196776373487,-0.004623225609355686,-0.013292170632687395,-0.01800941020855973,-0.005660202868952524,0.01279015010463258,0.006468598950015725,-0.012935506152835341,-0.021043828697944633,0.04180838134006626,0.016356033103940515,0.013386184599204043,-0.00763196776373487
6,-1.0,P_ecstasy-d6-v3,ecstasy,1,1,0.008429217544202672,0.015028912882150358,-0.018467796871589393,-0.009391656394089232,0.0387876561442102,0.027608112468028523,0.2212667486177251,0.11671262154560402,0.026897014415792064,0.02442056927623959,0.008429217544202672,0.015028912882150358,-0.018467796871589393,-0.009391656394089232,0.0387876561442102,0.027608112468028523,0.2212667486177251,0.11671262154560402,0.23385254882513218,0.12376853023343548,0.026897014415792064,0.02442056927623959
6,-1.0,P_loathing-d4-v1,loathing,-1,1,0.11111254787340119,-0.07594963652031517,0.02903473489123165,-0.02264129695817907,0.11985228325286545,-0.08354281996378621,0.29123127278169836,-0.1684546345011202,0.08207781298216954,-0.0533083395621361,-0.11111254787340119,-0.07594963652031517,-0.02903473489123165,-0.02264129695817907,-0.11985228325286545,-0.08354281996378621,-0.29123127278169836,-0.1684546345011202,-0.42658789664955643,-0.2164049463304103,-0.08207781298216954,-0.0533083395621361
6,-1.0,P_loathing-d5-v2,loathing,-1,1,-0.03516902126960009,0.00886636013054698,-0.029867427273653213,0.030754170090085076,-0.020824405834027004,0.0031675466770648697,-0.0528027790965635,0.0013096682601392295,-0.005301593995946874,-0.021887809959538096,0.03516902126960009,0.00886636013054698,0.029867427273653213,0.030754170090085076,0.020824405834027004,0.0031675466770648697,0.0528027790965635,0.0013096682601392295,0.028094706151859494,-0.003872907270565218,0.005301593995946874,-0.021887809959538096
6,-1.0,P_loathing-d6-v2,loathing,-1,1,-0.090121127696011,0.05259509023776765,0.17044252441366847,-0.11778686501408853,-0.12162058000244258,0.06915766390774802,-0.12445377372310151,0.07002078569650028,-0.26056365210967947,0.17038195525185618,0.090121127696011,0.05259509023776765,-0.17044252441366847,-0.11778686501408853,0.12162058000244258,0.06915766390774802,0.12445377372310151,0.07002078569650028,0.1683461568957445,0.09154227968951911,0.26056365210967947,0.17038195525185618
6,-1.0,P_loathing-d6-v4,loathing,-1,1,-0.07186073858715147,0.03776173227680246,-0.21710667388202598,0.11358488562592761,-0.09464136769757037,0.04780957493529847,-0.09930898054676529,0.054250539036454715,0.1452459352948745,-0.07582315334912515,0.07186073858715147,0.03776173227680246,0.21710667388202598,0.11358488562592761,0.09464136769757037,0.04780957493529847,0.09930898054676529,0.054250539036454715,0.14988240486337157,0.06425508184326745,-0.1452459352948745,-0.07582315334912515
6,-1.0,P_amazement-d4-v1,amazement,1,1,0.011263005950845617,0.02009288697584033,-0.017145228705868654,-0.012718072822389459,0.07455357375844684,0.0572336693673261,0.05780519789710814,0.04815666301428756,0.02840823465671427,0.03281095979822979,0.011263005950845617,0.02009288697584033,-0.017145228705868654,-0.012718072822389459,0.07455357375844684,0.0572336693673261,0.05780519789710814,0.04815666301428756,0.14881102251650402,0.09784997317746891,0.02840823465671427,0.03281095979822979
6,-1.0,P_amazement-d4-v2,amazement,1,1,-0.015140442142271837,-0.013869731513904249,-0.09562992739986864,-0.05845922797942915,-0.00047830644843749326,-0.010767992838640161,-0.013042221735281245,-0.01614244655762942,0.0804894852575968,0.0445894964655249,-0.015140442142271837,-0.013869731513904249,-0.09562992739986864,-0.05845922797942915,-0.00047830644843749326,-0.010767992838640161,-0.013042221735281245,-0.01614244655762942,0.028702776011151343,0.0024716717589301496,0.0804894852575968,0.0445894964655249
6,-1.0,P_amazement-d5-v2,amazement,1,1,0.015841643843996778,0.014756796968675268,0.007605168511093829,-0.00942386579815846,0.020065001595818366,0.01690623738605357,0.15107986452682365,0.08029000190338476,0.008236475332902948,0.024180662766833727,0.015841643843996778,0.014756796968675268,0.007605168511093829,-0.00942386579815846,0.020065001595818366,0.01690623738605357,0.15107986452682365,0.08029000190338476,0.18146785934231957,0.08938813775236953,0.008236475332902948,0.024180662766833727
6,-1.0,P_amazement-d5-v4,amazement,1,1,-0.05020671369327978,-0.031732942020672894,0.1573256742896838,0.1335488989161986,-0.013873653259731888,-0.018244623581115782,-0.13481311485134517,-0.07374485730760538,-0.20753238798296358,-0.16528184093687148,-0.05020671369327978,-0.031732942020672894,0.1573256742896838,0.1335488989161986,-0.013873653259731888,-0.018244623581115782,-0.13481311485134517,-0.07374485730760538,-0.02355088860174348,-0.021535494653079024,-0.20753238798296358,-0.16528184093687148
6,-1.0,P_amazement-d6-v1,amazement,1,1,0.06758049647438913,0.038212314904497724,-0.010927060655225418,-0.0007463928660955688,0.0989203541593291,0.05661473070480039,0.1904103089884308,0.08701528434790573,0.07850755712961455,0.03895870777059329,0.06758049647438913,0.038212314904497724,-0.010927060655225418,-0.0007463928660955688,0.0989203541593291,0.05661473070480039,0.1904103089884308,0.08701528434790573,0.2958916438194614,0.1350590773671274,0.07850755712961455,0.03895870777059329
6,-1.0,P_amazement-d6-v4,amazement,1,1,0.029437568242587808,0.019052069781649195,-0.05011088688841436,-0.020440540674371732,0.00966000531893041,0.01112680272481903,0.07349998313808959,0.03347590232803732,0.07954845513100217,0.03949261045602093,0.029437568242587808,0.019052069781649195,-0.05011088688841436,-0.020440540674371732,0.00966000531893041,0.01112680272481903,0.07349998313808959,0.03347590232803732,0.0506330872146199,0.021624409557930768,0.07954845513100217,0.03949261045602093
6,-1.0,P_admiration-d5-v1,admiration,1,1,-0.04607484089926572,-0.02552688400055736,0.004786601134516566,0.017145753608475367,-0.036073935825527315,-0.02296409929890597,-0.26331238800987666,-0.09986899194121213,-0.05086144203378229,-0.042672637609032726,-0.04607484089926572,-0.02552688400055736,0.004786601134516566,0.017145753608475367,-0.036073935825527315,-0.02296409929890597,-0.26331238800987666,-0.09986899194121213,-0.2156164505075049,-0.09068617880386087,-0.05086144203378229,-0.042672637609032726
6,-1.0,P_admiration-d5-v3,admiration,1,1,-0.09431179493746633,-0.04547570187250649,0.07389323532450476,0.015241936916521759,-0.047736212688787916,-0.016147285719218196,0.028144130627849595,0.02120797075162395,-0.1682050302619711,-0.06071763878902825,-0.09431179493746633,-0.04547570187250649,0.07389323532450476,0.015241936916521759,-0.047736212688787916,-0.016147285719218196,0.028144130627849595,0.02120797075162395,0.05240963490761397,0.03697259332191605,-0.1682050302619711,-0.06071763878902825
6,-1.0,P_admiration-d6-v1,admiration,1,1,0.059099278788049325,0.03438655803038593,-0.05272678974783407,-0.029298506615735853,0.06459052219805006,0.035490340114528784,0.17052792220773938,0.08229704834786578,0.1118260685358834,0.06368506464612178,0.059099278788049325,0.03438655803038593,-0.05272678974783407,-0.029298506615735853,0.06459052219805006,0.035490340114528784,0.17052792220773938,0.08229704834786578,0.1634304682157559,0.07366175957323451,0.1118260685358834,0.06368506464612178
6,-1.0,P_admiration-d6-v2,admiration,1,1,-0.0070932091828295185,-0.0009608283484983104,-0.014569117427836176,-0.0017664062319022733,0.025017789542718383,0.012117267772789653,-0.02000090980580449,0.00583020345742602,0.007475908245006657,0.0008055778834039629,-0.0070932091828295185,-0.0009608283484983104,-0.014569117427836176,-0.0017664062319022733,0.025017789542718383,0.012117267772789653,-0.02000090980580449,0.00583020345742602,0.06754205406668401,0.0366444498918117,0.007475908245006657,0.0008055778834039629
6,-1.0,P_admiration-d6-v3,admiration,1,1,0.09263491916423838,0.051349691375453865,0.06336248831516311,0.03767406022978026,0.1066070283097611,0.05828969065583767,0.10242694995206891,0.0626237657950659,0.02927243084907527,0.013675631145673606,0.09263491916423838,0.051349691375453865,0.06336248831516311,0.03767406022978026,0.1066070283097611,0.05828969065583767,0.10242694995206891,0.0626237657950659,0.14247943672184293,0.0769264125371163,0.02927243084907527,0.013675631145673606
6,-1.0,P_admiration-d6-v4,admiration,1,1,-0.042894739869321796,-0.017770042615113724,0.0854143888645309,0.06502771032493104,-0.007345618457102354,0.007662722822861845,0.05149968864068777,0.02811684193577202,-0.1283091287338527,-0.08279775294004477,-0.042894739869321796,-0.017770042615113724,0.0854143888645309,0.06502771032493104,-0.007345618457102354,0.007662722822861845,0.05149968864068777,0.02811684193577202,0.0922675251437668,0.055611669384803886,-0.1283091287338527,-0.08279775294004477
6,-1.0,P_vigilance-d4-v2,vigilance,1,1,-0.051988404159237334,-0.039424569066891735,-0.05179311263807129,-0.04187786973186913,-0.04874007533001645,-0.03754709826485936,-0.18605446296023942,-0.0958235987797087,-0.0001952915211660411,0.002453300664977398,-0.051988404159237334,-0.039424569066891735,-0.05179311263807129,-0.04187786973186913,-0.04874007533001645,-0.03754709826485936,-0.18605446296023942,-0.0958235987797087,-0.14837570887332507,-0.07955691756785299,-0.0001952915211660411,0.002453300664977398
6,-1.0,P_vigilance-d5-v2,vigilance,1,1,0.020014339096227296,0.016543910278418394,0.06471382946864868,0.027546452798210552,0.058987752445188946,0.03497430715890726,0.13401219502387374,0.06845427076681121,-0.04469949037242138,-0.011002542519792158,0.020014339096227296,0.016543910278418394,0.06471382946864868,0.027546452798210552,0.058987752445188946,0.03497430715890726,0.13401219502387374,0.06845427076681121,0.19060617418417003,0.0913615280594815,-0.04469949037242138,-0.011002542519792158
6,-1.0,P_vigilance-d5-v3,vigilance,1,1,-0.04319590305094234,-0.013407192056700268,-0.03530545851990041,-0.008910054840081116,-0.03172748497147815,-0.0076567893846934965,-0.011515407771864439,-0.0037051469807782844,-0.007890444531041929,-0.0044971372166191514,-0.04319590305094234,-0.013407192056700268,-0.03530545851990041,-0.008910054840081116,-0.03172748497147815,-0.0076567893846934965,-0.011515407771864439,-0.0037051469807782844,0.0061516343682352925,0.003970906598988133,-0.007890444531041929,-0.0044971372166191514
6,-1.0,P_vigilance-d5-v4,vigilance,1,1,-2.3466930475279923e-05,0.0037961614447983294,0.04929165474667485,0.025347848818116248,0.007672820245597123,0.013354268756265775,-0.002591509735826669,0.0027630127219469003,-0.04931512167715013,-0.021551687373317918,-2.3466930475279923e-05,0.0037961614447983294,0.04929165474667485,0.025347848818116248,0.007672820245597123,0.013354268756265775,-0.002591509735826669,0.0027630127219469003,0.03286091067415953,0.020869495982522857,-0.04931512167715013,-0.021551687373317918
6,0.0,P_rage-d1-v2,rage,-1,1,-0.0,0.0,-0.0,0.0,-0.0,0.0,-0.0,0.0,0.0,0.0,0.0,0.0,0.0,0.0,0.0,0.0,0.0,0.0,0.0,0.0,0.0,0.0
6,0.0,P_rage-d2-v3,rage,-1,1,-0.0,0.0,-0.0,0.0,-0.0,0.0,-0.0,0.0,0.0,0.0,0.0,0.0,0.0,0.0,0.0,0.0,0.0,0.0,0.0,0.0,0.0,0.0
6,0.0,P_rage-d3-v3,rage,-1,1,-0.0,0.0,-0.0,0.0,-0.0,0.0,-0.0,0.0,0.0,0.0,0.0,0.0,0.0,0.0,0.0,0.0,0.0,0.0,0.0,0.0,0.0,0.0
6,0.0,P_rage-d3-v4,rage,-1,1,-0.0,0.0,-0.0,0.0,-0.0,0.0,-0.0,0.0,0.0,0.0,0.0,0.0,0.0,0.0,0.0,0.0,0.0,0.0,0.0,0.0,0.0,0.0
6,0.0,P_grief-d1-v3,grief,-1,-1,-0.0,-0.0,-0.0,-0.0,-0.0,-0.0,-0.0,-0.0,0.0,0.0,0.0,0.0,0.0,0.0,0.0,0.0,0.0,0.0,0.0,0.0,0.0,0.0
6,0.0,P_grief-d1-v4,grief,-1,-1,-0.0,-0.0,-0.0,-0.0,-0.0,-0.0,-0.0,-0.0,0.0,0.0,0.0,0.0,0.0,0.0,0.0,0.0,0.0,0.0,0.0,0.0,0.0,0.0
6,0.0,P_grief-d2-v1,grief,-1,-1,-0.0,-0.0,-0.0,-0.0,-0.0,-0.0,-0.0,-0.0,0.0,0.0,0.0,0.0,0.0,0.0,0.0,0.0,0.0,0.0,0.0,0.0,0.0,0.0
6,0.0,P_grief-d2-v2,grief,-1,-1,-0.0,-0.0,-0.0,-0.0,-0.0,-0.0,-0.0,-0.0,0.0,0.0,0.0,0.0,0.0,0.0,0.0,0.0,0.0,0.0,0.0,0.0,0.0,0.0
6,0.0,P_grief-d2-v3,grief,-1,-1,-0.0,-0.0,-0.0,-0.0,-0.0,-0.0,-0.0,-0.0,0.0,0.0,0.0,0.0,0.0,0.0,0.0,0.0,0.0,0.0,0.0,0.0,0.0,0.0
6,0.0,P_grief-d2-v4,grief,-1,-1,-0.0,-0.0,-0.0,-0.0,-0.0,-0.0,-0.0,-0.0,0.0,0.0,0.0,0.0,0.0,0.0,0.0,0.0,0.0,0.0,0.0,0.0,0.0,0.0
6,0.0,P_grief-d3-v2,grief,-1,-1,-0.0,-0.0,-0.0,-0.0,-0.0,-0.0,-0.0,-0.0,0.0,0.0,0.0,0.0,0.0,0.0,0.0,0.0,0.0,0.0,0.0,0.0,0.0,0.0
6,0.0,P_grief-d3-v3,grief,-1,-1,-0.0,-0.0,-0.0,-0.0,-0.0,-0.0,-0.0,-0.0,0.0,0.0,0.0,0.0,0.0,0.0,0.0,0.0,0.0,0.0,0.0,0.0,0.0,0.0
6,0.0,P_grief-d3-v4,grief,-1,-1,-0.0,-0.0,-0.0,-0.0,-0.0,-0.0,-0.0,-0.0,0.0,0.0,0.0,0.0,0.0,0.0,0.0,0.0,0.0,0.0,0.0,0.0,0.0,0.0
6,0.0,P_terror-d1-v3,terror,-1,1,-0.0,0.0,-0.0,0.0,-0.0,0.0,-0.0,0.0,0.0,0.0,0.0,0.0,0.0,0.0,0.0,0.0,0.0,0.0,0.0,0.0,0.0,0.0
6,0.0,P_terror-d2-v3,terror,-1,1,-0.0,0.0,-0.0,0.0,-0.0,0.0,-0.0,0.0,0.0,0.0,0.0,0.0,0.0,0.0,0.0,0.0,0.0,0.0,0.0,0.0,0.0,0.0
6,0.0,P_terror-d2-v4,terror,-1,1,-0.0,0.0,-0.0,0.0,-0.0,0.0,-0.0,0.0,0.0,0.0,0.0,0.0,0.0,0.0,0.0,0.0,0.0,0.0,0.0,0.0,0.0,0.0
6,0.0,P_terror-d3-v3,terror,-1,1,-0.0,0.0,-0.0,0.0,-0.0,0.0,-0.0,0.0,0.0,0.0,0.0,0.0,0.0,0.0,0.0,0.0,0.0,0.0,0.0,0.0,0.0,0.0
6,0.0,P_terror-d3-v4,terror,-1,1,-0.0,0.0,-0.0,0.0,-0.0,0.0,-0.0,0.0,0.0,0.0,0.0,0.0,0.0,0.0,0.0,0.0,0.0,0.0,0.0,0.0,0.0,0.0
6,0.0,P_ecstasy-d1-v1,ecstasy,1,1,0.0,0.0,0.0,0.0,0.0,0.0,0.0,0.0,0.0,0.0,0.0,0.0,0.0,0.0,0.0,0.0,0.0,0.0,0.0,0.0,0.0,0.0
6,0.0,P_ecstasy-d2-v1,ecstasy,1,1,0.0,0.0,0.0,0.0,0.0,0.0,0.0,0.0,0.0,0.0,0.0,0.0,0.0,0.0,0.0,0.0,0.0,0.0,0.0,0.0,0.0,0.0
6,0.0,P_ecstasy-d2-v2,ecstasy,1,1,0.0,0.0,0.0,0.0,0.0,0.0,0.0,0.0,0.0,0.0,0.0,0.0,0.0,0.0,0.0,0.0,0.0,0.0,0.0,0.0,0.0,0.0
6,0.0,P_ecstasy-d2-v3,ecstasy,1,1,0.0,0.0,0.0,0.0,0.0,0.0,0.0,0.0,0.0,0.0,0.0,0.0,0.0,0.0,0.0,0.0,0.0,0.0,0.0,0.0,0.0,0.0
6,0.0,P_ecstasy-d2-v4,ecstasy,1,1,0.0,0.0,0.0,0.0,0.0,0.0,0.0,0.0,0.0,0.0,0.0,0.0,0.0,0.0,0.0,0.0,0.0,0.0,0.0,0.0,0.0,0.0
6,0.0,P_ecstasy-d3-v1,ecstasy,1,1,0.0,0.0,0.0,0.0,0.0,0.0,0.0,0.0,0.0,0.0,0.0,0.0,0.0,0.0,0.0,0.0,0.0,0.0,0.0,0.0,0.0,0.0
6,0.0,P_ecstasy-d3-v4,ecstasy,1,1,0.0,0.0,0.0,0.0,0.0,0.0,0.0,0.0,0.0,0.0,0.0,0.0,0.0,0.0,0.0,0.0,0.0,0.0,0.0,0.0,0.0,0.0
6,0.0,P_loathing-d1-v2,loathing,-1,1,-0.0,0.0,-0.0,0.0,-0.0,0.0,-0.0,0.0,0.0,0.0,0.0,0.0,0.0,0.0,0.0,0.0,0.0,0.0,0.0,0.0,0.0,0.0
6,0.0,P_loathing-d2-v2,loathing,-1,1,-0.0,0.0,-0.0,0.0,-0.0,0.0,-0.0,0.0,0.0,0.0,0.0,0.0,0.0,0.0,0.0,0.0,0.0,0.0,0.0,0.0,0.0,0.0
6,0.0,P_loathing-d3-v2,loathing,-1,1,-0.0,0.0,-0.0,0.0,-0.0,0.0,-0.0,0.0,0.0,0.0,0.0,0.0,0.0,0.0,0.0,0.0,0.0,0.0,0.0,0.0,0.0,0.0
6,0.0,P_loathing-d3-v3,loathing,-1,1,-0.0,0.0,-0.0,0.0,-0.0,0.0,-0.0,0.0,0.0,0.0,0.0,0.0,0.0,0.0,0.0,0.0,0.0,0.0,0.0,0.0,0.0,0.0
6,0.0,P_loathing-d3-v4,loathing,-1,1,-0.0,0.0,-0.0,0.0,-0.0,0.0,-0.0,0.0,0.0,0.0,0.0,0.0,0.0,0.0,0.0,0.0,0.0,0.0,0.0,0.0,0.0,0.0
6,0.0,P_amazement-d1-v1,amazement,1,1,0.0,0.0,0.0,0.0,0.0,0.0,0.0,0.0,0.0,0.0,0.0,0.0,0.0,0.0,0.0,0.0,0.0,0.0,0.0,0.0,0.0,0.0
6,0.0,P_amazement-d1-v2,amazement,1,1,0.0,0.0,0.0,0.0,0.0,0.0,0.0,0.0,0.0,0.0,0.0,0.0,0.0,0.0,0.0,0.0,0.0,0.0,0.0,0.0,0.0,0.0
6,0.0,P_amazement-d1-v4,amazement,1,1,0.0,0.0,0.0,0.0,0.0,0.0,0.0,0.0,0.0,0.0,0.0,0.0,0.0,0.0,0.0,0.0,0.0,0.0,0.0,0.0,0.0,0.0
6,0.0,P_amazement-d2-v1,amazement,1,1,0.0,0.0,0.0,0.0,0.0,0.0,0.0,0.0,0.0,0.0,0.0,0.0,0.0,0.0,0.0,0.0,0.0,0.0,0.0,0.0,0.0,0.0
6,0.0,P_amazement-d2-v2,amazement,1,1,0.0,0.0,0.0,0.0,0.0,0.0,0.0,0.0,0.0,0.0,0.0,0.0,0.0,0.0,0.0,0.0,0.0,0.0,0.0,0.0,0.0,0.0
6,0.0,P_amazement-d3-v2,amazement,1,1,0.0,0.0,0.0,0.0,0.0,0.0,0.0,0.0,0.0,0.0,0.0,0.0,0.0,0.0,0.0,0.0,0.0,0.0,0.0,0.0,0.0,0.0
6,0.0,P_amazement-d3-v4,amazement,1,1,0.0,0.0,0.0,0.0,0.0,0.0,0.0,0.0,0.0,0.0,0.0,0.0,0.0,0.0,0.0,0.0,0.0,0.0,0.0,0.0,0.0,0.0
6,0.0,P_admiration-d1-v1,admiration,1,1,0.0,0.0,0.0,0.0,0.0,0.0,0.0,0.0,0.0,0.0,0.0,0.0,0.0,0.0,0.0,0.0,0.0,0.0,0.0,0.0,0.0,0.0
6,0.0,P_admiration-d1-v2,admiration,1,1,0.0,0.0,0.0,0.0,0.0,0.0,0.0,0.0,0.0,0.0,0.0,0.0,0.0,0.0,0.0,0.0,0.0,0.0,0.0,0.0,0.0,0.0
6,0.0,P_admiration-d1-v3,admiration,1,1,0.0,0.0,0.0,0.0,0.0,0.0,0.0,0.0,0.0,0.0,0.0,0.0,0.0,0.0,0.0,0.0,0.0,0.0,0.0,0.0,0.0,0.0
6,0.0,P_admiration-d2-v1,admiration,1,1,0.0,0.0,0.0,0.0,0.0,0.0,0.0,0.0,0.0,0.0,0.0,0.0,0.0,0.0,0.0,0.0,0.0,0.0,0.0,0.0,0.0,0.0
6,0.0,P_admiration-d2-v2,admiration,1,1,0.0,0.0,0.0,0.0,0.0,0.0,0.0,0.0,0.0,0.0,0.0,0.0,0.0,0.0,0.0,0.0,0.0,0.0,0.0,0.0,0.0,0.0
6,0.0,P_admiration-d2-v3,admiration,1,1,0.0,0.0,0.0,0.0,0.0,0.0,0.0,0.0,0.0,0.0,0.0,0.0,0.0,0.0,0.0,0.0,0.0,0.0,0.0,0.0,0.0,0.0
6,0.0,P_vigilance-d1-v4,vigilance,1,1,0.0,0.0,0.0,0.0,0.0,0.0,0.0,0.0,0.0,0.0,0.0,0.0,0.0,0.0,0.0,0.0,0.0,0.0,0.0,0.0,0.0,0.0
6,0.0,P_vigilance-d2-v3,vigilance,1,1,0.0,0.0,0.0,0.0,0.0,0.0,0.0,0.0,0.0,0.0,0.0,0.0,0.0,0.0,0.0,0.0,0.0,0.0,0.0,0.0,0.0,0.0
6,0.0,P_vigilance-d2-v4,vigilance,1,1,0.0,0.0,0.0,0.0,0.0,0.0,0.0,0.0,0.0,0.0,0.0,0.0,0.0,0.0,0.0,0.0,0.0,0.0,0.0,0.0,0.0,0.0
6,0.0,P_vigilance-d3-v2,vigilance,1,1,0.0,0.0,0.0,0.0,0.0,0.0,0.0,0.0,0.0,0.0,0.0,0.0,0.0,0.0,0.0,0.0,0.0,0.0,0.0,0.0,0.0,0.0
6,0.0,P_vigilance-d3-v4,vigilance,1,1,0.0,0.0,0.0,0.0,0.0,0.0,0.0,0.0,0.0,0.0,0.0,0.0,0.0,0.0,0.0,0.0,0.0,0.0,0.0,0.0,0.0,0.0
6,0.0,P_rage-d4-v1,rage,-1,1,-0.0,0.0,-0.0,0.0,-0.0,0.0,-0.0,0.0,0.0,0.0,0.0,0.0,0.0,0.0,0.0,0.0,0.0,0.0,0.0,0.0,0.0,0.0
6,0.0,P_rage-d4-v2,rage,-1,1,-0.0,0.0,-0.0,0.0,-0.0,0.0,-0.0,0.0,0.0,0.0,0.0,0.0,0.0,0.0,0.0,0.0,0.0,0.0,0.0,0.0,0.0,0.0
6,0.0,P_rage-d4-v4,rage,-1,1,-0.0,0.0,-0.0,0.0,-0.0,0.0,-0.0,0.0,0.0,0.0,0.0,0.0,0.0,0.0,0.0,0.0,0.0,0.0,0.0,0.0,0.0,0.0
6,0.0,P_rage-d5-v1,rage,-1,1,-0.0,0.0,-0.0,0.0,-0.0,0.0,-0.0,0.0,0.0,0.0,0.0,0.0,0.0,0.0,0.0,0.0,0.0,0.0,0.0,0.0,0.0,0.0
6,0.0,P_rage-d5-v3,rage,-1,1,-0.0,0.0,-0.0,0.0,-0.0,0.0,-0.0,0.0,0.0,0.0,0.0,0.0,0.0,0.0,0.0,0.0,0.0,0.0,0.0,0.0,0.0,0.0
6,0.0,P_rage-d6-v2,rage,-1,1,-0.0,0.0,-0.0,0.0,-0.0,0.0,-0.0,0.0,0.0,0.0,0.0,0.0,0.0,0.0,0.0,0.0,0.0,0.0,0.0,0.0,0.0,0.0
6,0.0,P_grief-d4-v2,grief,-1,-1,-0.0,-0.0,-0.0,-0.0,-0.0,-0.0,-0.0,-0.0,0.0,0.0,0.0,0.0,0.0,0.0,0.0,0.0,0.0,0.0,0.0,0.0,0.0,0.0
6,0.0,P_grief-d4-v3,grief,-1,-1,-0.0,-0.0,-0.0,-0.0,-0.0,-0.0,-0.0,-0.0,0.0,0.0,0.0,0.0,0.0,0.0,0.0,0.0,0.0,0.0,0.0,0.0,0.0,0.0
6,0.0,P_grief-d4-v4,grief,-1,-1,-0.0,-0.0,-0.0,-0.0,-0.0,-0.0,-0.0,-0.0,0.0,0.0,0.0,0.0,0.0,0.0,0.0,0.0,0.0,0.0,0.0,0.0,0.0,0.0
6,0.0,P_grief-d5-v1,grief,-1,-1,-0.0,-0.0,-0.0,-0.0,-0.0,-0.0,-0.0,-0.0,0.0,0.0,0.0,0.0,0.0,0.0,0.0,0.0,0.0,0.0,0.0,0.0,0.0,0.0
6,0.0,P_grief-d5-v2,grief,-1,-1,-0.0,-0.0,-0.0,-0.0,-0.0,-0.0,-0.0,-0.0,0.0,0.0,0.0,0.0,0.0,0.0,0.0,0.0,0.0,0.0,0.0,0.0,0.0,0.0
6,0.0,P_grief-d5-v3,grief,-1,-1,-0.0,-0.0,-0.0,-0.0,-0.0,-0.0,-0.0,-0.0,0.0,0.0,0.0,0.0,0.0,0.0,0.0,0.0,0.0,0.0,0.0,0.0,0.0,0.0
6,0.0,P_grief-d6-v1,grief,-1,-1,-0.0,-0.0,-0.0,-0.0,-0.0,-0.0,-0.0,-0.0,0.0,0.0,0.0,0.0,0.0,0.0,0.0,0.0,0.0,0.0,0.0,0.0,0.0,0.0
6,0.0,P_grief-d6-v2,grief,-1,-1,-0.0,-0.0,-0.0,-0.0,-0.0,-0.0,-0.0,-0.0,0.0,0.0,0.0,0.0,0.0,0.0,0.0,0.0,0.0,0.0,0.0,0.0,0.0,0.0
6,0.0,P_terror-d4-v1,terror,-1,1,-0.0,0.0,-0.0,0.0,-0.0,0.0,-0.0,0.0,0.0,0.0,0.0,0.0,0.0,0.0,0.0,0.0,0.0,0.0,0.0,0.0,0.0,0.0
6,0.0,P_terror-d4-v2,terror,-1,1,-0.0,0.0,-0.0,0.0,-0.0,0.0,-0.0,0.0,0.0,0.0,0.0,0.0,0.0,0.0,0.0,0.0,0.0,0.0,0.0,0.0,0.0,0.0
6,0.0,P_terror-d4-v3,terror,-1,1,-0.0,0.0,-0.0,0.0,-0.0,0.0,-0.0,0.0,0.0,0.0,0.0,0.0,0.0,0.0,0.0,0.0,0.0,0.0,0.0,0.0,0.0,0.0
6,0.0,P_terror-d5-v1,terror,-1,1,-0.0,0.0,-0.0,0.0,-0.0,0.0,-0.0,0.0,0.0,0.0,0.0,0.0,0.0,0.0,0.0,0.0,0.0,0.0,0.0,0.0,0.0,0.0
6,0.0,P_terror-d5-v2,terror,-1,1,-0.0,0.0,-0.0,0.0,-0.0,0.0,-0.0,0.0,0.0,0.0,0.0,0.0,0.0,0.0,0.0,0.0,0.0,0.0,0.0,0.0,0.0,0.0
6,0.0,P_terror-d6-v2,terror,-1,1,-0.0,0.0,-0.0,0.0,-0.0,0.0,-0.0,0.0,0.0,0.0,0.0,0.0,0.0,0.0,0.0,0.0,0.0,0.0,0.0,0.0,0.0,0.0
6,0.0,P_ecstasy-d4-v1,ecstasy,1,1,0.0,0.0,0.0,0.0,0.0,0.0,0.0,0.0,0.0,0.0,0.0,0.0,0.0,0.0,0.0,0.0,0.0,0.0,0.0,0.0,0.0,0.0
6,0.0,P_ecstasy-d4-v3,ecstasy,1,1,0.0,0.0,0.0,0.0,0.0,0.0,0.0,0.0,0.0,0.0,0.0,0.0,0.0,0.0,0.0,0.0,0.0,0.0,0.0,0.0,0.0,0.0
6,0.0,P_ecstasy-d5-v1,ecstasy,1,1,0.0,0.0,0.0,0.0,0.0,0.0,0.0,0.0,0.0,0.0,0.0,0.0,0.0,0.0,0.0,0.0,0.0,0.0,0.0,0.0,0.0,0.0
6,0.0,P_ecstasy-d5-v2,ecstasy,1,1,0.0,0.0,0.0,0.0,0.0,0.0,0.0,0.0,0.0,0.0,0.0,0.0,0.0,0.0,0.0,0.0,0.0,0.0,0.0,0.0,0.0,0.0
6,0.0,P_ecstasy-d5-v4,ecstasy,1,1,0.0,0.0,0.0,0.0,0.0,0.0,0.0,0.0,0.0,0.0,0.0,0.0,0.0,0.0,0.0,0.0,0.0,0.0,0.0,0.0,0.0,0.0
6,0.0,P_ecstasy-d6-v1,ecstasy,1,1,0.0,0.0,0.0,0.0,0.0,0.0,0.0,0.0,0.0,0.0,0.0,0.0,0.0,0.0,0.0,0.0,0.0,0.0,0.0,0.0,0.0,0.0
6,0.0,P_ecstasy-d6-v2,ecstasy,1,1,0.0,0.0,0.0,0.0,0.0,0.0,0.0,0.0,0.0,0.0,0.0,0.0,0.0,0.0,0.0,0.0,0.0,0.0,0.0,0.0,0.0,0.0
6,0.0,P_ecstasy-d6-v3,ecstasy,1,1,0.0,0.0,0.0,0.0,0.0,0.0,0.0,0.0,0.0,0.0,0.0,0.0,0.0,0.0,0.0,0.0,0.0,0.0,0.0,0.0,0.0,0.0
6,0.0,P_loathing-d4-v1,loathing,-1,1,-0.0,0.0,-0.0,0.0,-0.0,0.0,-0.0,0.0,0.0,0.0,0.0,0.0,0.0,0.0,0.0,0.0,0.0,0.0,0.0,0.0,0.0,0.0
6,0.0,P_loathing-d5-v2,loathing,-1,1,-0.0,0.0,-0.0,0.0,-0.0,0.0,-0.0,0.0,0.0,0.0,0.0,0.0,0.0,0.0,0.0,0.0,0.0,0.0,0.0,0.0,0.0,0.0
6,0.0,P_loathing-d6-v2,loathing,-1,1,-0.0,0.0,-0.0,0.0,-0.0,0.0,-0.0,0.0,0.0,0.0,0.0,0.0,0.0,0.0,0.0,0.0,0.0,0.0,0.0,0.0,0.0,0.0
6,0.0,P_loathing-d6-v4,loathing,-1,1,-0.0,0.0,-0.0,0.0,-0.0,0.0,-0.0,0.0,0.0,0.0,0.0,0.0,0.0,0.0,0.0,0.0,0.0,0.0,0.0,0.0,0.0,0.0
6,0.0,P_amazement-d4-v1,amazement,1,1,0.0,0.0,0.0,0.0,0.0,0.0,0.0,0.0,0.0,0.0,0.0,0.0,0.0,0.0,0.0,0.0,0.0,0.0,0.0,0.0,0.0,0.0
6,0.0,P_amazement-d4-v2,amazement,1,1,0.0,0.0,0.0,0.0,0.0,0.0,0.0,0.0,0.0,0.0,0.0,0.0,0.0,0.0,0.0,0.0,0.0,0.0,0.0,0.0,0.0,0.0
6,0.0,P_amazement-d5-v2,amazement,1,1,0.0,0.0,0.0,0.0,0.0,0.0,0.0,0.0,0.0,0.0,0.0,0.0,0.0,0.0,0.0,0.0,0.0,0.0,0.0,0.0,0.0,0.0
6,0.0,P_amazement-d5-v4,amazement,1,1,0.0,0.0,0.0,0.0,0.0,0.0,0.0,0.0,0.0,0.0,0.0,0.0,0.0,0.0,0.0,0.0,0.0,0.0,0.0,0.0,0.0,0.0
6,0.0,P_amazement-d6-v1,amazement,1,1,0.0,0.0,0.0,0.0,0.0,0.0,0.0,0.0,0.0,0.0,0.0,0.0,0.0,0.0,0.0,0.0,0.0,0.0,0.0,0.0,0.0,0.0
6,0.0,P_amazement-d6-v4,amazement,1,1,0.0,0.0,0.0,0.0,0.0,0.0,0.0,0.0,0.0,0.0,0.0,0.0,0.0,0.0,0.0,0.0,0.0,0.0,0.0,0.0,0.0,0.0
6,0.0,P_admiration-d5-v1,admiration,1,1,0.0,0.0,0.0,0.0,0.0,0.0,0.0,0.0,0.0,0.0,0.0,0.0,0.0,0.0,0.0,0.0,0.0,0.0,0.0,0.0,0.0,0.0
6,0.0,P_admiration-d5-v3,admiration,1,1,0.0,0.0,0.0,0.0,0.0,0.0,0.0,0.0,0.0,0.0,0.0,0.0,0.0,0.0,0.0,0.0,0.0,0.0,0.0,0.0,0.0,0.0
6,0.0,P_admiration-d6-v1,admiration,1,1,0.0,0.0,0.0,0.0,0.0,0.0,0.0,0.0,0.0,0.0,0.0,0.0,0.0,0.0,0.0,0.0,0.0,0.0,0.0,0.0,0.0,0.0
6,0.0,P_admiration-d6-v2,admiration,1,1,0.0,0.0,0.0,0.0,0.0,0.0,0.0,0.0,0.0,0.0,0.0,0.0,0.0,0.0,0.0,0.0,0.0,0.0,0.0,0.0,0.0,0.0
6,0.0,P_admiration-d6-v3,admiration,1,1,0.0,0.0,0.0,0.0,0.0,0.0,0.0,0.0,0.0,0.0,0.0,0.0,0.0,0.0,0.0,0.0,0.0,0.0,0.0,0.0,0.0,0.0
6,0.0,P_admiration-d6-v4,admiration,1,1,0.0,0.0,0.0,0.0,0.0,0.0,0.0,0.0,0.0,0.0,0.0,0.0,0.0,0.0,0.0,0.0,0.0,0.0,0.0,0.0,0.0,0.0
6,0.0,P_vigilance-d4-v2,vigilance,1,1,0.0,0.0,0.0,0.0,0.0,0.0,0.0,0.0,0.0,0.0,0.0,0.0,0.0,0.0,0.0,0.0,0.0,0.0,0.0,0.0,0.0,0.0
6,0.0,P_vigilance-d5-v2,vigilance,1,1,0.0,0.0,0.0,0.0,0.0,0.0,0.0,0.0,0.0,0.0,0.0,0.0,0.0,0.0,0.0,0.0,0.0,0.0,0.0,0.0,0.0,0.0
6,0.0,P_vigilance-d5-v3,vigilance,1,1,0.0,0.0,0.0,0.0,0.0,0.0,0.0,0.0,0.0,0.0,0.0,0.0,0.0,0.0,0.0,0.0,0.0,0.0,0.0,0.0,0.0,0.0
6,0.0,P_vigilance-d5-v4,vigilance,1,1,0.0,0.0,0.0,0.0,0.0,0.0,0.0,0.0,0.0,0.0,0.0,0.0,0.0,0.0,0.0,0.0,0.0,0.0,0.0,0.0,0.0,0.0
6,0.5,P_rage-d1-v2,rage,-1,1,-0.005251124528928841,-0.0065165670626381456,0.01274789522571762,-0.008125697053389835,0.00521544197072954,-0.009944841788058767,0.03939108696060223,-0.0349939810886557,-0.01799901975464646,0.0016091299907516898,0.005251124528928841,-0.0065165670626381456,-0.01274789522571762,-0.008125697053389835,-0.00521544197072954,-0.009944841788058767,-0.03939108696060223,-0.0349939810886557,-0.0337409282893637,-0.030868492311442175,0.01799901975464646,0.0016091299907516898
6,0.5,P_rage-d2-v3,rage,-1,1,0.054251463467921646,-0.03898180844213073,0.039939307176818595,-0.01721485490654917,0.07659090897741283,-0.058663204181738315,0.10143162549624529,-0.05787791243750151,0.014312156291103051,-0.021766953535581557,-0.054251463467921646,-0.03898180844213073,-0.039939307176818595,-0.01721485490654917,-0.07659090897741283,-0.058663204181738315,-0.10143162549624529,-0.05787791243750151,-0.16974761610415712,-0.09440009144096972,-0.014312156291103051,-0.021766953535581557
6,0.5,P_rage-d3-v3,rage,-1,1,0.034611113892430545,-0.038915118440662866,-0.03186236433987144,0.029375211760830133,0.0547808606103759,-0.04962173202493858,0.26085893021852824,-0.1431795682428727,0.06647347823230199,-0.068290330201493,-0.034611113892430545,-0.038915118440662866,0.03186236433987144,0.029375211760830133,-0.0547808606103759,-0.04962173202493858,-0.26085893021852824,-0.1431795682428727,-0.27485011033161344,-0.14737666344201505,-0.06647347823230199,-0.068290330201493
6,0.5,P_rage-d3-v4,rage,-1,1,-0.08518616007579549,0.0475374991073414,0.12342418591804893,-0.07195715990477503,-0.07371126702225173,0.03498696882119212,-0.07076191599762316,0.026914535848039822,-0.20861034599384443,0.11949465901211642,0.08518616007579549,0.0475374991073414,-0.12342418591804893,-0.07195715990477503,0.07371126702225173,0.03498696882119212,0.07076191599762316,0.026914535848039822,0.05640929114380189,0.00926235542299203,0.20861034599384443,0.11949465901211642
6,0.5,P_grief-d1-v3,grief,-1,-1,-0.0076163352420115515,-0.0015595223104476474,-0.08265949537557127,-0.02721549861172079,-0.0027589621537513764,0.005257762339475391,0.017653771155922815,0.014955040676992493,0.07504316013355972,0.025655976301273142,0.0076163352420115515,0.0015595223104476474,0.08265949537557127,0.02721549861172079,0.0027589621537513764,-0.005257762339475391,-0.017653771155922815,-0.014955040676992493,-0.007507096375995115,-0.008167966180154806,-0.07504316013355972,-0.025655976301273142
6,0.5,P_grief-d1-v4,grief,-1,-1,0.15526082405943686,0.11333562177452094,0.12359936178623254,0.08919273141471074,0.14765782226221713,0.1087478228620169,0.4090062550465703,0.21826498685243845,0.03166146227320432,0.02414289035981021,-0.15526082405943686,-0.11333562177452094,-0.12359936178623254,-0.08919273141471074,-0.14765782226221713,-0.1087478228620169,-0.4090062550465703,-0.21826498685243845,-0.3631786392716889,-0.19197362451844757,-0.03166146227320432,-0.02414289035981021
6,0.5,P_grief-d2-v1,grief,-1,-1,0.052889264922076684,0.025223838431186252,-0.005246433931564098,-0.003902583155289463,0.06472645072515171,0.03831242289637338,0.33017243300024335,0.13103528469911652,0.05813569885364078,0.029126421586475715,-0.052889264922076684,-0.025223838431186252,0.005246433931564098,0.003902583155289463,-0.06472645072515171,-0.03831242289637338,-0.33017243300024335,-0.13103528469911652,-0.3695721775096179,-0.15397821468145878,-0.05813569885364078,-0.029126421586475715
6,0.5,P_grief-d2-v2,grief,-1,-1,-0.08698066269992744,-0.03482878251542321,0.005365273172442286,0.005033638658975548,-0.050780816833750464,-0.016670903610128462,-0.07856896443586159,-0.029673850429829063,-0.09234593587236972,-0.039862421174398754,0.08698066269992744,0.03482878251542321,-0.005365273172442286,-0.005033638658975548,0.050780816833750464,0.016670903610128462,0.07856896443586159,0.029673850429829063,0.06111836931168835,0.017651651959616377,0.09234593587236972,0.039862421174398754
6,0.5,P_grief-d2-v3,grief,-1,-1,-0.0327550778257093,-0.0159280108398816,-0.06031186227184726,-0.043989334096179,-0.023421600421666966,-0.006676735603412531,0.0017850735895335035,0.005060725137486788,0.02755678444613796,0.0280613232562974,0.0327550778257093,0.0159280108398816,0.06031186227184726,0.043989334096179,0.023421600421666966,0.006676735603412531,-0.0017850735895335035,-0.005060725137486788,-0.04192742300198926,-0.020875938542195716,-0.02755678444613796,-0.0280613232562974
6,0.5,P_grief-d2-v4,grief,-1,-1,0.09106377376279351,0.07322439744845255,0.02488929568296605,0.01601592253750539,0.12902245810396895,0.09974396325541957,0.15348563844143293,0.09789278702029769,0.06617447807982746,0.05720847491094716,-0.09106377376279351,-0.07322439744845255,-0.02488929568296605,-0.01601592253750539,-0.12902245810396895,-0.09974396325541957,-0.15348563844143293,-0.09789278702029769,-0.19664868032709037,-0.12434567086906334,-0.06617447807982746,-0.05720847491094716
6,0.5,P_grief-d3-v2,grief,-1,-1,0.009611108486240028,0.006571124947799767,-0.03184362630208604,-0.02036882817410479,0.016982404355712966,0.012268760131893153,0.04300296893270561,0.030198454395109486,0.041454734788326064,0.02693995312190456,-0.009611108486240028,-0.006571124947799767,0.03184362630208604,0.02036882817410479,-0.016982404355712966,-0.012268760131893153,-0.04300296893270561,-0.030198454395109486,-0.04386365460751085,-0.0318232496454387,-0.041454734788326064,-0.02693995312190456
6,0.5,P_grief-d3-v3,grief,-1,-1,0.023032583876643642,0.008161548461183443,-0.048884896232458175,-0.03138965338766653,0.021627205746598932,0.014361409031387495,0.09151337615438138,0.04425932627263007,0.07191748010910182,0.03955120184884997,-0.023032583876643642,-0.008161548461183443,0.048884896232458175,0.03138965338766653,-0.021627205746598932,-0.014361409031387495,-0.09151337615438138,-0.04425932627263007,-0.129852814665667,-0.05621386552245733,-0.07191748010910182,-0.03955120184884997
6,0.5,P_grief-d3-v4,grief,-1,-1,0.013699524282710485,0.002080437798893442,0.005458108213652224,0.0010927653912524704,0.027603088426674027,0.01626671530451329,0.15112556893803442,0.062245828057661434,0.00824141606905826,0.0009876724076409715,-0.013699524282710485,-0.002080437798893442,-0.005458108213652224,-0.0010927653912524704,-0.027603088426674027,-0.01626671530451329,-0.15112556893803442,-0.062245828057661434,-0.17068435199921383,-0.07059285189639519,-0.00824141606905826,-0.0009876724076409715
6,0.5,P_terror-d1-v3,terror,-1,1,-0.1178255867542628,0.05817331336433362,0.024232283738350624,-0.011386685614113823,-0.1249361681560277,0.06284693331901625,-0.06728060709318529,0.03181831501276111,-0.14205787049261343,0.06955999897844745,0.1178255867542628,0.05817331336433362,-0.024232283738350624,-0.011386685614113823,0.1249361681560277,0.06284693331901625,0.06728060709318529,0.03181831501276111,0.05622940923503572,0.027640935270889067,0.14205787049261343,0.06955999897844745
6,0.5,P_terror-d2-v3,terror,-1,1,-0.0037896167600059982,-0.007595515839154743,-0.06695580936282663,0.028839982647641982,-0.052917867787408035,0.012658888505939991,0.03527766755347983,-0.02793410105036731,0.06316619260282064,-0.036435498486796725,0.0037896167600059982,-0.007595515839154743,0.06695580936282663,0.028839982647641982,0.052917867787408035,0.012658888505939991,-0.03527766755347983,-0.02793410105036731,0.014910672853245543,-0.011035201565904984,-0.06316619260282064,-0.036435498486796725
6,0.5,P_terror-d2-v4,terror,-1,1,0.07869351334134755,-0.06508601804893033,-0.006039241904780113,-0.00020564548544932393,0.05485074847048743,-0.06041008895417477,0.20574628026610586,-0.12337735996722365,0.08473275524612767,-0.064880372563481,-0.07869351334134755,-0.06508601804893033,0.006039241904780113,-0.00020564548544932393,-0.05485074847048743,-0.06041008895417477,-0.20574628026610586,-0.12337735996722365,-0.14458329052495422,-0.1026811695222154,-0.08473275524612767,-0.064880372563481
6,0.5,P_terror-d3-v3,terror,-1,1,-0.01838573034629487,0.017166032689808652,0.01478585657256648,-0.020293219590068468,0.01800567836531819,-0.004715072220268901,-0.022883525217916922,0.016913221102661247,-0.03317158691886135,0.03745925227987712,0.01838573034629487,0.017166032689808652,-0.01478585657256648,-0.020293219590068468,-0.01800567836531819,-0.004715072220268901,0.022883525217916922,0.016913221102661247,-0.032059935499031855,-0.013041085274795083,0.03317158691886135,0.03745925227987712
6,0.5,P_terror-d3-v4,terror,-1,1,-0.10843353827331548,0.04772897977535351,0.011798779350443489,-0.005110097637094135,-0.11716624908823015,0.05345731248718,-0.19926713814484653,0.09971065281211366,-0.12023231762375897,0.052839077412447644,0.10843353827331548,0.04772897977535351,-0.011798779350443489,-0.005110097637094135,0.11716624908823015,0.05345731248718,0.19926713814484653,0.09971065281211366,0.24414663489342292,0.1145804926069589,0.12023231762375897,0.052839077412447644
6,0.5,P_ecstasy-d1-v1,ecstasy,1,1,0.08492707204909644,0.04909219856210978,-0.12140458127829401,-0.06571780254293635,0.07720416639280403,0.04465669083628576,0.05494037555870879,0.042590589317744065,0.20633165332739045,0.11481000110504613,0.08492707204909644,0.04909219856210978,-0.12140458127829401,-0.06571780254293635,0.07720416639280403,0.04465669083628576,0.05494037555870879,0.042590589317744065,0.03646237497169791,0.031258293892706845,0.20633165332739045,0.11481000110504613
6,0.5,P_ecstasy-d2-v1,ecstasy,1,1,-0.0008882124896900656,0.013028404500039947,0.01487267857591057,0.002429170099045308,0.0940290550477525,0.05228309927257602,-0.007184373431912583,-0.005714559616547987,-0.015760891065600635,0.01059923440099464,-0.0008882124896900656,0.013028404500039947,0.01487267857591057,0.002429170099045308,0.0940290550477525,0.05228309927257602,-0.007184373431912583,-0.005714559616547987,0.062058497438963744,0.021554971903549713,-0.015760891065600635,0.01059923440099464
6,0.5,P_ecstasy-d2-v2,ecstasy,1,1,-0.0244607767227345,-0.014245056284222457,-0.17065753042049714,-0.14238465920307686,-0.10472452844814573,-0.07254535994250766,-0.2688091610004073,-0.12427292369840037,0.14619675369776264,0.1281396029188544,-0.0244607767227345,-0.014245056284222457,-0.17065753042049714,-0.14238465920307686,-0.10472452844814573,-0.07254535994250766,-0.2688091610004073,-0.12427292369840037,-0.333247859149151,-0.16113730522796876,0.14619675369776264,0.1281396029188544
6,0.5,P_ecstasy-d2-v3,ecstasy,1,1,0.011270563626129437,0.009228022197138586,-0.00256896253590444,-0.003336611509670462,0.005874430246116447,-0.0015763492544333957,-0.10889154777286514,-0.044919890460081824,0.013839526162033877,0.012564633706809047,0.011270563626129437,0.009228022197138586,-0.00256896253590444,-0.003336611509670462,0.005874430246116447,-0.0015763492544333957,-0.10889154777286514,-0.044919890460081824,-0.13568897562785365,-0.06713568397214598,0.013839526162033877,0.012564633706809047
6,0.5,P_ecstasy-d2-v4,ecstasy,1,1,-0.09432392582057236,-0.0650822839656815,0.043778391379787784,0.025387192191082875,-0.0894209454740551,-0.06836976820441176,-0.14220141017979682,-0.08530842369257918,-0.13810231720036015,-0.09046947615676437,-0.09432392582057236,-0.0650822839656815,0.043778391379787784,0.025387192191082875,-0.0894209454740551,-0.06836976820441176,-0.14220141017979682,-0.08530842369257918,-0.14854303343026487,-0.09112596045893628,-0.13810231720036015,-0.09046947615676437
6,0.5,P_ecstasy-d3-v1,ecstasy,1,1,0.03532528775833477,0.009543604819855389,0.01666569965234821,0.004752083409576002,0.04554259660206128,0.0025310122977391103,-0.09290372141594805,-0.06064995339982282,0.018659588105986558,0.004791521410279387,0.03532528775833477,0.009543604819855389,0.01666569965234821,0.004752083409576002,0.04554259660206128,0.0025310122977391103,-0.09290372141594805,-0.06064995339982282,-0.10744845037460138,-0.07723013915611521,0.018659588105986558,0.004791521410279387
6,0.5,P_ecstasy-d3-v4,ecstasy,1,1,-0.06112465758399743,-0.03238232078082692,0.024672655313198177,0.013215763732984165,-0.11087400566386663,-0.0641522929935725,-0.17182301732827554,-0.07296033136004398,-0.08579731289719561,-0.04559808451381109,-0.06112465758399743,-0.03238232078082692,0.024672655313198177,0.013215763732984165,-0.11087400566386663,-0.0641522929935725,-0.17182301732827554,-0.07296033136004398,-0.21085821090906043,-0.0941304403814538,-0.08579731289719561,-0.04559808451381109
6,0.5,P_loathing-d1-v2,loathing,-1,1,-0.0023540923613634135,-0.006078889121089226,0.012917802192272454,-0.020689475917600397,0.02128156230264011,-0.02340181012734366,0.06885203317963962,-0.039350815991513244,-0.015271894553635867,0.014610586796511171,0.0023540923613634135,-0.006078889121089226,-0.012917802192272454,-0.020689475917600397,-0.02128156230264011,-0.02340181012734366,-0.06885203317963962,-0.039350815991513244,-0.08488870287542305,-0.05326804426031728,0.015271894553635867,0.014610586796511171
6,0.5,P_loathing-d2-v2,loathing,-1,1,-0.10599833112212398,0.06358715962761874,0.06757601016977599,-0.03446056236507111,-0.14284980676774328,0.08116415240140906,-0.1569154241435342,0.08290033821292697,-0.17357434129189997,0.09804772199268985,0.10599833112212398,0.06358715962761874,-0.06757601016977599,-0.03446056236507111,0.14284980676774328,0.08116415240140906,0.1569154241435342,0.08290033821292697,0.1987910032306548,0.0976428150432831,0.17357434129189997,0.09804772199268985
6,0.5,P_loathing-d3-v2,loathing,-1,1,0.10365325604626596,-0.05249383716678668,0.02648839428491323,-0.06357266000444106,0.10845080738850355,-0.06416905176722931,0.24442808175398412,-0.10756632332313121,0.07716486176135273,0.011078822837654378,-0.10365325604626596,-0.05249383716678668,-0.02648839428491323,-0.06357266000444106,-0.10845080738850355,-0.06416905176722931,-0.24442808175398412,-0.10756632332313121,-0.26259829994273964,-0.11505075085991301,-0.07716486176135273,0.011078822837654378
6,0.5,P_loathing-d3-v3,loathing,-1,1,0.03240808490403957,-0.017021898554848924,0.043411772725386655,-0.028591741643539947,0.05262588924987721,-0.03779796246240519,0.1157619358721762,-0.06648429781007614,-0.011003687821347086,0.011569843088691023,-0.03240808490403957,-0.017021898554848924,-0.043411772725386655,-0.028591741643539947,-0.05262588924987721,-0.03779796246240519,-0.1157619358721762,-0.06648429781007614,-0.12317879898335127,-0.0814906417019654,0.011003687821347086,0.011569843088691023
6,0.5,P_loathing-d3-v4,loathing,-1,1,0.023963828717728397,-0.009107105556170225,-0.04702063269282153,0.020902450720114985,0.014600682193798953,-0.023945305176252596,0.2198015884035045,-0.09513655887981409,0.07098446141054993,-0.03000955627628521,-0.023963828717728397,-0.009107105556170225,0.04702063269282153,0.020902450720114985,-0.014600682193798953,-0.023945305176252596,-0.2198015884035045,-0.09513655887981409,-0.20533099718145564,-0.10407312152199655,-0.07098446141054993,-0.03000955627628521
6,0.5,P_amazement-d1-v1,amazement,1,1,0.0381230247921609,0.003950226710218274,0.050643939358123724,0.036227980207492294,0.012507028531516973,-0.009919190470442985,-0.01167904088484617,-0.021743346311088985,-0.012520914565962826,-0.03227775349727402,0.0381230247921609,0.003950226710218274,0.050643939358123724,0.036227980207492294,0.012507028531516973,-0.009919190470442985,-0.01167904088484617,-0.021743346311088985,-0.013850133413261467,-0.023008315474549956,-0.012520914565962826,-0.03227775349727402
6,0.5,P_amazement-d1-v2,amazement,1,1,-0.033840611878704685,-0.016270461000266856,-0.02491529117109348,-0.011893322287049202,-0.04688613952485721,-0.02784892878567735,-0.07708944353934477,-0.03228488108450733,-0.008925320707611206,-0.004377138713217654,-0.033840611878704685,-0.016270461000266856,-0.02491529117109348,-0.011893322287049202,-0.04688613952485721,-0.02784892878567735,-0.07708944353934477,-0.03228488108450733,-0.1219521009120923,-0.048223939561392815,-0.008925320707611206,-0.004377138713217654
6,0.5,P_amazement-d1-v4,amazement,1,1,-0.05697802105763561,-0.0569680659007652,0.0008278700372583714,-0.007272868517082642,-0.04823143750490111,-0.05424351703027952,-0.03175827591784497,-0.0368483912878359,-0.05780589109489398,-0.049695197383682554,-0.05697802105763561,-0.0569680659007652,0.0008278700372583714,-0.007272868517082642,-0.04823143750490111,-0.05424351703027952,-0.03175827591784497,-0.0368483912878359,-0.01113038556584911,-0.0343683282038727,-0.05780589109489398,-0.049695197383682554
6,0.5,P_amazement-d2-v1,amazement,1,1,0.02856772974309596,0.007511963712626191,0.029922364778157906,0.015252705481114681,0.01835808132954142,-0.0009892786132974507,0.04335088884068661,0.021608648634386274,-0.0013546350350619463,-0.0077407417684884905,0.02856772974309596,0.007511963712626191,0.029922364778157906,0.015252705481114681,0.01835808132954142,-0.0009892786132974507,0.04335088884068661,0.021608648634386274,0.003302840458829337,0.0007585428709102615,-0.0013546350350619463,-0.0077407417684884905
6,0.5,P_amazement-d2-v2,amazement,1,1,-0.019649520005655674,-0.019431898891457244,0.003115695642325278,0.007593555537846797,-0.02738156574706796,-0.015498797442722534,-0.05296605189446968,-0.031857511946245864,-0.022765215647980952,-0.02702545442930404,-0.019649520005655674,-0.019431898891457244,0.003115695642325278,0.007593555537846797,-0.02738156574706796,-0.015498797442722534,-0.05296605189446968,-0.031857511946245864,-0.06544775675301517,-0.030966571078697935,-0.022765215647980952,-0.02702545442930404
6,0.5,P_amazement-d3-v2,amazement,1,1,-0.020074828166389835,-0.008033249939316534,0.04633030576174413,0.01379847995940775,-0.04329837427425964,-0.021794067023954256,-0.15249596111934682,-0.08313367382832304,-0.06640513392813396,-0.021831729898724284,-0.020074828166389835,-0.008033249939316534,0.04633030576174413,0.01379847995940775,-0.04329837427425964,-0.021794067023954256,-0.15249596111934682,-0.08313367382832304,-0.21775208274763802,-0.12342058439624148,-0.06640513392813396,-0.021831729898724284
6,0.5,P_amazement-d3-v4,amazement,1,1,0.006410392677057786,-0.00361977677660974,0.002387920605642968,0.0011886599370409812,-0.005462799713416899,-0.02050203673122386,-0.0790228568857474,-0.03803665709970838,0.004022472071414818,-0.004808436713650721,0.006410392677057786,-0.00361977677660974,0.002387920605642968,0.0011886599370409812,-0.005462799713416899,-0.02050203673122386,-0.0790228568857474,-0.03803665709970838,-0.16770834353243202,-0.08833731175153003,0.004022472071414818,-0.004808436713650721
6,0.5,P_admiration-d1-v1,admiration,1,1,-0.00647847047902772,-0.011516054635134054,-0.02098851767516141,0.007042908148679139,-0.043590630979350564,-0.04120271970424039,-0.17417461841806725,-0.0904234660436889,0.01451004719613369,-0.018558962783813193,-0.00647847047902772,-0.011516054635134054,-0.02098851767516141,0.007042908148679139,-0.043590630979350564,-0.04120271970424039,-0.17417461841806725,-0.0904234660436889,-0.18953638887652335,-0.1148962365867221,0.01451004719613369,-0.018558962783813193
6,0.5,P_admiration-d1-v2,admiration,1,1,-0.03431686654284949,-0.024560236555707604,-0.0072258021324858035,-0.008069652141933226,-0.05079751622780826,-0.042560289683788,-0.19708837537619495,-0.09799590199279162,-0.027091064410363686,-0.01649058441377438,-0.03431686654284949,-0.024560236555707604,-0.0072258021324858035,-0.008069652141933226,-0.05079751622780826,-0.042560289683788,-0.19708837537619495,-0.09799590199279162,-0.22431680288118772,-0.1153612572064211,-0.027091064410363686,-0.01649058441377438
6,0.5,P_admiration-d1-v3,admiration,1,1,-0.012080100973490993,-0.014149912380203133,-0.02195750917536987,-0.008460639945880644,-0.049397950687206205,-0.04416972870901681,-0.18793138854041747,-0.09017642843810902,0.009877408201878879,-0.00568927243432249,-0.012080100973490993,-0.014149912380203133,-0.02195750917536987,-0.008460639945880644,-0.049397950687206205,-0.04416972870901681,-0.18793138854041747,-0.09017642843810902,-0.2528093417809787,-0.12495609288363552,0.009877408201878879,-0.00568927243432249
6,0.5,P_admiration-d2-v1,admiration,1,1,-0.03645819095803127,-0.005864955316055465,0.015513313994948597,-0.0008730975262585261,-0.0404619309702392,-0.018395747377992322,-0.1937860015369255,-0.07835120199250545,-0.05197150495297986,-0.0049918577897969385,-0.03645819095803127,-0.005864955316055465,0.015513313994948597,-0.0008730975262585261,-0.0404619309702392,-0.018395747377992322,-0.1937860015369255,-0.07835120199250545,-0.18097013549188734,-0.08236799101229275,-0.05197150495297986,-0.0049918577897969385
6,0.5,P_admiration-d2-v2,admiration,1,1,-0.04998209177168533,-0.01655382615429879,0.010125411947424112,-0.0007091476776093231,-0.042157867715983066,-0.023308661905023342,-0.2373195157648076,-0.0916770672832179,-0.060107503719109445,-0.015844678476689467,-0.04998209177168533,-0.01655382615429879,0.010125411947424112,-0.0007091476776093231,-0.042157867715983066,-0.023308661905023342,-0.2373195157648076,-0.0916770672832179,-0.17855146870426886,-0.06890641199067504,-0.060107503719109445,-0.015844678476689467
6,0.5,P_admiration-d2-v3,admiration,1,1,-0.029579797688958465,-0.02825636389574715,-0.007896794789439276,-0.0007698645287739225,-0.028946837041440077,-0.034117854161433314,-0.14420175364003818,-0.07709589510304404,-0.021683002899519188,-0.027486499366973227,-0.029579797688958465,-0.02825636389574715,-0.007896794789439276,-0.0007698645287739225,-0.028946837041440077,-0.034117854161433314,-0.14420175364003818,-0.07709589510304404,-0.17952075246020005,-0.09840657754969939,-0.021683002899519188,-0.027486499366973227
6,0.5,P_vigilance-d1-v4,vigilance,1,1,-0.10600441448014042,-0.08486754892781079,-0.019962897467920016,-0.010199395423435398,-0.10514510140038347,-0.08664061432584003,-0.18905963415245086,-0.1198625578522643,-0.0860415170122204,-0.07466815350437539,-0.10600441448014042,-0.08486754892781079,-0.019962897467920016,-0.010199395423435398,-0.10514510140038347,-0.08664061432584003,-0.18905963415245086,-0.1198625578522643,-0.17374906814316127,-0.11440717575415693,-0.0860415170122204,-0.07466815350437539
6,0.5,P_vigilance-d2-v3,vigilance,1,1,-0.00010421177588870734,-0.0062145714874857205,-0.016783114956025358,-0.014582569986888672,-0.008749141808473304,-0.012746654516251787,-0.07650046732819415,-0.04142610241122435,0.01667890318013665,0.008367998499402951,-0.00010421177588870734,-0.0062145714874857205,-0.016783114956025358,-0.014582569986888672,-0.008749141808473304,-0.012746654516251787,-0.07650046732819415,-0.04142610241122435,-0.05076211478489112,-0.03383123618326911,0.01667890318013665,0.008367998499402951
6,0.5,P_vigilance-d2-v4,vigilance,1,1,-0.07631631732140143,-0.06309359080152177,-0.0026858669988332196,-0.00036873004460691305,-0.06627246314342283,-0.058966287071905654,-0.17668434098400798,-0.1200847784070751,-0.07363045032256821,-0.06272486075691486,-0.07631631732140143,-0.06309359080152177,-0.0026858669988332196,-0.00036873004460691305,-0.06627246314342283,-0.058966287071905654,-0.17668434098400798,-0.1200847784070751,-0.1786265811644956,-0.1209828974234064,-0.07363045032256821,-0.06272486075691486
6,0.5,P_vigilance-d3-v2,vigilance,1,1,-0.015420700444218838,-0.01051666853874611,-0.009457585998079665,-0.008715575855097413,-0.038644193612455524,-0.02446818443104437,0.012729834204670887,-0.004558871116052465,-0.005963114446139173,-0.0018010926836486973,-0.015420700444218838,-0.01051666853874611,-0.009457585998079665,-0.008715575855097413,-0.038644193612455524,-0.02446818443104437,0.012729834204670887,-0.004558871116052465,-0.016341273025346936,-0.025762458024884083,-0.005963114446139173,-0.0018010926836486973
6,0.5,P_vigilance-d3-v4,vigilance,1,1,0.02456030891774219,0.015273358040626128,0.03102374804162089,0.013037960602951593,0.02003815115217744,0.01051665148924208,0.02845607132565764,0.02387149613984274,-0.0064634391238787,0.0022353974376745356,0.02456030891774219,0.015273358040626128,0.03102374804162089,0.013037960602951593,0.02003815115217744,0.01051665148924208,0.02845607132565764,0.02387149613984274,0.013163378248054691,0.015071045865787891,-0.0064634391238787,0.0022353974376745356
6,0.5,P_rage-d4-v1,rage,-1,1,-0.04736589388178025,0.019905042324213085,-0.02697620428933334,0.014191147026913598,-0.06855643497981134,0.028545292600247407,-0.05133200095378987,0.022413939221592294,-0.020389689592446913,0.005713895297299487,0.04736589388178025,0.019905042324213085,0.02697620428933334,0.014191147026913598,0.06855643497981134,0.028545292600247407,0.05133200095378987,0.022413939221592294,0.053033359202166785,0.02200907461589452,0.020389689592446913,0.005713895297299487
6,0.5,P_rage-d4-v2,rage,-1,1,0.010339328117688673,0.0036574675917631083,-0.00653051369030333,0.005238810748203981,0.003803455689461721,0.006565728577764496,0.12545780517198368,-0.049475596542251754,0.016869841807992003,-0.001581343156440873,-0.010339328117688673,0.0036574675917631083,0.00653051369030333,0.005238810748203981,-0.003803455689461721,0.006565728577764496,-0.12545780517198368,-0.049475596542251754,-0.10287682573648915,-0.04419678060963683,-0.016869841807992003,-0.001581343156440873
6,0.5,P_rage-d4-v4,rage,-1,1,-0.007226635890858368,0.004810360144358761,0.06571520157079647,-0.052799152925313564,-0.0036573385279288217,0.0016921910415241825,0.08408221929081972,-0.039917991658968255,-0.07294183746165483,0.057609513069672325,0.007226635890858368,0.004810360144358761,-0.06571520157079647,-0.052799152925313564,0.0036573385279288217,0.0016921910415241825,-0.08408221929081972,-0.039917991658968255,-0.0792818812835705,-0.038465813585415454,0.07294183746165483,0.057609513069672325
6,0.5,P_rage-d5-v1,rage,-1,1,0.008452664919702535,-0.009964689136509719,-0.043671230763363766,0.03184649613727508,0.03594534161886642,-0.026238407010076514,0.03820214689001622,-0.02088347131961088,0.0521238956830663,-0.0418111852737848,-0.008452664919702535,-0.009964689136509719,0.043671230763363766,0.03184649613727508,-0.03594534161886642,-0.026238407010076514,-0.03820214689001622,-0.02088347131961088,-0.05561769819287399,-0.02734862706713148,-0.0521238956830663,-0.0418111852737848
6,0.5,P_rage-d5-v3,rage,-1,1,0.03536114612737773,-0.011850994224778866,0.22345018412522233,-0.11353240669432729,0.04319784185244391,-0.01722795716323411,0.051834882342567834,-0.016652917967873382,-0.1880890379978446,0.10168141246954843,-0.03536114612737773,-0.011850994224778866,-0.22345018412522233,-0.11353240669432729,-0.04319784185244391,-0.01722795716323411,-0.051834882342567834,-0.016652917967873382,-0.06402737393019642,-0.023009767925216362,0.1880890379978446,0.10168141246954843
6,0.5,P_rage-d6-v2,rage,-1,1,-0.01695636751686891,0.008103378262667604,0.03714128998114408,-0.019784142575156594,0.0036053011929704226,0.00038114264877897597,-0.03197837517577451,0.0155677635252216,-0.054097657498012985,0.027887520837824198,0.01695636751686891,0.008103378262667604,-0.03714128998114408,-0.019784142575156594,-0.0036053011929704226,0.00038114264877897597,0.03197837517577451,0.0155677635252216,-0.008815137969234499,-0.0007468790865736707,0.054097657498012985,0.027887520837824198
6,0.5,P_grief-d4-v2,grief,-1,-1,-0.011803378715784518,-0.006261000498743563,-0.035304130681025114,-0.01649267926266429,-0.01007461515356134,-0.007508557607409649,-0.05082263893944816,-0.025777488637958257,0.023500751965240596,0.010231678763920726,0.011803378715784518,0.006261000498743563,0.035304130681025114,0.01649267926266429,0.01007461515356134,0.007508557607409649,0.05082263893944816,0.025777488637958257,0.051286905037668085,0.026087824126880044,-0.023500751965240596,-0.010231678763920726
6,0.5,P_grief-d4-v3,grief,-1,-1,-0.1723314722505913,-0.0959342589556762,0.06588613489017625,0.03762735778096982,-0.21267860371921543,-0.11849975194444262,-0.2590044765744537,-0.1409551418020012,-0.23821760714076756,-0.13356161673664602,0.1723314722505913,0.0959342589556762,-0.06588613489017625,-0.03762735778096982,0.21267860371921543,0.11849975194444262,0.2590044765744537,0.1409551418020012,0.2834993384679212,0.15187947439583516,0.23821760714076756,0.13356161673664602
6,0.5,P_grief-d4-v4,grief,-1,-1,-0.017175000335286406,-0.01160902459270119,0.07377275040016595,0.042286446506839326,-0.0043456432369533005,-0.004689504816947299,-0.018162139056713045,-0.011867486239292013,-0.09094775073545236,-0.053895471099540515,0.017175000335286406,0.01160902459270119,-0.07377275040016595,-0.042286446506839326,0.0043456432369533005,0.004689504816947299,0.018162139056713045,0.011867486239292013,-0.013299557610621182,-0.006252813310777761,0.09094775073545236,0.053895471099540515
6,0.5,P_grief-d5-v1,grief,-1,-1,-0.03695652909580094,-0.022342019576065297,-0.05511979073588691,-0.024134206985062967,-0.03806238546943774,-0.025954292234819043,-0.1258047321347293,-0.0630305234698807,0.01816326164008597,0.0017921874089976697,0.03695652909580094,0.022342019576065297,0.05511979073588691,0.024134206985062967,0.03806238546943774,0.025954292234819043,0.1258047321347293,0.0630305234698807,0.1570169358594855,0.0782315577921171,-0.01816326164008597,-0.0017921874089976697
6,0.5,P_grief-d5-v2,grief,-1,-1,-0.01798469212524889,-0.010082574733668359,0.0568494711133285,0.04041854284968949,-0.019760702057141977,-0.011788190581602187,0.05745270769375965,0.01838500921310482,-0.07483416323857739,-0.050501117583357846,0.01798469212524889,0.010082574733668359,-0.0568494711133285,-0.04041854284968949,0.019760702057141977,0.011788190581602187,-0.05745270769375965,-0.01838500921310482,-0.04667770214808087,-0.011704933077722135,0.07483416323857739,0.050501117583357846
6,0.5,P_grief-d5-v3,grief,-1,-1,0.02797881452376405,0.013443927606614281,-0.026622780061789975,-0.015727913439099517,0.026099389125570305,0.016644021881621285,0.0921789027245099,0.04151027380575645,0.054601594585554025,0.029171841045713798,-0.02797881452376405,-0.013443927606614281,0.026622780061789975,0.015727913439099517,-0.026099389125570305,-0.016644021881621285,-0.0921789027245099,-0.04151027380575645,-0.11360106887247934,-0.05097369383779693,-0.054601594585554025,-0.029171841045713798
6,0.5,P_grief-d6-v1,grief,-1,-1,-0.050227370242953207,-0.02542841029862508,-0.010256623809092424,-0.004445243533176324,-0.06990043077011876,-0.03530120840754147,-0.09678766171797815,-0.035577308142244135,-0.03997074643386078,-0.020983166765448757,0.050227370242953207,0.02542841029862508,0.010256623809092424,0.004445243533176324,0.06990043077011876,0.03530120840754147,0.09678766171797815,0.035577308142244135,0.09015728851832217,0.03102915661660477,0.03997074643386078,0.020983166765448757
6,0.5,P_grief-d6-v2,grief,-1,-1,-0.034255289178894976,-0.018953117457067847,-0.03584672043318182,-0.02234524661430104,-0.02189083043257689,-0.014462776135093947,-0.0512444489551771,-0.02378782886858355,0.0015914312542868458,0.0033921291572331924,0.034255289178894976,0.018953117457067847,0.03584672043318182,0.02234524661430104,0.02189083043257689,0.014462776135093947,0.0512444489551771,0.02378782886858355,0.053350961452729884,0.023632737853419794,-0.0015914312542868458,-0.0033921291572331924
6,0.5,P_terror-d4-v1,terror,-1,1,0.002532959745455088,-0.008012327658336815,-0.0047885367322439976,0.0017156829353961456,-0.005682558094311396,-0.0021112305733446135,-0.02704420259972018,0.007721657167663931,0.007321496477699085,-0.00972801059373296,-0.002532959745455088,-0.008012327658336815,0.0047885367322439976,0.0017156829353961456,0.005682558094311396,-0.0021112305733446135,0.02704420259972018,0.007721657167663931,0.036101279724142454,0.013359848653931472,-0.007321496477699085,-0.00972801059373296
6,0.5,P_terror-d4-v2,terror,-1,1,0.045466558004118696,-0.03671466833503878,0.0816876221779026,-0.06577026405181563,0.0957850541195322,-0.0549901324327049,0.13699244423163393,-0.07485131128297651,-0.0362210641737839,0.02905559571677685,-0.045466558004118696,-0.03671466833503878,-0.0816876221779026,-0.06577026405181563,-0.0957850541195322,-0.0549901324327049,-0.13699244423163393,-0.07485131128297651,-0.20639471588958358,-0.10157977810630214,0.0362210641737839,0.02905559571677685
6,0.5,P_terror-d4-v3,terror,-1,1,0.010310852034065121,-0.007652556591819959,0.02574010848623587,-0.009007952522555485,0.03094374850175985,-0.017211731033709654,0.06900970780456683,-0.033956161804201024,-0.015429256452170748,0.0013553959307355257,-0.010310852034065121,-0.007652556591819959,-0.02574010848623587,-0.009007952522555485,-0.03094374850175985,-0.017211731033709654,-0.06900970780456683,-0.033956161804201024,-0.09309541843545999,-0.047285780376977726,0.015429256452170748,0.0013553959307355257
6,0.5,P_terror-d5-v1,terror,-1,1,0.05005141850175221,-0.021264189387236954,0.09974560860823534,-0.043694328603230304,0.02268284827257272,-0.008928973696065157,0.09462976317758143,-0.045085712907168674,-0.04969419010648313,0.02243013921599335,-0.05005141850175221,-0.021264189387236954,-0.09974560860823534,-0.043694328603230304,-0.02268284827257272,-0.008928973696065157,-0.09462976317758143,-0.045085712907168674,-0.07045426521262321,-0.035037479433881025,0.04969419010648313,0.02243013921599335
6,0.5,P_terror-d5-v2,terror,-1,1,0.00944519143358491,-0.0016030661747565844,0.03129187413128953,-0.01482210182176047,0.01603356299651626,0.0014074565042649922,0.104135922309466,-0.040570012083492646,-0.021846682697704622,0.013219035647003885,-0.00944519143358491,-0.0016030661747565844,-0.03129187413128953,-0.01482210182176047,-0.01603356299651626,0.0014074565042649922,-0.104135922309466,-0.040570012083492646,-0.07867011095383525,-0.026714930292220274,0.021846682697704622,0.013219035647003885
6,0.5,P_terror-d6-v2,terror,-1,1,-0.04602834837844938,0.02427983427664593,0.01583454156065489,-0.005190584163461409,-0.04711983467496861,0.021886737354349428,-0.09421693245869767,0.04467919901907269,-0.06186288993910427,0.029470418440107338,0.04602834837844938,0.02427983427664593,-0.01583454156065489,-0.005190584163461409,0.04711983467496861,0.021886737354349428,0.09421693245869767,0.04467919901907269,0.06284350444113462,0.03043975567355517,0.06186288993910427,0.029470418440107338
6,0.5,P_ecstasy-d4-v1,ecstasy,1,1,0.02355497883504043,0.0070479267211362995,0.03980797638153444,0.01544325148906811,0.01632176945204744,-0.0006252277831721997,0.0015211534899570722,-0.005376875884492094,-0.016252997546494008,-0.008395324767931811,0.02355497883504043,0.0070479267211362995,0.03980797638153444,0.01544325148906811,0.01632176945204744,-0.0006252277831721997,0.0015211534899570722,-0.005376875884492094,-0.012676327716834024,-0.018372313771374493,-0.016252997546494008,-0.008395324767931811
6,0.5,P_ecstasy-d4-v3,ecstasy,1,1,0.002961322985902015,0.006009133423440893,-0.03119711713618578,-0.01256009889592935,-0.0024623278540083504,0.006981164929348971,-0.022710968902275752,-0.011813189166932858,0.034158440122087796,0.018569232319370244,0.002961322985902015,0.006009133423440893,-0.03119711713618578,-0.01256009889592935,-0.0024623278540083504,0.006981164929348971,-0.022710968902275752,-0.011813189166932858,-0.046069150515066326,-0.018016852710090348,0.034158440122087796,0.018569232319370244
6,0.5,P_ecstasy-d5-v1,ecstasy,1,1,0.027790394085303483,0.015269458793291335,-0.056524158702183414,-0.037171248004685964,0.03334186365791325,0.017700978135206213,0.0698617935694057,0.032619108030016,0.0843145527874869,0.0524407067979773,0.027790394085303483,0.015269458793291335,-0.056524158702183414,-0.037171248004685964,0.03334186365791325,0.017700978135206213,0.0698617935694057,0.032619108030016,0.05683064110685487,0.02842095524506849,0.0843145527874869,0.0524407067979773
6,0.5,P_ecstasy-d5-v2,ecstasy,1,1,0.052698653761801495,0.028364319638981783,-0.13956347740685704,-0.0641186922501209,-0.03412114959409074,-0.01826256403596993,0.0656991495620185,0.04530087000348626,0.19226213116865853,0.09248301188910268,0.052698653761801495,0.028364319638981783,-0.13956347740685704,-0.0641186922501209,-0.03412114959409074,-0.01826256403596993,0.0656991495620185,0.04530087000348626,-0.0007900706775287869,0.004260257475847684,0.19226213116865853,0.09248301188910268
6,0.5,P_ecstasy-d5-v4,ecstasy,1,1,0.03588504447608898,0.02652641250864818,0.11067903939591428,0.06542952473999719,0.05653667762054315,0.03432104123298885,0.05575777094060497,0.02739475517074652,-0.0747939949198253,-0.03890311223134901,0.03588504447608898,0.02652641250864818,0.11067903939591428,0.06542952473999719,0.05653667762054315,0.03432104123298885,0.05575777094060497,0.02739475517074652,0.08151307202968416,0.03867242460740883,-0.0747939949198253,-0.03890311223134901
6,0.5,P_ecstasy-d6-v1,ecstasy,1,1,0.02941478600763414,0.022306439559460323,-0.12246366938272057,-0.057737583653188373,0.021086735180669613,0.0179375527543284,0.17584491017166748,0.08917768238484003,0.15187845539035472,0.0800440232126487,0.02941478600763414,0.022306439559460323,-0.12246366938272057,-0.057737583653188373,0.021086735180669613,0.0179375527543284,0.17584491017166748,0.08917768238484003,0.1920936494722385,0.09160280213947614,0.15187845539035472,0.0800440232126487
6,0.5,P_ecstasy-d6-v2,ecstasy,1,1,0.008636924470638796,0.011772627296001481,0.013220940131022374,0.005857282198459934,-0.0027833753267874073,-0.00025059656537873565,0.0025705542510783275,0.00974135115012853,-0.004584015660383578,0.005915345097541547,0.008636924470638796,0.011772627296001481,0.013220940131022374,0.005857282198459934,-0.0027833753267874073,-0.00025059656537873565,0.0025705542510783275,0.00974135115012853,-0.023958778835380112,-0.009546331975208044,-0.004584015660383578,0.005915345097541547
6,0.5,P_ecstasy-d6-v3,ecstasy,1,1,-0.006893891696197585,-0.008648432179077403,0.019994427209213406,0.011961472974763687,-0.0231552468379963,-0.015603009236364151,-0.11085152876772097,-0.05498500988363242,-0.02688831890541099,-0.02060990515384109,-0.006893891696197585,-0.008648432179077403,0.019994427209213406,0.011961472974763687,-0.0231552468379963,-0.015603009236364151,-0.11085152876772097,-0.05498500988363242,-0.10434020754715023,-0.05100553466388558,-0.02688831890541099,-0.02060990515384109
6,0.5,P_loathing-d4-v1,loathing,-1,1,-0.040515827363311274,0.02812395926808975,-0.006166343831864651,0.005530952271467271,-0.041319184524258645,0.029268524205503077,-0.1508773645043786,0.08176813217683954,-0.03434948353144662,0.022593006996622478,0.040515827363311274,0.02812395926808975,0.006166343831864651,0.005530952271467271,0.041319184524258645,0.029268524205503077,0.1508773645043786,0.08176813217683954,0.20407965748370627,0.10264168190009304,0.03434948353144662,0.022593006996622478
6,0.5,P_loathing-d5-v2,loathing,-1,1,0.01495499927147037,-0.0032243306895374246,0.001811177519795315,-0.004214487735669792,0.016839164466728285,-0.001681015412272835,0.025186538371729572,-0.0010329577822520974,0.013143821751675056,0.0009901570461323672,-0.01495499927147037,-0.0032243306895374246,-0.001811177519795315,-0.004214487735669792,-0.016839164466728285,-0.001681015412272835,-0.025186538371729572,-0.0010329577822520974,-0.009883750422064796,0.0060636020134765545,-0.013143821751675056,0.0009901570461323672
6,0.5,P_loathing-d6-v2,loathing,-1,1,0.04608365997517527,-0.023530121095626022,-0.07486479110189581,0.05328078860784036,0.0542714352435949,-0.029767834093083145,0.06018763782674208,-0.02487188457490408,0.12094845107707108,-0.07681090970346638,-0.04608365997517527,-0.023530121095626022,0.07486479110189581,0.05328078860784036,-0.0542714352435949,-0.029767834093083145,-0.06018763782674208,-0.02487188457490408,-0.0795615004527801,-0.03651415184850837,-0.12094845107707108,-0.07681090970346638
6,0.5,P_loathing-d6-v4,loathing,-1,1,0.04194636332926027,-0.02060508047044074,0.054116000797693076,-0.03505550770788979,0.043536889237739906,-0.02093200903682657,0.06229219376510642,-0.03185621461315602,-0.012169637468432803,0.014450427237449048,-0.04194636332926027,-0.02060508047044074,-0.054116000797693076,-0.03505550770788979,-0.043536889237739906,-0.02093200903682657,-0.06229219376510642,-0.03185621461315602,-0.09700638128905759,-0.03952907249925541,0.012169637468432803,0.014450427237449048
6,0.5,P_amazement-d4-v1,amazement,1,1,0.01958140366788541,0.005590178593191553,0.025071662576885423,0.013071032465101773,-0.011619439366924667,-0.015898593926998217,-0.02896392810865356,-0.02647120843281714,-0.005490258909000012,-0.00748085387191022,0.01958140366788541,0.005590178593191553,0.025071662576885423,0.013071032465101773,-0.011619439366924667,-0.015898593926998217,-0.02896392810865356,-0.02647120843281714,-0.06962576542576615,-0.05021522798390787,-0.005490258909000012,-0.00748085387191022
6,0.5,P_amazement-d4-v2,amazement,1,1,0.006044329340601173,0.009362847651369854,0.04220595432431029,0.025099480317385847,-0.0043536531932550915,0.006007304997512897,0.008433752398800287,0.012246527837892707,-0.03616162498370912,-0.015736632666015993,0.006044329340601173,0.009362847651369854,0.04220595432431029,0.025099480317385847,-0.0043536531932550915,0.006007304997512897,0.008433752398800287,0.012246527837892707,-0.009231398368053867,0.004303910006175471,-0.03616162498370912,-0.015736632666015993
6,0.5,P_amazement-d5-v2,amazement,1,1,0.005820653786537733,-0.0011038457289904713,0.001173785212278844,0.006172224573958829,-0.006644968664567763,-0.004694090057577149,-0.07488843846490756,-0.03821795128677952,0.004646868574258889,-0.0072760703029493,0.005820653786537733,-0.0011038457289904713,0.001173785212278844,0.006172224573958829,-0.006644968664567763,-0.004694090057577149,-0.07488843846490756,-0.03821795128677952,-0.07470466659144215,-0.033941642909528724,0.004646868574258889,-0.0072760703029493
6,0.5,P_amazement-d5-v4,amazement,1,1,0.02818673530351834,0.015231830610565211,-0.08425731116093971,-0.06672783113905556,0.027170731541673376,0.01656898330105072,0.08233106964531522,0.0408987968911525,0.11244404646445805,0.08195966174962077,0.02818673530351834,0.015231830610565211,-0.08425731116093971,-0.06672783113905556,0.027170731541673376,0.01656898330105072,0.08233106964531522,0.0408987968911525,0.031949241008321305,0.02247968422849267,0.11244404646445805,0.08195966174962077
6,0.5,P_amazement-d6-v1,amazement,1,1,-0.054632528619285026,-0.030493239498905922,-0.006223888788514209,-0.006739428853149043,-0.07106743753343103,-0.038763151617050795,-0.10911040870460775,-0.046457423432540335,-0.04840863983077082,-0.02375381064575688,-0.054632528619285026,-0.030493239498905922,-0.006223888788514209,-0.006739428853149043,-0.07106743753343103,-0.038763151617050795,-0.10911040870460775,-0.046457423432540335,-0.15560763608861006,-0.06599978680319873,-0.04840863983077082,-0.02375381064575688
6,0.5,P_amazement-d6-v4,amazement,1,1,-0.018373074036140302,-0.01211622501659182,0.020433312465758746,0.006917992333391965,-0.00646394220199209,-0.005202827326275639,-0.04302749728135602,-0.021327679132648214,-0.03880638650189905,-0.019034217349983784,-0.018373074036140302,-0.01211622501659182,0.020433312465758746,0.006917992333391965,-0.00646394220199209,-0.005202827326275639,-0.04302749728135602,-0.021327679132648214,-0.02650226621689855,-0.010592716707195748,-0.03880638650189905,-0.019034217349983784
6,0.5,P_admiration-d5-v1,admiration,1,1,0.03226585911669222,0.020228707123251866,0.01863953203953006,0.002512819523173171,0.01726401646473441,0.012764180488403554,0.12470696545716864,0.045672527211055414,0.01362632707716216,0.017715887600078695,0.03226585911669222,0.020228707123251866,0.01863953203953006,0.002512819523173171,0.01726401646473441,0.012764180488403554,0.12470696545716864,0.045672527211055414,0.10377849024228913,0.04187104559627253,0.01362632707716216,0.017715887600078695
6,0.5,P_admiration-d5-v3,admiration,1,1,0.04818363749045229,0.03397925353430953,-0.042779810289605535,0.004530175681002113,0.040353975695834876,0.02516042073371416,0.001748546017244168,0.00033125897638264235,0.09096344778005783,0.029449077853307415,0.04818363749045229,0.03397925353430953,-0.042779810289605535,0.004530175681002113,0.040353975695834876,0.02516042073371416,0.001748546017244168,0.00033125897638264235,-0.02184832902133782,-0.00818159136073593,0.09096344778005783,0.029449077853307415
6,0.5,P_admiration-d6-v1,admiration,1,1,-0.037809782007852455,-0.020365941780587704,0.0025339096970888875,0.004267503821629326,-0.05794470107175709,-0.027522441178245316,-0.08263672967709423,-0.04081674043755168,-0.04034369170494134,-0.02463344560221703,-0.037809782007852455,-0.020365941780587704,0.0025339096970888875,0.004267503821629326,-0.05794470107175709,-0.027522441178245316,-0.08263672967709423,-0.04081674043755168,-0.06636054444938999,-0.030918479176515135,-0.04034369170494134,-0.02463344560221703
6,0.5,P_admiration-d6-v2,admiration,1,1,0.012255053679673722,0.005846742360846591,0.019053787880030093,0.008929853112332964,0.0012164895286401745,0.0026757354780970743,0.02232702846352641,0.002977127511023525,-0.006798734200356371,-0.003083110751486373,0.012255053679673722,0.005846742360846591,0.019053787880030093,0.008929853112332964,0.0012164895286401745,0.0026757354780970743,0.02232702846352641,0.002977127511023525,-0.01792324879450602,-0.017166916394641518,-0.006798734200356371,-0.003083110751486373
6,0.5,P_admiration-d6-v3,admiration,1,1,-0.013196305964069843,-0.011441483394446728,-0.005499234526227248,-0.007317002742220247,-0.0406926905989593,-0.02530742160538857,-0.027627031559712467,-0.01621787222791049,-0.007697071437842595,-0.004124480652226481,-0.013196305964069843,-0.011441483394446728,-0.005499234526227248,-0.007317002742220247,-0.0406926905989593,-0.02530742160538857,-0.027627031559712467,-0.01621787222791049,-0.04548094652715884,-0.022757167058606864,-0.007697071437842595,-0.004124480652226481
6,0.5,P_admiration-d6-v4,admiration,1,1,0.02728392819981451,0.01067990034518207,-0.022322572750377745,-0.015661127586091617,-0.0021008333536336465,-0.005503997783832482,-0.0228546129819871,-0.00854020643835307,0.049606500950192256,0.026341027931273686,0.02728392819981451,0.01067990034518207,-0.022322572750377745,-0.015661127586091617,-0.0021008333536336465,-0.005503997783832482,-0.0228546129819871,-0.00854020643835307,-0.026728103049709073,-0.014817886470794406,0.049606500950192256,0.026341027931273686
6,0.5,P_vigilance-d4-v2,vigilance,1,1,0.0497368591658951,0.025957091827847556,0.03045777638614844,0.020638789270164715,0.03418176307564824,0.02093718978830683,0.09321422429739723,0.04949403130972563,0.01927908277974666,0.005318302557682841,0.0497368591658951,0.025957091827847556,0.03045777638614844,0.020638789270164715,0.03418176307564824,0.02093718978830683,0.09321422429739723,0.04949403130972563,0.08638520938369876,0.05050130606430159,0.01927908277974666,0.005318302557682841
6,0.5,P_vigilance-d5-v2,vigilance,1,1,0.006533470677288378,-0.0032314345238395603,-0.0021636419287425213,-0.004028353486003944,-0.018413093637538402,-0.015143080245729301,-0.05749324939826339,-0.02555985370864411,0.008697112606030899,0.0007969189621643835,0.006533470677288378,-0.0032314345238395603,-0.0021636419287425213,-0.004028353486003944,-0.018413093637538402,-0.015143080245729301,-0.05749324939826339,-0.02555985370864411,-0.0765165555935754,-0.03523617337856244,0.008697112606030899,0.0007969189621643835
6,0.5,P_vigilance-d5-v3,vigilance,1,1,0.019301151838524433,0.007965962944671112,0.02299760990202593,0.011364466770981352,0.012693496640554969,0.0037710146925862276,0.030177358457334158,0.015670057305226415,-0.0036964580635014954,-0.0033985038263102396,0.019301151838524433,0.007965962944671112,0.02299760990202593,0.011364466770981352,0.012693496640554969,0.0037710146925862276,0.030177358457334158,0.015670057305226415,0.01789879551186857,0.007781870572455496,-0.0036964580635014954,-0.0033985038263102396
6,0.5,P_vigilance-d5-v4,vigilance,1,1,0.0033531887875630773,0.0006747409862279952,-0.016771858748598767,-0.01010452532949735,-0.008176770482620555,-0.006636073480406068,0.004400053774914703,0.0017041451240809025,0.020125047536161844,0.010779266315725344,0.0033531887875630773,0.0006747409862279952,-0.016771858748598767,-0.01010452532949735,-0.008176770482620555,-0.006636073480406068,0.004400053774914703,0.0017041451240809025,-0.010346247289247046,-0.005966286360607143,0.020125047536161844,0.010779266315725344
6,1.0,P_rage-d1-v2,rage,-1,1,-0.0036178851121988487,-0.012251643072519691,0.03995191915216312,-0.021698947722956774,-0.02172837153741325,-0.0020453723454281203,0.06020382035072247,-0.06198404133605351,-0.043569804264361967,0.009447304650437083,0.0036178851121988487,-0.012251643072519691,-0.03995191915216312,-0.021698947722956774,0.02172837153741325,-0.0020453723454281203,-0.06020382035072247,-0.06198404133605351,-0.05067369757157314,-0.046521138051591304,0.043569804264361967,0.009447304650437083
6,1.0,P_rage-d2-v3,rage,-1,1,0.0905514559111098,-0.07099981406218969,0.05750169225045365,-0.024383017130564788,0.1519444469267932,-0.11273231231756142,0.20645737885491222,-0.11310506979377832,0.03304976366065615,-0.046616796931624904,-0.0905514559111098,-0.07099981406218969,-0.05750169225045365,-0.024383017130564788,-0.1519444469267932,-0.11273231231756142,-0.20645737885491222,-0.11310506979377832,-0.28589149249342594,-0.16445955429911807,-0.03304976366065615,-0.046616796931624904
6,1.0,P_rage-d3-v3,rage,-1,1,0.08074070663812183,-0.08333472543906684,-0.05226093398075626,0.06161753352993227,0.13823945893535505,-0.11481502054936055,0.5896416483259332,-0.31444335884944064,0.1330016406188781,-0.1449522589689991,-0.08074070663812183,-0.08333472543906684,0.05226093398075626,0.06161753352993227,-0.13823945893535505,-0.11481502054936055,-0.5896416483259332,-0.31444335884944064,-0.5899386663056303,-0.31157660697750833,-0.1330016406188781,-0.1449522589689991
6,1.0,P_rage-d3-v4,rage,-1,1,-0.15791413959542222,0.08767666021582521,0.26097481756563035,-0.15203678935049947,-0.16252037976728761,0.07204817695947696,-0.15291520144444792,0.06611733500074068,-0.41888895716105257,0.23971344956632468,0.15791413959542222,0.08767666021582521,-0.26097481756563035,-0.15203678935049947,0.16252037976728761,0.07204817695947696,0.15291520144444792,0.06611733500074068,0.12649355332208634,0.030957744533058218,0.41888895716105257,0.23971344956632468
6,1.0,P_grief-d1-v3,grief,-1,-1,-0.007715191171504543,-0.0065206576282559325,-0.14706815383206973,-0.04872215434296745,0.013392484177320974,0.011129280487314652,0.03116221704057187,0.021384740090253818,0.13935296266056518,0.04220149671471152,0.007715191171504543,0.0065206576282559325,0.14706815383206973,0.04872215434296745,-0.013392484177320974,-0.011129280487314652,-0.03116221704057187,-0.021384740090253818,-0.013290414041368326,-0.016388380710895323,-0.13935296266056518,-0.04220149671471152
6,1.0,P_grief-d1-v4,grief,-1,-1,0.3321275040550935,0.24617471392644497,0.2583358829842881,0.18857438310638486,0.2581428610655152,0.20695676050641154,0.7125983896745325,0.3825417586254498,0.07379162107080539,0.05760033082006011,-0.3321275040550935,-0.24617471392644497,-0.2583358829842881,-0.18857438310638486,-0.2581428610655152,-0.20695676050641154,-0.7125983896745325,-0.3825417586254498,-0.6065211203666214,-0.3253093268310332,-0.07379162107080539,-0.05760033082006011
6,1.0,P_grief-d2-v1,grief,-1,-1,0.12582147712179292,0.06237930915207546,-0.01108586722396776,-0.009843744691790945,0.18300117373044156,0.09844758118387276,0.694912054212669,0.27318792738203257,0.13690734434576068,0.0722230538438664,-0.12582147712179292,-0.06237930915207546,0.01108586722396776,0.009843744691790945,-0.18300117373044156,-0.09844758118387276,-0.694912054212669,-0.27318792738203257,-0.7535406050418483,-0.3074671080191247,-0.13690734434576068,-0.0722230538438664
6,1.0,P_grief-d2-v2,grief,-1,-1,-0.14472019048770335,-0.057305860953194454,0.012028013688285988,0.012312402613273044,-0.08914086249600928,-0.02880672793459471,-0.16982748176660944,-0.06279904057980223,-0.15674820417598934,-0.0696182635664675,0.14472019048770335,0.057305860953194454,-0.012028013688285988,-0.012312402613273044,0.08914086249600928,0.02880672793459471,0.16982748176660944,0.06279904057980223,0.1281077693992576,0.03739761755644322,0.15674820417598934,0.0696182635664675
6,1.0,P_grief-d2-v3,grief,-1,-1,-0.07762013465758599,-0.035867111824063436,-0.11887374524560723,-0.08233442591455908,-0.04079383027750261,-0.011661272020829117,-0.022017340358836623,-0.0012689374282337518,0.04125361058802124,0.04646731409049565,0.07762013465758599,0.035867111824063436,0.11887374524560723,0.08233442591455908,0.04079383027750261,0.011661272020829117,0.022017340358836623,0.0012689374282337518,-0.06441901984926801,-0.03508106048941917,-0.04125361058802124,-0.04646731409049565
6,1.0,P_grief-d2-v4,grief,-1,-1,0.18018669635572504,0.14310862951797265,0.05454229136211275,0.03196661794438249,0.21797318227330198,0.17956227944510683,0.17596188848838024,0.12817021402002382,0.1256444049936123,0.11114201157359016,-0.18018669635572504,-0.14310862951797265,-0.05454229136211275,-0.03196661794438249,-0.21797318227330198,-0.17956227944510683,-0.17596188848838024,-0.12817021402002382,-0.2803641232889347,-0.18482940541324755,-0.1256444049936123,-0.11114201157359016
6,1.0,P_grief-d3-v2,grief,-1,-1,0.005893300796627976,0.012453181127751733,-0.07037545169683135,-0.04195359529921028,0.03580364219517573,0.02591906891554352,0.05484912198627434,0.04426853378092277,0.07626875249345932,0.05440677642696201,-0.005893300796627976,-0.012453181127751733,0.07037545169683135,0.04195359529921028,-0.03580364219517573,-0.02591906891554352,-0.05484912198627434,-0.04426853378092277,-0.09142560824909385,-0.05973192527179494,-0.07626875249345932,-0.05440677642696201
6,1.0,P_grief-d3-v3,grief,-1,-1,0.0385666100120865,0.012238539352126487,-0.10987040556699057,-0.06765030376973247,0.03699895758421512,0.019909691371187144,0.17549470229842123,0.07035945931082477,0.14843701557907707,0.07988884312185895,-0.0385666100120865,-0.012238539352126487,0.10987040556699057,0.06765030376973247,-0.03699895758421512,-0.019909691371187144,-0.17549470229842123,-0.07035945931082477,-0.21148283600043438,-0.08984991135559639,-0.14843701557907707,-0.07988884312185895
6,1.0,P_grief-d3-v4,grief,-1,-1,0.0499898002280279,0.015373517648062496,0.01970424589859654,0.00713991408954584,0.05384614748565397,0.030170349703246835,0.29631965658936243,0.1216008819321317,0.030285554329431363,0.008233603558516656,-0.0499898002280279,-0.015373517648062496,-0.01970424589859654,-0.00713991408954584,-0.05384614748565397,-0.030170349703246835,-0.29631965658936243,-0.1216008819321317,-0.3168442723963518,-0.1273833553971877,-0.030285554329431363,-0.008233603558516656
6,1.0,P_terror-d1-v3,terror,-1,1,-0.1986520706989996,0.10262742724496299,0.03724143211311404,-0.02197968824256069,-0.19710699805474619,0.10466014441609417,-0.11807202450599297,0.06008075922695877,-0.23589350281211363,0.12460711548752368,0.1986520706989996,0.10262742724496299,-0.03724143211311404,-0.02197968824256069,0.19710699805474619,0.10466014441609417,0.11807202450599297,0.06008075922695877,0.11252764534496862,0.05868711750449407,0.23589350281211363,0.12460711548752368
6,1.0,P_terror-d2-v3,terror,-1,1,-0.02793692393171021,-0.0058880918676917915,-0.10845093595276634,0.0503876863735746,-0.1028568915676864,0.03006063845143281,0.03772486681495568,-0.034606699019174236,0.08051401202105612,-0.056275778241266394,0.02793692393171021,-0.0058880918676917915,0.10845093595276634,0.0503876863735746,0.1028568915676864,0.03006063845143281,-0.03772486681495568,-0.034606699019174236,0.04806599298253733,-0.0064729717740408255,-0.08051401202105612,-0.056275778241266394
6,1.0,P_terror-d2-v4,terror,-1,1,0.16671031434037697,-0.13508495045611113,-0.004785893391286322,-0.0026004123427814108,0.12439934453607737,-0.12500282630835358,0.32529389547982923,-0.20210910065787502,0.1714962077316633,-0.13248453811332972,-0.16671031434037697,-0.13508495045611113,0.004785893391286322,-0.0026004123427814108,-0.12439934453607737,-0.12500282630835358,-0.32529389547982923,-0.20210910065787502,-0.24308761450155725,-0.17985288018598666,-0.1714962077316633,-0.13248453811332972
6,1.0,P_terror-d3-v3,terror,-1,1,-0.03770774776715591,0.03771426420618251,0.036510286174237905,-0.04431620462008201,0.017651277197877846,0.00015719578973882875,-0.0499337170387788,0.037222457592613445,-0.07421803394139381,0.08203046882626452,0.03770774776715591,0.03771426420618251,-0.036510286174237905,-0.04431620462008201,-0.017651277197877846,0.00015719578973882875,0.0499337170387788,0.037222457592613445,-0.06362101325977987,-0.025734080734557185,0.07421803394139381,0.08203046882626452
6,1.0,P_terror-d3-v4,terror,-1,1,-0.19903601488326572,0.08630283045410625,-0.0013747691582057797,-0.005058560296287595,-0.20987969562320963,0.09589303051126308,-0.3998516028831931,0.19440412826960962,-0.19766124572505994,0.09136139075039384,0.19903601488326572,0.08630283045410625,0.0013747691582057797,-0.005058560296287595,0.20987969562320963,0.09589303051126308,0.3998516028831931,0.19440412826960962,0.46987060506154954,0.21903618081525789,0.19766124572505994,0.09136139075039384
6,1.0,P_ecstasy-d1-v1,ecstasy,1,1,0.1516362828119786,0.09647148767606417,-0.2210262831115224,-0.1221671805220792,0.150293408579937,0.08321177230566157,0.13003508104695038,0.0879186925069666,0.372662565923501,0.21863866819814337,0.1516362828119786,0.09647148767606417,-0.2210262831115224,-0.1221671805220792,0.150293408579937,0.08321177230566157,0.13003508104695038,0.0879186925069666,0.0787662643072431,0.060529627636131345,0.372662565923501,0.21863866819814337
6,1.0,P_ecstasy-d2-v1,ecstasy,1,1,0.022074890931682578,0.04053269391210623,0.02933240543854554,0.00770189201872018,0.19637792501587947,0.11236107223788672,-0.012929483255097907,0.004134083534301336,-0.007257514506862961,0.03283080189338605,0.022074890931682578,0.04053269391210623,0.02933240543854554,0.00770189201872018,0.19637792501587947,0.11236107223788672,-0.012929483255097907,0.004134083534301336,0.1205559454483347,0.052466193350264145,-0.007257514506862961,0.03283080189338605
6,1.0,P_ecstasy-d2-v2,ecstasy,1,1,-0.053894711183945176,-0.03416308098081533,-0.38010753823793486,-0.3067689409416392,-0.2429426327088846,-0.15969504689456038,-0.49983849444339556,-0.2194615852187325,0.3262128270539897,0.27260585996082387,-0.053894711183945176,-0.03416308098081533,-0.38010753823793486,-0.3067689409416392,-0.2429426327088846,-0.15969504689456038,-0.49983849444339556,-0.2194615852187325,-0.6004943576643544,-0.28026950034482434,0.3262128270539897,0.27260585996082387
6,1.0,P_ecstasy-d2-v3,ecstasy,1,1,0.010163890948329701,0.014734431246779423,-0.006813937086941557,-0.002712940588891044,-0.006244993437602098,-0.008113328445173984,-0.1740297980501655,-0.06831785016534475,0.01697782803527126,0.017447371835670467,0.010163890948329701,0.014734431246779423,-0.006813937086941557,-0.002712940588891044,-0.006244993437602098,-0.008113328445173984,-0.1740297980501655,-0.06831785016534475,-0.2541681521407453,-0.12146950746062668,0.01697782803527126,0.017447371835670467
6,1.0,P_ecstasy-d2-v4,ecstasy,1,1,-0.16285081991535755,-0.11819781464774515,0.0830638970865678,0.048285705619604435,-0.16096720359897176,-0.12760569900003293,-0.2822576317895571,-0.1650937162262318,-0.24591471700192535,-0.16648352026734958,-0.16285081991535755,-0.11819781464774515,0.0830638970865678,0.048285705619604435,-0.16096720359897176,-0.12760569900003293,-0.2822576317895571,-0.1650937162262318,-0.27902756713379695,-0.16939228707742604,-0.24591471700192535,-0.16648352026734958
6,1.0,P_ecstasy-d3-v1,ecstasy,1,1,0.07232713645296229,0.021875145424179898,0.023778934119770057,0.007330807488677316,0.08845482321220999,0.00829382009247226,-0.18913253739769953,-0.11462180953895285,0.048548202333192236,0.014544337935502583,0.07232713645296229,0.021875145424179898,0.023778934119770057,0.007330807488677316,0.08845482321220999,0.00829382009247226,-0.18913253739769953,-0.11462180953895285,-0.1892771055931446,-0.13667401178611271,0.048548202333192236,0.014544337935502583
6,1.0,P_ecstasy-d3-v4,ecstasy,1,1,-0.11689845651816277,-0.061451922386408064,0.04487774924468191,0.02391107784221891,-0.2098734386710328,-0.12116734588324984,-0.3033577415403088,-0.12084345694594134,-0.16177620576284468,-0.08536300022862697,-0.11689845651816277,-0.061451922386408064,0.04487774924468191,0.02391107784221891,-0.2098734386710328,-0.12116734588324984,-0.3033577415403088,-0.12084345694594134,-0.3981518641847175,-0.17058071052386126,-0.16177620576284468,-0.08536300022862697
6,1.0,P_loathing-d1-v2,loathing,-1,1,0.0005632748504549312,-0.012464883113671554,0.011475649183135594,-0.033393056559860135,0.03198903900951677,-0.044379342211777306,0.138973151200382,-0.07564732443314348,-0.010912374332680663,0.02092817344618858,-0.0005632748504549312,-0.012464883113671554,-0.011475649183135594,-0.033393056559860135,-0.03198903900951677,-0.044379342211777306,-0.138973151200382,-0.07564732443314348,-0.18968448582479702,-0.11167317483059058,0.010912374332680663,0.02092817344618858
6,1.0,P_loathing-d2-v2,loathing,-1,1,-0.21186465626192952,0.12484808239944023,0.12952238305952957,-0.062383607898561344,-0.2559908955196004,0.14358651977474146,-0.3197390491652685,0.16490672462759992,-0.3413870393214591,0.18723169029800157,0.21186465626192952,0.12484808239944023,-0.12952238305952957,-0.062383607898561344,0.2559908955196004,0.14358651977474146,0.3197390491652685,0.16490672462759992,0.35775004914674424,0.1830262118861432,0.3413870393214591,0.18723169029800157
6,1.0,P_loathing-d3-v2,loathing,-1,1,0.20113251049779723,-0.10018811779256431,-0.0059991440472200175,-0.10246379668227323,0.2376016672236294,-0.132680715128366,0.4764914627968424,-0.19924004777306514,0.20713165454501725,0.002275678889708921,-0.20113251049779723,-0.10018811779256431,0.0059991440472200175,-0.10246379668227323,-0.2376016672236294,-0.132680715128366,-0.4764914627968424,-0.19924004777306514,-0.5031592534332257,-0.2167780314648149,-0.20713165454501725,0.002275678889708921
6,1.0,P_loathing-d3-v3,loathing,-1,1,0.09541736742086737,-0.04237542114130566,0.11962859432335726,-0.0704204375736266,0.11355601996773412,-0.07279991515286888,0.1885888456562319,-0.11245992429035034,-0.02421122690248989,0.028045016432320935,-0.09541736742086737,-0.04237542114130566,-0.11962859432335726,-0.0704204375736266,-0.11355601996773412,-0.07279991515286888,-0.1885888456562319,-0.11245992429035034,-0.20568694986857627,-0.1429696532651854,0.02421122690248989,0.028045016432320935
6,1.0,P_loathing-d3-v4,loathing,-1,1,0.0518159584492075,-0.025284349870602796,-0.10087324854749813,0.04295544688027153,0.06428677774503111,-0.0581392105860834,0.3867938007399552,-0.1653044488824218,0.15268920699670563,-0.06823979675087433,-0.0518159584492075,-0.025284349870602796,0.10087324854749813,0.04295544688027153,-0.06428677774503111,-0.0581392105860834,-0.3867938007399552,-0.1653044488824218,-0.3710434020749016,-0.1850014002608784,-0.15268920699670563,-0.06823979675087433
6,1.0,P_amazement-d1-v1,amazement,1,1,0.057199972948385636,0.0037842347100038864,0.08936185761640036,0.06525135475004973,0.018777704722938715,-0.021799432284962172,-0.033831046866727554,-0.03948532491700618,-0.03216188466801473,-0.06146712004004584,0.057199972948385636,0.0037842347100038864,0.08936185761640036,0.06525135475004973,0.018777704722938715,-0.021799432284962172,-0.033831046866727554,-0.03948532491700618,-0.03239453852982299,-0.04789437822328768,-0.03216188466801473,-0.06146712004004584
6,1.0,P_amazement-d1-v2,amazement,1,1,-0.059161165611048894,-0.030224088871027455,-0.029964983185139182,-0.01749862363259691,-0.10148910762627583,-0.05842625816639302,-0.1557632801953126,-0.060646658369885476,-0.02919618242590971,-0.012725465238430544,-0.059161165611048894,-0.030224088871027455,-0.029964983185139182,-0.01749862363259691,-0.10148910762627583,-0.05842625816639302,-0.1557632801953126,-0.060646658369885476,-0.23539097673688136,-0.09007041674715266,-0.02919618242590971,-0.012725465238430544
6,1.0,P_amazement-d1-v4,amazement,1,1,-0.11883015522932094,-0.11220601972781541,-0.013842607965701248,-0.021932135586082424,-0.10113324455331352,-0.10949552593543999,-0.033750684320591695,-0.05454243613768828,-0.1049875472636197,-0.09027388414173299,-0.11883015522932094,-0.11220601972781541,-0.013842607965701248,-0.021932135586082424,-0.10113324455331352,-0.10949552593543999,-0.033750684320591695,-0.05454243613768828,-0.013239522680199123,-0.05211372268403203,-0.1049875472636197,-0.09027388414173299
6,1.0,P_amazement-d2-v1,amazement,1,1,0.04167376891517538,0.012736152091755493,0.04026020653939977,0.024367958193317385,0.03543357919666956,-0.004095411462381904,0.08979900024106291,0.04479988381428068,0.0014135623757756122,-0.011631806101561892,0.04167376891517538,0.012736152091755493,0.04026020653939977,0.024367958193317385,0.03543357919666956,-0.004095411462381904,0.08979900024106291,0.04479988381428068,0.03170589690847869,0.011486608884504257,0.0014135623757756122,-0.011631806101561892
6,1.0,P_amazement-d2-v2,amazement,1,1,-0.03455932848171539,-0.031179975759772383,0.010104907579482791,0.013069332812285062,-0.046488059357475464,-0.03062190998264036,-0.08534195943241984,-0.048771713668787964,-0.04466423606119818,-0.044249308572057444,-0.03455932848171539,-0.031179975759772383,0.010104907579482791,0.013069332812285062,-0.046488059357475464,-0.03062190998264036,-0.08534195943241984,-0.048771713668787964,-0.10846308368893842,-0.049440097318288245,-0.04466423606119818,-0.044249308572057444
6,1.0,P_amazement-d3-v2,amazement,1,1,-0.050389001336754724,-0.024192571961290987,0.06766513006076291,0.017010556672377497,-0.11154426393540628,-0.06069442157714722,-0.34647105294096336,-0.17201795769881212,-0.11805413139751764,-0.041203128633668484,-0.050389001336754724,-0.024192571961290987,0.06766513006076291,0.017010556672377497,-0.11154426393540628,-0.06069442157714722,-0.34647105294096336,-0.17201795769881212,-0.448514443567841,-0.2385745768097527,-0.11805413139751764,-0.041203128633668484
6,1.0,P_amazement-d3-v4,amazement,1,1,0.027159432635038172,-0.00035570347614211073,0.013519366557183332,0.004316258160105946,-0.017638920108030476,-0.040604811700583276,-0.12374667172310971,-0.06196095451508299,0.01364006607785484,-0.0046719616362480565,0.027159432635038172,-0.00035570347614211073,0.013519366557183332,0.004316258160105946,-0.017638920108030476,-0.040604811700583276,-0.12374667172310971,-0.06196095451508299,-0.2728217715209511,-0.14316271149240523,0.01364006607785484,-0.0046719616362480565
6,1.0,P_admiration-d1-v1,admiration,1,1,-0.025640004160807806,-0.024882007318244526,-0.04851686135769295,0.009867284942074228,-0.11274061420704218,-0.09128277867916967,-0.3282450072042886,-0.17116007888529783,0.022876857196885148,-0.034749292260318754,-0.025640004160807806,-0.024882007318244526,-0.04851686135769295,0.009867284942074228,-0.11274061420704218,-0.09128277867916967,-0.3282450072042886,-0.17116007888529783,-0.34418277467863234,-0.20260977190603047,0.022876857196885148,-0.034749292260318754
6,1.0,P_admiration-d1-v2,admiration,1,1,-0.08057026204040252,-0.056644912807345627,0.015875180709683967,-0.0007742489450972556,-0.11055577714114406,-0.08942796635744443,-0.4154022150390264,-0.1928760728214014,-0.09644544275008649,-0.05587066386224837,-0.08057026204040252,-0.056644912807345627,0.015875180709683967,-0.0007742489450972556,-0.11055577714114406,-0.08942796635744443,-0.4154022150390264,-0.1928760728214014,-0.46773447350671615,-0.22763635755733924,-0.09644544275008649,-0.05587066386224837
6,1.0,P_admiration-d1-v3,admiration,1,1,0.0020283228721398316,-0.01706809632433881,-0.052849404116907195,-0.016743445216372166,-0.07253191555604221,-0.07675417075617652,-0.39042794788943036,-0.17754270259313065,0.054877726989047027,-0.00032465110796664476,0.0020283228721398316,-0.01706809632433881,-0.052849404116907195,-0.016743445216372166,-0.07253191555604221,-0.07675417075617652,-0.39042794788943036,-0.17754270259313065,-0.49296171797275035,-0.23338040296869078,0.054877726989047027,-0.00032465110796664476
6,1.0,P_admiration-d2-v1,admiration,1,1,-0.09060816986462772,-0.010973279820156279,-0.004237464060059537,-0.009479350587099589,-0.09905739377872802,-0.04148260042423857,-0.3946972274857683,-0.1556157860706442,-0.08637070580456818,-0.00149392923305669,-0.09060816986462772,-0.010973279820156279,-0.004237464060059537,-0.009479350587099589,-0.09905739377872802,-0.04148260042423857,-0.3946972274857683,-0.1556157860706442,-0.36430436777179365,-0.16290700387485035,-0.08637070580456818,-0.00149392923305669
6,1.0,P_admiration-d2-v2,admiration,1,1,-0.12396922808621103,-0.039407578805793264,-0.01664341978071171,-0.011958521959654078,-0.11048350844782462,-0.051300901136102084,-0.42542992507002,-0.15974381948042904,-0.10732580830549932,-0.027449056846139186,-0.12396922808621103,-0.039407578805793264,-0.01664341978071171,-0.011958521959654078,-0.11048350844782462,-0.051300901136102084,-0.42542992507002,-0.15974381948042904,-0.30454614455346984,-0.11351709866493298,-0.10732580830549932,-0.027449056846139186
6,1.0,P_admiration-d2-v3,admiration,1,1,-0.06372683985750083,-0.061027427249025656,-0.009743655458374079,-9.202145556574948e-05,-0.08802244531056225,-0.08226097338193306,-0.32380255071403363,-0.16528215551516734,-0.05398318439912675,-0.06093540579345991,-0.06372683985750083,-0.061027427249025656,-0.009743655458374079,-9.202145556574948e-05,-0.08802244531056225,-0.08226097338193306,-0.32380255071403363,-0.16528215551516734,-0.38686456363790755,-0.20422649531623804,-0.05398318439912675,-0.06093540579345991
6,1.0,P_vigilance-d1-v4,vigilance,1,1,-0.20721422674223966,-0.16198159889853692,-0.06806431063700735,-0.031151709324929833,-0.2055543093296599,-0.16659968287784643,-0.3110061801737469,-0.19951133379623265,-0.1391499161052323,-0.13082988957360708,-0.20721422674223966,-0.16198159889853692,-0.06806431063700735,-0.031151709324929833,-0.2055543093296599,-0.16659968287784643,-0.3110061801737469,-0.19951133379623265,-0.3134738539455455,-0.20666196314610197,-0.1391499161052323,-0.13082988957360708
6,1.0,P_vigilance-d2-v3,vigilance,1,1,-0.014106205320820742,-0.015621719878580187,-0.008199653290373199,-0.019239127804254963,-0.01707631599558379,-0.024740405217022143,-0.1425467832869769,-0.07600970802544094,-0.005906552030447543,0.003617407925674776,-0.014106205320820742,-0.015621719878580187,-0.008199653290373199,-0.019239127804254963,-0.01707631599558379,-0.024740405217022143,-0.1425467832869769,-0.07600970802544094,-0.11937850089046576,-0.06906624632306047,-0.005906552030447543,0.003617407925674776
6,1.0,P_vigilance-d2-v4,vigilance,1,1,-0.14444338979306703,-0.12209326145827593,0.015964686398175054,0.011384713800060453,-0.14026285849073616,-0.12102736145205562,-0.3616039484341975,-0.2360206017729567,-0.1604080761912421,-0.13347797525833638,-0.14444338979306703,-0.12209326145827593,0.015964686398175054,0.011384713800060453,-0.14026285849073616,-0.12102736145205562,-0.3616039484341975,-0.2360206017729567,-0.356938430229377,-0.2330255277021438,-0.1604080761912421,-0.13347797525833638
6,1.0,P_vigilance-d3-v2,vigilance,1,1,-0.03544590931129932,-0.019050594133839027,-0.028646203642242796,-0.021720420042914412,-0.04917223726544595,-0.038869090729583,0.01754386919220252,-0.009881143187278951,-0.006799705669056522,0.002669825909075385,-0.03544590931129932,-0.019050594133839027,-0.028646203642242796,-0.021720420042914412,-0.04917223726544595,-0.038869090729583,0.01754386919220252,-0.009881143187278951,-0.043864936711405456,-0.04997892138831794,-0.006799705669056522,0.002669825909075385
6,1.0,P_vigilance-d3-v4,vigilance,1,1,0.05363692036155854,0.030839745865035795,0.062147904942408516,0.02431870943460268,0.040102644040826974,0.01969910729344626,0.11146035666440968,0.07141172842801691,-0.008510984580849978,0.006521036430433114,0.05363692036155854,0.030839745865035795,0.062147904942408516,0.02431870943460268,0.040102644040826974,0.01969910729344626,0.11146035666440968,0.07141172842801691,0.06785442133388742,0.0462357759131895,-0.008510984580849978,0.006521036430433114
6,1.0,P_rage-d4-v1,rage,-1,1,-0.08961864331683334,0.03959612833576731,-0.04352257821584171,0.02183916611212844,-0.1003448196263017,0.04207669012063153,-0.12249379399976323,0.05384431784810495,-0.04609606510099162,0.017756962223638872,0.08961864331683334,0.03959612833576731,0.04352257821584171,0.02183916611212844,0.1003448196263017,0.04207669012063153,0.12249379399976323,0.05384431784810495,0.12406465007379053,0.05045354349850051,0.04609606510099162,0.017756962223638872
6,1.0,P_rage-d4-v2,rage,-1,1,0.04660814243175526,-0.0045240972962909964,0.003791956583252265,0.0018447273335358005,0.021252477329109176,0.0010505443339337006,0.23892483966251854,-0.0970322598558071,0.042816185848503,-0.006368824629826797,-0.04660814243175526,-0.0045240972962909964,-0.003791956583252265,0.0018447273335358005,-0.021252477329109176,0.0010505443339337006,-0.23892483966251854,-0.0970322598558071,-0.21500913191864202,-0.09097930482155459,-0.042816185848503,-0.006368824629826797
6,1.0,P_rage-d4-v4,rage,-1,1,-0.01470166626363234,0.006703058490442615,0.09788680063178035,-0.09658575645234713,-0.013303668260947532,0.003935871992098328,0.1745123923107723,-0.08122913662115794,-0.11258846689541269,0.10328881494278974,0.01470166626363234,0.006703058490442615,-0.09788680063178035,-0.09658575645234713,0.013303668260947532,0.003935871992098328,-0.1745123923107723,-0.08122913662115794,-0.1512218151745408,-0.07221052931315342,0.11258846689541269,0.10328881494278974
6,1.0,P_rage-d5-v1,rage,-1,1,0.044867703456567654,-0.030156804362288625,-0.08732219252546525,0.06347165998561799,0.058888902126677856,-0.04109999957298793,0.07375494779236114,-0.03727772414924413,0.1321898959820329,-0.09362846434790661,-0.044867703456567654,-0.030156804362288625,0.08732219252546525,0.06347165998561799,-0.058888902126677856,-0.04109999957298793,-0.07375494779236114,-0.03727772414924413,-0.09569563517846102,-0.0469901271633244,-0.1321898959820329,-0.09362846434790661
6,1.0,P_rage-d5-v3,rage,-1,1,0.062160867558080035,-0.020235019468687554,0.49404215731299495,-0.24710725360370134,0.07376998099213328,-0.023730433119352412,0.09407897677490373,-0.03333985879090928,-0.4318812897549149,0.22687223413501378,-0.062160867558080035,-0.020235019468687554,-0.49404215731299495,-0.24710725360370134,-0.07376998099213328,-0.023730433119352412,-0.09407897677490373,-0.03333985879090928,-0.11980106683057068,-0.03964241051398565,0.4318812897549149,0.22687223413501378
6,1.0,P_rage-d6-v2,rage,-1,1,-0.04344874033154689,0.0217799914086374,0.05149183173693661,-0.03514064910465109,-0.016905606826693287,0.007138232797964328,-0.0744765851817295,0.0327119501755071,-0.0949405720684835,0.05692064051328849,0.04344874033154689,0.0217799914086374,-0.05149183173693661,-0.03514064910465109,0.016905606826693287,0.007138232797964328,0.0744765851817295,0.0327119501755071,0.013502433208394393,0.004209527848178407,0.0949405720684835,0.05692064051328849
6,1.0,P_grief-d4-v2,grief,-1,-1,-0.0315263573437532,-0.01702597787485871,-0.08206170356116438,-0.03867687735013181,-0.030449980955940426,-0.017509795709198528,-0.08951658151312447,-0.04649207681560785,0.05053534621741118,0.0216508994752731,0.0315263573437532,0.01702597787485871,0.08206170356116438,0.03867687735013181,0.030449980955940426,0.017509795709198528,0.08951658151312447,0.04649207681560785,0.074074325311968,0.034991663862142364,-0.05053534621741118,-0.0216508994752731
6,1.0,P_grief-d4-v3,grief,-1,-1,-0.29505739628937633,-0.17194169607586396,0.1405631530391105,0.08095836004528945,-0.37708321640111997,-0.21642959651305826,-0.5039538845468403,-0.27809589042677185,-0.4356205493284868,-0.2529000561211534,0.29505739628937633,0.17194169607586396,-0.1405631530391105,-0.08095836004528945,0.37708321640111997,0.21642959651305826,0.5039538845468403,0.27809589042677185,0.5662582955774469,0.3029254027549677,0.4356205493284868,0.2529000561211534
6,1.0,P_grief-d4-v4,grief,-1,-1,-0.028288333672992216,-0.020783480707524227,0.15568261884822832,0.08527150342296874,0.006599651941108675,-0.0031486779134830556,-0.043522211061156835,-0.026215647480095416,-0.18397095252122053,-0.10605498413049297,0.028288333672992216,0.020783480707524227,-0.15568261884822832,-0.08527150342296874,-0.006599651941108675,0.0031486779134830556,0.043522211061156835,0.026215647480095416,-0.040591117965640855,-0.015232315270012009,0.18397095252122053,0.10605498413049297
6,1.0,P_grief-d5-v1,grief,-1,-1,-0.0642252741221494,-0.04060984914380317,-0.109531738202433,-0.05050142531351831,-0.08449541033674102,-0.0553640135567548,-0.2631007946750632,-0.13301730756750274,0.045306464080283604,0.009891576169715144,0.0642252741221494,0.04060984914380317,0.109531738202433,0.05050142531351831,0.08449541033674102,0.0553640135567548,0.2631007946750632,0.13301730756750274,0.32149606808594555,0.16132054015216957,-0.045306464080283604,-0.009891576169715144
6,1.0,P_grief-d5-v2,grief,-1,-1,-0.058800089375712794,-0.03026001620382246,0.07363811412163468,0.06911662493034054,-0.04632965379971132,-0.026324846497148613,0.11257161593135434,0.034622450951108164,-0.13243820349734747,-0.099376641134163,0.058800089375712794,0.03026001620382246,-0.07363811412163468,-0.06911662493034054,0.04632965379971132,0.026324846497148613,-0.11257161593135434,-0.034622450951108164,-0.08330124784915638,-0.019975831657365273,0.13243820349734747,0.099376641134163
6,1.0,P_grief-d5-v3,grief,-1,-1,0.044211901839172896,0.026786377265370476,-0.04044489586703648,-0.027220940905214874,0.07851368229902089,0.045272240107034456,0.183900277234196,0.08454797920851931,0.08465679770620937,0.05400731817058535,-0.044211901839172896,-0.026786377265370476,0.04044489586703648,0.027220940905214874,-0.07851368229902089,-0.045272240107034456,-0.183900277234196,-0.08454797920851931,-0.22331917804785828,-0.10318239412745323,-0.08465679770620937,-0.05400731817058535
6,1.0,P_grief-d6-v1,grief,-1,-1,-0.11990538067307366,-0.06109467725768791,-0.035155674651976554,-0.01664221137199906,-0.1345161037383873,-0.07151451275862097,-0.20113801453015068,-0.07816928559207215,-0.0847497060210971,-0.04445246588568885,0.11990538067307366,0.06109467725768791,0.035155674651976554,0.01664221137199906,0.1345161037383873,0.07151451275862097,0.20113801453015068,0.07816928559207215,0.1782926434148675,0.06466678189689734,0.0847497060210971,0.04445246588568885
6,1.0,P_grief-d6-v2,grief,-1,-1,-0.06001809855687057,-0.03311562594582895,-0.07147057525892375,-0.04485226003859566,-0.058867022654816914,-0.031271934109451394,-0.09638387683625593,-0.047089717669348996,0.011452476702053183,0.011736634092766707,0.06001809855687057,0.03311562594582895,0.07147057525892375,0.04485226003859566,0.058867022654816914,0.031271934109451394,0.09638387683625593,0.047089717669348996,0.08643049983458306,0.04140144888497588,-0.011452476702053183,-0.011736634092766707
6,1.0,P_terror-d4-v1,terror,-1,1,-0.010396700678350967,-0.00618328025836945,0.007009925821759744,-0.0027033257831607926,0.0006420917220024691,-0.005689279975344519,-0.0767975985363547,0.025399245210770083,-0.01740662650011071,-0.0034799544752086575,0.010396700678350967,-0.00618328025836945,-0.007009925821759744,-0.0027033257831607926,-0.0006420917220024691,-0.005689279975344519,0.0767975985363547,0.025399245210770083,0.08278995397118205,0.034733848078243756,0.01740662650011071,-0.0034799544752086575
6,1.0,P_terror-d4-v2,terror,-1,1,0.09835639129354057,-0.07466464999589917,0.17052638422956168,-0.13554433271767508,0.19595930874867307,-0.1127211090517708,0.2663437245905902,-0.14931617622846005,-0.07216999293602111,0.06087968272177591,-0.09835639129354057,-0.07466464999589917,-0.17052638422956168,-0.13554433271767508,-0.19595930874867307,-0.1127211090517708,-0.2663437245905902,-0.14931617622846005,-0.41855062052210545,-0.20291562407050634,0.07216999293602111,0.06087968272177591
6,1.0,P_terror-d4-v3,terror,-1,1,0.04271704029447321,-0.017216304223973466,0.05743912667650797,-0.023484775686828385,0.06662139525513666,-0.03487060843052081,0.1552357367901709,-0.08117233427672632,-0.01472208638203476,0.006268471462854919,-0.04271704029447321,-0.017216304223973466,-0.05743912667650797,-0.023484775686828385,-0.06662139525513666,-0.03487060843052081,-0.1552357367901709,-0.08117233427672632,-0.18890103466592612,-0.0986117690964754,0.01472208638203476,0.006268471462854919
6,1.0,P_terror-d5-v1,terror,-1,1,0.08704554947067678,-0.037005537913249675,0.1969449547108697,-0.08285175831074731,0.05324124399817709,-0.025545023705968006,0.17445862806414958,-0.08375970843600555,-0.10989940524019293,0.04584622039749764,-0.08704554947067678,-0.037005537913249675,-0.1969449547108697,-0.08285175831074731,-0.05324124399817709,-0.025545023705968006,-0.17445862806414958,-0.08375970843600555,-0.13703164708218285,-0.06617122381841911,0.10989940524019293,0.04584622039749764
6,1.0,P_terror-d5-v2,terror,-1,1,0.022511710413297692,-0.004709206527854448,0.051007932442560744,-0.028215758046796324,0.015773180057714775,0.010544821896671053,0.20167889646389048,-0.0811317883566991,-0.028496222029263052,0.023506551518941876,-0.022511710413297692,-0.004709206527854448,-0.051007932442560744,-0.028215758046796324,-0.015773180057714775,0.010544821896671053,-0.20167889646389048,-0.0811317883566991,-0.14048282899596298,-0.05340988746665909,0.028496222029263052,0.023506551518941876
6,1.0,P_terror-d6-v2,terror,-1,1,-0.09931807657527791,0.04863778694275034,0.04250664897115364,-0.015410017982667057,-0.08368307455450452,0.04047424574619196,-0.194798351755038,0.09073204106939725,-0.14182472554643155,0.0640478049254174,0.09931807657527791,0.04863778694275034,-0.04250664897115364,-0.015410017982667057,0.08368307455450452,0.04047424574619196,0.194798351755038,0.09073204106939725,0.12337493039257996,0.05824829139415666,0.14182472554643155,0.0640478049254174
6,1.0,P_ecstasy-d4-v1,ecstasy,1,1,0.045311383559070606,0.01107054081545833,0.06292022810256359,0.02357421758714917,0.0295330488682799,-0.007672718441486204,0.00021503149837887037,-0.010465385800273452,-0.017608844543492985,-0.012503676771690841,0.045311383559070606,0.01107054081545833,0.06292022810256359,0.02357421758714917,0.0295330488682799,-0.007672718441486204,0.00021503149837887037,-0.010465385800273452,-0.0098081878939702,-0.02481740833652779,-0.017608844543492985,-0.012503676771690841
6,1.0,P_ecstasy-d4-v3,ecstasy,1,1,0.021187922752180732,0.019508153030551867,-0.02546923020553571,-0.015170649885616783,0.005099797033700781,0.015514308069372262,-0.041987883092660994,-0.0225596365525913,0.04665715295771644,0.03467880291616865,0.021187922752180732,0.019508153030551867,-0.02546923020553571,-0.015170649885616783,0.005099797033700781,0.015514308069372262,-0.041987883092660994,-0.0225596365525913,-0.09380438940152835,-0.03799469742187789,0.04665715295771644,0.03467880291616865
6,1.0,P_ecstasy-d5-v1,ecstasy,1,1,0.06802363102972997,0.037413448390990034,-0.11626418509873915,-0.07299872573059218,0.04163030592277117,0.02501140148213299,0.1431072427297182,0.0718677044765843,0.18428781612846912,0.11041217412158222,0.06802363102972997,0.037413448390990034,-0.11626418509873915,-0.07299872573059218,0.04163030592277117,0.02501140148213299,0.1431072427297182,0.0718677044765843,0.11907302226403127,0.05697668579603654,0.18428781612846912,0.11041217412158222
6,1.0,P_ecstasy-d5-v2,ecstasy,1,1,0.11352529431140734,0.06122016780715622,-0.2823600681367262,-0.12323804158673823,-0.042504500444512594,-0.02017719011647401,0.13698162834304362,0.0966889977822718,0.39588536244813355,0.18445820939389446,0.11352529431140734,0.06122016780715622,-0.2823600681367262,-0.12323804158673823,-0.042504500444512594,-0.02017719011647401,0.13698162834304362,0.0966889977822718,0.024069733817149386,0.025418154627632195,0.39588536244813355,0.18445820939389446
6,1.0,P_ecstasy-d5-v4,ecstasy,1,1,0.0938218127778665,0.0593295139858494,0.18274364865325943,0.10553163528339038,0.10099578666542453,0.06431106589263536,0.12176567368939928,0.06526305696029588,-0.08892183587539293,-0.04620212129754098,0.0938218127778665,0.0593295139858494,0.18274364865325943,0.10553163528339038,0.10099578666542453,0.06431106589263536,0.12176567368939928,0.06526305696029588,0.1521845499407628,0.07178764281347272,-0.08892183587539293,-0.04620212129754098
6,1.0,P_ecstasy-d6-v1,ecstasy,1,1,0.0644617183173164,0.04618593518614755,-0.22242902220518346,-0.1034838541461296,0.06525559260636271,0.042478369650862824,0.33536117862198056,0.16995986203743074,0.28689074052249985,0.14966978933227715,0.0644617183173164,0.04618593518614755,-0.22242902220518346,-0.1034838541461296,0.06525559260636271,0.042478369650862824,0.33536117862198056,0.16995986203743074,0.3754863226395062,0.1820818221686049,0.28689074052249985,0.14966978933227715
6,1.0,P_ecstasy-d6-v2,ecstasy,1,1,0.025814936882629702,0.024794452176252868,0.0283208950982754,0.011163653524314476,-0.00929043568119603,-0.005103262175407686,0.012339938606557244,0.022553438523826408,-0.0025059582156456983,0.013630798651938392,0.025814936882629702,0.024794452176252868,0.0283208950982754,0.011163653524314476,-0.00929043568119603,-0.005103262175407686,0.012339938606557244,0.022553438523826408,-0.046110087781341846,-0.01663233866110403,-0.0025059582156456983,0.013630798651938392
6,1.0,P_ecstasy-d6-v3,ecstasy,1,1,-0.014655652589529389,-0.015195285557213722,0.03942974058190263,0.02060301387616814,-0.039874592247827856,-0.02818469968279569,-0.2063262898868543,-0.10090537888804985,-0.05408539317143202,-0.035798299433381864,-0.014655652589529389,-0.015195285557213722,0.03942974058190263,0.02060301387616814,-0.039874592247827856,-0.02818469968279569,-0.2063262898868543,-0.10090537888804985,-0.1920884238604228,-0.09528646184781664,-0.05408539317143202,-0.035798299433381864
6,1.0,P_loathing-d4-v1,loathing,-1,1,-0.07571397245641442,0.05384904923725564,-0.021068087155944326,0.01702914006923173,-0.0762454240863999,0.056477010217095724,-0.29261462766181756,0.15985895871945832,-0.0546458853004701,0.03681990916802391,0.07571397245641442,0.05384904923725564,0.021068087155944326,0.01702914006923173,0.0762454240863999,0.056477010217095724,0.29261462766181756,0.15985895871945832,0.37300406598715297,0.18892752601991614,0.0546458853004701,0.03681990916802391
6,1.0,P_loathing-d5-v2,loathing,-1,1,0.02855817253420856,-0.0038756698499913256,-0.012058851669739745,-0.0004708934144659338,0.004490928933231331,0.006847242398514197,0.04086932551223432,0.0006894659960661187,0.040617024203948304,-0.0034047764355253918,-0.02855817253420856,-0.0038756698499913256,0.012058851669739745,-0.0004708934144659338,-0.004490928933231331,0.006847242398514197,-0.04086932551223432,0.0006894659960661187,-0.023395708692146133,0.007296716385067459,-0.040617024203948304,-0.0034047764355253918
6,1.0,P_loathing-d6-v2,loathing,-1,1,0.07674800510665136,-0.04156218669984124,-0.13597587604408545,0.09993440637348527,0.10848321178270393,-0.06002858004163425,0.0971973517519471,-0.04461287528993774,0.21272388115073682,-0.14149659307332652,-0.07674800510665136,-0.04156218669984124,0.13597587604408545,0.09993440637348527,-0.10848321178270393,-0.06002858004163425,-0.0971973517519471,-0.04461287528993774,-0.1419822503602819,-0.06647352229855708,-0.21272388115073682,-0.14149659307332652
6,1.0,P_loathing-d6-v4,loathing,-1,1,0.07619205972092047,-0.03979056297606576,0.10841326661559592,-0.07528410993767043,0.10245174518647016,-0.05300601330099752,0.11483206874176366,-0.05643300138743568,-0.03222120689467545,0.03549354696160467,-0.07619205972092047,-0.03979056297606576,-0.10841326661559592,-0.07528410993767043,-0.10245174518647016,-0.05300601330099752,-0.11483206874176366,-0.05643300138743568,-0.1847719454683765,-0.07522313232855415,0.03222120689467545,0.03549354696160467
6,1.0,P_amazement-d4-v1,amazement,1,1,0.027048935694101495,0.00046787126992953176,0.04736728238393795,0.0283205049532409,-0.02058364347071695,-0.028276646000819916,-0.030682650236731224,-0.03819877662213944,-0.020318346689836453,-0.027852633683311367,0.027048935694101495,0.00046787126992953176,0.04736728238393795,0.0283205049532409,-0.02058364347071695,-0.028276646000819916,-0.030682650236731224,-0.03819877662213944,-0.10545613767266104,-0.08077279511508895,-0.020318346689836453,-0.027852633683311367
6,1.0,P_amazement-d4-v2,amazement,1,1,0.01704513592719259,0.01892385118800366,0.09664109105620877,0.055993754857401434,-0.002161421096652738,0.014666518391375227,0.03671134279008026,0.031901911992466836,-0.07959595512901618,-0.037069903669397775,0.01704513592719259,0.01892385118800366,0.09664109105620877,0.055993754857401434,-0.002161421096652738,0.014666518391375227,0.03671134279008026,0.031901911992466836,-0.013982415545598759,0.014770763074214877,-0.07959595512901618,-0.037069903669397775
6,1.0,P_amazement-d5-v2,amazement,1,1,0.005917018706395716,-0.0013058455227001886,-0.009471293541588821,0.007261110350938793,-0.0061991698540140305,-0.006861378509030125,-0.12005457327907765,-0.06330097982652205,0.015388312247984537,-0.008566955873638982,0.005917018706395716,-0.0013058455227001886,-0.009471293541588821,0.007261110350938793,-0.0061991698540140305,-0.006861378509030125,-0.12005457327907765,-0.06330097982652205,-0.15282666951430413,-0.07192601229571194,0.015388312247984537,-0.008566955873638982
6,1.0,P_amazement-d5-v4,amazement,1,1,0.05469636668488498,0.028554544351140798,-0.1979450314918516,-0.14438159605700296,0.03809500317957859,0.024622823360980206,0.15045765260815402,0.07789708647816296,0.2526413981767366,0.17293614040814376,0.05469636668488498,0.028554544351140798,-0.1979450314918516,-0.14438159605700296,0.03809500317957859,0.024622823360980206,0.15045765260815402,0.07789708647816296,0.06228014363057577,0.04005098107744809,0.2526413981767366,0.17293614040814376
6,1.0,P_amazement-d6-v1,amazement,1,1,-0.08860448915002284,-0.05472411573665514,-0.021982444988819516,-0.011520522934799438,-0.14919862177221077,-0.08207016697435598,-0.19741800113623187,-0.0856377088359408,-0.06662204416120332,-0.043203592801855706,-0.08860448915002284,-0.05472411573665514,-0.021982444988819516,-0.011520522934799438,-0.14919862177221077,-0.08207016697435598,-0.19741800113623187,-0.0856377088359408,-0.32026426703539057,-0.13256332811381055,-0.06662204416120332,-0.043203592801855706
6,1.0,P_amazement-d6-v4,amazement,1,1,-0.019921978434964238,-0.015940290300139992,0.049184818070721725,0.018648652279916966,-0.009104242037456522,-0.006814666029743677,-0.06916928915968201,-0.03471245374254295,-0.06910679650568596,-0.03458894258005696,-0.019921978434964238,-0.015940290300139992,0.049184818070721725,0.018648652279916966,-0.009104242037456522,-0.006814666029743677,-0.06916928915968201,-0.03471245374254295,-0.054924922412392,-0.022380566427534276,-0.06910679650568596,-0.03458894258005696
6,1.0,P_admiration-d5-v1,admiration,1,1,0.07791458081088098,0.03730569006499351,0.021962683042066722,-0.002877166867403247,0.06741161508241333,0.035804175957322215,0.2530005445072372,0.09532336505642247,0.05595189776881426,0.04018285693239676,0.07791458081088098,0.03730569006499351,0.021962683042066722,-0.002877166867403247,0.06741161508241333,0.035804175957322215,0.2530005445072372,0.09532336505642247,0.20744425182868342,0.08664159298494045,0.05595189776881426,0.04018285693239676
6,1.0,P_admiration-d5-v3,admiration,1,1,0.14402508362605015,0.08213787530737182,-0.07877287328287785,0.01279172977532017,0.09123618249612697,0.05149657485290415,0.011720192678707386,0.009835888513110458,0.222797956908928,0.06934614553205165,0.14402508362605015,0.08213787530737182,-0.07877287328287785,0.01279172977532017,0.09123618249612697,0.05149657485290415,0.011720192678707386,0.009835888513110458,-0.0136071078149127,-0.006781814092369665,0.222797956908928,0.06934614553205165
6,1.0,P_admiration-d6-v1,admiration,1,1,-0.08702223116649765,-0.04614171488098062,0.03264825990514719,0.02111937966647659,-0.08436667652427943,-0.042922887035808266,-0.1703761746362984,-0.08279301140976703,-0.11967049107164485,-0.06726109454745721,-0.08702223116649765,-0.04614171488098062,0.03264825990514719,0.02111937966647659,-0.08436667652427943,-0.042922887035808266,-0.1703761746362984,-0.08279301140976703,-0.1456430890037299,-0.06705471954202746,-0.11967049107164485,-0.06726109454745721
6,1.0,P_admiration-d6-v2,admiration,1,1,0.013064692775835773,0.006753484171453827,0.01561502295315087,0.0030251845013866685,-0.004570519093374692,9.742719966610025e-05,0.05476465982047607,0.010036719830700314,-0.0025503301773150966,0.003728299670067159,0.013064692775835773,0.006753484171453827,0.01561502295315087,0.0030251845013866685,-0.004570519093374692,9.742719966610025e-05,0.05476465982047607,0.010036719830700314,-0.03857128348458261,-0.028584211294758965,-0.0025503301773150966,0.003728299670067159
6,1.0,P_admiration-d6-v3,admiration,1,1,-0.032070470505980886,-0.025693151501996248,0.003014855404759764,-0.006664436401701224,-0.07026913715874628,-0.040774590958038814,-0.038086178138859506,-0.027178768764890116,-0.03508532591074065,-0.019028715100295024,-0.032070470505980886,-0.025693151501996248,0.003014855404759764,-0.006664436401701224,-0.07026913715874628,-0.040774590958038814,-0.038086178138859506,-0.027178768764890116,-0.07429545549018135,-0.03952683443879401,-0.03508532591074065,-0.019028715100295024
6,1.0,P_admiration-d6-v4,admiration,1,1,0.03885918464129112,0.017480416111469665,-0.03690708186548086,-0.023565925330824022,0.007413589396996656,-0.009051139195366709,-0.016360823142083092,-0.00505231119214633,0.07576626650677198,0.04104634144229369,0.03885918464129112,0.017480416111469665,-0.03690708186548086,-0.023565925330824022,0.007413589396996656,-0.009051139195366709,-0.016360823142083092,-0.00505231119214633,-0.0526149464722514,-0.03251561926285973,0.07576626650677198,0.04104634144229369
6,1.0,P_vigilance-d4-v2,vigilance,1,1,0.07797009419206269,0.04410519593687123,0.0671119204630104,0.04625870278745836,0.06499190614530015,0.040630960972206864,0.20774625279463965,0.11149531593105344,0.01085817372905229,-0.002153506850587128,0.07797009419206269,0.04410519593687123,0.0671119204630104,0.04625870278745836,0.06499190614530015,0.040630960972206864,0.20774625279463965,0.11149531593105344,0.1814818416153674,0.10215580255242873,0.01085817372905229,-0.002153506850587128
6,1.0,P_vigilance-d5-v2,vigilance,1,1,-0.003624484474337386,-0.014269423676948279,-0.05521105411282168,-0.02177670071779847,-0.03023066806532615,-0.024747488288901387,-0.08754797288305127,-0.04426727773087391,0.05158656963848429,0.007507277040850191,-0.003624484474337386,-0.014269423676948279,-0.05521105411282168,-0.02177670071779847,-0.03023066806532615,-0.024747488288901387,-0.08754797288305127,-0.04426727773087391,-0.13191378615459515,-0.06163548789354145,0.05158656963848429,0.007507277040850191
6,1.0,P_vigilance-d5-v3,vigilance,1,1,0.03546047717484235,0.01214718624535216,0.04158893467472957,0.01733147248519451,0.03777463261504721,0.011157614417134809,0.06474856344005353,0.03232288961576035,-0.006128457499887219,-0.005184286239842351,0.03546047717484235,0.01214718624535216,0.04158893467472957,0.01733147248519451,0.03777463261504721,0.011157614417134809,0.06474856344005353,0.03232288961576035,0.028635428553835496,0.014448218821479397,-0.006128457499887219,-0.005184286239842351
6,1.0,P_vigilance-d5-v4,vigilance,1,1,0.023591994657942372,0.0074969147817887105,-0.03755400859668789,-0.024665444330974395,0.00922491732378461,-0.008325041646277676,0.028657811780615994,0.012680965717060566,0.061146003254630266,0.032162359112763106,0.023591994657942372,0.0074969147817887105,-0.03755400859668789,-0.024665444330974395,0.00922491732378461,-0.008325041646277676,0.028657811780615994,0.012680965717060566,-0.022872452164452106,-0.0124831344528058,0.061146003254630266,0.032162359112763106
6,1.5,P_rage-d1-v2,rage,-1,1,-0.009052958983836845,-0.013172334326355006,0.061041956923014506,-0.03195365995614008,-0.03890596006525504,0.005069461334597847,0.09348070625167804,-0.08352733902759635,-0.07009491590685135,0.018781325629785073,0.009052958983836845,-0.013172334326355006,-0.061041956923014506,-0.03195365995614008,0.03890596006525504,0.005069461334597847,-0.09348070625167804,-0.08352733902759635,-0.03891710439285734,-0.04707953518058039,0.07009491590685135,0.018781325629785073
6,1.5,P_rage-d2-v3,rage,-1,1,0.12391753735796751,-0.09755679570800613,0.08232564430674483,-0.03434192192635077,0.21584325929754566,-0.16286324138578934,0.2673553552388084,-0.15450916477197074,0.041591893051222684,-0.06321487378165536,-0.12391753735796751,-0.09755679570800613,-0.08232564430674483,-0.03434192192635077,-0.21584325929754566,-0.16286324138578934,-0.2673553552388084,-0.15450916477197074,-0.3886040940497828,-0.22686653941412338,-0.041591893051222684,-0.06321487378165536
6,1.5,P_rage-d3-v3,rage,-1,1,0.17092420543966202,-0.15234373706059312,-0.09388459488517764,0.09992795729258663,0.22782675537391306,-0.18845853692566905,0.9984082884773677,-0.520557405258741,0.26480880032483967,-0.25227169435317975,-0.17092420543966202,-0.15234373706059312,0.09388459488517764,0.09992795729258663,-0.22782675537391306,-0.18845853692566905,-0.9984082884773677,-0.520557405258741,-0.9339688555232764,-0.48711339075741167,-0.26480880032483967,-0.25227169435317975
6,1.5,P_rage-d3-v4,rage,-1,1,-0.22375225200079818,0.12094108945022697,0.4280178392763072,-0.2396089997579791,-0.23199069545593076,0.10254568872542258,-0.24134508265041532,0.10835916279152169,-0.6517700912771054,0.3605500892082061,0.22375225200079818,0.12094108945022697,-0.4280178392763072,-0.2396089997579791,0.23199069545593076,0.10254568872542258,0.24134508265041532,0.10835916279152169,0.17903509172845933,0.05336952877280332,0.6517700912771054,0.3605500892082061
6,1.5,P_grief-d1-v3,grief,-1,-1,-0.008307319221764864,-0.00848370564678369,-0.2078517847597361,-0.06818147524043727,0.027356926831023642,0.020652785724150746,0.04690527483864937,0.02983952549479829,0.19954446553797123,0.05969776959365358,0.008307319221764864,0.00848370564678369,0.2078517847597361,0.06818147524043727,-0.027356926831023642,-0.020652785724150746,-0.04690527483864937,-0.02983952549479829,-0.0009497320513465191,-0.01328027173984303,-0.19954446553797123,-0.05969776959365358
6,1.5,P_grief-d1-v4,grief,-1,-1,0.48317945693271813,0.36498178858294406,0.37920235771900135,0.2900072700143923,0.3504185798604924,0.30063365640010264,0.9349154525823993,0.5099825669594411,0.10397709921371678,0.07497451856855175,-0.48317945693271813,-0.36498178858294406,-0.37920235771900135,-0.2900072700143923,-0.3504185798604924,-0.30063365640010264,-0.9349154525823993,-0.5099825669594411,-0.7421896584992083,-0.4065941623903484,-0.10397709921371678,-0.07497451856855175
6,1.5,P_grief-d2-v1,grief,-1,-1,0.21831224831140172,0.10562545637829412,-0.022398450380436863,-0.019360277208511967,0.3107763891307487,0.16312908235543055,1.0274355681769243,0.39822379363155846,0.2407106986918386,0.12498573358680609,-0.21831224831140172,-0.10562545637829412,0.022398450380436863,0.019360277208511967,-0.3107763891307487,-0.16312908235543055,-1.0274355681769243,-0.39822379363155846,-1.0993349302565822,-0.4465106318494456,-0.2407106986918386,-0.12498573358680609
6,1.5,P_grief-d2-v2,grief,-1,-1,-0.20710774235790197,-0.08192889415256044,0.006083675053059068,0.014806981643702422,-0.11328092126981382,-0.03265354022605127,-0.2619477337903686,-0.0950645160593857,-0.21319141741096104,-0.09673587579626286,0.20710774235790197,0.08192889415256044,-0.006083675053059068,-0.014806981643702422,0.11328092126981382,0.03265354022605127,0.2619477337903686,0.0950645160593857,0.20411805016274087,0.058369208532559114,0.21319141741096104,0.09673587579626286
6,1.5,P_grief-d2-v3,grief,-1,-1,-0.13466225127065456,-0.061656580835323105,-0.15868351257326996,-0.11430444042800847,-0.0900070035817766,-0.030689646479305388,-0.07089858851393105,-0.014735439953721396,0.024021261302615393,0.052647859592685364,0.13466225127065456,0.061656580835323105,0.15868351257326996,0.11430444042800847,0.0900070035817766,0.030689646479305388,0.07089858851393105,0.014735439953721396,-0.06206893652858225,-0.037442583248119554,-0.024021261302615393,-0.052647859592685364
6,1.5,P_grief-d2-v4,grief,-1,-1,0.24168009121576528,0.2040388545400038,0.07186175880266266,0.04294520040815719,0.2794037404277434,0.24174193740480465,0.16798554171012148,0.14097125145071043,0.16981833241310262,0.16109365413184662,-0.24168009121576528,-0.2040388545400038,-0.07186175880266266,-0.04294520040815719,-0.2794037404277434,-0.24174193740480465,-0.16798554171012148,-0.14097125145071043,-0.23163829630568822,-0.1798337734110218,-0.16981833241310262,-0.16109365413184662
6,1.5,P_grief-d3-v2,grief,-1,-1,0.010162626480815007,0.021957294010150008,-0.11158957863639696,-0.06523067180723618,0.04779729760656615,0.03828900913577993,0.10600997531722722,0.07187260096953274,0.12175220511721196,0.08718796581738619,-0.010162626480815007,-0.021957294010150008,0.11158957863639696,0.06523067180723618,-0.04779729760656615,-0.03828900913577993,-0.10600997531722722,-0.07187260096953274,-0.14484797242821434,-0.0933744283003568,-0.12175220511721196,-0.08718796581738619
6,1.5,P_grief-d3-v3,grief,-1,-1,0.04569061374793648,0.01224197814764949,-0.16014802828738706,-0.09805112614665745,0.044532059981928995,0.02815679203288113,0.21828178878137194,0.08575723077458441,0.20583864203532354,0.11029310429430694,-0.04569061374793648,-0.01224197814764949,0.16014802828738706,0.09805112614665745,-0.044532059981928995,-0.02815679203288113,-0.21828178878137194,-0.08575723077458441,-0.24730203955687546,-0.10701179762105006,-0.20583864203532354,-0.11029310429430694
6,1.5,P_grief-d3-v4,grief,-1,-1,0.07339686976372306,0.022677552211191276,0.060597129978765096,0.023681275332712026,0.08922172804210327,0.044322762833494345,0.4499621384953012,0.177497199364268,0.012799739784957964,-0.0010037231215207498,-0.07339686976372306,-0.022677552211191276,-0.060597129978765096,-0.023681275332712026,-0.08922172804210327,-0.044322762833494345,-0.4499621384953012,-0.177497199364268,-0.4573290881148515,-0.17828137352118256,-0.012799739784957964,0.0010037231215207498
6,1.5,P_terror-d1-v3,terror,-1,1,-0.28354722621304695,0.15189313320699327,0.054455501793144734,-0.034542547182235595,-0.27940192842839817,0.15178753339428575,-0.1725398055240679,0.08947948810613182,-0.3380027280061917,0.18643568038922886,0.28354722621304695,0.15189313320699327,-0.054455501793144734,-0.034542547182235595,0.27940192842839817,0.15178753339428575,0.1725398055240679,0.08947948810613182,0.17576965736425976,0.0907224612281805,0.3380027280061917,0.18643568038922886
6,1.5,P_terror-d2-v3,terror,-1,1,-0.06680696230675576,0.0049795415483160355,-0.15896242389950022,0.07553948764209206,-0.1586212757020924,0.05036982181559946,0.02190151977823085,-0.039120128612480265,0.09215546159274446,-0.07055994609377603,0.06680696230675576,0.0049795415483160355,0.15896242389950022,0.07553948764209206,0.1586212757020924,0.05036982181559946,-0.02190151977823085,-0.039120128612480265,0.10870730994488831,0.01154324404895224,-0.09215546159274446,-0.07055994609377603
6,1.5,P_terror-d2-v4,terror,-1,1,0.24641985187145377,-0.20165772294044082,-0.004221866673333352,-0.004652019442973554,0.1878935763038161,-0.1871357881045892,0.3871129423900941,-0.2541487924351564,0.2506417185447871,-0.19700570349746727,-0.24641985187145377,-0.20165772294044082,0.004221866673333352,-0.004652019442973554,-0.1878935763038161,-0.1871357881045892,-0.3871129423900941,-0.2541487924351564,-0.2656564996834714,-0.22181213813790102,-0.2506417185447871,-0.19700570349746727
6,1.5,P_terror-d3-v3,terror,-1,1,-0.048594070218672236,0.05253065428497994,0.09294337991143564,-0.08470223199487759,0.021348483110852357,0.001922464238551136,-0.08856255212129849,0.06612617511674879,-0.14153745013010788,0.13723288627985752,0.048594070218672236,0.05253065428497994,-0.09294337991143564,-0.08470223199487759,-0.021348483110852357,0.001922464238551136,0.08856255212129849,0.06612617511674879,-0.09817479917950234,-0.03751040906839709,0.14153745013010788,0.13723288627985752
6,1.5,P_terror-d3-v4,terror,-1,1,-0.2645622030568475,0.11571797393815508,0.010429674470930017,-0.014000430631996963,-0.2942997282973385,0.12846411389864176,-0.5959285796859977,0.28845458176970684,-0.27499187752777754,0.12971840457015205,0.2645622030568475,0.11571797393815508,-0.010429674470930017,-0.014000430631996963,0.2942997282973385,0.12846411389864176,0.5959285796859977,0.28845458176970684,0.6665436738966264,0.31088432548927525,0.27499187752777754,0.12971840457015205
6,1.5,P_ecstasy-d1-v1,ecstasy,1,1,0.2257340197589368,0.1410795285288149,-0.3093783589184964,-0.17741713677999105,0.22872955106817727,0.12903048132648465,0.20130010281455313,0.1344083627600221,0.5351123786774332,0.31849666530880594,0.2257340197589368,0.1410795285288149,-0.3093783589184964,-0.17741713677999105,0.22872955106817727,0.12903048132648465,0.20130010281455313,0.1344083627600221,0.13373552852391457,0.10238932002502166,0.5351123786774332,0.31849666530880594
6,1.5,P_ecstasy-d2-v1,ecstasy,1,1,0.040909518793758703,0.06952244176151545,0.03937941520713073,0.014334508767490206,0.27908478428910355,0.16945893049174465,0.04030633664556893,0.039003191577845264,0.0015301035866279733,0.055187932994025246,0.040909518793758703,0.06952244176151545,0.03937941520713073,0.014334508767490206,0.27908478428910355,0.16945893049174465,0.04030633664556893,0.039003191577845264,0.23191146475688296,0.11457645727141763,0.0015301035866279733,0.055187932994025246
6,1.5,P_ecstasy-d2-v2,ecstasy,1,1,-0.114011327195362,-0.06705959454441413,-0.6024714339220933,-0.47038540949788565,-0.39514514179917093,-0.24569548128712526,-0.6759863483929069,-0.2859185010973362,0.48846010672673135,0.40332581495347153,-0.114011327195362,-0.06705959454441413,-0.6024714339220933,-0.47038540949788565,-0.39514514179917093,-0.24569548128712526,-0.6759863483929069,-0.2859185010973362,-0.7879001471212628,-0.3611642144897247,0.48846010672673135,0.40332581495347153
6,1.5,P_ecstasy-d2-v3,ecstasy,1,1,0.01372083289938697,0.025117358801519885,0.005453286874419483,0.0004800811508518521,-0.014685843078861005,-0.011136783589877908,-0.21583946054358005,-0.07350447614434241,0.008267546024967487,0.024637277650668032,0.01372083289938697,0.025117358801519885,0.005453286874419483,0.0004800811508518521,-0.014685843078861005,-0.011136783589877908,-0.21583946054358005,-0.07350447614434241,-0.3189570388390992,-0.1539646272011792,0.008267546024967487,0.024637277650668032
6,1.5,P_ecstasy-d2-v4,ecstasy,1,1,-0.22882730973971555,-0.17124212473409361,0.1152758742336335,0.07032869040972667,-0.20606360603225227,-0.17446785529254694,-0.3679570349969872,-0.2170517271312864,-0.34410318397334905,-0.24157081514382028,-0.22882730973971555,-0.17124212473409361,0.1152758742336335,0.07032869040972667,-0.20606360603225227,-0.17446785529254694,-0.3679570349969872,-0.2170517271312864,-0.360643988316097,-0.2299083357951428,-0.34410318397334905,-0.24157081514382028
6,1.5,P_ecstasy-d3-v1,ecstasy,1,1,0.09851421788843595,0.028744190119516233,0.043636247191390254,0.01421183186550401,0.11294010420500555,-0.0011332056800270607,-0.248751703132581,-0.1580463453701899,0.0548779706970457,0.014532358254012223,0.09851421788843595,0.028744190119516233,0.043636247191390254,0.01421183186550401,0.11294010420500555,-0.0011332056800270607,-0.248751703132581,-0.1580463453701899,-0.23997932711568204,-0.18564650431663487,0.0548779706970457,0.014532358254012223
6,1.5,P_ecstasy-d3-v4,ecstasy,1,1,-0.1750674814120483,-0.08820528493907265,0.06194118240244695,0.03287348220639874,-0.3063965481680304,-0.1730137350748775,-0.4022103838898312,-0.14653183018417026,-0.23700866381449526,-0.12107876714547139,-0.1750674814120483,-0.08820528493907265,0.06194118240244695,0.03287348220639874,-0.3063965481680304,-0.1730137350748775,-0.4022103838898312,-0.14653183018417026,-0.5236088724889338,-0.21607422037071133,-0.23700866381449526,-0.12107876714547139
6,1.5,P_loathing-d1-v2,loathing,-1,1,-0.01263835913372624,-0.012438168856350629,0.0109580573964978,-0.04610147761902361,0.04928468549246112,-0.05967936496343196,0.19201781863466616,-0.09637822042064448,-0.02359641653022404,0.03366330876267298,0.01263835913372624,-0.012438168856350629,-0.0109580573964978,-0.04610147761902361,-0.04928468549246112,-0.05967936496343196,-0.19201781863466616,-0.09637822042064448,-0.25278436218476497,-0.1503334312928759,0.02359641653022404,0.03366330876267298
6,1.5,P_loathing-d2-v2,loathing,-1,1,-0.28549439002429633,0.17395238066365426,0.18837055003395253,-0.09190818780624532,-0.3670725789985658,0.20308026221204312,-0.4724302139408505,0.2432942962745388,-0.47386494005824886,0.2658605684698996,0.28549439002429633,0.17395238066365426,-0.18837055003395253,-0.09190818780624532,0.3670725789985658,0.20308026221204312,0.4724302139408505,0.2432942962745388,0.563770961011941,0.28104099265827287,0.47386494005824886,0.2658605684698996
6,1.5,P_loathing-d3-v2,loathing,-1,1,0.3041707906705855,-0.15108594713997459,-0.07537155139110618,-0.11336953486514556,0.3671632175598192,-0.19592989774542868,0.670021159192244,-0.28071303313027673,0.3795423420616917,-0.037716412274829025,-0.3041707906705855,-0.15108594713997459,0.07537155139110618,-0.11336953486514556,-0.3671632175598192,-0.19592989774542868,-0.670021159192244,-0.28071303313027673,-0.6947090236445117,-0.2973200264734861,-0.3795423420616917,-0.037716412274829025
6,1.5,P_loathing-d3-v3,loathing,-1,1,0.12751272506182776,-0.054984396982599826,0.17533832059644805,-0.10275279624389544,0.17432138960550425,-0.10979802487142454,0.26184252803484664,-0.15241029347487212,-0.04782559553462029,0.04776839926129561,-0.12751272506182776,-0.054984396982599826,-0.17533832059644805,-0.10275279624389544,-0.17432138960550425,-0.10979802487142454,-0.26184252803484664,-0.15241029347487212,-0.2681525052634681,-0.18451672084115112,0.04782559553462029,0.04776839926129561
6,1.5,P_loathing-d3-v4,loathing,-1,1,0.0858467275385646,-0.04163615919339403,-0.1500569106805738,0.058400492021220884,0.10312809007095236,-0.08467721983763976,0.5088028097939525,-0.21689673770914775,0.2359036382191384,-0.10003665121461491,-0.0858467275385646,-0.04163615919339403,0.1500569106805738,0.058400492021220884,-0.10312809007095236,-0.08467721983763976,-0.5088028097939525,-0.21689673770914775,-0.47991988047164,-0.24119451752997545,-0.2359036382191384,-0.10003665121461491
6,1.5,P_amazement-d1-v1,amazement,1,1,0.08526132097856198,0.00548211767816742,0.13233118182473635,0.09432348872234009,0.041603210040739746,-0.0295744101094213,-0.05951177429691512,-0.061866953535115066,-0.04706986084617437,-0.08884137104417267,0.08526132097856198,0.00548211767816742,0.13233118182473635,0.09432348872234009,0.041603210040739746,-0.0295744101094213,-0.05951177429691512,-0.061866953535115066,-0.037435195356797735,-0.06069974869639605,-0.04706986084617437,-0.08884137104417267
6,1.5,P_amazement-d1-v2,amazement,1,1,-0.0951778682076041,-0.04742037072022143,-0.058100177157503374,-0.02769855821720757,-0.15273312522393745,-0.08692920464804477,-0.24862907103139165,-0.09350436185862065,-0.037077691050100725,-0.019721812503013858,-0.0951778682076041,-0.04742037072022143,-0.058100177157503374,-0.02769855821720757,-0.15273312522393745,-0.08692920464804477,-0.24862907103139165,-0.09350436185862065,-0.3414062177389199,-0.13047066721537126,-0.037077691050100725,-0.019721812503013858
6,1.5,P_amazement-d1-v4,amazement,1,1,-0.17433606320067785,-0.16683757680149824,-0.02406853520555341,-0.03433979602002779,-0.14248200786949727,-0.16020809139290026,-0.042339835309335605,-0.06981893789278093,-0.15026752799512444,-0.13249778078147045,-0.17433606320067785,-0.16683757680149824,-0.02406853520555341,-0.03433979602002779,-0.14248200786949727,-0.16020809139290026,-0.042339835309335605,-0.06981893789278093,0.0022771803627614773,-0.05918588063468455,-0.15026752799512444,-0.13249778078147045
6,1.5,P_amazement-d2-v1,amazement,1,1,0.06504483094385805,0.020666474672549562,0.0610841290046249,0.03540010641608138,0.044173153796689846,-0.005388233078364557,0.14865001538182465,0.0733195823854409,0.003960701939233147,-0.014733631743531816,0.06504483094385805,0.020666474672549562,0.0610841290046249,0.03540010641608138,0.044173153796689846,-0.005388233078364557,0.14865001538182465,0.0733195823854409,0.08146607771757441,0.03189394585033867,0.003960701939233147,-0.014733631743531816
6,1.5,P_amazement-d2-v2,amazement,1,1,-0.041228615480267905,-0.039703390947549266,0.03807241021648888,0.02955376054974579,-0.05560571304841666,-0.036984151538707266,-0.08415523341170283,-0.050155840044858735,-0.07930102569675679,-0.06925715149729506,-0.041228615480267905,-0.039703390947549266,0.03807241021648888,0.02955376054974579,-0.05560571304841666,-0.036984151538707266,-0.08415523341170283,-0.050155840044858735,-0.0872698685344866,-0.03746448434800165,-0.07930102569675679,-0.06925715149729506
6,1.5,P_amazement-d3-v2,amazement,1,1,-0.10400794636378397,-0.05723407939358882,0.0950081662991229,0.024327421305630814,-0.1726504882445088,-0.1089060908814039,-0.5067780953795342,-0.242835581949449,-0.19901611266290686,-0.08156150069921964,-0.10400794636378397,-0.05723407939358882,0.0950081662991229,0.024327421305630814,-0.1726504882445088,-0.1089060908814039,-0.5067780953795342,-0.242835581949449,-0.6681485092159711,-0.33633555739226706,-0.19901611266290686,-0.08156150069921964
6,1.5,P_amazement-d3-v4,amazement,1,1,0.03238718171924493,-0.008098631724614336,0.012845895759856063,0.0023014460023009775,-0.012429404623070184,-0.05425106536358193,-0.09510850683480765,-0.04619122479813065,0.019541285959388865,-0.010400077726915313,0.03238718171924493,-0.008098631724614336,0.012845895759856063,0.0023014460023009775,-0.012429404623070184,-0.05425106536358193,-0.09510850683480765,-0.04619122479813065,-0.28196740038474344,-0.15239170048041695,0.019541285959388865,-0.010400077726915313
6,1.5,P_admiration-d1-v1,admiration,1,1,-0.06166619060487388,-0.04577780089122374,-0.07675654192607606,0.011362314505698023,-0.16669019656610828,-0.13177383912704865,-0.45513251503078056,-0.23917175783821865,0.015090351321202178,-0.057140115396921765,-0.06166619060487388,-0.04577780089122374,-0.07675654192607606,0.011362314505698023,-0.16669019656610828,-0.13177383912704865,-0.45513251503078056,-0.23917175783821865,-0.4498408206202784,-0.26729168770950107,0.015090351321202178,-0.057140115396921765
6,1.5,P_admiration-d1-v2,admiration,1,1,-0.12817493519789647,-0.08615394435245971,0.025385325790720614,-0.0016487104145133102,-0.17237037473157457,-0.13581558707137997,-0.6355360628179523,-0.2861319647585203,-0.15356026098861708,-0.0845052339379464,-0.12817493519789647,-0.08615394435245971,0.025385325790720614,-0.0016487104145133102,-0.17237037473157457,-0.13581558707137997,-0.6355360628179523,-0.2861319647585203,-0.7226176478427946,-0.33695699437548976,-0.15356026098861708,-0.0845052339379464
6,1.5,P_admiration-d1-v3,admiration,1,1,0.014543132032770245,-0.01982245879844413,-0.0746890513829479,-0.02599709616906587,-0.08678468961919172,-0.10338642621479188,-0.5817390902785866,-0.2540853524759834,0.08923218341571815,0.006174637370621738,0.014543132032770245,-0.01982245879844413,-0.0746890513829479,-0.02599709616906587,-0.08678468961919172,-0.10338642621479188,-0.5817390902785866,-0.2540853524759834,-0.7064242969295744,-0.32647138112915686,0.08923218341571815,0.006174637370621738
6,1.5,P_admiration-d2-v1,admiration,1,1,-0.1484811638436927,-0.011619258335090699,0.002086270491745701,-0.011794253429769697,-0.15573017509024023,-0.05687124974061053,-0.5851606502033171,-0.21756726776913293,-0.1505674343354384,0.000174995094678998,-0.1484811638436927,-0.011619258335090699,0.002086270491745701,-0.011794253429769697,-0.15573017509024023,-0.05687124974061053,-0.5851606502033171,-0.21756726776913293,-0.5325474089029054,-0.23296717054509752,-0.1505674343354384,0.000174995094678998
6,1.5,P_admiration-d2-v2,admiration,1,1,-0.1896724126193705,-0.05665995408711666,-0.010329681332899021,-0.0173820019370865,-0.16271842321484353,-0.07408723679005291,-0.6055699749238204,-0.21478871133880695,-0.1793427312864715,-0.03927795215003016,-0.1896724126193705,-0.05665995408711666,-0.010329681332899021,-0.0173820019370865,-0.16271842321484353,-0.07408723679005291,-0.6055699749238204,-0.21478871133880695,-0.4202569621752268,-0.14310649397141795,-0.1793427312864715,-0.03927795215003016
6,1.5,P_admiration-d2-v3,admiration,1,1,-0.12845161354010326,-0.10591579510097748,-0.013841405575396593,-0.0005613784135016786,-0.13082532792157409,-0.12909608178804977,-0.5149736975343777,-0.25608276743283254,-0.11461020796470667,-0.1053544166874758,-0.12845161354010326,-0.10591579510097748,-0.013841405575396593,-0.0005613784135016786,-0.13082532792157409,-0.12909608178804977,-0.5149736975343777,-0.25608276743283254,-0.6794134381782158,-0.33907103537288874,-0.11461020796470667,-0.1053544166874758
6,1.5,P_vigilance-d1-v4,vigilance,1,1,-0.29327270030922303,-0.2268340129752433,-0.08474646611878978,-0.041102796664127084,-0.285573689780386,-0.22982341830074393,-0.3803311031595058,-0.2488183130217667,-0.20852623419043326,-0.18573121631111622,-0.29327270030922303,-0.2268340129752433,-0.08474646611878978,-0.041102796664127084,-0.285573689780386,-0.22982341830074393,-0.3803311031595058,-0.2488183130217667,-0.38668996922157106,-0.25474103450130325,-0.20852623419043326,-0.18573121631111622
6,1.5,P_vigilance-d2-v3,vigilance,1,1,-0.020822951082027252,-0.022773172969403177,-0.0013132648893821042,-0.022898408319180774,-0.029511206797760536,-0.035637155304765855,-0.19654472358954767,-0.10679868416653138,-0.019509686192645148,0.0001252353497775971,-0.020822951082027252,-0.022773172969403177,-0.0013132648893821042,-0.022898408319180774,-0.029511206797760536,-0.035637155304765855,-0.19654472358954767,-0.10679868416653138,-0.15297372334519954,-0.09270709398647003,-0.019509686192645148,0.0001252353497775971
6,1.5,P_vigilance-d2-v4,vigilance,1,1,-0.21321755335345838,-0.18135184530917936,0.023662780354843704,0.018044427921092066,-0.2099050257327324,-0.18024972769326553,-0.4897821211929365,-0.3181101888318949,-0.23688033370830208,-0.19939627323027143,-0.21321755335345838,-0.18135184530917936,0.023662780354843704,0.018044427921092066,-0.2099050257327324,-0.18024972769326553,-0.4897821211929365,-0.3181101888318949,-0.5155274020989555,-0.3253566062145641,-0.23688033370830208,-0.19939627323027143
6,1.5,P_vigilance-d3-v2,vigilance,1,1,-0.039774789183782744,-0.020543293515997263,-0.026754509014699224,-0.02674189752973266,-0.08948089421710659,-0.06453700543552543,0.015163902680368935,-0.012475527636674144,-0.01302028016908352,0.006198604013735398,-0.039774789183782744,-0.020543293515997263,-0.026754509014699224,-0.02674189752973266,-0.08948089421710659,-0.06453700543552543,0.015163902680368935,-0.012475527636674144,-0.052468586980006116,-0.06634514093306176,-0.01302028016908352,0.006198604013735398
6,1.5,P_vigilance-d3-v4,vigilance,1,1,0.0812383124719851,0.0476250464406176,0.09013344698519621,0.032543940952181494,0.05583757637531761,0.025887500220823867,0.18706053968258285,0.11384946139889696,-0.008895134513211111,0.015081105488436108,0.0812383124719851,0.0476250464406176,0.09013344698519621,0.032543940952181494,0.05583757637531761,0.025887500220823867,0.18706053968258285,0.11384946139889696,0.1255956661872415,0.08303287604612031,-0.008895134513211111,0.015081105488436108
6,1.5,P_rage-d4-v1,rage,-1,1,-0.13378611687699493,0.056604873845487624,-0.06062595358164202,0.02974445928467695,-0.14937827378183854,0.06523917903071119,-0.1819708121813539,0.08068877114796624,-0.07316016329535291,0.026860414560810675,0.13378611687699493,0.056604873845487624,0.06062595358164202,0.02974445928467695,0.14937827378183854,0.06523917903071119,0.1819708121813539,0.08068877114796624,0.18703098182507638,0.0790560437481842,0.07316016329535291,0.026860414560810675
6,1.5,P_rage-d4-v2,rage,-1,1,0.07602562847988459,-0.012294876579599823,0.013379463483826903,0.0005433971270907278,0.03455687760095305,-0.001920260241753624,0.352448328789726,-0.14301035012021623,0.06264616499605768,-0.01283827370669055,-0.07602562847988459,-0.012294876579599823,-0.013379463483826903,0.0005433971270907278,-0.03455687760095305,-0.001920260241753624,-0.352448328789726,-0.14301035012021623,-0.327454666856851,-0.13950333610664734,-0.06264616499605768,-0.01283827370669055
6,1.5,P_rage-d4-v4,rage,-1,1,-0.030706232827379054,0.010512381041137608,0.12580132239314423,-0.13987504260861439,-0.022943486221268294,0.003901877543952992,0.25675990620501965,-0.11846432259665152,-0.1565075552205233,0.150387423649752,0.030706232827379054,0.010512381041137608,-0.12580132239314423,-0.13987504260861439,0.022943486221268294,0.003901877543952992,-0.25675990620501965,-0.11846432259665152,-0.23147899747790746,-0.10495834709220553,0.1565075552205233,0.150387423649752
6,1.5,P_rage-d5-v1,rage,-1,1,0.05491177583271867,-0.04068662182194327,-0.13723370894337528,0.10104030749479787,0.09614235266410454,-0.06575608444610026,0.07634235358318175,-0.036603811822009114,0.19214548477609394,-0.14172692931674113,-0.05491177583271867,-0.04068662182194327,0.13723370894337528,0.10104030749479787,-0.09614235266410454,-0.06575608444610026,-0.07634235358318175,-0.036603811822009114,-0.13136248485022906,-0.06035473922640744,-0.19214548477609394,-0.14172692931674113
6,1.5,P_rage-d5-v3,rage,-1,1,0.08965694252810419,-0.028895337517154118,0.78092509384794,-0.38373127231865034,0.10830873173735611,-0.035189373906108656,0.13586777425186636,-0.04300608814062068,-0.6912681513198358,0.3548359348014962,-0.08965694252810419,-0.028895337517154118,-0.78092509384794,-0.38373127231865034,-0.10830873173735611,-0.035189373906108656,-0.13586777425186636,-0.04300608814062068,-0.15925747694018533,-0.05429872133849978,0.6912681513198358,0.3548359348014962
6,1.5,P_rage-d6-v2,rage,-1,1,-0.07515514131153278,0.03694940625772691,0.08932830016459636,-0.058040211256061625,-0.0382638588038029,0.013907074275911313,-0.147540852741868,0.06780820229979678,-0.16448344147612914,0.09498961751378854,0.07515514131153278,0.03694940625772691,-0.08932830016459636,-0.058040211256061625,0.0382638588038029,0.013907074275911313,0.147540852741868,0.06780820229979678,0.028612112804221823,0.01701828678263162,0.16448344147612914,0.09498961751378854
6,1.5,P_grief-d4-v2,grief,-1,-1,-0.038499651057973594,-0.023622452499419744,-0.10359237621305617,-0.048788057198162704,-0.04100880038030752,-0.026021160442080138,-0.12033493620869784,-0.06314785100963372,0.06509272515508258,0.02516560469874296,0.038499651057973594,0.023622452499419744,0.10359237621305617,0.048788057198162704,0.04100880038030752,0.026021160442080138,0.12033493620869784,0.06314785100963372,0.1089235359856442,0.05321914864228994,-0.06509272515508258,-0.02516560469874296
6,1.5,P_grief-d4-v3,grief,-1,-1,-0.4103641255839623,-0.23909152168207992,0.18086728284281328,0.10793334596926485,-0.5177534226351153,-0.29672718511447105,-0.7329642958319953,-0.400978247679348,-0.5912314084267756,-0.34702486765134477,0.4103641255839623,0.23909152168207992,-0.18086728284281328,-0.10793334596926485,0.5177534226351153,0.29672718511447105,0.7329642958319953,0.400978247679348,0.8076138478430575,0.43850247137420606,0.5912314084267756,0.34702486765134477
6,1.5,P_grief-d4-v4,grief,-1,-1,-0.037577667263046344,-0.02766016982390518,0.22483751686396136,0.11924206636896884,-0.014372196329646592,-0.015561184100981507,-0.06440885622061554,-0.04032478430737818,-0.2624151841270077,-0.14690223619287401,0.037577667263046344,0.02766016982390518,-0.22483751686396136,-0.11924206636896884,0.014372196329646592,0.015561184100981507,0.06440885622061554,0.04032478430737818,-0.054187588012641896,-0.020581910574367868,0.2624151841270077,0.14690223619287401
6,1.5,P_grief-d5-v1,grief,-1,-1,-0.09572378189073305,-0.05999557657782084,-0.16685273953245705,-0.07596657198632784,-0.11908718462941881,-0.07683516370413024,-0.3904385280416296,-0.19971167032501258,0.071128957641724,0.015970995408506994,0.09572378189073305,0.05999557657782084,0.16685273953245705,0.07596657198632784,0.11908718462941881,0.07683516370413024,0.3904385280416296,0.19971167032501258,0.4651400151953071,0.2338156044467663,-0.071128957641724,-0.015970995408506994
6,1.5,P_grief-d5-v2,grief,-1,-1,-0.06637468658492018,-0.036763992333122,0.049963752571088094,0.08574181429161953,-0.07112092140157689,-0.03706787113003163,0.1714932791556043,0.05308808663371645,-0.11633843915600828,-0.12250580662474153,0.06637468658492018,0.036763992333122,-0.049963752571088094,-0.08574181429161953,0.07112092140157689,0.03706787113003163,-0.1714932791556043,-0.05308808663371645,-0.11196786815591686,-0.026567118573634474,0.11633843915600828,0.12250580662474153
6,1.5,P_grief-d5-v3,grief,-1,-1,0.09408673196883477,0.05057368140013274,-0.05278844473931521,-0.03827256674498525,0.11378681456007556,0.0694106990093255,0.263731410125148,0.12276766715486431,0.14687517670814998,0.08884624814511799,-0.09408673196883477,-0.05057368140013274,0.05278844473931521,0.03827256674498525,-0.11378681456007556,-0.0694106990093255,-0.263731410125148,-0.12276766715486431,-0.33980144117801325,-0.15768833028020968,-0.14687517670814998,-0.08884624814511799
6,1.5,P_grief-d6-v1,grief,-1,-1,-0.16721940836558513,-0.08571134226421595,-0.05072613976370732,-0.022323694363579172,-0.18396272023115667,-0.10059564941572408,-0.3246185596654607,-0.13084956931186387,-0.11649326860187781,-0.06338764790063678,0.16721940836558513,0.08571134226421595,0.05072613976370732,0.022323694363579172,0.18396272023115667,0.10059564941572408,0.3246185596654607,0.13084956931186387,0.2837038317018634,0.10601645413588567,0.11649326860187781,0.06338764790063678
6,1.5,P_grief-d6-v2,grief,-1,-1,-0.10196369575395181,-0.05356960904513741,-0.11432221924265829,-0.07181004941930968,-0.09147146396476646,-0.04620439763924189,-0.15861516421806598,-0.07618981354130927,0.012358523488706474,0.018240440374172273,0.10196369575395181,0.05356960904513741,0.11432221924265829,0.07181004941930968,0.09147146396476646,0.04620439763924189,0.15861516421806598,0.07618981354130927,0.14164367091685603,0.0669535678701445,-0.012358523488706474,-0.018240440374172273
6,1.5,P_terror-d4-v1,terror,-1,1,-0.013322233564172947,-0.007521663365317011,0.01366234945364031,-0.0054078554627778885,-0.013812992526933243,-0.000803039972142372,-0.13385845945934927,0.046981256969901075,-0.026984583017813257,-0.002113807902539122,0.013322233564172947,-0.007521663365317011,-0.01366234945364031,-0.0054078554627778885,0.013812992526933243,-0.000803039972142372,0.13385845945934927,0.046981256969901075,0.16038354933661525,0.06844265986986953,0.026984583017813257,-0.002113807902539122
6,1.5,P_terror-d4-v2,terror,-1,1,0.14233110804833515,-0.11274716521415051,0.22320502516405316,-0.19432529169879764,0.28446995762696137,-0.16864156503500816,0.36925515055137836,-0.21801543391901834,-0.08087391711571801,0.08157812648464713,-0.14233110804833515,-0.11274716521415051,-0.22320502516405316,-0.19432529169879764,-0.28446995762696137,-0.16864156503500816,-0.36925515055137836,-0.21801543391901834,-0.5910595273976536,-0.29415822711137274,0.08087391711571801,0.08157812648464713
6,1.5,P_terror-d4-v3,terror,-1,1,0.04134788689369806,-0.020898672646595173,0.09651597701987225,-0.039127469624179234,0.09491868892982502,-0.05370234714138711,0.22463550895640383,-0.11479753456698205,-0.055168090126174185,0.01822879697758406,-0.04134788689369806,-0.020898672646595173,-0.09651597701987225,-0.039127469624179234,-0.09491868892982502,-0.05370234714138711,-0.22463550895640383,-0.11479753456698205,-0.2890793433272467,-0.15146774179774702,0.055168090126174185,0.01822879697758406
6,1.5,P_terror-d5-v1,terror,-1,1,0.1435760502145138,-0.0617801848286037,0.31670522263261347,-0.12806104593780798,0.08754153341716187,-0.04024357435940207,0.2631042031102937,-0.12430200163321281,-0.17312917241809966,0.06628086110920428,-0.1435760502145138,-0.0617801848286037,-0.31670522263261347,-0.12806104593780798,-0.08754153341716187,-0.04024357435940207,-0.2631042031102937,-0.12430200163321281,-0.19761166211948966,-0.09160863743166514,0.17312917241809966,0.06628086110920428
6,1.5,P_terror-d5-v2,terror,-1,1,0.05243936058113263,-0.01415191350026479,0.08729095719945246,-0.04648043334978702,0.013258678149921543,0.018676526328804677,0.27024996790814804,-0.10929508682813882,-0.034851596618319824,0.03232851984952223,-0.05243936058113263,-0.01415191350026479,-0.08729095719945246,-0.04648043334978702,-0.013258678149921543,0.018676526328804677,-0.27024996790814804,-0.10929508682813882,-0.18486426721813842,-0.07039491132463649,0.034851596618319824,0.03232851984952223
6,1.5,P_terror-d6-v2,terror,-1,1,-0.15292555603392533,0.07044176034169247,0.06695969956519843,-0.023831359019498066,-0.1132151928532048,0.05517092880260677,-0.3025866652107294,0.1378136856810399,-0.21988525559912375,0.09427311936119054,0.15292555603392533,0.07044176034169247,-0.06695969956519843,-0.023831359019498066,0.1132151928532048,0.05517092880260677,0.3025866652107294,0.1378136856810399,0.18870205930549266,0.08860975102137747,0.21988525559912375,0.09427311936119054
6,1.5,P_ecstasy-d4-v1,ecstasy,1,1,0.06580455702004606,0.01606728491264864,0.08952716634548263,0.029591121594762626,0.0411009887843754,-0.00995376411430815,0.03455227561320573,0.00656537672005264,-0.023722609325436572,-0.013523836682113988,0.06580455702004606,0.01606728491264864,0.08952716634548263,0.029591121594762626,0.0411009887843754,-0.00995376411430815,0.03455227561320573,0.00656537672005264,-0.017973990496586545,-0.03640355493845426,-0.023722609325436572,-0.013523836682113988
6,1.5,P_ecstasy-d4-v3,ecstasy,1,1,0.0353419756726403,0.028355340785804373,-0.043130729268564316,-0.024897367130527037,0.013795583354205831,0.024945107044600512,-0.04502134159438054,-0.025867412814024604,0.07847270494120462,0.05325270791633141,0.0353419756726403,0.028355340785804373,-0.043130729268564316,-0.024897367130527037,0.013795583354205831,0.024945107044600512,-0.04502134159438054,-0.025867412814024604,-0.13220215019265247,-0.05319218389921243,0.07847270494120462,0.05325270791633141
6,1.5,P_ecstasy-d5-v1,ecstasy,1,1,0.10442914681499182,0.056786768205491,-0.1528001980343081,-0.09302554467513957,0.07233623451804938,0.04306402350225458,0.22207554081064806,0.10786179071058832,0.25722934484929993,0.14981231288063057,0.10442914681499182,0.056786768205491,-0.1528001980343081,-0.09302554467513957,0.07233623451804938,0.04306402350225458,0.22207554081064806,0.10786179071058832,0.18151608185180335,0.08711487671327056,0.25722934484929993,0.14981231288063057
6,1.5,P_ecstasy-d5-v2,ecstasy,1,1,0.1620671178389257,0.08850359604466629,-0.39582748730988815,-0.16693006137797894,-0.05820881963648272,-0.02924157633077762,0.21406525490983896,0.14917669544905277,0.5578946051488138,0.25543365742264523,0.1620671178389257,0.08850359604466629,-0.39582748730988815,-0.16693006137797894,-0.05820881963648272,-0.02924157633077762,0.21406525490983896,0.14917669544905277,0.05769019294406186,0.04820821510007134,0.5578946051488138,0.25543365742264523
6,1.5,P_ecstasy-d5-v4,ecstasy,1,1,0.1417340035448511,0.0889467009343532,0.2626523187901215,0.15043898480520568,0.14136986421313935,0.08980357850501264,0.18427370905457785,0.0993075965311685,-0.12091831524527041,-0.06149228387085248,0.1417340035448511,0.0889467009343532,0.2626523187901215,0.15043898480520568,0.14136986421313935,0.08980357850501264,0.18427370905457785,0.0993075965311685,0.23046364840278644,0.11330646668973543,-0.12091831524527041,-0.06149228387085248
6,1.5,P_ecstasy-d6-v1,ecstasy,1,1,0.09980968881641061,0.06934004133002691,-0.3072219962283258,-0.13852324733763766,0.10186111811270848,0.06420558919954633,0.5186974573860739,0.26535611132504844,0.4070316850447364,0.20786328866766457,0.09980968881641061,0.06934004133002691,-0.3072219962283258,-0.13852324733763766,0.10186111811270848,0.06420558919954633,0.5186974573860739,0.26535611132504844,0.5481639650224639,0.26820554844693056,0.4070316850447364,0.20786328866766457
6,1.5,P_ecstasy-d6-v2,ecstasy,1,1,0.028355811958983068,0.032152179330425135,0.01361974970306079,0.003955371752319969,-0.01157328863599183,-0.006459064307064999,0.04650605867119184,0.04564618883787297,0.014736062255922278,0.028196807578105165,0.028355811958983068,0.032152179330425135,0.01361974970306079,0.003955371752319969,-0.01157328863599183,-0.006459064307064999,0.04650605867119184,0.04564618883787297,-0.04247503838705091,-0.016664274463269013,0.014736062255922278,0.028196807578105165
6,1.5,P_ecstasy-d6-v3,ecstasy,1,1,-0.0015961110498068365,-0.014054993444182706,0.05364286981857713,0.030491968104501943,-0.048051661143045266,-0.034695932819999165,-0.27755628970783386,-0.13564724492520241,-0.05523898086838397,-0.04454696154868465,-0.0015961110498068365,-0.014054993444182706,0.05364286981857713,0.030491968104501943,-0.048051661143045266,-0.034695932819999165,-0.27755628970783386,-0.13564724492520241,-0.28373206231493464,-0.1354269838612523,-0.05523898086838397,-0.04454696154868465
6,1.5,P_loathing-d4-v1,loathing,-1,1,-0.11574269173128826,0.08135632861115916,-0.03641700968026118,0.026224854122719243,-0.1196958165533637,0.0820527230370045,-0.42313976089388605,0.23005130071709168,-0.07932568205102708,0.05513147448843991,0.11574269173128826,0.08135632861115916,0.03641700968026118,0.026224854122719243,0.1196958165533637,0.0820527230370045,0.42313976089388605,0.23005130071709168,0.5224927797927701,0.26716193187863,0.07932568205102708,0.05513147448843991
6,1.5,P_loathing-d5-v2,loathing,-1,1,0.049117845974143926,-0.010663183583986324,-0.012186879502078973,-0.005558402613076829,0.026846895878873234,0.00022946951606961363,0.06412691872600895,0.0010009358124007939,0.0613047254762229,-0.005104780970909495,-0.049117845974143926,-0.010663183583986324,0.012186879502078973,-0.005558402613076829,-0.026846895878873234,0.00022946951606961363,-0.06412691872600895,0.0010009358124007939,-0.03146311521522138,0.012301540833648872,-0.0613047254762229,-0.005104780970909495
6,1.5,P_loathing-d6-v2,loathing,-1,1,0.08846892308779264,-0.052896402253800545,-0.1932694437546143,0.14419241921570602,0.16282266412058188,-0.08796081652392651,0.1306980202898984,-0.05993006280008917,0.28173836684240694,-0.19708882146950657,-0.08846892308779264,-0.052896402253800545,0.1932694437546143,0.14419241921570602,-0.16282266412058188,-0.08796081652392651,-0.1306980202898984,-0.05993006280008917,-0.19771427811254982,-0.0903307684324739,-0.28173836684240694,-0.19708882146950657
6,1.5,P_loathing-d6-v4,loathing,-1,1,0.12185367910370992,-0.06410618522607159,0.1432071638941501,-0.10794604726633317,0.16840802182285763,-0.08747549150972578,0.17193625377440513,-0.08676856177923664,-0.02135348479044019,0.04383986204026158,-0.12185367910370992,-0.06410618522607159,-0.1432071638941501,-0.10794604726633317,-0.16840802182285763,-0.08747549150972578,-0.17193625377440513,-0.08676856177923664,-0.30091820270591096,-0.11988180251125025,0.02135348479044019,0.04383986204026158
6,1.5,P_amazement-d4-v1,amazement,1,1,0.046297787309104166,0.0060825548488816494,0.0626836361780585,0.043196873474069974,-0.02904856488031271,-0.03832354505360236,-0.018910501030636073,-0.03917031380874203,-0.016385848868954334,-0.037114318625188325,0.046297787309104166,0.0060825548488816494,0.0626836361780585,0.043196873474069974,-0.02904856488031271,-0.03832354505360236,-0.018910501030636073,-0.03917031380874203,-0.1332902230346904,-0.10581512813745375,-0.016385848868954334,-0.037114318625188325
6,1.5,P_amazement-d4-v2,amazement,1,1,0.022318374440343902,0.026786121234786187,0.1404081899367604,0.07519832339330357,0.007882832836015652,0.026029479278896872,0.07068762606051271,0.058000202362688213,-0.1180898154964165,-0.04841220215851738,0.022318374440343902,0.026786121234786187,0.1404081899367604,0.07519832339330357,0.007882832836015652,0.026029479278896872,0.07068762606051271,0.058000202362688213,0.006037787581190557,0.03154854157758802,-0.1180898154964165,-0.04841220215851738
6,1.5,P_amazement-d5-v2,amazement,1,1,-0.007722684755838927,-0.014739303100032686,-0.010579966103939853,0.009737241264475394,-0.005577622931525639,-0.013497623868066633,-0.18208366976185264,-0.09442733926217528,0.0028572813481009263,-0.02447654436450808,-0.007722684755838927,-0.014739303100032686,-0.010579966103939853,0.009737241264475394,-0.005577622931525639,-0.013497623868066633,-0.18208366976185264,-0.09442733926217528,-0.2228459897202466,-0.09783604312072436,0.0028572813481009263,-0.02447654436450808
6,1.5,P_amazement-d5-v4,amazement,1,1,0.07994752982970432,0.0451538911751177,-0.32885771787813756,-0.22946709125120268,0.05532187453282944,0.03709888157994534,0.22594046435314885,0.11885791429405757,0.4088052477078419,0.2746209824263204,0.07994752982970432,0.0451538911751177,-0.32885771787813756,-0.22946709125120268,0.05532187453282944,0.03709888157994534,0.22594046435314885,0.11885791429405757,0.08372841168385614,0.05845329833272439,0.4088052477078419,0.2746209824263204
6,1.5,P_amazement-d6-v1,amazement,1,1,-0.1361965314424749,-0.0814629623305132,-0.011017154627513293,-0.0068936305387348185,-0.23388711002252105,-0.1248419343826539,-0.2809925986493256,-0.12210342178627265,-0.1251793768149616,-0.07456933179177838,-0.1361965314424749,-0.0814629623305132,-0.011017154627513293,-0.0068936305387348185,-0.23388711002252105,-0.1248419343826539,-0.2809925986493256,-0.12210342178627265,-0.4546561632946662,-0.18887081225699864,-0.1251793768149616,-0.07456933179177838
6,1.5,P_amazement-d6-v4,amazement,1,1,-0.04171983792803857,-0.026891763006009484,0.07303978153181223,0.028104969005716463,-0.016632215677285345,-0.010268785849431694,-0.1244930134377773,-0.06023478427553375,-0.1147596194598508,-0.054996732011725946,-0.04171983792803857,-0.026891763006009484,0.07303978153181223,0.028104969005716463,-0.016632215677285345,-0.010268785849431694,-0.1244930134377773,-0.06023478427553375,-0.06818269335874971,-0.0295983049889621,-0.1147596194598508,-0.054996732011725946
6,1.5,P_admiration-d5-v1,admiration,1,1,0.1007259555796498,0.051955294188568146,0.0347112480800611,-0.005129659303307221,0.09308764242097567,0.052789711387634775,0.3600304078583956,0.14005898337704759,0.06601470749958871,0.05708495349187537,0.1007259555796498,0.051955294188568146,0.0347112480800611,-0.005129659303307221,0.09308764242097567,0.052789711387634775,0.3600304078583956,0.14005898337704759,0.32683558879945185,0.12989388722939266,0.06601470749958871,0.05708495349187537
6,1.5,P_admiration-d5-v3,admiration,1,1,0.21141216290980402,0.12721206038178057,-0.10084431985265141,0.025616797881034437,0.14286256428366162,0.07957860141599316,0.037999433150258,0.026980230895168766,0.31225648276245543,0.10159526250074613,0.21141216290980402,0.12721206038178057,-0.10084431985265141,0.025616797881034437,0.14286256428366162,0.07957860141599316,0.037999433150258,0.026980230895168766,-0.011932413089675853,-0.002576484306282989,0.31225648276245543,0.10159526250074613
6,1.5,P_admiration-d6-v1,admiration,1,1,-0.12997607048854398,-0.06673512579464091,0.03678891119335592,0.02624230022722518,-0.1151261662471681,-0.056787640172340836,-0.24768869807033544,-0.12074575657710707,-0.1667649816818999,-0.0929774260218661,-0.12997607048854398,-0.06673512579464091,0.03678891119335592,0.02624230022722518,-0.1151261662471681,-0.056787640172340836,-0.24768869807033544,-0.12074575657710707,-0.20169879628278187,-0.09192532059509295,-0.1667649816818999,-0.0929774260218661
6,1.5,P_admiration-d6-v2,admiration,1,1,0.018866169980080727,0.009242844838428077,0.03351180428268119,0.009116278511855036,-0.011862147158710812,-0.0026038124955070074,0.06177202772024959,0.011132220026669692,-0.014645634302600463,0.000126566326573041,0.018866169980080727,0.009242844838428077,0.03351180428268119,0.009116278511855036,-0.011862147158710812,-0.0026038124955070074,0.06177202772024959,0.011132220026669692,-0.056960215938947734,-0.03934763011060394,-0.014645634302600463,0.000126566326573041
6,1.5,P_admiration-d6-v3,admiration,1,1,-0.0534952919438938,-0.03913374502184297,0.006447615185076749,-0.008928940467993307,-0.09901095267085402,-0.05551075827362695,-0.0335594459208699,-0.027919814040715973,-0.059942907128970546,-0.030204804553849662,-0.0534952919438938,-0.03913374502184297,0.006447615185076749,-0.008928940467993307,-0.09901095267085402,-0.05551075827362695,-0.0335594459208699,-0.027919814040715973,-0.08943288604496535,-0.04233532867407108,-0.059942907128970546,-0.030204804553849662
6,1.5,P_admiration-d6-v4,admiration,1,1,0.048717622585495945,0.020171156324603423,-0.041575864073253754,-0.02651222234946715,0.005467771400937238,-0.013929501909396791,-0.015721470834578533,-0.003933758343182436,0.0902934866587497,0.046683378674070575,0.048717622585495945,0.020171156324603423,-0.041575864073253754,-0.02651222234946715,0.005467771400937238,-0.013929501909396791,-0.015721470834578533,-0.003933758343182436,-0.08269100249149908,-0.04719862259541019,0.0902934866587497,0.046683378674070575
6,1.5,P_vigilance-d4-v2,vigilance,1,1,0.10394471643936942,0.06043160758730082,0.09449810842874395,0.06637925624247565,0.10942464557601195,0.06652386183973658,0.29818325882792607,0.16470522289337985,0.009446608010625468,-0.005947648655174831,0.10394471643936942,0.06043160758730082,0.09449810842874395,0.06637925624247565,0.10942464557601195,0.06652386183973658,0.29818325882792607,0.16470522289337985,0.2812442430146298,0.16238450295959073,0.009446608010625468,-0.005947648655174831
6,1.5,P_vigilance-d5-v2,vigilance,1,1,-0.0049697443458329715,-0.017496498237387748,-0.07113268358107927,-0.027128031304289202,-0.08145454989827083,-0.052258513816286545,-0.11704594745682062,-0.05904416827413117,0.0661629392352463,0.009631533066901454,-0.0049697443458329715,-0.017496498237387748,-0.07113268358107927,-0.027128031304289202,-0.08145454989827083,-0.052258513816286545,-0.11704594745682062,-0.05904416827413117,-0.17443464996099856,-0.07915476841764058,0.0661629392352463,0.009631533066901454
6,1.5,P_vigilance-d5-v3,vigilance,1,1,0.050091093257500496,0.016116185010301542,0.07814610469316996,0.034237827570192,0.04587224066388096,0.011672497283298888,0.12072244585423109,0.0552370739332293,-0.028055011435669464,-0.01812164255989046,0.050091093257500496,0.016116185010301542,0.07814610469316996,0.034237827570192,0.04587224066388096,0.011672497283298888,0.12072244585423109,0.0552370739332293,0.07217291210003651,0.035923890056232644,-0.028055011435669464,-0.01812164255989046
6,1.5,P_vigilance-d5-v4,vigilance,1,1,0.029307110716409568,0.0071033241983924356,-0.058698203513896985,-0.03797281950674769,0.010099711545418444,-0.013113029366163431,0.053109280323012875,0.023354561061448287,0.08800531423030655,0.045076143705140126,0.029307110716409568,0.0071033241983924356,-0.058698203513896985,-0.03797281950674769,0.010099711545418444,-0.013113029366163431,0.053109280323012875,0.023354561061448287,-0.007876415626129507,-0.008068081848437103,0.08800531423030655,0.045076143705140126
7,-1.0,P_rage-d1-v2,rage,-1,1,-0.022149595626692165,0.018991114025039835,-0.10587902614400635,0.06297684415823035,-0.023411029624401447,0.00686879131947471,-0.11933278591555618,0.06519389220579264,0.08372943051731419,-0.043985730133190515,0.022149595626692165,0.018991114025039835,0.10587902614400635,0.06297684415823035,0.023411029624401447,0.00686879131947471,0.11933278591555618,0.06519389220579264,0.10337988430686584,0.049061083041856524,-0.08372943051731419,-0.043985730133190515
7,-1.0,P_rage-d2-v3,rage,-1,1,-0.07733326970021537,0.05712408173953065,-0.039586349329998605,0.022294537724528496,-0.07751823215583986,0.0663034993457794,-0.26750087947473045,0.13504223919883263,-0.03774692037021676,0.034829544015002156,0.07733326970021537,0.05712408173953065,0.039586349329998605,0.022294537724528496,0.07751823215583986,0.0663034993457794,0.26750087947473045,0.13504223919883263,0.3716419716234114,0.18736381624075715,0.03774692037021676,0.034829544015002156
7,-1.0,P_rage-d3-v3,rage,-1,1,0.0007958085966039974,0.023056074885209554,0.08126078147207583,-0.04184706475600386,-0.02242663017821034,0.03534181441498507,-0.2203756045525509,0.13437743385749812,-0.08046497287547183,0.06490313964121341,-0.0007958085966039974,0.023056074885209554,-0.08126078147207583,-0.04184706475600386,0.02242663017821034,0.03534181441498507,0.2203756045525509,0.13437743385749812,0.2726211757410866,0.15309012700601876,0.08046497287547183,0.06490313964121341
7,-1.0,P_rage-d3-v4,rage,-1,1,0.10574134760846032,-0.05814044194694645,-0.10012722917365391,0.08994508974953863,0.07769750993948676,-0.03253706104575116,0.027597404370744094,-0.01601778588256675,0.20586857678211423,-0.14808553169648508,-0.10574134760846032,-0.05814044194694645,0.10012722917365391,0.08994508974953863,-0.07769750993948676,-0.03253706104575116,-0.027597404370744094,-0.01601778588256675,0.04695275396869025,0.030864011547789616,-0.20586857678211423,-0.14808553169648508
7,-1.0,P_grief-d1-v3,grief,-1,-1,0.058910660170258033,0.01819056630385596,0.037652847615283314,-0.0002692017931398283,-0.003165120212988981,-0.022190145837289954,0.04438543740694456,-0.0017251030652380983,0.02125781255497472,0.018459768096995788,-0.058910660170258033,-0.01819056630385596,-0.037652847615283314,0.0002692017931398283,0.003165120212988981,0.022190145837289954,-0.04438543740694456,0.0017251030652380983,0.0757275327942093,0.060830214689467255,-0.02125781255497472,-0.018459768096995788
7,-1.0,P_grief-d1-v4,grief,-1,-1,-0.051239394885878475,-0.09693015617682654,-0.02852958544747697,-0.06782472680540241,-0.04665222730628216,-0.10057148449181508,-0.42376157409162296,-0.2693313026121613,-0.022709809438401507,-0.02910542937142413,0.051239394885878475,0.09693015617682654,0.02852958544747697,0.06782472680540241,0.04665222730628216,0.10057148449181508,0.42376157409162296,0.2693313026121613,0.45329075711103695,0.2845682673948007,0.022709809438401507,0.02910542937142413
7,-1.0,P_grief-d2-v1,grief,-1,-1,-0.0801773563425714,-0.04416955654415844,-0.01990928049713947,-0.012838019653481858,-0.06589360753148554,-0.04874085852026244,-0.4031455577227212,-0.1715139268902517,-0.06026807584543192,-0.03133153689067658,0.0801773563425714,0.04416955654415844,0.01990928049713947,0.012838019653481858,0.06589360753148554,0.04874085852026244,0.4031455577227212,0.1715139268902517,0.49320524369545504,0.22043872014124766,0.06026807584543192,0.03133153689067658
7,-1.0,P_grief-d2-v2,grief,-1,-1,0.12215637636878007,0.060752590386695005,0.020888088170240238,0.014622487776351889,0.17110156586794645,0.07671753267674042,0.14864275595399334,0.06919780052395597,0.10126828819853984,0.046130102610343116,-0.12215637636878007,-0.060752590386695005,-0.020888088170240238,-0.014622487776351889,-0.17110156586794645,-0.07671753267674042,-0.14864275595399334,-0.06919780052395597,-0.21310827986800973,-0.09421945985444635,-0.10126828819853984,-0.046130102610343116
7,-1.0,P_grief-d2-v3,grief,-1,-1,0.06575311743298684,0.027197848127697988,0.1819228028499964,0.10274334125118134,0.0627990283430524,0.013961831856915019,0.09710394126907218,0.025880644871026703,-0.11616968541700956,-0.07554549312348335,-0.06575311743298684,-0.027197848127697988,-0.1819228028499964,-0.10274334125118134,-0.0627990283430524,-0.013961831856915019,-0.09710394126907218,-0.025880644871026703,-0.06193520463003033,-0.015558727172415132,0.11616968541700956,0.07554549312348335
7,-1.0,P_grief-d2-v4,grief,-1,-1,-0.09711355086334184,-0.08358156801028471,-0.04964284500054639,-0.03472376617728479,-0.10234134253389193,-0.0993714678440405,-0.2818045914913041,-0.17037611392103091,-0.04747070586279545,-0.048857801832999925,0.09711355086334184,0.08358156801028471,0.04964284500054639,0.03472376617728479,0.10234134253389193,0.0993714678440405,0.2818045914913041,0.17037611392103091,0.3189197474507819,0.19350508206981676,0.04747070586279545,0.048857801832999925
7,-1.0,P_grief-d3-v2,grief,-1,-1,0.0061319019293177845,-0.009798836621870421,0.006464834048486523,0.005357656731892924,0.02249043195142253,-0.002170007816006958,0.0036641846898048946,-0.014938751855679389,-0.00033293211916873844,-0.015156493353763345,-0.0061319019293177845,0.009798836621870421,-0.006464834048486523,-0.005357656731892924,-0.02249043195142253,0.002170007816006958,-0.0036641846898048946,0.014938751855679389,-0.02319402465568654,0.0030067494319458987,0.00033293211916873844,0.015156493353763345
7,-1.0,P_grief-d3-v3,grief,-1,-1,-0.1064085539207218,-0.04679509342034471,0.08700171534804735,0.054340794805580295,-0.13481034268893488,-0.06302442506996897,-0.29967808159305465,-0.13039304898532045,-0.19341026926876914,-0.10113588822592501,0.1064085539207218,0.04679509342034471,-0.08700171534804735,-0.054340794805580295,0.13481034268893488,0.06302442506996897,0.29967808159305465,0.13039304898532045,0.39182139307857966,0.16803365293931138,0.19341026926876914,0.10113588822592501
7,-1.0,P_grief-d3-v4,grief,-1,-1,0.00026280086472674213,0.0074721004118023515,0.022418851415705987,0.0023256355169305465,-0.021671891205107485,-0.0130207355435914,-0.10344681879534035,-0.045062393687551605,-0.022156050550979245,0.005146464894871805,-0.00026280086472674213,-0.0074721004118023515,-0.022418851415705987,-0.0023256355169305465,0.021671891205107485,0.0130207355435914,0.10344681879534035,0.045062393687551605,0.15331689972570484,0.07361702679756332,0.022156050550979245,-0.005146464894871805
7,-1.0,P_terror-d1-v3,terror,-1,1,0.20869254920896774,-0.10097137650056087,0.04348739723003803,-0.015510755851313007,0.2753621213800219,-0.13175207108542564,0.14800825592897482,-0.07392136489793977,0.1652051519789297,-0.08546062064924786,-0.20869254920896774,-0.10097137650056087,-0.04348739723003803,-0.015510755851313007,-0.2753621213800219,-0.13175207108542564,-0.14800825592897482,-0.07392136489793977,-0.24056428489863801,-0.10465197990806807,-0.1652051519789297,-0.08546062064924786
7,-1.0,P_terror-d2-v3,terror,-1,1,0.01895410878679371,0.017831128059496493,0.0627408880059166,-0.030770014814585522,0.07323710393448035,-0.007588177584537448,0.02525609579008936,0.03581744653434882,-0.043786779219122884,0.048601142874082015,-0.01895410878679371,0.017831128059496493,-0.0627408880059166,-0.030770014814585522,-0.07323710393448035,-0.007588177584537448,-0.02525609579008936,0.03581744653434882,-0.09350018792953296,0.003548082826303034,0.043786779219122884,0.048601142874082015
7,-1.0,P_terror-d2-v4,terror,-1,1,-0.05036589265872493,0.06600823152799595,0.007686071517108317,0.006524930205181967,-0.01754685338971207,0.06292277845575889,-0.2560443877669325,0.1706557772621391,-0.05805196417583325,0.059483301322813986,0.05036589265872493,0.06600823152799595,-0.007686071517108317,0.006524930205181967,0.01754685338971207,0.06292277845575889,0.2560443877669325,0.1706557772621391,0.27331627419498794,0.18479453453704764,0.05805196417583325,0.059483301322813986
7,-1.0,P_terror-d3-v3,terror,-1,1,0.0247213469348182,-0.027340873278383526,-0.048082866593599505,0.035999196069224304,-0.011560530462067398,-0.006463147181604789,-0.026829881857711513,0.00038728852827141225,0.0728042135284177,-0.06334006934760783,-0.0247213469348182,-0.027340873278383526,0.048082866593599505,0.035999196069224304,0.011560530462067398,-0.006463147181604789,0.026829881857711513,0.00038728852827141225,0.06729761586747074,0.028452006695197873,-0.0728042135284177,-0.06334006934760783
7,-1.0,P_terror-d3-v4,terror,-1,1,0.14248263601932631,-0.05810281905747949,-0.03494895372816664,0.035938672946222994,0.17757097761299567,-0.08302029142630829,0.28535452505730907,-0.1431057633903139,0.17743158974749296,-0.09404149200370249,-0.14248263601932631,-0.05810281905747949,0.03494895372816664,0.035938672946222994,-0.17757097761299567,-0.08302029142630829,-0.28535452505730907,-0.1431057633903139,-0.39734940752575465,-0.1994011462637486,-0.17743158974749296,-0.09404149200370249
7,-1.0,P_ecstasy-d1-v1,ecstasy,1,1,-0.25383741998131404,-0.11752730992439453,0.2907083238619972,0.14765993694704171,-0.13954158925290017,-0.0794640508130362,-0.11071889915175293,-0.07003067932958995,-0.5445457438433112,-0.26518724687143624,-0.25383741998131404,-0.11752730992439453,0.2907083238619972,0.14765993694704171,-0.13954158925290017,-0.0794640508130362,-0.11071889915175293,-0.07003067932958995,-0.06485822102282013,-0.05567121856073509,-0.5445457438433112,-0.26518724687143624
7,-1.0,P_ecstasy-d2-v1,ecstasy,1,1,-0.04765944855914306,-0.02638216688034234,-0.09237715609905095,-0.01609241029355868,-0.09883052177551654,-0.051996580876092935,0.014908348856693454,0.018130853117789503,0.04471770753990789,-0.01028975658678366,-0.04765944855914306,-0.02638216688034234,-0.09237715609905095,-0.01609241029355868,-0.09883052177551654,-0.051996580876092935,0.014908348856693454,0.018130853117789503,-0.069225015993156,-0.017625988562972594,0.04471770753990789,-0.01028975658678366
7,-1.0,P_ecstasy-d2-v2,ecstasy,1,1,0.052324557423463425,0.04330106859685667,0.16434000832461493,0.15936247007804294,0.11349296596263692,0.10678499616105519,0.5365750326241772,0.26984511657792565,-0.1120154509011515,-0.11606140148118627,0.052324557423463425,0.04330106859685667,0.16434000832461493,0.15936247007804294,0.11349296596263692,0.10678499616105519,0.5365750326241772,0.26984511657792565,0.7219965266312101,0.3974486148395697,-0.1120154509011515,-0.11606140148118627
7,-1.0,P_ecstasy-d2-v3,ecstasy,1,1,0.039689279306542424,0.0258848099659863,-0.06950277075908584,-0.012122282179187316,0.09366239921049146,0.0600309637056764,0.3593976536807948,0.16657560916693015,0.10919205006562827,0.038007092145173615,0.039689279306542424,0.0258848099659863,-0.06950277075908584,-0.012122282179187316,0.09366239921049146,0.0600309637056764,0.3593976536807948,0.16657560916693015,0.5822090937241136,0.26616100917682584,0.10919205006562827,0.038007092145173615
7,-1.0,P_ecstasy-d2-v4,ecstasy,1,1,0.06531665471897163,0.07161167279587133,-0.0468200991350205,-0.03263265391228032,0.07117843669343049,0.08391032258440934,0.15456375823514712,0.1074190646887585,0.11213675385399213,0.10424432670815165,0.06531665471897163,0.07161167279587133,-0.0468200991350205,-0.03263265391228032,0.07117843669343049,0.08391032258440934,0.15456375823514712,0.1074190646887585,0.13313623697789367,0.1079207161078326,0.11213675385399213,0.10424432670815165
7,-1.0,P_ecstasy-d3-v1,ecstasy,1,1,-0.04744630671420946,0.013770866093359757,-0.023628978705187542,-0.002261422696481219,-0.0370218191111622,0.04547915561298321,0.10732344678739114,0.10784685503127633,-0.02381732800902192,0.016032288789840976,-0.04744630671420946,0.013770866093359757,-0.023628978705187542,-0.002261422696481219,-0.0370218191111622,0.04547915561298321,0.10732344678739114,0.10784685503127633,0.15402575605496782,0.15856147155011868,-0.02381732800902192,0.016032288789840976
7,-1.0,P_ecstasy-d3-v4,ecstasy,1,1,0.06697708026887028,0.055144399806965616,-0.04121468889940516,-0.019115303429185992,0.10439228729143757,0.07706187747859516,0.26825979262543287,0.12566765974906602,0.10819176916827544,0.07425970323615161,0.06697708026887028,0.055144399806965616,-0.04121468889940516,-0.019115303429185992,0.10439228729143757,0.07706187747859516,0.26825979262543287,0.12566765974906602,0.38218129463387474,0.18023262156674758,0.10819176916827544,0.07425970323615161
7,-1.0,P_loathing-d1-v2,loathing,-1,1,0.02903425256840908,0.0047659619738009695,0.00749295630466662,0.004771428648987275,-0.008314859623933302,0.035378112206902124,-0.16172119602087154,0.08741479308318123,0.02154129626374246,-5.466675186305281e-06,-0.02903425256840908,0.0047659619738009695,-0.00749295630466662,0.004771428648987275,0.008314859623933302,0.035378112206902124,0.16172119602087154,0.08741479308318123,0.23969750688297342,0.13773825765858394,-0.02154129626374246,-5.466675186305281e-06
7,-1.0,P_loathing-d2-v2,loathing,-1,1,0.3703002453693136,-0.18709533635608722,-0.1518832309813698,0.081155128500086,0.41422761894320903,-0.21281875715013898,0.41108894150273567,-0.2093462630526064,0.5221834763506834,-0.2682504648561732,-0.3703002453693136,-0.18709533635608722,0.1518832309813698,0.081155128500086,-0.41422761894320903,-0.21281875715013898,-0.41108894150273567,-0.2093462630526064,-0.43015548050592844,-0.22427535311934577,-0.5221834763506834,-0.2682504648561732
7,-1.0,P_loathing-d3-v2,loathing,-1,1,-0.15668689988286522,0.0884244585759042,-0.10657897891892887,0.08838529304561327,-0.16215246298696373,0.09706577687037132,-0.4616474761820495,0.21997002962962986,-0.05010792096393635,3.916553029092995e-05,0.15668689988286522,0.0884244585759042,0.10657897891892887,0.08838529304561327,0.16215246298696373,0.09706577687037132,0.4616474761820495,0.21997002962962986,0.47491270498176386,0.21714182957085448,0.05010792096393635,3.916553029092995e-05
7,-1.0,P_loathing-d3-v3,loathing,-1,1,-0.1031709944494974,0.04813891612232002,-0.09049242776372957,0.04788700433422388,-0.10866450168543373,0.06478732473428206,-0.19081094449736735,0.12092477851627459,-0.012678566685767834,0.00025191178809613746,0.1031709944494974,0.04813891612232002,0.09049242776372957,0.04788700433422388,0.10866450168543373,0.06478732473428206,0.19081094449736735,0.12092477851627459,0.19446882530305132,0.1327981651036434,0.012678566685767834,0.00025191178809613746
7,-1.0,P_loathing-d3-v4,loathing,-1,1,-0.1014918106040561,0.04966785084065428,0.11431065126734996,-0.05034137513006165,-0.11917175771495447,0.08832478477477768,-0.454475204279825,0.22665372312589804,-0.21580246187140606,0.10000922597071593,0.1014918106040561,0.04966785084065428,-0.11431065126734996,-0.05034137513006165,0.11917175771495447,0.08832478477477768,0.454475204279825,0.22665372312589804,0.6080873766043515,0.3428646428846416,0.21580246187140606,0.10000922597071593
7,-1.0,P_amazement-d1-v1,amazement,1,1,-0.0045632413636864655,0.009971796910855701,-0.05818178319564016,-0.04442215753628176,-0.01071365152310566,0.012995557905045807,0.1893146038783673,0.11634325035608972,0.05361854183195369,0.05439395444713746,-0.0045632413636864655,0.009971796910855701,-0.05818178319564016,-0.04442215753628176,-0.01071365152310566,0.012995557905045807,0.1893146038783673,0.11634325035608972,0.09945728329398884,0.07832625068009769,0.05361854183195369,0.05439395444713746
7,-1.0,P_amazement-d1-v2,amazement,1,1,0.043347915064210873,0.025435560868836582,0.015164406257228258,0.0012145526894364878,0.03226079242106206,0.02127314250949386,0.15757829682159352,0.07853927491492652,0.028183508806982616,0.024221008179400094,0.043347915064210873,0.025435560868836582,0.015164406257228258,0.0012145526894364878,0.03226079242106206,0.02127314250949386,0.15757829682159352,0.07853927491492652,0.1260943770195717,0.0503098487912883,0.028183508806982616,0.024221008179400094
7,-1.0,P_amazement-d1-v4,amazement,1,1,0.05310897156842209,0.06499349566600987,0.0525014950469993,0.04037051019590443,0.042081786468352256,0.06731540160605576,0.06478432919004096,0.0631071046099052,0.0006074765214227895,0.02462298547010544,0.05310897156842209,0.06499349566600987,0.0525014950469993,0.04037051019590443,0.042081786468352256,0.06731540160605576,0.06478432919004096,0.0631071046099052,0.005369022815329139,0.03619144000414831,0.0006074765214227895,0.02462298547010544
7,-1.0,P_amazement-d2-v1,amazement,1,1,0.006834412722109384,0.021141536117016635,-0.043712752386266374,-0.0302849985835838,-0.00318290977556579,0.019843420662065903,-0.026386153911905907,0.006156216758314237,0.05054716510837576,0.051426534700600435,0.006834412722109384,0.021141536117016635,-0.043712752386266374,-0.0302849985835838,-0.00318290977556579,0.019843420662065903,-0.026386153911905907,0.006156216758314237,0.025911075936166483,0.027849735819248878,0.05054716510837576,0.051426534700600435
7,-1.0,P_amazement-d2-v2,amazement,1,1,0.09850418403196226,0.07630810971908542,-0.03515785376128555,-0.01648683415290808,0.13825511166437554,0.08534920697694304,0.23812931655774605,0.15170753539844561,0.1336620377932478,0.0927949438719935,0.09850418403196226,0.07630810971908542,-0.03515785376128555,-0.01648683415290808,0.13825511166437554,0.08534920697694304,0.23812931655774605,0.15170753539844561,0.3081001696791854,0.17335168891219066,0.1336620377932478,0.0927949438719935
7,-1.0,P_amazement-d3-v2,amazement,1,1,-0.0015549982421365627,0.0005176340256944911,-0.016765474706308403,0.010457464442101383,0.03546633534774557,0.010717804049542146,0.1426744097696746,0.10415831913102913,0.01521047646417184,-0.009939830416406892,-0.0015549982421365627,0.0005176340256944911,-0.016765474706308403,0.010457464442101383,0.03546633534774557,0.010717804049542146,0.1426744097696746,0.10415831913102913,0.19125525683792688,0.14615626220801836,0.01521047646417184,-0.009939830416406892
7,-1.0,P_amazement-d3-v4,amazement,1,1,0.03306275433232653,0.023898410106041545,0.019017640422810622,0.007968136549284743,0.0492484853594366,0.04106845233499179,0.17131238862641363,0.09221266441306541,0.014045113909515905,0.015930273556756802,0.03306275433232653,0.023898410106041545,0.019017640422810622,0.007968136549284743,0.0492484853594366,0.04106845233499179,0.17131238862641363,0.09221266441306541,0.2716233649082822,0.146518126160895,0.014045113909515905,0.015930273556756802
7,-1.0,P_admiration-d1-v1,admiration,1,1,0.06718272394874791,0.05707101870021081,0.060129521850701195,0.014389694903003125,0.09935933647444184,0.09172222941025598,0.37336674764148103,0.2150770265790629,0.007053202098046718,0.04268132379720768,0.06718272394874791,0.05707101870021081,0.060129521850701195,0.014389694903003125,0.09935933647444184,0.09172222941025598,0.37336674764148103,0.2150770265790629,0.46819709183364555,0.27471099783531905,0.007053202098046718,0.04268132379720768
7,-1.0,P_admiration-d1-v2,admiration,1,1,0.04218688925311209,0.04296713767948823,-0.04494977617804086,-0.01924640355735363,0.04804932634784276,0.05390776170059919,0.26766931215030754,0.13926369106076653,0.08713666543115295,0.06221354123684186,0.04218688925311209,0.04296713767948823,-0.04494977617804086,-0.01924640355735363,0.04804932634784276,0.05390776170059919,0.26766931215030754,0.13926369106076653,0.31621734641482613,0.1664223964247915,0.08713666543115295,0.06221354123684186
7,-1.0,P_admiration-d1-v3,admiration,1,1,0.054033536306018703,0.03800642418730327,0.025873472929184516,0.012414427128217831,0.08877042875494023,0.06619728178489659,0.38985305015887617,0.18374418715778074,0.028160063376834188,0.025591997059085436,0.054033536306018703,0.03800642418730327,0.025873472929184516,0.012414427128217831,0.08877042875494023,0.06619728178489659,0.38985305015887617,0.18374418715778074,0.5324606211413134,0.25700269092206085,0.028160063376834188,0.025591997059085436
7,-1.0,P_admiration-d2-v1,admiration,1,1,0.1062174828232596,0.049223795802367576,0.016588407922933257,0.02069861173445453,0.08404261378090983,0.04340638943979158,0.3044008805605696,0.1536484445693631,0.08962907490032634,0.028525184067913045,0.1062174828232596,0.049223795802367576,0.016588407922933257,0.02069861173445453,0.08404261378090983,0.04340638943979158,0.3044008805605696,0.1536484445693631,0.24436495088583188,0.13106265809163187,0.08962907490032634,0.028525184067913045
7,-1.0,P_admiration-d2-v2,admiration,1,1,0.012735327917702044,0.0012831901564922532,0.050874880820537705,0.02881319896747314,0.0363236212838034,0.0348014958359375,0.2832632086196245,0.11415340008170194,-0.03813955290283566,-0.027530008810980888,0.012735327917702044,0.0012831901564922532,0.050874880820537705,0.02881319896747314,0.0363236212838034,0.0348014958359375,0.2832632086196245,0.11415340008170194,0.3301708708773674,0.14275973464291392,-0.03813955290283566,-0.027530008810980888
7,-1.0,P_admiration-d2-v3,admiration,1,1,-0.006434792238142251,0.023582042951532323,-0.012525930458781254,0.001348048082438602,-0.005432675491338301,0.038782779289918246,0.15208417110689965,0.10598607436648777,0.006091138220639003,0.02223399486909372,-0.006434792238142251,0.023582042951532323,-0.012525930458781254,0.001348048082438602,-0.005432675491338301,0.038782779289918246,0.15208417110689965,0.10598607436648777,0.16922440524116134,0.12148598133088484,0.006091138220639003,0.02223399486909372
7,-1.0,P_vigilance-d1-v4,vigilance,1,1,0.07759784920482549,0.09333743053083232,0.009704525078653603,0.004849647672791946,0.08920171385148556,0.11057782968351049,0.2154163902625399,0.1432975092241353,0.06789332412617188,0.08848778285804038,0.07759784920482549,0.09333743053083232,0.009704525078653603,0.004849647672791946,0.08920171385148556,0.11057782968351049,0.2154163902625399,0.1432975092241353,0.23803484443595657,0.1653724950343074,0.06789332412617188,0.08848778285804038
7,-1.0,P_vigilance-d2-v3,vigilance,1,1,-0.005932800764761659,-0.0032675069716869842,0.006149622297509261,0.005683697642932195,0.02410347856014372,0.014951739147734067,0.03143085664780898,0.021459003725474712,-0.01208242306227092,-0.00895120461461918,-0.005932800764761659,-0.0032675069716869842,0.006149622297509261,0.005683697642932195,0.02410347856014372,0.014951739147734067,0.03143085664780898,0.021459003725474712,0.12567564278676668,0.06713238410687339,-0.01208242306227092,-0.00895120461461918
7,-1.0,P_vigilance-d2-v4,vigilance,1,1,0.024056868033391687,0.0514164723348145,-0.019284017035895218,-0.006835852206118709,0.04530146744370356,0.0625267929165485,0.15773930895438326,0.13137848863726997,0.043340885069286905,0.05825232454093321,0.024056868033391687,0.0514164723348145,-0.019284017035895218,-0.006835852206118709,0.04530146744370356,0.0625267929165485,0.15773930895438326,0.13137848863726997,0.18577665514267938,0.1526092372457315,0.043340885069286905,0.05825232454093321
7,-1.0,P_vigilance-d3-v2,vigilance,1,1,-0.0026848020606884404,-0.004795683687904173,0.0037538409274215923,0.016431466723126675,0.0059034111921842936,0.0025286133282556023,-0.009168168999188708,0.007925306566241908,-0.006438642988110033,-0.02122715041103085,-0.0026848020606884404,-0.004795683687904173,0.0037538409274215923,0.016431466723126675,0.0059034111921842936,0.0025286133282556023,-0.009168168999188708,0.007925306566241908,-0.03725627054750191,0.005828040493870645,-0.006438642988110033,-0.02122715041103085
7,-1.0,P_vigilance-d3-v4,vigilance,1,1,-0.04836025253082976,-0.030614241433529088,-0.01007069604035582,0.007281535999564603,-0.03413206847368855,-0.014214874398668087,-0.09238967522862307,-0.046135202619361326,-0.03828955649047394,-0.03789577743309369,-0.04836025253082976,-0.030614241433529088,-0.01007069604035582,0.007281535999564603,-0.03413206847368855,-0.014214874398668087,-0.09238967522862307,-0.046135202619361326,-0.018846422990284495,-0.01179176015420591,-0.03828955649047394,-0.03789577743309369
7,-1.0,P_rage-d4-v1,rage,-1,1,0.03130509129199677,-0.018472626530977365,0.013720855809559396,-0.008645545132423216,0.05965678371911842,-0.03340230069130712,-0.05194394273445102,0.026403304284613682,0.01758423548243737,-0.00982708139855415,-0.03130509129199677,-0.018472626530977365,-0.013720855809559396,-0.008645545132423216,-0.05965678371911842,-0.03340230069130712,0.05194394273445102,0.026403304284613682,-0.04412216073636621,-0.01596228636549224,-0.01758423548243737,-0.00982708139855415
7,-1.0,P_rage-d4-v2,rage,-1,1,-0.05224509473492045,0.018372395986129497,-0.026542247776097483,0.011982385243357818,-0.019918631306403256,-0.00028000937791983205,-0.26554169777803516,0.1249826875260962,-0.025702846958822967,0.006390010742771679,0.05224509473492045,0.018372395986129497,0.026542247776097483,0.011982385243357818,0.019918631306403256,-0.00028000937791983205,0.26554169777803516,0.1249826875260962,0.1967862843703614,0.08565111447959728,0.025702846958822967,0.006390010742771679
7,-1.0,P_rage-d4-v4,rage,-1,1,0.045100037027733464,-0.02200668435061459,0.050405113817679315,-0.016699556119192493,0.04113223127350807,-0.020742416507655292,-0.08273524316456538,0.03894152578312138,-0.005305076789945851,-0.005307128231422098,-0.045100037027733464,-0.02200668435061459,-0.050405113817679315,-0.016699556119192493,-0.04113223127350807,-0.020742416507655292,0.08273524316456538,0.03894152578312138,0.042728358796833454,0.017983240264532796,0.005305076789945851,-0.005307128231422098
7,-1.0,P_rage-d5-v1,rage,-1,1,-0.016032598100498063,0.019214833383179197,0.11963725012301651,-0.08092372347179655,-0.007914240089548663,0.015103401847579079,-0.0795702936300251,0.043569323574390584,-0.13566984822351458,0.10013855685497575,0.016032598100498063,0.019214833383179197,-0.11963725012301651,-0.08092372347179655,0.007914240089548663,0.015103401847579079,0.0795702936300251,0.043569323574390584,0.07708984419853637,0.04144447881244062,0.13566984822351458,0.10013855685497575
7,-1.0,P_rage-d5-v3,rage,-1,1,-0.006350458812884874,-0.01657197832650148,-0.26343083558378666,0.14480055121757207,0.053996905705357534,-0.04850432018372608,-0.049713441813005854,0.0038798465538283367,0.2570803767709018,-0.16137252954407355,0.006350458812884874,-0.01657197832650148,0.26343083558378666,0.14480055121757207,-0.053996905705357534,-0.04850432018372608,0.049713441813005854,0.0038798465538283367,0.02312306503711703,-0.006568688002265066,-0.2570803767709018,-0.16137252954407355
7,-1.0,P_rage-d6-v2,rage,-1,1,0.0555229840932947,-0.026518299101263132,-0.007457028252919606,0.012084813757858193,0.04809278723801835,-0.014661342144608014,0.07650554105839236,-0.036866531441535955,0.06298001234621431,-0.038603112859121325,-0.0555229840932947,-0.026518299101263132,0.007457028252919606,0.012084813757858193,-0.04809278723801835,-0.014661342144608014,-0.07650554105839236,-0.036866531441535955,0.02072273559272375,0.007148000998216109,-0.06298001234621431,-0.038603112859121325
7,-1.0,P_grief-d4-v2,grief,-1,-1,0.024314468576379866,0.009016203825074065,0.09252818874120372,0.053429002385766644,0.028496592648222574,0.01810271431313648,0.05920716887189137,0.02206639645778541,-0.06821372016482385,-0.04441279856069258,-0.024314468576379866,-0.009016203825074065,-0.09252818874120372,-0.053429002385766644,-0.028496592648222574,-0.01810271431313648,-0.05920716887189137,-0.02206639645778541,-0.10513026263983116,-0.04115037532960786,0.06821372016482385,0.04441279856069258
7,-1.0,P_grief-d4-v3,grief,-1,-1,0.32340459618693806,0.1707311866704848,-0.14963737164275948,-0.08358767563475666,0.4291072374870719,0.22529009807202982,0.39248513294352927,0.21625285011398443,0.47304196782969754,0.2543188623052415,-0.32340459618693806,-0.1707311866704848,0.14963737164275948,0.08358767563475666,-0.4291072374870719,-0.22529009807202982,-0.39248513294352927,-0.21625285011398443,-0.4591655655724409,-0.24812597501226863,-0.47304196782969754,-0.2543188623052415
7,-1.0,P_grief-d4-v4,grief,-1,-1,0.011050811220065349,0.008967794992929434,-0.15393834570935194,-0.10433395431523174,-0.012933238622649945,-0.007440373299989034,0.0012475356230403634,0.008447439727107486,0.1649891569294173,0.11330174930816117,-0.011050811220065349,-0.008967794992929434,0.15393834570935194,0.10433395431523174,0.012933238622649945,0.007440373299989034,-0.0012475356230403634,-0.008447439727107486,0.05186278781381848,0.026711722599948917,-0.1649891569294173,-0.11330174930816117
7,-1.0,P_grief-d5-v1,grief,-1,-1,0.04364102823048022,0.025901022643201266,0.04499619707080171,0.00920530167438649,0.05398836319178191,0.033627538701669124,0.18991467828639452,0.09327153043062975,-0.0013551688403214968,0.016695720968814776,-0.04364102823048022,-0.025901022643201266,-0.04499619707080171,-0.00920530167438649,-0.05398836319178191,-0.033627538701669124,-0.18991467828639452,-0.09327153043062975,-0.21699113706456963,-0.10432182459403272,0.0013551688403214968,-0.016695720968814776
7,-1.0,P_grief-d5-v2,grief,-1,-1,0.028771403236322435,0.020089612443978666,-0.06445533693968741,-0.05014104006025022,0.044573269336521726,0.023795927551540252,-0.09500968860234149,-0.027895735667737842,0.09322674017600985,0.07023065250422889,-0.028771403236322435,-0.020089612443978666,0.06445533693968741,0.05014104006025022,-0.044573269336521726,-0.023795927551540252,0.09500968860234149,0.027895735667737842,0.08207994157050802,0.024941069169003516,-0.09322674017600985,-0.07023065250422889
7,-1.0,P_grief-d5-v3,grief,-1,-1,-0.02172230497076999,-0.013565807425734988,0.02521952498003177,0.004346799792494416,-0.025860276927327064,-0.019280757366823664,-0.12785447914662118,-0.06450590340882378,-0.04694182995080176,-0.017912607218229404,0.02172230497076999,0.013565807425734988,-0.02521952498003177,-0.004346799792494416,0.025860276927327064,0.019280757366823664,0.12785447914662118,0.06450590340882378,0.11763622312298772,0.06090603991012511,0.04694182995080176,0.017912607218229404
7,-1.0,P_grief-d6-v1,grief,-1,-1,0.04554224647274907,0.018760799527263394,0.048295477504445294,0.031625224721887335,0.05330653870514368,0.0251775439979518,0.12715028608101653,0.0491113712620499,-0.002753231031696224,-0.01286442519462394,-0.04554224647274907,-0.018760799527263394,-0.048295477504445294,-0.031625224721887335,-0.05330653870514368,-0.0251775439979518,-0.12715028608101653,-0.0491113712620499,-0.14771464496025866,-0.06448426376852323,0.002753231031696224,0.01286442519462394
7,-1.0,P_grief-d6-v2,grief,-1,-1,0.1010537311803521,0.0530671021461373,0.05091779717139211,0.023194010703756263,0.15229209580072745,0.08024214855461764,0.19427334619090164,0.08630755476562468,0.05013593400895999,0.02987309144238104,-0.1010537311803521,-0.0530671021461373,-0.05091779717139211,-0.023194010703756263,-0.15229209580072745,-0.08024214855461764,-0.19427334619090164,-0.08630755476562468,-0.27515322846141244,-0.12831615854020884,-0.05013593400895999,-0.02987309144238104
7,-1.0,P_terror-d4-v1,terror,-1,1,-0.015654559987763328,0.0020892809597361506,0.01487645859395581,-0.014986166073581053,-0.04085407185907908,0.016650413387170993,0.0012626015559420445,-0.005393996883220176,-0.030531018581719138,0.017075447033317204,0.015654559987763328,0.0020892809597361506,-0.01487645859395581,-0.014986166073581053,0.04085407185907908,0.016650413387170993,-0.0012626015559420445,-0.005393996883220176,0.026738388936381252,0.008344663675079467,0.030531018581719138,0.017075447033317204
7,-1.0,P_terror-d4-v2,terror,-1,1,-0.11384258024779914,0.06434099506822921,-0.13861224743694223,0.08467513030517004,-0.16204784735790856,0.09241325501072595,-0.23178835017813793,0.12036024114845967,0.024769667189143085,-0.02033413523694083,0.11384258024779914,0.06434099506822921,0.13861224743694223,0.08467513030517004,0.16204784735790856,0.09241325501072595,0.23178835017813793,0.12036024114845967,0.29809716367842976,0.14758868940555514,-0.024769667189143085,-0.02033413523694083
7,-1.0,P_terror-d4-v3,terror,-1,1,-0.01864711245936057,0.012227136011621731,-0.02877606633969254,0.03168835220788768,-0.015900547099997553,0.015996904636954135,-0.08548201342332762,0.04543308835100435,0.01012895388033197,-0.01946121619626595,0.01864711245936057,0.012227136011621731,0.02877606633969254,0.03168835220788768,0.015900547099997553,0.015996904636954135,0.08548201342332762,0.04543308835100435,0.09211771024861148,0.05100462342476053,-0.01012895388033197,-0.01946121619626595
7,-1.0,P_terror-d5-v1,terror,-1,1,-0.04723086399083609,0.022715919842372756,-0.10631102213654575,0.06053420864684078,-0.0306406035756579,0.016280704622872122,-0.13656345802069048,0.06978040086037973,0.05908015814570966,-0.037818288804468025,0.04723086399083609,0.022715919842372756,0.10631102213654575,0.06053420864684078,0.0306406035756579,0.016280704622872122,0.13656345802069048,0.06978040086037973,0.09894507641482608,0.05209184265987288,-0.05908015814570966,-0.037818288804468025
7,-1.0,P_terror-d5-v2,terror,-1,1,-0.0366843688445897,0.017862094911127002,-0.04101121827502574,0.03392022022034524,-0.020763807647054655,-0.00647205977784715,-0.23695820184980976,0.09522756921756415,0.004326849430436042,-0.01605812530921824,0.0366843688445897,0.017862094911127002,0.04101121827502574,0.03392022022034524,0.020763807647054655,-0.00647205977784715,0.23695820184980976,0.09522756921756415,0.14438451898076998,0.05869759589052359,-0.004326849430436042,-0.01605812530921824
7,-1.0,P_terror-d6-v2,terror,-1,1,0.10972495267552596,-0.05515464519495872,-0.08389554955547407,0.03274473867585215,0.08650998378449426,-0.044656915599924574,0.1972864221413091,-0.09679644640526375,0.19362050223100002,-0.08789938387081087,-0.10972495267552596,-0.05515464519495872,0.08389554955547407,0.03274473867585215,-0.08650998378449426,-0.044656915599924574,-0.1972864221413091,-0.09679644640526375,-0.1701536273562252,-0.08271155815060505,-0.19362050223100002,-0.08789938387081087
7,-1.0,P_ecstasy-d4-v1,ecstasy,1,1,-0.031002823047167283,-0.002600229289485334,-0.03888059524897258,-0.01366609550285336,-0.031105360049243913,0.0015421442534409024,-0.0004141274779820847,0.014794882386847341,0.0078777722018053,0.011065866213368025,-0.031002823047167283,-0.002600229289485334,-0.03888059524897258,-0.01366609550285336,-0.031105360049243913,0.0015421442534409024,-0.0004141274779820847,0.014794882386847341,0.0549275205404669,0.045405402514594684,0.0078777722018053,0.011065866213368025
7,-1.0,P_ecstasy-d4-v3,ecstasy,1,1,-0.014419023454012247,-0.017930966255857328,-0.008272862459549835,0.005599291686375629,-0.02101300936055761,-0.02879676681564458,0.02508137036738045,0.008167404848574922,-0.006146160994462413,-0.023530257942232957,-0.014419023454012247,-0.017930966255857328,-0.008272862459549835,0.005599291686375629,-0.02101300936055761,-0.02879676681564458,0.02508137036738045,0.008167404848574922,0.03445564955601732,-0.0009937485477014008,-0.006146160994462413,-0.023530257942232957
7,-1.0,P_ecstasy-d5-v1,ecstasy,1,1,-0.0760745220013952,-0.04217455779259005,0.07906871625875667,0.06986803285898446,-0.06900863967907789,-0.03781715204294578,-0.14435515975580993,-0.0683632351017871,-0.15514323826015186,-0.11204259065157451,-0.0760745220013952,-0.04217455779259005,0.07906871625875667,0.06986803285898446,-0.06900863967907789,-0.03781715204294578,-0.14435515975580993,-0.0683632351017871,-0.10351830230025305,-0.050146452092862503,-0.15514323826015186,-0.11204259065157451
7,-1.0,P_ecstasy-d5-v2,ecstasy,1,1,-0.17956252214134238,-0.09500765489957885,0.2089997337464018,0.1137204728024841,-0.11129721657105396,-0.05831049654600129,-0.13190897414837988,-0.08912365766508223,-0.3885622558877442,-0.20872812770206295,-0.17956252214134238,-0.09500765489957885,0.2089997337464018,0.1137204728024841,-0.11129721657105396,-0.05831049654600129,-0.13190897414837988,-0.08912365766508223,-0.05518536244186678,-0.044537553500421545,-0.3885622558877442,-0.20872812770206295
7,-1.0,P_ecstasy-d5-v4,ecstasy,1,1,-0.03955724785837855,-0.013943045499591022,-0.2104523967541141,-0.12106840170249455,-0.03110192988990157,-0.015262297150130166,-0.08037108596110043,-0.03873647563332705,0.17089514889573554,0.10712535620290353,-0.03955724785837855,-0.013943045499591022,-0.2104523967541141,-0.12106840170249455,-0.03110192988990157,-0.015262297150130166,-0.08037108596110043,-0.03873647563332705,-0.09879979039081066,-0.045148901181599754,0.17089514889573554,0.10712535620290353
7,-1.0,P_ecstasy-d6-v1,ecstasy,1,1,-0.07458375702018927,-0.03859054098505954,0.14782532667822856,0.09334116657399516,-0.1040648200630212,-0.05786852463897052,-0.13626267379598245,-0.07719401585251884,-0.22240908369841783,-0.1319317075590547,-0.07458375702018927,-0.03859054098505954,0.14782532667822856,0.09334116657399516,-0.1040648200630212,-0.05786852463897052,-0.13626267379598245,-0.07719401585251884,-0.28713201168605407,-0.14775621683151074,-0.22240908369841783,-0.1319317075590547
7,-1.0,P_ecstasy-d6-v2,ecstasy,1,1,-0.029632211613513704,-0.010447309300393393,-0.02375552088117594,-0.005471802515562452,-0.003078600198695547,0.004088371702753335,-0.0032055659537362224,-0.005190437520836255,-0.005876690732337764,-0.004975506784830941,-0.029632211613513704,-0.010447309300393393,-0.02375552088117594,-0.005471802515562452,-0.003078600198695547,0.004088371702753335,-0.0032055659537362224,-0.005190437520836255,0.0676430179750751,0.034328108127176016,-0.005876690732337764,-0.004975506784830941
7,-1.0,P_ecstasy-d6-v3,ecstasy,1,1,0.013217207696883726,0.01924379114517194,-0.055698005778598514,-0.028321596840537033,0.0022246969659622806,0.011067471193682898,0.16427148579330053,0.09218739788163788,0.06891521347548224,0.04756538798570897,0.013217207696883726,0.01924379114517194,-0.055698005778598514,-0.028321596840537033,0.0022246969659622806,0.011067471193682898,0.16427148579330053,0.09218739788163788,0.12304737049416259,0.07313551280260899,0.06891521347548224,0.04756538798570897
7,-1.0,P_loathing-d4-v1,loathing,-1,1,0.05728886383419862,-0.041244303102429214,0.034223265134187386,-0.02521313236436562,0.09666731356864666,-0.0707591313428626,0.16554033677119406,-0.09260047230725865,0.023065598700011236,-0.016031170738063594,-0.05728886383419862,-0.041244303102429214,-0.034223265134187386,-0.02521313236436562,-0.09666731356864666,-0.0707591313428626,-0.16554033677119406,-0.09260047230725865,-0.3912394535476098,-0.19086374519438154,-0.023065598700011236,-0.016031170738063594
7,-1.0,P_loathing-d5-v2,loathing,-1,1,-0.02637177939142088,0.013274354338589589,-0.00726905790570509,0.01425010006323113,-0.01706538058817575,0.008725033762662093,-0.0871142413109447,0.027787300280072813,-0.01910272148571579,-0.0009757457246415413,0.02637177939142088,0.013274354338589589,0.00726905790570509,0.01425010006323113,0.01706538058817575,0.008725033762662093,0.0871142413109447,0.027787300280072813,0.02640767150479162,0.009534863390020742,0.01910272148571579,-0.0009757457246415413
7,-1.0,P_loathing-d6-v2,loathing,-1,1,0.052098342603216885,-0.023048921469246864,0.0840667230939145,-0.05983912260066937,0.015055077539433803,-0.004768297787169473,0.03470084605446866,-0.01641757965981716,-0.03196838049069761,0.036790201131422506,-0.052098342603216885,-0.023048921469246864,-0.0840667230939145,-0.05983912260066937,-0.015055077539433803,-0.004768297787169473,-0.03470084605446866,-0.01641757965981716,0.0075511395403622394,0.005350550971591872,0.03196838049069761,0.036790201131422506
7,-1.0,P_loathing-d6-v4,loathing,-1,1,-0.05441752478150619,0.021773435915979356,-0.04457651895306647,0.022679214289344607,-0.09202610749201146,0.04232723653936432,-0.10852748225095299,0.04467375179452171,-0.00984100582843972,-0.0009057783733652514,0.05441752478150619,0.021773435915979356,0.04457651895306647,0.022679214289344607,0.09202610749201146,0.04232723653936432,0.10852748225095299,0.04467375179452171,0.21558999760556175,0.08475800049485116,0.00984100582843972,-0.0009057783733652514
7,-1.0,P_amazement-d4-v1,amazement,1,1,0.06879004859174831,0.04212993936546994,-0.002888737733322877,-0.014202004191046669,0.06460234884468452,0.04821348846447826,0.23774388356456821,0.12127351902456684,0.07167878632507119,0.056331943556516606,0.06879004859174831,0.04212993936546994,-0.002888737733322877,-0.014202004191046669,0.06460234884468452,0.04821348846447826,0.23774388356456821,0.12127351902456684,0.1524555199086839,0.09159225930807935,0.07167878632507119,0.056331943556516606
7,-1.0,P_amazement-d4-v2,amazement,1,1,-0.021343496761589087,-0.00989815346763745,-0.07912038730041715,-0.04115294608342701,-0.014482631259657097,-0.010168131288994076,0.0012590370996363731,-0.0030031418866398596,0.05777689053882806,0.03125479261578956,-0.021343496761589087,-0.00989815346763745,-0.07912038730041715,-0.04115294608342701,-0.014482631259657097,-0.010168131288994076,0.0012590370996363731,-0.0030031418866398596,0.0051957555787525145,-0.0051784221225466,0.05777689053882806,0.03125479261578956
7,-1.0,P_amazement-d5-v2,amazement,1,1,-0.004969140916651682,0.0024523747173095245,-0.011576230549215971,-0.02186763325140806,-0.014027314035336858,0.00659887263489356,0.11974111576884328,0.05745810770230575,0.006607089632564289,0.024320007968717583,-0.004969140916651682,0.0024523747173095245,-0.011576230549215971,-0.02186763325140806,-0.014027314035336858,0.00659887263489356,0.11974111576884328,0.05745810770230575,0.10055569099085915,0.05938059684008756,0.006607089632564289,0.024320007968717583
7,-1.0,P_amazement-d5-v4,amazement,1,1,-0.009379805208044267,-0.011551824937141575,0.09753673995753154,0.08586678724475938,-0.007555320164726709,-0.006869028462911153,-0.05867078584740071,-0.03847534313358736,-0.1069165451655758,-0.09741861218190095,-0.009379805208044267,-0.011551824937141575,0.09753673995753154,0.08586678724475938,-0.007555320164726709,-0.006869028462911153,-0.05867078584740071,-0.03847534313358736,-0.0294569198419814,-0.022947587742585096,-0.1069165451655758,-0.09741861218190095
7,-1.0,P_amazement-d6-v1,amazement,1,1,0.03174162603330366,0.025363052868864422,0.036787608278130435,0.034787400851808314,0.07346001067221497,0.04735413523807264,0.13111524080833403,0.06618147041737199,-0.005045982244826774,-0.009424347982943893,0.03174162603330366,0.025363052868864422,0.036787608278130435,0.034787400851808314,0.07346001067221497,0.04735413523807264,0.13111524080833403,0.06618147041737199,0.3271910258582067,0.15410198813597553,-0.005045982244826774,-0.009424347982943893
7,-1.0,P_amazement-d6-v4,amazement,1,1,-0.0005225272772353406,0.005498818598460353,-0.04394174285991159,-0.019267954115545827,-0.019200550707755504,-0.0044633419950432796,-0.012476024892921878,-0.0042605747387423065,0.04341921558267625,0.02476677271400618,-0.0005225272772353406,0.005498818598460353,-0.04394174285991159,-0.019267954115545827,-0.019200550707755504,-0.0044633419950432796,-0.012476024892921878,-0.0042605747387423065,-0.026100551450315645,-0.009453146931234002,0.04341921558267625,0.02476677271400618
7,-1.0,P_admiration-d5-v1,admiration,1,1,-0.06734487789298615,-0.03959401936319029,0.03441481096251309,0.019189407912303835,-0.05575176934019588,-0.034935343451988565,-0.28465125834844196,-0.11238351238482336,-0.10175968885549924,-0.05878342727549413,-0.06734487789298615,-0.03959401936319029,0.03441481096251309,0.019189407912303835,-0.05575176934019588,-0.034935343451988565,-0.28465125834844196,-0.11238351238482336,-0.262648015164181,-0.11791106399396245,-0.10175968885549924,-0.05878342727549413
7,-1.0,P_admiration-d5-v3,admiration,1,1,-0.09088633451632688,-0.05358800135179198,-0.07219761061165286,-0.0456662560425789,-0.09988995379172572,-0.05448000223692606,0.01983443628306647,-0.0019741683783238706,-0.01868872390467402,-0.00792174530921308,-0.09088633451632688,-0.05358800135179198,-0.07219761061165286,-0.0456662560425789,-0.09988995379172572,-0.05448000223692606,0.01983443628306647,-0.0019741683783238706,-0.024512785236742163,-0.02849577704917916,-0.01868872390467402,-0.00792174530921308
7,-1.0,P_admiration-d6-v1,admiration,1,1,0.03638310683817725,0.017308681859848463,-0.03564695080758984,-0.024641728887460523,0.042201034076327026,0.02167566114766739,0.090467191680911,0.04042771126857003,0.07203005764576709,0.041950410747308986,0.03638310683817725,0.017308681859848463,-0.03564695080758984,-0.024641728887460523,0.042201034076327026,0.02167566114766739,0.090467191680911,0.04042771126857003,0.11593038308557224,0.051321851696137344,0.07203005764576709,0.041950410747308986
7,-1.0,P_admiration-d6-v2,admiration,1,1,0.025602802783011747,0.02190519885761244,0.025447838781737175,0.01486324721630794,0.04010122856450593,0.02912428829816438,0.08893716199561563,0.04589582195309827,0.00015496400127457122,0.0070419516413045,0.025602802783011747,0.02190519885761244,0.025447838781737175,0.01486324721630794,0.04010122856450593,0.02912428829816438,0.08893716199561563,0.04589582195309827,0.13546082088667522,0.06674713477807082,0.00015496400127457122,0.0070419516413045
7,-1.0,P_admiration-d6-v3,admiration,1,1,0.100295112842411,0.0607217861602134,0.0898117535156171,0.052604618335100106,0.1260064931806042,0.07203261118892623,0.1552593432152043,0.08725873542602791,0.010483359326793895,0.008117167825113292,0.100295112842411,0.0607217861602134,0.0898117535156171,0.052604618335100106,0.1260064931806042,0.07203261118892623,0.1552593432152043,0.08725873542602791,0.16758713452170104,0.08877202251615879,0.010483359326793895,0.008117167825113292
7,-1.0,P_admiration-d6-v4,admiration,1,1,-0.013018489476995576,-0.007327560658081822,0.018623676322993887,0.018912459128986647,-0.04080944553895982,-0.01998341251843261,0.07613808335106409,0.029714135096582606,-0.03164216579998946,-0.02624001978706847,-0.013018489476995576,-0.007327560658081822,0.018623676322993887,0.018912459128986647,-0.04080944553895982,-0.01998341251843261,0.07613808335106409,0.029714135096582606,0.012762855809437479,0.004643443787054391,-0.03164216579998946,-0.02624001978706847
7,-1.0,P_vigilance-d4-v2,vigilance,1,1,-0.051840588199645765,-0.04057132476218417,-0.039401537837169265,-0.032362152505660546,-0.031825130708419636,-0.03369333603335534,-0.1476576274791528,-0.09013710513968931,-0.0124390503624765,-0.008209172256523622,-0.051840588199645765,-0.04057132476218417,-0.039401537837169265,-0.032362152505660546,-0.031825130708419636,-0.03369333603335534,-0.1476576274791528,-0.09013710513968931,-0.14102111562680886,-0.08863178157234586,-0.0124390503624765,-0.008209172256523622
7,-1.0,P_vigilance-d5-v2,vigilance,1,1,0.04914103294016936,0.034560054307752,0.056315443558781375,0.02514124264946105,0.05402623620288072,0.03821900560705327,0.16515980765017524,0.0781679191756206,-0.007174410618612015,0.009418811658290949,0.04914103294016936,0.034560054307752,0.056315443558781375,0.02514124264946105,0.05402623620288072,0.03821900560705327,0.16515980765017524,0.0781679191756206,0.1930276194446776,0.09458211013565254,-0.007174410618612015,0.009418811658290949
7,-1.0,P_vigilance-d5-v3,vigilance,1,1,-0.04268287291479922,-0.023414097077181673,-0.0350871425585888,-0.01304492916839628,-0.0407152929274428,-0.020428861552376887,0.00695398153113036,-0.0019580180359959343,-0.007595730356210417,-0.010369167908785393,-0.04268287291479922,-0.023414097077181673,-0.0350871425585888,-0.01304492916839628,-0.0407152929274428,-0.020428861552376887,0.00695398153113036,-0.0019580180359959343,0.04925598540815779,0.011109912452122117,-0.007595730356210417,-0.010369167908785393
7,-1.0,P_vigilance-d5-v4,vigilance,1,1,-0.005569660039930646,0.004814264688953074,0.020375477423996813,0.018851882296452516,0.01915844382493681,0.013970353486627118,0.054346903633699206,0.03137282831369337,-0.02594513746392746,-0.014037617607499442,-0.005569660039930646,0.004814264688953074,0.020375477423996813,0.018851882296452516,0.01915844382493681,0.013970353486627118,0.054346903633699206,0.03137282831369337,0.10248574249783715,0.05017665982513453,-0.02594513746392746,-0.014037617607499442
7,0.0,P_rage-d1-v2,rage,-1,1,-0.0,0.0,-0.0,0.0,-0.0,0.0,-0.0,0.0,0.0,0.0,0.0,0.0,0.0,0.0,0.0,0.0,0.0,0.0,0.0,0.0,0.0,0.0
7,0.0,P_rage-d2-v3,rage,-1,1,-0.0,0.0,-0.0,0.0,-0.0,0.0,-0.0,0.0,0.0,0.0,0.0,0.0,0.0,0.0,0.0,0.0,0.0,0.0,0.0,0.0,0.0,0.0
7,0.0,P_rage-d3-v3,rage,-1,1,-0.0,0.0,-0.0,0.0,-0.0,0.0,-0.0,0.0,0.0,0.0,0.0,0.0,0.0,0.0,0.0,0.0,0.0,0.0,0.0,0.0,0.0,0.0
7,0.0,P_rage-d3-v4,rage,-1,1,-0.0,0.0,-0.0,0.0,-0.0,0.0,-0.0,0.0,0.0,0.0,0.0,0.0,0.0,0.0,0.0,0.0,0.0,0.0,0.0,0.0,0.0,0.0
7,0.0,P_grief-d1-v3,grief,-1,-1,-0.0,-0.0,-0.0,-0.0,-0.0,-0.0,-0.0,-0.0,0.0,0.0,0.0,0.0,0.0,0.0,0.0,0.0,0.0,0.0,0.0,0.0,0.0,0.0
7,0.0,P_grief-d1-v4,grief,-1,-1,-0.0,-0.0,-0.0,-0.0,-0.0,-0.0,-0.0,-0.0,0.0,0.0,0.0,0.0,0.0,0.0,0.0,0.0,0.0,0.0,0.0,0.0,0.0,0.0
7,0.0,P_grief-d2-v1,grief,-1,-1,-0.0,-0.0,-0.0,-0.0,-0.0,-0.0,-0.0,-0.0,0.0,0.0,0.0,0.0,0.0,0.0,0.0,0.0,0.0,0.0,0.0,0.0,0.0,0.0
7,0.0,P_grief-d2-v2,grief,-1,-1,-0.0,-0.0,-0.0,-0.0,-0.0,-0.0,-0.0,-0.0,0.0,0.0,0.0,0.0,0.0,0.0,0.0,0.0,0.0,0.0,0.0,0.0,0.0,0.0
7,0.0,P_grief-d2-v3,grief,-1,-1,-0.0,-0.0,-0.0,-0.0,-0.0,-0.0,-0.0,-0.0,0.0,0.0,0.0,0.0,0.0,0.0,0.0,0.0,0.0,0.0,0.0,0.0,0.0,0.0
7,0.0,P_grief-d2-v4,grief,-1,-1,-0.0,-0.0,-0.0,-0.0,-0.0,-0.0,-0.0,-0.0,0.0,0.0,0.0,0.0,0.0,0.0,0.0,0.0,0.0,0.0,0.0,0.0,0.0,0.0
7,0.0,P_grief-d3-v2,grief,-1,-1,-0.0,-0.0,-0.0,-0.0,-0.0,-0.0,-0.0,-0.0,0.0,0.0,0.0,0.0,0.0,0.0,0.0,0.0,0.0,0.0,0.0,0.0,0.0,0.0
7,0.0,P_grief-d3-v3,grief,-1,-1,-0.0,-0.0,-0.0,-0.0,-0.0,-0.0,-0.0,-0.0,0.0,0.0,0.0,0.0,0.0,0.0,0.0,0.0,0.0,0.0,0.0,0.0,0.0,0.0
7,0.0,P_grief-d3-v4,grief,-1,-1,-0.0,-0.0,-0.0,-0.0,-0.0,-0.0,-0.0,-0.0,0.0,0.0,0.0,0.0,0.0,0.0,0.0,0.0,0.0,0.0,0.0,0.0,0.0,0.0
7,0.0,P_terror-d1-v3,terror,-1,1,-0.0,0.0,-0.0,0.0,-0.0,0.0,-0.0,0.0,0.0,0.0,0.0,0.0,0.0,0.0,0.0,0.0,0.0,0.0,0.0,0.0,0.0,0.0
7,0.0,P_terror-d2-v3,terror,-1,1,-0.0,0.0,-0.0,0.0,-0.0,0.0,-0.0,0.0,0.0,0.0,0.0,0.0,0.0,0.0,0.0,0.0,0.0,0.0,0.0,0.0,0.0,0.0
7,0.0,P_terror-d2-v4,terror,-1,1,-0.0,0.0,-0.0,0.0,-0.0,0.0,-0.0,0.0,0.0,0.0,0.0,0.0,0.0,0.0,0.0,0.0,0.0,0.0,0.0,0.0,0.0,0.0
7,0.0,P_terror-d3-v3,terror,-1,1,-0.0,0.0,-0.0,0.0,-0.0,0.0,-0.0,0.0,0.0,0.0,0.0,0.0,0.0,0.0,0.0,0.0,0.0,0.0,0.0,0.0,0.0,0.0
7,0.0,P_terror-d3-v4,terror,-1,1,-0.0,0.0,-0.0,0.0,-0.0,0.0,-0.0,0.0,0.0,0.0,0.0,0.0,0.0,0.0,0.0,0.0,0.0,0.0,0.0,0.0,0.0,0.0
7,0.0,P_ecstasy-d1-v1,ecstasy,1,1,0.0,0.0,0.0,0.0,0.0,0.0,0.0,0.0,0.0,0.0,0.0,0.0,0.0,0.0,0.0,0.0,0.0,0.0,0.0,0.0,0.0,0.0
7,0.0,P_ecstasy-d2-v1,ecstasy,1,1,0.0,0.0,0.0,0.0,0.0,0.0,0.0,0.0,0.0,0.0,0.0,0.0,0.0,0.0,0.0,0.0,0.0,0.0,0.0,0.0,0.0,0.0
7,0.0,P_ecstasy-d2-v2,ecstasy,1,1,0.0,0.0,0.0,0.0,0.0,0.0,0.0,0.0,0.0,0.0,0.0,0.0,0.0,0.0,0.0,0.0,0.0,0.0,0.0,0.0,0.0,0.0
7,0.0,P_ecstasy-d2-v3,ecstasy,1,1,0.0,0.0,0.0,0.0,0.0,0.0,0.0,0.0,0.0,0.0,0.0,0.0,0.0,0.0,0.0,0.0,0.0,0.0,0.0,0.0,0.0,0.0
7,0.0,P_ecstasy-d2-v4,ecstasy,1,1,0.0,0.0,0.0,0.0,0.0,0.0,0.0,0.0,0.0,0.0,0.0,0.0,0.0,0.0,0.0,0.0,0.0,0.0,0.0,0.0,0.0,0.0
7,0.0,P_ecstasy-d3-v1,ecstasy,1,1,0.0,0.0,0.0,0.0,0.0,0.0,0.0,0.0,0.0,0.0,0.0,0.0,0.0,0.0,0.0,0.0,0.0,0.0,0.0,0.0,0.0,0.0
7,0.0,P_ecstasy-d3-v4,ecstasy,1,1,0.0,0.0,0.0,0.0,0.0,0.0,0.0,0.0,0.0,0.0,0.0,0.0,0.0,0.0,0.0,0.0,0.0,0.0,0.0,0.0,0.0,0.0
7,0.0,P_loathing-d1-v2,loathing,-1,1,-0.0,0.0,-0.0,0.0,-0.0,0.0,-0.0,0.0,0.0,0.0,0.0,0.0,0.0,0.0,0.0,0.0,0.0,0.0,0.0,0.0,0.0,0.0
7,0.0,P_loathing-d2-v2,loathing,-1,1,-0.0,0.0,-0.0,0.0,-0.0,0.0,-0.0,0.0,0.0,0.0,0.0,0.0,0.0,0.0,0.0,0.0,0.0,0.0,0.0,0.0,0.0,0.0
7,0.0,P_loathing-d3-v2,loathing,-1,1,-0.0,0.0,-0.0,0.0,-0.0,0.0,-0.0,0.0,0.0,0.0,0.0,0.0,0.0,0.0,0.0,0.0,0.0,0.0,0.0,0.0,0.0,0.0
7,0.0,P_loathing-d3-v3,loathing,-1,1,-0.0,0.0,-0.0,0.0,-0.0,0.0,-0.0,0.0,0.0,0.0,0.0,0.0,0.0,0.0,0.0,0.0,0.0,0.0,0.0,0.0,0.0,0.0
7,0.0,P_loathing-d3-v4,loathing,-1,1,-0.0,0.0,-0.0,0.0,-0.0,0.0,-0.0,0.0,0.0,0.0,0.0,0.0,0.0,0.0,0.0,0.0,0.0,0.0,0.0,0.0,0.0,0.0
7,0.0,P_amazement-d1-v1,amazement,1,1,0.0,0.0,0.0,0.0,0.0,0.0,0.0,0.0,0.0,0.0,0.0,0.0,0.0,0.0,0.0,0.0,0.0,0.0,0.0,0.0,0.0,0.0
7,0.0,P_amazement-d1-v2,amazement,1,1,0.0,0.0,0.0,0.0,0.0,0.0,0.0,0.0,0.0,0.0,0.0,0.0,0.0,0.0,0.0,0.0,0.0,0.0,0.0,0.0,0.0,0.0
7,0.0,P_amazement-d1-v4,amazement,1,1,0.0,0.0,0.0,0.0,0.0,0.0,0.0,0.0,0.0,0.0,0.0,0.0,0.0,0.0,0.0,0.0,0.0,0.0,0.0,0.0,0.0,0.0
7,0.0,P_amazement-d2-v1,amazement,1,1,0.0,0.0,0.0,0.0,0.0,0.0,0.0,0.0,0.0,0.0,0.0,0.0,0.0,0.0,0.0,0.0,0.0,0.0,0.0,0.0,0.0,0.0
7,0.0,P_amazement-d2-v2,amazement,1,1,0.0,0.0,0.0,0.0,0.0,0.0,0.0,0.0,0.0,0.0,0.0,0.0,0.0,0.0,0.0,0.0,0.0,0.0,0.0,0.0,0.0,0.0
7,0.0,P_amazement-d3-v2,amazement,1,1,0.0,0.0,0.0,0.0,0.0,0.0,0.0,0.0,0.0,0.0,0.0,0.0,0.0,0.0,0.0,0.0,0.0,0.0,0.0,0.0,0.0,0.0
7,0.0,P_amazement-d3-v4,amazement,1,1,0.0,0.0,0.0,0.0,0.0,0.0,0.0,0.0,0.0,0.0,0.0,0.0,0.0,0.0,0.0,0.0,0.0,0.0,0.0,0.0,0.0,0.0
7,0.0,P_admiration-d1-v1,admiration,1,1,0.0,0.0,0.0,0.0,0.0,0.0,0.0,0.0,0.0,0.0,0.0,0.0,0.0,0.0,0.0,0.0,0.0,0.0,0.0,0.0,0.0,0.0
7,0.0,P_admiration-d1-v2,admiration,1,1,0.0,0.0,0.0,0.0,0.0,0.0,0.0,0.0,0.0,0.0,0.0,0.0,0.0,0.0,0.0,0.0,0.0,0.0,0.0,0.0,0.0,0.0
7,0.0,P_admiration-d1-v3,admiration,1,1,0.0,0.0,0.0,0.0,0.0,0.0,0.0,0.0,0.0,0.0,0.0,0.0,0.0,0.0,0.0,0.0,0.0,0.0,0.0,0.0,0.0,0.0
7,0.0,P_admiration-d2-v1,admiration,1,1,0.0,0.0,0.0,0.0,0.0,0.0,0.0,0.0,0.0,0.0,0.0,0.0,0.0,0.0,0.0,0.0,0.0,0.0,0.0,0.0,0.0,0.0
7,0.0,P_admiration-d2-v2,admiration,1,1,0.0,0.0,0.0,0.0,0.0,0.0,0.0,0.0,0.0,0.0,0.0,0.0,0.0,0.0,0.0,0.0,0.0,0.0,0.0,0.0,0.0,0.0
7,0.0,P_admiration-d2-v3,admiration,1,1,0.0,0.0,0.0,0.0,0.0,0.0,0.0,0.0,0.0,0.0,0.0,0.0,0.0,0.0,0.0,0.0,0.0,0.0,0.0,0.0,0.0,0.0
7,0.0,P_vigilance-d1-v4,vigilance,1,1,0.0,0.0,0.0,0.0,0.0,0.0,0.0,0.0,0.0,0.0,0.0,0.0,0.0,0.0,0.0,0.0,0.0,0.0,0.0,0.0,0.0,0.0
7,0.0,P_vigilance-d2-v3,vigilance,1,1,0.0,0.0,0.0,0.0,0.0,0.0,0.0,0.0,0.0,0.0,0.0,0.0,0.0,0.0,0.0,0.0,0.0,0.0,0.0,0.0,0.0,0.0
7,0.0,P_vigilance-d2-v4,vigilance,1,1,0.0,0.0,0.0,0.0,0.0,0.0,0.0,0.0,0.0,0.0,0.0,0.0,0.0,0.0,0.0,0.0,0.0,0.0,0.0,0.0,0.0,0.0
7,0.0,P_vigilance-d3-v2,vigilance,1,1,0.0,0.0,0.0,0.0,0.0,0.0,0.0,0.0,0.0,0.0,0.0,0.0,0.0,0.0,0.0,0.0,0.0,0.0,0.0,0.0,0.0,0.0
7,0.0,P_vigilance-d3-v4,vigilance,1,1,0.0,0.0,0.0,0.0,0.0,0.0,0.0,0.0,0.0,0.0,0.0,0.0,0.0,0.0,0.0,0.0,0.0,0.0,0.0,0.0,0.0,0.0
7,0.0,P_rage-d4-v1,rage,-1,1,-0.0,0.0,-0.0,0.0,-0.0,0.0,-0.0,0.0,0.0,0.0,0.0,0.0,0.0,0.0,0.0,0.0,0.0,0.0,0.0,0.0,0.0,0.0
7,0.0,P_rage-d4-v2,rage,-1,1,-0.0,0.0,-0.0,0.0,-0.0,0.0,-0.0,0.0,0.0,0.0,0.0,0.0,0.0,0.0,0.0,0.0,0.0,0.0,0.0,0.0,0.0,0.0
7,0.0,P_rage-d4-v4,rage,-1,1,-0.0,0.0,-0.0,0.0,-0.0,0.0,-0.0,0.0,0.0,0.0,0.0,0.0,0.0,0.0,0.0,0.0,0.0,0.0,0.0,0.0,0.0,0.0
7,0.0,P_rage-d5-v1,rage,-1,1,-0.0,0.0,-0.0,0.0,-0.0,0.0,-0.0,0.0,0.0,0.0,0.0,0.0,0.0,0.0,0.0,0.0,0.0,0.0,0.0,0.0,0.0,0.0
7,0.0,P_rage-d5-v3,rage,-1,1,-0.0,0.0,-0.0,0.0,-0.0,0.0,-0.0,0.0,0.0,0.0,0.0,0.0,0.0,0.0,0.0,0.0,0.0,0.0,0.0,0.0,0.0,0.0
7,0.0,P_rage-d6-v2,rage,-1,1,-0.0,0.0,-0.0,0.0,-0.0,0.0,-0.0,0.0,0.0,0.0,0.0,0.0,0.0,0.0,0.0,0.0,0.0,0.0,0.0,0.0,0.0,0.0
7,0.0,P_grief-d4-v2,grief,-1,-1,-0.0,-0.0,-0.0,-0.0,-0.0,-0.0,-0.0,-0.0,0.0,0.0,0.0,0.0,0.0,0.0,0.0,0.0,0.0,0.0,0.0,0.0,0.0,0.0
7,0.0,P_grief-d4-v3,grief,-1,-1,-0.0,-0.0,-0.0,-0.0,-0.0,-0.0,-0.0,-0.0,0.0,0.0,0.0,0.0,0.0,0.0,0.0,0.0,0.0,0.0,0.0,0.0,0.0,0.0
7,0.0,P_grief-d4-v4,grief,-1,-1,-0.0,-0.0,-0.0,-0.0,-0.0,-0.0,-0.0,-0.0,0.0,0.0,0.0,0.0,0.0,0.0,0.0,0.0,0.0,0.0,0.0,0.0,0.0,0.0
7,0.0,P_grief-d5-v1,grief,-1,-1,-0.0,-0.0,-0.0,-0.0,-0.0,-0.0,-0.0,-0.0,0.0,0.0,0.0,0.0,0.0,0.0,0.0,0.0,0.0,0.0,0.0,0.0,0.0,0.0
7,0.0,P_grief-d5-v2,grief,-1,-1,-0.0,-0.0,-0.0,-0.0,-0.0,-0.0,-0.0,-0.0,0.0,0.0,0.0,0.0,0.0,0.0,0.0,0.0,0.0,0.0,0.0,0.0,0.0,0.0
7,0.0,P_grief-d5-v3,grief,-1,-1,-0.0,-0.0,-0.0,-0.0,-0.0,-0.0,-0.0,-0.0,0.0,0.0,0.0,0.0,0.0,0.0,0.0,0.0,0.0,0.0,0.0,0.0,0.0,0.0
7,0.0,P_grief-d6-v1,grief,-1,-1,-0.0,-0.0,-0.0,-0.0,-0.0,-0.0,-0.0,-0.0,0.0,0.0,0.0,0.0,0.0,0.0,0.0,0.0,0.0,0.0,0.0,0.0,0.0,0.0
7,0.0,P_grief-d6-v2,grief,-1,-1,-0.0,-0.0,-0.0,-0.0,-0.0,-0.0,-0.0,-0.0,0.0,0.0,0.0,0.0,0.0,0.0,0.0,0.0,0.0,0.0,0.0,0.0,0.0,0.0
7,0.0,P_terror-d4-v1,terror,-1,1,-0.0,0.0,-0.0,0.0,-0.0,0.0,-0.0,0.0,0.0,0.0,0.0,0.0,0.0,0.0,0.0,0.0,0.0,0.0,0.0,0.0,0.0,0.0
7,0.0,P_terror-d4-v2,terror,-1,1,-0.0,0.0,-0.0,0.0,-0.0,0.0,-0.0,0.0,0.0,0.0,0.0,0.0,0.0,0.0,0.0,0.0,0.0,0.0,0.0,0.0,0.0,0.0
7,0.0,P_terror-d4-v3,terror,-1,1,-0.0,0.0,-0.0,0.0,-0.0,0.0,-0.0,0.0,0.0,0.0,0.0,0.0,0.0,0.0,0.0,0.0,0.0,0.0,0.0,0.0,0.0,0.0
7,0.0,P_terror-d5-v1,terror,-1,1,-0.0,0.0,-0.0,0.0,-0.0,0.0,-0.0,0.0,0.0,0.0,0.0,0.0,0.0,0.0,0.0,0.0,0.0,0.0,0.0,0.0,0.0,0.0
7,0.0,P_terror-d5-v2,terror,-1,1,-0.0,0.0,-0.0,0.0,-0.0,0.0,-0.0,0.0,0.0,0.0,0.0,0.0,0.0,0.0,0.0,0.0,0.0,0.0,0.0,0.0,0.0,0.0
7,0.0,P_terror-d6-v2,terror,-1,1,-0.0,0.0,-0.0,0.0,-0.0,0.0,-0.0,0.0,0.0,0.0,0.0,0.0,0.0,0.0,0.0,0.0,0.0,0.0,0.0,0.0,0.0,0.0
7,0.0,P_ecstasy-d4-v1,ecstasy,1,1,0.0,0.0,0.0,0.0,0.0,0.0,0.0,0.0,0.0,0.0,0.0,0.0,0.0,0.0,0.0,0.0,0.0,0.0,0.0,0.0,0.0,0.0
7,0.0,P_ecstasy-d4-v3,ecstasy,1,1,0.0,0.0,0.0,0.0,0.0,0.0,0.0,0.0,0.0,0.0,0.0,0.0,0.0,0.0,0.0,0.0,0.0,0.0,0.0,0.0,0.0,0.0
7,0.0,P_ecstasy-d5-v1,ecstasy,1,1,0.0,0.0,0.0,0.0,0.0,0.0,0.0,0.0,0.0,0.0,0.0,0.0,0.0,0.0,0.0,0.0,0.0,0.0,0.0,0.0,0.0,0.0
7,0.0,P_ecstasy-d5-v2,ecstasy,1,1,0.0,0.0,0.0,0.0,0.0,0.0,0.0,0.0,0.0,0.0,0.0,0.0,0.0,0.0,0.0,0.0,0.0,0.0,0.0,0.0,0.0,0.0
7,0.0,P_ecstasy-d5-v4,ecstasy,1,1,0.0,0.0,0.0,0.0,0.0,0.0,0.0,0.0,0.0,0.0,0.0,0.0,0.0,0.0,0.0,0.0,0.0,0.0,0.0,0.0,0.0,0.0
7,0.0,P_ecstasy-d6-v1,ecstasy,1,1,0.0,0.0,0.0,0.0,0.0,0.0,0.0,0.0,0.0,0.0,0.0,0.0,0.0,0.0,0.0,0.0,0.0,0.0,0.0,0.0,0.0,0.0
7,0.0,P_ecstasy-d6-v2,ecstasy,1,1,0.0,0.0,0.0,0.0,0.0,0.0,0.0,0.0,0.0,0.0,0.0,0.0,0.0,0.0,0.0,0.0,0.0,0.0,0.0,0.0,0.0,0.0
7,0.0,P_ecstasy-d6-v3,ecstasy,1,1,0.0,0.0,0.0,0.0,0.0,0.0,0.0,0.0,0.0,0.0,0.0,0.0,0.0,0.0,0.0,0.0,0.0,0.0,0.0,0.0,0.0,0.0
7,0.0,P_loathing-d4-v1,loathing,-1,1,-0.0,0.0,-0.0,0.0,-0.0,0.0,-0.0,0.0,0.0,0.0,0.0,0.0,0.0,0.0,0.0,0.0,0.0,0.0,0.0,0.0,0.0,0.0
7,0.0,P_loathing-d5-v2,loathing,-1,1,-0.0,0.0,-0.0,0.0,-0.0,0.0,-0.0,0.0,0.0,0.0,0.0,0.0,0.0,0.0,0.0,0.0,0.0,0.0,0.0,0.0,0.0,0.0
7,0.0,P_loathing-d6-v2,loathing,-1,1,-0.0,0.0,-0.0,0.0,-0.0,0.0,-0.0,0.0,0.0,0.0,0.0,0.0,0.0,0.0,0.0,0.0,0.0,0.0,0.0,0.0,0.0,0.0
7,0.0,P_loathing-d6-v4,loathing,-1,1,-0.0,0.0,-0.0,0.0,-0.0,0.0,-0.0,0.0,0.0,0.0,0.0,0.0,0.0,0.0,0.0,0.0,0.0,0.0,0.0,0.0,0.0,0.0
7,0.0,P_amazement-d4-v1,amazement,1,1,0.0,0.0,0.0,0.0,0.0,0.0,0.0,0.0,0.0,0.0,0.0,0.0,0.0,0.0,0.0,0.0,0.0,0.0,0.0,0.0,0.0,0.0
7,0.0,P_amazement-d4-v2,amazement,1,1,0.0,0.0,0.0,0.0,0.0,0.0,0.0,0.0,0.0,0.0,0.0,0.0,0.0,0.0,0.0,0.0,0.0,0.0,0.0,0.0,0.0,0.0
7,0.0,P_amazement-d5-v2,amazement,1,1,0.0,0.0,0.0,0.0,0.0,0.0,0.0,0.0,0.0,0.0,0.0,0.0,0.0,0.0,0.0,0.0,0.0,0.0,0.0,0.0,0.0,0.0
7,0.0,P_amazement-d5-v4,amazement,1,1,0.0,0.0,0.0,0.0,0.0,0.0,0.0,0.0,0.0,0.0,0.0,0.0,0.0,0.0,0.0,0.0,0.0,0.0,0.0,0.0,0.0,0.0
7,0.0,P_amazement-d6-v1,amazement,1,1,0.0,0.0,0.0,0.0,0.0,0.0,0.0,0.0,0.0,0.0,0.0,0.0,0.0,0.0,0.0,0.0,0.0,0.0,0.0,0.0,0.0,0.0
7,0.0,P_amazement-d6-v4,amazement,1,1,0.0,0.0,0.0,0.0,0.0,0.0,0.0,0.0,0.0,0.0,0.0,0.0,0.0,0.0,0.0,0.0,0.0,0.0,0.0,0.0,0.0,0.0
7,0.0,P_admiration-d5-v1,admiration,1,1,0.0,0.0,0.0,0.0,0.0,0.0,0.0,0.0,0.0,0.0,0.0,0.0,0.0,0.0,0.0,0.0,0.0,0.0,0.0,0.0,0.0,0.0
7,0.0,P_admiration-d5-v3,admiration,1,1,0.0,0.0,0.0,0.0,0.0,0.0,0.0,0.0,0.0,0.0,0.0,0.0,0.0,0.0,0.0,0.0,0.0,0.0,0.0,0.0,0.0,0.0
7,0.0,P_admiration-d6-v1,admiration,1,1,0.0,0.0,0.0,0.0,0.0,0.0,0.0,0.0,0.0,0.0,0.0,0.0,0.0,0.0,0.0,0.0,0.0,0.0,0.0,0.0,0.0,0.0
7,0.0,P_admiration-d6-v2,admiration,1,1,0.0,0.0,0.0,0.0,0.0,0.0,0.0,0.0,0.0,0.0,0.0,0.0,0.0,0.0,0.0,0.0,0.0,0.0,0.0,0.0,0.0,0.0
7,0.0,P_admiration-d6-v3,admiration,1,1,0.0,0.0,0.0,0.0,0.0,0.0,0.0,0.0,0.0,0.0,0.0,0.0,0.0,0.0,0.0,0.0,0.0,0.0,0.0,0.0,0.0,0.0
7,0.0,P_admiration-d6-v4,admiration,1,1,0.0,0.0,0.0,0.0,0.0,0.0,0.0,0.0,0.0,0.0,0.0,0.0,0.0,0.0,0.0,0.0,0.0,0.0,0.0,0.0,0.0,0.0
7,0.0,P_vigilance-d4-v2,vigilance,1,1,0.0,0.0,0.0,0.0,0.0,0.0,0.0,0.0,0.0,0.0,0.0,0.0,0.0,0.0,0.0,0.0,0.0,0.0,0.0,0.0,0.0,0.0
7,0.0,P_vigilance-d5-v2,vigilance,1,1,0.0,0.0,0.0,0.0,0.0,0.0,0.0,0.0,0.0,0.0,0.0,0.0,0.0,0.0,0.0,0.0,0.0,0.0,0.0,0.0,0.0,0.0
7,0.0,P_vigilance-d5-v3,vigilance,1,1,0.0,0.0,0.0,0.0,0.0,0.0,0.0,0.0,0.0,0.0,0.0,0.0,0.0,0.0,0.0,0.0,0.0,0.0,0.0,0.0,0.0,0.0
7,0.0,P_vigilance-d5-v4,vigilance,1,1,0.0,0.0,0.0,0.0,0.0,0.0,0.0,0.0,0.0,0.0,0.0,0.0,0.0,0.0,0.0,0.0,0.0,0.0,0.0,0.0,0.0,0.0
7,0.5,P_rage-d1-v2,rage,-1,1,-0.013213059389990622,0.003989056285143455,0.045237926650211424,-0.0251835246821992,-0.008971354645646468,0.008716736997937957,0.03510159804453861,-0.029276740346364072,-0.058450986040202046,0.029172580967342654,0.013213059389990622,0.003989056285143455,-0.045237926650211424,-0.0251835246821992,0.008971354645646468,0.008716736997937957,-0.03510159804453861,-0.029276740346364072,-0.019591439064891247,-0.011952957838385903,0.058450986040202046,0.029172580967342654
7,0.5,P_rage-d2-v3,rage,-1,1,0.04382680614592349,-0.03453255213073447,0.02274276501747874,-0.012416647461709118,0.059843123285150845,-0.04443034143462565,0.11456843372559611,-0.061313712708514156,0.021084041128444753,-0.022115904669025355,-0.04382680614592349,-0.03453255213073447,-0.02274276501747874,-0.012416647461709118,-0.059843123285150845,-0.04443034143462565,-0.11456843372559611,-0.061313712708514156,-0.16790684019867053,-0.08467253413776499,-0.021084041128444753,-0.022115904669025355
7,0.5,P_rage-d3-v3,rage,-1,1,-0.008530337644549135,-0.012825582745017883,-0.05691892113908725,0.029923598681900643,0.012784642105207134,-0.021995286682269466,0.22196378884948453,-0.11426061702647372,0.04838858349453812,-0.042749181426918526,0.008530337644549135,-0.012825582745017883,0.05691892113908725,0.029923598681900643,-0.012784642105207134,-0.021995286682269466,-0.22196378884948453,-0.11426061702647372,-0.21541487859164032,-0.10914302876706916,-0.04838858349453812,-0.042749181426918526
7,0.5,P_rage-d3-v4,rage,-1,1,-0.05045960207208822,0.03141501528828705,0.07998386501837107,-0.05615478399798235,-0.03610447268916506,0.017646729763949764,-0.022045946739464917,0.007394790687234476,-0.1304434670904593,0.0875697992862694,0.05045960207208822,0.03141501528828705,-0.07998386501837107,-0.05615478399798235,0.03610447268916506,0.017646729763949764,0.022045946739464917,0.007394790687234476,-0.012600928318843074,-0.014474401492184708,0.1304434670904593,0.0875697992862694
7,0.5,P_grief-d1-v3,grief,-1,-1,-0.047619514184886746,-0.014823926811962096,-0.04611733544806729,-0.017245194440395295,-0.021257010047508906,0.002454695805454321,-0.06388851825597541,-0.017800091680062913,-0.0015021787368194595,0.002421267628433199,0.047619514184886746,0.014823926811962096,0.04611733544806729,0.017245194440395295,0.021257010047508906,-0.002454695805454321,0.06388851825597541,0.017800091680062913,-0.007931427597443808,-0.016669391187324134,0.0015021787368194595,-0.002421267628433199
7,0.5,P_grief-d1-v4,grief,-1,-1,0.07033852114969452,0.06744005980057377,0.0634402190263108,0.061224862087219556,0.0708420060984647,0.07153620209169276,0.21854230901114313,0.13080078953907837,0.006898302123383715,0.006215197713354215,-0.07033852114969452,-0.06744005980057377,-0.0634402190263108,-0.061224862087219556,-0.0708420060984647,-0.07153620209169276,-0.21854230901114313,-0.13080078953907837,-0.26587181824090855,-0.14662846098726678,-0.006898302123383715,-0.006215197713354215
7,0.5,P_grief-d2-v1,grief,-1,-1,0.03738650148623002,0.025139125865417,-0.008644289535008731,-0.00021185303151405321,0.04733103464660804,0.03133689848719978,0.24535102903044193,0.09410774125961963,0.04603079102123875,0.025350978896931053,-0.03738650148623002,-0.025139125865417,0.008644289535008731,0.00021185303151405321,-0.04733103464660804,-0.03133689848719978,-0.24535102903044193,-0.09410774125961963,-0.30874419847922985,-0.12174126860522527,-0.04603079102123875,-0.025350978896931053
7,0.5,P_grief-d2-v2,grief,-1,-1,-0.08025405958055565,-0.03820262103824401,-0.03175350478728589,-0.016861260500898645,-0.10221171919163208,-0.044263705787436436,-0.1215835268144847,-0.05585112156619809,-0.04850055479326976,-0.021341360537345366,0.08025405958055565,0.03820262103824401,0.03175350478728589,0.016861260500898645,0.10221171919163208,0.044263705787436436,0.1215835268144847,0.05585112156619809,0.14631758558529295,0.06470128444656664,0.04850055479326976,0.021341360537345366
7,0.5,P_grief-d2-v3,grief,-1,-1,-0.04174204907621615,-0.022477197210887034,-0.07979994080512665,-0.044796817913322684,-0.048876544795763976,-0.02050750434561799,-0.04936638720971587,-0.018174130036007874,0.0380578917289105,0.02231962070243565,0.04174204907621615,0.022477197210887034,0.07979994080512665,0.044796817913322684,0.048876544795763976,0.02050750434561799,0.04936638720971587,0.018174130036007874,0.0741614357228686,0.02765691466922382,-0.0380578917289105,-0.02231962070243565
7,0.5,P_grief-d2-v4,grief,-1,-1,0.030862062179238592,0.03336003318858527,-7.57366761705569e-05,0.006393645357160693,0.025360721788515228,0.03670889243402975,0.01431177686307361,0.01860325966395049,0.03093779885540915,0.026966387831424576,-0.030862062179238592,-0.03336003318858527,7.57366761705569e-05,-0.006393645357160693,-0.025360721788515228,-0.03670889243402975,-0.01431177686307361,-0.01860325966395049,-0.02847640438047483,-0.02468518526928154,-0.03093779885540915,-0.026966387831424576
7,0.5,P_grief-d3-v2,grief,-1,-1,0.005221242951779281,0.0088710494727966,-0.004496382816510547,-0.006886249698808911,-0.0007973905309972551,0.004202678082147138,-0.005533577976572168,0.003853507897478181,0.009717625768289828,0.01575729917160551,-0.005221242951779281,-0.0088710494727966,0.004496382816510547,0.006886249698808911,0.0007973905309972551,-0.004202678082147138,0.005533577976572168,-0.003853507897478181,0.017294992410341603,-0.000235523949455807,-0.009717625768289828,-0.01575729917160551
7,0.5,P_grief-d3-v3,grief,-1,-1,0.045723593854138045,0.019231525142091144,-0.0553603406256844,-0.03135772612887422,0.058858621258053745,0.02700800778131196,0.11674297525350896,0.04422902461617095,0.10108393447982245,0.05058925127096536,-0.045723593854138045,-0.019231525142091144,0.0553603406256844,0.03135772612887422,-0.058858621258053745,-0.02700800778131196,-0.11674297525350896,-0.04422902461617095,-0.15671455377476562,-0.061629413127920696,-0.10108393447982245,-0.05058925127096536
7,0.5,P_grief-d3-v4,grief,-1,-1,-0.04126960755233622,-0.01898981420774959,-0.0510720574047383,-0.01788324043945,-0.0235652182015329,-0.010524625225962758,0.028150184550284063,0.010688093800456766,0.009802449852402084,-0.0011065737682995902,0.04126960755233622,0.01898981420774959,0.0510720574047383,0.01788324043945,0.0235652182015329,0.010524625225962758,-0.028150184550284063,-0.010688093800456766,-0.044417047298197065,-0.019775991517956282,-0.009802449852402084,0.0011065737682995902
7,0.5,P_terror-d1-v3,terror,-1,1,-0.12455567259809985,0.06290699765703955,-0.040173258262761635,0.01697991291476253,-0.1335197781779076,0.06889538499849834,-0.11882647952231906,0.054699212562068666,-0.08438241433533822,0.045927084742277025,0.12455567259809985,0.06290699765703955,0.040173258262761635,0.01697991291476253,0.1335197781779076,0.06889538499849834,0.11882647952231906,0.054699212562068666,0.1654054836414094,0.07135277122098671,0.08438241433533822,0.045927084742277025
7,0.5,P_terror-d2-v3,terror,-1,1,-0.03951258639817912,0.005766196607464913,-0.03764268758254463,0.017655576991824518,-0.06599772239678448,0.020853393298377654,-0.05901874576696553,0.003492987615240306,-0.0018698988156344853,-0.011889380384359605,0.03951258639817912,0.005766196607464913,0.03764268758254463,0.017655576991824518,0.06599772239678448,0.020853393298377654,0.05901874576696553,0.003492987615240306,0.12341653039801814,0.031662407341269905,0.0018698988156344853,-0.011889380384359605
7,0.5,P_terror-d2-v4,terror,-1,1,0.03589319911037414,-0.039550505703256356,-0.015563731830372518,0.0028298172376448605,0.027401859749515367,-0.04392808493013689,0.07276136138062128,-0.05910544642898241,0.05145693094074666,-0.042380322940901216,-0.03589319911037414,-0.039550505703256356,0.015563731830372518,0.0028298172376448605,-0.027401859749515367,-0.04392808493013689,-0.07276136138062128,-0.05910544642898241,-0.10337268925031573,-0.075663586164751,-0.05145693094074666,-0.042380322940901216
7,0.5,P_terror-d3-v3,terror,-1,1,-0.012307332312271768,0.012888545619772707,0.027702960734776738,-0.02081058128878155,0.0015956205921341393,0.0047248332390905645,-0.024819867125319472,0.0185824960467329,-0.040010293047048506,0.033699126908554256,0.012307332312271768,0.012888545619772707,-0.027702960734776738,-0.02081058128878155,-0.0015956205921341393,0.0047248332390905645,0.024819867125319472,0.0185824960467329,-0.005170757693465866,0.003982522558115598,0.040010293047048506,0.033699126908554256
7,0.5,P_terror-d3-v4,terror,-1,1,-0.07483477820233375,0.03221838169025659,0.025873839576101787,-0.016576356847076035,-0.08572331192947225,0.043422579786158266,-0.16155522246702603,0.07641187572509134,-0.10070861777843554,0.04879473853733263,0.07483477820233375,0.03221838169025659,-0.025873839576101787,-0.016576356847076035,0.08572331192947225,0.043422579786158266,0.16155522246702603,0.07641187572509134,0.21541425662330482,0.10423876833477275,0.10070861777843554,0.04879473853733263
7,0.5,P_ecstasy-d1-v1,ecstasy,1,1,0.1426686128047665,0.06810368048427762,-0.13192164043698584,-0.07331482894353236,0.11970517779634138,0.06453126450585422,0.11989886751691392,0.07141534848418551,0.27459025324175235,0.14141850942780998,0.1426686128047665,0.06810368048427762,-0.13192164043698584,-0.07331482894353236,0.11970517779634138,0.06453126450585422,0.11989886751691392,0.07141534848418551,0.09106393829426773,0.07180124149616418,0.27459025324175235,0.14141850942780998
7,0.5,P_ecstasy-d2-v1,ecstasy,1,1,0.03558966223889781,0.027266774682816575,0.06550370230857583,0.021107918610559828,0.06583247726272479,0.040818544672795554,0.04987223624668635,0.019255436712343865,-0.029914040069678016,0.0061588560722567465,0.03558966223889781,0.027266774682816575,0.06550370230857583,0.021107918610559828,0.06583247726272479,0.040818544672795554,0.04987223624668635,0.019255436712343865,0.07856928188313583,0.0288230391846076,-0.029914040069678016,0.0061588560722567465
7,0.5,P_ecstasy-d2-v2,ecstasy,1,1,-0.06344758809377371,-0.030864743488772994,-0.11983599283379931,-0.09663741699244177,-0.12637161531570307,-0.08093923188950392,-0.31645762052962745,-0.14097585080982045,0.0563884047400256,0.06577267350366878,-0.06344758809377371,-0.030864743488772994,-0.11983599283379931,-0.09663741699244177,-0.12637161531570307,-0.08093923188950392,-0.31645762052962745,-0.14097585080982045,-0.4213530760541331,-0.2079293545825842,0.0563884047400256,0.06577267350366878
7,0.5,P_ecstasy-d2-v3,ecstasy,1,1,-0.02198190046217885,-0.011708760328466461,0.04608106889880492,0.011094084087737599,-0.06153408642849101,-0.034686983834069096,-0.1308732078312147,-0.05976890685929437,-0.06806296936098377,-0.02280284441620406,-0.02198190046217885,-0.011708760328466461,0.04608106889880492,0.011094084087737599,-0.06153408642849101,-0.034686983834069096,-0.1308732078312147,-0.05976890685929437,-0.28219105422684887,-0.12864806710163368,-0.06806296936098377,-0.02280284441620406
7,0.5,P_ecstasy-d2-v4,ecstasy,1,1,-0.02991682084965408,-0.03461244983507061,0.025628771360027613,0.01710134186433354,-0.022807430014541552,-0.03369919049407244,-0.05013578936710772,-0.03936269242942281,-0.05554559220968169,-0.051713791699404155,-0.02991682084965408,-0.03461244983507061,0.025628771360027613,0.01710134186433354,-0.022807430014541552,-0.03369919049407244,-0.05013578936710772,-0.03936269242942281,-0.043517703697089516,-0.04053857725072518,-0.05554559220968169,-0.051713791699404155
7,0.5,P_ecstasy-d3-v1,ecstasy,1,1,0.030699389192330173,0.0007306998643210605,0.03219632751258139,0.012214346279252553,0.03851781112504149,-0.002947920051992625,-0.07946249139892458,-0.054961206405197416,-0.0014969383202512176,-0.011483646414931492,0.030699389192330173,0.0007306998643210605,0.03219632751258139,0.012214346279252553,0.03851781112504149,-0.002947920051992625,-0.07946249139892458,-0.054961206405197416,-0.11660230397705984,-0.08461734597075043,-0.0014969383202512176,-0.011483646414931492
7,0.5,P_ecstasy-d3-v4,ecstasy,1,1,-0.03384978224504298,-0.020978893448183378,0.01764593861141428,0.010043588700397343,-0.06551914195163366,-0.03740039003182627,-0.11721468374342248,-0.046749789999641855,-0.05149572085645726,-0.03102248214858072,-0.03384978224504298,-0.020978893448183378,0.01764593861141428,0.010043588700397343,-0.06551914195163366,-0.03740039003182627,-0.11721468374342248,-0.046749789999641855,-0.19086206129675753,-0.07954299514718688,-0.05149572085645726,-0.03102248214858072
7,0.5,P_loathing-d1-v2,loathing,-1,1,-0.007828736189420482,-0.006721829620068398,0.005984689780952124,-0.009482394709255715,0.0038805618012576204,-0.02201285232837602,0.054270922337725125,-0.03150306315492912,-0.013813425970372606,0.002760565089187317,0.007828736189420482,-0.006721829620068398,-0.005984689780952124,-0.009482394709255715,-0.0038805618012576204,-0.02201285232837602,-0.054270922337725125,-0.03150306315492912,-0.10184344686176505,-0.060705655925476165,0.013813425970372606,0.002760565089187317
7,0.5,P_loathing-d2-v2,loathing,-1,1,-0.15581377161625554,0.08125019229989316,0.08044674822149656,-0.03864442887892494,-0.1737539394777592,0.09120876313381743,-0.2470941761114438,0.11565735172532499,-0.2362605198377521,0.1198946211788181,0.15581377161625554,0.08125019229989316,-0.08044674822149656,-0.03864442887892494,0.1737539394777592,0.09120876313381743,0.2470941761114438,0.11565735172532499,0.2655118962618759,0.1249366599560604,0.2362605198377521,0.1198946211788181
7,0.5,P_loathing-d3-v2,loathing,-1,1,0.08777382551435586,-0.05042612312006334,-0.032641532310789145,-0.021752993830235212,0.0927623840199292,-0.05709950371604133,0.22974965950556392,-0.10703824538260687,0.12041535782514501,-0.028673129289828125,-0.08777382551435586,-0.05042612312006334,0.032641532310789145,-0.021752993830235212,-0.0927623840199292,-0.05709950371604133,-0.22974965950556392,-0.10703824538260687,-0.23478379994088394,-0.10335294488764823,-0.12041535782514501,-0.028673129289828125
7,0.5,P_loathing-d3-v3,loathing,-1,1,0.04189470838123821,-0.01873186831063567,0.04305915329843302,-0.025753410134378818,0.05061126263942484,-0.030775999225203243,0.11413618368809919,-0.06514991145186277,-0.0011644449171948068,0.007021541823743149,-0.04189470838123821,-0.01873186831063567,-0.04305915329843302,-0.025753410134378818,-0.05061126263942484,-0.030775999225203243,-0.11413618368809919,-0.06514991145186277,-0.12749088195795055,-0.07430217000445394,0.0011644449171948068,0.007021541823743149
7,0.5,P_loathing-d3-v4,loathing,-1,1,0.045085612828239086,-0.022242912341527088,-0.06681619470659417,0.031953594238970595,0.060964681473953064,-0.04396162922155611,0.20240301839803498,-0.0919565128129598,0.11190180753483325,-0.05419650658049768,-0.045085612828239086,-0.022242912341527088,0.06681619470659417,0.031953594238970595,-0.060964681473953064,-0.04396162922155611,-0.20240301839803498,-0.0919565128129598,-0.28321269957035833,-0.14871323276235726,-0.11190180753483325,-0.05419650658049768
7,0.5,P_amazement-d1-v1,amazement,1,1,0.007622823338624407,-0.00017358412975099213,0.036131138410046226,0.027099142252852815,0.0032157626888063007,-0.007460192197210169,-0.08039868533568884,-0.04650705874065064,-0.02850831507142182,-0.027272726382603807,0.007622823338624407,-0.00017358412975099213,0.036131138410046226,0.027099142252852815,0.0032157626888063007,-0.007460192197210169,-0.08039868533568884,-0.04650705874065064,-0.021355207354450734,-0.023183110701148202,-0.02850831507142182,-0.027272726382603807
7,0.5,P_amazement-d1-v2,amazement,1,1,-0.026969978167147524,-0.012275290146775752,-0.0266237857824434,-0.004136551473068906,-0.02396133942434986,-0.011226646671405938,-0.08317766793085202,-0.03300490852801685,-0.00034619238470412483,-0.008138738673706847,-0.026969978167147524,-0.012275290146775752,-0.0266237857824434,-0.004136551473068906,-0.02396133942434986,-0.011226646671405938,-0.08317766793085202,-0.03300490852801685,-0.0454199343442081,-0.013793210097758468,-0.00034619238470412483,-0.008138738673706847
7,0.5,P_amazement-d1-v4,amazement,1,1,-0.026930643486576145,-0.03294839844035202,-0.003416874630641331,-0.011779299059069714,-0.0214097748801807,-0.03936789653484496,0.03352219816487789,0.0007622611572379867,-0.023513768855934813,-0.021169099381282308,-0.026930643486576145,-0.03294839844035202,-0.003416874630641331,-0.011779299059069714,-0.0214097748801807,-0.03936789653484496,0.03352219816487789,0.0007622611572379867,0.05301202982401598,0.009052175387756378,-0.023513768855934813,-0.021169099381282308
7,0.5,P_amazement-d2-v1,amazement,1,1,0.008245354563968021,-0.0033504300529418884,0.02862538804084913,0.016772062699782708,0.021233072466950276,4.1770211656633194e-05,0.031211199440575044,0.009594410474218495,-0.02038003347688111,-0.020122492752724597,0.008245354563968021,-0.0033504300529418884,0.02862538804084913,0.016772062699782708,0.021233072466950276,4.1770211656633194e-05,0.031211199440575044,0.009594410474218495,0.02333670948772326,0.009392244172887754,-0.02038003347688111,-0.020122492752724597
7,0.5,P_amazement-d2-v2,amazement,1,1,-0.050716052461459604,-0.03344148337018105,0.013820244018520889,0.011781446409332652,-0.05935704771024142,-0.034006030653347175,-0.07783468115617298,-0.05589160295139184,-0.06453629647998049,-0.0452229297795137,-0.050716052461459604,-0.03344148337018105,0.013820244018520889,0.011781446409332652,-0.05935704771024142,-0.034006030653347175,-0.07783468115617298,-0.05589160295139184,-0.1259314753352787,-0.06935085862549695,-0.06453629647998049,-0.0452229297795137
7,0.5,P_amazement-d3-v2,amazement,1,1,0.010036350055544041,0.002776855272326628,0.01795607698781687,-0.005099386049602472,-0.018716745589916428,-0.011732988607162653,-0.10132895984249135,-0.06433946561225135,-0.00791972693227283,0.0078762413219291,0.010036350055544041,0.002776855272326628,0.01795607698781687,-0.005099386049602472,-0.018716745589916428,-0.011732988607162653,-0.10132895984249135,-0.06433946561225135,-0.16770089118944576,-0.1062010290925457,-0.00791972693227283,0.0078762413219291
7,0.5,P_amazement-d3-v4,amazement,1,1,-0.008293792755073248,-0.003397712652541074,-0.0013170622613269956,-0.0026115953165959382,-0.022373681213282204,-0.015506507666231073,-0.03438036578772863,-0.016098044872217,-0.006976730493746253,-0.0007861173359451357,-0.008293792755073248,-0.003397712652541074,-0.0013170622613269956,-0.0026115953165959382,-0.022373681213282204,-0.015506507666231073,-0.03438036578772863,-0.016098044872217,-0.11165514076099825,-0.05243320100386084,-0.006976730493746253,-0.0007861173359451357
7,0.5,P_admiration-d1-v1,admiration,1,1,-0.0051372076032647485,-0.013082723386461659,-0.02090234314995776,-0.0038420654395379117,-0.03163023431259848,-0.03260051772805017,-0.1431114234548465,-0.07272806723681136,0.01576513554669301,-0.009240657946923747,-0.0051372076032647485,-0.013082723386461659,-0.02090234314995776,-0.0038420654395379117,-0.03163023431259848,-0.03260051772805017,-0.1431114234548465,-0.07272806723681136,-0.12226915689575613,-0.07108102943588612,0.01576513554669301,-0.009240657946923747
7,0.5,P_admiration-d1-v2,admiration,1,1,-0.021987205047561353,-0.020046480417537538,0.03888015002773493,0.019240785141079186,-0.023499238653790222,-0.028031764952594962,-0.16086687819228462,-0.08226942713850471,-0.06086735507529628,-0.039287265558616724,-0.021987205047561353,-0.020046480417537538,0.03888015002773493,0.019240785141079186,-0.023499238653790222,-0.028031764952594962,-0.16086687819228462,-0.08226942713850471,-0.2315022827355242,-0.11282827828295039,-0.06086735507529628,-0.039287265558616724
7,0.5,P_admiration-d1-v3,admiration,1,1,-0.016451222395414966,-0.014255061722748152,-0.011031928146454817,-0.004716809166804836,-0.04166202330344326,-0.03229267970625571,-0.16806896875695276,-0.07564855026968642,-0.005419294248960149,-0.009538252555943316,-0.016451222395414966,-0.014255061722748152,-0.011031928146454817,-0.004716809166804836,-0.04166202330344326,-0.03229267970625571,-0.16806896875695276,-0.07564855026968642,-0.2350498561637755,-0.09733386465489335,-0.005419294248960149,-0.009538252555943316
7,0.5,P_admiration-d2-v1,admiration,1,1,-0.04534545452084249,-0.017647524036002338,0.006516672461009065,-0.0015041784530209767,-0.03202351850572871,-0.013550656028796126,-0.1783991489320349,-0.08283514567601147,-0.05186212698185155,-0.01614334558298136,-0.04534545452084249,-0.017647524036002338,0.006516672461009065,-0.0015041784530209767,-0.03202351850572871,-0.013550656028796126,-0.1783991489320349,-0.08283514567601147,-0.15626078713309788,-0.0746814195527179,-0.05186212698185155,-0.01614334558298136
7,0.5,P_admiration-d2-v2,admiration,1,1,-0.012291970868027136,0.007692293597073352,-0.02728561936405871,-0.012510423789196423,-0.006350133718274087,-0.001376990734829775,-0.09254126332978174,-0.030845088020427625,0.014993648496031575,0.020202717386269775,-0.012291970868027136,0.007692293597073352,-0.02728561936405871,-0.012510423789196423,-0.006350133718274087,-0.001376990734829775,-0.09254126332978174,-0.030845088020427625,-0.10099325977410745,-0.03376431746856845,0.014993648496031575,0.020202717386269775
7,0.5,P_admiration-d2-v3,admiration,1,1,0.02211992778187266,-0.013578071956016124,0.007718358025659455,-0.0032591979672149662,0.014098197665004086,-0.02477383389099952,-0.11096318441505915,-0.06869437270877743,0.014401569756213206,-0.010318873988801158,0.02211992778187266,-0.013578071956016124,0.007718358025659455,-0.0032591979672149662,0.014098197665004086,-0.02477383389099952,-0.11096318441505915,-0.06869437270877743,-0.12987337165570256,-0.08023541394075373,0.014401569756213206,-0.010318873988801158
7,0.5,P_vigilance-d1-v4,vigilance,1,1,-0.07154134412017576,-0.06125965219479923,-0.018629978608485587,-0.009543677839217501,-0.08167237732065313,-0.07147764483759467,-0.10662307099584023,-0.06893198150532509,-0.05291136551169018,-0.05171597435558173,-0.07154134412017576,-0.06125965219479923,-0.018629978608485587,-0.009543677839217501,-0.08167237732065313,-0.07147764483759467,-0.10662307099584023,-0.06893198150532509,-0.11836959209532072,-0.07718742823429547,-0.05291136551169018,-0.05171597435558173
7,0.5,P_vigilance-d2-v3,vigilance,1,1,0.016287926040329914,0.008458269278149189,-0.00489610964713183,-0.003182104498906213,-0.01009603883108312,-0.002711090706700503,0.005713874074558145,-0.00040953535954324494,0.021184035687461744,0.011640373777055402,0.016287926040329914,0.008458269278149189,-0.00489610964713183,-0.003182104498906213,-0.01009603883108312,-0.002711090706700503,0.005713874074558145,-0.00040953535954324494,-0.04535504999695528,-0.02233905810003689,0.021184035687461744,0.011640373777055402
7,0.5,P_vigilance-d2-v4,vigilance,1,1,-0.02625917344757589,-0.03608353638172623,0.01913273747608457,0.008909432973208453,-0.02797115837708475,-0.04358337663172662,-0.10478553214775843,-0.07642658535395164,-0.04539191092366046,-0.044992969354934687,-0.02625917344757589,-0.03608353638172623,0.01913273747608457,0.008909432973208453,-0.02797115837708475,-0.04358337663172662,-0.10478553214775843,-0.07642658535395164,-0.11517728030240448,-0.08164990529225236,-0.04539191092366046,-0.044992969354934687
7,0.5,P_vigilance-d3-v2,vigilance,1,1,-0.010856966804069224,-0.0004364854451948119,-0.017942890246423815,-0.014919845333103865,-0.0023886546166345113,-0.000853107883181714,0.017693327481955734,0.002937400116492128,0.007085923442354591,0.014483359887909053,-0.010856966804069224,-0.0004364854451948119,-0.017942890246423815,-0.014919845333103865,-0.0023886546166345113,-0.000853107883181714,0.017693327481955734,0.002937400116492128,0.04670300469722122,0.0131206063397169,0.007085923442354591,0.014483359887909053
7,0.5,P_vigilance-d3-v4,vigilance,1,1,0.03767417896925185,0.020921406096517714,0.019263951195982898,0.003413146544271939,0.03184364008497376,0.015383438562103002,0.0681146323527777,0.036736693143262666,0.01841022777326895,0.017508259552245775,0.03767417896925185,0.020921406096517714,0.019263951195982898,0.003413146544271939,0.03184364008497376,0.015383438562103002,0.0681146323527777,0.036736693143262666,0.0319964495314049,0.01835576207641898,0.01841022777326895,0.017508259552245775
7,0.5,P_rage-d4-v1,rage,-1,1,-0.02722616767190722,0.013314367950670203,-0.023342487195927575,0.012436970385224733,-0.04360863371332613,0.022403262393929424,0.013792547484753115,-0.006282515517598952,-0.003883680475979645,0.0008773975654454702,0.02722616767190722,0.013314367950670203,0.023342487195927575,0.012436970385224733,0.04360863371332613,0.022403262393929424,-0.013792547484753115,-0.006282515517598952,0.0329202812543512,0.014744212927642941,0.003883680475979645,0.0008773975654454702
7,0.5,P_rage-d4-v2,rage,-1,1,0.014125950859313008,-0.006597858122180611,-0.0033024423435472627,0.0006960138455935905,-0.004402606524712915,0.007340359988440959,0.11209929511979144,-0.05444741963774913,0.01742839320286027,-0.0072938719677742014,-0.014125950859313008,-0.006597858122180611,0.0033024423435472627,0.0006960138455935905,0.004402606524712915,0.007340359988440959,-0.11209929511979144,-0.05444741963774913,-0.07766039040225703,-0.031625496836595435,-0.01742839320286027,-0.0072938719677742014
7,0.5,P_rage-d4-v4,rage,-1,1,-0.013433423898176144,0.006970628932188028,-0.030738430824821528,0.009110215125334165,-0.012505735805471652,0.0056490187290938465,0.07107048436929908,-0.033811920607612844,0.017305006926645383,-0.002139586193146137,0.013433423898176144,0.006970628932188028,0.030738430824821528,0.009110215125334165,0.012505735805471652,0.0056490187290938465,-0.07107048436929908,-0.033811920607612844,-0.042224709643368996,-0.0189036441169268,-0.017305006926645383,-0.002139586193146137
7,0.5,P_rage-d5-v1,rage,-1,1,0.007061564007674548,-0.011547016863993065,-0.05479133311155415,0.0385140002891724,0.005440405793173397,-0.008192432212929646,0.015582984470228212,-0.00992645908195744,0.0618528971192287,-0.050061017153165466,-0.007061564007674548,-0.011547016863993065,0.05479133311155415,0.0385140002891724,-0.005440405793173397,-0.008192432212929646,-0.015582984470228212,-0.00992645908195744,-0.01388481973184863,-0.008350279713775777,-0.0618528971192287,-0.050061017153165466
7,0.5,P_rage-d5-v3,rage,-1,1,-0.0192714381172836,0.01805851900379629,0.14240734388337728,-0.07656349254699535,-0.04857650845400929,0.03501852586104981,0.00801612114742234,0.006173977450736334,-0.16167878200066088,0.09462201155079164,0.0192714381172836,0.01805851900379629,-0.14240734388337728,-0.07656349254699535,0.04857650845400929,0.03501852586104981,-0.00801612114742234,0.006173977450736334,0.00693111873290686,0.012591324350339939,0.16167878200066088,0.09462201155079164
7,0.5,P_rage-d6-v2,rage,-1,1,-0.028721457349385027,0.01257971109318845,0.021687731316553105,-0.01234370086258707,-0.028466327912740397,0.008825766247499978,-0.04126068330213162,0.02127154191963765,-0.05040918866593813,0.02492341195577552,0.028721457349385027,0.01257971109318845,-0.021687731316553105,-0.01234370086258707,0.028466327912740397,0.008825766247499978,0.04126068330213162,0.02127154191963765,-0.014864713873561364,-0.0023935625992379528,0.05040918866593813,0.02492341195577552
7,0.5,P_grief-d4-v2,grief,-1,-1,-0.01640217297502744,-0.008373501755767343,-0.06386031898925104,-0.03447601180394155,-0.02413498253308699,-0.01274616214564972,-0.0515836550896438,-0.026076303737643247,0.0474581460142236,0.02610251004817421,0.01640217297502744,0.008373501755767343,0.06386031898925104,0.03447601180394155,0.02413498253308699,0.01274616214564972,0.0515836550896438,0.026076303737643247,0.0733477317558826,0.033250252680511405,-0.0474581460142236,-0.02610251004817421
7,0.5,P_grief-d4-v3,grief,-1,-1,-0.13862247392980898,-0.07807499556745512,0.0717288104938163,0.037148787513617165,-0.1885184883166824,-0.1035492810695926,-0.214165488313534,-0.11760260630230368,-0.21035128442362527,-0.11522378308107228,0.13862247392980898,0.07807499556745512,-0.0717288104938163,-0.037148787513617165,0.1885184883166824,0.1035492810695926,0.214165488313534,0.11760260630230368,0.2524829910076596,0.13706534062704945,0.21035128442362527,0.11522378308107228
7,0.5,P_grief-d4-v4,grief,-1,-1,-0.005690320571266838,-0.004985896471264795,0.07132156670639667,0.044781602739610626,0.0023729684781814697,0.0016947748970839172,-0.018752823947387753,-0.013476659908955746,-0.0770118872776635,-0.04976749921087542,0.005690320571266838,0.004985896471264795,-0.07132156670639667,-0.044781602739610626,-0.0023729684781814697,-0.0016947748970839172,0.018752823947387753,0.013476659908955746,-0.011572796217042214,-0.00390297151071195,0.0770118872776635,0.04976749921087542
7,0.5,P_grief-d5-v1,grief,-1,-1,-0.01832376093148902,-0.0147592102490961,-0.041605516206876914,-0.016823572924463903,-0.02468375335744888,-0.019642969645439656,-0.10706163292963744,-0.054680258825038575,0.023281755275387894,0.0020643626753678035,0.01832376093148902,0.0147592102490961,0.041605516206876914,0.016823572924463903,0.02468375335744888,0.019642969645439656,0.10706163292963744,0.054680258825038575,0.13716555925481533,0.06314125026741024,-0.023281755275387894,-0.0020643626753678035
7,0.5,P_grief-d5-v2,grief,-1,-1,-0.020668976400802563,-0.012216333520116862,-0.024678420094272013,-0.008295266354942932,-0.015081018470396224,-0.011022402264677211,0.053361389786426905,0.010286355691140336,0.00400944369346945,-0.00392106716517393,0.020668976400802563,0.012216333520116862,0.024678420094272013,0.008295266354942932,0.015081018470396224,0.011022402264677211,-0.053361389786426905,-0.010286355691140336,-0.04781486257382639,-0.010156927541142391,-0.00400944369346945,0.00392106716517393
7,0.5,P_grief-d5-v3,grief,-1,-1,0.02011226521841536,0.010093190818042608,-0.01660752089649442,-0.002876782973972425,0.0052259847266986625,0.006456519642881631,0.06947162859890499,0.032725023610765014,0.03671978611490978,0.012969973792015033,-0.02011226521841536,-0.010093190818042608,0.01660752089649442,0.002876782973972425,-0.0052259847266986625,-0.006456519642881631,-0.06947162859890499,-0.032725023610765014,-0.0681026545707546,-0.030688403233535055,-0.03671978611490978,-0.012969973792015033
7,0.5,P_grief-d6-v1,grief,-1,-1,-0.030238467929998514,-0.012195215943144433,-0.04039047094937409,-0.02133376638801554,-0.05627825305328038,-0.026264422311856883,-0.07150742501336271,-0.026975512865782036,0.010152003019375577,0.009138550444871107,0.030238467929998514,0.012195215943144433,0.04039047094937409,0.02133376638801554,0.05627825305328038,0.026264422311856883,0.07150742501336271,0.026975512865782036,0.09794068497750574,0.04115480736162569,-0.010152003019375577,-0.009138550444871107
7,0.5,P_grief-d6-v2,grief,-1,-1,-0.04410609799904108,-0.02405929323319711,-0.030337089292894248,-0.015845811872795323,-0.05848515198393667,-0.034478224542105806,-0.10120268390309395,-0.04389219987661397,-0.013769008706146835,-0.008213481360401786,0.04410609799904108,0.02405929323319711,0.030337089292894248,0.015845811872795323,0.05848515198393667,0.034478224542105806,0.10120268390309395,0.04389219987661397,0.14006371875782664,0.0648509491283189,0.013769008706146835,0.008213481360401786
7,0.5,P_terror-d4-v1,terror,-1,1,-0.01844159700607051,0.005613995097344393,-0.014953884055620037,0.008331130187874791,0.00777106871814226,-0.003142475368568931,-0.006800682356287613,0.0059228489860325695,-0.0034877129504504722,-0.002717135090530398,0.01844159700607051,0.005613995097344393,0.014953884055620037,0.008331130187874791,-0.00777106871814226,-0.003142475368568931,0.006800682356287613,0.0059228489860325695,0.013540057853445031,0.004066087837312438,0.0034877129504504722,-0.002717135090530398
7,0.5,P_terror-d4-v2,terror,-1,1,0.04547971435901488,-0.02978715769879603,0.0133335038596325,-0.018591465270386465,0.05858835566119591,-0.03862269714037048,0.1104122158479739,-0.05879597514717627,0.03214621049938238,-0.011195692428409565,-0.04547971435901488,-0.02978715769879603,-0.0133335038596325,-0.018591465270386465,-0.05858835566119591,-0.03862269714037048,-0.1104122158479739,-0.05879597514717627,-0.1546120203931185,-0.07705344531813241,-0.03214621049938238,-0.011195692428409565
7,0.5,P_terror-d4-v3,terror,-1,1,0.00866423434920538,-0.0033575536715950705,0.024090318714592662,-0.016903084615848663,0.00993800761921726,-0.008708084859413212,0.02705901122813259,-0.014587435819045425,-0.015426084365387283,0.013545530944253592,-0.00866423434920538,-0.0033575536715950705,-0.024090318714592662,-0.016903084615848663,-0.00993800761921726,-0.008708084859413212,-0.02705901122813259,-0.014587435819045425,-0.03318356969678238,-0.02047796717924033,0.015426084365387283,0.013545530944253592
7,0.5,P_terror-d5-v1,terror,-1,1,0.025844761774845182,-0.011823682313895745,0.04485410034369508,-0.020848493526815837,0.0235704090418567,-0.012876517128337817,0.06221870483766079,-0.03454319918297433,-0.0190093385688499,0.009024811212920092,-0.025844761774845182,-0.011823682313895745,-0.04485410034369508,-0.020848493526815837,-0.0235704090418567,-0.012876517128337817,-0.06221870483766079,-0.03454319918297433,-0.03863911762742234,-0.022746332135807013,0.0190093385688499,0.009024811212920092
7,0.5,P_terror-d5-v2,terror,-1,1,0.015827060645356994,-0.006945526071839403,0.011130608759726712,-0.011803166356030736,-0.006447466203922225,0.01154688827629613,0.11457503019273751,-0.048466573943342084,0.004696451885630282,0.0048576402841913335,-0.015827060645356994,-0.006945526071839403,-0.011130608759726712,-0.011803166356030736,0.006447466203922225,0.01154688827629613,-0.11457503019273751,-0.048466573943342084,-0.06896588214541444,-0.024788177223455055,-0.004696451885630282,0.0048576402841913335
7,0.5,P_terror-d6-v2,terror,-1,1,-0.049175372649439275,0.024007588567443783,0.03692072349023423,-0.014263900287951436,-0.0447720815085253,0.021820834908781173,-0.09942235133930621,0.05144634479443111,-0.0860960961396735,0.03827148885539522,0.049175372649439275,0.024007588567443783,-0.03692072349023423,-0.014263900287951436,0.0447720815085253,0.021820834908781173,0.09942235133930621,0.05144634479443111,0.09682929981641442,0.04953997645946684,0.0860960961396735,0.03827148885539522
7,0.5,P_ecstasy-d4-v1,ecstasy,1,1,0.042107155946482955,0.015550753091260638,0.040609614371720504,0.01657455676129782,0.036146592503469854,0.011057324682609782,0.03088568231403155,0.010113529598408277,0.001497541574762451,-0.0010238036700371822,0.042107155946482955,0.015550753091260638,0.040609614371720504,0.01657455676129782,0.036146592503469854,0.011057324682609782,0.03088568231403155,0.010113529598408277,-0.00826084718784248,-0.010018139271429582,0.001497541574762451,-0.0010238036700371822
7,0.5,P_ecstasy-d4-v3,ecstasy,1,1,0.0011769569811583835,0.010830069840545242,0.01739973227277236,0.005278152515554524,0.010764034558318869,0.01776547468078693,0.0009966930801414975,0.005884522375120049,-0.016222775291613978,0.005551917324990718,0.0011769569811583835,0.010830069840545242,0.01739973227277236,0.005278152515554524,0.010764034558318869,0.01776547468078693,0.0009966930801414975,0.005884522375120049,-0.016866660330611793,0.004230186351251497,-0.016222775291613978,0.005551917324990718
7,0.5,P_ecstasy-d5-v1,ecstasy,1,1,0.04302808117506984,0.026177506339900347,-0.03016086494543213,-0.021837265847279852,0.033851793391103335,0.017575993732512174,0.08753044462989168,0.044827392983471714,0.07318894612050197,0.0480147721871802,0.04302808117506984,0.026177506339900347,-0.03016086494543213,-0.021837265847279852,0.033851793391103335,0.017575993732512174,0.08753044462989168,0.044827392983471714,0.06347632900235789,0.033635359699036194,0.07318894612050197,0.0480147721871802
7,0.5,P_ecstasy-d5-v2,ecstasy,1,1,0.07503271256710065,0.04268912925638091,-0.09450299395440975,-0.04188964165533271,0.041565267130458494,0.02552574894827231,0.07331826530407781,0.050631007382045734,0.1695357065215104,0.08457877091171362,0.07503271256710065,0.04268912925638091,-0.09450299395440975,-0.04188964165533271,0.041565267130458494,0.02552574894827231,0.07331826530407781,0.050631007382045734,0.046945865292716826,0.03370717745763363,0.1695357065215104,0.08457877091171362
7,0.5,P_ecstasy-d5-v4,ecstasy,1,1,0.02823591817231108,0.011665639619921286,0.0871754704611103,0.051774751716337164,0.02169681467179796,0.01316446354395584,0.055268157200294876,0.025590218579517376,-0.05893955228879921,-0.04010911209641588,0.02823591817231108,0.011665639619921286,0.0871754704611103,0.051774751716337164,0.02169681467179796,0.01316446354395584,0.055268157200294876,0.025590218579517376,0.06007367047768275,0.02828519482202063,-0.05893955228879921,-0.04010911209641588
7,0.5,P_ecstasy-d6-v1,ecstasy,1,1,0.01578925796144226,0.0138603562610351,-0.11866259292563797,-0.060490733191874035,0.028726718355002845,0.022876169570328564,0.12219420947956605,0.059246233610045884,0.13445185088708023,0.07435108945290914,0.01578925796144226,0.0138603562610351,-0.11866259292563797,-0.060490733191874035,0.028726718355002845,0.022876169570328564,0.12219420947956605,0.059246233610045884,0.18849349358115486,0.0895276024396594,0.13445185088708023,0.07435108945290914
7,0.5,P_ecstasy-d6-v2,ecstasy,1,1,0.026571793727445225,0.010926604515772986,0.014288038568473382,0.004084734921115718,0.0058766249271258175,0.0006818807401343108,0.017443258361357294,0.010199057002537426,0.012283755158971843,0.006841869594657268,0.026571793727445225,0.010926604515772986,0.014288038568473382,0.004084734921115718,0.0058766249271258175,0.0006818807401343108,0.017443258361357294,0.010199057002537426,-0.009874772851607538,-0.004146464387503546,0.012283755158971843,0.006841869594657268
7,0.5,P_ecstasy-d6-v3,ecstasy,1,1,-0.0034033143256548826,-0.008024683724900505,0.036423480666626595,0.020282994327032178,0.00387435239326539,-0.0014285134169105262,-0.08038439955899612,-0.042500879377465495,-0.03982679499228148,-0.028307678051932683,-0.0034033143256548826,-0.008024683724900505,0.036423480666626595,0.020282994327032178,0.00387435239326539,-0.0014285134169105262,-0.08038439955899612,-0.042500879377465495,-0.04029600375673459,-0.024738411192405607,-0.03982679499228148,-0.028307678051932683
7,0.5,P_loathing-d4-v1,loathing,-1,1,-0.02448723851142809,0.018508777003973798,-0.006682186948846258,0.005636523678600902,-0.02968013956393456,0.02574202523995961,-0.11188887633297728,0.0595610636321009,-0.01780505156258183,0.012872253325372895,0.02448723851142809,0.018508777003973798,0.006682186948846258,0.005636523678600902,0.02968013956393456,0.02574202523995961,0.11188887633297728,0.0595610636321009,0.1955620600325254,0.09856263657723208,0.01780505156258183,0.012872253325372895
7,0.5,P_loathing-d5-v2,loathing,-1,1,0.02337128048363457,-0.006739726774495303,-0.012200968129458367,0.00510626728926411,0.0038613766368387203,-0.0008239174209796474,0.050406175439781986,-0.011525297552526403,0.03557224861309294,-0.011845994063759413,-0.02337128048363457,-0.006739726774495303,0.012200968129458367,0.00510626728926411,-0.0038613766368387203,-0.0008239174209796474,-0.050406175439781986,-0.011525297552526403,-0.008637401482128215,-0.002125283673809708,-0.03557224861309294,-0.011845994063759413
7,0.5,P_loathing-d6-v2,loathing,-1,1,-0.008349210708022525,0.005694958687455731,-0.05183977253919814,0.03746783491148875,-0.014686453308873304,0.006200375172777051,-0.02806798871191596,0.01709794056519609,0.04349056183117561,-0.03177287622403302,0.008349210708022525,0.005694958687455731,0.05183977253919814,0.03746783491148875,0.014686453308873304,0.006200375172777051,0.02806798871191596,0.01709794056519609,0.007610733454760599,0.011689748121259225,-0.04349056183117561,-0.03177287622403302
7,0.5,P_loathing-d6-v4,loathing,-1,1,0.022367526352028655,-0.0074183000872984906,-0.015221458253870779,0.008013829822888674,0.04087946475211446,-0.018497983119757144,0.056655531088865896,-0.02146298204764152,0.037588984605899434,-0.015432129910187165,-0.022367526352028655,-0.0074183000872984906,0.015221458253870779,0.008013829822888674,-0.04087946475211446,-0.018497983119757144,-0.056655531088865896,-0.02146298204764152,-0.132926688650429,-0.04727753302057458,-0.037588984605899434,-0.015432129910187165
7,0.5,P_amazement-d4-v1,amazement,1,1,-0.024533292369167015,-0.0150367177472841,0.025545852235873134,0.01913619401335609,-0.0155097838785343,-0.014531613180318814,-0.11379483364205756,-0.06008875865191321,-0.05007914460504015,-0.03417291176064019,-0.024533292369167015,-0.0150367177472841,0.025545852235873134,0.01913619401335609,-0.0155097838785343,-0.014531613180318814,-0.11379483364205756,-0.06008875865191321,-0.07208398324271759,-0.04447002452819948,-0.05007914460504015,-0.03417291176064019
7,0.5,P_amazement-d4-v2,amazement,1,1,0.010632227319950616,0.009246769013933509,0.03768942315718071,0.022273369093080753,0.012939082512225752,0.010309566513297952,0.007140670934957072,0.006365321767577203,-0.027057195837230097,-0.013026600079147244,0.010632227319950616,0.009246769013933509,0.03768942315718071,0.022273369093080753,0.012939082512225752,0.010309566513297952,0.007140670934957072,0.006365321767577203,0.015304397794657199,0.012871940060593445,-0.027057195837230097,-0.013026600079147244
7,0.5,P_amazement-d5-v2,amazement,1,1,0.010333039081869444,0.006462109980117425,0.009037865811648338,0.014572888661439798,0.01494210048239708,-0.00025196813257810646,-0.043243885688894146,-0.022030760511235314,0.001295173270221106,-0.008110778681322373,0.010333039081869444,0.006462109980117425,0.009037865811648338,0.014572888661439798,0.01494210048239708,-0.00025196813257810646,-0.043243885688894146,-0.022030760511235314,-0.05519523764760903,-0.030741890263267457,0.001295173270221106,-0.008110778681322373
7,0.5,P_amazement-d5-v4,amazement,1,1,0.011507801934329542,0.005109456441041438,-0.06040984284690154,-0.047189440742006816,0.01309936759185959,0.006110592278438354,0.032146669738155165,0.022129481329860035,0.07191764478123108,0.052298897183048254,0.011507801934329542,0.005109456441041438,-0.06040984284690154,-0.047189440742006816,0.01309936759185959,0.006110592278438354,0.032146669738155165,0.022129481329860035,0.015075044227802703,0.013777939248599491,0.07191764478123108,0.052298897183048254
7,0.5,P_amazement-d6-v1,amazement,1,1,-0.03139733411676193,-0.020462673331273606,-0.03412658158883275,-0.02432707060740036,-0.05816224933240921,-0.03345424479941439,-0.061429968039015126,-0.028209780688346786,0.002729247472070817,0.003864397276126752,-0.03139733411676193,-0.020462673331273606,-0.03412658158883275,-0.02432707060740036,-0.05816224933240921,-0.03345424479941439,-0.061429968039015126,-0.028209780688346786,-0.1756266995686464,-0.07596045457152334,0.002729247472070817,0.003864397276126752
7,0.5,P_amazement-d6-v4,amazement,1,1,0.0033128806429880697,0.0013607871132945704,0.018066938804038202,0.009551955652302269,-0.0030982879172958278,-9.378421708738927e-05,0.017043912842860554,0.007785560650141576,-0.014754058161050132,-0.008191168539007698,0.0033128806429880697,0.0013607871132945704,0.018066938804038202,0.009551955652302269,-0.0030982879172958278,-9.378421708738927e-05,0.017043912842860554,0.007785560650141576,0.01636795062854768,0.005772612660861931,-0.014754058161050132,-0.008191168539007698
7,0.5,P_admiration-d5-v1,admiration,1,1,0.04371589258940123,0.02212909624034687,-0.008467023911642002,-0.002968398682363649,0.03602417514699141,0.02048800994990785,0.129992484147885,0.04894758649206743,0.05218291650104323,0.025097494922710517,0.04371589258940123,0.02212909624034687,-0.008467023911642002,-0.002968398682363649,0.03602417514699141,0.02048800994990785,0.129992484147885,0.04894758649206743,0.12178039841095467,0.05009534026719287,0.05218291650104323,0.025097494922710517
7,0.5,P_admiration-d5-v3,admiration,1,1,0.05174868571972979,0.03423984624177834,0.042308178744889346,0.03555232680220932,0.0637720134134474,0.036683327242973185,0.007440245064298079,0.01126036832185262,0.009440506974840446,-0.0013124805604309842,0.05174868571972979,0.03423984624177834,0.042308178744889346,0.03555232680220932,0.0637720134134474,0.036683327242973185,0.007440245064298079,0.01126036832185262,0.021587789907961508,0.01872969788139045,0.009440506974840446,-0.0013124805604309842
7,0.5,P_admiration-d6-v1,admiration,1,1,-0.03289777016018913,-0.012092085517228846,0.018943852256839477,0.0139415667728775,-0.02414710702471634,-0.010233515925331282,-0.04058237854083657,-0.014967146456740466,-0.05184162241702861,-0.026033652290106346,-0.03289777016018913,-0.012092085517228846,0.018943852256839477,0.0139415667728775,-0.02414710702471634,-0.010233515925331282,-0.04058237854083657,-0.014967146456740466,-0.06502160338764007,-0.02593429332872521,-0.05184162241702861,-0.026033652290106346
7,0.5,P_admiration-d6-v2,admiration,1,1,-0.010775890799266108,-0.008703819406968627,0.007739473403104213,0.003502081539997981,-0.012211641271258955,-0.009483911976064796,-0.029710382702248683,-0.01892013266198367,-0.01851536420237032,-0.012205900946966608,-0.010775890799266108,-0.008703819406968627,0.007739473403104213,0.003502081539997981,-0.012211641271258955,-0.009483911976064796,-0.029710382702248683,-0.01892013266198367,-0.05638938050975817,-0.03075859263234948,-0.01851536420237032,-0.012205900946966608
7,0.5,P_admiration-d6-v3,admiration,1,1,-0.03155832490183208,-0.020946206961042435,-0.029931770132888502,-0.021178261887594196,-0.05099422748825866,-0.027256521685509405,-0.05793052407931221,-0.03226134013930393,-0.0016265547689435778,0.0002320549265517613,-0.03155832490183208,-0.020946206961042435,-0.029931770132888502,-0.021178261887594196,-0.05099422748825866,-0.027256521685509405,-0.05793052407931221,-0.03226134013930393,-0.05916369475168848,-0.030472056603533915,-0.0016265547689435778,0.0002320549265517613
7,0.5,P_admiration-d6-v4,admiration,1,1,0.020127247493050504,0.009810012780785193,0.014348145922126854,0.008618962658329288,0.026250206499883966,0.009834721233582755,-0.023529897228217855,-0.00940963497603553,0.00577910157092365,0.0011910501224559056,0.020127247493050504,0.009810012780785193,0.014348145922126854,0.008618962658329288,0.026250206499883966,0.009834721233582755,-0.023529897228217855,-0.00940963497603553,0.008522301673181243,0.007071482203422796,0.00577910157092365,0.0011910501224559056
7,0.5,P_vigilance-d4-v2,vigilance,1,1,0.018561359692261803,0.013142763181042127,0.025524328162272347,0.014210701420353189,0.02722825317148647,0.017923133396364754,0.08251885156170502,0.05086194542500877,-0.006962968470010544,-0.0010679382393110615,0.018561359692261803,0.013142763181042127,0.025524328162272347,0.014210701420353189,0.02722825317148647,0.017923133396364754,0.08251885156170502,0.05086194542500877,0.07462259258487247,0.04917076567394307,-0.006962968470010544,-0.0010679382393110615
7,0.5,P_vigilance-d5-v2,vigilance,1,1,0.003615000722685835,-0.006523917422089021,-0.014336213009263687,-0.00602461768712903,-0.013390872839907253,-0.015803720447265412,-0.06107298579324727,-0.02916262318171725,0.017951213731949522,-0.0004992997349599904,0.003615000722685835,-0.006523917422089021,-0.014336213009263687,-0.00602461768712903,-0.013390872839907253,-0.015803720447265412,-0.06107298579324727,-0.02916262318171725,-0.0776424838274945,-0.03943379370196354,0.017951213731949522,-0.0004992997349599904
7,0.5,P_vigilance-d5-v3,vigilance,1,1,0.024852911912184972,0.013053743017679587,0.03753119488925272,0.019093902339401225,0.02506000283199583,0.013675638036811932,0.005866768891151786,0.005205520933615482,-0.012678282977067745,-0.006040159321721639,0.024852911912184972,0.013053743017679587,0.03753119488925272,0.019093902339401225,0.02506000283199583,0.013675638036811932,0.005866768891151786,0.005205520933615482,-0.0015026369566326636,0.005719057127362426,-0.012678282977067745,-0.006040159321721639
7,0.5,P_vigilance-d5-v4,vigilance,1,1,0.006843543236717764,-8.919802045426195e-05,-0.002313329282629617,-0.001728853509261441,-0.006881069683705832,-0.006405803909895091,-0.004098420510494805,-0.007103423326514147,0.009156872519347381,0.001639655488807179,0.006843543236717764,-8.919802045426195e-05,-0.002313329282629617,-0.001728853509261441,-0.006881069683705832,-0.006405803909895091,-0.004098420510494805,-0.007103423326514147,-0.03563525892250219,-0.01895859869263372,0.009156872519347381,0.001639655488807179
7,1.0,P_rage-d1-v2,rage,-1,1,-0.01563343806472428,0.0016536355877141418,0.09852963830102546,-0.05494297011130467,-0.02175113939946316,0.018846805104747233,0.05312413545656236,-0.046421196889480765,-0.11416307636574974,0.05659660569901881,0.01563343806472428,0.0016536355877141418,-0.09852963830102546,-0.05494297011130467,0.02175113939946316,0.018846805104747233,-0.05312413545656236,-0.046421196889480765,-0.03265092001512482,-0.0244853492853343,0.11416307636574974,0.05659660569901881
7,1.0,P_rage-d2-v3,rage,-1,1,0.07826768637028358,-0.0665859256589938,0.03487368606256247,-0.02128775635044189,0.09051674816630584,-0.07967622646861106,0.2107830111780049,-0.11671433543681342,0.043394000307721114,-0.045298169308551905,-0.07826768637028358,-0.0665859256589938,-0.03487368606256247,-0.02128775635044189,-0.09051674816630584,-0.07967622646861106,-0.2107830111780049,-0.11671433543681342,-0.3084850111397879,-0.1642746231158867,-0.043394000307721114,-0.045298169308551905
7,1.0,P_rage-d3-v3,rage,-1,1,-0.004856628570999,-0.031227390461133986,-0.0959499376752122,0.054173278763373744,0.014560962544408085,-0.04393926548857241,0.5025050713354413,-0.2514378020115835,0.0910933091042132,-0.08540066922450773,0.004856628570999,-0.031227390461133986,0.0959499376752122,0.054173278763373744,-0.014560962544408085,-0.04393926548857241,-0.5025050713354413,-0.2514378020115835,-0.4886655945329612,-0.24431272689697314,-0.0910933091042132,-0.08540066922450773
7,1.0,P_rage-d3-v4,rage,-1,1,-0.09930767586392175,0.05382173590509076,0.14493427657877955,-0.10062627795345236,-0.0684876919347035,0.03295728904154416,-0.050969058518604005,0.023028430125654697,-0.2442419524427013,0.15444801385854312,0.09930767586392175,0.05382173590509076,-0.14493427657877955,-0.10062627795345236,0.0684876919347035,0.03295728904154416,0.050969058518604005,0.023028430125654697,-0.022370100200820975,-0.026732974936994225,0.2442419524427013,0.15444801385854312
7,1.0,P_grief-d1-v3,grief,-1,-1,-0.09446194851328382,-0.033473448296298614,-0.09473193376994526,-0.03856062078840328,-0.03420643573334292,0.007425676166640471,-0.1310549013301534,-0.03805443954411336,0.00026998525666144246,0.0050871724921046635,0.09446194851328382,0.033473448296298614,0.09473193376994526,0.03856062078840328,0.03420643573334292,-0.007425676166640471,0.1310549013301534,0.03805443954411336,0.019158815802176488,-0.02209718962890239,-0.00026998525666144246,-0.0050871724921046635
7,1.0,P_grief-d1-v4,grief,-1,-1,0.12844834750026024,0.13166685557009927,0.09490280181029664,0.11699981766413359,0.1380819659069008,0.1428662489368815,0.34965203784193655,0.21239018580624247,0.033545545689963596,0.014667037905965685,-0.12844834750026024,-0.13166685557009927,-0.09490280181029664,-0.11699981766413359,-0.1380819659069008,-0.1428662489368815,-0.34965203784193655,-0.21239018580624247,-0.41952000273441925,-0.2368817185298573,-0.033545545689963596,-0.014667037905965685
7,1.0,P_grief-d2-v1,grief,-1,-1,0.09993699670390033,0.06061800022667452,-0.03495969854581027,-0.011648413263843693,0.10528480169055232,0.07050261221563758,0.5278180035279529,0.19925904215909185,0.1348966952497106,0.07226641349051821,-0.09993699670390033,-0.06061800022667452,0.03495969854581027,0.011648413263843693,-0.10528480169055232,-0.07050261221563758,-0.5278180035279529,-0.19925904215909185,-0.6450793688941254,-0.2498752293717672,-0.1348966952497106,-0.07226641349051821
7,1.0,P_grief-d2-v2,grief,-1,-1,-0.17196332324498087,-0.07893265808276606,-0.06529016957940037,-0.034739736494486806,-0.19552019737104054,-0.08617390029050043,-0.24896840590110703,-0.11406852320472494,-0.1066731536655805,-0.044192921588279255,0.17196332324498087,0.07893265808276606,0.06529016957940037,0.034739736494486806,0.19552019737104054,0.08617390029050043,0.24896840590110703,0.11406852320472494,0.32093967384022903,0.14066565412129828,0.1066731536655805,0.044192921588279255
7,1.0,P_grief-d2-v3,grief,-1,-1,-0.08872651401906939,-0.04516392553993054,-0.13835687331968494,-0.07880303338508998,-0.12081418725817628,-0.05006796614755693,-0.13577385860134417,-0.051156155421136607,0.049630359300615545,0.033639107845159444,0.08872651401906939,0.04516392553993054,0.13835687331968494,0.07880303338508998,0.12081418725817628,0.05006796614755693,0.13577385860134417,0.051156155421136607,0.17706652933228506,0.06855948374727916,-0.049630359300615545,-0.033639107845159444
7,1.0,P_grief-d2-v4,grief,-1,-1,0.03465759881073449,0.051563973584192624,-0.01535587434189889,0.007165406461667523,0.021850377768388718,0.0565941365082292,-0.10207310480046816,-0.027815738092884956,0.05001347315263338,0.0443985671225251,-0.03465759881073449,-0.051563973584192624,0.01535587434189889,-0.007165406461667523,-0.021850377768388718,-0.0565941365082292,0.10207310480046816,0.027815738092884956,0.0902671379735529,0.02454903798914465,-0.05001347315263338,-0.0443985671225251
7,1.0,P_grief-d3-v2,grief,-1,-1,-0.006354588722685683,0.01128230025467758,-0.006442468494327613,-0.011068343855473728,-0.017367632319236215,0.004965618816343387,-0.018015722024231184,0.004952576700070654,8.787977164192995e-05,0.022350644110151308,0.006354588722685683,-0.01128230025467758,0.006442468494327613,0.011068343855473728,0.017367632319236215,-0.004965618816343387,0.018015722024231184,-0.004952576700070654,0.061377513301057895,0.01285105124176189,-8.787977164192995e-05,-0.022350644110151308
7,1.0,P_grief-d3-v3,grief,-1,-1,0.06414885356698896,0.02663818473165236,-0.11895196797424035,-0.061642679797968114,0.11239668501343747,0.049140458888374816,0.20894607527105347,0.07902191086801214,0.1831008215412293,0.08828086452962047,-0.06414885356698896,-0.02663818473165236,0.11895196797424035,0.061642679797968114,-0.11239668501343747,-0.049140458888374816,-0.20894607527105347,-0.07902191086801214,-0.26627869120216907,-0.09904864296308258,-0.1831008215412293,-0.08828086452962047
7,1.0,P_grief-d3-v4,grief,-1,-1,-0.05035006203423187,-0.03030881878311309,-0.06890418931662623,-0.027713361331679565,-0.030252699827373775,-0.012399486861001563,0.052866861010537836,0.019476432256690046,0.01855412728239436,-0.002595457451433525,0.05035006203423187,0.03030881878311309,0.06890418931662623,0.027713361331679565,0.030252699827373775,0.012399486861001563,-0.052866861010537836,-0.019476432256690046,-0.054856688481574434,-0.026933380583047395,-0.01855412728239436,0.002595457451433525
7,1.0,P_terror-d1-v3,terror,-1,1,-0.2427293979605114,0.12421413908769985,-0.07795849306125113,0.032635414094245974,-0.2802950181346757,0.14031041964424773,-0.23584832090496644,0.11014242630450566,-0.16477090489926027,0.09157872499345387,0.2427293979605114,0.12421413908769985,0.07795849306125113,0.032635414094245974,0.2802950181346757,0.14031041964424773,0.23584832090496644,0.11014242630450566,0.33488876180183436,0.14794381375071275,0.16477090489926027,0.09157872499345387
7,1.0,P_terror-d2-v3,terror,-1,1,-0.08984836117673733,0.01777215373937935,-0.07864807597806678,0.0363939896231944,-0.14914992307115238,0.05044698363501787,-0.13898764944791697,0.018894599031527903,-0.011200285198670556,-0.018621835883815052,0.08984836117673733,0.01777215373937935,0.07864807597806678,0.0363939896231944,0.14914992307115238,0.05044698363501787,0.13898764944791697,0.018894599031527903,0.26263251402523746,0.07320412375451202,0.011200285198670556,-0.018621835883815052
7,1.0,P_terror-d2-v4,terror,-1,1,0.07084762337448858,-0.07862189538194819,-0.02486905779050108,0.0026372315453411233,0.06536718086492055,-0.09307285797619969,0.09198569506715426,-0.08627191550804891,0.09571668116498966,-0.08125912692728932,-0.07084762337448858,-0.07862189538194819,0.02486905779050108,0.0026372315453411233,-0.06536718086492055,-0.09307285797619969,-0.09198569506715426,-0.08627191550804891,-0.1493960975915245,-0.11528472943058343,-0.09571668116498966,-0.08125912692728932
7,1.0,P_terror-d3-v3,terror,-1,1,-0.03580010589076554,0.03241100225363347,0.09382422147544833,-0.05700686816466227,-0.013163718395558632,0.017612903651884615,-0.057309943991778134,0.043640790781833694,-0.12962432736621388,0.08941787041829574,0.03580010589076554,0.03241100225363347,-0.09382422147544833,-0.05700686816466227,0.013163718395558632,0.017612903651884615,0.057309943991778134,0.043640790781833694,0.023825700080520207,0.0245676326195734,0.12962432736621388,0.08941787041829574
7,1.0,P_terror-d3-v4,terror,-1,1,-0.1459510034300342,0.062372959307056774,0.03680724946199865,-0.029720593402240425,-0.17552814935298766,0.08878768886341781,-0.3365604548919836,0.16120035514216635,-0.18275825289203285,0.0920935527092972,0.1459510034300342,0.062372959307056774,-0.03680724946199865,-0.029720593402240425,0.17552814935298766,0.08878768886341781,0.3365604548919836,0.16120035514216635,0.44731706253139825,0.219210530920241,0.18275825289203285,0.0920935527092972
7,1.0,P_ecstasy-d1-v1,ecstasy,1,1,0.2863311340044934,0.13746218469034055,-0.23871230711766822,-0.13671471441338934,0.23639327512624364,0.12669121311343368,0.26646478172306454,0.15520628053248497,0.5250434411221616,0.2741768991037299,0.2863311340044934,0.13746218469034055,-0.23871230711766822,-0.13671471441338934,0.23639327512624364,0.12669121311343368,0.26646478172306454,0.15520628053248497,0.2513608740836135,0.17382065459849638,0.5250434411221616,0.2741768991037299
7,1.0,P_ecstasy-d2-v1,ecstasy,1,1,0.11634208895336018,0.06600713436111327,0.11154123221313705,0.03565467260890465,0.16495953305064548,0.09255150584672567,0.11800403438280282,0.05231614049111588,0.004800856740223125,0.030352461752208626,0.11634208895336018,0.06600713436111327,0.11154123221313705,0.03565467260890465,0.16495953305064548,0.09255150584672567,0.11800403438280282,0.05231614049111588,0.18942016037326503,0.07667806175835068,0.004800856740223125,0.030352461752208626
7,1.0,P_ecstasy-d2-v2,ecstasy,1,1,-0.14396477896588245,-0.07321148188355142,-0.22024035843484668,-0.18389976212762882,-0.30490632590774336,-0.18461594829692185,-0.6065116228855314,-0.2565989610127568,0.07627557946896424,0.1106882802440774,-0.14396477896588245,-0.07321148188355142,-0.22024035843484668,-0.18389976212762882,-0.30490632590774336,-0.18461594829692185,-0.6065116228855314,-0.2565989610127568,-0.7820136510460509,-0.37345527396691347,0.07627557946896424,0.1106882802440774
7,1.0,P_ecstasy-d2-v3,ecstasy,1,1,-0.04141752149372113,-0.019311439045409884,0.10010620712118357,0.02844151890504243,-0.1537460177307306,-0.07791112914278386,-0.2343470035472155,-0.10160913170616048,-0.1415237286149047,-0.04775295795045231,-0.04141752149372113,-0.019311439045409884,0.10010620712118357,0.02844151890504243,-0.1537460177307306,-0.07791112914278386,-0.2343470035472155,-0.10160913170616048,-0.5353433113366663,-0.24045476217647366,-0.1415237286149047,-0.04775295795045231
7,1.0,P_ecstasy-d2-v4,ecstasy,1,1,-0.03257200957931872,-0.04872330336652908,0.059180531750223864,0.035464487510592946,-0.0386723447260211,-0.06305905353737185,-0.06677834294117169,-0.05805313210787588,-0.09175254132954258,-0.08418779087712203,-0.03257200957931872,-0.04872330336652908,0.059180531750223864,0.035464487510592946,-0.0386723447260211,-0.06305905353737185,-0.06677834294117169,-0.05805313210787588,-0.055621542497498844,-0.062364237026736546,-0.09175254132954258,-0.08418779087712203
7,1.0,P_ecstasy-d3-v1,ecstasy,1,1,0.05679211536977302,0.0017764430681186383,0.0484052306897329,0.015192183809144666,0.07474047496828273,-0.006842810805752997,-0.20715380990499366,-0.12959616522779704,0.008386884680040119,-0.013415740741026028,0.05679211536977302,0.0017764430681186383,0.0484052306897329,0.015192183809144666,0.07474047496828273,-0.006842810805752997,-0.20715380990499366,-0.12959616522779704,-0.25738266845834445,-0.1707582226802593,0.008386884680040119,-0.013415740741026028
7,1.0,P_ecstasy-d3-v4,ecstasy,1,1,-0.04160445264511381,-0.031304494686383855,0.021040109891037773,0.011778609883974944,-0.1184483212631342,-0.06649229484507391,-0.19238987067054758,-0.07120326036833191,-0.06264456253615158,-0.0430831045703588,-0.04160445264511381,-0.031304494686383855,0.021040109891037773,0.011778609883974944,-0.1184483212631342,-0.06649229484507391,-0.19238987067054758,-0.07120326036833191,-0.32534524144774446,-0.12272843713461068,-0.06264456253615158,-0.0430831045703588
7,1.0,P_loathing-d1-v2,loathing,-1,1,-0.02854043457060662,-0.007938924822016524,-0.01880232053897757,-0.005732028140241319,0.00018995551926526133,-0.03809922834300661,0.10962196530849644,-0.06027928093703672,-0.009738114031629053,-0.0022068966817752056,0.02854043457060662,-0.007938924822016524,0.01880232053897757,-0.005732028140241319,-0.00018995551926526133,-0.03809922834300661,-0.10962196530849644,-0.06027928093703672,-0.20809035563775247,-0.12030177838823741,0.009738114031629053,-0.0022068966817752056
7,1.0,P_loathing-d2-v2,loathing,-1,1,-0.29251134576157156,0.1503983633396082,0.15690313621381158,-0.07759932559168181,-0.32395429161940203,0.16338615879864538,-0.4962822959497535,0.227127232883082,-0.44941448197538314,0.22799768893129002,0.29251134576157156,0.1503983633396082,-0.15690313621381158,-0.07759932559168181,0.32395429161940203,0.16338615879864538,0.4962822959497535,0.227127232883082,0.5289504805877918,0.24539611607321365,0.44941448197538314,0.22799768893129002
7,1.0,P_loathing-d3-v2,loathing,-1,1,0.16884124933990607,-0.10242119197729238,-0.10910600759365918,-0.019638207173487743,0.19428262348900072,-0.11487168445659002,0.4202728834893108,-0.19571988933151196,0.27794725693356526,-0.08278298480380464,-0.16884124933990607,-0.10242119197729238,0.10910600759365918,-0.019638207173487743,-0.19428262348900072,-0.11487168445659002,-0.4202728834893108,-0.19571988933151196,-0.4326915153772495,-0.187008868366334,-0.27794725693356526,-0.08278298480380464
7,1.0,P_loathing-d3-v3,loathing,-1,1,0.0897143969598142,-0.038351100957052076,0.09753840554994131,-0.05147579800168334,0.096889639300767,-0.0561153127298466,0.21227527511570754,-0.12148205623413233,-0.007824008590127107,0.013124697044631262,-0.0897143969598142,-0.038351100957052076,-0.09753840554994131,-0.05147579800168334,-0.096889639300767,-0.0561153127298466,-0.21227527511570754,-0.12148205623413233,-0.223452164650229,-0.13069159705840727,0.007824008590127107,0.013124697044631262
7,1.0,P_loathing-d3-v4,loathing,-1,1,0.0781911953174994,-0.03974257078800747,-0.1206216416916801,0.054217973105567197,0.13923795444631804,-0.09158285038872105,0.3628612586483557,-0.17068385734645108,0.1988128370091795,-0.09396054389357467,-0.0781911953174994,-0.03974257078800747,0.1206216416916801,0.054217973105567197,-0.13923795444631804,-0.09158285038872105,-0.3628612586483557,-0.17068385734645108,-0.5078285259569519,-0.2615560923967388,-0.1988128370091795,-0.09396054389357467
7,1.0,P_amazement-d1-v1,amazement,1,1,0.023318517212117307,-0.0022658112096456406,0.05912948211906599,0.04542980135702024,0.007773526591551949,-0.018255346149465446,-0.15399655955654845,-0.0850105950880442,-0.035810964906948684,-0.04769561256666588,0.023318517212117307,-0.0022658112096456406,0.05912948211906599,0.04542980135702024,0.007773526591551949,-0.018255346149465446,-0.15399655955654845,-0.0850105950880442,-0.02311560750399444,-0.03759602348860147,-0.035810964906948684,-0.04769561256666588
7,1.0,P_amazement-d1-v2,amazement,1,1,-0.045751223865145185,-0.018553952956447795,-0.032074282378586894,-6.371233235391571e-05,-0.04239501054158712,-0.016426482177471335,-0.14966842046627615,-0.058754881841923456,-0.013676941486558292,-0.01849024062409388,-0.045751223865145185,-0.018553952956447795,-0.032074282378586894,-6.371233235391571e-05,-0.04239501054158712,-0.016426482177471335,-0.14966842046627615,-0.058754881841923456,-0.08372698700786252,-0.021656230387907094,-0.013676941486558292,-0.01849024062409388
7,1.0,P_amazement-d1-v4,amazement,1,1,-0.06353533230442743,-0.06663309925479588,-0.020804870430334965,-0.028607699841580292,-0.06125403251285011,-0.08490797906627812,0.07189983717977988,0.010616042589362884,-0.04273046187409246,-0.03802539941321559,-0.06353533230442743,-0.06663309925479588,-0.020804870430334965,-0.028607699841580292,-0.06125403251285011,-0.08490797906627812,0.07189983717977988,0.010616042589362884,0.12593470657231443,0.03416249710426644,-0.04273046187409246,-0.03802539941321559
7,1.0,P_amazement-d2-v1,amazement,1,1,0.029935944755553834,-0.00010112579751986317,0.045892026370335515,0.02679206118194788,0.01629052829183042,-0.003706382671285091,0.09319416546229409,0.03894953036135451,-0.01595608161478168,-0.026893186979467743,0.029935944755553834,-0.00010112579751986317,0.045892026370335515,0.02679206118194788,0.01629052829183042,-0.003706382671285091,0.09319416546229409,0.03894953036135451,0.06632830064723105,0.03546018299519549,-0.01595608161478168,-0.026893186979467743
7,1.0,P_amazement-d2-v2,amazement,1,1,-0.08039708569884052,-0.05738669533115015,0.025924990265454362,0.019619927305660312,-0.0846741539858904,-0.05240571767760205,-0.12656718649472953,-0.0903710284784891,-0.10632207596429488,-0.07700662263681046,-0.08039708569884052,-0.05738669533115015,0.025924990265454362,0.019619927305660312,-0.0846741539858904,-0.05240571767760205,-0.12656718649472953,-0.0903710284784891,-0.194721583294025,-0.10660765550042406,-0.10632207596429488,-0.07700662263681046
7,1.0,P_amazement-d3-v2,amazement,1,1,0.008849720913866932,0.006189628951434933,0.010697650906738687,-0.020058697419357507,-0.03458592317605724,-0.026494254857747812,-0.2175756748266222,-0.12789162632689965,-0.0018479299928717552,0.02624832637079244,0.008849720913866932,0.006189628951434933,0.010697650906738687,-0.020058697419357507,-0.03458592317605724,-0.026494254857747812,-0.2175756748266222,-0.12789162632689965,-0.3775537185590099,-0.21767305410856608,-0.0018479299928717552,0.02624832637079244
7,1.0,P_amazement-d3-v4,amazement,1,1,0.010268111532284685,0.0026778646510292603,-0.004075538218881292,-0.004229941596887166,-0.01662289932001393,-0.013867651024098926,-0.050326183318531115,-0.02225986785896472,0.014343649751165977,0.006907806247916426,0.010268111532284685,0.0026778646510292603,-0.004075538218881292,-0.004229941596887166,-0.01662289932001393,-0.013867651024098926,-0.050326183318531115,-0.02225986785896472,-0.18060390021383377,-0.07945879732995698,0.014343649751165977,0.006907806247916426
7,1.0,P_admiration-d1-v1,admiration,1,1,-0.027060730654048903,-0.026535204662748058,-0.07024938099907807,-0.023891578365681454,-0.0519088020405869,-0.057810824381141934,-0.22354168776807715,-0.11723355664627677,0.04318865034502917,-0.0026436262970666036,-0.027060730654048903,-0.026535204662748058,-0.07024938099907807,-0.023891578365681454,-0.0519088020405869,-0.057810824381141934,-0.22354168776807715,-0.11723355664627677,-0.16734749078934819,-0.09827572868523848,0.04318865034502917,-0.0026436262970666036
7,1.0,P_admiration-d1-v2,admiration,1,1,-0.020137077968780837,-0.03145941192855872,0.06909023448519136,0.03417376309763753,-0.04048801605007046,-0.0521177945505622,-0.34387586438658113,-0.1615547059437734,-0.0892273124539722,-0.06563317502619626,-0.020137077968780837,-0.03145941192855872,0.06909023448519136,0.03417376309763753,-0.04048801605007046,-0.0521177945505622,-0.34387586438658113,-0.1615547059437734,-0.4670979091262,-0.21790741981790474,-0.0892273124539722,-0.06563317502619626
7,1.0,P_admiration-d1-v3,admiration,1,1,-0.027623163671745665,-0.02363686609203608,-0.004663314187252077,-0.0034687201102769905,-0.07109938707321728,-0.05456429332706758,-0.30417887791312825,-0.12658054563885868,-0.02295984948449359,-0.02016814598175909,-0.027623163671745665,-0.02363686609203608,-0.004663314187252077,-0.0034687201102769905,-0.07109938707321728,-0.05456429332706758,-0.30417887791312825,-0.12658054563885868,-0.3858585683033078,-0.14899171957218638,-0.02295984948449359,-0.02016814598175909
7,1.0,P_admiration-d2-v1,admiration,1,1,-0.0814576132562932,-0.024109209700238665,0.015065394860848791,-0.005515297831372834,-0.06760742100833284,-0.023442032852717176,-0.3610770385857762,-0.16091684606881218,-0.09652300811714198,-0.01859391186886583,-0.0814576132562932,-0.024109209700238665,0.015065394860848791,-0.005515297831372834,-0.06760742100833284,-0.023442032852717176,-0.3610770385857762,-0.16091684606881218,-0.3188629540137047,-0.15167758525888342,-0.09652300811714198,-0.01859391186886583
7,1.0,P_admiration-d2-v2,admiration,1,1,-0.02287089962873523,0.013095862888850895,-0.04672702469621903,-0.02305950597948403,-0.004182743615570139,0.00843302050603878,-0.12020049103653374,-0.022866013439759136,0.023856125067483802,0.036155368868334925,-0.02287089962873523,0.013095862888850895,-0.04672702469621903,-0.02305950597948403,-0.004182743615570139,0.00843302050603878,-0.12020049103653374,-0.022866013439759136,-0.11684413935595694,-0.021240632440071572,0.023856125067483802,0.036155368868334925
7,1.0,P_admiration-d2-v3,admiration,1,1,0.019009942499330634,-0.03483805099131665,0.008937303815464759,-0.005557954511867358,0.015229315698015,-0.05843763088510645,-0.22983657424973103,-0.14289143120186587,0.010072638683865875,-0.02928009647944929,0.019009942499330634,-0.03483805099131665,0.008937303815464759,-0.005557954511867358,0.015229315698015,-0.05843763088510645,-0.22983657424973103,-0.14289143120186587,-0.3017441628176192,-0.17819428442616925,0.010072638683865875,-0.02928009647944929
7,1.0,P_vigilance-d1-v4,vigilance,1,1,-0.13665687852149677,-0.11119189511059524,-0.0021221523060539482,-0.0026534660073966876,-0.15272393792892647,-0.13388213892794987,-0.17201612595826177,-0.11205356257582455,-0.13453472621544282,-0.10853842910319855,-0.13665687852149677,-0.11119189511059524,-0.0021221523060539482,-0.0026534660073966876,-0.15272393792892647,-0.13388213892794987,-0.17201612595826177,-0.11205356257582455,-0.2025207261727262,-0.13078679486916744,-0.13453472621544282,-0.10853842910319855
7,1.0,P_vigilance-d2-v3,vigilance,1,1,0.03820999841235562,0.02019068513928879,-0.01338299028629475,-0.008405511516504482,-0.008997599897365482,-0.0012833211639033948,0.04479272387846667,0.016299792258245738,0.051592988698650366,0.02859619665579327,0.03820999841235562,0.02019068513928879,-0.01338299028629475,-0.008405511516504482,-0.008997599897365482,-0.0012833211639033948,0.04479272387846667,0.016299792258245738,-0.07150094409879015,-0.034888408029261075,0.051592988698650366,0.02859619665579327
7,1.0,P_vigilance-d2-v4,vigilance,1,1,-0.039405343424771644,-0.06471736227768599,0.030408219707629414,0.011308966133266374,-0.055897762032592446,-0.08153963208592163,-0.1844681760076856,-0.13312110902024088,-0.06981356313240106,-0.07602632841095236,-0.039405343424771644,-0.06471736227768599,0.030408219707629414,0.011308966133266374,-0.055897762032592446,-0.08153963208592163,-0.1844681760076856,-0.13312110902024088,-0.2229458315861006,-0.1550028193369668,-0.06981356313240106,-0.07602632841095236
7,1.0,P_vigilance-d3-v2,vigilance,1,1,-0.019035687957060787,0.0005044075879432341,-0.029006485681441596,-0.024796285525900075,-0.007097425073467889,0.002083749326219575,0.056881610735021404,0.019974414969619048,0.009970797724380809,0.02530069311384331,-0.019035687957060787,0.0005044075879432341,-0.029006485681441596,-0.024796285525900075,-0.007097425073467889,0.002083749326219575,0.056881610735021404,0.019974414969619048,0.09142818149117016,0.02922070903980245,0.009970797724380809,0.02530069311384331
7,1.0,P_vigilance-d3-v4,vigilance,1,1,0.05297654492807169,0.03283740847517791,0.03690785840834998,0.006408204710419696,0.056566358564705155,0.026103231833834784,0.15967701174056614,0.0820953309472241,0.01606868651972171,0.026429203764758213,0.05297654492807169,0.03283740847517791,0.03690785840834998,0.006408204710419696,0.056566358564705155,0.026103231833834784,0.15967701174056614,0.0820953309472241,0.09440231999997062,0.050744334967331994,0.01606868651972171,0.026429203764758213
7,1.0,P_rage-d4-v1,rage,-1,1,-0.039552729408164566,0.020820201392163895,-0.04812664827614199,0.027688295171651944,-0.08125494840542125,0.04376672211618793,0.014967880755444973,-0.00605294487975927,0.008573918867977426,-0.006868093779488049,0.039552729408164566,0.020820201392163895,0.04812664827614199,0.027688295171651944,0.08125494840542125,0.04376672211618793,-0.014967880755444973,-0.00605294487975927,0.06700060667171392,0.031423604181100906,-0.008573918867977426,-0.006868093779488049
7,1.0,P_rage-d4-v2,rage,-1,1,0.05670133892548446,-0.023315601065493574,-0.0034110843022050474,7.79408868201159e-06,-0.001516712307556567,0.008628858555989716,0.22680305604035933,-0.10863541527683074,0.060112423227689504,-0.023323395154175586,-0.05670133892548446,-0.023315601065493574,0.0034110843022050474,7.79408868201159e-06,0.001516712307556567,0.008628858555989716,-0.22680305604035933,-0.10863541527683074,-0.14324793909452538,-0.05963326122758872,-0.060112423227689504,-0.023323395154175586
7,1.0,P_rage-d4-v4,rage,-1,1,-0.0333946621968888,0.013580876473334946,-0.08595767654156994,0.030587261424360968,-0.031075497171517696,0.01326534088832343,0.12378693002189767,-0.05790073457292122,0.052563014344681136,-0.01700638495102602,0.0333946621968888,0.013580876473334946,0.08595767654156994,0.030587261424360968,0.031075497171517696,0.01326534088832343,-0.12378693002189767,-0.05790073457292122,-0.08358682311156507,-0.03359017388263297,-0.052563014344681136,-0.01700638495102602
7,1.0,P_rage-d5-v1,rage,-1,1,0.005414498557889225,-0.017008473575636174,-0.1092762901919615,0.07088830928953449,0.01987841942063895,-0.018017785779239404,0.030476094602207127,-0.016056656634583888,0.11469078874985073,-0.08789678286517066,-0.005414498557889225,-0.017008473575636174,0.1092762901919615,0.07088830928953449,-0.01987841942063895,-0.018017785779239404,-0.030476094602207127,-0.016056656634583888,-0.01521588186332945,-0.005042671652027764,-0.11469078874985073,-0.08789678286517066
7,1.0,P_rage-d5-v3,rage,-1,1,-0.027201419765068735,0.030361205776605615,0.3409247201129011,-0.17306706862416377,-0.08065372213260691,0.06130069114309489,0.008562004515713095,0.013647767991365356,-0.3681261398779698,0.20342827440076938,0.027201419765068735,0.030361205776605615,-0.3409247201129011,-0.17306706862416377,0.08065372213260691,0.06130069114309489,-0.008562004515713095,0.013647767991365356,0.003137048131648168,0.023187335082576865,0.3681261398779698,0.20342827440076938
7,1.0,P_rage-d6-v2,rage,-1,1,-0.057678324565443084,0.02495694400433468,0.0171292405804353,-0.015679211292324524,-0.05779933074194066,0.019170251624487378,-0.09592545028259636,0.048743093785778235,-0.07480756514587839,0.040636155296659204,0.057678324565443084,0.02495694400433468,-0.0171292405804353,-0.015679211292324524,0.05779933074194066,0.019170251624487378,0.09592545028259636,0.048743093785778235,0.004166078521658179,0.008528016896433233,0.07480756514587839,0.040636155296659204
7,1.0,P_grief-d4-v2,grief,-1,-1,-0.039079691449082965,-0.017103616562441637,-0.11063210917355004,-0.06092505855546637,-0.056012173557808076,-0.028399268676976064,-0.08662329516018019,-0.03967046456068157,0.07155241772446708,0.043821441993024735,0.039079691449082965,0.017103616562441637,0.11063210917355004,0.06092505855546637,0.056012173557808076,0.028399268676976064,0.08662329516018019,0.03967046456068157,0.14002200758802186,0.06441168195319324,-0.07155241772446708,-0.043821441993024735
7,1.0,P_grief-d4-v3,grief,-1,-1,-0.27587848725418596,-0.1556700512053535,0.16231993373071152,0.08215831912504434,-0.32165780208852723,-0.1829410176534747,-0.42734933307533574,-0.2333399947345831,-0.4381984209848975,-0.23782837033039783,0.27587848725418596,0.1556700512053535,-0.16231993373071152,-0.08215831912504434,0.32165780208852723,0.1829410176534747,0.42734933307533574,0.2333399947345831,0.5188958504558197,0.2812132845205091,0.4381984209848975,0.23782837033039783
7,1.0,P_grief-d4-v4,grief,-1,-1,-0.014493166518501077,-0.01498564872025998,0.13527337303986808,0.08523529536418817,-0.005135879400890886,-0.0009739284834964224,-0.04615314107349899,-0.028042591597179367,-0.14976653955836916,-0.10022094408444815,0.014493166518501077,0.01498564872025998,-0.13527337303986808,-0.08523529536418817,0.005135879400890886,0.0009739284834964224,0.04615314107349899,0.028042591597179367,-0.03241987860957396,-0.015861942051904165,0.14976653955836916,0.10022094408444815
7,1.0,P_grief-d5-v1,grief,-1,-1,-0.03364447086568312,-0.027016101885722676,-0.06957300234312047,-0.02650584587272853,-0.04724583378580416,-0.03759977086050803,-0.21504219684281622,-0.10688409060077353,0.03592853147743735,-0.000510256012994148,0.03364447086568312,0.027016101885722676,0.06957300234312047,0.02650584587272853,0.04724583378580416,0.03759977086050803,0.21504219684281622,0.10688409060077353,0.24816052817599266,0.1189360776220596,-0.03592853147743735,0.000510256012994148
7,1.0,P_grief-d5-v2,grief,-1,-1,-0.03454510588832971,-0.02455128630688197,-0.07244577499081117,-0.026844697409898366,-0.04822337198474358,-0.028479544872419105,0.0945174380466236,0.01888338108931764,0.037900669102481466,0.002293411103016396,0.03454510588832971,0.02455128630688197,0.07244577499081117,0.026844697409898366,0.04822337198474358,0.028479544872419105,-0.0945174380466236,-0.01888338108931764,-0.06600886433938813,-0.008094147962584675,-0.037900669102481466,-0.002293411103016396
7,1.0,P_grief-d5-v3,grief,-1,-1,0.02791849259679946,0.016556058470610147,-0.02894456265075629,-0.006979137903309507,0.012619569546199472,0.013790740884481067,0.14272237023002576,0.06988723339084135,0.05686305524755575,0.023535196373919653,-0.02791849259679946,-0.016556058470610147,0.02894456265075629,0.006979137903309507,-0.012619569546199472,-0.013790740884481067,-0.14272237023002576,-0.06988723339084135,-0.13584360113688465,-0.06618435870373629,-0.05686305524755575,-0.023535196373919653
7,1.0,P_grief-d6-v1,grief,-1,-1,-0.07683708460485228,-0.030871676348193766,-0.07165720055658298,-0.03971686047819123,-0.09778637119496114,-0.04413818536778091,-0.16911434273286963,-0.06536857400468676,-0.005179884048269301,0.008845184129997463,0.07683708460485228,0.030871676348193766,0.07165720055658298,0.03971686047819123,0.09778637119496114,0.04413818536778091,0.16911434273286963,0.06536857400468676,0.19643204644485968,0.08583819436204854,0.005179884048269301,-0.008845184129997463
7,1.0,P_grief-d6-v2,grief,-1,-1,-0.09133058228705426,-0.04944722206257168,-0.06969075484020504,-0.033871634532410155,-0.12783887472563205,-0.0720399540051666,-0.19105562345221783,-0.0872810804434474,-0.021639827446849225,-0.015575587530161528,0.09133058228705426,0.04944722206257168,0.06969075484020504,0.033871634532410155,0.12783887472563205,0.0720399540051666,0.19105562345221783,0.0872810804434474,0.2872211671329854,0.13395528577361793,0.021639827446849225,0.015575587530161528
7,1.0,P_terror-d4-v1,terror,-1,1,-0.010054999660661146,0.007940191410085617,-0.03008930780512742,0.016995232996510623,0.007618521415382773,-0.002861744473191763,-0.026296161236611493,0.01489598042320317,0.020034308144466273,-0.009055041586425006,0.010054999660661146,0.007940191410085617,0.03008930780512742,0.016995232996510623,-0.007618521415382773,-0.002861744473191763,0.026296161236611493,0.01489598042320317,0.027809904727598145,0.017726937957739608,-0.020034308144466273,-0.009055041586425006
7,1.0,P_terror-d4-v2,terror,-1,1,0.09453326144968344,-0.06403598067049021,0.01920541544286891,-0.033755833426194926,0.13873288461770183,-0.08731051521368549,0.2326418069777354,-0.12446811179453388,0.07532784600681453,-0.030280147244295286,-0.09453326144968344,-0.06403598067049021,-0.01920541544286891,-0.033755833426194926,-0.13873288461770183,-0.08731051521368549,-0.2326418069777354,-0.12446811179453388,-0.2988221615663367,-0.15163531243697737,-0.07532784600681453,-0.030280147244295286
7,1.0,P_terror-d4-v3,terror,-1,1,0.02284448995155497,-0.015023070269054806,0.04325234007931833,-0.03368493317321786,0.005054027305645192,-0.009178873303160806,0.07454234178438446,-0.037086066058110045,-0.02040785012776336,0.01866186290416305,-0.02284448995155497,-0.015023070269054806,-0.04325234007931833,-0.03368493317321786,-0.005054027305645192,-0.009178873303160806,-0.07454234178438446,-0.037086066058110045,-0.08025556263767131,-0.045724384062295176,0.02040785012776336,0.01866186290416305
7,1.0,P_terror-d5-v1,terror,-1,1,0.05616187029549469,-0.02764435012138655,0.08018998817226208,-0.033731089797323754,0.026592703167908738,-0.013010012988588393,0.13407780477817077,-0.0702143792427794,-0.024028117876767396,0.006086739675937203,-0.05616187029549469,-0.02764435012138655,-0.08018998817226208,-0.033731089797323754,-0.026592703167908738,-0.013010012988588393,-0.13407780477817077,-0.0702143792427794,-0.09688179273917719,-0.053043249613341725,0.024028117876767396,0.006086739675937203
7,1.0,P_terror-d5-v2,terror,-1,1,0.024311205891274668,-0.010902814968156704,0.019920077019126126,-0.025896402416832665,-0.006007606368925167,0.021176081778168765,0.2221892062468349,-0.09278085905669098,0.004391128872148542,0.01499358744867596,-0.024311205891274668,-0.010902814968156704,-0.019920077019126126,-0.025896402416832665,0.006007606368925167,0.021176081778168765,-0.2221892062468349,-0.09278085905669098,-0.1161242977554986,-0.041449255123294115,-0.004391128872148542,0.01499358744867596
7,1.0,P_terror-d6-v2,terror,-1,1,-0.09663574684371401,0.04989656757277228,0.06970029470494676,-0.023977672550964613,-0.08879810814313682,0.044318635770727255,-0.2287120971444856,0.11035071706441002,-0.16633604154866077,0.07387424012373689,0.09663574684371401,0.04989656757277228,-0.06970029470494676,-0.023977672550964613,0.08879810814313682,0.044318635770727255,0.2287120971444856,0.11035071706441002,0.19888545177264083,0.10093439336883625,0.16633604154866077,0.07387424012373689
7,1.0,P_ecstasy-d4-v1,ecstasy,1,1,0.1021137887726562,0.038325929931176894,0.06527601654767157,0.026965888010733075,0.06565261194361316,0.01775728140615218,0.09293568587715129,0.03872106130163111,0.03683777222498463,0.01136004192044382,0.1021137887726562,0.038325929931176894,0.06527601654767157,0.026965888010733075,0.06565261194361316,0.01775728140615218,0.09293568587715129,0.03872106130163111,0.014356151258629879,-0.005022706536051302,0.03683777222498463,0.01136004192044382
7,1.0,P_ecstasy-d4-v3,ecstasy,1,1,0.004152611222552949,0.022064230907520077,0.03081335545722652,0.010435226967628886,0.029668446291752915,0.03447394638167989,0.0011086472473618159,0.009523665545653426,-0.026660744234673572,0.011629003939891192,0.004152611222552949,0.022064230907520077,0.03081335545722652,0.010435226967628886,0.029668446291752915,0.03447394638167989,0.0011086472473618159,0.009523665545653426,-0.008020574649176382,0.0171847810806236,-0.026660744234673572,0.011629003939891192
7,1.0,P_ecstasy-d5-v1,ecstasy,1,1,0.07981852280711976,0.0455566315869369,-0.04906403014339844,-0.032592148615126604,0.07871671136402547,0.04040794709933326,0.15534603781823808,0.07953081984889465,0.1288825529505182,0.0781487802020635,0.07981852280711976,0.0455566315869369,-0.04906403014339844,-0.032592148615126604,0.07871671136402547,0.04040794709933326,0.15534603781823808,0.07953081984889465,0.1188624690071225,0.05610543505604548,0.1288825529505182,0.0781487802020635
7,1.0,P_ecstasy-d5-v2,ecstasy,1,1,0.16701882082774677,0.09230970120683502,-0.13768597506515245,-0.05963968738537595,0.1307248271738679,0.06613892994169657,0.1811938092755787,0.1151455182196961,0.3047047958928992,0.15194938859221097,0.16701882082774677,0.09230970120683502,-0.13768597506515245,-0.05963968738537595,0.1307248271738679,0.06613892994169657,0.1811938092755787,0.1151455182196961,0.11494504938579042,0.07633117705209047,0.3047047958928992,0.15194938859221097
7,1.0,P_ecstasy-d5-v4,ecstasy,1,1,0.05472603674193621,0.02685851506100434,0.1295459721884935,0.08171598767425525,0.0437221405220507,0.024917924533262692,0.11123766301706661,0.05422568611115075,-0.0748199354465573,-0.05485747261325091,0.05472603674193621,0.02685851506100434,0.1295459721884935,0.08171598767425525,0.0437221405220507,0.024917924533262692,0.11123766301706661,0.05422568611115075,0.1313967572249699,0.060951146464047756,-0.0748199354465573,-0.05485747261325091
7,1.0,P_ecstasy-d6-v1,ecstasy,1,1,0.042650701464676644,0.0320787464991481,-0.23063606305679407,-0.11572036488037885,0.0600796913185615,0.045066924967072985,0.2335655513588728,0.11894003179291124,0.2732867645214707,0.14779911137952695,0.042650701464676644,0.0320787464991481,-0.23063606305679407,-0.11572036488037885,0.0600796913185615,0.045066924967072985,0.2335655513588728,0.11894003179291124,0.3493110453949666,0.17447545589078972,0.2732867645214707,0.14779911137952695
7,1.0,P_ecstasy-d6-v2,ecstasy,1,1,0.05253969953093751,0.024179073435814047,0.011196000988031862,0.001885315609208682,0.026088620231849546,0.006089148378850773,0.07105948349718094,0.03746780558058305,0.04134369854290565,0.022293757826605365,0.05253969953093751,0.024179073435814047,0.011196000988031862,0.001885315609208682,0.026088620231849546,0.006089148378850773,0.07105948349718094,0.03746780558058305,-0.022402986145359627,-0.009324173573284966,0.04134369854290565,0.022293757826605365
7,1.0,P_ecstasy-d6-v3,ecstasy,1,1,0.0010083685227053607,-0.009133817116199872,0.07274109063268863,0.039468096389200014,-0.005471970753273325,-0.010808638047721253,-0.13340000616321968,-0.07197020479355931,-0.07173272210998327,-0.048601913505399885,0.0010083685227053607,-0.009133817116199872,0.07274109063268863,0.039468096389200014,-0.005471970753273325,-0.010808638047721253,-0.13340000616321968,-0.07197020479355931,-0.08178279662340548,-0.04424810041278393,-0.07173272210998327,-0.048601913505399885
7,1.0,P_loathing-d4-v1,loathing,-1,1,-0.06682662153590346,0.04350144201669259,-0.012685720153331914,0.014827218517261542,-0.06780899176501443,0.0559790715280446,-0.2274804063249447,0.12168101087145367,-0.05414090138257155,0.02867422349943105,0.06682662153590346,0.04350144201669259,0.012685720153331914,0.014827218517261542,0.06780899176501443,0.0559790715280446,0.2274804063249447,0.12168101087145367,0.33938072518307427,0.1749104237953958,0.05414090138257155,0.02867422349943105
7,1.0,P_loathing-d5-v2,loathing,-1,1,0.05254363954914876,-0.019093911612473313,-0.03868186521463901,0.015342080029826732,0.008279433973312322,0.0002573331536268597,0.09415491630752326,-0.02544096141833707,0.09122550476378777,-0.034435991642300046,-0.05254363954914876,-0.019093911612473313,0.03868186521463901,0.015342080029826732,-0.008279433973312322,0.0002573331536268597,-0.09415491630752326,-0.02544096141833707,-0.02045426119159588,-0.004276110229569863,-0.09122550476378777,-0.034435991642300046
7,1.0,P_loathing-d6-v2,loathing,-1,1,-0.04973605841315898,0.025718230152680377,-0.10617620253085835,0.0741081398412744,-0.02746583848004036,0.013132718120937525,-0.06077359243781766,0.035402418787226164,0.056440144117699376,-0.048389909688594024,0.04973605841315898,0.025718230152680377,0.10617620253085835,0.0741081398412744,0.02746583848004036,0.013132718120937525,0.06077359243781766,0.035402418787226164,0.02028172042060028,0.018142522785350668,-0.056440144117699376,-0.048389909688594024
7,1.0,P_loathing-d6-v4,loathing,-1,1,0.05822806984505391,-0.022517974478184044,-0.05146635855466464,0.027673462584468567,0.09693292574304735,-0.04336357987875061,0.11994971396903287,-0.04490717027232893,0.10969442839971855,-0.05019143706265261,-0.05822806984505391,-0.022517974478184044,0.05146635855466464,0.027673462584468567,-0.09693292574304735,-0.04336357987875061,-0.11994971396903287,-0.04490717027232893,-0.26365565811157143,-0.09669107937795918,-0.10969442839971855,-0.05019143706265261
7,1.0,P_amazement-d4-v1,amazement,1,1,-0.06507582880877827,-0.03739232982472984,0.01900045784730775,0.026569687192764313,-0.03233115155905697,-0.02748546252092332,-0.21498838533286824,-0.11092604371419057,-0.08407628665608602,-0.06396201701749415,-0.06507582880877827,-0.03739232982472984,0.01900045784730775,0.026569687192764313,-0.03233115155905697,-0.02748546252092332,-0.21498838533286824,-0.11092604371419057,-0.10717245288218225,-0.0682595149726346,-0.08407628665608602,-0.06396201701749415
7,1.0,P_amazement-d4-v2,amazement,1,1,0.017908096472165624,0.01485630680337291,0.0783865548074143,0.041254125757102855,0.02517214820206437,0.01989035044421783,0.03694705244672081,0.02487532378455759,-0.060478458335248675,-0.026397818953729946,0.017908096472165624,0.01485630680337291,0.0783865548074143,0.041254125757102855,0.02517214820206437,0.01989035044421783,0.03694705244672081,0.02487532378455759,0.04294764590866862,0.03302544638501237,-0.060478458335248675,-0.026397818953729946
7,1.0,P_amazement-d5-v2,amazement,1,1,0.02134990654544655,0.007784571981044763,0.006843915474878948,0.01990271609731753,0.01365478860402991,-0.007249994869535037,-0.08818565459236316,-0.04614107835857029,0.014505991070567603,-0.012118144116272767,0.02134990654544655,0.007784571981044763,0.006843915474878948,0.01990271609731753,0.01365478860402991,-0.007249994869535037,-0.08818565459236316,-0.04614107835857029,-0.0953374221537544,-0.05474598305233691,0.014505991070567603,-0.012118144116272767
7,1.0,P_amazement-d5-v4,amazement,1,1,0.023622485534236404,0.014409288835262046,-0.11845903916550338,-0.09139976114101334,0.0213319624341608,0.00982549827006185,0.07384990720303142,0.04503800246568579,0.14208152469973978,0.10580904997627538,0.023622485534236404,0.014409288835262046,-0.11845903916550338,-0.09139976114101334,0.0213319624341608,0.00982549827006185,0.07384990720303142,0.04503800246568579,0.05120048273557565,0.0298336802663548,0.14208152469973978,0.10580904997627538
7,1.0,P_amazement-d6-v1,amazement,1,1,-0.0521931294359419,-0.035151921966941835,-0.05505583176851481,-0.04050986107950738,-0.09705810071850784,-0.05856474775419951,-0.09179564378801341,-0.04467300905979643,0.0028627023325729084,0.005357939112565546,-0.0521931294359419,-0.035151921966941835,-0.05505583176851481,-0.04050986107950738,-0.09705810071850784,-0.05856474775419951,-0.09179564378801341,-0.04467300905979643,-0.3235769140351885,-0.14231942735213066,0.0028627023325729084,0.005357939112565546
7,1.0,P_amazement-d6-v4,amazement,1,1,0.008066198373545497,0.0006357440339437304,0.043432603768981615,0.018107946929641905,0.028977188181424474,0.010861661216091889,0.028624018827698272,0.011001279252349505,-0.03536640539543612,-0.017472202895698175,0.008066198373545497,0.0006357440339437304,0.043432603768981615,0.018107946929641905,0.028977188181424474,0.010861661216091889,0.028624018827698272,0.011001279252349505,0.04007651028018522,0.014974225610697722,-0.03536640539543612,-0.017472202895698175
7,1.0,P_admiration-d5-v1,admiration,1,1,0.06304306600456133,0.033415451120120565,-0.02431818261261043,-0.010497086980655546,0.06790031034009125,0.03967930369019612,0.2676935908899529,0.10340740863118203,0.08736124861717176,0.04391253810077611,0.06304306600456133,0.033415451120120565,-0.02431818261261043,-0.010497086980655546,0.06790031034009125,0.03967930369019612,0.2676935908899529,0.10340740863118203,0.24658926590846653,0.10613078120207797,0.08736124861717176,0.04391253810077611
7,1.0,P_admiration-d5-v3,admiration,1,1,0.13017681616281607,0.08059542242208817,0.08479841158498225,0.06594730373497892,0.12875820928245307,0.07551737224651678,0.01969497825558042,0.02907268809792063,0.04537840457783382,0.014648118687109246,0.13017681616281607,0.08059542242208817,0.08479841158498225,0.06594730373497892,0.12875820928245307,0.07551737224651678,0.01969497825558042,0.02907268809792063,0.05544892399824519,0.048109892580932456,0.04537840457783382,0.014648118687109246
7,1.0,P_admiration-d6-v1,admiration,1,1,-0.044536554122250216,-0.017329059827194904,0.039918859203214474,0.032447308490896276,-0.04968367172314192,-0.01879186577489733,-0.07004916318536658,-0.030871795241864675,-0.08445541332546469,-0.04977636831809118,-0.044536554122250216,-0.017329059827194904,0.039918859203214474,0.032447308490896276,-0.04968367172314192,-0.01879186577489733,-0.07004916318536658,-0.030871795241864675,-0.09353810405321727,-0.03960429562474399,-0.08445541332546469,-0.04977636831809118
7,1.0,P_admiration-d6-v2,admiration,1,1,-0.020280708591395857,-0.01922758475154307,0.01173720387110233,0.0031975955145053803,-0.04274872523622264,-0.02910297142503282,-0.05731079064903488,-0.03658924333734781,-0.03201791246249819,-0.02242518026604845,-0.020280708591395857,-0.01922758475154307,0.01173720387110233,0.0031975955145053803,-0.04274872523622264,-0.02910297142503282,-0.05731079064903488,-0.03658924333734781,-0.1083668294347726,-0.0532185804610652,-0.03201791246249819,-0.02242518026604845
7,1.0,P_admiration-d6-v3,admiration,1,1,-0.04468721273522647,-0.03507933576196276,-0.05120992485516496,-0.032899229931968144,-0.08152761052757818,-0.04813981029685532,-0.10398786421972162,-0.058687794676701266,0.00652271211993849,-0.0021801058299946163,-0.04468721273522647,-0.03507933576196276,-0.05120992485516496,-0.032899229931968144,-0.08152761052757818,-0.04813981029685532,-0.10398786421972162,-0.058687794676701266,-0.0999399067775788,-0.05336694152684762,0.00652271211993849,-0.0021801058299946163
7,1.0,P_admiration-d6-v4,admiration,1,1,0.03282488536603889,0.01652140134478053,0.02469998493289971,0.015751267708931316,0.057350379106794414,0.0233548930740346,-0.04295151286402632,-0.012191349319938372,0.008124900433139182,0.0007701336358492128,0.03282488536603889,0.01652140134478053,0.02469998493289971,0.015751267708931316,0.057350379106794414,0.0233548930740346,-0.04295151286402632,-0.012191349319938372,0.04860209080851963,0.02882638059075804,0.008124900433139182,0.0007701336358492128
7,1.0,P_vigilance-d4-v2,vigilance,1,1,0.05998420745565003,0.04086299034074514,0.056096041312084566,0.03754392037182708,0.05370781336093167,0.04029106093624968,0.16740063837230235,0.10340566267098872,0.0038881661435654635,0.0033190699689180647,0.05998420745565003,0.04086299034074514,0.056096041312084566,0.03754392037182708,0.05370781336093167,0.04029106093624968,0.16740063837230235,0.10340566267098872,0.17732835333512043,0.11624013341110828,0.0038881661435654635,0.0033190699689180647
7,1.0,P_vigilance-d5-v2,vigilance,1,1,-0.005972184369536393,-0.01736685292291451,-0.031135562851853926,-0.013439189360464177,-0.03276254530112599,-0.03587775815128236,-0.11841468264059207,-0.057611720438576874,0.025163378482317533,-0.003927663562450334,-0.005972184369536393,-0.01736685292291451,-0.031135562851853926,-0.013439189360464177,-0.03276254530112599,-0.03587775815128236,-0.11841468264059207,-0.057611720438576874,-0.16309240568070393,-0.08134473939188158,0.025163378482317533,-0.003927663562450334
7,1.0,P_vigilance-d5-v3,vigilance,1,1,0.0626750361598436,0.03324261281609431,0.07729480144695344,0.03628618531850414,0.06395873458243795,0.032886338444072294,0.02659587049299672,0.017589829200002516,-0.014619765287109843,-0.0030435725024098303,0.0626750361598436,0.03324261281609431,0.07729480144695344,0.03628618531850414,0.06395873458243795,0.032886338444072294,0.02659587049299672,0.017589829200002516,-0.0036285723040734297,0.007763005261818723,-0.014619765287109843,-0.0030435725024098303
7,1.0,P_vigilance-d5-v4,vigilance,1,1,0.007746040919467845,0.0006926757702050423,-0.005833020187891336,-0.00493249663731099,-0.004738975977637949,-0.006335313147021182,-0.02382723313034063,-0.016906025700500926,0.01357906110735918,0.0056251724075160325,0.007746040919467845,0.0006926757702050423,-0.005833020187891336,-0.00493249663731099,-0.004738975977637949,-0.006335313147021182,-0.02382723313034063,-0.016906025700500926,-0.066371834498832,-0.03495435763973287,0.01357906110735918,0.0056251724075160325
7,1.5,P_rage-d1-v2,rage,-1,1,-0.03948006778459279,0.0090441650516766,0.13828093461678082,-0.07447822695937845,-0.052452006396926265,0.036338978032878444,0.04676913996194432,-0.053443231835800464,-0.1777610024013736,0.08352239201105505,0.03948006778459279,0.0090441650516766,-0.13828093461678082,-0.07447822695937845,0.052452006396926265,0.036338978032878444,-0.04676913996194432,-0.053443231835800464,-0.02021693190645313,-0.026511388539820047,0.1777610024013736,0.08352239201105505
7,1.5,P_rage-d2-v3,rage,-1,1,0.12868675913516459,-0.10284481570249326,0.04486457804899047,-0.025884792712976612,0.10935820226583814,-0.1084004082315344,0.27900793622253506,-0.15851156703530478,0.08382218108617412,-0.07696002298951665,-0.12868675913516459,-0.10284481570249326,-0.04486457804899047,-0.025884792712976612,-0.10935820226583814,-0.1084004082315344,-0.27900793622253506,-0.15851156703530478,-0.41820417195080406,-0.22768433053504866,-0.08382218108617412,-0.07696002298951665
7,1.5,P_rage-d3-v3,rage,-1,1,0.006599890265635899,-0.06290281011268295,-0.1485665450299214,0.08470692557013493,0.04259616239173081,-0.088347898054149,0.8489559679458969,-0.41482143871738764,0.1551664352955573,-0.14760973568281788,-0.006599890265635899,-0.06290281011268295,0.1485665450299214,0.08470692557013493,-0.04259616239173081,-0.088347898054149,-0.8489559679458969,-0.41482143871738764,-0.7674570033064958,-0.38072141204556376,-0.1551664352955573,-0.14760973568281788
7,1.5,P_rage-d3-v4,rage,-1,1,-0.1512779352638196,0.07672824162335523,0.20974085407916565,-0.14893314187093232,-0.10867545127048306,0.04581716842348449,-0.07838430169592403,0.03345343356716057,-0.36101878934298526,0.22566138349428755,0.1512779352638196,0.07672824162335523,-0.20974085407916565,-0.14893314187093232,0.10867545127048306,0.04581716842348449,0.07838430169592403,0.03345343356716057,-0.02624365890745395,-0.034423319088155324,0.36101878934298526,0.22566138349428755
7,1.5,P_grief-d1-v3,grief,-1,-1,-0.1342432702798435,-0.05009258501602076,-0.14848327738731282,-0.06768615315387194,-0.0619628575265283,0.0038452589791013736,-0.23480850300220357,-0.07173165796907321,0.01424000710746931,0.01759356813785118,0.1342432702798435,0.05009258501602076,0.14848327738731282,0.06768615315387194,0.0619628575265283,-0.0038452589791013736,0.23480850300220357,0.07173165796907321,0.061709502397677696,-0.01570061133202838,-0.01424000710746931,-0.01759356813785118
7,1.5,P_grief-d1-v4,grief,-1,-1,0.16522910261584123,0.18583778217989355,0.12247840166823387,0.15565197722871904,0.21139946075501115,0.214528143787577,0.356363902939445,0.23851226390716107,0.042750700947607356,0.03018580495117451,-0.16522910261584123,-0.18583778217989355,-0.12247840166823387,-0.15565197722871904,-0.21139946075501115,-0.214528143787577,-0.356363902939445,-0.23851226390716107,-0.4345448985166591,-0.2584962935789381,-0.042750700947607356,-0.03018580495117451
7,1.5,P_grief-d2-v1,grief,-1,-1,0.1719389713761732,0.10210084876537895,-0.045512619743393046,-0.01705982656737781,0.18007090491155076,0.1136608138281634,0.8023721511089712,0.2969121089086899,0.21745159111956625,0.11916067533275676,-0.1719389713761732,-0.10210084876537895,0.045512619743393046,0.01705982656737781,-0.18007090491155076,-0.1136608138281634,-0.8023721511089712,-0.2969121089086899,-0.9348099116923496,-0.3486321283929579,-0.21745159111956625,-0.11916067533275676
7,1.5,P_grief-d2-v2,grief,-1,-1,-0.255583863121319,-0.11832273108375624,-0.11002117232464137,-0.05443472581524489,-0.28841439498590304,-0.12642360702285949,-0.41652374978475404,-0.18764313649141684,-0.1455626907966776,-0.06388800526851135,0.255583863121319,0.11832273108375624,0.11002117232464137,0.05443472581524489,0.28841439498590304,0.12642360702285949,0.41652374978475404,0.18764313649141684,0.5097227524339427,0.22131853912857435,0.1455626907966776,0.06388800526851135
7,1.5,P_grief-d2-v3,grief,-1,-1,-0.16006951191324603,-0.07890807287070079,-0.1929498760173569,-0.1071848609927164,-0.22053099084986982,-0.09121355295587463,-0.22221477499514197,-0.08719527652923453,0.03288036410411088,0.028276788122015617,0.16006951191324603,0.07890807287070079,0.1929498760173569,0.1071848609927164,0.22053099084986982,0.09121355295587463,0.22221477499514197,0.08719527652923453,0.3155426097283076,0.12216780314683495,-0.03288036410411088,-0.028276788122015617
7,1.5,P_grief-d2-v4,grief,-1,-1,-0.0035452539764095903,0.04909613855256367,-0.03664606750047117,0.007005632107643933,0.0013789960200094598,0.061418311201319575,-0.2680539137253022,-0.10407144236178656,0.03310081352406158,0.04209050644491974,0.0035452539764095903,-0.04909613855256367,0.03664606750047117,-0.007005632107643933,-0.0013789960200094598,-0.061418311201319575,0.2680539137253022,0.10407144236178656,0.30204288788397227,0.12471798042727578,-0.03310081352406158,-0.04209050644491974
7,1.5,P_grief-d3-v2,grief,-1,-1,-0.009617390746116783,0.017722555477286406,-0.03997747919033756,-0.02756059704232605,-0.030605866156654393,0.008247893350173285,-0.030590194210476707,0.006933106688941315,0.03036008844422078,0.04528315251961246,0.009617390746116783,-0.017722555477286406,0.03997747919033756,0.02756059704232605,0.030605866156654393,-0.008247893350173285,0.030590194210476707,-0.006933106688941315,0.098722010156854,0.023212990606894746,-0.03036008844422078,-0.04528315251961246
7,1.5,P_grief-d3-v3,grief,-1,-1,0.07431684045394515,0.02920843148001495,-0.1592627104157902,-0.08710768484132636,0.15127629385622576,0.06319615354759911,0.2363226575106352,0.08728163176458459,0.23357955086973536,0.11631611632134131,-0.07431684045394515,-0.02920843148001495,0.1592627104157902,0.08710768484132636,-0.15127629385622576,-0.06319615354759911,-0.2363226575106352,-0.08728163176458459,-0.3162688928881763,-0.10983943201443136,-0.23357955086973536,-0.11631611632134131
7,1.5,P_grief-d3-v4,grief,-1,-1,-0.06386146689931493,-0.046160537500137266,-0.09255406308057346,-0.03396074185260556,-0.03776274497586485,-0.020243161884893723,0.07181155866175404,0.020079595595760225,0.028692596181258523,-0.012199795647531708,0.06386146689931493,0.046160537500137266,0.09255406308057346,0.03396074185260556,0.03776274497586485,0.020243161884893723,-0.07181155866175404,-0.020079595595760225,-0.06295071893320925,-0.031650776823975324,-0.028692596181258523,0.012199795647531708
7,1.5,P_terror-d1-v3,terror,-1,1,-0.3345387858573998,0.17626181880431613,-0.10745547880925699,0.04322680616363783,-0.4000881708422952,0.20212655751617792,-0.37976454675264915,0.18262244076814138,-0.22708330704814284,0.1330350126406783,0.3345387858573998,0.17626181880431613,0.10745547880925699,0.04322680616363783,0.4000881708422952,0.20212655751617792,0.37976454675264915,0.18262244076814138,0.5173912987159639,0.2321194745214603,0.22708330704814284,0.1330350126406783
7,1.5,P_terror-d2-v3,terror,-1,1,-0.150179271949491,0.03643419242408541,-0.13416902505384964,0.059141323251383326,-0.22560801593676327,0.08378361290928638,-0.2392514139133688,0.04399012086397924,-0.016010246895641345,-0.022707130827297917,0.150179271949491,0.03643419242408541,0.13416902505384964,0.059141323251383326,0.22560801593676327,0.08378361290928638,0.2392514139133688,0.04399012086397924,0.4416667891769359,0.1313534385695112,0.016010246895641345,-0.022707130827297917
7,1.5,P_terror-d2-v4,terror,-1,1,0.09339162462449657,-0.1122213076262133,-0.03442715984907707,0.0027433908013305697,0.13191083538127923,-0.1466099796407443,0.08197626841318062,-0.0973008133946962,0.12781878447357364,-0.11496469842754387,-0.09339162462449657,-0.1122213076262133,0.03442715984907707,0.0027433908013305697,-0.13191083538127923,-0.1466099796407443,-0.08197626841318062,-0.0973008133946962,-0.10847989228957822,-0.10874232060134403,-0.12781878447357364,-0.11496469842754387
7,1.5,P_terror-d3-v3,terror,-1,1,-0.06498784309288119,0.05602291739078513,0.14572307120455896,-0.08859953307247093,-0.03338271892511724,0.03432304685127541,-0.11872964297845545,0.08703846847215457,-0.21071091429744015,0.14462245046325606,0.06498784309288119,0.05602291739078513,-0.14572307120455896,-0.08859953307247093,0.03338271892511724,0.03432304685127541,0.11872964297845545,0.08703846847215457,0.04260845542617453,0.04508241858430306,0.21071091429744015,0.14462245046325606
7,1.5,P_terror-d3-v4,terror,-1,1,-0.2062157953193573,0.09067082280328442,0.05562997138186354,-0.04765953630641295,-0.25477259576005995,0.12971503848613697,-0.5208001699516567,0.25130640200165644,-0.26184576670122084,0.13833035910969738,0.2062157953193573,0.09067082280328442,-0.05562997138186354,-0.04765953630641295,0.25477259576005995,0.12971503848613697,0.5208001699516567,0.25130640200165644,0.6734662582520441,0.33009086748122485,0.26184576670122084,0.13833035910969738
7,1.5,P_ecstasy-d1-v1,ecstasy,1,1,0.4220077608766446,0.2033240411819115,-0.3267010900047356,-0.19074833234234045,0.36543598828032886,0.1914310533564887,0.4782297134665239,0.25951563518489884,0.7487088508813802,0.39407237352425195,0.4220077608766446,0.2033240411819115,-0.3267010900047356,-0.19074833234234045,0.36543598828032886,0.1914310533564887,0.4782297134665239,0.25951563518489884,0.4624946974743751,0.29447281332730757,0.7487088508813802,0.39407237352425195
7,1.5,P_ecstasy-d2-v1,ecstasy,1,1,0.1742644895894081,0.10224033823702072,0.18469864435267835,0.05844194865036467,0.2541546958735359,0.14276934219838466,0.2133343770186218,0.09548854424784459,-0.010434154763270254,0.04379838958665605,0.1742644895894081,0.10224033823702072,0.18469864435267835,0.05844194865036467,0.2541546958735359,0.14276934219838466,0.2133343770186218,0.09548854424784459,0.3172310720213969,0.12786110345718926,-0.010434154763270254,0.04379838958665605
7,1.5,P_ecstasy-d2-v2,ecstasy,1,1,-0.26425295475334387,-0.13155460524919071,-0.2733729228330386,-0.23309440882218446,-0.568917371288717,-0.3152030489244453,-0.8466906364954472,-0.34424513540519674,0.009119968079694729,0.10153980357299375,-0.26425295475334387,-0.13155460524919071,-0.2733729228330386,-0.23309440882218446,-0.568917371288717,-0.3152030489244453,-0.8466906364954472,-0.34424513540519674,-1.040448960493336,-0.4896310832500088,0.009119968079694729,0.10153980357299375
7,1.5,P_ecstasy-d2-v3,ecstasy,1,1,-0.05424154519546942,-0.025365869876331715,0.14338104553339104,0.042938725799330335,-0.23445749754856315,-0.1191709704564694,-0.29814225877354694,-0.12934456523097282,-0.19762259072886046,-0.06830459567566205,-0.05424154519546942,-0.025365869876331715,0.14338104553339104,0.042938725799330335,-0.23445749754856315,-0.1191709704564694,-0.29814225877354694,-0.12934456523097282,-0.6980981300100049,-0.32168712908465746,-0.19762259072886046,-0.06830459567566205
7,1.5,P_ecstasy-d2-v4,ecstasy,1,1,-0.008039214031441588,-0.050591211936599656,0.09616565128372834,0.05974545617893412,-0.00897214251371814,-0.06995954924072478,-0.04461448864400097,-0.05587788107243696,-0.10420486531516993,-0.11033666811553378,-0.008039214031441588,-0.050591211936599656,0.09616565128372834,0.05974545617893412,-0.00897214251371814,-0.06995954924072478,-0.04461448864400097,-0.05587788107243696,-0.036000214437981626,-0.06516117145953437,-0.10420486531516993,-0.11033666811553378
7,1.5,P_ecstasy-d3-v1,ecstasy,1,1,0.07649235551042466,0.002267183833499331,0.06436871790845267,0.02240263252150143,0.10950665530645232,-0.008203661913855242,-0.33357970769668244,-0.20024633612762877,0.012123637601971993,-0.0201354486880021,0.07649235551042466,0.002267183833499331,0.06436871790845267,0.02240263252150143,0.10950665530645232,-0.008203661913855242,-0.33357970769668244,-0.20024633612762877,-0.35235104875038203,-0.2357628560935794,0.012123637601971993,-0.0201354486880021
7,1.5,P_ecstasy-d3-v4,ecstasy,1,1,-0.06001178344450242,-0.04114836772152497,0.04819258101252366,0.026173836002492123,-0.1413602347764744,-0.07811167128236551,-0.24290159933591848,-0.07612432502832345,-0.10820436445702608,-0.0673222037240171,-0.06001178344450242,-0.04114836772152497,0.04819258101252366,0.026173836002492123,-0.1413602347764744,-0.07811167128236551,-0.24290159933591848,-0.07612432502832345,-0.42174847550490124,-0.14699536526648815,-0.10820436445702608,-0.0673222037240171
7,1.5,P_loathing-d1-v2,loathing,-1,1,-0.031870516853318875,-0.01231053999917453,-0.03877594350814029,-0.003060178852291706,-0.0006019978932680914,-0.05432837060606399,0.15624431006993555,-0.08333561312548765,0.006905426654821412,-0.009250361146882824,0.031870516853318875,-0.01231053999917453,0.03877594350814029,-0.003060178852291706,0.0006019978932680914,-0.05432837060606399,-0.15624431006993555,-0.08333561312548765,-0.3025399483700655,-0.17310378719600772,-0.006905426654821412,-0.009250361146882824
7,1.5,P_loathing-d2-v2,loathing,-1,1,-0.41011130672215046,0.20878252567359468,0.24354645107147377,-0.1212374706547319,-0.4538486255715304,0.2294419105841321,-0.7354037956773594,0.3326967239356642,-0.6536577577936242,0.33001999632832657,0.41011130672215046,0.20878252567359468,-0.24354645107147377,-0.1212374706547319,0.4538486255715304,0.2294419105841321,0.7354037956773594,0.3326967239356642,0.7923429819477859,0.362745648806416,0.6536577577936242,0.33001999632832657
7,1.5,P_loathing-d3-v2,loathing,-1,1,0.2444359641452425,-0.14543862110099504,-0.20516522383969749,0.0021022849393173004,0.2854867391346674,-0.16321736816291654,0.5683395964424705,-0.2630188175136623,0.44960118798494,-0.14754090604031234,-0.2444359641452425,-0.14543862110099504,0.20516522383969749,0.0021022849393173004,-0.2854867391346674,-0.16321736816291654,-0.5683395964424705,-0.2630188175136623,-0.5835869558059961,-0.24969973156586134,-0.44960118798494,-0.14754090604031234
7,1.5,P_loathing-d3-v3,loathing,-1,1,0.1379567028476436,-0.05691977002630377,0.1382728421738464,-0.07694802862401762,0.13280276593716822,-0.07562943129991861,0.28927365470967903,-0.1565459857131839,-0.00031613932620278007,0.020028258597713844,-0.1379567028476436,-0.05691977002630377,-0.1382728421738464,-0.07694802862401762,-0.13280276593716822,-0.07562943129991861,-0.28927365470967903,-0.1565459857131839,-0.32622075134634443,-0.1809486794103785,0.00031613932620278007,0.020028258597713844
7,1.5,P_loathing-d3-v4,loathing,-1,1,0.11534343271770542,-0.056263327983229416,-0.17459315593893976,0.07687647149278298,0.23036523227949512,-0.1343679242929019,0.47664762617982426,-0.21454680961589379,0.2899365886566452,-0.1331397994760124,-0.11534343271770542,-0.056263327983229416,0.17459315593893976,0.07687647149278298,-0.23036523227949512,-0.1343679242929019,-0.47664762617982426,-0.21454680961589379,-0.6725008649339905,-0.340481994251832,-0.2899365886566452,-0.1331397994760124
7,1.5,P_amazement-d1-v1,amazement,1,1,0.04546133170729849,0.002955577017907274,0.08595566610939809,0.06837626714960088,0.014477162670159416,-0.02736912883945486,-0.18629191494879116,-0.10636515071557406,-0.0404943344020996,-0.0654206901316936,0.04546133170729849,0.002955577017907274,0.08595566610939809,0.06837626714960088,0.014477162670159416,-0.02736912883945486,-0.18629191494879116,-0.10636515071557406,-0.012238641403955253,-0.040251993832109534,-0.0404943344020996,-0.0654206901316936
7,1.5,P_amazement-d1-v2,amazement,1,1,-0.05698311469799755,-0.022430261155667708,-0.022368266305621276,0.00782318046160313,-0.06554569728900272,-0.025108932341940893,-0.19992885952695616,-0.07386426190377104,-0.034614848392376274,-0.030253441617270838,-0.05698311469799755,-0.022430261155667708,-0.022368266305621276,0.00782318046160313,-0.06554569728900272,-0.025108932341940893,-0.19992885952695616,-0.07386426190377104,-0.08203439301717008,-0.015751481634048936,-0.034614848392376274,-0.030253441617270838
7,1.5,P_amazement-d1-v4,amazement,1,1,-0.08334457855159183,-0.08717227213531942,-0.046545024463633844,-0.04574796693158589,-0.11625693510967938,-0.12884087486541773,0.13623366002638537,0.036952226131288235,-0.036799554087957986,-0.041424305203733525,-0.08334457855159183,-0.08717227213531942,-0.046545024463633844,-0.04574796693158589,-0.11625693510967938,-0.12884087486541773,0.13623366002638537,0.036952226131288235,0.1850266784504706,0.058561604498059694,-0.036799554087957986,-0.041424305203733525
7,1.5,P_amazement-d2-v1,amazement,1,1,0.04575880728787585,-8.595055465132617e-05,0.07127014440663793,0.04391622449424837,0.040159381768338775,0.0023243853132930425,0.17133538128855097,0.07604222258587523,-0.02551133711876208,-0.044002175048899694,0.04575880728787585,-8.595055465132617e-05,0.07127014440663793,0.04391622449424837,0.040159381768338775,0.0023243853132930425,0.17133538128855097,0.07604222258587523,0.14690670349133583,0.07940504733091913,-0.02551133711876208,-0.044002175048899694
7,1.5,P_amazement-d2-v2,amazement,1,1,-0.0788542675251751,-0.06459845277647425,0.04849467019636222,0.03229761140748444,-0.10536437189563852,-0.06589134569596666,-0.12741440849248287,-0.09994287365937682,-0.12734893772153733,-0.09689606418395869,-0.0788542675251751,-0.06459845277647425,0.04849467019636222,0.03229761140748444,-0.10536437189563852,-0.06589134569596666,-0.12741440849248287,-0.09994287365937682,-0.2126886833196293,-0.11687466568941751,-0.12734893772153733,-0.09689606418395869
7,1.5,P_amazement-d3-v2,amazement,1,1,0.012952379405376746,0.01090430965187661,-0.0007516571953836149,-0.03509927825758208,-0.03488093824951921,-0.04220474983492295,-0.3332491077164441,-0.18259988875119948,0.013704036600760361,0.04600358790945869,0.012952379405376746,0.01090430965187661,-0.0007516571953836149,-0.03509927825758208,-0.03488093824951921,-0.04220474983492295,-0.3332491077164441,-0.18259988875119948,-0.6397607755565939,-0.32669272945506833,0.013704036600760361,0.04600358790945869
7,1.5,P_amazement-d3-v4,amazement,1,1,0.028723154525241767,0.015163710924161578,-0.01402304500200291,-0.010605623793266794,-0.008134854690160509,-0.012934586006318582,0.006786683298062535,0.014562422766566385,0.04274619952724468,0.02576933471742837,0.028723154525241767,0.015163710924161578,-0.01402304500200291,-0.010605623793266794,-0.008134854690160509,-0.012934586006318582,0.006786683298062535,0.014562422766566385,-0.17076511481220846,-0.06509252132598453,0.04274619952724468,0.02576933471742837
7,1.5,P_admiration-d1-v1,admiration,1,1,-0.03580832866094319,-0.03302165661269907,-0.09534545838709185,-0.03673937905543223,-0.0639868387957323,-0.07512232972657706,-0.23430958517189637,-0.12732872725452493,0.05953712972614866,0.0037177224427331623,-0.03580832866094319,-0.03302165661269907,-0.09534545838709185,-0.03673937905543223,-0.0639868387957323,-0.07512232972657706,-0.23430958517189637,-0.12732872725452493,-0.12147307001502172,-0.08794834771903526,0.05953712972614866,0.0037177224427331623
7,1.5,P_admiration-d1-v2,admiration,1,1,-0.011744253668948268,-0.03426474490180098,0.10984994563405603,0.052028683133626075,-0.0290141494311138,-0.06329016749756011,-0.505403644024121,-0.2245496030246743,-0.1215941993030043,-0.08629342803542706,-0.011744253668948268,-0.03426474490180098,0.10984994563405603,0.052028683133626075,-0.0290141494311138,-0.06329016749756011,-0.505403644024121,-0.2245496030246743,-0.7286861969821197,-0.3243308629027788,-0.1215941993030043,-0.08629342803542706
7,1.5,P_admiration-d1-v3,admiration,1,1,-0.03183686296463062,-0.028056936114202458,-0.0189324959745365,-0.009766995585430926,-0.054320597504200485,-0.052887871979643286,-0.38496943721132615,-0.1510931772704236,-0.012904366990094118,-0.01828994052877153,-0.03183686296463062,-0.028056936114202458,-0.0189324959745365,-0.009766995585430926,-0.054320597504200485,-0.052887871979643286,-0.38496943721132615,-0.1510931772704236,-0.41905321252422345,-0.14506514626844336,-0.012904366990094118,-0.01828994052877153
7,1.5,P_admiration-d2-v1,admiration,1,1,-0.1283203210346926,-0.027218582770000666,0.015316652440950485,-0.010866033643171846,-0.07424067680431268,-0.013254635734689657,-0.48019639531924163,-0.21297663859908234,-0.14363697347564308,-0.01635254912682882,-0.1283203210346926,-0.027218582770000666,0.015316652440950485,-0.010866033643171846,-0.07424067680431268,-0.013254635734689657,-0.48019639531924163,-0.21297663859908234,-0.45015613471015214,-0.21260559914010235,-0.14363697347564308,-0.01635254912682882
7,1.5,P_admiration-d2-v2,admiration,1,1,-0.02831952758948475,0.01939975699530372,-0.05549964839892585,-0.031698792117117236,0.03151101073604945,0.03448859118326908,-0.0898967658383194,0.014436276117017144,0.0271801208094411,0.051098549112420955,-0.02831952758948475,0.01939975699530372,-0.05549964839892585,-0.031698792117117236,0.03151101073604945,0.03448859118326908,-0.0898967658383194,0.014436276117017144,-0.020273483878559873,0.040010382838591596,0.0271801208094411,0.051098549112420955
7,1.5,P_admiration-d2-v3,admiration,1,1,0.02746150874502984,-0.054529874812857315,0.01746109126533213,-0.005781243820982773,0.011595692352197595,-0.09261463320667485,-0.34751946413782697,-0.20984139348295194,0.01000041747969771,-0.04874863099187454,0.02746150874502984,-0.054529874812857315,0.01746109126533213,-0.005781243820982773,0.011595692352197595,-0.09261463320667485,-0.34751946413782697,-0.20984139348295194,-0.510671190761995,-0.28262407900394937,0.01000041747969771,-0.04874863099187454
7,1.5,P_vigilance-d1-v4,vigilance,1,1,-0.15470348004750178,-0.13386580842627893,-0.025290098527575466,-0.012207159635177156,-0.1924449500352612,-0.1720948979523662,-0.18163629899129585,-0.12200621222355945,-0.12941338151992632,-0.12165864879110178,-0.15470348004750178,-0.13386580842627893,-0.025290098527575466,-0.012207159635177156,-0.1924449500352612,-0.1720948979523662,-0.18163629899129585,-0.12200621222355945,-0.25254092658880634,-0.1588799856648162,-0.12941338151992632,-0.12165864879110178
7,1.5,P_vigilance-d2-v3,vigilance,1,1,0.07542219629390168,0.038919232159956074,-0.005438306919748115,-0.006564452630517081,-0.0031984028200335857,0.002171370243948978,0.1105009394037344,0.041594533985954474,0.08086050321364979,0.045483684790473156,0.07542219629390168,0.038919232159956074,-0.005438306919748115,-0.006564452630517081,-0.0031984028200335857,0.002171370243948978,0.1105009394037344,0.041594533985954474,-0.07185434554096304,-0.039386158617926714,0.08086050321364979,0.045483684790473156
7,1.5,P_vigilance-d2-v4,vigilance,1,1,-0.03815008153592547,-0.0831312243311988,0.037273315765672166,0.015392321857701674,-0.0840982544693265,-0.11805431264150634,-0.2149558608892086,-0.15684905530175186,-0.07542339730159764,-0.09852354618890047,-0.03815008153592547,-0.0831312243311988,0.037273315765672166,0.015392321857701674,-0.0840982544693265,-0.11805431264150634,-0.2149558608892086,-0.15684905530175186,-0.26897402879286236,-0.1862265665227527,-0.07542339730159764,-0.09852354618890047
7,1.5,P_vigilance-d3-v2,vigilance,1,1,-0.017978827242558282,0.006533996768881778,-0.049968254173226256,-0.03946546322762945,-0.014449592794377963,0.0013602912793881927,0.09136806538695552,0.03797669620096045,0.031989426930667975,0.04599945999651123,-0.017978827242558282,0.006533996768881778,-0.049968254173226256,-0.03946546322762945,-0.014449592794377963,0.0013602912793881927,0.09136806538695552,0.03797669620096045,0.15951897424484685,0.0602303838226268,0.031989426930667975,0.04599945999651123
7,1.5,P_vigilance-d3-v4,vigilance,1,1,0.09396401174940117,0.05356640568933635,0.06917380856480637,0.015784739622837662,0.08242002845710861,0.03763958934030853,0.2645776044184194,0.13419893678163142,0.024790203184594795,0.03778166606649869,0.09396401174940117,0.05356640568933635,0.06917380856480637,0.015784739622837662,0.08242002845710861,0.03763958934030853,0.2645776044184194,0.13419893678163142,0.1766254519219146,0.08590124915652453,0.024790203184594795,0.03778166606649869
7,1.5,P_rage-d4-v1,rage,-1,1,-0.08443312637485434,0.04160309777732252,-0.06549121029421201,0.042617146514728255,-0.1182791752751724,0.06370377769801472,0.000750789575109323,0.001173735678905885,-0.01894191608064233,-0.0010140487374057372,0.08443312637485434,0.04160309777732252,0.06549121029421201,0.042617146514728255,0.1182791752751724,0.06370377769801472,-0.000750789575109323,0.001173735678905885,0.12152750426694725,0.05236487287023639,0.01894191608064233,-0.0010140487374057372
7,1.5,P_rage-d4-v2,rage,-1,1,0.0834858703952257,-0.037421291207142104,0.012539647031074352,-0.0071360132658710995,-0.005135571774918191,0.014871361299787722,0.33964450231243415,-0.16461829592099164,0.07094622336415135,-0.030285277941271005,-0.0834858703952257,-0.037421291207142104,-0.012539647031074352,-0.0071360132658710995,0.005135571774918191,0.014871361299787722,-0.33964450231243415,-0.16461829592099164,-0.20173324995706743,-0.0822527206077246,-0.07094622336415135,-0.030285277941271005
7,1.5,P_rage-d4-v4,rage,-1,1,-0.061448995648584415,0.025868865654660844,-0.1061110741864928,0.035129014616614995,-0.06438817728687063,0.027397463038867365,0.1950028388788283,-0.08783465140828994,0.04466207853790838,-0.009260148961954151,0.061448995648584415,0.025868865654660844,0.1061110741864928,0.035129014616614995,0.06438817728687063,0.027397463038867365,-0.1950028388788283,-0.08783465140828994,-0.12718608470048842,-0.04921693839629704,-0.04466207853790838,-0.009260148961954151
7,1.5,P_rage-d5-v1,rage,-1,1,0.015301476278937187,-0.028663188275414697,-0.15812474602057058,0.10521055303335292,0.02175768913379006,-0.027015827303920936,0.04305051007789684,-0.022420315599809726,0.17342622229950777,-0.1338737413087676,-0.015301476278937187,-0.028663188275414697,0.15812474602057058,0.10521055303335292,-0.02175768913379006,-0.027015827303920936,-0.04305051007789684,-0.022420315599809726,-0.0034379428111330768,0.005891283964368554,-0.17342622229950777,-0.1338737413087676
7,1.5,P_rage-d5-v3,rage,-1,1,-0.04455152016097852,0.04903381315591826,0.5396814489478308,-0.2679995147003962,-0.1098933563653155,0.08626329275873523,0.026169175253676347,0.017152168621030306,-0.5842329691088093,0.31703332785631444,0.04455152016097852,0.04903381315591826,-0.5396814489478308,-0.2679995147003962,0.1098933563653155,0.08626329275873523,-0.026169175253676347,0.017152168621030306,0.017628546703679415,0.04023672610179174,0.5842329691088093,0.31703332785631444
7,1.5,P_rage-d6-v2,rage,-1,1,-0.1015553687550419,0.04529242424044888,0.029182744458825738,-0.024045614769015344,-0.10101784470872932,0.03474554658440354,-0.17212471607382795,0.08386931698172484,-0.13073811321386763,0.06933803900946423,0.1015553687550419,0.04529242424044888,-0.029182744458825738,-0.024045614769015344,0.10101784470872932,0.03474554658440354,0.17212471607382795,0.08386931698172484,0.035903906818878895,0.023571836082730613,0.13073811321386763,0.06933803900946423
7,1.5,P_grief-d4-v2,grief,-1,-1,-0.04583403522374496,-0.01973520042913446,-0.16158423302720948,-0.09213541960432536,-0.09105400059366797,-0.04661478143492648,-0.14694258259714488,-0.06711009886726993,0.11575019780346452,0.0724002191751909,0.04583403522374496,0.01973520042913446,0.16158423302720948,0.09213541960432536,0.09105400059366797,0.04661478143492648,0.14694258259714488,0.06711009886726993,0.21569969231868757,0.0979185614820901,-0.11575019780346452,-0.0724002191751909
7,1.5,P_grief-d4-v3,grief,-1,-1,-0.3820351325766893,-0.215513278172768,0.22848199225205867,0.11634778530083967,-0.4462285636475487,-0.25546013419170954,-0.6338583056029767,-0.3453907260776128,-0.610517124828748,-0.33186106347360766,0.3820351325766893,0.215513278172768,-0.22848199225205867,-0.11634778530083967,0.4462285636475487,0.25546013419170954,0.6338583056029767,0.3453907260776128,0.7393362781017321,0.40468776580695165,0.610517124828748,0.33186106347360766
7,1.5,P_grief-d4-v4,grief,-1,-1,-0.04164954391169662,-0.02584285013200116,0.17802473108382255,0.112725856608626,0.0007523748482602954,-0.00048500876365675794,-0.0688258159784727,-0.04394024503801175,-0.21967427499551917,-0.13856870674062716,0.04164954391169662,0.02584285013200116,-0.17802473108382255,-0.112725856608626,-0.0007523748482602954,0.00048500876365675794,0.0688258159784727,0.04394024503801175,-0.03396775644492234,-0.017725653083765724,0.21967427499551917,0.13856870674062716
7,1.5,P_grief-d5-v1,grief,-1,-1,-0.06732637812517872,-0.04644625090616561,-0.13741071045288678,-0.053750747785025865,-0.057031401603124365,-0.0504134618950296,-0.3459649659127577,-0.16924260577616135,0.07008433232770805,0.007304496878860256,0.06732637812517872,0.04644625090616561,0.13741071045288678,0.053750747785025865,0.057031401603124365,0.0504134618950296,0.3459649659127577,0.16924260577616135,0.37580113673737703,0.1829850050697326,-0.07008433232770805,-0.007304496878860256
7,1.5,P_grief-d5-v2,grief,-1,-1,-0.061668592861162885,-0.03844965087918961,-0.12766124520859723,-0.05231098829480896,-0.08180720673793473,-0.04656879274289771,0.14127070316875923,0.029866852903135843,0.06599265234743434,0.013861337415619346,0.061668592861162885,0.03844965087918961,0.12766124520859723,0.05231098829480896,0.08180720673793473,0.04656879274289771,-0.14127070316875923,-0.029866852903135843,-0.0683132529952819,-0.0037198805691156522,-0.06599265234743434,-0.013861337415619346
7,1.5,P_grief-d5-v3,grief,-1,-1,0.029405604794588314,0.021034511827395797,-0.05759628526416449,-0.01973532796520594,0.012407991926224327,0.01702263715773178,0.22695295697418727,0.10710611987714191,0.0870018900587528,0.040769839792601736,-0.029405604794588314,-0.021034511827395797,0.05759628526416449,0.01973532796520594,-0.012407991926224327,-0.01702263715773178,-0.22695295697418727,-0.10710611987714191,-0.22119046770061246,-0.10197888042514025,-0.0870018900587528,-0.040769839792601736
7,1.5,P_grief-d6-v1,grief,-1,-1,-0.1053369660944119,-0.04165301567999169,-0.1050953307213831,-0.059482785363458746,-0.14253453453034215,-0.06775517120530417,-0.2766381754626468,-0.10908151285457723,-0.00024163537302879234,0.017829769683467056,0.1053369660944119,0.04165301567999169,0.1050953307213831,0.059482785363458746,0.14253453453034215,0.06775517120530417,0.2766381754626468,0.10908151285457723,0.3029730597965101,0.13232927253689564,0.00024163537302879234,-0.017829769683467056
7,1.5,P_grief-d6-v2,grief,-1,-1,-0.13250317679571122,-0.07364985722310191,-0.09451339033181227,-0.05024999812036679,-0.18571981964509998,-0.10714560909349657,-0.2831019460865365,-0.1292054023236031,-0.037989786463898945,-0.02339985910273512,0.13250317679571122,0.07364985722310191,0.09451339033181227,0.05024999812036679,0.18571981964509998,0.10714560909349657,0.2831019460865365,0.1292054023236031,0.4292995945702307,0.20108100296954534,0.037989786463898945,0.02339985910273512
7,1.5,P_terror-d4-v1,terror,-1,1,-0.015455043878295882,0.011089970874451183,-0.04206891150037784,0.025016916428621805,-0.0006155752750878207,0.0009580480758399901,-0.06303354130454686,0.031202878427816216,0.026613867622081955,-0.013926945554170622,0.015455043878295882,0.011089970874451183,0.04206891150037784,0.025016916428621805,0.0006155752750878207,0.0009580480758399901,0.06303354130454686,0.031202878427816216,0.0597749128944165,0.03208719092356738,-0.026613867622081955,-0.013926945554170622
7,1.5,P_terror-d4-v2,terror,-1,1,0.1550142165496391,-0.09985328088973588,-0.011267514045723459,-0.03289716427362954,0.17227860605476764,-0.11760196877265194,0.3344902712628661,-0.18176982634736305,0.16628173059536255,-0.06695611661610634,-0.1550142165496391,-0.09985328088973588,0.011267514045723459,-0.03289716427362954,-0.17227860605476764,-0.11760196877265194,-0.3344902712628661,-0.18176982634736305,-0.4406485744031077,-0.22334308928310564,-0.16628173059536255,-0.06695611661610634
7,1.5,P_terror-d4-v3,terror,-1,1,0.03187959434342247,-0.020216499233059793,0.08026335549310293,-0.05734122022201493,0.012762834885428731,-0.019433510322332204,0.105931061783334,-0.05431179600631264,-0.04838376114968046,0.03712472098895514,-0.03187959434342247,-0.020216499233059793,-0.08026335549310293,-0.05734122022201493,-0.012762834885428731,-0.019433510322332204,-0.105931061783334,-0.05431179600631264,-0.11940862860294876,-0.06959614474559928,0.04838376114968046,0.03712472098895514
7,1.5,P_terror-d5-v1,terror,-1,1,0.07544144683248266,-0.03410382798094069,0.12876718232353035,-0.05506989010808638,0.031208135787825775,-0.017413832712896316,0.19681289408420888,-0.10136848268012422,-0.05332573549104769,0.02096606212714569,-0.07544144683248266,-0.03410382798094069,-0.12876718232353035,-0.05506989010808638,-0.031208135787825775,-0.017413832712896316,-0.19681289408420888,-0.10136848268012422,-0.14659152054310276,-0.07972158699138232,0.05332573549104769,0.02096606212714569
7,1.5,P_terror-d5-v2,terror,-1,1,0.04083729187982854,-0.020574586931616068,0.014339445257254724,-0.0306158509398351,-0.021411160848963107,0.035853118536947726,0.33250949364363924,-0.14027493923269096,0.026497846622573817,0.01004126400821903,-0.04083729187982854,-0.020574586931616068,-0.014339445257254724,-0.0306158509398351,0.021411160848963107,0.035853118536947726,-0.33250949364363924,-0.14027493923269096,-0.14552521831624432,-0.05538005990900041,-0.026497846622573817,0.01004126400821903
7,1.5,P_terror-d6-v2,terror,-1,1,-0.14533787396939868,0.07161928493374958,0.12207248535693083,-0.04147704029995225,-0.1466829455049341,0.07140173824958396,-0.34351421554213557,0.16745106840447388,-0.2674103593263295,0.11309632523370183,0.14533787396939868,0.07161928493374958,-0.12207248535693083,-0.04147704029995225,0.1466829455049341,0.07140173824958396,0.34351421554213557,0.16745106840447388,0.3275827809551628,0.15538963790942617,0.2674103593263295,0.11309632523370183
7,1.5,P_ecstasy-d4-v1,ecstasy,1,1,0.173117140323078,0.0642961035580889,0.09818373951857406,0.042035078353125144,0.09789776403370798,0.029321189330793196,0.14529420286370076,0.06920059386722244,0.07493340080450395,0.022261025204963758,0.173117140323078,0.0642961035580889,0.09818373951857406,0.042035078353125144,0.09789776403370798,0.029321189330793196,0.14529420286370076,0.06920059386722244,0.03814709174183584,0.00798216420013631,0.07493340080450395,0.022261025204963758
7,1.5,P_ecstasy-d4-v3,ecstasy,1,1,0.024435294530396945,0.03743576402792037,0.05222312034994392,0.016194553356854158,0.04382984235391518,0.05157661499845734,0.018439365877831015,0.020943492756264614,-0.027787825819546974,0.021241210671066213,0.024435294530396945,0.03743576402792037,0.05222312034994392,0.016194553356854158,0.04382984235391518,0.05157661499845734,0.018439365877831015,0.020943492756264614,0.002604267748557376,0.032405540602193916,-0.027787825819546974,0.021241210671066213
7,1.5,P_ecstasy-d5-v1,ecstasy,1,1,0.11368164547883097,0.06372110146108767,-0.04418166895541997,-0.029705383434016852,0.09914516183161481,0.05671802550998706,0.2522898385331982,0.12436283734492992,0.15786331443425095,0.09342648489510452,0.11368164547883097,0.06372110146108767,-0.04418166895541997,-0.029705383434016852,0.09914516183161481,0.05671802550998706,0.2522898385331982,0.12436283734492992,0.19208600683957533,0.09328423360957316,0.15786331443425095,0.09342648489510452
7,1.5,P_ecstasy-d5-v2,ecstasy,1,1,0.2452522082333699,0.1363777090875491,-0.13252277403702717,-0.06069591825178744,0.1800416824573281,0.09340677073064452,0.2936661515706016,0.18802211237508182,0.3777749822703971,0.19707362733933653,0.2452522082333699,0.1363777090875491,-0.13252277403702717,-0.06069591825178744,0.1800416824573281,0.09340677073064452,0.2936661515706016,0.18802211237508182,0.19663071582326297,0.12915102220567043,0.3777749822703971,0.19707362733933653
7,1.5,P_ecstasy-d5-v4,ecstasy,1,1,0.07062283456241136,0.03737786710959501,0.17676215965711872,0.11270313159723688,0.07456060817096244,0.04326405359824825,0.1783660729995531,0.08684297412967457,-0.10613932509470736,-0.07532526448764187,0.07062283456241136,0.03737786710959501,0.17676215965711872,0.11270313159723688,0.07456060817096244,0.04326405359824825,0.1783660729995531,0.08684297412967457,0.20842382706854012,0.09682100395139548,-0.10613932509470736,-0.07532526448764187
7,1.5,P_ecstasy-d6-v1,ecstasy,1,1,0.07606844325926332,0.05453246363552022,-0.28728123149942775,-0.14446793117640677,0.09559297466401162,0.06723711258638243,0.37530120688261404,0.19209990485823836,0.36334967475869107,0.199000394811927,0.07606844325926332,0.05453246363552022,-0.28728123149942775,-0.14446793117640677,0.09559297466401162,0.06723711258638243,0.37530120688261404,0.19209990485823836,0.543476831962348,0.2693711010798894,0.36334967475869107,0.199000394811927
7,1.5,P_ecstasy-d6-v2,ecstasy,1,1,0.08056956298837203,0.03564154043304324,0.021598280841382156,0.0018667114576382815,0.03331326303009696,0.0073823484038326725,0.11265070499427843,0.061922006610076075,0.05897128214698988,0.03377482897540496,0.08056956298837203,0.03564154043304324,0.021598280841382156,0.0018667114576382815,0.03331326303009696,0.0073823484038326725,0.11265070499427843,0.061922006610076075,-0.012346176295016331,-0.005693969490096151,0.05897128214698988,0.03377482897540496
7,1.5,P_ecstasy-d6-v3,ecstasy,1,1,0.013884906769220606,-0.01027025922074376,0.09653471185826135,0.05123618867219637,0.0056200037229787725,-0.009539145122899662,-0.17729894271190938,-0.09382164358121337,-0.08264980508904074,-0.06150644789294013,0.013884906769220606,-0.01027025922074376,0.09653471185826135,0.05123618867219637,0.0056200037229787725,-0.009539145122899662,-0.17729894271190938,-0.09382164358121337,-0.10970109715595688,-0.05696024578615244,-0.08264980508904074,-0.06150644789294013
7,1.5,P_loathing-d4-v1,loathing,-1,1,-0.08131702147596975,0.05944002955089367,-0.027347682534816897,0.02814036801002917,-0.09062286183481216,0.07931295950328643,-0.3246520746456807,0.1749562780217886,-0.053969338941152856,0.0312996615408645,0.08131702147596975,0.05944002955089367,0.027347682534816897,0.02814036801002917,0.09062286183481216,0.07931295950328643,0.3246520746456807,0.1749562780217886,0.4726230745575388,0.24625002040149457,0.053969338941152856,0.0312996615408645
7,1.5,P_loathing-d5-v2,loathing,-1,1,0.06363236003821093,-0.02272279665174981,-0.051769092248731496,0.021138425146450146,0.005149947314321501,-0.0005862637529432391,0.14029430840254742,-0.038538114201618345,0.11540145228694243,-0.043861221798199956,-0.06363236003821093,-0.02272279665174981,0.051769092248731496,0.021138425146450146,-0.005149947314321501,-0.0005862637529432391,-0.14029430840254742,-0.038538114201618345,-0.010051398960857494,-0.0007222708813023893,-0.11540145228694243,-0.043861221798199956
7,1.5,P_loathing-d6-v2,loathing,-1,1,-0.07584609185256941,0.03851430123657895,-0.16298859625509987,0.11291710573416047,-0.0580200149546064,0.027069210419330858,-0.11953906582524576,0.0669681869508798,0.08714250440253046,-0.07440280449758152,0.07584609185256941,0.03851430123657895,0.16298859625509987,0.11291710573416047,0.0580200149546064,0.027069210419330858,0.11953906582524576,0.0669681869508798,0.04697504664781427,0.03502110307335471,-0.08714250440253046,-0.07440280449758152
7,1.5,P_loathing-d6-v4,loathing,-1,1,0.09015961062520894,-0.03248801500760834,-0.09361858433601267,0.04950968347839968,0.156886926304872,-0.07012261075183446,0.18010282653844145,-0.06835151102324799,0.1837781949612216,-0.08199769848600802,-0.09015961062520894,-0.03248801500760834,0.09361858433601267,0.04950968347839968,-0.156886926304872,-0.07012261075183446,-0.18010282653844145,-0.06835151102324799,-0.4187680041881041,-0.1528869104119761,-0.1837781949612216,-0.08199769848600802
7,1.5,P_amazement-d4-v1,amazement,1,1,-0.0860601784209809,-0.047354114359701605,0.035529145007106244,0.043148538012945714,-0.033595163499060554,-0.035375078693975937,-0.28463649720806794,-0.14450107420901848,-0.12158932342808715,-0.09050265237264732,-0.0860601784209809,-0.047354114359701605,0.035529145007106244,0.043148538012945714,-0.033595163499060554,-0.035375078693975937,-0.28463649720806794,-0.14450107420901848,-0.14059781204275623,-0.08980485276047645,-0.12158932342808715,-0.09050265237264732
7,1.5,P_amazement-d4-v2,amazement,1,1,0.043873991783589084,0.025893255522402292,0.11449496985841368,0.06162201494454589,0.046951705047505676,0.0346688880234538,0.0811805976344524,0.04946484348430946,-0.07062097807482459,-0.0357287594221436,0.043873991783589084,0.025893255522402292,0.11449496985841368,0.06162201494454589,0.046951705047505676,0.0346688880234538,0.0811805976344524,0.04946484348430946,0.08562845364419935,0.061674188384632345,-0.07062097807482459,-0.0357287594221436
7,1.5,P_amazement-d5-v2,amazement,1,1,0.04081477062323824,0.01405822706344484,0.019962551828605513,0.03427968952845806,0.03912542898078364,-0.007077659555129401,-0.1350582815229595,-0.06718228047151831,0.020852218794632726,-0.020221462465013218,0.04081477062323824,0.01405822706344484,0.019962551828605513,0.03427968952845806,0.03912542898078364,-0.007077659555129401,-0.1350582815229595,-0.06718228047151831,-0.1350588943702471,-0.07801253409256148,0.020852218794632726,-0.020221462465013218
7,1.5,P_amazement-d5-v4,amazement,1,1,0.04240357920922655,0.02547847268808745,-0.2170607408231655,-0.1498512213147185,0.034766342052117594,0.020072717511776972,0.11412571057983367,0.0695034652069455,0.25946432003239206,0.17532969400280596,0.04240357920922655,0.02547847268808745,-0.2170607408231655,-0.1498512213147185,0.034766342052117594,0.020072717511776972,0.11412571057983367,0.0695034652069455,0.07730034973400546,0.0482011994617606,0.25946432003239206,0.17532969400280596
7,1.5,P_amazement-d6-v1,amazement,1,1,-0.056852553447277465,-0.041658550479140466,-0.06805869997896252,-0.053467513589855464,-0.15106289809924967,-0.08621680911977858,-0.12154036861261241,-0.05561661948191965,0.011206146531685057,0.011808963110714998,-0.056852553447277465,-0.041658550479140466,-0.06805869997896252,-0.053467513589855464,-0.15106289809924967,-0.08621680911977858,-0.12154036861261241,-0.05561661948191965,-0.46255467263011285,-0.20283608033113687,0.011206146531685057,0.011808963110714998
7,1.5,P_amazement-d6-v4,amazement,1,1,0.02019861030172887,0.00420686763753686,0.06328438218374632,0.025698632734986404,0.04722290379819416,0.01699527654459132,0.06701127766840775,0.02572119302638942,-0.043085771882017454,-0.021491765097449544,0.02019861030172887,0.00420686763753686,0.06328438218374632,0.025698632734986404,0.04722290379819416,0.01699527654459132,0.06701127766840775,0.02572119302638942,0.06550923539470377,0.025782548419682527,-0.043085771882017454,-0.021491765097449544
7,1.5,P_admiration-d5-v1,admiration,1,1,0.10100357545577143,0.05404820849654346,0.0001425330718785034,-0.0037149469633028787,0.08645005128181804,0.04930636747238104,0.37887904828799046,0.1507261415691281,0.10086104238389293,0.05776315545984634,0.10100357545577143,0.05404820849654346,0.0001425330718785034,-0.0037149469633028787,0.08645005128181804,0.04930636747238104,0.37887904828799046,0.1507261415691281,0.36381318305023136,0.15508757607972834,0.10086104238389293,0.05776315545984634
7,1.5,P_admiration-d5-v3,admiration,1,1,0.20103367828631846,0.12594839605357588,0.11838429118523308,0.09999723641803993,0.20604554750333648,0.1144442671108381,0.042058307346964696,0.03923489267538738,0.08264938710108538,0.02595115963553596,0.20103367828631846,0.12594839605357588,0.11838429118523308,0.09999723641803993,0.20604554750333648,0.1144442671108381,0.042058307346964696,0.03923489267538738,0.10314314225194243,0.07723822721334361,0.08264938710108538,0.02595115963553596
7,1.5,P_admiration-d6-v1,admiration,1,1,-0.05609406745948231,-0.022157939224801915,0.06059304537726806,0.04918361433567764,-0.05158604197888561,-0.0188974655977443,-0.1034149126588284,-0.0403527256596945,-0.11668711283675037,-0.07134155356047955,-0.05609406745948231,-0.022157939224801915,0.06059304537726806,0.04918361433567764,-0.05158604197888561,-0.0188974655977443,-0.1034149126588284,-0.0403527256596945,-0.11883232525254739,-0.04961142252034767,-0.11668711283675037,-0.07134155356047955
7,1.5,P_admiration-d6-v2,admiration,1,1,-0.03988493254222192,-0.029617567464182315,0.017557965003376808,0.006247136151799282,-0.05675868570111131,-0.0385184982559732,-0.07689163048620307,-0.048007092053101275,-0.057442897545598726,-0.0358647036159816,-0.03988493254222192,-0.029617567464182315,0.017557965003376808,0.006247136151799282,-0.05675868570111131,-0.0385184982559732,-0.07689163048620307,-0.048007092053101275,-0.1616960849459721,-0.07933009420714976,-0.057442897545598726,-0.0358647036159816
7,1.5,P_admiration-d6-v3,admiration,1,1,-0.07280176380427328,-0.05552211601463508,-0.07599964737478615,-0.04889018843019599,-0.09590507502002232,-0.06205908803744187,-0.13275723098484882,-0.07646823344115639,0.0031978835705128716,-0.00663192758443909,-0.07280176380427328,-0.05552211601463508,-0.07599964737478615,-0.04889018843019599,-0.09590507502002232,-0.06205908803744187,-0.13275723098484882,-0.07646823344115639,-0.1250135533964385,-0.0652692774129413,0.0031978835705128716,-0.00663192758443909
7,1.5,P_admiration-d6-v4,admiration,1,1,0.04547435685063839,0.021586562308625545,0.04697492803859138,0.03248570933347583,0.07993619834605781,0.034485457265307495,-0.05900156137883972,-0.01241467396858642,-0.0015005711879529926,-0.010899147024850286,0.04547435685063839,0.021586562308625545,0.04697492803859138,0.03248570933347583,0.07993619834605781,0.034485457265307495,-0.05900156137883972,-0.01241467396858642,0.08276223690711637,0.04815278431060177,-0.0015005711879529926,-0.010899147024850286
7,1.5,P_vigilance-d4-v2,vigilance,1,1,0.08759667579278929,0.06310803746667482,0.08110963593096265,0.05892014007754742,0.08542874818212365,0.06596037759438467,0.2536352989255368,0.15818550035150292,0.006487039861826638,0.004187897389127393,0.08759667579278929,0.06310803746667482,0.08110963593096265,0.05892014007754742,0.08542874818212365,0.06596037759438467,0.2536352989255368,0.15818550035150292,0.2879146537246342,0.18269538484892767,0.006487039861826638,0.004187897389127393
7,1.5,P_vigilance-d5-v2,vigilance,1,1,-0.015942005796400593,-0.027280033714302654,-0.04735059430745281,-0.01908694919852838,-0.04283485995098868,-0.044254932015786785,-0.17715449962074814,-0.08310345723760193,0.031408588511052216,-0.008193084515774274,-0.015942005796400593,-0.027280033714302654,-0.04735059430745281,-0.01908694919852838,-0.04283485995098868,-0.044254932015786785,-0.17715449962074814,-0.08310345723760193,-0.23713682809303727,-0.11534545326790857,0.031408588511052216,-0.008193084515774274
7,1.5,P_vigilance-d5-v3,vigilance,1,1,0.09709707854736394,0.05292933300044744,0.130019954232095,0.0640076787454964,0.08570047205537712,0.045558952471715486,0.06013918255155737,0.03535321869805497,-0.03292287568473107,-0.011078345745048956,0.09709707854736394,0.05292933300044744,0.130019954232095,0.0640076787454964,0.08570047205537712,0.045558952471715486,0.06013918255155737,0.03535321869805497,0.021465417134689968,0.02505109727844168,-0.03292287568473107,-0.011078345745048956
7,1.5,P_vigilance-d5-v4,vigilance,1,1,0.02489619665307341,0.004949717033828627,-0.006427136576251158,-0.006877607085048254,-0.002706972893259163,-0.008218660269964317,-0.024302912580671965,-0.01769658339495539,0.03132333322932457,0.01182732411887688,0.02489619665307341,0.004949717033828627,-0.006427136576251158,-0.006877607085048254,-0.002706972893259163,-0.008218660269964317,-0.024302912580671965,-0.01769658339495539,-0.09722321579092519,-0.04763034105538555,0.03132333322932457,0.01182732411887688
13,-1.0,P_rage-d1-v2,rage,-1,1,0.0030005647329027774,-0.002786842674156631,0.005752510531665145,-0.006582350375129664,-0.004961258873966923,0.0015330887386557634,-0.002355506926868589,0.0020561854608298624,-0.0027519457987623674,0.003795507700973033,-0.0030005647329027774,-0.002786842674156631,-0.005752510531665145,-0.006582350375129664,0.004961258873966923,0.0015330887386557634,0.002355506926868589,0.0020561854608298624,0.00045796467344683123,0.0014295794361212089,0.0027519457987623674,0.003795507700973033
13,-1.0,P_rage-d2-v3,rage,-1,1,-0.017463804486339107,0.0023928853398418326,0.0034890250602188644,-0.00359341247201872,0.0009639782596417845,-0.0023793169422638982,-0.01450086336181311,0.004384567341521262,-0.02095282954655797,0.0059862978118605525,0.017463804486339107,0.0023928853398418326,-0.0034890250602188644,-0.00359341247201872,-0.0009639782596417845,-0.0023793169422638982,0.01450086336181311,0.004384567341521262,0.0040719504168960086,0.001406080123597775,0.02095282954655797,0.0059862978118605525
13,-1.0,P_rage-d3-v3,rage,-1,1,-0.02109385090690541,0.010301047888995107,0.005736486547636588,-0.0011000855998446468,-0.0012443438401135154,0.0013911422287993247,-0.025247906323091485,0.008880149413255545,-0.026830337454541997,0.011401133488839754,0.02109385090690541,0.010301047888995107,-0.005736486547636588,-0.0011000855998446468,0.0012443438401135154,0.0013911422287993247,0.025247906323091485,0.008880149413255545,-0.0011754003052528716,-0.000982896247398557,0.026830337454541997,0.011401133488839754
13,-1.0,P_rage-d3-v4,rage,-1,1,0.0037190367758546117,-0.002034504022705441,-0.00271416078644382,0.00015749828009070654,-0.005561424607422261,0.0019948404982770285,-0.006972197696009985,9.903416626366734e-05,0.006433197562298432,-0.0021920023027961477,-0.0037190367758546117,-0.002034504022705441,0.00271416078644382,0.00015749828009070654,0.005561424607422261,0.0019948404982770285,0.006972197696009985,9.903416626366734e-05,0.0026542901311139566,-0.0014820770740460176,-0.006433197562298432,-0.0021920023027961477
13,-1.0,P_grief-d1-v3,grief,-1,-1,-0.0017024197577306666,-0.0004824622361576658,0.01846531566923737,0.009972083781313756,-0.012415526819174794,-0.004723286951600514,0.0017998560247107775,0.0015684265458961733,-0.020167735426968036,-0.010454546017471422,0.0017024197577306666,0.0004824622361576658,-0.01846531566923737,-0.009972083781313756,0.012415526819174794,0.004723286951600514,-0.0017998560247107775,-0.0015684265458961733,0.002362417639134584,-0.00019458835821151155,0.020167735426968036,0.010454546017471422
13,-1.0,P_grief-d1-v4,grief,-1,-1,-0.0008718137507077728,0.003047991836556463,-0.01732853553743663,-0.0019182655753908762,0.006513612554579495,0.00542323421383184,-0.028127996933255517,-0.008076604932962361,0.016456721786728856,0.004966257411947339,0.0008718137507077728,-0.003047991836556463,0.01732853553743663,0.0019182655753908762,-0.006513612554579495,-0.00542323421383184,0.028127996933255517,0.008076604932962361,0.008746226128200973,-0.001232997414343906,-0.016456721786728856,-0.004966257411947339
13,-1.0,P_grief-d2-v1,grief,-1,-1,0.00023106388124816135,-0.002116233853192817,-0.007700176378441448,-0.007415338446227437,-0.001648919388256509,-0.0022857800333504485,-0.008087953463153497,-0.0020604235644317015,0.00793124025968961,0.00529910459303462,-0.00023106388124816135,0.002116233853192817,0.007700176378441448,0.007415338446227437,0.001648919388256509,0.0022857800333504485,0.008087953463153497,0.0020604235644317015,0.01123730346278018,0.0020627295850461635,-0.00793124025968961,-0.00529910459303462
13,-1.0,P_grief-d2-v2,grief,-1,-1,0.012573008541537867,0.008720433851812537,0.003980647283742478,0.0014749976554444544,0.00443672332671774,0.0035798436815603907,0.011647190333333057,0.006304935012271251,0.008592361257795389,0.0072454361963680824,-0.012573008541537867,-0.008720433851812537,-0.003980647283742478,-0.0014749976554444544,-0.00443672332671774,-0.0035798436815603907,-0.011647190333333057,-0.006304935012271251,0.004767097147426735,0.0013877549669873979,-0.008592361257795389,-0.0072454361963680824
13,-1.0,P_grief-d2-v3,grief,-1,-1,0.010573554677851149,0.0037952171883022245,0.010373811325265159,0.003875658303987173,0.017490612117365245,0.007285817187558941,0.005896931924495696,0.0014338427712381474,0.0001997433525859904,-8.044111568494827e-05,-0.010573554677851149,-0.0037952171883022245,-0.010373811325265159,-0.003875658303987173,-0.017490612117365245,-0.007285817187558941,-0.005896931924495696,-0.0014338427712381474,-0.02212817204616835,-0.008028406834723611,-0.0001997433525859904,8.044111568494827e-05
13,-1.0,P_grief-d2-v4,grief,-1,-1,-0.042213960739180045,-0.014755878722250593,-0.013229438389551262,-0.00376420795370791,-0.026116693444541816,-0.007403103681244971,-0.05097200731536855,-0.018246135391847496,-0.028984522349628783,-0.010991670768542683,0.042213960739180045,0.014755878722250593,0.013229438389551262,0.00376420795370791,0.026116693444541816,0.007403103681244971,0.05097200731536855,0.018246135391847496,0.0172302357259424,0.0037560232655540204,0.028984522349628783,0.010991670768542683
13,-1.0,P_grief-d3-v2,grief,-1,-1,-0.008847004613686593,-0.0023594712677308394,0.00341807765322244,0.0035098581715038435,0.013396639372739827,0.004814666747414265,0.006757610067227304,0.004107048132867774,-0.012265082266909033,-0.005869329439234683,0.008847004613686593,0.0023594712677308394,-0.00341807765322244,-0.0035098581715038435,-0.013396639372739827,-0.004814666747414265,-0.006757610067227304,-0.004107048132867774,-0.013721469001469977,-0.007551729376374272,0.012265082266909033,0.005869329439234683
13,-1.0,P_grief-d3-v3,grief,-1,-1,-0.013646874131302944,-0.0037346340474782025,-0.0001771629402771424,0.004004145729400221,-0.0015418197469587724,0.00010130442789879623,0.0044577092761017845,0.0017433789672613997,-0.013469711191025802,-0.007738779776878424,0.013646874131302944,0.0037346340474782025,0.0001771629402771424,-0.004004145729400221,0.0015418197469587724,-0.00010130442789879623,-0.0044577092761017845,-0.0017433789672613997,-0.0011978859515204832,-0.0022839975233699406,0.013469711191025802,0.007738779776878424
13,-1.0,P_grief-d3-v4,grief,-1,-1,-0.010339529688909721,-0.002819776707304378,-0.023950800897042157,-0.00732199978517567,-0.014948826374301838,-0.005601942365627721,-0.004085541036878748,-0.002668547569145474,0.013611271208132436,0.004502223077871292,0.010339529688909721,0.002819776707304378,0.023950800897042157,0.00732199978517567,0.014948826374301838,0.005601942365627721,0.004085541036878748,0.002668547569145474,0.009906705829112017,0.007275741472377639,-0.013611271208132436,-0.004502223077871292
13,-1.0,P_terror-d1-v3,terror,-1,1,0.031125361163208076,-0.016047051677317015,-0.010438499578107496,0.005890876005373968,0.02974535534748668,-0.0128667693837059,0.025987923263008916,-0.015679755024549547,0.04156386074131557,-0.021937927682690983,-0.031125361163208076,-0.016047051677317015,0.010438499578107496,0.005890876005373968,-0.02974535534748668,-0.0128667693837059,-0.025987923263008916,-0.015679755024549547,-0.019444481432437488,-0.009744068808331896,-0.04156386074131557,-0.021937927682690983
13,-1.0,P_terror-d2-v3,terror,-1,1,-0.005548949608832565,-0.0005432548508821355,0.0012279298173920594,0.000760383422201194,-0.005283946332061529,-0.00012297955587570186,-0.0020796625150198977,-0.0005366342426023074,-0.006776879426224625,-0.0013036382730833296,0.005548949608832565,-0.0005432548508821355,-0.0012279298173920594,0.000760383422201194,0.005283946332061529,-0.00012297955587570186,0.0020796625150198977,-0.0005366342426023074,-0.0018029682654479018,-0.00012340027042156976,0.006776879426224625,-0.0013036382730833296
13,-1.0,P_terror-d2-v4,terror,-1,1,-0.015881544981845686,0.0022187618740758808,-0.009486877097574897,0.0021079675885546934,-0.012671532684695563,0.002312468467374984,-0.03421972932037054,0.010382717375437167,-0.006394667884270788,0.00011079428552118742,0.015881544981845686,0.0022187618740758808,0.009486877097574897,0.0021079675885546934,0.012671532684695563,0.002312468467374984,0.03421972932037054,0.010382717375437167,0.029286347459461126,0.009488516440368855,0.006394667884270788,0.00011079428552118742
13,-1.0,P_terror-d3-v3,terror,-1,1,0.0316803824991867,-0.015330694481729523,0.020187537498586927,-0.01242379419547035,0.007712256862997258,-0.0056179080996612285,0.014602699786592233,-0.008127553482183192,0.011492845000599772,-0.002906900286259173,-0.0316803824991867,-0.015330694481729523,-0.020187537498586927,-0.01242379419547035,-0.007712256862997258,-0.0056179080996612285,-0.014602699786592233,-0.008127553482183192,-0.008300926837404354,-0.005419227093058865,-0.011492845000599772,-0.002906900286259173
13,-1.0,P_terror-d3-v4,terror,-1,1,0.02564116702470276,-0.010969752549589984,-0.008991510230444533,0.0024628995897986172,0.01752299699366988,-0.007724069308112647,0.012954524362974063,-0.009021708981434617,0.03463267725514729,-0.013432652139388601,-0.02564116702470276,-0.010969752549589984,0.008991510230444533,0.0024628995897986172,-0.01752299699366988,-0.007724069308112647,-0.012954524362974063,-0.009021708981434617,-0.025054922640586064,-0.01121651496634879,-0.03463267725514729,-0.013432652139388601
13,-1.0,P_ecstasy-d1-v1,ecstasy,1,1,-0.03124383904313799,-0.02113229532144789,0.015580526714862764,0.003368630440412801,-0.039361792540514084,-0.01757973613827346,-0.010039649517103566,-0.010014704587342216,-0.04682436575800075,-0.024500925761860692,-0.03124383904313799,-0.02113229532144789,0.015580526714862764,0.003368630440412801,-0.039361792540514084,-0.01757973613827346,-0.010039649517103566,-0.010014704587342216,-0.00977748616120877,-0.007114960131944681,-0.04682436575800075,-0.024500925761860692
13,-1.0,P_ecstasy-d2-v1,ecstasy,1,1,-0.005432541638905164,3.2137095034023844e-05,-0.01644058757969935,-0.006519970424724519,6.290796552521627e-05,0.004047597595011609,0.002141156429486646,0.004648245467482326,0.011008045940794187,0.006552107519758543,-0.005432541638905164,3.2137095034023844e-05,-0.01644058757969935,-0.006519970424724519,6.290796552521627e-05,0.004047597595011609,0.002141156429486646,0.004648245467482326,0.004032746167121903,0.006533398839474458,0.011008045940794187,0.006552107519758543
13,-1.0,P_ecstasy-d2-v2,ecstasy,1,1,-0.011849001931827807,-0.005424930395204974,0.013436963272954294,0.002524105156680889,-0.01271789958784364,-0.008133209485080783,0.014759477374875818,0.004271712370405023,-0.0252859652047821,-0.007949035551885864,-0.011849001931827807,-0.005424930395204974,0.013436963272954294,0.002524105156680889,-0.01271789958784364,-0.008133209485080783,0.014759477374875818,0.004271712370405023,0.017874865232316406,0.0027294717723127526,-0.0252859652047821,-0.007949035551885864
13,-1.0,P_ecstasy-d2-v3,ecstasy,1,1,-0.0040609830212341436,0.0008355565418964872,0.009641681327045681,0.002756806020858704,-1.676602368316793e-05,-0.0002330787926725364,0.0017779797482155857,0.0032855252278189973,-0.013702664348279825,-0.001921249478962217,-0.0040609830212341436,0.0008355565418964872,0.009641681327045681,0.002756806020858704,-1.676602368316793e-05,-0.0002330787926725364,0.0017779797482155857,0.0032855252278189973,0.003231385163390499,-0.0028096809956159596,-0.013702664348279825,-0.001921249478962217
13,-1.0,P_ecstasy-d2-v4,ecstasy,1,1,0.00918555618958461,-0.00015616550816854868,0.022265525731194558,0.007058192605393643,0.005595687463543442,-0.0006543661951941004,0.01794579470262203,0.002206968770898321,-0.013079969541609948,-0.0072143581135621915,0.00918555618958461,-0.00015616550816854868,0.022265525731194558,0.007058192605393643,0.005595687463543442,-0.0006543661951941004,0.01794579470262203,0.002206968770898321,0.015208023434352569,0.0012325767307981295,-0.013079969541609948,-0.0072143581135621915
13,-1.0,P_ecstasy-d3-v1,ecstasy,1,1,0.000335466182551869,0.0008033409861694096,0.011009401892635218,0.004219784412599736,-0.007313773908040666,-0.007075225435315247,0.025240643085600034,0.010315436688724589,-0.010673935710083349,-0.0034164434264303267,0.000335466182551869,0.0008033409861694096,0.011009401892635218,0.004219784412599736,-0.007313773908040666,-0.007075225435315247,0.025240643085600034,0.010315436688724589,0.009748108992117643,-0.000706936376120737,-0.010673935710083349,-0.0034164434264303267
13,-1.0,P_ecstasy-d3-v4,ecstasy,1,1,0.0033351592887376214,0.00011144445425959049,-0.007241994422493292,-0.005114475727770795,-0.015263960918952435,-0.005411080732917739,0.008078297833312043,0.0007710227457673469,0.010577153711230913,0.005225920182030386,0.0033351592887376214,0.00011144445425959049,-0.007241994422493292,-0.005114475727770795,-0.015263960918952435,-0.005411080732917739,0.008078297833312043,0.0007710227457673469,-0.0032151669495359414,-0.0029209812879047448,0.010577153711230913,0.005225920182030386
13,-1.0,P_loathing-d1-v2,loathing,-1,1,-0.012950849545152465,0.0039213860779403475,0.0064777246895442175,-0.0035326083833373545,-0.00795647112993958,0.0011059261683703525,-0.01550881755422262,0.004995938608900907,-0.019428574234696683,0.007453994461277702,0.012950849545152465,0.0039213860779403475,-0.0064777246895442175,-0.0035326083833373545,0.00795647112993958,0.0011059261683703525,0.01550881755422262,0.004995938608900907,0.02455928943331731,0.004596351502336837,0.019428574234696683,0.007453994461277702
13,-1.0,P_loathing-d2-v2,loathing,-1,1,0.02729037169315429,-0.008249183330746312,0.004143141724785693,0.00021594167862559743,0.021481071991689582,-0.003361352691949371,0.009098616722384989,-0.0018438172267747355,0.0231472299683686,-0.00846512500937191,-0.02729037169315429,-0.008249183330746312,-0.004143141724785693,0.00021594167862559743,-0.021481071991689582,-0.003361352691949371,-0.009098616722384989,-0.0018438172267747355,-0.01377883583389039,-0.002056659670726546,-0.0231472299683686,-0.00846512500937191
13,-1.0,P_loathing-d3-v2,loathing,-1,1,-0.007734061513355872,0.0024143429253689064,-0.02762674095128803,0.0027698339086938972,0.0028256162595545753,-0.003431079072863774,0.0038164425035382976,-0.004370042754336723,0.01989267943793216,-0.00035549098332499085,0.007734061513355872,0.0024143429253689064,0.02762674095128803,0.0027698339086938972,-0.0028256162595545753,-0.003431079072863774,-0.0038164425035382976,-0.004370042754336723,-0.009527789504410134,-0.0067292678326627,-0.01989267943793216,-0.00035549098332499085
13,-1.0,P_loathing-d3-v3,loathing,-1,1,-0.004029175153786646,0.0011081770493550636,-0.014049038881640996,0.003575844296204167,-0.02526908501578795,0.005418470920864671,-0.0010885351376974661,0.00226069892114511,0.01001986372785435,-0.0024676672468491034,0.004029175153786646,0.0011081770493550636,0.014049038881640996,0.003575844296204167,0.02526908501578795,0.005418470920864671,0.0010885351376974661,0.00226069892114511,0.030786966900259838,0.011248792452534406,-0.01001986372785435,-0.0024676672468491034
13,-1.0,P_loathing-d3-v4,loathing,-1,1,0.0049585275223851255,-0.004626641465239167,0.00410797393622353,-0.0027555015055522603,-0.01918367202605431,0.00603703576785275,-0.0050387227028081405,-0.002203118492075884,0.0008505535861615954,-0.0018711399596869072,-0.0049585275223851255,-0.004626641465239167,-0.00410797393622353,-0.0027555015055522603,0.01918367202605431,0.00603703576785275,0.0050387227028081405,-0.002203118492075884,0.035541173343482946,0.00857305105957451,-0.0008505535861615954,-0.0018711399596869072
13,-1.0,P_amazement-d1-v1,amazement,1,1,-0.00801837492379942,-0.0061439507845442165,0.015266540664513606,0.004373663051925547,-0.024323385910005157,-0.013046322479864259,-0.0004430654617104679,-0.004572502593745309,-0.023284915588313027,-0.010517613836469764,-0.00801837492379942,-0.0061439507845442165,0.015266540664513606,0.004373663051925547,-0.024323385910005157,-0.013046322479864259,-0.0004430654617104679,-0.004572502593745309,-0.01576716697806191,-0.012469734316498116,-0.023284915588313027,-0.010517613836469764
13,-1.0,P_amazement-d1-v2,amazement,1,1,0.017601361689561834,0.007326879955415144,-0.012274466099254866,-0.006031677636896937,-0.009801307328658915,-0.0035525229219670607,0.011410094920143887,0.0023319947822963982,0.0298758277888167,0.013358557592312081,0.017601361689561834,0.007326879955415144,-0.012274466099254866,-0.006031677636896937,-0.009801307328658915,-0.0035525229219670607,0.011410094920143887,0.0023319947822963982,-0.006915207787113076,-0.003398354459595243,0.0298758277888167,0.013358557592312081
13,-1.0,P_amazement-d1-v4,amazement,1,1,0.028870187544583814,0.010313170781058645,0.014023278319257315,0.0006196040426846849,0.016596429258310508,0.0013112277001816608,0.025721089255216434,0.007544659560804412,0.014846909225326499,0.00969356673837396,0.028870187544583814,0.010313170781058645,0.014023278319257315,0.0006196040426846849,0.016596429258310508,0.0013112277001816608,0.025721089255216434,0.007544659560804412,0.013908021296893835,0.0010055093403460447,0.014846909225326499,0.00969356673837396
13,-1.0,P_amazement-d2-v1,amazement,1,1,-0.0030603356999838738,-0.004812062449341958,-0.00827257491078992,-0.006083162043171164,-0.012844109853189956,-0.009254505136901514,0.007513600573840318,-0.0025771114477715074,0.005212239210806047,0.0012710995938292058,-0.0030603356999838738,-0.004812062449341958,-0.00827257491078992,-0.006083162043171164,-0.012844109853189956,-0.009254505136901514,0.007513600573840318,-0.0025771114477715074,0.006958317460101782,-0.000812552996474647,0.005212239210806047,0.0012710995938292058
13,-1.0,P_amazement-d2-v2,amazement,1,1,-0.018239426803495995,-0.013468718647285272,-0.019602920750191544,-0.007314663095885798,-0.012602032619245307,-0.007392291231731463,0.0036151314913692723,-0.0054275190632169235,0.0013634939466955487,-0.006154055551399473,-0.018239426803495995,-0.013468718647285272,-0.019602920750191544,-0.007314663095885798,-0.012602032619245307,-0.007392291231731463,0.0036151314913692723,-0.0054275190632169235,0.014684744643171488,0.0016994175406064294,0.0013634939466955487,-0.006154055551399473
13,-1.0,P_amazement-d3-v2,amazement,1,1,-0.0025761812827500563,-0.005166980732706605,0.008237075767604018,-0.0007144932817935157,0.00024793965323688383,-0.002209927314106963,0.0009845105157193501,-0.004013433718324855,-0.010813257050354075,-0.00445248745091309,-0.0025761812827500563,-0.005166980732706605,0.008237075767604018,-0.0007144932817935157,0.00024793965323688383,-0.002209927314106963,0.0009845105157193501,-0.004013433718324855,0.018211882377214827,0.005275867175618565,-0.010813257050354075,-0.00445248745091309
13,-1.0,P_amazement-d3-v4,amazement,1,1,-0.005354129821546927,-0.0061387823720417956,-0.002099384272856497,-0.004598845112350425,-0.012356866505481179,-0.008310007243924389,-0.010805645906183159,-0.011889735061553885,-0.0032547455486904298,-0.0015399372596913707,-0.005354129821546927,-0.0061387823720417956,-0.002099384272856497,-0.004598845112350425,-0.012356866505481179,-0.008310007243924389,-0.010805645906183159,-0.011889735061553885,0.010503935944788267,-0.002813340991318025,-0.0032547455486904298,-0.0015399372596913707
13,-1.0,P_admiration-d1-v1,admiration,1,1,0.012777860248396777,-0.0012470754632669667,-0.00829062899018762,-0.0058861510000962625,-0.010637735738216136,-0.008898265994507604,0.006822953810913468,-0.004199856941757396,0.021068489238584398,0.004639075536829296,0.012777860248396777,-0.0012470754632669667,-0.00829062899018762,-0.0058861510000962625,-0.010637735738216136,-0.008898265994507604,0.006822953810913468,-0.004199856941757396,-0.006966555220563553,-0.00657674049685486,0.021068489238584398,0.004639075536829296
13,-1.0,P_admiration-d1-v2,admiration,1,1,-0.005888121560807313,-0.001464018640832343,0.008396884183241582,0.0021717441489226275,-0.0027313716273749122,-0.00010248700963799706,0.008548322881366754,0.0018693086094447864,-0.014285005744048895,-0.0036357627897549705,-0.005888121560807313,-0.001464018640832343,0.008396884183241582,0.0021717441489226275,-0.0027313716273749122,-0.00010248700963799706,0.008548322881366754,0.0018693086094447864,0.019191401610945125,0.006028250623830722,-0.014285005744048895,-0.0036357627897549705
13,-1.0,P_admiration-d1-v3,admiration,1,1,0.00561086768915775,-0.002031901737105102,-0.0016825419761188343,-0.001411776068199977,-0.01200802649839261,-0.0065596212863834324,0.028938310541325674,0.004014902128893549,0.0072934096652765845,-0.0006201256689051249,0.00561086768915775,-0.002031901737105102,-0.0016825419761188343,-0.001411776068199977,-0.01200802649839261,-0.0065596212863834324,0.028938310541325674,0.004014902128893549,0.01634330086918423,-0.00025254021910026125,0.0072934096652765845,-0.0006201256689051249
13,-1.0,P_admiration-d2-v1,admiration,1,1,0.017672710891852184,0.0019749343249317874,0.01323146078125248,0.002510858137278582,-0.0035738441018677847,-0.003312027294171571,0.01291200271245696,-3.6132143536704575e-05,0.004441250110599704,-0.0005359238123467946,0.017672710891852184,0.0019749343249317874,0.01323146078125248,0.002510858137278582,-0.0035738441018677847,-0.003312027294171571,0.01291200271245696,-3.6132143536704575e-05,-0.011256844276179123,-0.007281598825868318,0.004441250110599704,-0.0005359238123467946
13,-1.0,P_admiration-d2-v2,admiration,1,1,0.037651658203412985,0.012951414679031714,0.018485540420363655,0.006574415801631872,0.01392293298983116,0.007554885479259532,0.03591519420039457,0.013095758696612059,0.01916611778304933,0.006376998877399842,0.037651658203412985,0.012951414679031714,0.018485540420363655,0.006574415801631872,0.01392293298983116,0.007554885479259532,0.03591519420039457,0.013095758696612059,0.025741465537838515,0.008065227617659154,0.01916611778304933,0.006376998877399842
13,-1.0,P_admiration-d2-v3,admiration,1,1,0.00214559901887057,-0.001326488081642374,0.0014621012065818562,-0.002231604714958202,0.012577464298646035,0.003814909622422036,-0.006855578954230168,-0.002169296961099576,0.0006834978122887136,0.0009051166333158278,0.00214559901887057,-0.001326488081642374,0.0014621012065818562,-0.002231604714958202,0.012577464298646035,0.003814909622422036,-0.006855578954230168,-0.002169296961099576,0.008344045155724622,0.0049413133691995625,0.0006834978122887136,0.0009051166333158278
13,-1.0,P_vigilance-d1-v4,vigilance,1,1,0.015316273573059647,0.00507544398452886,-0.010634192260017272,-0.005928816271998372,-0.0008610748876582974,-0.003966252177280083,0.02574993913433854,0.008141782035426814,0.02595046583307692,0.011004260256527232,0.015316273573059647,0.00507544398452886,-0.010634192260017272,-0.005928816271998372,-0.0008610748876582974,-0.003966252177280083,0.02574993913433854,0.008141782035426814,0.0070975339699979045,-0.002178918709864419,0.02595046583307692,0.011004260256527232
13,-1.0,P_vigilance-d2-v3,vigilance,1,1,-0.0001655866667364947,-0.004827488869658225,0.005742723512244474,0.0016646592330618049,0.000928845481094065,-0.0012023300001864357,0.017694249698209763,0.004869149512463533,-0.005908310178980969,-0.00649214810272003,-0.0001655866667364947,-0.004827488869658225,0.005742723512244474,0.0016646592330618049,0.000928845481094065,-0.0012023300001864357,0.017694249698209763,0.004869149512463533,0.0029314921480385614,0.0008639072490357336,-0.005908310178980969,-0.00649214810272003
13,-1.0,P_vigilance-d2-v4,vigilance,1,1,0.03227264914548833,0.015183179771635302,0.017169790062382617,0.008032644071448658,0.034556878785991785,0.015681940467038302,0.028611768394309678,0.008759949743316398,0.015102859083105713,0.007150535700186644,0.03227264914548833,0.015183179771635302,0.017169790062382617,0.008032644071448658,0.034556878785991785,0.015681940467038302,0.028611768394309678,0.008759949743316398,0.02493539057021188,0.008722248986690495,0.015102859083105713,0.007150535700186644
13,-1.0,P_vigilance-d3-v2,vigilance,1,1,-0.017955386814890062,-0.008004322630961624,-0.004953887378418287,-0.0026060014658568775,-0.019665407563211446,-0.007347187148429413,0.009284217744240486,0.0018193086024052008,-0.013001499436471775,-0.005398321165104747,-0.017955386814890062,-0.008004322630961624,-0.004953887378418287,-0.0026060014658568775,-0.019665407563211446,-0.007347187148429413,0.009284217744240486,0.0018193086024052008,0.0005175837813649053,-0.0007876300292597449,-0.013001499436471775,-0.005398321165104747
13,-1.0,P_vigilance-d3-v4,vigilance,1,1,-0.0028944703302826724,-0.0017416275824508887,0.003107586365576509,-0.0012557960503274401,-0.012514214265153534,-0.005136908175662924,-0.006052762898446584,-0.004964808376032526,-0.0060020566958591814,-0.00048583153212344854,-0.0028944703302826724,-0.0017416275824508887,0.003107586365576509,-0.0012557960503274401,-0.012514214265153534,-0.005136908175662924,-0.006052762898446584,-0.004964808376032526,-0.013223126395251583,-0.0070699820513624445,-0.0060020566958591814,-0.00048583153212344854
13,-1.0,P_rage-d4-v1,rage,-1,1,0.0025866892778427797,-0.003811659533809575,-0.007821017076906855,0.0037424969704433764,0.0038381462371219754,-0.003027222899247839,0.031889789741411434,-0.016517171901462735,0.010407706354749635,-0.007554156504252951,-0.0025866892778427797,-0.003811659533809575,0.007821017076906855,0.0037424969704433764,-0.0038381462371219754,-0.003027222899247839,-0.031889789741411434,-0.016517171901462735,-0.04236503180266871,-0.017123825143372073,-0.010407706354749635,-0.007554156504252951
13,-1.0,P_rage-d4-v2,rage,-1,1,0.011696838424361644,-0.0066440024697485,0.006579058203615595,-0.0035875398983575835,0.0010344086459790347,-0.0003945423502180745,0.02018896247134938,-0.012435147703108829,0.005117780220746049,-0.0030564625713909166,-0.011696838424361644,-0.0066440024697485,-0.006579058203615595,-0.0035875398983575835,-0.0010344086459790347,-0.0003945423502180745,-0.02018896247134938,-0.012435147703108829,-0.020421901345625493,-0.009994313932787158,-0.005117780220746049,-0.0030564625713909166
13,-1.0,P_rage-d4-v4,rage,-1,1,-0.019663951962581194,0.007523546863276387,-0.010660735246814212,0.003534532111935107,0.0057720811915320525,-0.002686775070801062,-0.007204442247974008,-0.0008772893731645581,-0.009003216715766982,0.00398901475134128,0.019663951962581194,0.007523546863276387,0.010660735246814212,0.003534532111935107,-0.0057720811915320525,-0.002686775070801062,0.007204442247974008,-0.0008772893731645581,-0.003676973337645606,-0.0023082671283560785,0.009003216715766982,0.00398901475134128
13,-1.0,P_rage-d5-v1,rage,-1,1,-0.0003044071820275107,-0.00088539254174691,0.027109548930282834,-0.015322735150617994,0.005240315568618925,-0.0017059933348599898,0.000830335747531219,-0.0037162296346844315,-0.027413956112310345,0.014437342608871084,0.0003044071820275107,-0.00088539254174691,-0.027109548930282834,-0.015322735150617994,-0.005240315568618925,-0.0017059933348599898,-0.000830335747531219,-0.0037162296346844315,0.006757007250747016,0.0007500757812031189,0.027413956112310345,0.014437342608871084
13,-1.0,P_rage-d5-v3,rage,-1,1,-0.006972526283165692,0.004208703294672489,-0.028680768656190736,0.009551015101136429,-0.0283637602065836,0.015269388037831177,-0.004914649411879246,0.006046062898042326,0.021708242373025044,-0.00534231180646394,0.006972526283165692,0.004208703294672489,0.028680768656190736,0.009551015101136429,0.0283637602065836,0.015269388037831177,0.004914649411879246,0.006046062898042326,0.009110249635304601,0.010895337123092652,-0.021708242373025044,-0.00534231180646394
13,-1.0,P_rage-d6-v2,rage,-1,1,-0.0018465074211020394,0.0007241046045498578,-0.002797776126382878,-0.0008531591468674549,0.009420493229058913,-0.003292183824952666,0.005733379424733176,-0.00041177704971806506,0.0009512687052808388,0.0015772637514173127,0.0018465074211020394,0.0007241046045498578,0.002797776126382878,-0.0008531591468674549,-0.009420493229058913,-0.003292183824952666,-0.005733379424733176,-0.00041177704971806506,-0.026721502754911697,-0.00637949628153045,-0.0009512687052808388,0.0015772637514173127
13,-1.0,P_grief-d4-v2,grief,-1,-1,-0.0008478694914888507,0.0012533927118845156,0.037237182536682845,0.02021942188772652,0.0050115487256530145,0.0028954022504485977,-0.0006290550823271346,-0.0005378005277427711,-0.038085052028171695,-0.018966029175842003,0.0008478694914888507,-0.0012533927118845156,-0.037237182536682845,-0.02021942188772652,-0.0050115487256530145,-0.0028954022504485977,0.0006290550823271346,0.0005378005277427711,0.0027159850297318044,0.0020573233522327428,0.038085052028171695,0.018966029175842003
13,-1.0,P_grief-d4-v3,grief,-1,-1,0.028347143380401896,0.011066248391484734,-0.010989952907742406,-0.003356568708031027,0.022378316348804717,0.009225361518602426,0.031655311256600704,0.013418095025240273,0.0393370962881443,0.014422817099515761,-0.028347143380401896,-0.011066248391484734,0.010989952907742406,0.003356568708031027,-0.022378316348804717,-0.009225361518602426,-0.031655311256600704,-0.013418095025240273,-0.028885306766530228,-0.011095820143947943,-0.0393370962881443,-0.014422817099515761
13,-1.0,P_grief-d4-v4,grief,-1,-1,0.018474993409338225,0.009821533600742782,-0.006411751305181568,-0.0041980796429985645,-0.004523788558478792,-0.003292082695041998,0.009371305969025912,0.007452186392373328,0.024886744714519793,0.014019613243741347,-0.018474993409338225,-0.009821533600742782,0.006411751305181568,0.0041980796429985645,0.004523788558478792,0.003292082695041998,-0.009371305969025912,-0.007452186392373328,-0.0009498914670116321,-0.0016078864224211564,-0.024886744714519793,-0.014019613243741347
13,-1.0,P_grief-d5-v1,grief,-1,-1,-0.0035124531954240368,-0.0005488309911445555,0.021405337626831056,0.010025690854199354,-0.0025392642539969756,-0.0024118780835813425,0.010717997751069852,0.005801888254673759,-0.024917790822255093,-0.01057452184534391,0.0035124531954240368,0.0005488309911445555,-0.021405337626831056,-0.010025690854199354,0.0025392642539969756,0.0024118780835813425,-0.010717997751069852,-0.005801888254673759,-0.005789634817889411,-0.0038306950454702893,0.024917790822255093,0.01057452184534391
13,-1.0,P_grief-d5-v2,grief,-1,-1,0.002763846039389506,0.0011945941760300727,-0.004878812585053183,0.0016201374520816714,-0.0014688846807340283,0.003507451483355517,-0.001970027370967742,-0.0001161574244181729,0.007642658624442689,-0.0004255432760515987,-0.002763846039389506,-0.0011945941760300727,0.004878812585053183,-0.0016201374520816714,0.0014688846807340283,-0.003507451483355517,0.001970027370967742,0.0001161574244181729,-0.00933054160869684,-0.00432014973941941,-0.007642658624442689,0.0004255432760515987
13,-1.0,P_grief-d5-v3,grief,-1,-1,-0.005116493067988337,0.00042373496486458606,-0.0020546256919065087,0.0002446909572970668,-0.0024278692581622963,-0.0011054268966468328,-0.0046551673595081056,-0.0014165706542090817,-0.0030618673760818282,0.00017904400756751926,0.005116493067988337,-0.00042373496486458606,0.0020546256919065087,-0.0002446909572970668,0.0024278692581622963,0.0011054268966468328,0.0046551673595081056,0.0014165706542090817,0.005089187139262208,0.001829922261720185,0.0030618673760818282,-0.00017904400756751926
13,-1.0,P_grief-d6-v1,grief,-1,-1,0.017394854354350286,0.008764502747410141,0.007986373437455008,0.006663271427352235,0.012995361075221368,0.00532133451986283,0.009867438014050212,0.005567696116492549,0.009408480916895279,0.002101231320057906,-0.017394854354350286,-0.008764502747410141,-0.007986373437455008,-0.006663271427352235,-0.012995361075221368,-0.00532133451986283,-0.009867438014050212,-0.005567696116492549,-0.007782614779191288,-0.0027559406634436456,-0.009408480916895279,-0.002101231320057906
13,-1.0,P_grief-d6-v2,grief,-1,-1,0.019628361562813446,0.007432030960885072,-0.010810905099973844,-0.005976109672721108,0.01632966037587824,0.005859401732678293,0.0034644693247298797,0.0013438816294795153,0.03043926666278729,0.01340814063360618,-0.019628361562813446,-0.007432030960885072,0.010810905099973844,0.005976109672721108,-0.01632966037587824,-0.005859401732678293,-0.0034644693247298797,-0.0013438816294795153,-0.004521823172032313,-0.0002860855111257443,-0.03043926666278729,-0.01340814063360618
13,-1.0,P_terror-d4-v1,terror,-1,1,-0.025091529664925893,0.011046686267468075,-0.005186657338651202,0.0011780641606264908,-0.019066958223428188,0.00612016307476182,-0.0121553067547584,0.004725778455151097,-0.019904872326274692,0.009868622106841585,0.025091529664925893,0.011046686267468075,0.005186657338651202,0.0011780641606264908,0.019066958223428188,0.00612016307476182,0.0121553067547584,0.004725778455151097,0.007826581591830806,0.0013124501777417308,0.019904872326274692,0.009868622106841585
13,-1.0,P_terror-d4-v2,terror,-1,1,-0.01698837222114591,0.004477827288009273,-0.024118909197729188,0.005734452529885914,-0.01575317020424194,0.0029110033334260876,-0.0099298425511547,-0.001353245049088514,0.007130536976583279,-0.001256625241876641,0.01698837222114591,0.004477827288009273,0.024118909197729188,0.005734452529885914,0.01575317020424194,0.0029110033334260876,0.0099298425511547,-0.001353245049088514,-9.850213864215362e-05,-0.004189755537967521,-0.007130536976583279,-0.001256625241876641
13,-1.0,P_terror-d4-v3,terror,-1,1,0.008644193581194948,-0.0039847257792917645,0.0009082020354851394,0.002474775811089458,0.013688716967818593,-0.007188657577172464,-0.005449220072709426,0.0025646021500280725,0.007735991545709808,-0.0064595015903812225,-0.008644193581194948,-0.0039847257792917645,-0.0009082020354851394,0.002474775811089458,-0.013688716967818593,-0.007188657577172464,0.005449220072709426,0.0025646021500280725,-0.017169411079047237,-0.009945953229079318,-0.007735991545709808,-0.0064595015903812225
13,-1.0,P_terror-d5-v1,terror,-1,1,0.007752089398812778,-0.0031363184904034114,0.014626245834739038,-0.00861034261029392,0.0026309322222077824,0.00014182973219512007,0.011380124056555196,-0.005811022750411343,-0.00687415643592626,0.005474024119890508,-0.007752089398812778,-0.0031363184904034114,-0.014626245834739038,-0.00861034261029392,-0.0026309322222077824,0.00014182973219512007,-0.011380124056555196,-0.005811022750411343,-0.0027586729066335636,-0.0012415675947510252,0.00687415643592626,0.005474024119890508
13,-1.0,P_terror-d5-v2,terror,-1,1,0.012959129928913349,-0.008625756691456488,0.012991840127324572,-0.00962260297281059,-0.0008021184840023565,-0.0007899262761146275,0.008007894501530721,-0.006675674261489739,-3.2710198411223246e-05,0.0009968462813541024,-0.012959129928913349,-0.008625756691456488,-0.012991840127324572,-0.00962260297281059,0.0008021184840023565,-0.0007899262761146275,-0.008007894501530721,-0.006675674261489739,0.005687049564596869,-0.0008340651058516002,3.2710198411223246e-05,0.0009968462813541024
13,-1.0,P_terror-d6-v2,terror,-1,1,-0.0038298341644571465,0.00018849469258874763,-0.002795150413880343,-2.449513128688352e-05,0.004935109081267264,-0.0036757536922076284,0.0034858506071842044,-0.000967904186146118,-0.0010346837505768036,0.00021298982387563115,0.0038298341644571465,0.00018849469258874763,0.002795150413880343,-2.449513128688352e-05,-0.004935109081267264,-0.0036757536922076284,-0.0034858506071842044,-0.000967904186146118,-0.004402124266257079,-0.00152146951302079,0.0010346837505768036,0.00021298982387563115
13,-1.0,P_ecstasy-d4-v1,ecstasy,1,1,0.011236995949482242,0.007149244393113818,-0.009569688582608649,-0.006137011165692208,0.004266704098600194,0.0022267333765810804,0.015276312523623936,0.005659680766472164,0.02080668453209089,0.013286255558806026,0.011236995949482242,0.007149244393113818,-0.009569688582608649,-0.006137011165692208,0.004266704098600194,0.0022267333765810804,0.015276312523623936,0.005659680766472164,-0.001787225104404655,-0.0017029007987545697,0.02080668453209089,0.013286255558806026
13,-1.0,P_ecstasy-d4-v3,ecstasy,1,1,-0.0013473147492071291,0.0017447697075239077,-0.002510999852903595,0.0002595357376860008,-0.018348904444026815,-0.0056547216547242485,-0.0005398714548503492,0.0021012103211566213,0.0011636851036964657,0.001485233969837907,-0.0013473147492071291,0.0017447697075239077,-0.002510999852903595,0.0002595357376860008,-0.018348904444026815,-0.0056547216547242485,-0.0005398714548503492,0.0021012103211566213,-0.0067489802439482105,-0.0009805505701514505,0.0011636851036964657,0.001485233969837907
13,-1.0,P_ecstasy-d5-v1,ecstasy,1,1,-0.014920182834437412,-0.005238780499553286,0.0008931376677479008,-0.0037779943937454874,-0.006727930510940006,-0.0015971116475590463,-0.006081682176170222,-0.0011910406713799837,-0.015813320502185313,-0.0014607861058077987,-0.014920182834437412,-0.005238780499553286,0.0008931376677479008,-0.0037779943937454874,-0.006727930510940006,-0.0015971116475590463,-0.006081682176170222,-0.0011910406713799837,0.005316551009119319,0.002057482452993753,-0.015813320502185313,-0.0014607861058077987
13,-1.0,P_ecstasy-d5-v2,ecstasy,1,1,5.226383956458136e-05,-0.002966313202477977,-0.008728041094423489,-0.004628004286933773,-0.013597241319712516,-0.005135244587208376,0.0005143403214524778,-0.0023800408418295227,0.00878030493398807,0.0016616910844557964,5.226383956458136e-05,-0.002966313202477977,-0.008728041094423489,-0.004628004286933773,-0.013597241319712516,-0.005135244587208376,0.0005143403214524778,-0.0023800408418295227,-0.0018241517043993127,-0.0011094227654826483,0.00878030493398807,0.0016616910844557964
13,-1.0,P_ecstasy-d5-v4,ecstasy,1,1,0.012196695433321914,0.007073003388843979,-0.03500454238095774,-0.01480087616055581,-0.0032605800440599353,-0.002299149924011701,0.0004124842472479351,0.002731581987414522,0.04720123781427965,0.02187387954939979,0.012196695433321914,0.007073003388843979,-0.03500454238095774,-0.01480087616055581,-0.0032605800440599353,-0.002299149924011701,0.0004124842472479351,0.002731581987414522,0.004349642001295617,0.0020020508895535194,0.04720123781427965,0.02187387954939979
13,-1.0,P_ecstasy-d6-v1,ecstasy,1,1,-0.0031384026155594213,-0.0035318137955488993,-0.02158379586845527,-0.010157921004013026,-0.007662439021173029,-0.00457671260257797,0.0013728683223583893,-0.0018433670017183879,0.018445393252895848,0.006626107208464127,-0.0031384026155594213,-0.0035318137955488993,-0.02158379586845527,-0.010157921004013026,-0.007662439021173029,-0.00457671260257797,0.0013728683223583893,-0.0018433670017183879,0.0008953146330816786,-0.0009526754414266314,0.018445393252895848,0.006626107208464127
13,-1.0,P_ecstasy-d6-v2,ecstasy,1,1,-0.02870215886147598,-0.015195581250510237,-0.014380368883411876,-0.006149063055882031,-0.027452498908687062,-0.014401239417254352,-0.01595689372079523,-0.010981784306309805,-0.014321789978064103,-0.009046518194628206,-0.02870215886147598,-0.015195581250510237,-0.014380368883411876,-0.006149063055882031,-0.027452498908687062,-0.014401239417254352,-0.01595689372079523,-0.010981784306309805,-0.02948112663026592,-0.017500491536012852,-0.014321789978064103,-0.009046518194628206
13,-1.0,P_ecstasy-d6-v3,ecstasy,1,1,-0.004452445591991427,-0.0028082506960673825,0.011756094796921523,0.007054666428728318,0.0007193481111364974,0.00016280954185976526,0.008566076629548558,0.002677914642166712,-0.01620854038891295,-0.0098629171247957,-0.004452445591991427,-0.0028082506960673825,0.011756094796921523,0.007054666428728318,0.0007193481111364974,0.00016280954185976526,0.008566076629548558,0.002677914642166712,0.006164881584170612,0.0025857267120850125,-0.01620854038891295,-0.0098629171247957
13,-1.0,P_loathing-d4-v1,loathing,-1,1,-0.010984801660923083,0.0011864540358486053,0.019082407345593744,-0.007996187141184663,0.01035180784431411,-0.005715543243296928,-0.015016000202085156,0.0038055767362923376,-0.030067209006516826,0.009182641177033268,0.010984801660923083,0.0011864540358486053,-0.019082407345593744,-0.007996187141184663,-0.01035180784431411,-0.005715543243296928,0.015016000202085156,0.0038055767362923376,0.011668931018439022,0.002519395766670929,0.030067209006516826,0.009182641177033268
13,-1.0,P_loathing-d5-v2,loathing,-1,1,0.021323865769223183,-0.006785344132498317,-0.0002632956676960063,-0.005775129997598327,-0.0013694357923084155,0.0015893789180463358,0.010160596066357552,-0.004006505716948272,0.02158716143691919,-0.0010102141348999893,-0.021323865769223183,-0.006785344132498317,0.0002632956676960063,-0.005775129997598327,0.0013694357923084155,0.0015893789180463358,-0.010160596066357552,-0.004006505716948272,-0.014918013564054977,-0.0031592736446004466,-0.02158716143691919,-0.0010102141348999893
13,-1.0,P_loathing-d6-v2,loathing,-1,1,-0.01821473388470629,0.007537579991712562,0.002308942348316023,-0.001490183899237607,-0.0033851701313416527,0.0047204683897117405,-0.008149049342657921,0.007213325288804029,-0.020523676233022314,0.009027763890950169,0.01821473388470629,0.007537579991712562,-0.002308942348316023,-0.001490183899237607,0.0033851701313416527,0.0047204683897117405,0.008149049342657921,0.007213325288804029,0.012519735788102171,0.00869347290228939,0.020523676233022314,0.009027763890950169
13,-1.0,P_loathing-d6-v4,loathing,-1,1,-0.008211235956986584,0.003729806004202807,-0.024467414304357504,0.008985287223858052,-0.0026607993277698583,0.0005259023408754615,0.003518180386727021,8.1245016103626e-05,0.01625617834737092,-0.005255481219655245,0.008211235956986584,0.003729806004202807,0.024467414304357504,0.008985287223858052,0.0026607993277698583,0.0005259023408754615,-0.003518180386727021,8.1245016103626e-05,-0.0031749895332553457,-0.000277115504513592,-0.01625617834737092,-0.005255481219655245
13,-1.0,P_amazement-d4-v1,amazement,1,1,0.0012252128049281552,-0.002569697579740904,0.012144376340349261,0.003581116650861027,-0.01795457262634148,-0.013264975121117573,-0.020627438820075117,-0.011869682401523196,-0.010919163535421106,-0.006150814230601931,0.0012252128049281552,-0.002569697579740904,0.012144376340349261,0.003581116650861027,-0.01795457262634148,-0.013264975121117573,-0.020627438820075117,-0.011869682401523196,-0.018400398567413045,-0.012765190296182283,-0.010919163535421106,-0.006150814230601931
13,-1.0,P_amazement-d4-v2,amazement,1,1,-0.005861935323197898,-0.004456836308438739,0.010077625495454434,0.004124389218697289,-0.00872432108254717,-0.005434482700131582,-0.007422415373697255,-0.00488038245838851,-0.015939560818652332,-0.008581225527136027,-0.005861935323197898,-0.004456836308438739,0.010077625495454434,0.004124389218697289,-0.00872432108254717,-0.005434482700131582,-0.007422415373697255,-0.00488038245838851,-0.009143515574823624,-0.0065072393898146785,-0.015939560818652332,-0.008581225527136027
13,-1.0,P_amazement-d5-v2,amazement,1,1,0.000569790385461566,0.0026748673678307355,0.003605428224751961,0.0028611481263673966,-0.0012382096555247912,0.0032753037148376407,0.0020039928906858684,-0.001309734406273133,-0.003035637839290395,-0.00018628075853666104,0.000569790385461566,0.0026748673678307355,0.003605428224751961,0.0028611481263673966,-0.0012382096555247912,0.0032753037148376407,0.0020039928906858684,-0.001309734406273133,0.0025553718394712988,0.0008242852328748107,-0.003035637839290395,-0.00018628075853666104
13,-1.0,P_amazement-d5-v4,amazement,1,1,-0.0005211916583203191,-0.0011872274123607696,0.03172240137532256,0.010327703376737496,0.0009648869192560028,-0.0009961547744010701,-0.013292700884684816,-0.005919407362187101,-0.03224359303364288,-0.011514930789098266,-0.0005211916583203191,-0.0011872274123607696,0.03172240137532256,0.010327703376737496,0.0009648869192560028,-0.0009961547744010701,-0.013292700884684816,-0.005919407362187101,-0.0066890728740789385,-0.004983743433971455,-0.03224359303364288,-0.011514930789098266
13,-1.0,P_amazement-d6-v1,amazement,1,1,-0.0301332054276644,-0.016920116369524507,-0.03154615019974649,-0.011691119150760265,-0.023153618352607985,-0.010304431560592242,-0.01758711197913998,-0.010403363388375997,0.001412944772082092,-0.005228997218764242,-0.0301332054276644,-0.016920116369524507,-0.03154615019974649,-0.011691119150760265,-0.023153618352607985,-0.010304431560592242,-0.01758711197913998,-0.010403363388375997,-0.005504700838654397,-0.0033669623343048904,0.001412944772082092,-0.005228997218764242
13,-1.0,P_amazement-d6-v4,amazement,1,1,-0.01414205862602369,-0.005145137468194783,0.006181094315533819,0.00393582537024173,-0.004730580662625883,-0.0007189168580801208,-0.0072500042885264016,-0.004788569278400878,-0.02032315294155751,-0.009080962838436513,-0.01414205862602369,-0.005145137468194783,0.006181094315533819,0.00393582537024173,-0.004730580662625883,-0.0007189168580801208,-0.0072500042885264016,-0.004788569278400878,-0.0012954395700766064,-0.00019189774070138554,-0.02032315294155751,-0.009080962838436513
13,-1.0,P_admiration-d5-v1,admiration,1,1,0.002158142663088114,0.0029652893908256317,-0.014916906975098954,-0.0080210460623924,0.0007400679551619049,0.001504305122705496,-0.01114008398685895,0.00017363745064447045,0.017075049638187068,0.010986335453218032,0.002158142663088114,0.0029652893908256317,-0.014916906975098954,-0.0080210460623924,0.0007400679551619049,0.001504305122705496,-0.01114008398685895,0.00017363745064447045,-0.009860364886859596,-0.005042980070212533,0.017075049638187068,0.010986335453218032
13,-1.0,P_admiration-d5-v3,admiration,1,1,-0.023261082864773464,-0.00617585000174703,-0.06164133245839132,-0.02583808413545885,-0.029749309524460088,-0.007913668647748118,-0.010219735859842816,-0.0013591070326794963,0.038380249593617854,0.01966223413371182,-0.023261082864773464,-0.00617585000174703,-0.06164133245839132,-0.02583808413545885,-0.029749309524460088,-0.007913668647748118,-0.010219735859842816,-0.0013591070326794963,-0.0024824005885213385,-0.0007529511490820262,0.038380249593617854,0.01966223413371182
13,-1.0,P_admiration-d6-v1,admiration,1,1,-0.015394868711116061,-0.009369669781599477,-0.02432491888193855,-0.014415372541951577,-0.011912836161671159,-0.008258791386198006,0.004791482239992817,0.002180521945488678,0.00893005017082249,0.0050457027603521,-0.015394868711116061,-0.009369669781599477,-0.02432491888193855,-0.014415372541951577,-0.011912836161671159,-0.008258791386198006,0.004791482239992817,0.002180521945488678,0.001820449290842685,-0.0024326387314763664,0.00893005017082249,0.0050457027603521
13,-1.0,P_admiration-d6-v2,admiration,1,1,-0.005446783527900401,-0.004249916733334302,0.004559162783089654,0.0007226466330694237,5.997181159411724e-05,-0.00013088449300102667,-0.0032419691388421157,-0.0034235895530052574,-0.010005946310990055,-0.004972563366403726,-0.005446783527900401,-0.004249916733334302,0.004559162783089654,0.0007226466330694237,5.997181159411724e-05,-0.00013088449300102667,-0.0032419691388421157,-0.0034235895530052574,0.00045787075106940023,-0.0037486190430682242,-0.010005946310990055,-0.004972563366403726
13,-1.0,P_admiration-d6-v3,admiration,1,1,0.004473196991955142,-0.00043013637347844025,0.015434348729145952,0.006220668863484491,0.022739474386014535,0.007328178757256332,-0.0008870940651224402,-0.005044284898507279,-0.01096115173719081,-0.006650805236962931,0.004473196991955142,-0.00043013637347844025,0.015434348729145952,0.006220668863484491,0.022739474386014535,0.007328178757256332,-0.0008870940651224402,-0.005044284898507279,0.01868277107016425,0.005075872131580894,-0.01096115173719081,-0.006650805236962931
13,-1.0,P_admiration-d6-v4,admiration,1,1,-0.011645103489399844,-0.0068686344968140745,0.01086373791127837,0.0015179985847479927,-0.0013002398688968242,-0.001792045282411614,-0.006697163969066278,-0.0038405644211851886,-0.022508841400678214,-0.008386633081562067,-0.011645103489399844,-0.0068686344968140745,0.01086373791127837,0.0015179985847479927,-0.0013002398688968242,-0.001792045282411614,-0.006697163969066278,-0.0038405644211851886,0.003803698176167547,-0.0007570408759565161,-0.022508841400678214,-0.008386633081562067
13,-1.0,P_vigilance-d4-v2,vigilance,1,1,0.01667466065753409,0.008614461276732044,-0.01567158930633994,-0.010414384080182693,0.00651134828702471,0.0009523779460511861,0.005319191853093486,0.004438682409444894,0.03234624996387403,0.019028845356914736,0.01667466065753409,0.008614461276732044,-0.01567158930633994,-0.010414384080182693,0.00651134828702471,0.0009523779460511861,0.005319191853093486,0.004438682409444894,-0.0062639830912250005,-5.873905064568419e-05,0.03234624996387403,0.019028845356914736
13,-1.0,P_vigilance-d5-v2,vigilance,1,1,-0.002205877141808088,-0.004223915673390977,-0.0043294068828307886,-0.004109315424506654,-0.010242655519276944,-0.006900763152235534,-0.004681479571099878,-0.0036869396456191694,0.0021235297410227005,-0.0001146002488843223,-0.002205877141808088,-0.004223915673390977,-0.0043294068828307886,-0.004109315424506654,-0.010242655519276944,-0.006900763152235534,-0.004681479571099878,-0.0036869396456191694,-0.008694341678236128,-0.00632286007286309,0.0021235297410227005,-0.0001146002488843223
13,-1.0,P_vigilance-d5-v3,vigilance,1,1,-0.0072765331128348265,-0.006145764560703704,-0.0037398574278943997,-0.0013847311288053277,0.0014800243386003942,-0.0011055407714399834,-0.00328417290905314,-0.002729258579845517,-0.003536675684940427,-0.004761033431898376,-0.0072765331128348265,-0.006145764560703704,-0.0037398574278943997,-0.0013847311288053277,0.0014800243386003942,-0.0011055407714399834,-0.00328417290905314,-0.002729258579845517,0.003655998364669344,0.00032380067081838604,-0.003536675684940427,-0.004761033431898376
13,-1.0,P_vigilance-d5-v4,vigilance,1,1,-0.010418444186958808,-0.005757589352048953,0.013369669097418324,0.003672618122479321,-0.006429411995876322,-0.0033043245657298215,-0.002749935438375317,-0.002224583554937709,-0.023788113284377133,-0.009430207474528274,-0.010418444186958808,-0.005757589352048953,0.013369669097418324,0.003672618122479321,-0.006429411995876322,-0.0033043245657298215,-0.002749935438375317,-0.002224583554937709,0.0018818185600295578,0.001938974810805405,-0.023788113284377133,-0.009430207474528274
13,0.0,P_rage-d1-v2,rage,-1,1,-0.0,0.0,-0.0,0.0,-0.0,0.0,-0.0,0.0,0.0,0.0,0.0,0.0,0.0,0.0,0.0,0.0,0.0,0.0,0.0,0.0,0.0,0.0
13,0.0,P_rage-d2-v3,rage,-1,1,-0.0,0.0,-0.0,0.0,-0.0,0.0,-0.0,0.0,0.0,0.0,0.0,0.0,0.0,0.0,0.0,0.0,0.0,0.0,0.0,0.0,0.0,0.0
13,0.0,P_rage-d3-v3,rage,-1,1,-0.0,0.0,-0.0,0.0,-0.0,0.0,-0.0,0.0,0.0,0.0,0.0,0.0,0.0,0.0,0.0,0.0,0.0,0.0,0.0,0.0,0.0,0.0
13,0.0,P_rage-d3-v4,rage,-1,1,-0.0,0.0,-0.0,0.0,-0.0,0.0,-0.0,0.0,0.0,0.0,0.0,0.0,0.0,0.0,0.0,0.0,0.0,0.0,0.0,0.0,0.0,0.0
13,0.0,P_grief-d1-v3,grief,-1,-1,-0.0,-0.0,-0.0,-0.0,-0.0,-0.0,-0.0,-0.0,0.0,0.0,0.0,0.0,0.0,0.0,0.0,0.0,0.0,0.0,0.0,0.0,0.0,0.0
13,0.0,P_grief-d1-v4,grief,-1,-1,-0.0,-0.0,-0.0,-0.0,-0.0,-0.0,-0.0,-0.0,0.0,0.0,0.0,0.0,0.0,0.0,0.0,0.0,0.0,0.0,0.0,0.0,0.0,0.0
13,0.0,P_grief-d2-v1,grief,-1,-1,-0.0,-0.0,-0.0,-0.0,-0.0,-0.0,-0.0,-0.0,0.0,0.0,0.0,0.0,0.0,0.0,0.0,0.0,0.0,0.0,0.0,0.0,0.0,0.0
13,0.0,P_grief-d2-v2,grief,-1,-1,-0.0,-0.0,-0.0,-0.0,-0.0,-0.0,-0.0,-0.0,0.0,0.0,0.0,0.0,0.0,0.0,0.0,0.0,0.0,0.0,0.0,0.0,0.0,0.0
13,0.0,P_grief-d2-v3,grief,-1,-1,-0.0,-0.0,-0.0,-0.0,-0.0,-0.0,-0.0,-0.0,0.0,0.0,0.0,0.0,0.0,0.0,0.0,0.0,0.0,0.0,0.0,0.0,0.0,0.0
13,0.0,P_grief-d2-v4,grief,-1,-1,-0.0,-0.0,-0.0,-0.0,-0.0,-0.0,-0.0,-0.0,0.0,0.0,0.0,0.0,0.0,0.0,0.0,0.0,0.0,0.0,0.0,0.0,0.0,0.0
13,0.0,P_grief-d3-v2,grief,-1,-1,-0.0,-0.0,-0.0,-0.0,-0.0,-0.0,-0.0,-0.0,0.0,0.0,0.0,0.0,0.0,0.0,0.0,0.0,0.0,0.0,0.0,0.0,0.0,0.0
13,0.0,P_grief-d3-v3,grief,-1,-1,-0.0,-0.0,-0.0,-0.0,-0.0,-0.0,-0.0,-0.0,0.0,0.0,0.0,0.0,0.0,0.0,0.0,0.0,0.0,0.0,0.0,0.0,0.0,0.0
13,0.0,P_grief-d3-v4,grief,-1,-1,-0.0,-0.0,-0.0,-0.0,-0.0,-0.0,-0.0,-0.0,0.0,0.0,0.0,0.0,0.0,0.0,0.0,0.0,0.0,0.0,0.0,0.0,0.0,0.0
13,0.0,P_terror-d1-v3,terror,-1,1,-0.0,0.0,-0.0,0.0,-0.0,0.0,-0.0,0.0,0.0,0.0,0.0,0.0,0.0,0.0,0.0,0.0,0.0,0.0,0.0,0.0,0.0,0.0
13,0.0,P_terror-d2-v3,terror,-1,1,-0.0,0.0,-0.0,0.0,-0.0,0.0,-0.0,0.0,0.0,0.0,0.0,0.0,0.0,0.0,0.0,0.0,0.0,0.0,0.0,0.0,0.0,0.0
13,0.0,P_terror-d2-v4,terror,-1,1,-0.0,0.0,-0.0,0.0,-0.0,0.0,-0.0,0.0,0.0,0.0,0.0,0.0,0.0,0.0,0.0,0.0,0.0,0.0,0.0,0.0,0.0,0.0
13,0.0,P_terror-d3-v3,terror,-1,1,-0.0,0.0,-0.0,0.0,-0.0,0.0,-0.0,0.0,0.0,0.0,0.0,0.0,0.0,0.0,0.0,0.0,0.0,0.0,0.0,0.0,0.0,0.0
13,0.0,P_terror-d3-v4,terror,-1,1,-0.0,0.0,-0.0,0.0,-0.0,0.0,-0.0,0.0,0.0,0.0,0.0,0.0,0.0,0.0,0.0,0.0,0.0,0.0,0.0,0.0,0.0,0.0
13,0.0,P_ecstasy-d1-v1,ecstasy,1,1,0.0,0.0,0.0,0.0,0.0,0.0,0.0,0.0,0.0,0.0,0.0,0.0,0.0,0.0,0.0,0.0,0.0,0.0,0.0,0.0,0.0,0.0
13,0.0,P_ecstasy-d2-v1,ecstasy,1,1,0.0,0.0,0.0,0.0,0.0,0.0,0.0,0.0,0.0,0.0,0.0,0.0,0.0,0.0,0.0,0.0,0.0,0.0,0.0,0.0,0.0,0.0
13,0.0,P_ecstasy-d2-v2,ecstasy,1,1,0.0,0.0,0.0,0.0,0.0,0.0,0.0,0.0,0.0,0.0,0.0,0.0,0.0,0.0,0.0,0.0,0.0,0.0,0.0,0.0,0.0,0.0
13,0.0,P_ecstasy-d2-v3,ecstasy,1,1,0.0,0.0,0.0,0.0,0.0,0.0,0.0,0.0,0.0,0.0,0.0,0.0,0.0,0.0,0.0,0.0,0.0,0.0,0.0,0.0,0.0,0.0
13,0.0,P_ecstasy-d2-v4,ecstasy,1,1,0.0,0.0,0.0,0.0,0.0,0.0,0.0,0.0,0.0,0.0,0.0,0.0,0.0,0.0,0.0,0.0,0.0,0.0,0.0,0.0,0.0,0.0
13,0.0,P_ecstasy-d3-v1,ecstasy,1,1,0.0,0.0,0.0,0.0,0.0,0.0,0.0,0.0,0.0,0.0,0.0,0.0,0.0,0.0,0.0,0.0,0.0,0.0,0.0,0.0,0.0,0.0
13,0.0,P_ecstasy-d3-v4,ecstasy,1,1,0.0,0.0,0.0,0.0,0.0,0.0,0.0,0.0,0.0,0.0,0.0,0.0,0.0,0.0,0.0,0.0,0.0,0.0,0.0,0.0,0.0,0.0
13,0.0,P_loathing-d1-v2,loathing,-1,1,-0.0,0.0,-0.0,0.0,-0.0,0.0,-0.0,0.0,0.0,0.0,0.0,0.0,0.0,0.0,0.0,0.0,0.0,0.0,0.0,0.0,0.0,0.0
13,0.0,P_loathing-d2-v2,loathing,-1,1,-0.0,0.0,-0.0,0.0,-0.0,0.0,-0.0,0.0,0.0,0.0,0.0,0.0,0.0,0.0,0.0,0.0,0.0,0.0,0.0,0.0,0.0,0.0
13,0.0,P_loathing-d3-v2,loathing,-1,1,-0.0,0.0,-0.0,0.0,-0.0,0.0,-0.0,0.0,0.0,0.0,0.0,0.0,0.0,0.0,0.0,0.0,0.0,0.0,0.0,0.0,0.0,0.0
13,0.0,P_loathing-d3-v3,loathing,-1,1,-0.0,0.0,-0.0,0.0,-0.0,0.0,-0.0,0.0,0.0,0.0,0.0,0.0,0.0,0.0,0.0,0.0,0.0,0.0,0.0,0.0,0.0,0.0
13,0.0,P_loathing-d3-v4,loathing,-1,1,-0.0,0.0,-0.0,0.0,-0.0,0.0,-0.0,0.0,0.0,0.0,0.0,0.0,0.0,0.0,0.0,0.0,0.0,0.0,0.0,0.0,0.0,0.0
13,0.0,P_amazement-d1-v1,amazement,1,1,0.0,0.0,0.0,0.0,0.0,0.0,0.0,0.0,0.0,0.0,0.0,0.0,0.0,0.0,0.0,0.0,0.0,0.0,0.0,0.0,0.0,0.0
13,0.0,P_amazement-d1-v2,amazement,1,1,0.0,0.0,0.0,0.0,0.0,0.0,0.0,0.0,0.0,0.0,0.0,0.0,0.0,0.0,0.0,0.0,0.0,0.0,0.0,0.0,0.0,0.0
13,0.0,P_amazement-d1-v4,amazement,1,1,0.0,0.0,0.0,0.0,0.0,0.0,0.0,0.0,0.0,0.0,0.0,0.0,0.0,0.0,0.0,0.0,0.0,0.0,0.0,0.0,0.0,0.0
13,0.0,P_amazement-d2-v1,amazement,1,1,0.0,0.0,0.0,0.0,0.0,0.0,0.0,0.0,0.0,0.0,0.0,0.0,0.0,0.0,0.0,0.0,0.0,0.0,0.0,0.0,0.0,0.0
13,0.0,P_amazement-d2-v2,amazement,1,1,0.0,0.0,0.0,0.0,0.0,0.0,0.0,0.0,0.0,0.0,0.0,0.0,0.0,0.0,0.0,0.0,0.0,0.0,0.0,0.0,0.0,0.0
13,0.0,P_amazement-d3-v2,amazement,1,1,0.0,0.0,0.0,0.0,0.0,0.0,0.0,0.0,0.0,0.0,0.0,0.0,0.0,0.0,0.0,0.0,0.0,0.0,0.0,0.0,0.0,0.0
13,0.0,P_amazement-d3-v4,amazement,1,1,0.0,0.0,0.0,0.0,0.0,0.0,0.0,0.0,0.0,0.0,0.0,0.0,0.0,0.0,0.0,0.0,0.0,0.0,0.0,0.0,0.0,0.0
13,0.0,P_admiration-d1-v1,admiration,1,1,0.0,0.0,0.0,0.0,0.0,0.0,0.0,0.0,0.0,0.0,0.0,0.0,0.0,0.0,0.0,0.0,0.0,0.0,0.0,0.0,0.0,0.0
13,0.0,P_admiration-d1-v2,admiration,1,1,0.0,0.0,0.0,0.0,0.0,0.0,0.0,0.0,0.0,0.0,0.0,0.0,0.0,0.0,0.0,0.0,0.0,0.0,0.0,0.0,0.0,0.0
13,0.0,P_admiration-d1-v3,admiration,1,1,0.0,0.0,0.0,0.0,0.0,0.0,0.0,0.0,0.0,0.0,0.0,0.0,0.0,0.0,0.0,0.0,0.0,0.0,0.0,0.0,0.0,0.0
13,0.0,P_admiration-d2-v1,admiration,1,1,0.0,0.0,0.0,0.0,0.0,0.0,0.0,0.0,0.0,0.0,0.0,0.0,0.0,0.0,0.0,0.0,0.0,0.0,0.0,0.0,0.0,0.0
13,0.0,P_admiration-d2-v2,admiration,1,1,0.0,0.0,0.0,0.0,0.0,0.0,0.0,0.0,0.0,0.0,0.0,0.0,0.0,0.0,0.0,0.0,0.0,0.0,0.0,0.0,0.0,0.0
13,0.0,P_admiration-d2-v3,admiration,1,1,0.0,0.0,0.0,0.0,0.0,0.0,0.0,0.0,0.0,0.0,0.0,0.0,0.0,0.0,0.0,0.0,0.0,0.0,0.0,0.0,0.0,0.0
13,0.0,P_vigilance-d1-v4,vigilance,1,1,0.0,0.0,0.0,0.0,0.0,0.0,0.0,0.0,0.0,0.0,0.0,0.0,0.0,0.0,0.0,0.0,0.0,0.0,0.0,0.0,0.0,0.0
13,0.0,P_vigilance-d2-v3,vigilance,1,1,0.0,0.0,0.0,0.0,0.0,0.0,0.0,0.0,0.0,0.0,0.0,0.0,0.0,0.0,0.0,0.0,0.0,0.0,0.0,0.0,0.0,0.0
13,0.0,P_vigilance-d2-v4,vigilance,1,1,0.0,0.0,0.0,0.0,0.0,0.0,0.0,0.0,0.0,0.0,0.0,0.0,0.0,0.0,0.0,0.0,0.0,0.0,0.0,0.0,0.0,0.0
13,0.0,P_vigilance-d3-v2,vigilance,1,1,0.0,0.0,0.0,0.0,0.0,0.0,0.0,0.0,0.0,0.0,0.0,0.0,0.0,0.0,0.0,0.0,0.0,0.0,0.0,0.0,0.0,0.0
13,0.0,P_vigilance-d3-v4,vigilance,1,1,0.0,0.0,0.0,0.0,0.0,0.0,0.0,0.0,0.0,0.0,0.0,0.0,0.0,0.0,0.0,0.0,0.0,0.0,0.0,0.0,0.0,0.0
13,0.0,P_rage-d4-v1,rage,-1,1,-0.0,0.0,-0.0,0.0,-0.0,0.0,-0.0,0.0,0.0,0.0,0.0,0.0,0.0,0.0,0.0,0.0,0.0,0.0,0.0,0.0,0.0,0.0
13,0.0,P_rage-d4-v2,rage,-1,1,-0.0,0.0,-0.0,0.0,-0.0,0.0,-0.0,0.0,0.0,0.0,0.0,0.0,0.0,0.0,0.0,0.0,0.0,0.0,0.0,0.0,0.0,0.0
13,0.0,P_rage-d4-v4,rage,-1,1,-0.0,0.0,-0.0,0.0,-0.0,0.0,-0.0,0.0,0.0,0.0,0.0,0.0,0.0,0.0,0.0,0.0,0.0,0.0,0.0,0.0,0.0,0.0
13,0.0,P_rage-d5-v1,rage,-1,1,-0.0,0.0,-0.0,0.0,-0.0,0.0,-0.0,0.0,0.0,0.0,0.0,0.0,0.0,0.0,0.0,0.0,0.0,0.0,0.0,0.0,0.0,0.0
13,0.0,P_rage-d5-v3,rage,-1,1,-0.0,0.0,-0.0,0.0,-0.0,0.0,-0.0,0.0,0.0,0.0,0.0,0.0,0.0,0.0,0.0,0.0,0.0,0.0,0.0,0.0,0.0,0.0
13,0.0,P_rage-d6-v2,rage,-1,1,-0.0,0.0,-0.0,0.0,-0.0,0.0,-0.0,0.0,0.0,0.0,0.0,0.0,0.0,0.0,0.0,0.0,0.0,0.0,0.0,0.0,0.0,0.0
13,0.0,P_grief-d4-v2,grief,-1,-1,-0.0,-0.0,-0.0,-0.0,-0.0,-0.0,-0.0,-0.0,0.0,0.0,0.0,0.0,0.0,0.0,0.0,0.0,0.0,0.0,0.0,0.0,0.0,0.0
13,0.0,P_grief-d4-v3,grief,-1,-1,-0.0,-0.0,-0.0,-0.0,-0.0,-0.0,-0.0,-0.0,0.0,0.0,0.0,0.0,0.0,0.0,0.0,0.0,0.0,0.0,0.0,0.0,0.0,0.0
13,0.0,P_grief-d4-v4,grief,-1,-1,-0.0,-0.0,-0.0,-0.0,-0.0,-0.0,-0.0,-0.0,0.0,0.0,0.0,0.0,0.0,0.0,0.0,0.0,0.0,0.0,0.0,0.0,0.0,0.0
13,0.0,P_grief-d5-v1,grief,-1,-1,-0.0,-0.0,-0.0,-0.0,-0.0,-0.0,-0.0,-0.0,0.0,0.0,0.0,0.0,0.0,0.0,0.0,0.0,0.0,0.0,0.0,0.0,0.0,0.0
13,0.0,P_grief-d5-v2,grief,-1,-1,-0.0,-0.0,-0.0,-0.0,-0.0,-0.0,-0.0,-0.0,0.0,0.0,0.0,0.0,0.0,0.0,0.0,0.0,0.0,0.0,0.0,0.0,0.0,0.0
13,0.0,P_grief-d5-v3,grief,-1,-1,-0.0,-0.0,-0.0,-0.0,-0.0,-0.0,-0.0,-0.0,0.0,0.0,0.0,0.0,0.0,0.0,0.0,0.0,0.0,0.0,0.0,0.0,0.0,0.0
13,0.0,P_grief-d6-v1,grief,-1,-1,-0.0,-0.0,-0.0,-0.0,-0.0,-0.0,-0.0,-0.0,0.0,0.0,0.0,0.0,0.0,0.0,0.0,0.0,0.0,0.0,0.0,0.0,0.0,0.0
13,0.0,P_grief-d6-v2,grief,-1,-1,-0.0,-0.0,-0.0,-0.0,-0.0,-0.0,-0.0,-0.0,0.0,0.0,0.0,0.0,0.0,0.0,0.0,0.0,0.0,0.0,0.0,0.0,0.0,0.0
13,0.0,P_terror-d4-v1,terror,-1,1,-0.0,0.0,-0.0,0.0,-0.0,0.0,-0.0,0.0,0.0,0.0,0.0,0.0,0.0,0.0,0.0,0.0,0.0,0.0,0.0,0.0,0.0,0.0
13,0.0,P_terror-d4-v2,terror,-1,1,-0.0,0.0,-0.0,0.0,-0.0,0.0,-0.0,0.0,0.0,0.0,0.0,0.0,0.0,0.0,0.0,0.0,0.0,0.0,0.0,0.0,0.0,0.0
13,0.0,P_terror-d4-v3,terror,-1,1,-0.0,0.0,-0.0,0.0,-0.0,0.0,-0.0,0.0,0.0,0.0,0.0,0.0,0.0,0.0,0.0,0.0,0.0,0.0,0.0,0.0,0.0,0.0
13,0.0,P_terror-d5-v1,terror,-1,1,-0.0,0.0,-0.0,0.0,-0.0,0.0,-0.0,0.0,0.0,0.0,0.0,0.0,0.0,0.0,0.0,0.0,0.0,0.0,0.0,0.0,0.0,0.0
13,0.0,P_terror-d5-v2,terror,-1,1,-0.0,0.0,-0.0,0.0,-0.0,0.0,-0.0,0.0,0.0,0.0,0.0,0.0,0.0,0.0,0.0,0.0,0.0,0.0,0.0,0.0,0.0,0.0
13,0.0,P_terror-d6-v2,terror,-1,1,-0.0,0.0,-0.0,0.0,-0.0,0.0,-0.0,0.0,0.0,0.0,0.0,0.0,0.0,0.0,0.0,0.0,0.0,0.0,0.0,0.0,0.0,0.0
13,0.0,P_ecstasy-d4-v1,ecstasy,1,1,0.0,0.0,0.0,0.0,0.0,0.0,0.0,0.0,0.0,0.0,0.0,0.0,0.0,0.0,0.0,0.0,0.0,0.0,0.0,0.0,0.0,0.0
13,0.0,P_ecstasy-d4-v3,ecstasy,1,1,0.0,0.0,0.0,0.0,0.0,0.0,0.0,0.0,0.0,0.0,0.0,0.0,0.0,0.0,0.0,0.0,0.0,0.0,0.0,0.0,0.0,0.0
13,0.0,P_ecstasy-d5-v1,ecstasy,1,1,0.0,0.0,0.0,0.0,0.0,0.0,0.0,0.0,0.0,0.0,0.0,0.0,0.0,0.0,0.0,0.0,0.0,0.0,0.0,0.0,0.0,0.0
13,0.0,P_ecstasy-d5-v2,ecstasy,1,1,0.0,0.0,0.0,0.0,0.0,0.0,0.0,0.0,0.0,0.0,0.0,0.0,0.0,0.0,0.0,0.0,0.0,0.0,0.0,0.0,0.0,0.0
13,0.0,P_ecstasy-d5-v4,ecstasy,1,1,0.0,0.0,0.0,0.0,0.0,0.0,0.0,0.0,0.0,0.0,0.0,0.0,0.0,0.0,0.0,0.0,0.0,0.0,0.0,0.0,0.0,0.0
13,0.0,P_ecstasy-d6-v1,ecstasy,1,1,0.0,0.0,0.0,0.0,0.0,0.0,0.0,0.0,0.0,0.0,0.0,0.0,0.0,0.0,0.0,0.0,0.0,0.0,0.0,0.0,0.0,0.0
13,0.0,P_ecstasy-d6-v2,ecstasy,1,1,0.0,0.0,0.0,0.0,0.0,0.0,0.0,0.0,0.0,0.0,0.0,0.0,0.0,0.0,0.0,0.0,0.0,0.0,0.0,0.0,0.0,0.0
13,0.0,P_ecstasy-d6-v3,ecstasy,1,1,0.0,0.0,0.0,0.0,0.0,0.0,0.0,0.0,0.0,0.0,0.0,0.0,0.0,0.0,0.0,0.0,0.0,0.0,0.0,0.0,0.0,0.0
13,0.0,P_loathing-d4-v1,loathing,-1,1,-0.0,0.0,-0.0,0.0,-0.0,0.0,-0.0,0.0,0.0,0.0,0.0,0.0,0.0,0.0,0.0,0.0,0.0,0.0,0.0,0.0,0.0,0.0
13,0.0,P_loathing-d5-v2,loathing,-1,1,-0.0,0.0,-0.0,0.0,-0.0,0.0,-0.0,0.0,0.0,0.0,0.0,0.0,0.0,0.0,0.0,0.0,0.0,0.0,0.0,0.0,0.0,0.0
13,0.0,P_loathing-d6-v2,loathing,-1,1,-0.0,0.0,-0.0,0.0,-0.0,0.0,-0.0,0.0,0.0,0.0,0.0,0.0,0.0,0.0,0.0,0.0,0.0,0.0,0.0,0.0,0.0,0.0
13,0.0,P_loathing-d6-v4,loathing,-1,1,-0.0,0.0,-0.0,0.0,-0.0,0.0,-0.0,0.0,0.0,0.0,0.0,0.0,0.0,0.0,0.0,0.0,0.0,0.0,0.0,0.0,0.0,0.0
13,0.0,P_amazement-d4-v1,amazement,1,1,0.0,0.0,0.0,0.0,0.0,0.0,0.0,0.0,0.0,0.0,0.0,0.0,0.0,0.0,0.0,0.0,0.0,0.0,0.0,0.0,0.0,0.0
13,0.0,P_amazement-d4-v2,amazement,1,1,0.0,0.0,0.0,0.0,0.0,0.0,0.0,0.0,0.0,0.0,0.0,0.0,0.0,0.0,0.0,0.0,0.0,0.0,0.0,0.0,0.0,0.0
13,0.0,P_amazement-d5-v2,amazement,1,1,0.0,0.0,0.0,0.0,0.0,0.0,0.0,0.0,0.0,0.0,0.0,0.0,0.0,0.0,0.0,0.0,0.0,0.0,0.0,0.0,0.0,0.0
13,0.0,P_amazement-d5-v4,amazement,1,1,0.0,0.0,0.0,0.0,0.0,0.0,0.0,0.0,0.0,0.0,0.0,0.0,0.0,0.0,0.0,0.0,0.0,0.0,0.0,0.0,0.0,0.0
13,0.0,P_amazement-d6-v1,amazement,1,1,0.0,0.0,0.0,0.0,0.0,0.0,0.0,0.0,0.0,0.0,0.0,0.0,0.0,0.0,0.0,0.0,0.0,0.0,0.0,0.0,0.0,0.0
13,0.0,P_amazement-d6-v4,amazement,1,1,0.0,0.0,0.0,0.0,0.0,0.0,0.0,0.0,0.0,0.0,0.0,0.0,0.0,0.0,0.0,0.0,0.0,0.0,0.0,0.0,0.0,0.0
13,0.0,P_admiration-d5-v1,admiration,1,1,0.0,0.0,0.0,0.0,0.0,0.0,0.0,0.0,0.0,0.0,0.0,0.0,0.0,0.0,0.0,0.0,0.0,0.0,0.0,0.0,0.0,0.0
13,0.0,P_admiration-d5-v3,admiration,1,1,0.0,0.0,0.0,0.0,0.0,0.0,0.0,0.0,0.0,0.0,0.0,0.0,0.0,0.0,0.0,0.0,0.0,0.0,0.0,0.0,0.0,0.0
13,0.0,P_admiration-d6-v1,admiration,1,1,0.0,0.0,0.0,0.0,0.0,0.0,0.0,0.0,0.0,0.0,0.0,0.0,0.0,0.0,0.0,0.0,0.0,0.0,0.0,0.0,0.0,0.0
13,0.0,P_admiration-d6-v2,admiration,1,1,0.0,0.0,0.0,0.0,0.0,0.0,0.0,0.0,0.0,0.0,0.0,0.0,0.0,0.0,0.0,0.0,0.0,0.0,0.0,0.0,0.0,0.0
13,0.0,P_admiration-d6-v3,admiration,1,1,0.0,0.0,0.0,0.0,0.0,0.0,0.0,0.0,0.0,0.0,0.0,0.0,0.0,0.0,0.0,0.0,0.0,0.0,0.0,0.0,0.0,0.0
13,0.0,P_admiration-d6-v4,admiration,1,1,0.0,0.0,0.0,0.0,0.0,0.0,0.0,0.0,0.0,0.0,0.0,0.0,0.0,0.0,0.0,0.0,0.0,0.0,0.0,0.0,0.0,0.0
13,0.0,P_vigilance-d4-v2,vigilance,1,1,0.0,0.0,0.0,0.0,0.0,0.0,0.0,0.0,0.0,0.0,0.0,0.0,0.0,0.0,0.0,0.0,0.0,0.0,0.0,0.0,0.0,0.0
13,0.0,P_vigilance-d5-v2,vigilance,1,1,0.0,0.0,0.0,0.0,0.0,0.0,0.0,0.0,0.0,0.0,0.0,0.0,0.0,0.0,0.0,0.0,0.0,0.0,0.0,0.0,0.0,0.0
13,0.0,P_vigilance-d5-v3,vigilance,1,1,0.0,0.0,0.0,0.0,0.0,0.0,0.0,0.0,0.0,0.0,0.0,0.0,0.0,0.0,0.0,0.0,0.0,0.0,0.0,0.0,0.0,0.0
13,0.0,P_vigilance-d5-v4,vigilance,1,1,0.0,0.0,0.0,0.0,0.0,0.0,0.0,0.0,0.0,0.0,0.0,0.0,0.0,0.0,0.0,0.0,0.0,0.0,0.0,0.0,0.0,0.0
13,0.5,P_rage-d1-v2,rage,-1,1,0.002367478238776144,-0.0017456562061015646,-0.006148179058790948,0.0058011334187524355,-0.01267875195417556,0.002661309698486214,-0.003404556261545899,-0.0009441380239376684,0.008515657297567092,-0.007546789624854,-0.002367478238776144,-0.0017456562061015646,0.006148179058790948,0.0058011334187524355,0.01267875195417556,0.002661309698486214,0.003404556261545899,-0.0009441380239376684,0.004059154861617564,-0.0003048026601994991,-0.008515657297567092,-0.007546789624854
13,0.5,P_rage-d2-v3,rage,-1,1,0.013994550286835938,-0.004895090535147695,0.00542296273924503,9.385837012310105e-05,0.007749244673068922,-0.0014293916344012558,0.0052286180389868875,0.0012498142390979794,0.008571587547590909,-0.004988948905270796,-0.013994550286835938,-0.004895090535147695,-0.00542296273924503,9.385837012310105e-05,-0.007749244673068922,-0.0014293916344012558,-0.0052286180389868875,0.0012498142390979794,0.005320653194102576,0.0025641959177975515,-0.008571587547590909,-0.004988948905270796
13,0.5,P_rage-d3-v3,rage,-1,1,0.024117043720390363,-0.007211539276251955,0.004259167151440479,-0.0019187431580540704,0.006606059283515542,-0.0016904330609168738,0.00976304758614166,-0.003723568781765607,0.019857876568949884,-0.005292796118197884,-0.024117043720390363,-0.007211539276251955,-0.004259167151440479,-0.0019187431580540704,-0.006606059283515542,-0.0016904330609168738,-0.00976304758614166,-0.003723568781765607,0.0017474212145600632,-0.00026956883716966473,-0.019857876568949884,-0.005292796118197884
13,0.5,P_rage-d3-v4,rage,-1,1,0.0041987154257805415,-0.0002932544093674494,0.002785423075065019,-0.0006289173441391682,0.005373310145292187,-6.257862873582098e-05,0.00036004105776221706,-0.0015051520084061742,0.0014132923507155226,0.0003356629347717188,-0.0041987154257805415,-0.0002932544093674494,-0.002785423075065019,-0.0006289173441391682,-0.005373310145292187,-6.257862873582098e-05,-0.00036004105776221706,-0.0015051520084061742,-0.010383991728191155,-0.004471143468823602,-0.0014132923507155226,0.0003356629347717188
13,0.5,P_grief-d1-v3,grief,-1,-1,-0.005940732219364087,-0.004088362746268892,-0.015561171637307858,-0.008134808934286752,-0.0009021996328728576,-0.0017628556152446961,-0.00869368659669334,-0.004215535895441214,0.009620439417943771,0.00404644618801786,0.005940732219364087,0.004088362746268892,0.015561171637307858,0.008134808934286752,0.0009021996328728576,0.0017628556152446961,0.00869368659669334,0.004215535895441214,0.00994100168966483,0.00501672035037215,-0.009620439417943771,-0.00404644618801786
13,0.5,P_grief-d1-v4,grief,-1,-1,0.01987107321242032,0.0036744688444949603,0.019877479309108104,0.003482703616260352,0.011615306958884908,0.00018769564180676213,0.02674505122552162,0.007078052780551403,-6.406096687783247e-06,0.0001917652282346083,-0.01987107321242032,-0.0036744688444949603,-0.019877479309108104,-0.003482703616260352,-0.011615306958884908,-0.00018769564180676213,-0.02674505122552162,-0.007078052780551403,-0.019131281478493634,-0.002064015367216676,6.406096687783247e-06,-0.0001917652282346083
13,0.5,P_grief-d2-v1,grief,-1,-1,-0.004094325420994416,-0.002986017796681395,0.010014477719547443,0.0035340513817363473,-0.005759857010843028,-0.00278651648109296,0.012248352825706466,0.0016730092582877276,-0.014108803140541859,-0.006520069178417742,0.004094325420994416,0.002986017796681395,-0.010014477719547443,-0.0035340513817363473,0.005759857010843028,0.00278651648109296,-0.012248352825706466,-0.0016730092582877276,-0.011790336907034682,-0.0033042462014645224,0.014108803140541859,0.006520069178417742
13,0.5,P_grief-d2-v2,grief,-1,-1,-0.01656372931260286,-0.008320098933118913,-0.0075662985711453246,-0.004047549272021556,-0.0047567861347666,-0.0033347134671055656,-0.022096102721629318,-0.00982559644240144,-0.008997430741457535,-0.004272549661097358,0.01656372931260286,0.008320098933118913,0.0075662985711453246,0.004047549272021556,0.0047567861347666,0.0033347134671055656,0.022096102721629318,0.00982559644240144,0.002403774142763382,0.0018042207755226691,0.008997430741457535,0.004272549661097358
13,0.5,P_grief-d2-v3,grief,-1,-1,0.005877753815092035,-0.000665415499047306,-0.003583987031573699,-0.002735543693708209,-0.013100374318702812,-0.004533948648789199,-0.002303317734171806,-0.0024954905184757514,0.009461740846665734,0.002070128194660903,-0.005877753815092035,0.000665415499047306,0.003583987031573699,0.002735543693708209,0.013100374318702812,0.004533948648789199,0.002303317734171806,0.0024954905184757514,0.007989933303734986,0.005387182115732969,-0.009461740846665734,-0.002070128194660903
13,0.5,P_grief-d2-v4,grief,-1,-1,0.011960638060193318,0.004807304891620845,-0.006040219376857614,-0.0015516632086338689,0.01123894640509615,0.002600189323207047,0.03175127254444998,0.012979671427513217,0.018000857437050932,0.006358968100254714,-0.011960638060193318,-0.004807304891620845,0.006040219376857614,0.0015516632086338689,-0.01123894640509615,-0.002600189323207047,-0.03175127254444998,-0.012979671427513217,-0.009537839985339414,-0.0005718552631912566,-0.018000857437050932,-0.006358968100254714
13,0.5,P_grief-d3-v2,grief,-1,-1,0.0046739612333883684,0.0007240662900027672,0.009685701992909301,-0.0002833469631911001,-0.0030660166070441974,-0.001156124269586556,-0.0031462100085746236,-0.002229913912750625,-0.005011740759520933,0.0010074132531938673,-0.0046739612333883684,-0.0007240662900027672,-0.009685701992909301,0.0002833469631911001,0.0030660166070441974,0.001156124269586556,0.0031462100085746236,0.002229913912750625,0.016265531614537032,0.006844699928864717,0.005011740759520933,-0.0010074132531938673
13,0.5,P_grief-d3-v3,grief,-1,-1,-0.005219073414727049,-0.0026570340644385126,-0.011661608806790014,-0.0038047252383197616,-0.0006918324704860979,-0.0004790427315128909,-0.000721481958142256,-0.0028096334791549715,0.006442535392062965,0.001147691173881249,0.005219073414727049,0.0026570340644385126,0.011661608806790014,0.0038047252383197616,0.0006918324704860979,0.0004790427315128909,0.000721481958142256,0.0028096334791549715,-0.001303474326318721,-0.000502975893008184,-0.006442535392062965,-0.001147691173881249
13,0.5,P_grief-d3-v4,grief,-1,-1,-0.005490540969468327,-0.004562276137008325,0.0077241507549867805,0.0006661915737353752,-0.004471325588035313,-0.0010516296430118643,-0.007557344586344161,-0.0035290414774404866,-0.013214691724455108,-0.0052284677107437005,0.005490540969468327,0.004562276137008325,-0.0077241507549867805,-0.0006661915737353752,0.004471325588035313,0.0010516296430118643,0.007557344586344161,0.0035290414774404866,0.0012053019561046874,0.0004648293024578365,0.013214691724455108,0.0052284677107437005
13,0.5,P_terror-d1-v3,terror,-1,1,-0.025366012541826244,0.013452250039935443,-0.003124902047687783,0.002459119074187832,-0.018347310663116012,0.009980761856949627,-0.017224045558056122,0.007329324035570739,-0.02224111049413846,0.01099313096574761,0.025366012541826244,0.013452250039935443,0.003124902047687783,0.002459119074187832,0.018347310663116012,0.009980761856949627,0.017224045558056122,0.007329324035570739,0.0144436374698107,0.004274027831162375,0.02224111049413846,0.01099313096574761
13,0.5,P_terror-d2-v3,terror,-1,1,-0.004430064516039778,0.005069701203197496,-0.006181571152454879,0.002709028110672307,-0.009476160021799629,0.004088833919840162,-0.009424130410681464,0.006731904915905584,0.001751506636415101,0.0023606730925251895,0.004430064516039778,0.005069701203197496,0.006181571152454879,0.002709028110672307,0.009476160021799629,0.004088833919840162,0.009424130410681464,0.006731904915905584,0.005948749259631736,0.0040152371143857835,-0.001751506636415101,0.0023606730925251895
13,0.5,P_terror-d2-v4,terror,-1,1,0.0144470685528848,-0.004340771751683903,0.00119982351200143,0.002257590398593301,0.016162939520232733,-0.003344195965051533,0.012024440357908617,-0.002694355161068529,0.01324724504088337,-0.006598362150277204,-0.0144470685528848,-0.004340771751683903,-0.00119982351200143,0.002257590398593301,-0.016162939520232733,-0.003344195965051533,-0.012024440357908617,-0.002694355161068529,-0.022767693013189927,-0.009218049205028223,-0.01324724504088337,-0.006598362150277204
13,0.5,P_terror-d3-v3,terror,-1,1,-0.0015147376490531883,0.001483806861122261,0.008775358810364509,-0.0013263257097833048,0.011848417923369325,-0.0036089811882229483,-0.005798373833704851,0.003452080008668368,-0.010290096459417697,0.002810132570905566,0.0015147376490531883,0.001483806861122261,-0.008775358810364509,-0.0013263257097833048,-0.011848417923369325,-0.0036089811882229483,0.005798373833704851,0.003452080008668368,0.003620524355149257,0.0018291407432409201,0.010290096459417697,0.002810132570905566
13,0.5,P_terror-d3-v4,terror,-1,1,-0.010868918212040057,0.007690054018708814,0.0036927978381005033,0.0007994121876198079,-0.012300152682707122,0.007443860225488486,-0.010830960893043695,0.008033468593626747,-0.01456171605014056,0.006890641831089006,0.010868918212040057,0.007690054018708814,-0.0036927978381005033,0.0007994121876198079,0.012300152682707122,0.007443860225488486,0.010830960893043695,0.008033468593626747,0.012451777654699292,0.007572735201292424,0.01456171605014056,0.006890641831089006
13,0.5,P_ecstasy-d1-v1,ecstasy,1,1,0.029990276491014267,0.018785792725083184,-0.002511075664501039,0.0005726281929225863,0.025233223121032378,0.011794989129301214,0.014253452042377823,0.011422551271075054,0.032501352155515306,0.018213164532160597,0.029990276491014267,0.018785792725083184,-0.002511075664501039,0.0005726281929225863,0.025233223121032378,0.011794989129301214,0.014253452042377823,0.011422551271075054,0.010942023771438159,0.009126412935656969,0.032501352155515306,0.018213164532160597
13,0.5,P_ecstasy-d2-v1,ecstasy,1,1,0.0014032559442820336,0.001153682031972636,0.003659020317899664,0.0042486284540235175,-0.0003216898426399162,-0.00019306806607488625,-0.0035672961643369305,-0.0014385355348798257,-0.0022557643736176303,-0.0030949464220508816,0.0014032559442820336,0.001153682031972636,0.003659020317899664,0.0042486284540235175,-0.0003216898426399162,-0.00019306806607488625,-0.0035672961643369305,-0.0014385355348798257,-0.000967313799951075,-0.002223361010292635,-0.0022557643736176303,-0.0030949464220508816
13,0.5,P_ecstasy-d2-v2,ecstasy,1,1,-0.011796038526888708,-0.0006002116599201912,-0.019364713707187953,-0.002031476421038292,-0.004228902536162593,0.002511637647657494,-0.004304177582081348,-0.0007849679171059165,0.007568675180299245,0.0014312647611181006,-0.011796038526888708,-0.0006002116599201912,-0.019364713707187953,-0.002031476421038292,-0.004228902536162593,0.002511637647657494,-0.004304177582081348,-0.0007849679171059165,-0.0187102534339485,-0.004795289710562756,0.007568675180299245,0.0014312647611181006
13,0.5,P_ecstasy-d2-v3,ecstasy,1,1,0.0019505660284391269,-0.0006326731058834412,-0.004510989285439138,-0.0016473968543602169,-0.0027395005693202634,6.125943638757292e-05,-0.007987548865837635,-0.0011359810756923494,0.006461555313878264,0.0010147237484767757,0.0019505660284391269,-0.0006326731058834412,-0.004510989285439138,-0.0016473968543602169,-0.0027395005693202634,6.125943638757292e-05,-0.007987548865837635,-0.0011359810756923494,0.0012331812999661906,0.0030798096538844355,0.006461555313878264,0.0010147237484767757
13,0.5,P_ecstasy-d2-v4,ecstasy,1,1,-0.017025343550352012,-0.006358805634716802,-0.017330173430977425,-0.007139932943055705,-0.01264651134900241,-0.0033801059896019225,-0.004827263340364318,-0.0010522696413968191,0.0003048298806254124,0.0007811273083389025,-0.017025343550352012,-0.006358805634716802,-0.017330173430977425,-0.007139932943055705,-0.01264651134900241,-0.0033801059896019225,-0.004827263340364318,-0.0010522696413968191,0.006492171689684412,0.004514532299561225,0.0003048298806254124,0.0007811273083389025
13,0.5,P_ecstasy-d3-v1,ecstasy,1,1,0.008242344938970803,0.003107107161302025,-0.004381442821721038,-0.0007996269647714271,-4.863855452974519e-05,0.00313190022111165,2.9182807794292387e-05,0.0024312327232483,0.01262378776069184,0.003906734126073452,0.008242344938970803,0.003107107161302025,-0.004381442821721038,-0.0007996269647714271,-4.863855452974519e-05,0.00313190022111165,2.9182807794292387e-05,0.0024312327232483,0.003525371552909995,0.004239547167057545,0.01262378776069184,0.003906734126073452
13,0.5,P_ecstasy-d3-v4,ecstasy,1,1,-0.00986802152439914,-0.002604841905376354,-0.008049407970713851,-0.002798310242655866,-0.0016785728239510078,-0.0009240961937502234,-0.009875593443369635,-0.0007770955708514826,-0.0018186135536852888,0.00019346833727951207,-0.00986802152439914,-0.002604841905376354,-0.008049407970713851,-0.002798310242655866,-0.0016785728239510078,-0.0009240961937502234,-0.009875593443369635,-0.0007770955708514826,0.0009496186319077893,0.0013368237381738979,-0.0018186135536852888,0.00019346833727951207
13,0.5,P_loathing-d1-v2,loathing,-1,1,0.009176054749739038,-0.0022067271039611924,-0.0005487296292558952,-0.0006834531355801587,0.0005003172632846997,0.0003347704754315117,0.003885253008106826,0.0009846985467305558,0.009724784378994933,-0.0015232739683810337,-0.009176054749739038,-0.0022067271039611924,0.0005487296292558952,-0.0006834531355801587,-0.0005003172632846997,0.0003347704754315117,-0.003885253008106826,0.0009846985467305558,-0.0034792459035943857,0.0003775842186022338,-0.009724784378994933,-0.0015232739683810337
13,0.5,P_loathing-d2-v2,loathing,-1,1,-0.009525770102416509,0.006767997790747771,0.008255910697428703,-0.0019488002582948027,-0.0020935889683491027,0.0032082968603397433,-0.00932135903081921,0.0027454310097230206,-0.017781680799845212,0.008716798049042573,0.009525770102416509,0.006767997790747771,-0.008255910697428703,-0.0019488002582948027,0.0020935889683491027,0.0032082968603397433,0.00932135903081921,0.0027454310097230206,0.01739830468091963,0.004470060839730561,0.017781680799845212,0.008716798049042573
13,0.5,P_loathing-d3-v2,loathing,-1,1,-0.007567918125822359,0.0014578026257368037,0.018061506769790903,-0.005264968719670193,-0.005222176871769957,0.0011397036107068104,0.0022352265461798027,0.0017792327535910424,-0.025629424895613262,0.006722771345406997,0.007567918125822359,0.0014578026257368037,-0.018061506769790903,-0.005264968719670193,0.005222176871769957,0.0011397036107068104,-0.0022352265461798027,0.0017792327535910424,-0.0009827393886849833,-2.80283584999097e-05,0.025629424895613262,0.006722771345406997
13,0.5,P_loathing-d3-v3,loathing,-1,1,-0.00022653226054814013,0.0012944417331555158,0.0009460119576747417,0.0002841393527566183,0.0018104801177694085,-0.00034104849079330535,0.0037798355245470816,-0.0013773850543601363,-0.0011725442182228818,0.0010103023803988975,0.00022653226054814013,0.0012944417331555158,-0.0009460119576747417,0.0002841393527566183,-0.0018104801177694085,-0.00034104849079330535,-0.0037798355245470816,-0.0013773850543601363,-0.0073118306222452745,-0.004989567605159895,0.0011725442182228818,0.0010103023803988975
13,0.5,P_loathing-d3-v4,loathing,-1,1,-0.0052541477272463055,0.004427641090748224,-0.013220493703866687,0.006025019763292505,0.0074899959196237376,-0.0018352489641362268,0.0006561369506270509,0.0018492086229411342,0.007966345976620381,-0.0015973786725442807,0.0052541477272463055,0.004427641090748224,0.013220493703866687,0.006025019763292505,-0.0074899959196237376,-0.0018352489641362268,-0.0006561369506270509,0.0018492086229411342,-0.0176643498438267,-0.0050613734312436875,-0.007966345976620381,-0.0015973786725442807
13,0.5,P_amazement-d1-v1,amazement,1,1,0.006917970215631897,0.002552016991552719,-0.0006034355759849674,0.00023286379529086076,0.018476799338372984,0.008495178710628437,-0.003898229436092304,0.001235091668703614,0.007521405791616864,0.0023191531962618583,0.006917970215631897,0.002552016991552719,-0.0006034355759849674,0.00023286379529086076,0.018476799338372984,0.008495178710628437,-0.003898229436092304,0.001235091668703614,0.010436252884304054,0.007370009454731985,0.007521405791616864,0.0023191531962618583
13,0.5,P_amazement-d1-v2,amazement,1,1,-0.012134964454434183,-0.002278390935106067,-0.005536154531070814,-0.0005970401609269871,0.0016341126006302886,0.0022176269405767,-0.003195669122285416,0.000982835654900427,-0.006598809923363369,-0.00168135077417908,-0.012134964454434183,-0.002278390935106067,-0.005536154531070814,-0.0005970401609269871,0.0016341126006302886,0.0022176269405767,-0.003195669122285416,0.000982835654900427,-1.34822822617231e-05,0.00167649084587973,-0.006598809923363369,-0.00168135077417908
13,0.5,P_amazement-d1-v4,amazement,1,1,-0.011298983826936393,-0.0033031152239200168,0.010734836300229311,0.007325786413059809,0.0020175417784527028,0.0038029065254647776,-0.006317775580364504,-0.0010056741604911323,-0.022033820127165704,-0.010628901636979826,-0.011298983826936393,-0.0033031152239200168,0.010734836300229311,0.007325786413059809,0.0020175417784527028,0.0038029065254647776,-0.006317775580364504,-0.0010056741604911323,0.00602290270297523,0.005121476637509836,-0.022033820127165704,-0.010628901636979826
13,0.5,P_amazement-d2-v1,amazement,1,1,-0.003235403343526677,0.0002077279084096162,-0.005390716627951875,-0.0016461380875361087,0.0024653353706227676,0.0012371542653903944,0.0023091547889171338,0.004185456165966883,0.0021553132844251977,0.0018538659959457249,-0.003235403343526677,0.0002077279084096162,-0.005390716627951875,-0.0016461380875361087,0.0024653353706227676,0.0012371542653903944,0.0023091547889171338,0.004185456165966883,0.004085402081334344,0.004133216884298463,0.0021553132844251977,0.0018538659959457249
13,0.5,P_amazement-d2-v2,amazement,1,1,0.0162626641824124,0.0132273325419483,0.00176441463491539,0.0030446348068187135,0.007919558183576925,0.006797179233004158,0.0030606827875594433,0.006549585352384479,0.01449824954749701,0.010182697735129587,0.0162626641824124,0.0132273325419483,0.00176441463491539,0.0030446348068187135,0.007919558183576925,0.006797179233004158,0.0030606827875594433,0.006549585352384479,-0.006139155410539221,-0.000545720888106338,0.01449824954749701,0.010182697735129587
13,0.5,P_amazement-d3-v2,amazement,1,1,0.01787653509716236,0.008024669176488253,0.010782389705580542,0.004493253646574935,0.024303714815888,0.007797009036750069,0.0033026264841184982,0.0037303792425911197,0.007094145391581819,0.0035314155299133176,0.01787653509716236,0.008024669176488253,0.010782389705580542,0.004493253646574935,0.024303714815888,0.007797009036750069,0.0033026264841184982,0.0037303792425911197,0.0021643371301340864,-0.0006630881692277768,0.007094145391581819,0.0035314155299133176
13,0.5,P_amazement-d3-v4,amazement,1,1,0.014680491108084226,0.008908000567510399,0.006842976997349481,0.005262315362626779,0.008379201866448582,0.0030744543337757335,-0.001810613912468284,0.003364795990528524,0.007837514110734745,0.0036456852048836197,0.014680491108084226,0.008908000567510399,0.006842976997349481,0.005262315362626779,0.008379201866448582,0.0030744543337757335,-0.001810613912468284,0.003364795990528524,-0.011478491271176505,-0.0028841353209787535,0.007837514110734745,0.0036456852048836197
13,0.5,P_admiration-d1-v1,admiration,1,1,-0.0023238569568553302,0.0024257591678820134,0.010041355853656064,0.005192978576134877,0.008580038782027621,0.0060428992902439305,-0.009079037154828384,0.0005901453170857884,-0.012365212810511395,-0.0027672194082528634,-0.0023238569568553302,0.0024257591678820134,0.010041355853656064,0.005192978576134877,0.008580038782027621,0.0060428992902439305,-0.009079037154828384,0.0005901453170857884,0.0010722465409296333,0.0027164427833725746,-0.012365212810511395,-0.0027672194082528634
13,0.5,P_admiration-d1-v2,admiration,1,1,0.006111108837422385,0.005642136048487956,-0.007988906807901763,-0.002070418921881867,0.0005904515575707592,0.003327411070626951,0.011742418941791843,0.00600146929845824,0.014100015645324149,0.007712554970369823,0.006111108837422385,0.005642136048487956,-0.007988906807901763,-0.002070418921881867,0.0005904515575707592,0.003327411070626951,0.011742418941791843,0.00600146929845824,-0.0019352603644517963,-0.0006604573417048343,0.014100015645324149,0.007712554970369823
13,0.5,P_admiration-d1-v3,admiration,1,1,-0.010934007652231514,-0.0012354330627184495,0.002277340332121902,0.0013575083995212012,0.00010542842794158958,0.002129631336080351,-0.004526674563763322,0.0038341454055927926,-0.013211347984353417,-0.0025929414622396507,-0.010934007652231514,-0.0012354330627184495,0.002277340332121902,0.0013575083995212012,0.00010542842794158958,0.002129631336080351,-0.004526674563763322,0.0038341454055927926,-0.0013048645865119113,0.000509266910376116,-0.013211347984353417,-0.0025929414622396507
13,0.5,P_admiration-d2-v1,admiration,1,1,0.01642020885266593,0.009162607519185073,0.0044376074720462455,0.0028487608749028226,0.020330175957526286,0.008695437950946072,-0.0004053467112363762,0.003219014156714106,0.011982601380619684,0.0063138466442822505,0.01642020885266593,0.009162607519185073,0.0044376074720462455,0.0028487608749028226,0.020330175957526286,0.008695437950946072,-0.0004053467112363762,0.003219014156714106,0.014252168929536957,0.008632898484489004,0.011982601380619684,0.0063138466442822505
13,0.5,P_admiration-d2-v2,admiration,1,1,-0.0007338230817479641,0.0028920888038967973,0.0011680819834944955,0.0025168057428732737,-0.010245968916961168,-0.0022336867475818423,-0.015578604864090906,-0.004434833341083078,-0.0019019050652424596,0.0003752830610235236,-0.0007338230817479641,0.0028920888038967973,0.0011680819834944955,0.0025168057428732737,-0.010245968916961168,-0.0022336867475818423,-0.015578604864090906,-0.004434833341083078,-0.018630231545240683,-0.007725468256511103,-0.0019019050652424596,0.0003752830610235236
13,0.5,P_admiration-d2-v3,admiration,1,1,0.0049301410058166795,0.0006613555449055397,0.008417116161199445,0.0028319209245530885,-0.011927118340652854,-0.006360880524383106,-0.016075855821038765,-0.005182866795666818,-0.0034869751553827655,-0.002170565379647549,0.0049301410058166795,0.0006613555449055397,0.008417116161199445,0.0028319209245530885,-0.011927118340652854,-0.006360880524383106,-0.016075855821038765,-0.005182866795666818,-0.023913744630222666,-0.01219602882937032,-0.0034869751553827655,-0.002170565379647549
13,0.5,P_vigilance-d1-v4,vigilance,1,1,-0.028796736948105917,-0.011778287818220434,-0.009139160416966163,-0.005796362276966782,-0.005857993961097208,0.00040479167874174493,-0.03449021152450982,-0.012948385179528898,-0.019657576531139753,-0.005981925541253652,-0.028796736948105917,-0.011778287818220434,-0.009139160416966163,-0.005796362276966782,-0.005857993961097208,0.00040479167874174493,-0.03449021152450982,-0.012948385179528898,-0.013592219857685883,-0.002952059238316096,-0.019657576531139753,-0.005981925541253652
13,0.5,P_vigilance-d2-v3,vigilance,1,1,-0.009036034988882946,-0.003538919461776757,-0.014271803925801407,-0.004493171216337188,-0.007716544449462681,-0.0029229598798874434,-0.0027371223072525375,-0.00012476274095263307,0.005235768936918461,0.0009542517545604312,-0.009036034988882946,-0.003538919461776757,-0.014271803925801407,-0.004493171216337188,-0.007716544449462681,-0.0029229598798874434,-0.0027371223072525375,-0.00012476274095263307,-0.006602642154784899,-0.0022108361630164275,0.005235768936918461,0.0009542517545604312
13,0.5,P_vigilance-d2-v4,vigilance,1,1,-0.00652437548994822,-0.002601004936578555,-0.0006740889249403637,-0.0002711316701615729,-0.005585262708216909,-0.0023933875234387614,-0.018514205057033273,-0.0035087227080072836,-0.005850286565007856,-0.002329873266416982,-0.00652437548994822,-0.002601004936578555,-0.0006740889249403637,-0.0002711316701615729,-0.005585262708216909,-0.0023933875234387614,-0.018514205057033273,-0.0035087227080072836,-0.015300761832509835,-0.002237698134333499,-0.005850286565007856,-0.002329873266416982
13,0.5,P_vigilance-d3-v2,vigilance,1,1,-0.010522630475463757,-0.0011697414618740964,-0.0007691893893424506,-9.367421600714465e-05,-0.0019821469445684414,0.0006351085041362836,0.005106317229180313,0.004416852494589563,-0.009753441086121306,-0.0010760672458669518,-0.010522630475463757,-0.0011697414618740964,-0.0007691893893424506,-9.367421600714465e-05,-0.0019821469445684414,0.0006351085041362836,0.005106317229180313,0.004416852494589563,0.008994438775275171,0.004012829007733032,-0.009753441086121306,-0.0010760672458669518
13,0.5,P_vigilance-d3-v4,vigilance,1,1,0.006090379256710854,0.003144555489771328,0.005904667093032501,0.0031928494388147044,0.011528443960441948,0.005582240758672974,0.0025997180971750744,0.004802154168149109,0.0001857121636783532,-4.829394904337647e-05,0.006090379256710854,0.003144555489771328,0.005904667093032501,0.0031928494388147044,0.011528443960441948,0.005582240758672974,0.0025997180971750744,0.004802154168149109,0.001587685878273959,0.0008849526012912889,0.0001857121636783532,-4.829394904337647e-05
13,0.5,P_rage-d4-v1,rage,-1,1,-0.010260541553688718,0.005079869426047878,-0.004892521958301366,0.0017799139521326168,-0.01582687727030674,0.006843917723079684,-0.011437409652052644,0.006930105082227911,-0.005368019595387352,0.0032999554739152615,0.010260541553688718,0.005079869426047878,0.004892521958301366,0.0017799139521326168,0.01582687727030674,0.006843917723079684,0.011437409652052644,0.006930105082227911,0.01643710696361822,0.00798706935885063,0.005368019595387352,0.0032999554739152615
13,0.5,P_rage-d4-v2,rage,-1,1,-0.024075801878042036,0.012393117924298203,-0.013473000487516096,0.0074486035601122325,-0.011990092417910603,0.005188146703627439,-0.010294345194524546,0.006644579601684075,-0.01060280139052594,0.00494451436418597,0.024075801878042036,0.012393117924298203,0.013473000487516096,0.0074486035601122325,0.011990092417910603,0.005188146703627439,0.010294345194524546,0.006644579601684075,0.010778195628599274,0.005632235900752569,0.01060280139052594,0.00494451436418597
13,0.5,P_rage-d4-v4,rage,-1,1,0.008818221346970745,-0.00464701528174416,0.0073222089131110835,-0.0034106086350700338,0.002992196414817627,-0.0018460651968972286,0.01112657934566208,-0.005650625032574297,0.0014960124338596614,-0.0012364066466741264,-0.008818221346970745,-0.00464701528174416,-0.0073222089131110835,-0.0034106086350700338,-0.002992196414817627,-0.0018460651968972286,-0.01112657934566208,-0.005650625032574297,0.005906563136917953,0.0019479285728492002,-0.0014960124338596614,-0.0012364066466741264
13,0.5,P_rage-d5-v1,rage,-1,1,-0.006868082956263066,0.005034131852402979,-0.003000481681592504,0.003690472091596675,-0.006532836003479758,0.0033091929482056415,-0.00913986770014219,0.0036596644251973842,-0.0038676012746705624,0.001343659760806304,0.006868082956263066,0.005034131852402979,0.003000481681592504,0.003690472091596675,0.006532836003479758,0.0033091929482056415,0.00913986770014219,0.0036596644251973842,0.008710019302298644,0.004139541265123725,0.0038676012746705624,0.001343659760806304
13,0.5,P_rage-d5-v3,rage,-1,1,-0.014029892715909043,0.0039332558683309315,-0.001157854482108256,0.0011088317255083524,-0.010244632821616584,-6.692413675857267e-05,-0.003866647062786832,0.0014805670704589602,-0.012872038233800787,0.002824424142822579,0.014029892715909043,0.0039332558683309315,0.001157854482108256,0.0011088317255083524,0.010244632821616584,-6.692413675857267e-05,0.003866647062786832,0.0014805670704589602,0.004660013330250123,-0.0009585431076843953,0.012872038233800787,0.002824424142822579
13,0.5,P_rage-d6-v2,rage,-1,1,0.0011464486628192105,-0.000824979597261688,-0.009210699372042441,0.003310013692127356,0.0014686361736293563,-0.0013794130493192114,0.006803507849965307,-0.0016489357591509268,0.010357148034861652,-0.004134993289389044,-0.0011464486628192105,-0.000824979597261688,0.009210699372042441,0.003310013692127356,-0.0014686361736293563,-0.0013794130493192114,-0.006803507849965307,-0.0016489357591509268,0.004876669906972886,0.000672786393902669,-0.010357148034861652,-0.004134993289389044
13,0.5,P_grief-d4-v2,grief,-1,-1,0.004253098901663144,0.0021596316549130634,-0.0044394418061397545,-0.003817924885043844,0.007588960387388433,0.0041878348608213045,-0.002122549858612821,-0.002085436662076834,0.008692540707802898,0.0059775565399569075,-0.004253098901663144,-0.0021596316549130634,0.0044394418061397545,0.003817924885043844,-0.007588960387388433,-0.0041878348608213045,0.002122549858612821,0.002085436662076834,0.009690735994491106,0.00534581315377558,-0.008692540707802898,-0.0059775565399569075
13,0.5,P_grief-d4-v3,grief,-1,-1,-0.014223246223514785,-0.006974692058698828,0.012075473420335214,0.0034782694382933244,-0.0028816274379970253,-0.0013311966777500572,-0.0170513801974832,-0.006005907325978388,-0.02629871964385,-0.010452961496992152,0.014223246223514785,0.006974692058698828,-0.012075473420335214,-0.0034782694382933244,0.0028816274379970253,0.0013311966777500572,0.0170513801974832,0.006005907325978388,0.013859815665386854,0.005783356328676437,0.02629871964385,0.010452961496992152
13,0.5,P_grief-d4-v4,grief,-1,-1,-0.013241513561422558,-0.008776436664201803,-0.0036394500405902974,-0.0023035004724691888,-0.003443977629726369,-0.0024232180311969387,-0.0043161363782582285,-0.002094843428860571,-0.00960206352083226,-0.0064729361917326145,0.013241513561422558,0.008776436664201803,0.0036394500405902974,0.0023035004724691888,0.003443977629726369,0.0024232180311969387,0.0043161363782582285,0.002094843428860571,0.005726873251386877,0.0015791193196612596,0.00960206352083226,0.0064729361917326145
13,0.5,P_grief-d5-v1,grief,-1,-1,0.004127072303296231,-0.00041760857873462953,-0.007330977692374674,-0.0053797078883750515,-0.004574458091609834,-0.0036902914969108025,-0.004175482050396084,-0.0020362553725172816,0.011458049995670905,0.004962099309640422,-0.004127072303296231,0.00041760857873462953,0.007330977692374674,0.0053797078883750515,0.004574458091609834,0.0036902914969108025,0.004175482050396084,0.0020362553725172816,0.0027671967577003187,-0.0003776258685688205,-0.011458049995670905,-0.004962099309640422
13,0.5,P_grief-d5-v2,grief,-1,-1,0.006247852108759666,0.0016860539780489958,0.0013196837672007078,-0.001486326712962338,-0.0024935915247192852,-0.0023152614554868833,0.0012067448768089406,-0.0018824094799110291,0.004928168341558958,0.003172380691011334,-0.006247852108759666,-0.0016860539780489958,-0.0013196837672007078,0.001486326712962338,0.0024935915247192852,0.0023152614554868833,-0.0012067448768089406,0.0018824094799110291,-0.0022494833714179485,0.0013976527433978703,-0.004928168341558958,-0.003172380691011334
13,0.5,P_grief-d5-v3,grief,-1,-1,0.0021829261913692832,0.0018375147054410235,-0.01259121477291636,-0.0022560604721215682,-0.0015106236482864688,0.0004387652685675647,0.0008407520921984712,-0.0006752050521865449,0.014774140964285642,0.004093575177562592,-0.0021829261913692832,-0.0018375147054410235,0.01259121477291636,0.0022560604721215682,0.0015106236482864688,-0.0004387652685675647,-0.0008407520921984712,0.0006752050521865449,0.002387879643563906,0.0012283527809811012,-0.014774140964285642,-0.004093575177562592
13,0.5,P_grief-d6-v1,grief,-1,-1,-0.004598943348399942,-0.002719788558319003,-0.004751159416716,-0.003400854670307041,-0.009643303876084808,-0.0036051798113234668,-0.009225113035418175,-0.003825147639866522,0.00015221606831605783,0.0006810661119880379,0.004598943348399942,0.002719788558319003,0.004751159416716,0.003400854670307041,0.009643303876084808,0.0036051798113234668,0.009225113035418175,0.003825147639866522,0.004999361319122819,0.0014561437360427476,-0.00015221606831605783,-0.0006810661119880379
13,0.5,P_grief-d6-v2,grief,-1,-1,0.006466169803331923,-0.00027153413604885657,0.011516724547949941,0.0033410650539380526,0.0017203062565682714,-0.0016420454825096797,-0.0035745904924979754,-0.003516117658844742,-0.005050554744618019,-0.003612599189986909,-0.006466169803331923,0.00027153413604885657,-0.011516724547949941,-0.0033410650539380526,-0.0017203062565682714,0.0016420454825096797,0.0035745904924979754,0.003516117658844742,0.004621096501336908,0.001514833479681954,0.005050554744618019,0.003612599189986909
13,0.5,P_terror-d4-v1,terror,-1,1,-0.012085164337499954,0.0021436357421382723,-0.00556733544036625,0.0012775353806890877,-0.0010124790833359043,0.0005470946692236467,0.008373850360656743,-0.001431062019857432,-0.006517828897133704,0.0008661003614491847,0.012085164337499954,0.0021436357421382723,0.00556733544036625,0.0012775353806890877,0.0010124790833359043,0.0005470946692236467,-0.008373850360656743,-0.001431062019857432,-0.004988389829205353,-0.0014757222554386829,0.006517828897133704,0.0008661003614491847
13,0.5,P_terror-d4-v2,terror,-1,1,-0.013700431104190613,0.007068928693941601,0.019236610808041732,-0.0056674943854755355,-0.007938916598908996,0.005037926550608418,-0.004599628496298358,0.0016182402408935204,-0.032937041912232345,0.012736423079417136,0.013700431104190613,0.007068928693941601,-0.019236610808041732,-0.0056674943854755355,0.007938916598908996,0.005037926550608418,0.004599628496298358,0.0016182402408935204,0.005734622804655309,0.002721314080063486,0.032937041912232345,0.012736423079417136
13,0.5,P_terror-d4-v3,terror,-1,1,0.0058011801618862435,-0.001092102042901999,0.0037040178022813564,-0.003106969935663173,-0.005678081895593046,0.0029321190023736676,0.0038667250512181006,-0.0004835280221913152,0.002097162359604887,0.002014867892761174,-0.0058011801618862435,-0.001092102042901999,-0.0037040178022813564,-0.003106969935663173,0.005678081895593046,0.0029321190023736676,-0.0038667250512181006,-0.0004835280221913152,0.00880891927296501,0.0047009299329454635,-0.002097162359604887,0.002014867892761174
13,0.5,P_terror-d5-v1,terror,-1,1,-0.008319282203512302,0.002489790202619524,-0.013351443707106725,0.008638784680493394,-0.0076315632891370555,0.0025805265020597545,-0.006798061476414485,0.001121980368812725,0.005032161503594423,-0.00614899447787387,0.008319282203512302,0.002489790202619524,0.013351443707106725,0.008638784680493394,0.0076315632891370555,0.0025805265020597545,0.006798061476414485,0.001121980368812725,0.001626809348367786,-0.0009856071057057214,-0.005032161503594423,-0.00614899447787387
13,0.5,P_terror-d5-v2,terror,-1,1,-0.009918473642718695,0.004789406065215829,-0.01801278553340424,0.008878723783993792,0.0021306748704894574,-0.001959745401696189,-0.0046696555122798244,0.00520436161709803,0.008094311890685546,-0.004089317718777963,0.009918473642718695,0.004789406065215829,0.01801278553340424,0.008878723783993792,-0.0021306748704894574,-0.001959745401696189,0.0046696555122798244,0.00520436161709803,0.0036318904380800987,0.0007753134859980193,-0.008094311890685546,-0.004089317718777963
13,0.5,P_terror-d6-v2,terror,-1,1,-0.004920406610355421,0.0022221342303936353,0.004383394639352112,0.0006044141588912311,-0.002644640690930622,0.0015542445130893867,-0.0030079848018638167,0.0017771865524220942,-0.009303801249707533,0.0016177200715024043,0.004920406610355421,0.0022221342303936353,-0.004383394639352112,0.0006044141588912311,0.002644640690930622,0.0015542445130893867,0.0030079848018638167,0.0017771865524220942,0.0009460963995064908,-0.0016122837893943753,0.009303801249707533,0.0016177200715024043
13,0.5,P_ecstasy-d4-v1,ecstasy,1,1,0.004804470482993928,0.0022420741973885328,0.008213906637685398,0.006491056909506909,-0.005104269924883553,-0.00040577228316873715,0.005525736245184376,0.001280647860163242,-0.0034094361546914698,-0.0042489827121183765,0.004804470482993928,0.0022420741973885328,0.008213906637685398,0.006491056909506909,-0.005104269924883553,-0.00040577228316873715,0.005525736245184376,0.001280647860163242,0.010057985887714338,0.006176676408271575,-0.0034094361546914698,-0.0042489827121183765
13,0.5,P_ecstasy-d4-v3,ecstasy,1,1,-0.0010344044564689625,0.0012380916833718558,-0.0018620270862097499,0.0012139401091859625,0.0005230945324115055,0.00310748609906053,0.00020218448164310843,0.0016156956836530512,0.0008276226297407874,2.415157418589331e-05,-0.0010344044564689625,0.0012380916833718558,-0.0018620270862097499,0.0012139401091859625,0.0005230945324115055,0.00310748609906053,0.00020218448164310843,0.0016156956836530512,0.0022124241885430607,0.0023551668420607186,0.0008276226297407874,2.415157418589331e-05
13,0.5,P_ecstasy-d5-v1,ecstasy,1,1,-0.0026941097699939576,-0.0021135567874015493,-0.012559170697677757,-0.004783097893470867,0.010013524921660633,0.002278650345207467,0.002340402440431877,0.0001590579992587493,0.0098650609276838,0.0026695411060693175,-0.0026941097699939576,-0.0021135567874015493,-0.012559170697677757,-0.004783097893470867,0.010013524921660633,0.002278650345207467,0.002340402440431877,0.0001590579992587493,0.002466359327498502,0.0019705573832631273,0.0098650609276838,0.0026695411060693175
13,0.5,P_ecstasy-d5-v2,ecstasy,1,1,-0.01438575602396508,-0.005206392522477898,-0.006290255958245616,-0.003641162434314893,-0.004561359567290424,-0.0020004480798796465,-0.0037835376674444365,-0.0017566635581496293,-0.008095500065719463,-0.0015652300881630055,-0.01438575602396508,-0.005206392522477898,-0.006290255958245616,-0.003641162434314893,-0.004561359567290424,-0.0020004480798796465,-0.0037835376674444365,-0.0017566635581496293,-0.0003559493495783883,-0.0018288741708216705,-0.008095500065719463,-0.0015652300881630055
13,0.5,P_ecstasy-d5-v4,ecstasy,1,1,-0.009488222682501046,-0.003809299295318702,0.013376660934596885,0.007369202456304791,-0.009386557708046084,-0.00373215038293484,-0.008330856822711397,-0.0024576693663282967,-0.02286488361709793,-0.011178501751623493,-0.009488222682501046,-0.003809299295318702,0.013376660934596885,0.007369202456304791,-0.009386557708046084,-0.00373215038293484,-0.008330856822711397,-0.0024576693663282967,-0.0053508690139518755,-0.0019694030435442045,-0.02286488361709793,-0.011178501751623493
13,0.5,P_ecstasy-d6-v1,ecstasy,1,1,-0.0069771058751300075,-0.00016137601972676663,0.0012489502932666596,0.002512914101311381,-0.008407829445479464,-0.0008096785704534426,0.002678495319033747,0.0012688838235024313,-0.008226056168396667,-0.0026742901210381476,-0.0069771058751300075,-0.00016137601972676663,0.0012489502932666596,0.002512914101311381,-0.008407829445479464,-0.0008096785704534426,0.002678495319033747,0.0012688838235024313,0.003643674358813964,0.0023042354261129105,-0.008226056168396667,-0.0026742901210381476
13,0.5,P_ecstasy-d6-v2,ecstasy,1,1,0.0162135215140351,0.008207952008036479,0.013220177529947641,0.0064552871533294365,0.016569305389311673,0.00846725699404427,0.009615602757375274,0.00682190038401842,0.00299334398408746,0.0017526648547070423,0.0162135215140351,0.008207952008036479,0.013220177529947641,0.0064552871533294365,0.016569305389311673,0.00846725699404427,0.009615602757375274,0.00682190038401842,0.012328286181405357,0.008033752060057964,0.00299334398408746,0.0017526648547070423
13,0.5,P_ecstasy-d6-v3,ecstasy,1,1,-0.0049285484219199205,-0.001270098019223731,-0.008172487831687114,-0.0044602464128375985,0.009518878005903453,0.004863639359973249,0.0011780157316318984,0.0008960871904171164,0.0032439394097671936,0.0031901483936138675,-0.0049285484219199205,-0.001270098019223731,-0.008172487831687114,-0.0044602464128375985,0.009518878005903453,0.004863639359973249,0.0011780157316318984,0.0008960871904171164,0.000627447487903332,-0.00014009584848562184,0.0032439394097671936,0.0031901483936138675
13,0.5,P_loathing-d4-v1,loathing,-1,1,0.009492278453093306,-0.003370050648287659,0.005116784684624065,-0.002622063402873742,0.010663075569036451,-0.004448594113148019,-0.004737272767052492,0.0027172606822589707,0.004375493768469241,-0.0007479872454139169,-0.009492278453093306,-0.003370050648287659,-0.005116784684624065,-0.002622063402873742,-0.010663075569036451,-0.004448594113148019,0.004737272767052492,0.0027172606822589707,0.009601759575784463,0.005142754386444182,-0.004375493768469241,-0.0007479872454139169
13,0.5,P_loathing-d5-v2,loathing,-1,1,-0.011798867433191695,0.005361009827925756,-0.00627587706281485,0.007553732959304504,-0.007371859198636699,0.0017134046091502597,-0.011870410987293578,0.004046936143739632,-0.005522990370376846,-0.0021927231313787487,0.011798867433191695,0.005361009827925756,0.00627587706281485,0.007553732959304504,0.007371859198636699,0.0017134046091502597,0.011870410987293578,0.004046936143739632,0.004291577181961159,-0.0008900620898564249,0.005522990370376846,-0.0021927231313787487
13,0.5,P_loathing-d6-v2,loathing,-1,1,0.00680367723143771,-0.0024044451461744387,0.005384239490106246,-0.00039974145974053243,0.007029777169106133,-0.0033518155375915626,0.0030356786399861058,-0.0008655000965678283,0.001419437741331464,-0.0020047036864339063,-0.00680367723143771,-0.0024044451461744387,-0.005384239490106246,-0.00039974145974053243,-0.007029777169106133,-0.0033518155375915626,-0.0030356786399861058,-0.0008655000965678283,-0.0026200146585866335,-0.0010195832258368398,-0.001419437741331464,-0.0020047036864339063
13,0.5,P_loathing-d6-v4,loathing,-1,1,0.0070927987398432535,-0.0014386553014364978,0.014636336737510192,-0.00618152595703414,0.0005672955731306217,0.00032342025828224763,-0.002926135926606843,0.0035450462578814346,-0.007543537997666938,0.004742870655597642,-0.0070927987398432535,-0.0014386553014364978,-0.014636336737510192,-0.00618152595703414,-0.0005672955731306217,0.00032342025828224763,0.002926135926606843,0.0035450462578814346,0.004788437627880615,0.0052141511233121385,0.007543537997666938,0.004742870655597642
13,0.5,P_amazement-d4-v1,amazement,1,1,0.02557518052032215,0.011685032602610335,-0.0006022238298841742,-0.0006578061572124483,0.03419712208184311,0.01689052228386423,-0.00045092747065922367,0.002927672413951754,0.026177404350206324,0.012342838759822783,0.02557518052032215,0.011685032602610335,-0.0006022238298841742,-0.0006578061572124483,0.03419712208184311,0.01689052228386423,-0.00045092747065922367,0.002927672413951754,0.00034203501803675707,0.002845485810889059,0.026177404350206324,0.012342838759822783
13,0.5,P_amazement-d4-v2,amazement,1,1,0.014934762562878845,0.00867637106502972,0.00501948959635623,0.0027373331570981208,0.015303106020586377,0.00843296339728905,0.0075447048473096245,0.005706419785318495,0.009915272966522615,0.005939037907931599,0.014934762562878845,0.00867637106502972,0.00501948959635623,0.0027373331570981208,0.015303106020586377,0.00843296339728905,0.0075447048473096245,0.005706419785318495,0.010895467211837762,0.005556950875390321,0.009915272966522615,0.005939037907931599
13,0.5,P_amazement-d5-v2,amazement,1,1,0.0072206368491176676,0.005961669947319059,0.01022783106310765,0.005353922446286852,0.0038033321673527354,3.445848701577603e-05,0.012094400563622543,0.004938491284314672,-0.003007194213989983,0.0006077475010322075,0.0072206368491176676,0.005961669947319059,0.01022783106310765,0.005353922446286852,0.0038033321673527354,3.445848701577603e-05,0.012094400563622543,0.004938491284314672,0.0077486250549925195,0.002470832897816244,-0.003007194213989983,0.0006077475010322075
13,0.5,P_amazement-d5-v4,amazement,1,1,0.010324366755007475,0.0029503007901441336,-0.014723626879933782,-0.004696555790215662,0.008325804190072006,0.0025561253066639367,0.004802117453038601,0.0005987470977388831,0.025047993634941257,0.007646856580359795,0.010324366755007475,0.0029503007901441336,-0.014723626879933782,-0.004696555790215662,0.008325804190072006,0.0025561253066639367,0.004802117453038601,0.0005987470977388831,0.004034766667624812,0.0018731273091825429,0.025047993634941257,0.007646856580359795
13,0.5,P_amazement-d6-v1,amazement,1,1,-0.00015386349676393962,-0.0008939424764404791,-0.004219943571269091,-0.004624133350508153,-0.002724732050848999,-0.0009781139629900792,-0.008514937462622996,-0.0009464790006350476,0.004066080074505152,0.0037301908740676737,-0.00015386349676393962,-0.0008939424764404791,-0.004219943571269091,-0.004624133350508153,-0.002724732050848999,-0.0009781139629900792,-0.008514937462622996,-0.0009464790006350476,0.0024793232311770552,0.001955767561117039,0.004066080074505152,0.0037301908740676737
13,0.5,P_amazement-d6-v4,amazement,1,1,0.001027481218638826,0.0005063179650921512,-0.0040736211404093225,-0.0020913216571543103,0.00027199656926235605,0.0008035837276647584,0.005889608330947205,0.002798299182920516,0.005101102359048149,0.0025976396222464615,0.001027481218638826,0.0005063179650921512,-0.0040736211404093225,-0.0020913216571543103,0.00027199656926235605,0.0008035837276647584,0.005889608330947205,0.002798299182920516,-0.006289189816004903,-0.0028978659908620585,0.005101102359048149,0.0025976396222464615
13,0.5,P_admiration-d5-v1,admiration,1,1,0.015497348533084931,0.005291032236881321,0.017971063297959944,0.007245960043384514,0.021010016890402383,0.00782835349218125,0.0043739602935661814,-0.001953257006857445,-0.0024737147648750124,-0.0019549278065031928,0.015497348533084931,0.005291032236881321,0.017971063297959944,0.007245960043384514,0.021010016890402383,0.00782835349218125,0.0043739602935661814,-0.001953257006857445,-0.0017856560826667867,-0.0014264865681501426,-0.0024737147648750124,-0.0019549278065031928
13,0.5,P_admiration-d5-v3,admiration,1,1,0.005598127935612318,0.0035697804373180375,0.014883701638873426,0.008932489731548365,0.006114434530334556,0.002808310081465315,0.007962037244505282,0.000802373681853652,-0.009285573703261107,-0.005362709294230328,0.005598127935612318,0.0035697804373180375,0.014883701638873426,0.008932489731548365,0.006114434530334556,0.002808310081465315,0.007962037244505282,0.000802373681853652,0.009077936855987456,0.002980075144815242,-0.009285573703261107,-0.005362709294230328
13,0.5,P_admiration-d6-v1,admiration,1,1,0.01061863751654002,0.0056695628080616345,0.018677222079393374,0.01023074839530036,0.006220466465499008,0.004430471564186078,-0.006667813303101511,-0.00031787864040788705,-0.008058584562853355,-0.004561185587238725,0.01061863751654002,0.0056695628080616345,0.018677222079393374,0.01023074839530036,0.006220466465499008,0.004430471564186078,-0.006667813303101511,-0.00031787864040788705,-0.006113941033482284,-0.0010238798302379948,-0.008058584562853355,-0.004561185587238725
13,0.5,P_admiration-d6-v2,admiration,1,1,0.003328388389439496,0.0025681159360511074,-0.0017817837022624516,0.0013428036462714843,-2.7915583107329667e-05,0.001956851553657657,0.00237977406200951,0.0016673214882905185,0.005110172091701948,0.0012253122897796231,0.003328388389439496,0.0025681159360511074,-0.0017817837022624516,0.0013428036462714843,-2.7915583107329667e-05,0.001956851553657657,0.00237977406200951,0.0016673214882905185,0.008827478027847668,0.0029179007891646513,0.005110172091701948,0.0012253122897796231
13,0.5,P_admiration-d6-v3,admiration,1,1,-0.0005773591708910786,0.0016224662109847188,0.0011474914958204963,0.003047416452334417,-0.002320205363623984,0.0027175403617558658,0.0025670131649087047,0.004083058509650073,-0.0017248506667115748,-0.0014249502413496984,-0.0005773591708910786,0.0016224662109847188,0.0011474914958204963,0.003047416452334417,-0.002320205363623984,0.0027175403617558658,0.0025670131649087047,0.004083058509650073,-0.009562570461269182,-0.0018940616183855674,-0.0017248506667115748,-0.0014249502413496984
13,0.5,P_admiration-d6-v4,admiration,1,1,0.010735920002963084,0.006423577534660829,0.0036182599905174584,0.0032666447409264165,0.006027134649442267,0.004412797687584735,0.006505237869690372,0.003590109969709321,0.007117660012445626,0.0031569327937344127,0.010735920002963084,0.006423577534660829,0.0036182599905174584,0.0032666447409264165,0.006027134649442267,0.004412797687584735,0.006505237869690372,0.003590109969709321,0.006018451855961171,0.0028286343180896623,0.007117660012445626,0.0031569327937344127
13,0.5,P_vigilance-d4-v2,vigilance,1,1,-0.004351821345120577,-0.006404658794903817,0.011134147358673019,0.0030954435237475764,-0.011346859290751965,-0.009940659857053724,-0.009966472213292832,-0.004514827221001383,-0.015485968703793596,-0.009500102318651393,-0.004351821345120577,-0.006404658794903817,0.011134147358673019,0.0030954435237475764,-0.011346859290751965,-0.009940659857053724,-0.009966472213292832,-0.004514827221001383,-0.014243643303361253,-0.006326064621660521,-0.015485968703793596,-0.009500102318651393
13,0.5,P_vigilance-d5-v2,vigilance,1,1,0.018917991098903464,0.008412824559756338,0.025147825189239192,0.009886173363759632,0.0213629425826376,0.010111807185078092,0.002476512426611066,0.004533743284021341,-0.0062298340903357285,-0.0014733488040032938,0.018917991098903464,0.008412824559756338,0.025147825189239192,0.009886173363759632,0.0213629425826376,0.010111807185078092,0.002476512426611066,0.004533743284021341,0.006082271111294446,0.004779690961151495,-0.0062298340903357285,-0.0014733488040032938
13,0.5,P_vigilance-d5-v3,vigilance,1,1,-0.00919368001243459,-0.0012056979965500148,0.001616115475725266,0.0008219125817854334,-0.00406494477133279,-0.00125813316547152,0.0011250965477294095,0.002749943443274283,-0.010809795488159857,-0.002027610578335448,-0.00919368001243459,-0.0012056979965500148,0.001616115475725266,0.0008219125817854334,-0.00406494477133279,-0.00125813316547152,0.0011250965477294095,0.002749943443274283,-0.0047700992927275365,-0.0006432827291544818,-0.010809795488159857,-0.002027610578335448
13,0.5,P_vigilance-d5-v4,vigilance,1,1,0.006474246911904125,0.0018684743079449007,-0.0027186477887042315,0.0006318041225457094,-0.004069944080516308,-0.0019624531428714675,0.008859092744795127,0.006566908986866515,0.009192894700608356,0.0012366701853991913,0.006474246911904125,0.0018684743079449007,-0.0027186477887042315,0.0006318041225457094,-0.004069944080516308,-0.0019624531428714675,0.008859092744795127,0.006566908986866515,0.0002792745350150838,-9.538154937249743e-05,0.009192894700608356,0.0012366701853991913
13,1.0,P_rage-d1-v2,rage,-1,1,-0.014096733606177025,0.002189312022077061,-0.012954816760091248,0.01176108060403891,-0.005890952273380545,-0.0003160910342483447,-0.00644969977847154,-0.0017907725235879468,-0.0011419168460857776,-0.009571768581961848,0.014096733606177025,0.002189312022077061,0.012954816760091248,0.01176108060403891,0.005890952273380545,-0.0003160910342483447,0.00644969977847154,-0.0017907725235879468,0.014076483289564123,-0.0011801571962877233,0.0011419168460857776,-0.009571768581961848
13,1.0,P_rage-d2-v3,rage,-1,1,0.015941573249826035,-0.004506816453933027,0.007887255059994658,0.0013991112771103431,-0.0007009431398996568,0.0019346893954885758,0.007690455589378864,-0.002990679008121777,0.008054318189831378,-0.00590592773104337,-0.015941573249826035,-0.004506816453933027,-0.007887255059994658,0.0013991112771103431,0.0007009431398996568,0.0019346893954885758,-0.007690455589378864,-0.002990679008121777,0.01440959815691123,0.01005333785630258,-0.008054318189831378,-0.00590592773104337
13,1.0,P_rage-d3-v3,rage,-1,1,0.03105741502205106,-0.008642798977421151,0.005084382324374026,-0.0024394899208335374,-0.00277896287825552,0.004302301919367757,0.026135152577234422,-0.009469838836735356,0.025973032697677034,-0.006203309056587614,-0.03105741502205106,-0.008642798977421151,-0.005084382324374026,-0.0024394899208335374,0.00277896287825552,0.004302301919367757,-0.026135152577234422,-0.009469838836735356,0.001686745064905626,0.001206870023739981,-0.025973032697677034,-0.006203309056587614
13,1.0,P_rage-d3-v4,rage,-1,1,0.0015640935687279978,0.0028776489545432327,0.004568105816027845,-0.0009964327389564431,0.008573460354845075,-0.00022985249532680996,-0.0005809339797169244,-0.001217207341261517,-0.0030040122472998476,0.003874081693499676,-0.0015640935687279978,0.0028776489545432327,-0.004568105816027845,-0.0009964327389564431,-0.008573460354845075,-0.00022985249532680996,0.0005809339797169244,-0.001217207341261517,-0.0010741519505899078,0.0003279695784601522,0.0030040122472998476,0.003874081693499676
13,1.0,P_grief-d1-v3,grief,-1,-1,-0.003065875411600416,-0.004551286420744205,-0.0188376825588632,-0.010761059098670422,0.002752649530427753,-0.0009584793463899288,-0.014056294463457242,-0.0069504720017778965,0.015771807147262784,0.0062097726779262175,0.003065875411600416,0.004551286420744205,0.0188376825588632,0.010761059098670422,-0.002752649530427753,0.0009584793463899288,0.014056294463457242,0.0069504720017778965,0.011856600494513536,0.0057838184196272735,-0.015771807147262784,-0.0062097726779262175
13,1.0,P_grief-d1-v4,grief,-1,-1,0.05245359705335506,0.014805354706332707,0.03887831504965433,0.00548103513957976,0.03518747771944408,0.007183683814097286,0.06111971701796115,0.01954345043650285,0.013575282003700728,0.009324319566752948,-0.05245359705335506,-0.014805354706332707,-0.03887831504965433,-0.00548103513957976,-0.03518747771944408,-0.007183683814097286,-0.06111971701796115,-0.01954345043650285,-0.049221590674129345,-0.01215798085320774,-0.013575282003700728,-0.009324319566752948
13,1.0,P_grief-d2-v1,grief,-1,-1,-0.0022833615663762075,-0.00348488946044867,0.01712519153972014,0.007039253831358394,0.0005743064260110842,-0.002771675954704733,0.012007159136459222,0.0008597277054902541,-0.01940855310609635,-0.010524143291807064,0.0022833615663762075,0.00348488946044867,-0.01712519153972014,-0.007039253831358394,-0.0005743064260110842,0.002771675954704733,-0.012007159136459222,-0.0008597277054902541,-0.006831961234480044,-0.0005394278852457468,0.01940855310609635,0.010524143291807064
13,1.0,P_grief-d2-v2,grief,-1,-1,-0.026369570394734865,-0.010135356241198323,-0.01052215884965868,-0.006158801825716154,-0.016922040352420176,-0.008822239287423983,-0.025207016972643714,-0.013825259194412354,-0.015847411545076184,-0.00397655441548217,0.026369570394734865,0.010135356241198323,0.01052215884965868,0.006158801825716154,0.016922040352420176,0.008822239287423983,0.025207016972643714,0.013825259194412354,0.011477104248143633,0.0052837161948628975,0.015847411545076184,0.00397655441548217
13,1.0,P_grief-d2-v3,grief,-1,-1,0.001411843017362635,-0.0006369940850499134,-0.004741151080871475,-0.002368562057006862,-0.025459218352864355,-0.011052557479785285,-0.006185665675437768,-0.0034558413451506453,0.00615299409823411,0.0017315679719569488,-0.001411843017362635,0.0006369940850499134,0.004741151080871475,0.002368562057006862,0.025459218352864355,0.011052557479785285,0.006185665675437768,0.0034558413451506453,0.025801277486944052,0.013060035285773708,-0.00615299409823411,-0.0017315679719569488
13,1.0,P_grief-d2-v4,grief,-1,-1,0.04641499714514463,0.018577800772178854,0.002372031534490837,0.0012747541902760062,0.022723332045605282,0.00710076266747528,0.057903736667659356,0.02244981186671513,0.044042965610653795,0.017303046581902848,-0.04641499714514463,-0.018577800772178854,-0.002372031534490837,-0.0012747541902760062,-0.022723332045605282,-0.00710076266747528,-0.057903736667659356,-0.02244981186671513,-0.03221701951702771,-0.00958333972033909,-0.044042965610653795,-0.017303046581902848
13,1.0,P_grief-d3-v2,grief,-1,-1,0.00046528098154574593,-0.0004432124330673304,-0.003597601927798344,-0.006449237806940289,-0.007351160759347941,-0.0051882154580606965,-0.016270970964122,-0.0056675183231038595,0.00406288290934409,0.0060060253738729585,-0.00046528098154574593,0.0004432124330673304,0.003597601927798344,0.006449237806940289,0.007351160759347941,0.0051882154580606965,0.016270970964122,0.0056675183231038595,0.03612487301045908,0.016789834715932095,-0.00406288290934409,-0.0060060253738729585
13,1.0,P_grief-d3-v3,grief,-1,-1,0.007187660968540399,0.0023272495391113424,-0.0022509055626418473,-0.004191770567949504,-0.005732477470932196,-0.0009345915161524943,-0.0004882959723966351,-0.0033468338098487926,0.009438566531182246,0.006519020107060847,-0.007187660968540399,-0.0023272495391113424,0.0022509055626418473,0.004191770567949504,0.005732477470932196,0.0009345915161524943,0.0004882959723966351,0.0033468338098487926,-0.0012913487243304544,-7.431807052427075e-05,-0.009438566531182246,-0.006519020107060847
13,1.0,P_grief-d3-v4,grief,-1,-1,-0.010775200591449874,-0.004361999984355158,0.004613306394078087,-0.0020870290334951136,0.0063905450804462305,0.005505384357004317,-0.006741129227208376,-0.003803442302058535,-0.015388506985527961,-0.0022749709508600446,0.010775200591449874,0.004361999984355158,-0.004613306394078087,0.0020870290334951136,-0.0063905450804462305,-0.005505384357004317,0.006741129227208376,0.003803442302058535,-0.0062683180399889515,-0.005532340328731955,0.015388506985527961,0.0022749709508600446
13,1.0,P_terror-d1-v3,terror,-1,1,-0.040150639734154225,0.020405483100343957,-0.0003110473969822891,0.0010242190703717569,-0.03199226281186718,0.014717256437557502,-0.023194096025132005,0.009687698696717817,-0.039839592337171936,0.0193812640299722,0.040150639734154225,0.020405483100343957,0.0003110473969822891,0.0010242190703717569,0.03199226281186718,0.014717256437557502,0.023194096025132005,0.009687698696717817,0.020881233058065884,0.0069646592544438946,0.039839592337171936,0.0193812640299722
13,1.0,P_terror-d2-v3,terror,-1,1,-0.0023487134912851815,0.0036327371480888715,-0.015864706622493507,0.002931723387015417,-0.018739671022632187,0.008896596431640091,-0.015970665671876993,0.013674822052011315,0.013515993131208326,0.0007010137610734546,0.0023487134912851815,0.0036327371480888715,0.015864706622493507,0.002931723387015417,0.018739671022632187,0.008896596431640091,0.015970665671876993,0.013674822052011315,0.013208626882679653,0.007806758477437725,-0.013515993131208326,0.0007010137610734546
13,1.0,P_terror-d2-v4,terror,-1,1,0.03247964251444024,-0.010127851331114712,-0.010079051438937725,0.0072134160435002315,0.026484200540798142,-0.00677816628909067,0.040125817184705426,-0.01257470642816827,0.04255869395337797,-0.017341267374614944,-0.03247964251444024,-0.010127851331114712,0.010079051438937725,0.0072134160435002315,-0.026484200540798142,-0.00677816628909067,-0.040125817184705426,-0.01257470642816827,-0.05698340837034621,-0.02055454805763368,-0.04255869395337797,-0.017341267374614944
13,1.0,P_terror-d3-v3,terror,-1,1,-0.004163597235617544,0.005299878870374641,-0.0022312179464556436,0.006844883928018852,0.006677360203672933,-0.001121312456612067,-0.024635093937580343,0.015524238366738441,-0.0019323792891619007,-0.001545005057644211,0.004163597235617544,0.005299878870374641,0.0022312179464556436,0.006844883928018852,-0.006677360203672933,-0.001121312456612067,0.024635093937580343,0.015524238366738441,0.003726690527225074,0.0035579543111214917,0.0019323792891619007,-0.001545005057644211
13,1.0,P_terror-d3-v4,terror,-1,1,-0.020038749241663822,0.012073423443062836,0.0030297420682092735,0.0034732352520876475,-0.030262605808913712,0.017070131419143486,-0.026065604529430964,0.015311129790290146,-0.023068491309873096,0.008600188190975189,0.020038749241663822,0.012073423443062836,-0.0030297420682092735,0.0034732352520876475,0.030262605808913712,0.017070131419143486,0.026065604529430964,0.015311129790290146,0.027779931632814225,0.013027908837453417,0.023068491309873096,0.008600188190975189
13,1.0,P_ecstasy-d1-v1,ecstasy,1,1,0.06086212799904134,0.03516011390693041,0.010098206550969824,0.007132430473751228,0.03894087944222191,0.017484525960421493,0.02698243468226469,0.021176475087094637,0.050763921448071514,0.028027683433179185,0.06086212799904134,0.03516011390693041,0.010098206550969824,0.007132430473751228,0.03894087944222191,0.017484525960421493,0.02698243468226469,0.021176475087094637,0.020189555858244113,0.014055465162466696,0.050763921448071514,0.028027683433179185
13,1.0,P_ecstasy-d2-v1,ecstasy,1,1,0.016527558350073246,0.006352149332686352,0.008319871666845113,0.00797953648272376,-0.010004387966246586,-0.005600217798942708,0.0005216694497263141,-0.003001680495212433,0.008207686683228133,-0.001627387150037407,0.016527558350073246,0.006352149332686352,0.008319871666845113,0.00797953648272376,-0.010004387966246586,-0.005600217798942708,0.0005216694497263141,-0.003001680495212433,-0.005465268350077324,-0.006083099869446773,0.008207686683228133,-0.001627387150037407
13,1.0,P_ecstasy-d2-v2,ecstasy,1,1,0.008099817633720363,0.008999461087780602,-0.042044002146612414,-0.009450695383591778,-0.015997152488806954,0.0005286511199056321,-0.013473883166283951,-0.004797819943541448,0.05014381978033278,0.01845015647137238,0.008099817633720363,0.008999461087780602,-0.042044002146612414,-0.009450695383591778,-0.015997152488806954,0.0005286511199056321,-0.013473883166283951,-0.004797819943541448,-0.02913250245416199,-0.007116910882891236,0.05014381978033278,0.01845015647137238
13,1.0,P_ecstasy-d2-v3,ecstasy,1,1,-0.008582143780665241,-0.00240860220655037,0.0031702467201890627,0.001009466763659539,0.0036918813786082083,0.0016731737789053014,-0.012155769178298304,-0.004811742132262431,-0.011752390500854304,-0.0034180689702099087,-0.008582143780665241,-0.00240860220655037,0.0031702467201890627,0.001009466763659539,0.0036918813786082083,0.0016731737789053014,-0.012155769178298304,-0.004811742132262431,-0.009044044094747683,0.0009536392334759114,-0.011752390500854304,-0.0034180689702099087
13,1.0,P_ecstasy-d2-v4,ecstasy,1,1,-0.0252219567351899,-0.007953608138794976,-0.022397968905076837,-0.010358182588541709,-0.019261099466150178,-0.0075584501633896295,-0.016570552001662797,-0.004904425565210424,-0.0028239878301130616,0.0024045744497467325,-0.0252219567351899,-0.007953608138794976,-0.022397968905076837,-0.010358182588541709,-0.019261099466150178,-0.0075584501633896295,-0.016570552001662797,-0.004904425565210424,-0.009219479546530351,-0.0014976065404610495,-0.0028239878301130616,0.0024045744497467325
13,1.0,P_ecstasy-d3-v1,ecstasy,1,1,0.009651780247114772,0.0034773539296004685,-0.004462156668220807,-0.0022931187999120084,0.01739742028420377,0.009530013575483665,0.0021076513507489736,0.003666123912632102,0.014113936915335579,0.005770472729512477,0.009651780247114772,0.0034773539296004685,-0.004462156668220807,-0.0022931187999120084,0.01739742028420377,0.009530013575483665,0.0021076513507489736,0.003666123912632102,0.005844415199504738,0.0071148492167099064,0.014113936915335579,0.005770472729512477
13,1.0,P_ecstasy-d3-v4,ecstasy,1,1,-0.0022620012070948547,0.0011785501945320576,-0.0030138721065844365,0.0005589817508449002,0.00305075337352001,0.0004496919709326974,-0.009801506904600465,0.0016378414417177467,0.0007518708994895817,0.0006195684436871574,-0.0022620012070948547,0.0011785501945320576,-0.0030138721065844365,0.0005589817508449002,0.00305075337352001,0.0004496919709326974,-0.009801506904600465,0.0016378414417177467,0.00546750280192887,0.004570965088078083,0.0007518708994895817,0.0006195684436871574
13,1.0,P_loathing-d1-v2,loathing,-1,1,0.0036899780848678176,-0.002935152074047487,-0.007555837213127248,-4.902350086766205e-06,0.007184717725611911,-0.0021172784141905154,0.004107078410709786,-0.0008113526343054289,0.011245815297995065,-0.0029302497239607206,-0.0036899780848678176,-0.002935152074047487,0.007555837213127248,-4.902350086766205e-06,-0.007184717725611911,-0.0021172784141905154,-0.004107078410709786,-0.0008113526343054289,-0.006914175071288664,-0.002230594084292825,-0.011245815297995065,-0.0029302497239607206
13,1.0,P_loathing-d2-v2,loathing,-1,1,-0.006117421629444841,0.005596435362947183,0.0054216768337456145,0.0014413500624534947,-0.011739025850554974,0.0070715744351375065,-0.018286746358599615,0.00502977128401394,-0.011539098463190456,0.004155085300493688,0.006117421629444841,0.005596435362947183,-0.0054216768337456145,0.0014413500624534947,0.011739025850554974,0.0070715744351375065,0.018286746358599615,0.00502977128401394,0.03023116576072704,0.008893419590633389,0.011539098463190456,0.004155085300493688
13,1.0,P_loathing-d3-v2,loathing,-1,1,-0.001476355166651011,0.0008518397445325121,0.03809433816952801,-0.011006624592025283,0.00403824147572962,-5.312621790487526e-05,0.012416730797976783,-0.001779641106709473,-0.03957069333617902,0.011858464336557795,0.001476355166651011,0.0008518397445325121,-0.03809433816952801,-0.011006624592025283,-0.00403824147572962,-5.312621790487526e-05,-0.012416730797976783,-0.001779641106709473,-0.006751427161926671,0.0014190391506816447,0.03957069333617902,0.011858464336557795
13,1.0,P_loathing-d3-v3,loathing,-1,1,0.003649617874943445,-0.00019087115001870103,0.013783605000070587,-0.004031874389909262,-0.004957875747002127,0.002561109239803905,-0.00010908954238120216,-0.004551062448866716,-0.010133987125127142,0.0038410032398905614,-0.003649617874943445,-0.00019087115001870103,-0.013783605000070587,-0.004031874389909262,0.004957875747002127,0.002561109239803905,0.00010908954238120216,-0.004551062448866716,-0.011973900324250941,-0.005316183322431112,0.010133987125127142,0.0038410032398905614
13,1.0,P_loathing-d3-v4,loathing,-1,1,-0.000627561265661214,0.0026539876100866167,-0.004984660392071127,0.005426230762135553,0.006843401095830259,0.0017729698804824778,-0.0005506064974736269,0.001849656293269053,0.0043570991264099135,-0.0027722431520489366,0.000627561265661214,0.0026539876100866167,0.004984660392071127,0.005426230762135553,-0.006843401095830259,0.0017729698804824778,0.0005506064974736269,0.001849656293269053,-0.019164056554783038,0.00011484365520786355,-0.0043570991264099135,-0.0027722431520489366
13,1.0,P_amazement-d1-v1,amazement,1,1,0.009919328382215653,0.005423027150157189,-0.008793519947998263,-0.0023509422749787845,0.030046039248505352,0.016058464502766157,0.0018350738483832174,0.0040889938204751175,0.018712848330213916,0.007773969425135974,0.009919328382215653,0.005423027150157189,-0.008793519947998263,-0.0023509422749787845,0.030046039248505352,0.016058464502766157,0.0018350738483832174,0.0040889938204751175,0.02482375093780753,0.015531909345970263,0.018712848330213916,0.007773969425135974
13,1.0,P_amazement-d1-v2,amazement,1,1,-0.020526221077900253,-0.0034898666769729303,-0.0018673157576891697,0.0019298028782754884,0.0026773243582800532,0.00278132116996499,-0.004407323883407699,0.003043328414886748,-0.018658905320211083,-0.005419669555248419,-0.020526221077900253,-0.0034898666769729303,-0.0018673157576891697,0.0019298028782754884,0.0026773243582800532,0.00278132116996499,-0.004407323883407699,0.003043328414886748,0.0033196668121449058,0.004723026816396025,-0.018658905320211083,-0.005419669555248419
13,1.0,P_amazement-d1-v4,amazement,1,1,-0.016816317876702236,-0.004524723032867328,0.01243448342057274,0.013518088396630823,0.004871232578428142,0.008925925240976795,-0.024079394546691724,-0.006632357270354383,-0.029250801297274975,-0.01804281142949815,-0.016816317876702236,-0.004524723032867328,0.01243448342057274,0.013518088396630823,0.004871232578428142,0.008925925240976795,-0.024079394546691724,-0.006632357270354383,-0.0007749249441246775,0.00443791478260902,-0.029250801297274975,-0.01804281142949815
13,1.0,P_amazement-d2-v1,amazement,1,1,-0.006455681624049525,0.0009451678764618165,0.005699367773172703,0.004454388727327618,0.0002242109930064018,0.0021750595477412205,0.0012554951579124562,0.005972069524601942,-0.012155049397222228,-0.003509220850865802,-0.006455681624049525,0.0009451678764618165,0.005699367773172703,0.004454388727327618,0.0002242109930064018,0.0021750595477412205,0.0012554951579124562,0.005972069524601942,0.0021285007286895308,0.005556619996062828,-0.012155049397222228,-0.003509220850865802
13,1.0,P_amazement-d2-v2,amazement,1,1,0.021953411344247442,0.020478813416215047,0.01488150236047936,0.009671884332009384,-0.003591206260450619,0.004974314551899006,0.017662070958709197,0.015666969162481337,0.007071908983768083,0.010806929084205663,0.021953411344247442,0.020478813416215047,0.01488150236047936,0.009671884332009384,-0.003591206260450619,0.004974314551899006,0.017662070958709197,0.015666969162481337,-0.0029894798639289455,0.0032078507616168928,0.007071908983768083,0.010806929084205663
13,1.0,P_amazement-d3-v2,amazement,1,1,0.04400623724912567,0.02147813232478324,0.007408467004510477,0.004300665743808274,0.03255129488258568,0.01175760726754671,0.021295998946453842,0.014532057828849254,0.03659777024461519,0.017177466580974965,0.04400623724912567,0.02147813232478324,0.007408467004510477,0.004300665743808274,0.03255129488258568,0.01175760726754671,0.021295998946453842,0.014532057828849254,0.008249390336158235,0.0031142990178913976,0.03659777024461519,0.017177466580974965
13,1.0,P_amazement-d3-v4,amazement,1,1,0.017934344371061783,0.009878374290552827,0.015088216232761908,0.007988819407833248,0.007186256561393378,0.004223373652839868,0.00874903195981025,0.00910223879719707,0.002846128138299875,0.0018895548827195796,0.017934344371061783,0.009878374290552827,0.015088216232761908,0.007988819407833248,0.007186256561393378,0.004223373652839868,0.00874903195981025,0.00910223879719707,-0.01769379236585511,-0.005107583778336977,0.002846128138299875,0.0018895548827195796
13,1.0,P_admiration-d1-v1,admiration,1,1,-0.010937685240436146,-0.000460438885975023,0.0015250259106851516,0.005495845273914668,0.016980902335272496,0.01021195931391361,-0.006677569173780817,0.0044892766115136595,-0.012462711151121297,-0.005956284159889691,-0.010937685240436146,-0.000460438885975023,0.0015250259106851516,0.005495845273914668,0.016980902335272496,0.01021195931391361,-0.006677569173780817,0.0044892766115136595,0.005032645375087519,0.005806734505965583,-0.012462711151121297,-0.005956284159889691
13,1.0,P_admiration-d1-v2,admiration,1,1,0.01803524256063138,0.012579799748650089,-0.005360965992152522,0.0007044304869703311,0.02414309287832417,0.014198666870224308,0.012726852232132213,0.008896466205018605,0.023396208552783904,0.011875369261679758,0.01803524256063138,0.012579799748650089,-0.005360965992152522,0.0007044304869703311,0.02414309287832417,0.014198666870224308,0.012726852232132213,0.008896466205018605,0.0030639026311094497,0.006440540885782831,0.023396208552783904,0.011875369261679758
13,1.0,P_admiration-d1-v3,admiration,1,1,0.01798392129222659,0.012454173550412229,0.0209145927680936,0.00757476930819756,0.013088911842193518,0.007319162676335367,-0.01013764689004093,0.006592057950133512,-0.0029306714758670083,0.004879404242214669,0.01798392129222659,0.012454173550412229,0.0209145927680936,0.00757476930819756,0.013088911842193518,0.007319162676335367,-0.01013764689004093,0.006592057950133512,-0.0005622197737622514,0.004900817240623301,-0.0029306714758670083,0.004879404242214669
13,1.0,P_admiration-d2-v1,admiration,1,1,0.032987495928013644,0.02015062153360514,0.004459391770753385,0.003769115410086954,0.043214165742438304,0.018538847495229938,0.001039545093040939,0.007780966163088987,0.02852810415726026,0.016381506123518186,0.032987495928013644,0.02015062153360514,0.004459391770753385,0.003769115410086954,0.043214165742438304,0.018538847495229938,0.001039545093040939,0.007780966163088987,0.04205337934940845,0.0228590553656427,0.02852810415726026,0.016381506123518186
13,1.0,P_admiration-d2-v2,admiration,1,1,-0.006933377366951099,0.003979535413265012,0.006362790326830847,0.005486955571550212,-0.0032739570910269578,0.0020248912954698994,-0.02258619724006472,-0.005842619150288719,-0.013296167693781946,-0.0015074201582851998,-0.006933377366951099,0.003979535413265012,0.006362790326830847,0.005486955571550212,-0.0032739570910269578,0.0020248912954698994,-0.02258619724006472,-0.005842619150288719,-0.025665642039923053,-0.010760756592970377,-0.013296167693781946,-0.0015074201582851998
13,1.0,P_admiration-d2-v3,admiration,1,1,0.00879637587381854,0.002407860249377336,0.006699204119826163,0.003910119256221201,-0.016585235303032242,-0.011429343724722152,-0.0257990731034905,-0.01066549087312918,0.0020971717539923773,-0.0015022590068438646,0.00879637587381854,0.002407860249377336,0.006699204119826163,0.003910119256221201,-0.016585235303032242,-0.011429343724722152,-0.0257990731034905,-0.01066549087312918,-0.03900448764027331,-0.021822863290564598,0.0020971717539923773,-0.0015022590068438646
13,1.0,P_vigilance-d1-v4,vigilance,1,1,-0.04806983549372923,-0.018962383735406263,-0.006330874549114185,-0.003069035214176452,-0.01482182433127921,-0.0024454934760695934,-0.043292312396687294,-0.01498690354631993,-0.041738960944615044,-0.01589334852122981,-0.04806983549372923,-0.018962383735406263,-0.006330874549114185,-0.003069035214176452,-0.01482182433127921,-0.0024454934760695934,-0.043292312396687294,-0.01498690354631993,-0.021735616116069778,-0.004631910447805865,-0.041738960944615044,-0.01589334852122981
13,1.0,P_vigilance-d2-v3,vigilance,1,1,-0.014213925825242946,-0.004074286731395205,-0.00997783892779136,-0.005674309261129551,-0.00431253656188435,-0.001551178044170598,-0.012031345717557596,-0.0018353912558142227,-0.004236086897451585,0.0016000225297343462,-0.014213925825242946,-0.004074286731395205,-0.00997783892779136,-0.005674309261129551,-0.00431253656188435,-0.001551178044170598,-0.012031345717557596,-0.0018353912558142227,0.0015870513684452803,0.0023297853356387677,-0.004236086897451585,0.0016000225297343462
13,1.0,P_vigilance-d2-v4,vigilance,1,1,-0.02893691293671452,-0.008640733796545064,0.0018032911713063982,-1.6208862494870857e-05,-0.01705262410299646,-0.006273156955209913,-0.032229657913806165,-0.006572963395937492,-0.03074020410802092,-0.008624524934050193,-0.02893691293671452,-0.008640733796545064,0.0018032911713063982,-1.6208862494870857e-05,-0.01705262410299646,-0.006273156955209913,-0.032229657913806165,-0.006572963395937492,-0.017162556502966275,0.0008337428834552796,-0.03074020410802092,-0.008624524934050193
13,1.0,P_vigilance-d3-v2,vigilance,1,1,-0.007660976549560772,0.0011789106697683849,-0.0016973624437603974,-0.000561301190705521,0.0017191804364413699,0.0008125531228486693,0.006780823942228231,0.005620197132087945,-0.005963614105800374,0.0017402118604739059,-0.007660976549560772,0.0011789106697683849,-0.0016973624437603974,-0.000561301190705521,0.0017191804364413699,0.0008125531228486693,0.006780823942228231,0.005620197132087945,0.01255877562446539,0.006246231143252956,-0.005963614105800374,0.0017402118604739059
13,1.0,P_vigilance-d3-v4,vigilance,1,1,0.01927522046547736,0.010440966248349781,-0.001017627433534507,0.0025758879151212,0.008348455059826954,0.004655262650612002,0.0013817209491362448,0.0036471988739936734,0.020292847899011868,0.007865078333228581,0.01927522046547736,0.010440966248349781,-0.001017627433534507,0.0025758879151212,0.008348455059826954,0.004655262650612002,0.0013817209491362448,0.0036471988739936734,0.009511639267386407,0.003998891753944633,0.020292847899011868,0.007865078333228581
13,1.0,P_rage-d4-v1,rage,-1,1,-0.03489863222667822,0.01716947061516194,0.0006129288278895473,-0.001777178195839113,-0.04101379828823326,0.018747095472048336,-0.02466435959984903,0.01454698881689076,-0.035511561054567764,0.018946648811001054,0.03489863222667822,0.01716947061516194,-0.0006129288278895473,-0.001777178195839113,0.04101379828823326,0.018747095472048336,0.02466435959984903,0.01454698881689076,0.02728055717273392,0.013644639466376507,0.035511561054567764,0.018946648811001054
13,1.0,P_rage-d4-v2,rage,-1,1,-0.02343849384249541,0.013680694422692596,-0.026638004542420823,0.011599239315091658,-0.025348864039176355,0.01213468000555551,-0.021308689624962796,0.012763550899277831,0.003199510699925412,0.002081455107600938,0.02343849384249541,0.013680694422692596,0.026638004542420823,0.011599239315091658,0.025348864039176355,0.01213468000555551,0.021308689624962796,0.012763550899277831,0.029652016707764517,0.015333002389375405,-0.003199510699925412,0.002081455107600938
13,1.0,P_rage-d4-v4,rage,-1,1,0.022859087736172512,-0.009458360208414618,0.020676709289770834,-0.007401924584845787,0.006332776230454584,-0.003240182786411694,0.01705249253660135,-0.006681069837604525,0.0021823784464016782,-0.002056435623568831,-0.022859087736172512,-0.009458360208414618,-0.020676709289770834,-0.007401924584845787,-0.006332776230454584,-0.003240182786411694,-0.01705249253660135,-0.006681069837604525,0.009394457594789074,0.0038251117358756304,-0.0021823784464016782,-0.002056435623568831
13,1.0,P_rage-d5-v1,rage,-1,1,-0.018082534351004043,0.008361715374503476,-0.012777648680094345,0.007108183634240817,-0.012401979086993364,0.004764710653286208,-0.019154096054574854,0.011130301248334362,-0.005304885670909698,0.001253531740262659,0.018082534351004043,0.008361715374503476,0.012777648680094345,0.007108183634240817,0.012401979086993364,0.004764710653286208,0.019154096054574854,0.011130301248334362,0.006882227301212573,0.00451472349866977,0.005304885670909698,0.001253531740262659
13,1.0,P_rage-d5-v3,rage,-1,1,-0.01150318454512167,0.0013871524332333962,0.0038333960904877173,0.0004577586606302475,-0.004155318414841069,-0.0035780225476393923,-0.00673519304407888,-0.0033285614991456214,-0.015336580635609387,0.0009293937726031487,0.01150318454512167,0.0013871524332333962,-0.0038333960904877173,0.0004577586606302475,0.004155318414841069,-0.0035780225476393923,0.00673519304407888,-0.0033285614991456214,0.003995737644247654,-0.006929574058426979,0.015336580635609387,0.0009293937726031487
13,1.0,P_rage-d6-v2,rage,-1,1,0.0036279165398065416,-0.0029961792427259937,-0.014324863812524846,0.006433728483022705,-0.020152279530231354,0.005523625016003564,0.003936568771687021,-0.0010937250912435026,0.017952780352331388,-0.009429907725748699,-0.0036279165398065416,-0.0029961792427259937,0.014324863812524846,0.006433728483022705,0.020152279530231354,0.005523625016003564,-0.003936568771687021,-0.0010937250912435026,0.01085395247318477,0.0011725619163205359,-0.017952780352331388,-0.009429907725748699
13,1.0,P_grief-d4-v2,grief,-1,-1,0.0027373342542791335,0.0014667482984309643,-0.02041005746195257,-0.01172043929565092,0.006271887268436416,0.0031111470772104965,-0.005174464905678633,-0.004350764140445662,0.023147391716231702,0.013187187594081884,-0.0027373342542791335,-0.0014667482984309643,0.02041005746195257,0.01172043929565092,-0.006271887268436416,-0.0031111470772104965,0.005174464905678633,0.004350764140445662,0.007386928358227518,0.004328054367015444,-0.023147391716231702,-0.013187187594081884
13,1.0,P_grief-d4-v3,grief,-1,-1,-0.016472746790179293,-0.008384495148268556,0.026381698483973537,0.007892608510150723,-0.01986373981725098,-0.009220458205769333,-0.031881008680878065,-0.01276676209498362,-0.04285444527415283,-0.01627710365841928,0.016472746790179293,0.008384495148268556,-0.026381698483973537,-0.007892608510150723,0.01986373981725098,0.009220458205769333,0.031881008680878065,0.01276676209498362,0.024761350096367263,0.01109045036803602,0.04285444527415283,0.01627710365841928
13,1.0,P_grief-d4-v4,grief,-1,-1,-0.022500898379256284,-0.011957727706935373,0.00178486893874652,0.0006950995236234547,-0.004718142687090143,-0.004381604215602408,-0.013466791288424318,-0.007823883661840725,-0.024285767318002804,-0.012652827230558827,0.022500898379256284,0.011957727706935373,-0.00178486893874652,-0.0006950995236234547,0.004718142687090143,0.004381604215602408,0.013466791288424318,0.007823883661840725,0.008437514581458583,0.0033749667448983445,0.024285767318002804,0.012652827230558827
13,1.0,P_grief-d5-v1,grief,-1,-1,0.0001129512094113494,-0.002482822328708778,-0.017108907701759435,-0.01069826124781148,0.003789189142660021,0.0011420840677072164,-0.004431703507580487,-0.001677546187782042,0.017221858911170784,0.008215438919102702,-0.0001129512094113494,0.002482822328708778,0.017108907701759435,0.01069826124781148,-0.003789189142660021,-0.0011420840677072164,0.004431703507580487,0.001677546187782042,0.0072591011561753405,6.739688494850071e-05,-0.017221858911170784,-0.008215438919102702
13,1.0,P_grief-d5-v2,grief,-1,-1,-0.0011139290133526103,-0.003623906862520343,0.01764695330506516,0.004277127791518787,-0.003313314822248614,-0.004190104832421326,0.0036061950377153096,-0.0024389627491627763,-0.01876088231841777,-0.00790103465403913,0.0011139290133526103,0.003623906862520343,-0.01764695330506516,-0.004277127791518787,0.003313314822248614,0.004190104832421326,-0.0036061950377153096,0.0024389627491627763,-0.0018826721098581523,0.0025889061137496228,0.01876088231841777,0.00790103465403913
13,1.0,P_grief-d5-v3,grief,-1,-1,-0.00604860152708131,-0.0011593471000441724,-0.010017398297233804,-0.0014293840562302762,-0.003823695590335241,-8.747535524111782e-05,-0.001745461630496159,-0.0005172357716496379,0.003968796770152494,0.0002700369561861038,0.00604860152708131,0.0011593471000441724,0.010017398297233804,0.0014293840562302762,0.003823695590335241,8.747535524111782e-05,0.001745461630496159,0.0005172357716496379,-0.008992060472265084,-0.0004861688970581035,-0.003968796770152494,-0.0002700369561861038
13,1.0,P_grief-d6-v1,grief,-1,-1,-0.010430516334685613,-0.005734118403261768,-0.007917093770004158,-0.006428769061026074,-0.016133706853985075,-0.0077051637837390885,-0.016486366724101753,-0.0074838652205913014,-0.0025134225646814556,0.0006946506577643063,0.010430516334685613,0.005734118403261768,0.007917093770004158,0.006428769061026074,0.016133706853985075,0.0077051637837390885,0.016486366724101753,0.0074838652205913014,0.012716765678926212,0.0022793480589777815,0.0025134225646814556,-0.0006946506577643063
13,1.0,P_grief-d6-v2,grief,-1,-1,-0.009974265594705933,-0.005831145010532168,0.016936812991538375,0.004470358418771525,-0.0019246124179579382,-0.0016755535761667772,-0.011583969674007655,-0.004015536163020972,-0.026911078586244308,-0.010301503429303693,0.009974265594705933,0.005831145010532168,-0.016936812991538375,-0.004470358418771525,0.0019246124179579382,0.0016755535761667772,0.011583969674007655,0.004015536163020972,0.008799363596338594,0.001198752769993039,0.026911078586244308,0.010301503429303693
13,1.0,P_terror-d4-v1,terror,-1,1,0.006138100705381788,-0.0047413122868515956,0.004224183485306732,-0.0032058522619671237,0.0068083313696174486,-0.0020711617660236215,0.0001234403391108252,-0.0006020737979079982,0.0019139172200750565,-0.0015354600248844719,-0.006138100705381788,-0.0047413122868515956,-0.004224183485306732,-0.0032058522619671237,-0.0068083313696174486,-0.0020711617660236215,-0.0001234403391108252,-0.0006020737979079982,-0.005386909088228808,-0.001585468487661057,-0.0019139172200750565,-0.0015354600248844719
13,1.0,P_terror-d4-v2,terror,-1,1,-0.020478850288238704,0.010852234571466113,0.022372663451562858,-0.005890811597371481,-0.010478115320348813,0.005642853057047148,-0.008311432919999362,0.0054770007466018455,-0.04285151373980156,0.016743046168837594,0.020478850288238704,0.010852234571466113,-0.022372663451562858,-0.005890811597371481,0.010478115320348813,0.005642853057047148,0.008311432919999362,0.0054770007466018455,0.01134863486323301,0.0068635919827686465,0.04285151373980156,0.016743046168837594
13,1.0,P_terror-d4-v3,terror,-1,1,0.0023540886921287196,-0.001670113638949644,0.005974702754178551,-0.005246969479911101,-0.007579927004191411,0.003189513631101093,0.0018406814486224832,0.001149486799429944,-0.0036206140620498317,0.003576855840961457,-0.0023540886921287196,-0.001670113638949644,-0.005974702754178551,-0.005246969479911101,0.007579927004191411,0.003189513631101093,-0.0018406814486224832,0.001149486799429944,0.013478019530769547,0.008355863413589404,0.0036206140620498317,0.003576855840961457
13,1.0,P_terror-d5-v1,terror,-1,1,-0.014036420349592404,0.006059723697497077,-0.023776683539252552,0.017333135886484108,0.011642614815581709,-0.005224791056948952,-0.013488654323746907,0.004776777031517465,0.009740263189660148,-0.011273412188987031,0.014036420349592404,0.006059723697497077,0.023776683539252552,0.017333135886484108,-0.011642614815581709,-0.005224791056948952,0.013488654323746907,0.004776777031517465,0.00021734136943418747,-0.002130801203895416,-0.009740263189660148,-0.011273412188987031
13,1.0,P_terror-d5-v2,terror,-1,1,-0.013579816724495153,0.009013663997134103,-0.021792919006839107,0.012258743087799395,-0.015459226458485631,0.0062854285355467,-0.005286777115183661,0.006742414750073866,0.008213102282343954,-0.0032450790906652927,0.013579816724495153,0.009013663997134103,0.021792919006839107,0.012258743087799395,0.015459226458485631,0.0062854285355467,0.005286777115183661,0.006742414750073866,-0.009211669960328628,0.00010350606905928927,-0.008213102282343954,-0.0032450790906652927
13,1.0,P_terror-d6-v2,terror,-1,1,-0.007556390653419065,0.005253839934230342,-0.0006619723054326343,0.003759696088694753,-0.00971767936205925,0.004655078844775673,-0.008995054354009824,0.003571365322820874,-0.006894418347986431,0.0014941438455355893,0.007556390653419065,0.005253839934230342,0.0006619723054326343,0.003759696088694753,0.00971767936205925,0.004655078844775673,0.008995054354009824,0.003571365322820874,0.010728973115862406,0.0037138093789019777,0.006894418347986431,0.0014941438455355893
13,1.0,P_ecstasy-d4-v1,ecstasy,1,1,0.001898785818903903,0.0015070852240670618,0.028234672716306974,0.01456361906488457,0.0036354550510075967,0.0033160600046278077,0.007969336366202562,0.0017668501400809333,-0.02633588689740307,-0.013056533840817508,0.001898785818903903,0.0015070852240670618,0.028234672716306974,0.01456361906488457,0.0036354550510075967,0.0033160600046278077,0.007969336366202562,0.0017668501400809333,0.013884571749407826,0.008072156021034615,-0.02633588689740307,-0.013056533840817508
13,1.0,P_ecstasy-d4-v3,ecstasy,1,1,-0.011016531794490803,-0.0016332951615538605,0.00427709101846574,0.004034808795732481,0.0028655606081091634,0.0034624988558187297,-0.0015125881010504827,0.0017247040995060914,-0.015293622812956542,-0.005668103957286341,-0.011016531794490803,-0.0016332951615538605,0.00427709101846574,0.004034808795732481,0.0028655606081091634,0.0034624988558187297,-0.0015125881010504827,0.0017247040995060914,0.0005271513262332661,0.002243411090327996,-0.015293622812956542,-0.005668103957286341
13,1.0,P_ecstasy-d5-v1,ecstasy,1,1,0.003458240910522825,0.0007966948644524408,-0.013013635712151306,-0.002353453113084214,0.0070304686679421025,0.0007572421602306534,0.010579888739078669,0.0010250871788644034,0.01647187662267413,0.0031501479775366548,0.003458240910522825,0.0007966948644524408,-0.013013635712151306,-0.002353453113084214,0.0070304686679421025,0.0007572421602306534,0.010579888739078669,0.0010250871788644034,0.0022201258907101895,-0.0014155604607175576,0.01647187662267413,0.0031501479775366548
13,1.0,P_ecstasy-d5-v2,ecstasy,1,1,-0.021559879775569613,-0.00574932844283893,-0.007221543164514621,-0.0007171362235336431,0.005114229827573702,0.0006083030555714686,-0.0054242391697367776,-0.0031673577511899254,-0.014338336611054991,-0.005032192219305287,-0.021559879775569613,-0.00574932844283893,-0.007221543164514621,-0.0007171362235336431,0.005114229827573702,0.0006083030555714686,-0.0054242391697367776,-0.0031673577511899254,-0.00310716179247561,-0.0021948597650913726,-0.014338336611054991,-0.005032192219305287
13,1.0,P_ecstasy-d5-v4,ecstasy,1,1,-0.012585619775652646,-0.004546011434593211,0.01883863010837583,0.011065047015132556,-0.0009751087312936946,0.0005704303155003032,-0.010167887413331744,-0.003962245148822596,-0.03142424988402848,-0.015611058449725768,-0.012585619775652646,-0.004546011434593211,0.01883863010837583,0.011065047015132556,-0.0009751087312936946,0.0005704303155003032,-0.010167887413331744,-0.003962245148822596,-0.010258780666958511,-0.003520995482124256,-0.03142424988402848,-0.015611058449725768
13,1.0,P_ecstasy-d6-v1,ecstasy,1,1,-0.008115572742464217,-0.00012711755117944534,0.013386211588093389,0.010319356705395855,0.0009243223922137389,0.0032786910122561963,0.006242605847949001,0.002626071116881512,-0.021501784330557605,-0.0104464742565753,-0.008115572742464217,-0.00012711755117944534,0.013386211588093389,0.010319356705395855,0.0009243223922137389,0.0032786910122561963,0.006242605847949001,0.002626071116881512,0.0037989089463850156,0.0020280059917081594,-0.021501784330557605,-0.0104464742565753
13,1.0,P_ecstasy-d6-v2,ecstasy,1,1,0.02543835776247505,0.01366239629492938,0.01593393540200161,0.008625348185081982,0.01870868394887104,0.011003953894879182,0.02557550715438106,0.015726024644014736,0.009504422360473441,0.005037048109847397,0.02543835776247505,0.01366239629492938,0.01593393540200161,0.008625348185081982,0.01870868394887104,0.011003953894879182,0.02557550715438106,0.015726024644014736,0.030028740960476696,0.018014385929153498,0.009504422360473441,0.005037048109847397
13,1.0,P_ecstasy-d6-v3,ecstasy,1,1,0.006096446184829851,0.007224387416325584,-0.007813614083682197,-0.00413491337193328,0.004388177914656843,0.00349801640550762,-0.006052427818046269,-0.000928833346665936,0.013910060268512048,0.011359300788258864,0.006096446184829851,0.007224387416325584,-0.007813614083682197,-0.00413491337193328,0.004388177914656843,0.00349801640550762,-0.006052427818046269,-0.000928833346665936,0.0028686117381098164,0.002148102367683258,0.013910060268512048,0.011359300788258864
13,1.0,P_loathing-d4-v1,loathing,-1,1,0.01738710313451186,-0.0052145102425020795,-0.0034425067288630373,0.0010421619553699912,0.006996919714275407,-0.0007662982140965724,-0.0029096477763190798,0.0025206103728607765,0.0208296098633749,-0.006256672197872071,-0.01738710313451186,-0.0052145102425020795,0.0034425067288630373,0.0010421619553699912,-0.006996919714275407,-0.0007662982140965724,0.0029096477763190798,0.0025206103728607765,0.011384029865124656,0.007440588736129072,-0.0208296098633749,-0.006256672197872071
13,1.0,P_loathing-d5-v2,loathing,-1,1,-0.012199221405549743,0.007805389417383957,-0.01252690392206457,0.013450454294518188,0.002896592894814809,-0.0010930251107730271,-0.01940381983074113,0.007880539553595245,0.0003276825165148267,-0.0056450648771342316,0.012199221405549743,0.007805389417383957,0.01252690392206457,0.013450454294518188,-0.002896592894814809,-0.0010930251107730271,0.01940381983074113,0.007880539553595245,0.006354919542958637,0.002795379380833296,-0.0003276825165148267,-0.0056450648771342316
13,1.0,P_loathing-d6-v2,loathing,-1,1,0.007019139300651567,-0.0035929027683838655,-0.0027304761795159394,0.0032931203691308752,0.010976191304698624,-0.005103343121781734,0.010234872233640502,-0.007064696620071587,0.009749615480167506,-0.006886023137514741,-0.007019139300651567,-0.0035929027683838655,0.0027304761795159394,0.0032931203691308752,-0.010976191304698624,-0.005103343121781734,-0.010234872233640502,-0.007064696620071587,-0.013417236041623593,-0.0074048904328254395,-0.009749615480167506,-0.006886023137514741
13,1.0,P_loathing-d6-v4,loathing,-1,1,0.009848644813379437,-0.003432750409093188,0.03664720269844146,-0.014885692783151327,0.0107771120921214,-0.0017349312716223864,-0.011311167568778036,0.007635995102135418,-0.026798557885062024,0.01145294237405814,-0.009848644813379437,-0.003432750409093188,-0.03664720269844146,-0.014885692783151327,-0.0107771120921214,-0.0017349312716223864,0.011311167568778036,0.007635995102135418,0.01631809360905434,0.010393730045924254,0.026798557885062024,0.01145294237405814
13,1.0,P_amazement-d4-v1,amazement,1,1,0.027277824591848798,0.016442920241587444,0.0025112224813890194,-0.0006677329719799729,0.04755231881232813,0.02676642923508865,0.006930921537322554,0.007217557458696788,0.02476660211045978,0.017110653213567417,0.027277824591848798,0.016442920241587444,0.0025112224813890194,-0.0006677329719799729,0.04755231881232813,0.02676642923508865,0.006930921537322554,0.007217557458696788,0.011891184625615114,0.010929873510550525,0.02476660211045978,0.017110653213567417
13,1.0,P_amazement-d4-v2,amazement,1,1,0.023200840902835473,0.013965266849171876,9.599463894005567e-05,0.0007433856039886777,0.025910052879295264,0.014332097243602071,0.006055268144609549,0.006694029849217742,0.023104846263895418,0.013221881245183198,0.023200840902835473,0.013965266849171876,9.599463894005567e-05,0.0007433856039886777,0.025910052879295264,0.014332097243602071,0.006055268144609549,0.006694029849217742,0.017077533162682457,0.011108534125204628,0.023104846263895418,0.013221881245183198
13,1.0,P_amazement-d5-v2,amazement,1,1,0.017171588365323842,0.006771266810135401,0.01765673386331379,0.0070828010296049015,0.02430918368384294,0.008281934057428053,0.01825313883903501,0.007509204647223822,-0.0004851454979899472,-0.00031153421946950033,0.017171588365323842,0.006771266810135401,0.01765673386331379,0.0070828010296049015,0.02430918368384294,0.008281934057428053,0.01825313883903501,0.007509204647223822,0.02404491512096163,0.008692342250490537,-0.0004851454979899472,-0.00031153421946950033
13,1.0,P_amazement-d5-v4,amazement,1,1,0.01176958309951015,0.004021834347102349,-0.0245860576019723,-0.008803873454722222,0.016201739349163802,0.005541458962407653,0.014042154921102057,0.0034202251604167344,0.03635564070148245,0.01282570780182457,0.01176958309951015,0.004021834347102349,-0.0245860576019723,-0.008803873454722222,0.016201739349163802,0.005541458962407653,0.014042154921102057,0.0034202251604167344,-0.002044399377360673,0.0010389126411767258,0.03635564070148245,0.01282570780182457
13,1.0,P_amazement-d6-v1,amazement,1,1,0.005152388300038169,0.004112314340765977,-0.004977664671478976,-0.005011820368335584,0.00011068783255829828,-0.0011994985182823825,-0.006011067092963174,-0.00033335846517212886,0.010130052971517145,0.009124134709101561,0.005152388300038169,0.004112314340765977,-0.004977664671478976,-0.005011820368335584,0.00011068783255829828,-0.0011994985182823825,-0.006011067092963174,-0.00033335846517212886,0.002894023213678043,0.0014369355354975077,0.010130052971517145,0.009124134709101561
13,1.0,P_amazement-d6-v4,amazement,1,1,-0.007781692118835615,-0.0028962059163486487,-0.003995915907787584,-0.00207502172860341,0.0019307224796767386,1.4318847652461386e-05,-0.007366329902371849,-0.0006536572342596969,-0.003785776211048031,-0.0008211841877452386,-0.007781692118835615,-0.0028962059163486487,-0.003995915907787584,-0.00207502172860341,0.0019307224796767386,1.4318847652461386e-05,-0.007366329902371849,-0.0006536572342596969,0.0023125157770862437,-0.0004996310214435695,-0.003785776211048031,-0.0008211841877452386
13,1.0,P_admiration-d5-v1,admiration,1,1,0.01939662651265639,0.00517780731169637,0.05369989600847447,0.023108782754050594,0.02461194299899283,0.008646435239712424,0.01689096529630607,0.0009390833007194566,-0.03430326949581808,-0.017930975442354224,0.01939662651265639,0.00517780731169637,0.05369989600847447,0.023108782754050594,0.02461194299899283,0.008646435239712424,0.01689096529630607,0.0009390833007194566,0.001095040151601001,8.258884741385586e-05,-0.03430326949581808,-0.017930975442354224
13,1.0,P_admiration-d5-v3,admiration,1,1,0.020163551683113567,0.009005677886535501,0.04226975855318926,0.020667145557893285,0.015473480954720564,0.0036407936528526363,0.011668024920368891,-0.00033189585004755884,-0.022106206870075695,-0.011661467671357784,0.020163551683113567,0.009005677886535501,0.04226975855318926,0.020667145557893285,0.015473480954720564,0.0036407936528526363,0.011668024920368891,-0.00033189585004755884,0.013622071198915231,0.005412899563042917,-0.022106206870075695,-0.011661467671357784
13,1.0,P_admiration-d6-v1,admiration,1,1,0.013036187688537204,0.007427553791512942,0.03649337662850893,0.018929398479266446,0.01111018255822227,0.006508591563788357,-0.0005054429684268058,0.0028974001849810804,-0.02345718893997173,-0.011501844687753504,0.013036187688537204,0.007427553791512942,0.03649337662850893,0.018929398479266446,0.01111018255822227,0.006508591563788357,-0.0005054429684268058,0.0028974001849810804,-0.01172462108405048,-0.001612752323949529,-0.02345718893997173,-0.011501844687753504
13,1.0,P_admiration-d6-v2,admiration,1,1,-0.0009073499446783373,0.00181634837981548,0.008692507076188072,0.0073517852336237866,0.011620796202909567,0.0063045533647949625,0.0020249888253642823,0.001902393072033881,-0.009599857020866409,-0.0055354368538083065,-0.0009073499446783373,0.00181634837981548,0.008692507076188072,0.0073517852336237866,0.011620796202909567,0.0063045533647949625,0.0020249888253642823,0.001902393072033881,0.0045633504181519235,0.0010338353433962943,-0.009599857020866409,-0.0055354368538083065
13,1.0,P_admiration-d6-v3,admiration,1,1,0.012904261103225068,0.010002993333929844,0.0024873659921880176,0.004040587397356354,-0.007398264067768778,0.0008942531457014624,0.0013245003341890715,0.0077941468689108895,0.01041689511103705,0.005962405936573489,0.012904261103225068,0.010002993333929844,0.0024873659921880176,0.004040587397356354,-0.007398264067768778,0.0008942531457014624,0.0013245003341890715,0.0077941468689108895,-0.015623710168304772,0.00040616324488240707,0.01041689511103705,0.005962405936573489
13,1.0,P_admiration-d6-v4,admiration,1,1,0.020006837975340197,0.010609336021647486,0.00846249818727518,0.008879085219381189,0.007426028268957552,0.0049253570829037585,0.016590891245613193,0.008808681801754314,0.011544339788065017,0.0017302508022662977,0.020006837975340197,0.010609336021647486,0.00846249818727518,0.008879085219381189,0.007426028268957552,0.0049253570829037585,0.016590891245613193,0.008808681801754314,0.006215617254262007,0.005611261083911856,0.011544339788065017,0.0017302508022662977
13,1.0,P_vigilance-d4-v2,vigilance,1,1,-0.0145846262076752,-0.010355200150715227,0.01683964745553812,0.005311029763983122,-0.008519238447711963,-0.009726131861551579,-0.00743406338978847,-0.00479839080377964,-0.03142427366321332,-0.01566622991469835,-0.0145846262076752,-0.010355200150715227,0.01683964745553812,0.005311029763983122,-0.008519238447711963,-0.009726131861551579,-0.00743406338978847,-0.00479839080377964,-0.014288088089602802,-0.008615028679852976,-0.03142427366321332,-0.01566622991469835
13,1.0,P_vigilance-d5-v2,vigilance,1,1,0.030113888790965326,0.01383757770070293,0.01844037081328942,0.008448113466189788,0.03468969136393252,0.015535694146834977,0.013165811367736424,0.009331693117672124,0.011673517977675907,0.005389464234513142,0.030113888790965326,0.01383757770070293,0.01844037081328942,0.008448113466189788,0.03468969136393252,0.015535694146834977,0.013165811367736424,0.009331693117672124,0.016200472959036816,0.011256537917059717,0.011673517977675907,0.005389464234513142
13,1.0,P_vigilance-d5-v3,vigilance,1,1,0.011489740592741882,0.007556574787323633,0.0053515914148345445,0.0001328608499591155,0.0025626531070246372,0.0023122698616724335,0.0037999359490266116,0.004753150291653352,0.006138149177907337,0.007423713937364518,0.011489740592741882,0.007556574787323633,0.0053515914148345445,0.0001328608499591155,0.0025626531070246372,0.0023122698616724335,0.0037999359490266116,0.004753150291653352,-0.011060597039861175,-0.0017870226854874716,0.006138149177907337,0.007423713937364518
13,1.0,P_vigilance-d5-v4,vigilance,1,1,0.0008634291905504909,0.0024012318434127877,-0.00739557397506907,-0.0006043594323781321,-0.0016747392727669563,0.0006411068481462223,0.013981423033603058,0.007956294302741362,0.00825900316561956,0.0030055912757909198,0.0008634291905504909,0.0024012318434127877,-0.00739557397506907,-0.0006043594323781321,-0.0016747392727669563,0.0006411068481462223,0.013981423033603058,0.007956294302741362,0.0008853368653349847,0.0017870792484044884,0.00825900316561956,0.0030055912757909198
13,1.5,P_rage-d1-v2,rage,-1,1,-0.01844185394494291,0.0025924812606081815,-0.019043377486061885,0.01669753250403616,-0.01081626970887406,-0.0022304131969885788,-0.012204820057245769,-0.0006441720282137631,0.0006015235411189757,-0.01410505124342798,0.01844185394494291,0.0025924812606081815,0.019043377486061885,0.01669753250403616,0.01081626970887406,-0.0022304131969885788,0.012204820057245769,-0.0006441720282137631,0.02592360766981816,-0.0009540892730077744,-0.0006015235411189757,-0.01410505124342798
13,1.5,P_rage-d2-v3,rage,-1,1,0.03438686427476423,-0.013023930001309303,0.008462294705466888,0.00349845793715442,-0.0025333732411958465,0.004105451024877915,0.011119204878187183,-0.0021790026502190862,0.02592456956929734,-0.016522387938463723,-0.03438686427476423,-0.013023930001309303,-0.008462294705466888,0.00349845793715442,0.0025333732411958465,0.004105451024877915,-0.011119204878187183,-0.0021790026502190862,0.013590435497309095,0.007563667917465544,-0.02592456956929734,-0.016522387938463723
13,1.5,P_rage-d3-v3,rage,-1,1,0.04323909932455372,-0.014437818757465415,0.002051108854232986,-0.002895219911151159,-0.004919741588461868,0.005875899748460256,0.04011090807958295,-0.014983264475841196,0.041187990470320734,-0.011542598846314256,-0.04323909932455372,-0.014437818757465415,-0.002051108854232986,-0.002895219911151159,0.004919741588461868,0.005875899748460256,-0.04011090807958295,-0.014983264475841196,0.011649801789938685,0.005950539384555142,-0.041187990470320734,-0.011542598846314256
13,1.5,P_rage-d3-v4,rage,-1,1,0.005783861597516982,0.0002896585737115487,0.0015323038421115598,-0.0007790603977104738,0.019658611436942586,-0.0014986817246080975,-0.005050438875994878,0.0018486438768317015,0.004251557755405422,0.0010687189714220224,-0.005783861597516982,0.0002896585737115487,-0.0015323038421115598,-0.0007790603977104738,-0.019658611436942586,-0.0014986817246080975,0.005050438875994878,0.0018486438768317015,-0.005559247421111024,0.0010492694569608219,-0.004251557755405422,0.0010687189714220224
13,1.5,P_grief-d1-v3,grief,-1,-1,-0.007808002948011428,-0.006914620698077023,-0.007433042048092808,-0.005495784086706479,0.0025241579628865196,-0.0007913907641912132,-0.022003788899806587,-0.011917260512689154,-0.00037496089991861936,-0.0014188366113705442,0.007808002948011428,0.006914620698077023,0.007433042048092808,0.005495784086706479,-0.0025241579628865196,0.0007913907641912132,0.022003788899806587,0.011917260512689154,0.016818882467984686,0.009377366722083114,0.00037496089991861936,0.0014188366113705442
13,1.5,P_grief-d1-v4,grief,-1,-1,0.07400425763456031,0.02111198640438161,0.039449671358540606,-7.288653468506823e-05,0.06380204767875419,0.013171898498287149,0.09480501423380971,0.03163311907375643,0.034554586276019705,0.02118487293906668,-0.07400425763456031,-0.02111198640438161,-0.039449671358540606,7.288653468506823e-05,-0.06380204767875419,-0.013171898498287149,-0.09480501423380971,-0.03163311907375643,-0.08203320216502608,-0.02453807725594359,-0.034554586276019705,-0.02118487293906668
13,1.5,P_grief-d2-v1,grief,-1,-1,-0.008659237931650132,-0.006782226802833691,0.023605132632001258,0.010018428846278127,0.004803119820568469,-0.0013104676476665134,0.0193317306252907,0.0015573838477758173,-0.03226437056365139,-0.016800655649111818,0.008659237931650132,0.006782226802833691,-0.023605132632001258,-0.010018428846278127,-0.004803119820568469,0.0013104676476665134,-0.0193317306252907,-0.0015573838477758173,-0.02365574419998806,-0.005355392893019673,0.03226437056365139,0.016800655649111818
13,1.5,P_grief-d2-v2,grief,-1,-1,-0.030390667861653675,-0.01489258043842856,-0.020179711279387114,-0.010474848004086823,-0.025460619735437007,-0.012376897813467735,-0.03129540893420568,-0.017250353836956833,-0.010210956582266562,-0.004417732434341737,0.030390667861653675,0.01489258043842856,0.020179711279387114,0.010474848004086823,0.025460619735437007,0.012376897813467735,0.03129540893420568,0.017250353836956833,0.013188762869472015,0.006490295902823906,0.010210956582266562,0.004417732434341737
13,1.5,P_grief-d2-v3,grief,-1,-1,-0.02057924877983819,-0.008464829103468574,-0.022801300376662503,-0.011627369702917001,-0.03411459654868487,-0.013883550950562373,-0.007866648637196771,-0.006415950799928627,0.002222051596824315,0.003162540599448427,0.02057924877983819,0.008464829103468574,0.022801300376662503,0.011627369702917001,0.03411459654868487,0.013883550950562373,0.007866648637196771,0.006415950799928627,0.03235306238055635,0.0158064241018554,-0.002222051596824315,-0.003162540599448427
13,1.5,P_grief-d2-v4,grief,-1,-1,0.07513418780096348,0.028671395029381763,-0.0035723688724562663,-0.00321314233834169,0.03332594361426455,0.010144356007772082,0.07999836916016667,0.033385605103550375,0.07870655667341975,0.03188453736772345,-0.07513418780096348,-0.028671395029381763,0.0035723688724562663,0.00321314233834169,-0.03332594361426455,-0.010144356007772082,-0.07999836916016667,-0.033385605103550375,-0.04137955300183416,-0.01423125398178815,-0.07870655667341975,-0.03188453736772345
13,1.5,P_grief-d3-v2,grief,-1,-1,0.004798017893982376,-0.0003787409804738573,-0.010737165114671932,-0.010787238817391298,-0.02507464727292863,-0.012423102946241826,-0.018071500459680756,-0.007852870020043756,0.015535183008654307,0.01040849783691744,-0.004798017893982376,0.0003787409804738573,0.010737165114671932,0.010787238817391298,0.02507464727292863,0.012423102946241826,0.018071500459680756,0.007852870020043756,0.05519460528433928,0.02432470722740776,-0.015535183008654307,-0.01040849783691744
13,1.5,P_grief-d3-v3,grief,-1,-1,0.009390026212192204,0.0013044224838907326,-0.007420951973250212,-0.007116400420510871,-0.013968715350252126,-0.0038252457112255556,0.002730035398285313,-0.0008393239358959192,0.016810978185442416,0.008420822904401604,-0.009390026212192204,-0.0013044224838907326,0.007420951973250212,0.007116400420510871,0.013968715350252126,0.0038252457112255556,-0.002730035398285313,0.0008393239358959192,0.003148768417982506,0.000710233051512521,-0.016810978185442416,-0.008420822904401604
13,1.5,P_grief-d3-v4,grief,-1,-1,-0.012804628185203448,-0.0055649957957228935,-0.007812225490033242,-0.00893354648989586,0.009502252890824181,0.007264582554935117,-0.015701149461646136,-0.004680326339974172,-0.004992402695170206,0.003368550694172967,0.012804628185203448,0.0055649957957228935,0.007812225490033242,0.00893354648989586,-0.009502252890824181,-0.007264582554935117,0.015701149461646136,0.004680326339974172,-0.0028966046608567275,-0.0058173922235469355,0.004992402695170206,-0.003368550694172967
13,1.5,P_terror-d1-v3,terror,-1,1,-0.054434371770203605,0.02562897767483996,-0.015194471249134978,0.00558115279524074,-0.03751311277752123,0.016850806511058636,-0.0294450605656138,0.015080468046686502,-0.03923990052106863,0.02004782487959922,0.054434371770203605,0.02562897767483996,0.015194471249134978,0.00558115279524074,0.03751311277752123,0.016850806511058636,0.0294450605656138,0.015080468046686502,0.024978056470528642,0.0067287673214817545,0.03923990052106863,0.02004782487959922
13,1.5,P_terror-d2-v3,terror,-1,1,-0.01508621698310808,0.00912208480879606,-0.011756638441002387,0.003732935086924627,-0.012421671079000163,0.007442260588994998,-0.01915224436998031,0.016752741927601456,-0.0033295785421056934,0.0053891497218714335,0.01508621698310808,0.00912208480879606,0.011756638441002387,0.003732935086924627,0.012421671079000163,0.007442260588994998,0.01915224436998031,0.016752741927601456,0.023558876996499833,0.01263923767421904,0.0033295785421056934,0.0053891497218714335
13,1.5,P_terror-d2-v4,terror,-1,1,0.04917880727405333,-0.015063614214886556,-0.0015616999356460326,0.004415915154288186,0.03244964482055401,-0.008857746831022695,0.050248163851891015,-0.019865421043542497,0.05074050720969936,-0.019479529369174742,-0.04917880727405333,-0.015063614214886556,0.0015616999356460326,0.004415915154288186,-0.03244964482055401,-0.008857746831022695,-0.050248163851891015,-0.019865421043542497,-0.07446954859334287,-0.026629932087146813,-0.05074050720969936,-0.019479529369174742
13,1.5,P_terror-d3-v3,terror,-1,1,-0.023076096569274007,0.012164894980157825,0.006416618087975223,0.006036491304045377,0.011716156302651548,-0.0033371590188675526,-0.03968413287794936,0.020491980841732982,-0.02949271465724923,0.006128403676112448,0.023076096569274007,0.012164894980157825,-0.006416618087975223,0.006036491304045377,-0.011716156302651548,-0.0033371590188675526,0.03968413287794936,0.020491980841732982,0.01467251987473528,0.007217621675780883,0.02949271465724923,0.006128403676112448
13,1.5,P_terror-d3-v4,terror,-1,1,-0.031853707938395814,0.020643614866843407,-0.0143908564020645,0.011697848283550805,-0.0435812142926153,0.02389758731730751,-0.025537700132328922,0.019070392277840575,-0.017462851536331314,0.008945766583292603,0.031853707938395814,0.020643614866843407,0.0143908564020645,0.011697848283550805,0.0435812142926153,0.02389758731730751,0.025537700132328922,0.019070392277840575,0.0401513729510814,0.022309323553042493,0.017462851536331314,0.008945766583292603
13,1.5,P_ecstasy-d1-v1,ecstasy,1,1,0.11351068092119165,0.05913889693178476,0.01659626887012111,0.01060279332609948,0.05040392104133273,0.02381981725648874,0.04362519238440621,0.03063907626152984,0.09691441205107054,0.04853610360568528,0.11351068092119165,0.05913889693178476,0.01659626887012111,0.01060279332609948,0.05040392104133273,0.02381981725648874,0.04362519238440621,0.03063907626152984,0.0348675589918499,0.01898732561829064,0.09691441205107054,0.04853610360568528
13,1.5,P_ecstasy-d2-v1,ecstasy,1,1,0.021832206459619474,0.007306281564065209,0.018165921361610327,0.011454632263783182,-0.01298014866479491,-0.008321768803090102,0.005896905320622814,-0.0027246523507677978,0.0036662850980091477,-0.004148350699717973,0.021832206459619474,0.007306281564065209,0.018165921361610327,0.011454632263783182,-0.01298014866479491,-0.008321768803090102,0.005896905320622814,-0.0027246523507677978,-0.0039247535624173935,-0.00723660576474483,0.0036662850980091477,-0.004148350699717973
13,1.5,P_ecstasy-d2-v2,ecstasy,1,1,-0.010663529152914464,0.004114097332559297,-0.060546550445190306,-0.013656898634396342,-0.01802400877571042,-0.00011239044485300553,-0.018284953400388826,-0.00536636727901163,0.04988302129227584,0.01777099596695564,-0.010663529152914464,0.004114097332559297,-0.060546550445190306,-0.013656898634396342,-0.01802400877571042,-0.00011239044485300553,-0.018284953400388826,-0.00536636727901163,-0.04754142353561441,-0.012819887877411063,0.04988302129227584,0.01777099596695564
13,1.5,P_ecstasy-d2-v3,ecstasy,1,1,0.0003298084372920229,0.0007870813050132597,0.006734693587048035,0.0035364656722043364,0.006720923065105744,0.0018778327043857956,-0.03791763972876261,-0.013365807424061238,-0.006404885149756012,-0.0027493843671910767,0.0003298084372920229,0.0007870813050132597,0.006734693587048035,0.0035364656722043364,0.006720923065105744,0.0018778327043857956,-0.03791763972876261,-0.013365807424061238,-0.01673847971436615,-0.0013777416719653601,-0.006404885149756012,-0.0027493843671910767
13,1.5,P_ecstasy-d2-v4,ecstasy,1,1,-0.04187422140106811,-0.013761409788166645,-0.020552666062904734,-0.006908401937794295,-0.03424983698424455,-0.011557963036771923,-0.03288061661450481,-0.011379897474192546,-0.021321555338163378,-0.00685300785037235,-0.04187422140106811,-0.013761409788166645,-0.020552666062904734,-0.006908401937794295,-0.03424983698424455,-0.011557963036771923,-0.03288061661450481,-0.011379897474192546,-0.024345253543593515,-0.006417499174016683,-0.021321555338163378,-0.00685300785037235
13,1.5,P_ecstasy-d3-v1,ecstasy,1,1,0.0126289871921621,0.005727995415530707,-0.004924687878144596,-0.0021178347648707074,0.012883931644004143,0.00927272033414095,-0.0103892585182086,0.0007381858568926702,0.017553675070306696,0.007845830180401414,0.0126289871921621,0.005727995415530707,-0.004924687878144596,-0.0021178347648707074,0.012883931644004143,0.00927272033414095,-0.0103892585182086,0.0007381858568926702,0.00857610770524797,0.009673407612954321,0.017553675070306696,0.007845830180401414
13,1.5,P_ecstasy-d3-v4,ecstasy,1,1,-0.016250137811317344,-0.0005537052021447053,-0.001956156928539343,-0.00011343275262110097,0.008713647819423187,0.0028588727506866363,-0.003006453848230173,0.0075148443990284974,-0.014293980882778001,-0.00044027244952360434,-0.016250137811317344,-0.0005537052021447053,-0.001956156928539343,-0.00011343275262110097,0.008713647819423187,0.0028588727506866363,-0.003006453848230173,0.0075148443990284974,0.010853844759616038,0.007426687046955038,-0.014293980882778001,-0.00044027244952360434
13,1.5,P_loathing-d1-v2,loathing,-1,1,0.0036048229350242877,-0.0012982116470459104,-0.011467440119686145,0.0011592933080963874,0.006751331857633325,-0.004001078047047635,0.0002318360011868137,-0.0004512130172042994,0.015072263054710433,-0.002457504955142298,-0.0036048229350242877,-0.0012982116470459104,0.011467440119686145,0.0011592933080963874,-0.006751331857633325,-0.004001078047047635,-0.0002318360011868137,-0.0004512130172042994,0.0019876740672426507,0.0017633567199970557,-0.015072263054710433,-0.002457504955142298
13,1.5,P_loathing-d2-v2,loathing,-1,1,-0.019701229473247928,0.01076096197569143,0.0006482582042535157,0.003774675431994723,-0.008671163050856912,0.006173443082628793,-0.0256115615843564,0.010425365288396549,-0.020349487677501443,0.006986286543696707,0.019701229473247928,0.01076096197569143,-0.0006482582042535157,0.003774675431994723,0.008671163050856912,0.006173443082628793,0.0256115615843564,0.010425365288396549,0.03696593764044831,0.010546376088765186,0.020349487677501443,0.006986286543696707
13,1.5,P_loathing-d3-v2,loathing,-1,1,0.006009473324756431,-0.00038767387225657757,0.05484345338931673,-0.01583021556852593,0.011240025805532294,-0.004881510505652997,0.006736886975468703,0.003537900794017723,-0.0488339800645603,0.015442541696269352,-0.006009473324756431,-0.00038767387225657757,-0.05484345338931673,-0.01583021556852593,-0.011240025805532294,-0.004881510505652997,-0.006736886975468703,0.003537900794017723,-0.01157533940635691,-0.0021090977410338496,0.0488339800645603,0.015442541696269352
13,1.5,P_loathing-d3-v3,loathing,-1,1,0.0067725560596709755,-0.002111793464988132,0.010950254074637122,-0.003813286791215731,-0.004377194346410818,0.002020375998259105,0.005884879688192957,-0.005080563431517859,-0.004177698014966147,0.0017014933262275989,-0.0067725560596709755,-0.002111793464988132,-0.010950254074637122,-0.003813286791215731,0.004377194346410818,0.002020375998259105,-0.005884879688192957,-0.005080563431517859,-0.0005655359027545437,-0.0009520979277466424,0.004177698014966147,0.0017014933262275989
13,1.5,P_loathing-d3-v4,loathing,-1,1,-0.007126213443712004,0.006064984826254616,-0.00023356352037406936,0.004815685560409122,0.007525533040934285,0.0017378276978954332,0.0069192343824555635,0.0011175687119497901,-0.006892649923337935,0.0012492992658454938,0.007126213443712004,0.006064984826254616,0.00023356352037406936,0.004815685560409122,-0.007525533040934285,0.0017378276978954332,-0.0069192343824555635,0.0011175687119497901,-0.027236178338597927,-0.0024689727526703287,0.006892649923337935,0.0012492992658454938
13,1.5,P_amazement-d1-v1,amazement,1,1,0.009616897825028836,0.008509205984700507,-0.011430113546709642,-0.0020517897085499115,0.052219289721255,0.02708385319754658,0.008478318454808509,0.009907489712208672,0.021047011371738478,0.010560995693250419,0.009616897825028836,0.008509205984700507,-0.011430113546709642,-0.0020517897085499115,0.052219289721255,0.02708385319754658,0.008478318454808509,0.009907489712208672,0.045198401328261806,0.028637215160716156,0.021047011371738478,0.010560995693250419
13,1.5,P_amazement-d1-v2,amazement,1,1,-0.012355024189248276,-0.00039552507337692333,0.0037999897733413945,0.005209903058832843,-0.002549570983906513,0.0015274634615130012,-0.008281233467849702,0.002744017599553672,-0.01615501396258967,-0.0056054281322097665,-0.012355024189248276,-0.00039552507337692333,0.0037999897733413945,0.005209903058832843,-0.002549570983906513,0.0015274634615130012,-0.008281233467849702,0.002744017599553672,0.008632962736220051,0.0067934054735419025,-0.01615501396258967,-0.0056054281322097665
13,1.5,P_amazement-d1-v4,amazement,1,1,-0.02899628417468758,-0.00691146208803417,0.019260781747004962,0.020230299353867665,0.007648248391622481,0.011248348317815626,-0.03003747177490812,-0.009076231968237813,-0.048257065921692543,-0.027141761441901835,-0.02899628417468758,-0.00691146208803417,0.019260781747004962,0.020230299353867665,0.007648248391622481,0.011248348317815626,-0.03003747177490812,-0.009076231968237813,0.0018208012147971075,0.006940479133769273,-0.048257065921692543,-0.027141761441901835
13,1.5,P_amazement-d2-v1,amazement,1,1,-0.003501047649774769,0.00195964999795617,0.0048062162690794,0.003179981391183695,0.010080985255908281,0.003773185025925052,0.013624731261251188,0.012046422470024964,-0.008307263918854169,-0.001220331393227525,-0.003501047649774769,0.00195964999795617,0.0048062162690794,0.003179981391183695,0.010080985255908281,0.003773185025925052,0.013624731261251188,0.012046422470024964,0.007592489998669905,0.009144475272346853,-0.008307263918854169,-0.001220331393227525
13,1.5,P_amazement-d2-v2,amazement,1,1,0.036654122978376336,0.032254781596241955,0.020006010856258527,0.012122880484788823,-0.004811349737572357,0.007106401169758136,0.013601012096818632,0.022018214149810866,0.01664811212211781,0.020131901111453132,0.036654122978376336,0.032254781596241955,0.020006010856258527,0.012122880484788823,-0.004811349737572357,0.007106401169758136,0.013601012096818632,0.022018214149810866,-0.0026772984292224855,0.0030794237508828814,0.01664811212211781,0.020131901111453132
13,1.5,P_amazement-d3-v2,amazement,1,1,0.039622511041929265,0.021492926744758556,0.006319271900951051,0.004738624150252058,0.0499237601277418,0.017992374830773095,0.02623411855276636,0.01874431118828568,0.033303239140978214,0.0167543025945065,0.039622511041929265,0.021492926744758556,0.006319271900951051,0.004738624150252058,0.0499237601277418,0.017992374830773095,0.02623411855276636,0.01874431118828568,0.025892142793095374,0.007476825581636426,0.033303239140978214,0.0167543025945065
13,1.5,P_amazement-d3-v4,amazement,1,1,0.009453125826135889,0.0070153843717948305,0.02038863803992008,0.01102818459424082,-0.0026269254347495163,-0.0008911442892589605,0.01439363440715713,0.011586515933863506,-0.010935512213784193,-0.004012800222445989,0.009453125826135889,0.0070153843717948305,0.02038863803992008,0.01102818459424082,-0.0026269254347495163,-0.0008911442892589605,0.01439363440715713,0.011586515933863506,-0.020838403513283144,-0.007631656696267086,-0.010935512213784193,-0.004012800222445989
13,1.5,P_admiration-d1-v1,admiration,1,1,-0.01616319222176088,0.0001893284988456756,0.005940950150288948,0.009674931555538002,0.02988553702005703,0.014028876483423325,-0.009668269170661326,0.004415277014745644,-0.02210414237204983,-0.009485603056692327,-0.01616319222176088,0.0001893284988456756,0.005940950150288948,0.009674931555538002,0.02988553702005703,0.014028876483423325,-0.009668269170661326,0.004415277014745644,0.010192610795419998,0.006765870142226849,-0.02210414237204983,-0.009485603056692327
13,1.5,P_admiration-d1-v2,admiration,1,1,0.027707507157470168,0.018052130720604964,0.0003094304461468411,0.004556217477978741,0.030936190490595372,0.019720700035524175,0.020852365604271395,0.014712632237594114,0.027398076711323327,0.013495913242626223,0.027707507157470168,0.018052130720604964,0.0003094304461468411,0.004556217477978741,0.030936190490595372,0.019720700035524175,0.020852365604271395,0.014712632237594114,0.008011053259661782,0.009789372926463535,0.027398076711323327,0.013495913242626223
13,1.5,P_admiration-d1-v3,admiration,1,1,0.019591843521906682,0.017159611309745415,0.010802753790456698,0.006302718957435616,0.021723855714117057,0.012179887301111414,-0.007366248812084031,0.013961173525342208,0.008789089731449984,0.0108568923523098,0.019591843521906682,0.017159611309745415,0.010802753790456698,0.006302718957435616,0.021723855714117057,0.012179887301111414,-0.007366248812084031,0.013961173525342208,0.01377312594241964,0.01106941448089227,0.008789089731449984,0.0108568923523098
13,1.5,P_admiration-d2-v1,admiration,1,1,0.04692944049670711,0.031149489088551974,0.00549191816172101,0.006115902698662801,0.06483226758725458,0.027918692144172752,0.006615929069431203,0.015449146888206755,0.0414375223349861,0.025033586389889173,0.04692944049670711,0.031149489088551974,0.00549191816172101,0.006115902698662801,0.06483226758725458,0.027918692144172752,0.006615929069431203,0.015449146888206755,0.06147199702994488,0.03205167361916095,0.0414375223349861,0.025033586389889173
13,1.5,P_admiration-d2-v2,admiration,1,1,-0.0028315300080086203,0.011956801640586434,0.009707373903482086,0.009460164245336244,-0.02350706037384409,-0.005135204974846985,-0.02599549432503645,-0.004764803182841337,-0.012538903911490706,0.0024966373952501897,-0.0028315300080086203,0.011956801640586434,0.009707373903482086,0.009460164245336244,-0.02350706037384409,-0.005135204974846985,-0.02599549432503645,-0.004764803182841337,-0.024642537416414534,-0.007676358265203298,-0.012538903911490706,0.0024966373952501897
13,1.5,P_admiration-d2-v3,admiration,1,1,0.0076926301379778295,0.0016755569475481735,0.010908889843368463,0.0056519709066567,-0.041808976753252125,-0.022188654953175124,-0.022538861635276852,-0.01030670586696747,-0.003216259705390634,-0.003976413959108527,0.0076926301379778295,0.0016755569475481735,0.010908889843368463,0.0056519709066567,-0.041808976753252125,-0.022188654953175124,-0.022538861635276852,-0.01030670586696747,-0.04709107678407953,-0.029044968981043695,-0.003216259705390634,-0.003976413959108527
13,1.5,P_vigilance-d1-v4,vigilance,1,1,-0.07075442147403166,-0.02867488067531987,-0.0016509292713111634,-0.0018939242687334712,-0.02265163891231392,-0.003933214084996806,-0.05800370675679378,-0.020492199170687897,-0.0691034922027205,-0.026780956406586398,-0.07075442147403166,-0.02867488067531987,-0.0016509292713111634,-0.0018939242687334712,-0.02265163891231392,-0.003933214084996806,-0.05800370675679378,-0.020492199170687897,-0.03162307710973433,-0.006422591442346359,-0.0691034922027205,-0.026780956406586398
13,1.5,P_vigilance-d2-v3,vigilance,1,1,-0.0074081509374712695,0.0006860507944619343,-0.01487191286940348,-0.005933434551459449,-0.003150183195936407,-0.001468844646239198,-0.007578485439418525,0.00016715307209835828,0.007463761931932211,0.006619485345921383,-0.0074081509374712695,0.0006860507944619343,-0.01487191286940348,-0.005933434551459449,-0.003150183195936407,-0.001468844646239198,-0.007578485439418525,0.00016715307209835828,0.005437473259712444,0.00439608145138326,0.007463761931932211,0.006619485345921383
13,1.5,P_vigilance-d2-v4,vigilance,1,1,-0.033048211298478236,-0.008368883674013894,-0.00666708639761282,-0.004992551588028249,-0.02886866534369048,-0.007604828622342907,-0.043280340953526064,-0.006319393877367574,-0.026381124900865416,-0.003376332085985645,-0.033048211298478236,-0.008368883674013894,-0.00666708639761282,-0.004992551588028249,-0.02886866534369048,-0.007604828622342907,-0.043280340953526064,-0.006319393877367574,-0.02834700634550913,-0.0017374789525650414,-0.026381124900865416,-0.003376332085985645
13,1.5,P_vigilance-d3-v2,vigilance,1,1,0.0056116675472850375,0.006392368857977004,-0.0019835070002320876,0.0015526437010890959,0.004136633012470803,0.004540270676933744,0.015186645360554252,0.010601769299841912,0.007595174547517125,0.0048397251568879085,0.0056116675472850375,0.006392368857977004,-0.0019835070002320876,0.0015526437010890959,0.004136633012470803,0.004540270676933744,0.015186645360554252,0.010601769299841912,0.013682562286259525,0.007968842427857226,0.007595174547517125,0.0048397251568879085
13,1.5,P_vigilance-d3-v4,vigilance,1,1,0.02213228121098787,0.011225070481915012,-0.007318954879748318,-7.549991081745588e-05,0.0061357176442662364,0.004220089049501219,0.011559890272863083,0.008962128904755673,0.029451236090736188,0.011300570392732467,0.02213228121098787,0.011225070481915012,-0.007318954879748318,-7.549991081745588e-05,0.0061357176442662364,0.004220089049501219,0.011559890272863083,0.008962128904755673,0.0047792512291890965,0.003986249473598491,0.029451236090736188,0.011300570392732467
13,1.5,P_rage-d4-v1,rage,-1,1,-0.027339135838445827,0.015109431046520072,-0.00962143075936428,0.0010881173681234202,-0.046228275664025986,0.021672079579208692,-0.039229843233455686,0.02165769038266152,-0.017717705079081547,0.014021313678396652,0.027339135838445827,0.015109431046520072,0.00962143075936428,0.0010881173681234202,0.046228275664025986,0.021672079579208692,0.039229843233455686,0.02165769038266152,0.03351630886140988,0.018356687194990062,0.017717705079081547,0.014021313678396652
13,1.5,P_rage-d4-v2,rage,-1,1,-0.03610644923966699,0.019714651791676197,-0.03897341453402525,0.017715118590231782,-0.038048830370901676,0.016859657996269206,-0.02526568247905603,0.017054930054759776,0.002866965294358259,0.0019995332014444145,0.03610644923966699,0.019714651791676197,0.03897341453402525,0.017715118590231782,0.038048830370901676,0.016859657996269206,0.02526568247905603,0.017054930054759776,0.04271906311041196,0.022698624723778593,-0.002866965294358259,0.0019995332014444145
13,1.5,P_rage-d4-v4,rage,-1,1,0.023448956399779952,-0.010527817676976525,0.027260916265988477,-0.010381156091566979,-0.004427546772014068,0.0015811036648383237,0.02268559625072797,-0.008292856880590449,-0.0038119598662085252,-0.00014666158540954655,-0.023448956399779952,-0.010527817676976525,-0.027260916265988477,-0.010381156091566979,0.004427546772014068,0.0015811036648383237,-0.02268559625072797,-0.008292856880590449,0.008264911339761483,0.0036546914657460405,0.0038119598662085252,-0.00014666158540954655
13,1.5,P_rage-d5-v1,rage,-1,1,-0.01842396136872093,0.009006392271658115,-0.022499297132513973,0.013298227578825816,-0.015700615528445816,0.005140904355570797,-0.02642438124467006,0.01502198085561357,0.004075335763793042,-0.004291835307167702,0.01842396136872093,0.009006392271658115,0.022499297132513973,0.013298227578825816,0.015700615528445816,0.005140904355570797,0.02642438124467006,0.01502198085561357,0.014252882960711144,0.00726152009084613,-0.004075335763793042,-0.004291835307167702
13,1.5,P_rage-d5-v3,rage,-1,1,0.002477794143213252,-0.006499152820216736,0.007883958719166806,0.0013146083366777361,0.016384764975849286,-0.012665695944503952,-0.01103665526433728,-0.0028515140101044167,-0.005406164575953554,-0.007813761156894472,-0.002477794143213252,-0.006499152820216736,-0.007883958719166806,0.0013146083366777361,-0.016384764975849286,-0.012665695944503952,0.01103665526433728,-0.0028515140101044167,-0.0020334338651033512,-0.00990254086449216,0.005406164575953554,-0.007813761156894472
13,1.5,P_rage-d6-v2,rage,-1,1,0.00824113735883536,-0.005902007045609281,-0.01268858209397461,0.008182318371746433,-0.016579919603857185,0.0014272710411136202,0.00855635758656792,-0.004131812797537382,0.02092971945280997,-0.014084325417355714,-0.00824113735883536,-0.005902007045609281,0.01268858209397461,0.008182318371746433,0.016579919603857185,0.0014272710411136202,-0.00855635758656792,-0.004131812797537382,0.017338480402795398,0.004193231116987217,-0.02092971945280997,-0.014084325417355714
13,1.5,P_grief-d4-v2,grief,-1,-1,0.011434417291244614,0.004592938045253625,-0.030336701971476643,-0.015576233356990876,0.005385532421907868,0.001979816075154517,-0.0019852967405502575,-0.003214045307449176,0.04177111926272126,0.0201691714022445,-0.011434417291244614,-0.004592938045253625,0.030336701971476643,0.015576233356990876,-0.005385532421907868,-0.001979816075154517,0.0019852967405502575,0.003214045307449176,0.0027986315865558,0.004544405893133874,-0.04177111926272126,-0.0201691714022445
13,1.5,P_grief-d4-v3,grief,-1,-1,-0.03973582941583231,-0.018444059909679567,0.026653881728031514,0.008200619722957825,-0.02806662621917333,-0.012529709363386488,-0.04712715839998083,-0.01994401738917828,-0.06638971114386383,-0.02664467963263739,0.03973582941583231,0.018444059909679567,-0.026653881728031514,-0.008200619722957825,0.02806662621917333,0.012529709363386488,0.04712715839998083,0.01994401738917828,0.03611917224399441,0.013777873490728343,0.06638971114386383,0.02664467963263739
13,1.5,P_grief-d4-v4,grief,-1,-1,-0.024900120826109706,-0.014486133784441968,0.01321134149455716,0.0017984780835478276,-0.002997505833749692,-0.0021107952135617225,-0.014773122711328135,-0.009024035582399392,-0.03811146232066687,-0.016284611867989796,0.024900120826109706,0.014486133784441968,-0.01321134149455716,-0.0017984780835478276,0.002997505833749692,0.0021107952135617225,0.014773122711328135,0.009024035582399392,0.007512379013181025,0.001436337632206186,0.03811146232066687,0.016284611867989796
13,1.5,P_grief-d5-v1,grief,-1,-1,-0.0059330871248661765,-0.006038565486376157,-0.020070748572173613,-0.013645353056049636,0.00652822243930995,0.0028295143934142786,-0.013808211346984844,-0.006220265552813853,0.014137661447307437,0.007606787569673479,0.0059330871248661765,0.006038565486376157,0.020070748572173613,0.013645353056049636,-0.00652822243930995,-0.0028295143934142786,0.013808211346984844,0.006220265552813853,-0.00016023640034967812,-0.0010249268466120398,-0.014137661447307437,-0.007606787569673479
13,1.5,P_grief-d5-v2,grief,-1,-1,-0.007253254157492783,-0.007178345081383597,0.0315669707865327,0.008728510087578023,-0.010873553562971594,-0.007651094201787778,0.0008320604341216509,-0.004571173522074368,-0.03882022494402548,-0.01590685516896162,0.007253254157492783,0.007178345081383597,-0.0315669707865327,-0.008728510087578023,0.010873553562971594,0.007651094201787778,-0.0008320604341216509,0.004571173522074368,0.009475652424954628,0.007314255328045416,0.03882022494402548,0.01590685516896162
13,1.5,P_grief-d5-v3,grief,-1,-1,-0.006182679271106828,-0.0009479515394907878,-0.024341338378954802,-0.007401274066591412,-0.008950448436435998,-0.0028342938177807753,0.005304266132555746,0.001617834856320055,0.018158659107847974,0.0064533225271006245,0.006182679271106828,0.0009479515394907878,0.024341338378954802,0.007401274066591412,0.008950448436435998,0.0028342938177807753,-0.005304266132555746,-0.001617834856320055,-0.003436807772789763,-0.001644406093434636,-0.018158659107847974,-0.0064533225271006245
13,1.5,P_grief-d6-v1,grief,-1,-1,-0.024441718778410504,-0.010882373481448049,-0.021268124347987083,-0.013356721112553593,-0.022143499273267864,-0.009211871574750674,-0.028487428079602584,-0.011029228637232436,-0.003173594430423421,0.0024743476311055446,0.024441718778410504,0.010882373481448049,0.021268124347987083,0.013356721112553593,0.022143499273267864,0.009211871574750674,0.028487428079602584,0.011029228637232436,0.02282457088946188,0.007190565577106511,0.003173594430423421,-0.0024743476311055446
13,1.5,P_grief-d6-v2,grief,-1,-1,-0.004812302064559404,-0.004481691391667653,0.010407214131458176,0.0015297887814123001,-0.006550629273584185,-0.003547145738262536,-0.005052529086879254,-0.00174023114229227,-0.01521951619601758,-0.006011480173079953,0.004812302064559404,0.004481691391667653,-0.010407214131458176,-0.0015297887814123001,0.006550629273584185,0.003547145738262536,0.005052529086879254,0.00174023114229227,0.015902643646520165,0.002928430869527432,0.01521951619601758,0.006011480173079953
13,1.5,P_terror-d4-v1,terror,-1,1,0.008080178068897936,-0.00609373666137536,-0.003536886219441371,-0.0003358883596042972,0.011226418754556988,-0.0033781434593311843,0.005305351452239648,-0.0020799882743207654,0.011617064288339307,-0.0057578483017710624,-0.008080178068897936,-0.00609373666137536,0.003536886219441371,-0.0003358883596042972,-0.011226418754556988,-0.0033781434593311843,-0.005305351452239648,-0.0020799882743207654,-0.0054474529026893315,-0.0010374285401351102,-0.011617064288339307,-0.0057578483017710624
13,1.5,P_terror-d4-v2,terror,-1,1,-0.014536616166559213,0.010313143542331815,0.025070105786810792,-0.00933698086152468,-0.02381538443740361,0.014892517524872417,-0.009908528598518984,0.009522381504895705,-0.039606721953370005,0.019650124403856495,0.014536616166559213,0.010313143542331815,-0.025070105786810792,-0.00933698086152468,0.02381538443740361,0.014892517524872417,0.009908528598518984,0.009522381504895705,0.01714225181738449,0.011535929780352117,0.039606721953370005,0.019650124403856495
13,1.5,P_terror-d4-v3,terror,-1,1,0.010701403669880705,-0.0030024165019204574,0.004815941069137963,-0.0036261709816685084,-0.010837777467965104,0.003983888421336346,0.008710524517465679,-0.002308990138596201,0.005885462600742741,0.000623754479748051,-0.010701403669880705,-0.0030024165019204574,-0.004815941069137963,-0.0036261709816685084,0.010837777467965104,0.003983888421336346,-0.008710524517465679,-0.002308990138596201,0.00981656410189169,0.00784441702154881,-0.005885462600742741,0.000623754479748051
13,1.5,P_terror-d5-v1,terror,-1,1,-0.018237332323635336,0.007533488589428927,-0.04463176687777182,0.02974947265720118,-0.005236312406615262,0.001169738266485254,-0.020679036781533267,0.0056570525957782,0.02639443455413648,-0.022215984067772254,0.018237332323635336,0.007533488589428927,0.04463176687777182,0.02974947265720118,0.005236312406615262,0.001169738266485254,0.020679036781533267,0.0056570525957782,0.010370398028482164,0.001378499457025839,-0.02639443455413648,-0.022215984067772254
13,1.5,P_terror-d5-v2,terror,-1,1,-0.030575658317165022,0.01645068687896334,-0.025408145065718202,0.016320431503766386,-0.017030350816085615,0.008420072916175414,-0.008693340631884983,0.009223641063907273,-0.00516751325144682,0.00013025537519695263,0.030575658317165022,0.01645068687896334,0.025408145065718202,0.016320431503766386,0.017030350816085615,0.008420072916175414,0.008693340631884983,0.009223641063907273,-0.004615895528607972,0.00027005070293739664,0.00516751325144682,0.00013025537519695263
13,1.5,P_terror-d6-v2,terror,-1,1,-0.01743464581775278,0.00743368752130813,0.007272191131600714,0.00158572138572044,-0.005778764055761165,0.004785832146682267,-0.010871448961909724,0.0038019492841820934,-0.024706836949353495,0.00584796613558769,0.01743464581775278,0.00743368752130813,-0.007272191131600714,0.00158572138572044,0.005778764055761165,0.004785832146682267,0.010871448961909724,0.0038019492841820934,0.010216991482835613,0.003744380694233662,0.024706836949353495,0.00584796613558769
13,1.5,P_ecstasy-d4-v1,ecstasy,1,1,-0.0026273392173159493,-0.0016011193872556007,0.023227195174241544,0.01610844362943542,0.0108220010537039,0.004737901043953663,0.008005740228232305,0.0014420894886661983,-0.025854534391557493,-0.01770956301669102,-0.0026273392173159493,-0.0016011193872556007,0.023227195174241544,0.01610844362943542,0.0108220010537039,0.004737901043953663,0.008005740228232305,0.0014420894886661983,0.02083161236743969,0.01123853497463223,-0.025854534391557493,-0.01770956301669102
13,1.5,P_ecstasy-d4-v3,ecstasy,1,1,-0.01669027215944663,-0.005568835438869435,-0.0018309351060539214,0.0027033022214277835,0.006109072127723714,0.004660059938099259,-0.004023768628173219,-0.0001690607986826187,-0.014859337053392707,-0.008272137660297219,-0.01669027215944663,-0.005568835438869435,-0.0018309351060539214,0.0027033022214277835,0.006109072127723714,0.004660059938099259,-0.004023768628173219,-0.0001690607986826187,0.0033485060494262697,0.005382115238196761,-0.014859337053392707,-0.008272137660297219
13,1.5,P_ecstasy-d5-v1,ecstasy,1,1,0.007899475947456658,0.0019395544478202353,-0.02268145065045335,-0.0050960842119263106,0.008827483725267982,-0.00030109703975078617,0.010249136786875113,0.000661828732148706,0.030580926597910008,0.007035638659746546,0.007899475947456658,0.0019395544478202353,-0.02268145065045335,-0.0050960842119263106,0.008827483725267982,-0.00030109703975078617,0.010249136786875113,0.000661828732148706,0.0033087463540373285,-0.001454043119888393,0.030580926597910008,0.007035638659746546
13,1.5,P_ecstasy-d5-v2,ecstasy,1,1,-0.013490290546219974,-0.002622242009611142,-0.004081425037809616,0.0014355659768563456,0.015699870095568613,0.004940431799079548,-0.0018008750481286473,0.0003004467337137662,-0.009408865508410358,-0.004057807986467488,-0.013490290546219974,-0.002622242009611142,-0.004081425037809616,0.0014355659768563456,0.015699870095568613,0.004940431799079548,-0.0018008750481286473,0.0003004467337137662,-0.007047822883475385,-0.0015429776834468,-0.009408865508410358,-0.004057807986467488
13,1.5,P_ecstasy-d5-v4,ecstasy,1,1,-0.011552776745925364,-0.0037426178416986033,0.02341730454208335,0.014769116274373495,-0.003173465427174449,0.00043573493044490874,-0.015025677592086506,-0.00659195244185895,-0.034970081288008714,-0.0185117341160721,-0.011552776745925364,-0.0037426178416986033,0.02341730454208335,0.014769116274373495,-0.003173465427174449,0.00043573493044490874,-0.015025677592086506,-0.00659195244185895,-0.0068404192744138115,-0.0011726843773267603,-0.034970081288008714,-0.0185117341160721
13,1.5,P_ecstasy-d6-v1,ecstasy,1,1,-0.016464446903165175,-8.279777395436838e-05,0.022744192468313607,0.014483333858936298,-0.009797314075756347,-0.00017496507096836922,-0.007691582386068596,-0.0008887325803175194,-0.03920863937147878,-0.014566131632890666,-0.016464446903165175,-8.279777395436838e-05,0.022744192468313607,0.014483333858936298,-0.009797314075756347,-0.00017496507096836922,-0.007691582386068596,-0.0008887325803175194,-0.0005726885554881989,0.0020220056223867466,-0.03920863937147878,-0.014566131632890666
13,1.5,P_ecstasy-d6-v2,ecstasy,1,1,0.020585037118577176,0.014671413318484205,0.023881690784797627,0.012307190662796508,0.029202836642866714,0.016851513987830913,0.042933184176138006,0.025926107327477244,-0.0032966536662204504,0.0023642226556876977,0.020585037118577176,0.014671413318484205,0.023881690784797627,0.012307190662796508,0.029202836642866714,0.016851513987830913,0.042933184176138006,0.025926107327477244,0.04063101377086076,0.023577272481272615,-0.0032966536662204504,0.0023642226556876977
13,1.5,P_ecstasy-d6-v3,ecstasy,1,1,0.0004915116646424522,0.0038920514512037485,-0.00829070807134169,-0.003831939214390623,0.0031922013403145044,0.004021105481322174,-0.007246837419891516,0.0006666519856484143,0.008782219735984143,0.007723990665594371,0.0004915116646424522,0.0038920514512037485,-0.00829070807134169,-0.003831939214390623,0.0031922013403145044,0.004021105481322174,-0.007246837419891516,0.0006666519856484143,-5.496116518122207e-05,0.0015077857213516843,0.008782219735984143,0.007723990665594371
13,1.5,P_loathing-d4-v1,loathing,-1,1,0.029999128963504873,-0.0073923171901704166,-0.014542822949597856,0.006668972297644515,-0.0020149563736371334,0.0022095316485764016,-0.0016435711981102052,0.00479688846891424,0.04454195191310273,-0.014061289487814932,-0.029999128963504873,-0.0073923171901704166,0.014542822949597856,0.006668972297644515,0.0020149563736371334,0.0022095316485764016,0.0016435711981102052,0.00479688846891424,0.014395800822283977,0.007520325929770699,-0.04454195191310273,-0.014061289487814932
13,1.5,P_loathing-d5-v2,loathing,-1,1,-0.030906619098519883,0.013548955535535256,-0.013284782287711572,0.01798113857129202,-0.0034988890625999858,0.0017301033103649388,-0.027874071375811216,0.009961708688666082,-0.01762183681080831,-0.004432183035756765,0.030906619098519883,0.013548955535535256,0.013284782287711572,0.01798113857129202,0.0034988890625999858,0.0017301033103649388,0.027874071375811216,0.009961708688666082,0.023518842924621364,0.007149126466814426,0.01762183681080831,-0.004432183035756765
13,1.5,P_loathing-d6-v2,loathing,-1,1,0.003608865863256483,-0.0019046939628966086,0.006821209457238631,-0.0003635430847479526,0.010789909468489789,-0.006577758334641359,0.0065398229986324274,-0.006020407080945311,-0.0032123435939821476,-0.001541150878148656,-0.003608865863256483,-0.0019046939628966086,-0.006821209457238631,-0.0003635430847479526,-0.010789909468489789,-0.006577758334641359,-0.0065398229986324274,-0.006020407080945311,-0.007277070680628217,-0.0050728174582115315,0.0032123435939821476,-0.001541150878148656
13,1.5,P_loathing-d6-v4,loathing,-1,1,0.007719594436646382,-9.275709778489016e-05,0.051978070238853036,-0.019150702329230995,-0.005394813215366945,0.005408444623230757,-0.021818007033227005,0.010130796805046582,-0.044258475802206654,0.019057945231446105,-0.007719594436646382,-9.275709778489016e-05,-0.051978070238853036,-0.019150702329230995,0.005394813215366945,0.005408444623230757,0.021818007033227005,0.010130796805046582,0.029119746869168406,0.016496636003895393,0.044258475802206654,0.019057945231446105
13,1.5,P_amazement-d4-v1,amazement,1,1,0.04087162170675729,0.023686101078838284,0.0017911315104850445,-0.0005099859207540192,0.058891543711586,0.033959945369674394,0.015237417890302307,0.013586476213687249,0.039080490196272244,0.024196086999592303,0.04087162170675729,0.023686101078838284,0.0017911315104850445,-0.0005099859207540192,0.058891543711586,0.033959945369674394,0.015237417890302307,0.013586476213687249,0.024892503123326915,0.01952852414733952,0.039080490196272244,0.024196086999592303
13,1.5,P_amazement-d4-v2,amazement,1,1,0.027732273712214095,0.01763660684878854,0.002636216820114612,0.0024648616434586046,0.03564580962309094,0.021491570986334807,0.00948844355560885,0.009621277665402328,0.025096056892099483,0.015171745205329934,0.027732273712214095,0.01763660684878854,0.002636216820114612,0.0024648616434586046,0.03564580962309094,0.021491570986334807,0.00948844355560885,0.009621277665402328,0.02358576247138444,0.015553811654422933,0.025096056892099483,0.015171745205329934
13,1.5,P_amazement-d5-v2,amazement,1,1,0.007389955363361622,0.004158064646115456,0.007309799106568704,0.0034560237300000907,0.01937305145125734,0.005629077292244489,0.014527159479399643,0.008300921879308198,8.015625679291816e-05,0.0007020409161153651,0.007389955363361622,0.004158064646115456,0.007309799106568704,0.0034560237300000907,0.01937305145125734,0.005629077292244489,0.014527159479399643,0.008300921879308198,0.03724113346051272,0.016427238144777423,8.015625679291816e-05,0.0007020409161153651
13,1.5,P_amazement-d5-v4,amazement,1,1,0.017687521156599217,0.0035065846676163304,-0.0352500255260102,-0.007959995908680462,0.008845934689249546,0.003962899715464374,0.015497444298339769,0.004730552610954675,0.052937546682609415,0.011466580576296792,0.017687521156599217,0.0035065846676163304,-0.0352500255260102,-0.007959995908680462,0.008845934689249546,0.003962899715464374,0.015497444298339769,0.004730552610954675,0.006669367735106402,0.006056153825888977,0.052937546682609415,0.011466580576296792
13,1.5,P_amazement-d6-v1,amazement,1,1,0.0024873130998752657,0.0032482156718200983,-0.0018270330311418448,-0.0035184983712666096,0.004629276719438025,0.0037250550029783724,-0.016985188589479172,-0.0024569067203610295,0.0043143461310171105,0.006766714043086708,0.0024873130998752657,0.0032482156718200983,-0.0018270330311418448,-0.0035184983712666096,0.004629276719438025,0.0037250550029783724,-0.016985188589479172,-0.0024569067203610295,-0.00792074255668096,-0.001862175899674412,0.0043143461310171105,0.006766714043086708
13,1.5,P_amazement-d6-v4,amazement,1,1,-0.0066228407861936844,-0.0035031032690531205,-0.013843731050605435,-0.006725992199333675,-0.0025892144063082156,-0.0018734789741916558,0.006980618866267552,0.006545599079589515,0.00722089026441175,0.003222888930280554,-0.0066228407861936844,-0.0035031032690531205,-0.013843731050605435,-0.006725992199333675,-0.0025892144063082156,-0.0018734789741916558,0.006980618866267552,0.006545599079589515,-0.0010477034406868313,0.0003710476732550205,0.00722089026441175,0.003222888930280554
13,1.5,P_admiration-d5-v1,admiration,1,1,0.02169214556904997,0.004822423059810177,0.059777619496358625,0.028302672840413656,0.03384012330374908,0.01082225653240343,0.014253050371003884,-0.0008289617129091376,-0.038085473927308655,-0.02348024978060348,0.02169214556904997,0.004822423059810177,0.059777619496358625,0.028302672840413656,0.03384012330374908,0.01082225653240343,0.014253050371003884,-0.0008289617129091376,0.014929597465029865,0.0026233780936464335,-0.038085473927308655,-0.02348024978060348
13,1.5,P_admiration-d5-v3,admiration,1,1,0.03026620272681768,0.012729635886429058,0.039010748837134734,0.021364936090471076,0.01811532032527552,0.0056736353269810635,0.022733887485681503,0.0009350625747153174,-0.008744546110317053,-0.008635300204042018,0.03026620272681768,0.012729635886429058,0.039010748837134734,0.021364936090471076,0.01811532032527552,0.0056736353269810635,0.022733887485681503,0.0009350625747153174,0.02179027584449189,0.004486982115630589,-0.008744546110317053,-0.008635300204042018
13,1.5,P_admiration-d6-v1,admiration,1,1,0.032143504678837864,0.01796777660703608,0.0360550377090858,0.02066362243505271,0.02808354932758128,0.015906476228519928,0.0012157114498227983,0.006200653907840081,-0.003911533030247938,-0.0026958458280166298,0.032143504678837864,0.01796777660703608,0.0360550377090858,0.02066362243505271,0.02808354932758128,0.015906476228519928,0.0012157114498227983,0.006200653907840081,-0.006155154444345889,0.0023896971288883684,-0.003911533030247938,-0.0026958458280166298
13,1.5,P_admiration-d6-v2,admiration,1,1,0.007423448268543353,0.005124707782582227,0.020855058024443984,0.012322797134247665,0.022091579501843484,0.012564329413620179,0.004436490001829441,0.005587624832393612,-0.013431609755900631,-0.007198089351665438,0.007423448268543353,0.005124707782582227,0.020855058024443984,0.012322797134247665,0.022091579501843484,0.012564329413620179,0.004436490001829441,0.005587624832393612,0.006584467069045807,0.006276541393225532,-0.013431609755900631,-0.007198089351665438
13,1.5,P_admiration-d6-v3,admiration,1,1,0.016538905270166993,0.014712918115987073,0.012473952758973894,0.007153500685908476,-0.015506131208375962,4.180681990018087e-05,0.010162746281761503,0.013872871279147603,0.004064952511193098,0.007559417430078597,0.016538905270166993,0.014712918115987073,0.012473952758973894,0.007153500685908476,-0.015506131208375962,4.180681990018087e-05,0.010162746281761503,0.013872871279147603,-0.024197580552600684,-0.0004922153536597307,0.004064952511193098,0.007559417430078597
13,1.5,P_admiration-d6-v4,admiration,1,1,0.022996978528778023,0.012131365278799322,0.013169439369486113,0.014250798623104188,0.012151081367096417,0.00940958159578198,0.02156466127120149,0.01076383599164954,0.00982753915929191,-0.0021194333443048663,0.022996978528778023,0.012131365278799322,0.013169439369486113,0.014250798623104188,0.012151081367096417,0.00940958159578198,0.02156466127120149,0.01076383599164954,0.01204844802350502,0.009458583644790686,0.00982753915929191,-0.0021194333443048663
13,1.5,P_vigilance-d4-v2,vigilance,1,1,-0.027623144511874642,-0.01823243915933226,0.03154287255085464,0.014217287562768632,-0.008710616162994178,-0.011537419560513129,-0.019022110832355388,-0.010121924335644295,-0.05916601706272928,-0.03244972672210089,-0.027623144511874642,-0.01823243915933226,0.03154287255085464,0.014217287562768632,-0.008710616162994178,-0.011537419560513129,-0.019022110832355388,-0.010121924335644295,-0.006050432787930937,-0.0059223522983424814,-0.05916601706272928,-0.03244972672210089
13,1.5,P_vigilance-d5-v2,vigilance,1,1,0.036845180506861475,0.019767564181136343,0.025535085799806012,0.011641561723451765,0.05311262612150003,0.02813689087204896,0.009937176231522571,0.010155804350599595,0.011310094707055462,0.008126002457684578,0.036845180506861475,0.019767564181136343,0.025535085799806012,0.011641561723451765,0.05311262612150003,0.02813689087204896,0.009937176231522571,0.010155804350599595,0.02675195041693268,0.017938754025462966,0.011310094707055462,0.008126002457684578
13,1.5,P_vigilance-d5-v3,vigilance,1,1,0.002728085298043581,0.007286460553158847,-0.0031385154215088917,-0.0021784405782323546,-0.00514860950083218,-0.0010587459093152063,0.001520339962923778,0.007059763444868139,0.005866600719552473,0.009464901131391201,0.002728085298043581,0.007286460553158847,-0.0031385154215088917,-0.0021784405782323546,-0.00514860950083218,-0.0010587459093152063,0.001520339962923778,0.007059763444868139,-0.006801357677382214,9.417223647378847e-05,0.005866600719552473,0.009464901131391201
13,1.5,P_vigilance-d5-v4,vigilance,1,1,0.02290278391247469,0.013694849620648597,-0.016072172041086574,-0.0015904021182286954,-0.001932579584839722,-0.0006962241668553304,0.014031241033390707,0.013805700715353808,0.03897495595356126,0.015285251738877292,0.02290278391247469,0.013694849620648597,-0.016072172041086574,-0.0015904021182286954,-0.001932579584839722,-0.0006962241668553304,0.014031241033390707,0.013805700715353808,0.0026176087805760417,0.004051671124121192,0.03897495595356126,0.015285251738877292
