id,text,human_writer_v,human_writer_a,human_writer_d,human_reader_v,human_reader_a,human_reader_d,w_ev,w_ea,w_ed,w_gv,w_ga,w_gd,w_p555,r_ev,r_ea,r_ed,r_gv,r_ga,r_gd,r_p555,s_ev,s_ea,s_ed,s_gv,s_ga,s_gd,s_p555
110CYL068_1079_1110,If I wasn't working here.,3.0,3.2,3.0,2.6,3.0,2.6,4.49823926029116,2.178929707269476,1.4624436880863545,4,2,1,1.6034882433913984e-09,7.058181643471625,3.4999827181451613,2.063332288389146,8,4,2,1.8239757326129332e-09,2.9501716419822963,2.4788971378511153,1.718110989202537,4,2,1,4.235121826534227e-09
110CYL068_1946_1997,"I've got more than a job; I've got a career.""",3.4,3.2,3.8,3.17,3.5,3.0,8.17398555051707,6.78155686498899,7.328788791608603,8,7,7,1.0447032159065081e-11,8.147743834687677,6.568383199064906,7.044156100602422,8,6,7,6.6810881744280655e-12,8.444958480534211,6.817179209078009,7.788529477788463,9,7,8,2.3459397803180696e-12
110CYL069_267_291,He has no time to waste.,2.8,3.2,3.2,3.0,3.5,3.5,7.168291543570485,6.110377925557847,6.339163456948243,8,6,7,1.3263432343901813e-07,7.825570568752466,6.199285809579507,6.6401721567254,8,6,7,1.86917483997181e-09,7.427657958061794,6.259003247943223,6.785948553992251,9,6,7,7.23456724051351e-08
110CYL069_313_453,"With the help of friends like you, Goodwill has continued to adapt our services to meet the human needs of our changing society.",3.2,3.0,3.2,3.6,3.2,3.6,7.450549474673595,5.800074239175037,6.457119373432299,8,6,7,1.344007524546287e-07,7.682393959176221,5.808478293591078,6.7158103270373495,8,6,7,1.0906325618581583e-07,5.6327347372704635,4.9152518139863215,5.149323505203415,8,6,7,5.22182781745294e-07
110CYL069_3152_3165,Real results.,3.0,2.5,3.17,3.0,2.75,3.0,7.407547729830138,6.16152125298756,6.258609745387434,8,6,7,2.6752993983779586e-06,7.718436814645762,5.74766441908575,6.547955203647805,8,6,7,3.6204398890957854e-07,7.53492636968397,5.907834869174853,5.560366294663602,9,7,6,1.976845052368063e-05
110CYL069_3409_3451,Your support helps provide real solutions.,3.4,3.2,3.4,3.4,2.6,2.6,7.5040034191943885,6.125946448116707,6.746142774206278,8,6,7,4.315727239658448e-08,7.76566458604476,5.9247848266023935,6.861046653931657,8,6,7,3.143455316072321e-08,7.782442233029143,6.340249803331769,6.861456172092787,8,6,7,2.5308725814238095e-08
110CYL069_545_682,"The gift that I am asking you to make will be used to continue our mission of helping people prepare for, find and keep jobs.",3.2,2.8,2.8,3.2,3.2,3.0,5.917420346228951,4.733247277259595,5.300939270003043,8,6,7,3.4296943442199887e-07,7.320078317973087,5.678853314140731,6.398257207580856,8,6,7,1.0600431920854357e-07,3.3521013904886714,4.480294580512817,4.740388576941056,1,2,3,5.142997107060153e-07
110CYL070_1342_1371,James M. McClelland President,3.0,2.8,3.0,3.0,2.67,3.33,6.4149598927878895,6.367296324932303,7.627372933684505,8,6,7,4.909653976444887e-10,7.739455795975742,6.169733462489463,7.324251693275202,8,6,7,3.163013279199578e-09,4.78465177324345,6.3385375817812815,7.515277838487887,8,6,7,7.074612184154167e-10
110CYL071_1114_1167,"At last, he has found success in a job that he loves.",3.5,3.0,3.25,4.0,3.6,3.4,8.153405917066157,6.836080845454243,7.546463517772892,8,7,7,3.718893184853001e-10,8.010538994957477,6.449547904809627,6.676048264077333,8,6,7,8.857752634526607e-11,8.496344026648881,6.808450454766402,7.804555480184796,9,7,8,9.767310027472144e-11
110CYL071_1837_1955,Their successes at work also saved taxpayers more than three-quarters of a million dollars in public assistance.,3.6,2.6,3.2,3.8,3.2,3.4,7.852379583078743,6.4820516235250585,7.297466253117909,8,6,7,5.4460880516613353e-11,7.754106630495231,6.101468877117488,7.068447066464491,8,6,7,2.1593167456676745e-08,7.628648177243518,6.3092275432590466,7.229396587722519,8,6,7,5.181734637776275e-11
110CYL071_1962_2031,"The savings are counted in more ways than dollars and cents, however.",3.0,2.2,3.2,3.0,2.67,3.67,5.412009018720321,3.2585029314438234,4.076903742431604,4,2,3,5.517244611476512e-08,6.566283679873713,3.8858353843417737,4.641152414143391,4,2,3,2.1365049064649767e-07,3.718124790779484,2.670995309379333,3.210700352180722,4,2,3,1.6794567545715758e-07
110CYL071_2392_2518,Your gift will help give new meaning to the word success -- for people who have seldom had reason to use the word.,3.6,3.0,3.2,3.6,3.4,3.0,7.010448874863337,5.5089745529334495,6.445681967656572,8,6,7,5.692587159674035e-07,7.5673160758576365,5.6834971042700015,6.686539776881514,8,6,7,1.2672534229374024e-07,5.838144561208867,5.371480571600284,6.073865744631798,9,6,7,2.7419572046270593e-06
110CYL071_246_283,Michael was born with cerebral palsy.,2.0,3.5,2.5,2.2,3.0,3.0,2.8437039244417615,2.305811319918486,2.490647868720878,4,2,3,7.473466813998947e-10,5.154813036443194,2.680163295825007,3.8909217085831385,4,2,3,3.9816214200928505e-09,1.1393005030227736,2.0092790975558263,2.7154027650315853,1,2,3,5.696305883897257e-11
110CYL071_458_550,His most recent job lasted only a year before cut-backs eliminated his position.,2.75,3.0,3.0,2.0,3.0,2.75,4.0826310170113445,2.4035234729053867,1.6825016419497387,4,2,1,9.664278550378839e-09,5.888149333031284,4.254010665302087,2.5195868434810755,4,4,2,2.641463408564982e-07,2.921920357747588,2.441602560608436,2.1856056042033813,4,2,1,1.218307211266187e-08
110CYL071_606_664,He resorted to public assistance dollars to survive.,2.6,3.2,3.0,2.8,3.0,3.2,3.795978679255456,2.45680989834836,2.902585845148621,4,2,3,1.0227582763655944e-08,6.6955452500746215,4.195271356290724,3.7685336588503353,8,6,7,1.2236464984546924e-07,2.829967055168816,2.447942521848434,2.625779927826785,4,2,3,5.319250681916955e-08
110CYL071_665_698,"Finally, Michael called Goodwill.",3.0,3.2,3.0,3.2,3.0,3.0,4.961791948122645,3.0167524744224834,3.993125213027257,4,2,3,2.3250292972385575e-08,7.049608777335775,4.225922314855784,5.6677986988787925,8,4,7,6.524157488618674e-08,4.218792892625473,3.641776752593424,3.98957848258369,4,2,3,2.0694079004089076e-06
110CYL200_1611_1668,"Some are blind, deaf or have other physical disabilities.",2.8,3.0,3.0,2.0,3.0,3.0,3.5908046075984106,2.1173276960610665,2.030467791916447,4,2,1,1.4675706219216268e-09,6.089250573248017,3.1011551244657376,3.983056381464671,4,2,3,1.2171502400955954e-08,2.5645455377401034,2.1650290688566223,2.6891527771393173,4,2,3,4.880993134110596e-09
110CYL200_2548_2558,"Sincerely,",3.25,3.25,3.0,3.2,3.0,3.2,6.981334798210275,5.061940319518979,5.577842604311536,8,6,7,1.0599517158057588e-08,7.691844460431688,5.475271654105655,5.283060747796677,8,6,7,1.4293574566718435e-08,6.273273747075858,4.772837662678141,4.036838731763286,8,6,7,2.8851935536293883e-08
110CYL200_481_588,He went to the Center Township Trustee for food stamps until he could find a job and a place to live.,2.8,3.0,3.0,3.2,3.0,3.0,3.407997908449808,2.6485818569536814,3.8058850180766104,1,2,3,2.4413288138218227e-09,6.819697291263977,5.031346308138433,6.318643244390348,8,6,7,6.041976340726212e-08,1.543494409549659,2.3923527987097666,3.6084924029712098,1,2,3,9.050598962119448e-09
112C-L012_1625_1768,Please take a few minutes to send a donation to help one or more of our children successfully cross that threshold into the future.,3.0,2.67,2.67,3.2,3.0,2.8,7.031503058174215,6.1692840013394274,6.02134775006491,8,6,7,8.776336354389995e-10,7.54177166187874,6.012024907392298,6.308058027332424,8,6,7,7.63699184341749e-10,5.935094256260481,6.072764110765798,5.8846605797954545,8,6,7,7.362106914673365e-09
112C-L012_409_634,"To help them establish themselves in the community, the Pleasant Run Emancipation fund was begun in 1993 by private donors who wanted to provide a measure of financial support for those leaving our programs.",3.2,3.0,3.4,3.2,3.0,3.2,2.2694043428978357,2.4304772914685717,2.496429731999367,1,2,1,1.889098097570369e-08,5.520438696684233,4.103660514365239,5.47664780791004,8,6,7,6.777282786255932e-07,1.2452986171519884,2.194705693418721,2.9888740059869177,1,2,3,4.3295262904548307e-08
112C-L013_1130_1256,"Today, we serve children and families with a multitude of problems: emotional, physical, psychological and sexual abuse.",2.6,3.0,2.8,2.6,3.2,3.0,4.198453793635258,4.573602556369657,2.233473372783406,4,4,2,2.785032116059604e-07,6.6005914350361286,5.486407938782623,3.746889761431484,8,6,4,1.8859618783048242e-07,3.5973081864240295,5.340519823500131,2.3075251850328313,4,5,2,3.409471246805462e-08
112C-L013_156_252,"Little ones, like Baby Jessica, caught in the struggle between adoptive and birth parents.",2.67,3.0,3.0,3.0,3.0,3.0,4.027479876044099,3.8792619188882713,2.3399397800817194,4,4,2,2.062636194562762e-06,5.784157138439612,5.098841014847801,3.5076681825535183,4,6,3,3.092712103599702e-07,2.717652562382372,3.893210644214428,2.766460877922519,4,4,3,2.5512657121762495e-06
112C-L013_973_1053,Pleasant Run Children's Homes began serving children nearly 130 years ago.,3.0,3.2,3.2,3.2,3.2,3.6,5.98847732821858,4.632859452961063,4.699730738675878,8,6,7,1.9561155865851282e-08,7.360587932519325,5.037448032326857,6.089922402883111,8,6,7,1.2918747214836887e-08,2.3426269627687173,3.0854798352644717,4.0702296042258785,1,2,3,2.7102975670882235e-08
112C-L014_1144_1226,"They leave Pleasant Run, generally, ready and able to contribute to society.",3.4,3.2,3.4,3.4,2.8,3.2,7.866511027673798,6.171417760773479,6.657292010697745,8,6,7,2.511013229376905e-08,7.696455862219935,5.865918846648215,6.5691970151296815,8,6,7,6.16224238805591e-08,6.837431416309301,5.593465311052563,5.83702048266525,8,6,7,5.852954384716737e-07
112C-L014_18_31,"June 26, 1995",3.0,2.75,3.0,3.0,2.17,2.67,5.462387417108597,4.688056868785844,3.568779438277556,8,6,7,9.575109970312575e-08,7.259273913369382,5.554060796413521,3.1809292367714166,8,6,3,1.955306679836799e-07,3.0753831265268103,4.688532973529938,2.8218854516313243,1,4,2,1.3972433136228464e-07
112C-L014_195_327,"Federal, state and local governments are freezing or withdrawing much-needed funding sources for people who are truly in need.",3.0,2.5,2.75,3.2,3.2,3.2,4.437358433551541,3.0194606645919375,4.154092168479967,4,2,3,2.068795792113082e-08,7.113953031498374,5.229539584578262,6.3443246707468415,8,6,7,8.635590699492013e-08,3.4158639359080425,2.771187237290985,4.2429225666137675,4,2,3,1.1044831356297531e-07
112C-L015_1147_1188,It may help a family stay together.,3.4,3.2,3.0,3.2,3.0,3.0,3.7548935333142337,2.541975393216402,2.6341057186137427,4,2,3,1.6618774431611657e-09,7.231278366562454,4.399832788558947,5.55222911318446,8,4,7,3.6642474364163535e-08,2.9493126596820636,2.67096218006142,3.1635618636016742,1,2,3,1.0842231085891334e-07
112C-L015_1682_1813,Let our families and children know that you want them to have the same kinds of memories of the holidays you will have.,3.4,3.2,3.0,3.4,2.6,3.0,4.44204176722174,4.392559065651317,5.248316065234336,8,6,7,5.577368407292705e-07,6.925182193703922,5.765576015529002,6.855582176922235,8,6,7,5.723219519898395e-07,2.179395677152871,3.4220414231490843,4.848814566318822,1,2,3,1.2528098998979232e-05
112C-L015_18_47,Dear Friends of Pleasant Run:,3.0,3.2,3.0,3.0,3.0,3.0,7.074315454807535,5.908707281496273,6.157712137393011,8,6,7,4.447788545635266e-08,7.686781406976784,5.8752690758412225,6.607073323195432,8,6,7,4.121534803213788e-08,6.573561968260791,5.994218850478573,5.370632191905727,8,6,7,1.3847412803253901e-08
112C-L016_1321_1331,"Sincerely,",3.2,2.8,3.2,3.2,2.8,3.0,6.981334798210275,5.061940319518979,5.577842604311536,8,6,7,1.0599517158057588e-08,7.691844460431688,5.475271654105655,5.283060747796677,8,6,7,1.4293574566718435e-08,6.273273747075858,4.772837662678141,4.036838731763286,8,6,7,2.8851935536293883e-08
112C-L016_805_903,They do not have the resources necessary to purchase gifts or food for a holiday meal.,2.75,3.0,3.0,2.2,2.6,2.6,1.9873364445775357,2.12781953682621,1.8038149420686516,1,2,2,1.834801364188358e-09,4.563251437385471,2.6438164375382502,2.7257805492284257,4,2,3,1.754996189674277e-08,1.5068427754958154,2.139137582262685,1.9369029093005192,1,2,2,1.239951084627642e-09
113CWL017_1596_1640,You can make a difference in a child's life.,3.6,3.4,3.2,3.0,3.0,3.0,7.648293642518735,5.440811131084776,6.354861010669963,8,6,7,4.795534297604397e-08,7.824070549518553,5.354652711968133,6.678456715381791,8,6,7,2.1863797957385437e-07,7.1028716318778,5.153291866494126,5.8899577773427225,9,6,7,3.735933654466921e-07
113CWL017_18_64,"June 1, 1998 BOYS & Girls Club OF INDIANAPOLIS",3.0,3.0,3.25,3.0,3.0,3.0,4.5816227944553685,4.547307389572708,3.74949439015161,8,6,7,1.5749151315382894e-07,6.177458003668548,5.545502234053128,5.526781752194072,8,6,7,3.4217906047268295e-08,2.294696984260101,5.245968832455495,4.043816037050722,1,4,2,3.079395352657569e-09
113CWL017_924_1027,Please read the enclosed brochure for more information on the wonderful Super Summer Safari Camp!,3.2,3.2,3.2,3.2,3.2,3.2,6.2261341350031,4.700115118155017,4.256598233819464,8,6,7,6.748950338026771e-07,6.9448664476029895,4.958520810507531,5.4817261526052725,8,6,7,6.021352629601234e-07,4.604271016354071,4.65874888218775,3.5698929569575153,8,6,7,1.6370262045732576e-06
114CUL057_1539_1549,Questions?,3.0,3.0,2.8,3.0,3.4,3.4,4.179077451916771,2.1193121111602493,1.391860108741144,4,2,1,2.68101589228458e-09,6.7346860039229695,2.8879197506161107,2.6981747710994446,8,4,2,3.277699751388978e-09,3.810273610263615,2.254143469842863,1.4817529533594287,4,2,1,7.663124737156715e-09
114CUL057_214_357,"Saturday, September 20,1997, from 2:00 p.m. until 7:00 p.m., marks a special day, as Jameson Camp will hold its first ever Jameson Grill.",3.0,3.0,3.2,3.4,3.4,3.0,3.9829839956328543,3.98091770133694,2.571136192485178,1,3,2,3.5162991797519697e-07,6.260010661890582,4.995071693290085,3.1725297045424243,9,6,3,1.6233814234566435e-07,2.21927541107161,4.036182947597292,2.3879579070259678,1,3,2,2.8806555582402515e-08
114CUL057_74_207,"The only fund raising event in the world where you can bring your entire family, other employees, or maybe even your neighbors.",3.0,3.0,3.2,3.6,2.2,2.6,7.169367788406473,6.21765793012931,6.295060487349182,8,6,7,1.4292442772694129e-09,7.5849536085882345,6.057091761968437,6.410136072051762,8,6,7,1.4826957221031148e-09,6.722643917534314,6.277164885669679,6.319545178547968,8,6,7,2.4942027494256484e-08
114CUL059_1731_1735,P.S.,3.0,2.33,3.0,3.0,3.0,3.0,6.47194038548386,5.01038801275121,4.713187718079741,8,6,7,7.692610514411798e-08,7.356933450401094,5.118781774504425,3.977865779355032,8,6,7,8.66513196574379e-08,6.249683687055998,5.835919035896502,3.9929469806691467,8,6,7,8.32072499692936e-08
114CUL060_783_845,"And not just during the summer, but throughout the year.",3.0,2.67,3.0,3.0,3.0,3.0,6.035751185731565,4.748223206326448,4.690121327872495,8,6,7,1.87116361360459e-06,6.8906083612883195,4.843987154513549,4.938682485501613,8,6,7,1.0324757126306063e-06,4.4269642589831495,4.467235043690177,3.8952250631880627,4,4,3,1.515007911724351e-05
115CVL035_1201_1335,"The end result will be kids who have a better understanding of and vision for their own future, be it college or a career.",3.4,3.2,3.2,3.4,3.4,3.6,7.485524642443839,6.647739098358596,6.437457458469072,8,7,6,1.3446690622664722e-10,7.6028945842112705,6.1589078925744944,6.87355667750852,8,6,7,2.6288054172615677e-09,6.41246640522542,6.558540668303362,6.5250333900872866,4,7,6,5.900597244762807e-09
115CVL036_1616_1741,I know that our staff and committee members will be happy to go with you to talk to these group if you need their help.,3.0,3.0,3.2,3.0,3.0,3.0,7.32076262531656,5.872386250985143,6.649272937340111,8,6,7,8.866970036544575e-06,7.609222138952828,5.901687894341803,6.956018886813383,8,6,7,1.9849619724418126e-06,6.904727244958511,5.677975950447962,6.472893731984963,8,6,7,1.7467732698336076e-05
115CVL036_1742_1858,We're at an exciting juncture and it won't be long until we start seeing solid results from our efforts.,3.4,3.4,3.6,4.2,4.0,4.0,7.782127915477735,6.830910964916842,6.75350662810975,8,7,6,6.109198734953603e-10,7.821825389809557,6.517540745659803,6.593803868734082,8,7,6,8.605455726011157e-10,7.829753304273618,6.732510838085623,6.7493366714877,8,7,6,8.089650736410736e-09
115CVL037_18_31,"July 30, 1999",3.0,3.0,3.0,3.0,3.0,3.0,5.604623581575967,4.931496938499248,3.7149919815178993,8,6,7,1.1475639479406034e-07,7.2544815166177505,5.544783246111232,3.4193514260226423,8,6,3,2.005129699607427e-07,3.3342062282856615,5.062037187804046,2.897583043322702,4,6,3,1.066669831606259e-07
115CVL037_2285_2424,"Your gift will enable CCI to provide these and other necessary services at a neighborhood level, face-to-face, where it counts.",3.8,3.2,3.4,3.2,3.0,3.2,5.956678925079993,5.266478074594012,5.92006024095175,8,6,7,5.455797382767919e-07,6.99225069881837,5.532334161279927,6.474943785124305,8,6,7,8.632972218641676e-07,4.705249364362139,5.3427389881077545,5.904775069217594,4,6,7,1.6326474462538094e-06
115CVL037_38_48,Dear Name:,3.0,2.5,2.5,3.0,2.6,3.2,6.67866102712004,5.260102404586141,5.2590525000901325,8,6,7,8.185320888314867e-08,7.512690101363829,5.578902295443855,5.306191640437658,8,6,7,6.681985460997595e-08,6.547894780446954,5.917940227380533,4.441703721092777,8,6,7,3.095794868543418e-08
115CVL037_946_1017,"Social Development and Recreation for children, youth and adults.",3.75,3.5,3.75,3.4,3.2,3.2,5.791932609922389,5.459815858724056,4.777147513702282,8,6,7,1.7197342622165453e-07,6.8699691795460724,5.349386751617722,5.699673285385045,8,6,7,8.69831757511994e-07,3.5774157671152107,5.458950992327984,4.657458621461087,4,6,7,7.862475736823946e-08
116CUL032_1095_1211,"As a provider of youth services, MCCOY, Inc. is here to support your valuable efforts to develop young people.",3.2,3.0,3.2,3.33,3.0,3.0,5.596370131559461,4.309571556721185,4.776549853953001,8,6,7,8.955241340213058e-07,7.274785876731958,5.225272380098122,6.076188147735574,8,6,7,7.72460186346557e-07,4.749715142157134,4.554647430180664,4.72087073537589,9,6,7,8.657136064105257e-07
116CUL032_1212_1431,"Recently, through a lot of hard work and alliances with organizations like yours, some steps have been taken in our community that will help young people continue to be involved in positive activities.",3.2,3.2,3.2,3.75,3.0,3.0,7.3483967090246844,6.465992957872182,6.1768466683975785,8,6,7,8.2372449415541e-10,7.521467915436023,6.095946674135492,6.483810775106232,8,6,7,4.699254416632982e-09,6.5011688139560295,6.461776930028389,6.1980150815830015,8,7,6,1.0466709795008592e-08
116CUL032_1432_1598,"One, IndyGo in April adopted a much-needed policy that all young people under the age of 19 may ride on their buses at half the normal fare all year long.",3.2,3.0,3.0,3.2,2.6,2.8,7.018178446544625,5.966386004189204,6.2489881908483245,8,6,7,4.794524335195233e-09,7.547759664364886,6.024694229173921,6.747719685977928,8,6,7,3.1107665150769316e-08,6.093291874900844,5.911564316635264,6.27911019476351,8,6,7,1.2862013769246324e-07
116CUL033_1389_1561,I have enclosed a packet of information about MCCOY and its work as well as an application with various options for supporting the youth of our community.,3.0,3.0,3.0,3.2,3.0,3.0,5.279321640394262,4.593620609856285,4.6546316929803115,8,6,7,6.567485413207397e-07,6.926078490692124,5.06960341099483,5.98559784900178,8,6,7,2.7697575642765367e-06,4.267684138401768,4.99146002263163,5.675865606541067,4,6,7,1.1308389725790202e-06
116CUL033_1704_1775,I will call you in a few weeks to discuss your level of interest.,3.0,3.2,3.6,3.4,3.4,3.4,4.424258736874683,2.9837290619068293,3.241122024911809,4,2,3,2.5123814647879876e-09,6.387775731247375,3.9438313515780665,3.8225621861031494,4,2,3,6.8832789171652764e-09,2.9736511956784772,2.7090727619968864,2.9023866083486376,4,2,3,1.1220047953797696e-09
116CUL033_259_497,"As you begin that process this year, I would like to ask you to consider helping young people in Marion County toward more positive youth development by becoming a supporter of the Marion County Commission on Youth, Inc.",3.25,3.0,3.0,2.5,2.5,3.5,5.28132393442879,5.2810327084378885,5.867814531314766,8,6,7,4.687008011080414e-08,7.114874055504641,5.836474326316941,6.862858873358766,8,6,7,1.4201951172246442e-08,2.8860960259509545,4.303034645601668,5.817114872459942,1,3,6,3.362111461382236e-08
116CUL034_2423_2505,McCoy has only one interest: the well being of Marion County's young people.,3.0,2.8,3.0,3.0,2.75,3.0,6.442539108267979,3.828289918472441,5.833823621324205,8,4,7,4.347457370050747e-09,7.518792522088359,5.324509623619976,6.37237731228291,8,6,7,5.839356603071097e-08,4.339660767688475,4.335614513135875,5.882869552767307,1,3,4,1.4940108516153508e-07
116CUL034_328_548,"It retained, however, the same mission with which it had been charged from its inception: to serve as a catalyst for effective, coordinated, and collaborative service delivery to youth in our community.",3.0,3.0,3.33,3.2,2.8,2.8,7.02507637672703,5.893765870202926,6.893530856765583,8,6,7,5.714334955667116e-08,7.422315385753367,5.956498069521817,7.22664250252708,8,6,7,2.1256465723632365e-08,6.197811274445234,5.529266835148316,6.790718142188395,8,6,7,3.261049138285485e-07
116CUL034_4602_4655,John T. Neighbours Philip B. Roby President Treasurer,3.0,3.0,3.0,3.0,3.0,3.0,5.850625695748947,5.365497401952256,6.311285849873665,8,6,7,6.640701665487061e-06,6.8933484831756004,5.562075985015104,6.738698969928066,8,6,7,2.156695255946788e-06,4.170830715493036,5.79538175568963,6.675229489569687,4,6,7,2.7126606427164705e-07
116CUL034_72_82,Dear Name:,3.0,3.0,3.0,3.0,2.4,2.6,6.67866102712004,5.260102404586141,5.2590525000901325,8,6,7,8.185320888314867e-08,7.512690101363829,5.578902295443855,5.306191640437658,8,6,7,6.681985460997595e-08,6.547894780446954,5.917940227380533,4.441703721092777,8,6,7,3.095794868543418e-08
116CUL034_979_1118,A Providers Council and a Youth Coalition are building relationships that will hopefully bear great fruit in the years to come.,3.33,3.0,3.33,3.8,3.2,3.0,5.333114317025964,4.641278192595282,3.1832090148819723,4,4,2,2.9094458234809922e-06,6.787939153824267,5.40661741791797,3.4461836107676986,8,6,4,1.3091724217041272e-06,4.374490274513702,4.537141845577281,2.51478108731585,4,4,2,2.447358004729325e-06
117CWL008_1187_1350,One of us will call you to discuss how your company can become an important highly visible partner with the JCC in support of our scholarship programs.,3.0,3.25,3.5,3.2,3.0,2.8,6.136902251211339,6.006912573579392,6.850961608050652,8,6,7,3.3864238535958616e-08,7.475493743320984,6.026035844696847,6.9897248282999795,8,6,7,2.4251281620630573e-08,4.787644711248889,6.044989894397138,6.889360931770733,1,6,7,1.2864793387130883e-07
117CWL008_1449_1499,Thank you in advance for your consideration.,3.6,3.4,3.2,3.6,2.8,3.2,6.191544902530488,3.723852609974089,5.119535266695781,4,2,3,3.6191374018122875e-08,7.730757013185523,4.887667901826035,6.490909589090347,8,6,7,5.468354980476817e-08,6.4431469958937155,4.137527881261185,5.299466476055095,9,6,7,3.651875034394173e-07
117CWL009_1602_1650,"Judy Laikin, Chair Auction '99 Sponsor Committee",3.0,2.6,3.0,3.2,3.2,3.2,5.52341989271558,5.762734483678493,5.799731125576969,8,6,7,1.128753575668836e-08,6.7907674413176,5.685596056781209,5.647183424683341,8,6,7,2.251886431967995e-08,3.883363848851226,5.841055515811324,6.1480572862217295,4,6,7,1.095744467094138e-08
118CWL048_1493_1549,But caring adults like you can reach out and help.,3.4,3.2,3.2,3.4,3.4,3.4,7.133142219200147,5.840632239536325,6.166681212663075,8,6,7,1.161008661114828e-07,7.614403117173758,5.722425603356265,6.339148513303936,8,6,7,1.8325144371142167e-07,6.086662178998427,5.608471505797311,5.636032257275248,8,6,7,6.452619212307368e-07
118CWL048_345_468,Big Sisters helps bridge that gap by providing children with the resources they need -- Big Sisters volunteers.,3.33,3.0,3.67,3.33,3.0,3.0,4.916023635295463,4.39476004341831,4.038488769955394,8,6,7,5.412723734331755e-07,6.779643247625203,5.53070383128177,5.658268773785237,8,6,7,2.3697055333968412e-07,3.484459592992758,4.016053880415154,3.2798080612723735,1,2,2,2.975485004258431e-06
118CWL049_1256_1327,"Today, we are offering you the opportunity to help change a life.",3.6,3.8,3.6,3.5,3.0,4.0,7.915411420840358,6.743446387223111,6.826720319770693,8,7,6,1.187488789741745e-10,7.911594454309245,6.353750033253529,6.7713366638398504,8,6,7,1.896251641716177e-10,8.133603590655945,6.69767064340721,7.206776630939745,9,6,7,1.3733000997912687e-10
118CWL049_1659_1850,"As a Matchmaker you will receive a description of ""your match"" and be identified as a Matchmaker on a plaque in the Big Sisters office, in the agency newsletter and annual report.",3.4,2.8,3.6,3.33,2.67,3.33,5.464526060452496,4.562443137560787,3.9747296823182108,8,6,7,4.3978661702969677e-07,6.944548154382455,5.7057413491403,4.170885848701026,8,6,7,5.540238141053195e-08,5.334924791899279,5.642481620760101,4.437313565023922,8,6,7,8.294180309372353e-07
118CWL049_1975_2035,Over 235 girls are currently waiting for a Big Sister.,2.67,3.0,2.67,3.0,3.0,3.0,4.228878561583996,4.715876971553838,2.5957315831968346,4,4,2,8.484480149602219e-08,5.5214757595243515,5.427336653983754,3.1826781995006317,4,6,3,6.745817874537326e-08,3.4440874090068068,4.802894490406189,3.1089227592703903,4,6,3,2.487873643872293e-07
118CWL050_1405_1497,"Former Little Sister Amy, now 18-years old, is a testament to the Big Sisters program.",3.2,3.2,3.0,3.5,3.0,3.0,7.273232320717573,6.396572437457207,7.1511555631946635,8,6,7,4.1199563272310016e-08,7.538549484954129,5.898345602815627,6.963011830077406,8,6,7,2.6315218752033384e-07,6.302108834968843,6.266883135334686,7.147204368934123,8,6,7,3.242088645157026e-08
118CWL050_1504_1554,"""I was matched with my Big Sister in June of 1992.",3.2,3.0,3.2,3.4,3.0,3.2,4.770752240362316,4.776278335851611,3.4304145455271806,8,6,7,1.2495637976456976e-07,6.813569817847919,5.435626277086404,3.3428814078108466,8,6,3,7.102449162539678e-08,3.2861287896012112,3.9037398193486927,2.9074563047526025,1,2,2,3.1160281075299534e-07
118CWL050_1555_1665,"Since then, she and I have grown very close and I have been able to experience lots of new things.",3.4,2.8,3.2,3.8,3.2,3.2,7.534701443725269,6.28250251124773,6.004357280784157,8,6,7,2.0384211350456064e-08,7.728726970742669,5.976882971657911,6.047259912941831,8,6,7,8.699066218422505e-08,7.205505441555697,6.368096104062165,5.69379286065664,8,7,6,4.51472540424278e-08
118CWL050_1666_1826,"We go to movies, dinner, concerts, and other stuff like that, but I have also been able to participate in charity events and fundraiser type things.",3.0,2.8,3.2,3.4,2.6,3.2,6.173081826264708,5.926764024924875,5.403369291920963,8,6,7,1.657080084318833e-08,6.912694240376528,5.976606431097845,5.831117866674274,8,6,7,7.708194921480789e-08,4.8162453851194345,5.931431754965695,5.447857917328883,8,6,7,1.0859315580468967e-07
118CWL050_2742_2992,"It will also be used to help maintain the infrastructure that fosters and supports the development of effective relationships, including volunteer orientation and training and ongoing supervision and support by a professional staff.",3.0,2.8,3.0,3.5,3.0,3.5,4.763936151934933,4.945062409832392,4.6255312596737825,8,6,7,4.9880693871315304e-08,6.732524722415464,5.940971003772098,6.465361728823764,8,6,7,1.919882249902241e-08,3.1399833011723866,5.32589456309751,5.35637082850197,4,6,7,4.141930450408419e-08
119CWL041_39_64,"Name Address City, ST Zip",3.0,2.6,3.0,3.0,3.0,3.0,6.294769976387203,5.533842608136219,3.4125923590492806,8,6,3,1.185124913647309e-07,7.356506059576374,5.479499416380359,3.4004533633816676,8,6,3,1.0936034958765547e-07,5.5155894050429755,5.884549930680331,3.282750167420261,4,6,3,7.321321300098703e-08
119CWL041_424_593,"The Urban Mission Branch is reaching out to middle school youth with programs based on caring, honesty, respect and responsibility for themselves and others.",3.2,3.0,3.0,3.67,3.33,3.67,6.931721082181156,5.573094843933128,3.128444204915365,8,6,4,2.1546329440476865e-08,7.4174762045711145,5.755554837782976,3.1706571419447354,8,6,3,3.0117206446664445e-08,4.3233288491134605,5.239670509461717,2.329031983139377,4,6,2,1.800766820564749e-08
20000410_nyt-NEW_81_280,"The Iraqi government has agreed to let U.S. Rep. Tony Hall visit the country next week to assess a humanitarian crisis that has festered since the Gulf War of 1990, Hall's office said Monday.",3.0,3.0,3.2,2.8,2.8,2.8,5.003705347250318,4.469320443327781,5.198439723496448,8,6,7,3.698179896796005e-06,7.157605772224182,5.725359039999708,6.777438288976051,8,6,7,1.3473762492772012e-06,2.249818443164551,3.730741893959114,4.639427145401029,1,2,3,3.1822493834437465e-06
20000419_apw_eng-NEW_1062_1183,"Iraq says the United States and Britain hold up delivery of needed supplies, using their clout in the United Nations.",2.8,3.2,3.6,2.0,3.5,3.5,5.101534798497031,5.396147003959818,5.64273132194954,4,6,7,3.449292880631572e-08,7.190461914704327,6.075686535922815,6.859281519512524,8,6,7,4.083131356165258e-09,4.069382683404906,5.3430756510890465,5.509864978429128,4,6,7,9.871729995710026e-08
20000419_apw_eng-NEW_568_766,"""It was very, very important"" to compel Iraq to rid itself of weapons of mass destruction so that ""it cannot use or export them to other countries,"" he told Associated Press Television News.",2.83,2.67,3.17,3.0,3.0,3.0,7.632184137331215,6.752491797987515,7.477773971159444,9,7,8,7.539996556444305e-11,7.831398602838637,6.645866495407059,7.205643747456166,9,7,8,1.0215872524570864e-10,7.268151999877372,6.787578330167751,7.631434064545957,9,7,8,3.1809094045611144e-11
20000419_apw_eng-NEW_770_902,But he insisted the international community can do a much better job in helping Iraq deal with its economic and health problems.,3.0,3.0,3.33,3.0,3.0,3.0,7.300079501648604,5.708727315053723,6.808344796382743,8,6,7,7.357353316973927e-07,7.649675158436836,5.846994901516226,6.871530518832956,8,6,7,1.8085305428226631e-07,6.403884339887467,5.945269680083023,6.712597709730877,9,6,7,3.3011285871051736e-07
20020731-nyt_11554_11817,"Indonesia is already receiving $400,000 in the current fiscal year for civilian training programs and is to receive a like amount next year; and the United States expects to provide an additional $16 million this year to train police officers in counterterrorism.",2.8,3.4,3.2,3.0,3.0,3.0,7.430582919175409,6.784360035789586,6.42614732139772,8,7,6,6.808621422330921e-09,7.635594366537993,6.610432164314814,6.47108281164829,8,7,6,8.394471098110602e-09,5.4010869162562125,6.652598466427436,6.603510729488184,4,7,6,1.770754621628087e-08
20020731-nyt_13028_13273,"The Malaysian foreign minister, Syed Hamid Albar, later told local reporters that Powell had proposed that American and Malaysian officials review the idea of forming a regional training center in Malaysia to coordinate antiterrorism activities.",3.2,3.2,3.0,3.2,3.2,3.0,6.611034219187614,5.586587690416605,6.054405674430633,8,6,7,4.5104528003585526e-07,7.4293446813945625,5.989854002266507,6.723999624803577,8,6,7,1.2569333825410834e-07,4.737859042777634,5.39713182457524,5.932072173812346,4,6,7,4.204379063963258e-07
20020731-nyt_13725_13978,"Powell said his discussions with Mahathir ""touched on the case"" of his former deputy, Anwar Ibrahim, who is serving a 15-year sentence on charges of sodomy and abuse of power after trials that Powell said the United States had ""always felt"" were flawed.",3.0,3.2,3.0,2.6,3.2,2.6,6.171060747834706,4.254742921667143,5.528141640553472,8,6,7,1.4583223201911444e-06,7.190487802861881,5.578867068523078,6.489937426776797,8,6,7,4.4696299650101744e-07,4.021346456904994,3.3710856205962063,4.794958415938203,4,2,3,2.9628992522066306e-06
20020731-nyt_15444_15550,"In recent months, Microsoft has announced partnerships with wireless carriers like Verizon and Sprint PCS.",3.0,2.4,3.2,3.0,3.0,2.8,4.710590642319932,3.722296386023806,3.554589857700471,4,3,2,4.030801201800191e-07,6.632613083630168,4.686589418860441,5.463528365151017,8,6,7,6.430687122172491e-07,3.1754671775103938,3.4636561996169792,3.475326992532917,1,2,3,1.9495018075036916e-06
20020731-nyt_16536_16609,"With the Marlins Floyd bated .287, hit 18 home runs and drove in 57 runs.",3.0,3.0,3.0,3.0,3.0,3.0,6.74817930711297,5.803025861177517,6.663626864696348,8,6,7,1.0553288284108988e-07,7.186900358565884,5.993148600780482,6.841369285467188,8,6,7,8.893280216721128e-07,5.85282667279606,6.055263712273907,7.159611080192709,8,6,7,1.5663572395224355e-07
20020731-nyt_18216_18387,"""There was death in D.C. throughout the '80s and into the '90s, and there was death everywhere,"" said Starke, who was reared in New Rochelle, N.Y., and played at Columbia.",2.6,3.2,2.8,2.0,3.8,2.8,3.686729075677045,4.62797552144171,3.69894626528499,1,4,2,1.5224403865998142e-07,7.034372961572756,5.950454369113449,6.784211458680436,8,6,7,4.944133970058256e-09,1.7731409630192503,4.418185840789076,3.7610695635477245,1,4,3,1.2086422643055391e-06
20020731-nyt_18388_18744,"""It wasn't like New York's or Boston's organized crime. It was kids shooting kids. It was a 14-year-old from R Street who got his crew of six together and ran their drug block killing another 14-year-old and his crew from a block away. And from the beginning I could see that it was all about jobs. I could see that you needed the private sector involved.""",2.2,3.4,3.2,2.0,4.0,3.0,4.26883317470727,6.177029782953207,7.209410734033387,4,6,7,2.519048601279867e-10,6.756464122100004,6.308498685346273,7.278382728543358,8,6,7,7.561211959587809e-10,2.439399079054282,6.126413002625935,7.28053991605686,1,6,7,6.109408125258972e-11
20020731-nyt_19249_19366,"The school, now in its third year, has been so successful that it recently received a $2 million grant from Congress.",3.6,3.4,3.2,3.33,3.0,3.33,7.398756786223608,6.504118715599613,6.825444973364341,8,7,7,9.515803795526887e-08,7.654964931688263,5.994054540055223,6.880671881566083,8,6,7,1.2081155885896345e-07,7.382371572556459,6.475231780840249,7.0719592087667476,8,7,7,3.788425115821985e-08
20020731-nyt_19477_19552,The program is coordinated with the University of the District of Columbia.,3.17,2.83,3.17,3.2,2.6,3.0,4.591288044014862,3.0568963662671047,3.1547999869023586,4,2,3,6.401765624804114e-09,6.323475283174883,3.532602643361089,3.4745055576916237,4,2,3,2.4813883688225796e-08,2.515441127490656,2.6508460074576643,3.001560059777241,1,2,3,1.3294926801274282e-07
20020731-nyt_20814_20879,"So, Starke matched a problem with a problem and found a solution.",3.2,3.4,3.0,3.4,3.4,3.4,5.397685673410084,3.7351181211743105,4.4354255787965915,4,2,3,1.1799935348221295e-07,7.038156800545171,4.547073737775978,5.5554543582475855,8,6,7,1.6257836179499918e-07,3.8010675444573176,3.3802201771382747,3.947615805049516,1,2,3,1.5242971963428456e-06
20020731-nyt_21120_21184,"Angela Nafis, 47, of Ecuador, has been in the school for a year.",3.0,2.8,3.2,3.0,3.0,3.0,5.214197053311407,4.857694174765622,3.3032682761639873,4,4,2,3.2715623135204194e-07,6.754947603684974,5.179540238469292,3.817795296925281,8,6,7,3.748590536416929e-07,3.2325542264571245,4.013349460246178,2.4521282171085255,1,3,2,2.272040276561859e-06
20020731-nyt_21693_21798,"""I did a lot of walking, got an interview and got a job and an opportunity of a lifetime,"" Orellana said.",3.5,3.0,3.5,3.2,3.0,3.0,7.870948544719476,6.733263764758008,7.03502586499279,8,7,6,4.1897133593441734e-10,7.830239065335106,6.545942287615241,6.686764256089864,8,7,6,4.1986754493177046e-10,7.528745054981648,6.838110379227375,7.769604070215609,9,7,8,2.4314866979555077e-11
20020731-nyt_22670_22752,The city has talked with Starke about using his students for some vehicle repairs.,3.0,3.0,3.0,3.0,2.8,3.0,3.708179611007747,2.6352597350271125,1.5365474939536528,4,2,1,1.3424940435033632e-08,6.770163165436665,4.70454799143645,3.073100785374705,7,4,2,3.755095128501166e-07,1.762027376410842,2.325511412772179,1.629642556044709,1,2,2,1.2219514823663945e-08
20020731-nyt_23634_23885,"The 1933 double eagle, a $20 gold piece with a mysterious history that involves a president, a king and a Secret Service sting operation, was auctioned Tuesday last night for a record price for a coin, $7.59 million, nearly double the previous record.",3.0,3.2,3.0,3.6,3.6,3.4,5.899438548912348,6.7642137195054,6.8039880090244935,4,7,6,8.953065087243322e-10,6.442128587402405,6.478583099285883,6.733512434601459,7,6,8,1.3386868854073448e-09,5.248191016800308,6.895723994822473,7.640417548592471,4,7,8,2.928460006836327e-09
20020731-nyt_25283_25405,"Sotheby's partner in the one-lot auction was Stack's Rare Coins, with which it shared the customary 15 percent commission.",3.2,3.0,3.4,3.2,2.8,3.0,3.8856423634469235,4.1531138746037435,3.8230521240321496,4,4,3,6.432473201276189e-06,4.982551283023723,5.499660530939614,5.940245178872371,4,6,7,1.5914824402074557e-06,3.5208614901767623,4.577022465281616,5.058017623150006,4,4,3,2.8762284208806117e-05
20020731-nyt_26843_26923,"""So the auction was almost like the ribbon-cutting ceremony for the convention,""",3.0,2.67,3.0,3.0,3.2,3.0,7.185090319107774,6.287198972276168,6.517092632674138,8,6,7,1.4732497824443847e-07,7.51799797972054,6.2569580999813255,6.587398498605046,8,6,7,1.833601470755583e-08,6.418854007487241,6.20673069292598,6.771427372434552,4,6,7,1.2140888572575269e-06
20020731-nyt_2749_3003,"Torricelli also insisted that he had not done any unusual favors for Chang, who first turned to the senator in 1995 for help in winning the repayment of some $71 million he said he was then owed in a failed business deal with the North Korean government.",3.0,2.2,3.2,3.0,3.0,3.0,3.162633051260624,3.3426200155402057,3.3497495928537555,1,2,2,1.7029389588972661e-06,5.888348764361083,5.316939276238479,5.401836886028602,8,6,7,4.4178477115701383e-07,1.2910507793340051,3.2085187068891683,3.688547658162133,1,2,3,1.4928118853766941e-06
20020731-nyt_30243_30713,"Your acceptance on loan from Mr. Chang of bronze statues (eagle and bronco buster) for display in your Senate office under your office's policy of accepting the loan of home state artwork was not consistent with Senate rules governing such loans, evidenced poor judgment, displayed a lack of due regard for the Senate rules and resulted in a violation of the Senate Gifts Rule (35) and, consequently, a violation of your public disclosure obligations under Senate rules.",3.0,3.0,3.0,2.2,2.6,3.6,4.450258405198064,4.229075478567886,4.863556691615295,4,4,4,0.00011566480721553753,6.052891021873764,6.004808271937411,7.142199688361817,4,6,7,1.2050257673727551e-06,3.7334970196519217,4.742537001465214,6.0144184872075455,4,4,5,5.166434023650995e-05
20020731-nyt_30717_31225,"Your failure to act to prevent the acceptance of or to pay for gifts of earrings from Mr. Chang to individuals (your sister, an employee and a friend) in your home at Christmas on the mistaken belief that such items were of little value or were not gifts to you under the circumstances, evidenced poor judgment, displayed a lack of due regard for Senate rules and resulted in a violation of the Senate Gifts Rule (35) and, consequently, a violation of your public disclosure obligations under Senate Rule 34.",2.6,3.0,3.2,2.75,2.75,3.25,3.576179192344412,3.9491886355697003,5.071430566545224,4,4,4,2.311919100796724e-05,6.403761877902209,6.022736017238239,7.147676711849296,8,6,7,3.0244563883743474e-08,3.0813057575428946,4.729359874382772,6.566527389714808,1,4,7,6.123148378350794e-06
20020731-nyt_34272_34544,"A photograph of the candidate standing in his Army uniform next to his mother is shown, then the advertisement shifts to McCall talking about education, while images of the candidate looking at a computer screen with a small child and of him surrounded by children appear.",3.0,3.0,3.0,3.0,2.8,3.0,4.977549276272013,5.171449786064597,4.337254669424484,8,6,7,6.205033788427336e-07,6.71726809446656,5.739502208749538,5.382552445767535,8,6,7,9.484914356265415e-08,3.421023249316752,4.890395311609616,4.187516547698697,4,6,7,1.9412071953414573e-06
20020731-nyt_345_598,"On the basis of thousands of pages of information developed in an earlier federal inquiry into Torricelli's activities, the committee chastised him for using poor judgment and disregarding Senate rules in his dealings with the former donor, David Chang.",2.8,3.0,3.2,2.5,3.5,3.0,5.019604967842682,4.2581682977583775,5.5033645317323465,8,6,7,9.345828235318476e-06,7.097765145379127,5.870851450124886,7.1545593575331585,8,6,7,9.622166709038434e-07,2.9888792967312403,3.7119845747530857,5.356388900381031,1,3,6,1.6296961687900112e-05
20020731-nyt_34718_34960,"""Time Magazine called his life an American dream. Carl McCall, Army lieutenant, state senator, ambassador to the United Nations, school board president, Citibank vice president, and one of the most effective comptrollers in New York history.""",3.2,3.2,3.0,3.0,3.2,2.8,7.232496360868482,6.641220266204156,7.953020864278882,8,7,8,4.0745323249419206e-12,7.400530932861552,6.406886699094544,7.400555034349281,8,6,7,2.732884240582762e-11,6.297730003707811,6.59531555335688,7.924536880523389,9,7,8,9.41021081587303e-12
20020731-nyt_35384_35499,"He had the title of ambassador when he was at the United Nations, but he was not the chief of the American mission.",3.0,3.2,3.4,3.0,2.8,3.0,4.934139892851853,4.119159882553067,3.4492902742647322,8,6,7,2.552799015406631e-07,6.688927500972783,5.1581108579109065,3.3318088856592984,8,6,3,2.946826903908889e-07,2.9254528577610417,3.524266933665763,2.335505707822667,1,3,2,7.12829405886679e-07
20020731-nyt_36654_36841,"The New Jersey Supreme Court on Tuesday overturned the death sentence of Leslie Ann Nelson, a transsexual go-go dancer who killed a police officer and an investigator with an AK-47 rifle.",2.6,3.6,2.8,2.4,3.2,3.0,5.408224116287987,5.343114794126088,2.8435183341245076,4,4,2,5.200596839794897e-08,7.130545215061243,6.025995412276683,3.39958587470377,8,6,3,4.8377612915515834e-09,3.6284042928319944,4.733993097045655,2.4687404146306546,4,4,2,5.819503992194554e-07
20020731-nyt_37846_38143,"Justice James R. Zazzali and Justice Virginia Long said in a separate opinion that in addition to the reasons given in the majority opinion, also written by Zazzali, they believed the death penalty would constitute cruel and unusual punishment because of Nelson's history of emotional disturbance.",2.8,3.0,2.8,2.8,3.2,3.0,5.692606095201279,4.819800795376338,5.812856536660554,8,6,7,1.406001704615749e-05,7.262666763359295,5.939358518626124,6.909572107913445,8,6,7,2.64208080300673e-06,3.4108320107364114,4.024230602839575,5.259589188418904,1,3,6,4.551248756237851e-05
20020731-nyt_41193_41271,"Like every other government institution, they hew closely to Mubarak's wishes.",3.0,3.0,3.0,3.0,2.4,3.2,3.592330438091716,2.2944296569002236,4.12132637580237,1,2,3,2.514351929477564e-07,6.537833911463706,4.361614760122769,5.884401068093526,8,6,7,1.479914148346598e-07,1.8009309088350047,2.141487988408975,3.3746958643373985,1,2,3,1.584321659237382e-07
20020731-nyt_4141_4282,"""a witness whose credibility has been called into question by the Department of Justice, a United States District judge and his own conduct.""",2.6,3.4,3.2,3.0,3.0,3.0,5.729815696832668,5.066648344852484,5.509877289520599,8,6,7,4.78363049810301e-06,7.218265797684659,5.896783925686961,6.898139772192166,8,6,7,8.729725207564857e-08,3.9700051351901964,4.513689392143505,4.625679507610444,4,4,4,4.690788154010738e-05
20020731-nyt_42178_42273,"While hardly the worst example of dictatorship in the Middle East, Egypt is one of the saddest.",2.0,3.0,3.0,2.6,3.0,3.0,4.008664641216061,2.4344951260059267,2.6175557703905588,4,2,3,6.483232343152194e-09,6.622834017513958,3.766541433396629,3.6188545939994574,4,3,2,1.1893612816132167e-08,3.2343090903176557,2.317111811960676,2.6076692999058326,4,2,3,9.721692605602781e-09
20020731-nyt_43908_44080,"Pataki openly questioned the Port Authority's requirement that any plan for the site replace all the office, hotel and retail square footage lost in the attack on Sept. 11.",3.0,3.2,3.6,3.0,2.67,3.67,3.5295242426526405,3.4339731730510445,4.344837409952218,1,2,3,9.799411814400888e-06,6.619451105402802,5.559975871469437,6.513872087586006,8,6,7,1.4926462421743024e-06,2.4956216525622077,3.660657488053657,4.7640574717529836,1,2,3,2.021570301274729e-06
20020731-nyt_46350_46422,"But he ignores emissions of carbon dioxide, the main global warming gas.",2.6,2.8,3.4,2.8,3.2,2.8,4.214103330494135,2.243144357444332,2.5513974219681694,4,2,3,8.31071181911195e-10,6.516861767969326,3.463520329101665,5.352660690291491,4,2,3,5.0025868172634075e-09,2.2720273677048395,2.1043360315184225,3.2075707833053726,1,2,3,5.2945308330255646e-09
20020731-nyt_47083_47129,We also agree that the law needs streamlining.,3.0,3.4,3.4,3.0,3.4,3.2,5.355155584149569,3.558974526423593,4.560887606962623,4,2,3,1.543531383093315e-07,7.318801170937638,4.77834766104754,6.085792139986571,8,6,7,3.3382675608549993e-07,3.7998889961179914,3.196506109392497,3.8983872493035276,1,2,3,5.840391009597947e-06
20020731-nyt_6466_6481,"""poor judgment""",2.6,2.8,2.8,2.2,2.8,2.6,3.7887557711825623,2.1198284391987405,1.68488590120705,4,2,1,1.2437796590061102e-09,5.388366993383703,2.769876066894857,2.6914006769671084,4,2,3,2.7499439330289444e-09,3.466045588586841,2.099416998949707,2.386305133134701,4,2,3,7.825533594754819e-10
20020731-nyt_6958_7157,"Finally, the committee appeared to have discounted Torricelli's contention that he was not responsible for expensive earrings that Chang had given as Christmas gifts to his sister, Stern and Balaban.",3.0,3.0,3.0,3.2,3.0,3.0,4.605425715159994,4.337811945859839,5.2238944215530445,8,6,7,3.415253725345916e-05,6.468677642260746,5.684372951354975,6.758410340989499,8,6,7,1.388644635967618e-06,3.393236606394433,4.409172384927959,5.772678854599082,4,6,7,1.0402689126517306e-05
20020731-nyt_7755_8095,"The analysis, which was assembled from banking and credit records, income-tax returns and congressional financial-disclosure forms, showed by March of 1998, Torricelli's cash expenditures were more than $22,000 in excess of the cash he had generated from checks and automatic-teller machines, an official who has reviewed the document said.",3.0,2.8,3.2,3.0,3.2,3.0,4.6982046398213955,4.167894707254925,5.303446979685404,8,6,7,1.4466158131504696e-07,6.554762255803955,5.629587072663241,6.865617465626306,8,6,7,2.65507598238456e-07,2.8124968848078664,4.493962804655358,6.210306498237945,4,6,7,9.329446092394349e-07
20020731-nyt_8899_8997,"Pascoe said, ""Only then will New Jersey voters be able to decide Torricelli's fitness for office.""",3.25,3.0,2.75,3.0,3.0,3.0,4.6519763105135175,3.426274101650212,5.370303837978956,1,2,3,7.288289144271487e-07,6.614906808703078,5.355145251706258,6.824611903785237,8,6,7,7.0184430435174626e-06,3.1462575485450746,2.9834547394446167,4.6164762302794955,1,2,3,1.0622473986711986e-06
602CZL285_1921_1931,Enclosures,3.0,2.5,3.0,3.0,3.0,3.33,6.570014123403509,4.7021972114536075,4.457846673638816,8,6,7,1.2091869699942254e-08,7.608471263600434,5.379452353351171,4.184761791965636,8,6,7,1.949014654761551e-08,4.725505857573177,4.1446106774262885,3.6348108116830176,1,2,3,8.688078984729093e-08
AMC2_2170_2286,Find a nearby hidden gem and start planning your next weekend or fam­ily vacation with all three superlative guides.,3.4,3.0,3.0,3.8,3.4,3.6,5.8828080198835515,6.369581440046575,6.44612397734062,4,6,7,2.397216758707045e-09,7.067906274806672,6.3970910861433286,6.575984904782605,8,6,7,1.5498614991062166e-09,6.035537469210062,6.5315081173423275,6.381434533975996,4,7,6,1.3235366583792572e-08
AMC2_2598_2741,You can spend a lifetime in New York City and miss out on the remarkable abundance of green space throughout the metropolitan area.,2.8,3.0,3.2,2.4,3.2,3.0,4.826239161851056,2.737024147049317,3.956649429867403,4,2,3,4.240602073021052e-10,6.496641944841667,3.5515303427725122,5.559533324202462,8,4,7,7.089905712719812e-09,2.7580155496626912,2.3387950434613884,3.368192237016086,1,2,3,1.9495481245248182e-09
AMC2_2742_2859,And in New York state there are even more adventures—great paddling destinations from Long Island to the Adirondacks.,3.0,3.0,3.2,3.4,3.4,3.2,6.578998416213549,5.029767563033564,5.50780648381507,8,6,7,1.7941449787133229e-06,7.528739918127261,5.55847363684746,6.497137103247972,8,6,7,6.460281077132302e-07,5.232716382595544,4.805894384387804,5.185167728892571,8,6,7,2.9123686910340976e-06
A_defense_of_Michael_Moore_12046_12126,To say that they could not have done otherwise is a bold lie by Moore's critics.,2.8,3.2,3.2,2.4,3.0,3.2,7.538387946580102,6.389660919286245,7.898406615823143,7,6,8,1.2732903326983853e-11,7.8321681915239525,6.391984336670459,7.608410229913108,7,6,8,3.355559975269052e-12,6.81477855164953,6.199257774031258,7.514936704239107,9,6,7,3.2890897669591437e-09
A_defense_of_Michael_Moore_12354_12467,"""Moore works by depriving you of context and guiding your mind to fill the vacuum -- with completely false ideas.",2.8,3.4,3.4,2.6,3.0,3.0,5.89676629791011,4.279706745404923,6.225610354470654,8,6,7,3.7456999567095876e-08,7.471568906515336,5.786285077603053,7.079709531833178,8,6,7,2.5793927200818643e-08,5.332120037720978,4.971882502404798,6.810315299324294,9,6,7,8.482908741660784e-07
A_defense_of_Michael_Moore_14246_14327,"a) Moore clearly states that ""before he came to Flint"", Heston gave an interview.",3.2,3.4,3.4,3.0,3.0,3.0,5.585934043765092,3.953689753678592,3.9118868490436154,4,2,3,1.7218148138353655e-06,6.5260329214650525,4.551240647724271,3.674499079723715,8,6,7,1.6209272057374257e-06,4.387575362615387,3.6402498025146794,3.2784802347593693,4,3,2,4.940884672816207e-06
A_defense_of_Michael_Moore_16580_17247,"After the Flint rally comes a brief TV interview with Heston, where he is asked about Kayla Rolland (again, clear evidence that the local media in Flint raised questions about the NRA's presence), then an inteview with country prosecutor Arthur Busch, entirely ignored by critics of the film, who also mentions Heston's presence as notable, and refers to the immediate reactions of ""people from all over America"", gun owners/groups who, according to him, reacted aggressively to warnings of having guns accessible to children, much like spanking advocates react aggressively when anti-spankers point to a case of a child being killed or severely injured by a beating.",2.8,3.2,3.4,1.8,3.6,3.0,5.1887570858359435,6.228266148574748,6.406084142177793,4,6,7,6.47344040689685e-08,7.199282409629884,6.5147848684133915,6.330787977441034,8,7,6,1.7452352837505153e-08,4.4146889701008964,6.324295271703936,6.626558665482982,4,6,7,1.3504329044319662e-07
A_defense_of_Michael_Moore_20281_20375,"In poor areas, the highly profitable drug business obviously is often seen as the last resort.",2.4,2.8,2.6,2.6,3.2,2.8,3.8774710013966716,2.3104469994899097,3.081898043271334,4,2,3,6.55016002578394e-09,6.865233593815374,4.183425094331841,5.78098482959583,8,4,7,1.4216783471618786e-08,2.9313153087275725,2.292028749859622,3.166609604370675,4,2,3,4.223571538355087e-09
A_defense_of_Michael_Moore_22605_22678,Never mind that the Taliban continued selling opium in spite of the deal.,2.8,3.2,3.0,3.0,3.0,3.5,2.970367851575282,2.1627223980298362,1.8560706573048606,1,2,1,1.1165149683640782e-09,6.251892564922434,4.1081449250079505,4.355150618843876,8,4,7,9.601745627804667e-08,1.6585242301902476,2.199363676407901,2.471701601607182,1,2,3,1.686422727227371e-09
A_defense_of_Michael_Moore_22780_22883,"Statistics are Moore's weakest point, and it is surprising that his critics don't dwell on them longer.",2.8,2.6,3.2,3.0,3.0,3.0,5.698429925858173,3.6712885772341757,4.935051196222877,4,2,3,6.191989922867129e-08,7.2667126557995285,5.494910660743039,6.6163557209232104,8,6,7,6.730866409575285e-07,3.484491098161603,3.386690015258574,4.0474141446160825,1,2,3,2.5082953018178022e-06
A_defense_of_Michael_Moore_22884_23058,That's because they know all too well that Moore is correct: The United States have a far greater homicide rate (both gun- and non-gun) than most other first world countries.,2.6,3.0,3.0,2.4,3.2,3.0,6.395237173044988,6.346483973374921,7.32163462321802,8,6,7,7.997476767077087e-11,7.44029484659108,6.266652242974963,7.282534115418396,7,6,8,8.073750039472094e-11,5.092043054876182,6.6720466682679405,7.733303878196991,4,7,8,2.210484224385526e-11
A_defense_of_Michael_Moore_25020_25089,"""That's right. I could buy as much ammunition as I wanted, in Canada.",3.2,3.4,3.2,3.4,3.0,3.6,6.946989802925195,6.350888569364969,6.010474198607707,8,6,7,1.4189673145499181e-07,7.703500419955398,6.2245570391748455,5.966905996780974,8,6,7,1.6848966332016448e-08,5.61501527226252,6.557750947751989,6.904058993157624,4,7,6,5.075964219116327e-07
A_defense_of_Michael_Moore_25366_25494,"If Moore simply chose not to show how he revealed his identification to the salesperson, there is nothing fraudulent about that.",3.0,3.2,3.2,3.0,3.4,3.0,5.530522161337209,3.643103855158878,5.222248112494359,4,2,3,4.839820021198896e-07,7.368270262092567,4.8550921696792315,6.592863686306125,8,6,7,2.3250673139895648e-06,4.371691717458888,3.629140373195033,5.422610323362171,1,2,3,5.644900214312715e-06
A_defense_of_Michael_Moore_2589_2742,"Similarly, the main motivation for the crusades (beyond the promise of wealth) was that Christians were supposedly being slaughtered and had to be saved.",2.33,3.5,3.17,2.4,3.0,2.8,6.605023640359439,5.5670147577545475,6.185175420209868,8,6,7,7.353963910082627e-08,7.6749453076964596,5.951044916233511,6.83481538850318,8,6,7,7.509951676857722e-08,4.801330722212809,5.15265291812352,5.748476008258464,9,6,7,3.0479431304055757e-07
A_defense_of_Michael_Moore_28503_28678,"His next project has the working title ""Fahrenheit 9/11: The temperature at which freedom burns"", and he intends to launch it shortly before the next US presidential election.",3.0,2.75,3.25,3.2,3.4,3.2,6.528554411192162,6.5407209186723225,5.5531869037545345,8,7,6,2.3922496559443186e-09,6.912173046463461,6.2804627870454235,5.3294954642586845,8,6,7,2.9850415806412104e-09,5.180255336889855,6.374150149599319,6.2092791733356,4,6,7,6.395500069462823e-08
A_defense_of_Michael_Moore_28769_28897,"After all, the same kind of PR blitz was started against the previous record-holding documentary: ""Roger & Me"" by Michael Moore.",2.8,2.6,3.0,3.0,2.75,3.0,5.704160535919794,4.7593345849196975,5.078823870733979,8,6,7,1.044766315036384e-06,7.327528823706252,5.682335775567706,6.072944431534775,8,6,7,2.1521092584241977e-07,4.430173975623617,5.3312267295147935,5.635578114427325,4,6,7,1.5384790763312186e-06
A_defense_of_Michael_Moore_28930_28964,This text is in the public domain.,3.0,2.6,3.0,3.0,2.6,2.6,4.039681966274795,2.2859574627794146,2.628626095084555,1,2,1,3.077475791389383e-08,7.822919661453119,3.6283391236716946,6.180102537072996,8,4,7,2.936821146205081e-08,3.0244647874984842,2.2154249768502963,2.3084717142079185,1,2,1,1.733745537635363e-07
A_defense_of_Michael_Moore_5050_5125,It is no more so than any other successful documentary of the last decades.,3.0,2.6,2.8,3.0,2.6,3.0,5.433474202501374,3.424017809724619,4.512847869874767,4,2,3,2.3617903221913653e-07,7.505848759183831,5.416765023995436,6.653461139857827,8,6,7,1.549820150211733e-06,4.503861569102844,3.719228318414319,4.429316391664062,1,2,3,1.0130946043073988e-05
A_defense_of_Michael_Moore_5491_5647,"In an interview with the Wall Street Journal, linked from your site, an employee claims that the gun would have been ""normally"" picked up at another dealer.",3.2,3.2,3.2,2.8,3.0,3.2,4.478673056541687,4.311275257359382,2.909326261557134,4,4,2,3.343329822635308e-06,6.645816982691136,5.639508508480384,4.638786996271821,8,6,7,1.1650704665757748e-06,3.8340227523305566,4.400671317105019,3.094783162638207,4,4,3,9.052442643387917e-06
A_defense_of_Michael_Moore_6357_6417,There is nothing inaccurate whatsoever about the bank scene.,3.0,3.0,3.0,3.0,3.0,3.33,7.642780854098624,5.720451599766413,7.040876760740829,9,6,7,5.3460589307473645e-06,8.065958262659434,5.614540524577872,7.095697722395661,8,6,7,1.6057025794869672e-06,8.214553407600786,6.066003414505208,7.724651799810209,9,6,7,5.459212436252518e-07
A_defense_of_Michael_Moore_6805_6892,"This is perhaps the criticism repeated the most often, and it also the most inaccurate.",2.8,3.0,3.0,3.0,3.0,3.0,4.381154804835996,2.4197197057394026,3.0355446105816304,4,2,3,6.519321073548178e-09,6.9047590827561764,3.7958493662402297,5.387779966445029,8,4,7,7.303437304738131e-08,2.5950923558764787,2.1425840137835332,2.791377286735976,1,2,2,5.0876106081318656e-08
A_defense_of_Michael_Moore_6893_6965,"First, the actual quotes from the film are often reproduced incorrectly.",2.75,3.0,3.0,2.4,2.8,2.4,3.6361515727553844,2.4022188006257785,2.4266486195033807,4,2,3,9.083164628437558e-09,5.957718476551679,3.505743310938163,3.0333449944235147,4,2,3,2.3686207247007794e-07,2.862960764560904,2.294265031322955,2.5351043353276714,4,2,3,3.343492334136138e-08
A_defense_of_Michael_Moore_7288_7473,"""I guess I don't see that specific connection because the missiles that you're talking about were built and designed to defend us from somebody else who would be aggressors against us.""",2.4,3.4,3.4,2.8,3.4,3.0,2.53217287792659,2.2247875720863295,1.8601818970859014,1,2,1,2.675562007674161e-09,6.792648309496489,4.451066239389837,3.1959668408783015,8,6,7,1.3147725872112874e-07,1.3949156183684093,2.061738797176585,1.52644044265401,1,2,1,1.8547988289111824e-09
A_defense_of_Michael_Moore_7523_7651,"Moore is not from Colorado -- his question is generic, not meant to refer specifically to the Lockheed Martin plant in question.",2.75,2.75,3.5,3.0,2.75,3.25,3.551554777966174,2.591516907538339,3.36931078264553,1,2,2,2.9445925207512064e-08,6.491694019745708,3.648318262981851,5.113913862913064,8,4,7,7.306025468819331e-08,2.799438770251075,2.51305266324387,3.3198378737377743,1,2,3,1.1815499637516627e-07
A_defense_of_Michael_Moore_7757_7888,"However, critics of Moore have cleverly ignored McCollum's response and presented Moore as spreading lies about the Lockheed plant.",3.0,2.8,3.2,2.4,3.2,3.4,5.839392876560185,4.479751627003906,5.877604839727958,8,6,7,2.147553818821573e-05,7.1551640072254905,5.748537198118017,7.016551122109586,8,6,7,2.3806586854863645e-06,5.08319739331208,4.3633247691016,5.682365624282583,9,6,7,5.4581314352306675e-05
A_defense_of_Michael_Moore_9773_10025,"The ""visual of a billboard and a narration"" is viewed by you as evidence that Moore is trying to somehow tie the two events together, when in reality, it is quite obvious that he does it to separate the introduction of Heston from his speech in Denver.",2.75,3.0,3.25,3.0,2.5,3.0,5.85079748887051,5.930566913029654,6.996907589322021,4,6,7,1.0036842611379298e-06,6.985353049525322,6.030795465909873,6.989405067038349,8,6,7,1.4505196070235434e-08,5.164956739039287,6.190748108058687,7.000904086210597,4,6,7,2.436760855698716e-08
Acephalous-Cant-believe_1410_1424,I should know.,3.0,3.0,3.2,3.0,3.0,3.0,4.670865191669587,2.841406390195529,2.368933464660457,4,2,3,8.41939836085187e-09,6.998443350274764,3.777502901419418,3.304868834014515,8,4,2,7.795389969412284e-09,3.8204842373147176,3.078730928372928,2.489580194992575,1,2,2,9.92546775070457e-08
Acephalous-Cant-believe_1575_1667,Just saying....it seems I have more life now then you have and we know how little I get out!,2.6,3.8,3.6,2.6,2.8,3.2,5.6212848237859605,5.823202554905882,4.722229085299678,4,6,3,8.05634651236016e-07,7.4830022638781655,6.018906270834461,5.235605530507665,8,6,7,2.7558874727137895e-09,5.572381542476224,6.035999394819994,5.88400658946159,9,6,7,4.5054780100161697e-07
Acephalous-Cant-believe_3023_3152,"I don't remember if you've made noises here before about turning these into a book, but if you do you've got at least one reader.",3.4,3.4,3.6,3.2,3.2,2.8,5.029260600780822,5.565535448675014,4.902144971325348,8,6,7,4.132088697454017e-06,7.024342575796581,5.824656508294668,5.703527253245189,8,6,7,1.4191083430641322e-06,3.4293512346250417,4.318503389261148,4.023339043877184,1,2,3,5.028654233328991e-06
Acephalous-Cant-believe_819_984,"It may also be that I remember the scene of their writing, which would have been in the old apartment, i.e. the place I barely remember ever having lived in anymore.",3.0,3.0,2.8,3.0,3.0,3.0,4.474118881152593,3.043968304842316,2.859732250893436,4,2,3,2.2254368259227765e-07,6.9846456762550035,5.271126697684686,4.710506490736332,8,6,7,1.8460534063759274e-07,2.843551075100392,3.7785114484203803,2.7367988932764544,1,3,2,8.592860433653462e-07
Acephalous-Cant-believe_986_1160,"If you have absolutely nothing better to do on a Friday night, feel free to scan through my 2009 archives and tell me what you think should be included in the ""Best of"" post.",3.0,3.2,3.2,3.0,3.0,3.2,6.198212976684481,6.053767906143452,6.963094478118566,4,6,7,7.546622471576181e-08,7.49967091961457,6.020125708037604,7.006075325755428,8,6,7,8.040142748648671e-09,6.695440324652694,6.175096915531736,7.081351102908513,9,6,7,2.0670794526705968e-07
Acephalous-Internet_1659_1776,That I can access detailed information about events I have no right remembering in detail is another matter entirely.,2.8,3.0,3.4,3.4,3.4,3.2,4.89862337423614,3.4149857816020797,3.835198625292228,4,2,3,3.255722762168967e-07,7.328332106952935,5.261335628521749,6.123739750583585,8,6,7,1.6712813847097465e-07,2.898843747262687,2.9001471485658596,3.534342306558364,1,2,3,1.476625544542326e-06
Acephalous-Internet_2235_2298,"I remember him being ineffective, and as it turns out, he was .",2.6,3.0,3.2,2.8,3.0,3.0,3.682673039755718,2.234923349490946,1.3528246280732177,4,2,1,9.314444923182055e-09,5.54345859342287,3.33893649715461,1.8398409219188743,4,2,1,2.849794775118307e-08,2.590613432783389,2.177450981892907,1.8871404266323286,1,2,2,1.693567252798479e-08
Acephalous-Internet_2299_2485,"Now that I remember him, which I didn't before, I remember him as being the pitcher who'd pitched for 1) the team the Mets faced to get to the '86 Series and 2) the one they faced in it.",3.0,3.0,3.2,3.0,3.0,3.0,3.54519263381286,3.6990881292527957,4.371844457975515,1,2,3,1.074784790636087e-06,6.997345117326737,5.871567113728872,6.616706168919081,8,6,7,5.6609040607593006e-08,2.259330322520837,3.4728641264000646,4.779902728960608,1,2,3,4.6767352993969596e-07
Acephalous-Internet_3515_3545,But burned out toward the end.,2.4,2.4,2.8,2.8,2.8,2.8,3.565601560158929,2.1363648709551724,1.8241998379007511,3,2,1,1.0601767828894342e-08,5.286453411923869,2.9342899124611295,2.507157377524562,4,2,3,2.9013980156350597e-08,2.6393583684629776,2.073413504774714,1.5861642086914112,3,2,1,1.4822292571183703e-08
Acephalous-Internet_3830_3982,"Having given up on watching the actual sport, mention of baseball now only sparks memories of The Old Man and the Sea and the old time baseball writers.",3.0,3.2,3.0,3.2,2.6,3.0,2.976984731387741,2.2628169134861578,2.7846850581718408,1,2,2,4.598642959343353e-09,6.13839006153263,3.706761272242258,5.530883816147323,8,4,7,1.6550283320226922e-07,2.524619905355905,2.236060376494354,3.188040946790902,4,2,3,6.45351420824984e-09
Ant_Robot_10575_10869,"Ants themselves rely primarily on chemical information taken in through their antennae, and to mimic this, Antie will have chemical sensing and emitting “stalks” with which to both interact with other ants (who may be surprised to find an ant without antennae) and take in chemical information.",3.0,3.2,3.0,3.0,3.0,3.0,4.748797506285916,5.345506252161574,2.99951236101765,4,6,3,8.412412108223515e-07,6.07140867165303,5.944841759723305,3.126275885413401,4,6,3,1.7003501358640967e-07,3.8714721637301723,5.191913567781741,2.981060632405559,4,6,3,1.9518301231978133e-07
Ant_Robot_1140_1262,Such a robot would allow for both long-term studies of ant-robot interactions and studies of task-switching in the robots.,3.0,3.2,3.0,3.67,3.0,3.0,6.955099599861056,5.408678649424953,3.9489700094057807,8,6,7,1.462821704519189e-06,7.100799753648322,5.203108218791642,4.037431322079368,8,6,7,1.3778088679997647e-06,6.248732080254044,5.222308352471217,3.3344214015181737,4,6,3,6.41658991651144e-06
Ant_Robot_11943_12301,"Returning successful patrollers have an even greater effect on foraging activity: foragers will not leave the nest unless a patroller returns (Gordon, 2002), and the rate of foraging in a colony can be controlled by rolling glass beads coated with cuticular hydrocarbons extracted from patrollers into the nest (Gordon & Greene, 2003; Greene & Gordon, 2007).",3.0,3.0,3.2,3.5,2.5,3.5,6.080046222174962,6.000039047414715,4.944185936477423,8,7,6,2.907424095249253e-08,7.342012943138297,6.527743922307902,5.663409331335486,8,7,6,7.109932404620801e-09,3.219821895837228,4.928581854137008,4.041268519891234,1,3,2,2.4351164298831875e-07
Ant_Robot_12302_12451,"Midden seems to be marked in some olfactory way, since removing midden from nests makes them more likely to be invaded by other species (Gordon, 35).",2.83,2.83,3.17,2.8,3.0,3.0,4.729916157997382,3.512411110539473,2.260881192332851,4,2,1,1.3829593131428522e-07,7.252866040821782,5.686951552508957,3.4256280437216433,8,6,4,2.791680196269008e-07,3.5821514553677467,4.801016388544853,2.713910748981246,4,6,3,8.766115759490629e-07
Ant_Robot_12604_12740,"All of these chemical receptors will be arranged in an array on a pair of chemical stalks, with four of each type of receptor per stalk.",3.0,2.33,3.33,3.0,3.0,3.0,4.270533932097811,3.493225248576236,4.828813127358018,4,3,4,2.8964415500339165e-06,5.642436429607104,4.425711946242405,6.002417821652223,6,4,7,2.499985855588732e-06,3.2040032451756195,3.557711516520838,4.341778450375223,1,3,4,5.735111680433449e-06
Ant_Robot_18749_19096,"These will be located in different places: the sprayer for the successful patroller pheromone will be located on the rear at the base of Antie, corresponding to the glands that researchers believe the ants drag along behind them to mark returning paths, while the successful forager and cuticular hydrocarbon sprayers will be located on the skirt.",3.0,2.67,3.0,3.0,2.8,3.0,3.9711885565813314,2.996187049444503,2.8070345295599917,4,2,3,1.1762090675728435e-07,5.723564559621899,4.599763786856996,3.448642356104906,4,4,3,6.255028578558987e-07,2.462929272513507,4.330783503563989,2.8018651822977496,4,6,3,6.591324130656345e-07
Ant_Robot_19422_19434,The Behavior,3.0,2.75,3.0,3.0,2.8,3.0,5.663553064342079,5.503505388497178,3.8815291051011283,4,6,3,5.732925469164003e-08,7.490063558687566,5.7247500202740085,4.706786437776935,8,6,7,4.4483806822147636e-08,4.970161791781377,5.970852815823961,3.672266987599127,4,6,3,2.583806298715477e-08
Ant_Robot_2369_2473,Antie will be equipped to navigate in this environment and will be designed to find seeds in sandy soil.,3.0,3.0,3.2,3.0,3.0,3.2,4.63251700012847,3.4104222576675802,2.2914580021654407,1,2,1,7.080834994043365e-08,6.726171865437754,4.511839275552516,2.61992073797106,8,4,2,2.60338533215598e-07,3.2124707544104663,3.7449356180410907,2.196427093119594,1,2,2,1.3289564908414938e-06
Ant_Robot_25960_26089,"The orientation and distance should be calculable by the polarization pattern according to the system set up by Lambrinos, et al.",3.0,3.0,3.0,3.0,2.6,3.0,5.595667970411583,3.742451952972666,4.881768749733039,4,2,3,5.923554589860775e-09,6.066310288829913,3.598959529315839,5.284686427810628,4,2,3,7.93319347873607e-09,4.660553204893784,3.285708703058728,4.181025070065958,4,2,3,6.289518492042592e-07
Ant_Robot_27478_27583,"In-nest navigation will be a function of the temperature, read by Antie’s thermometer and a light source.",3.2,3.0,3.2,3.2,2.8,2.8,3.8000057515679915,3.138340225469761,2.290740359480507,1,2,1,8.003546093135959e-09,6.778835400141375,4.341987975482831,3.1457131499400024,4,2,3,7.177311660974736e-09,2.7836362543965265,3.115521101791593,2.625802967455282,1,2,3,6.88619782147213e-08
Ant_Robot_32198_32401,"Antie will also need to follow several different kinds of chemical gradient trails: it will need to track the trails left by successful patrollers, and localize the source of food-odors and midden-odors.",3.2,3.2,3.2,3.0,2.8,3.2,4.4467089728901,5.8229387729215745,3.1351310199567597,4,6,3,1.9510829573297937e-07,5.037833495672087,5.889963704592033,3.5076769080479773,4,6,3,1.0857373690343486e-07,4.014067406394078,5.836428069152425,3.3176391141940806,4,6,3,6.202636898032454e-08
Ant_Robot_34459_34606,"When both sonar sensors are stimulated simultaneously, Antie will check hydrocarbon inputs and determine whether the detected object is a nestmate.",3.0,3.0,3.0,3.0,3.0,3.0,5.553381436994325,5.8003780060926005,3.6585129741001716,4,6,3,1.4483709382296144e-07,6.7229812919584795,6.01288667993907,3.6444279936186605,4,6,3,2.3380962789913384e-08,5.067102434859361,6.010716521160317,4.588583921943359,4,6,3,1.270187282855362e-07
Ant_Robot_39687_39828,"In order to perform both of these functions, Antie will need a subroutine to explore in a zig-zag fashion, as harvester ants do (Gordon, 34).",3.0,3.0,3.0,2.8,3.0,3.0,5.401771635416225,5.189130812000474,3.6927367283944026,8,6,7,1.8108128239952734e-06,7.034252513811634,5.489220137169042,4.6200020891531,8,6,7,5.322785345826471e-07,4.193167404772818,5.552368707542106,3.9420578670263833,4,6,3,4.5950713409577936e-07
Ant_Robot_50291_50564,"Workers probably switch to patrolling based on their perceived life expectancy and as a function of a gene whose expression changes between young and old ants, and this is easily emulated using a clock pulse counter in Antie’s CPU that will count its “age” since last boot.",3.0,2.8,2.8,3.0,3.0,3.0,4.244583388621793,3.1914222992595045,2.90311543466459,4,4,2,2.32165016449772e-08,6.291945478637385,5.616625937505807,3.419196651820786,4,6,3,1.4123264393093093e-07,3.196871902177878,4.058623227243517,3.6656558768325254,4,4,3,1.1756026724946737e-07
Ant_Robot_8373_8595,"The sonar will constantly be detecting nearby objects and initiate an escape maneuver when their inputs pass a certain threshold of stimulation, and the bump sensors will, when depressed, also initiate the escape function.",3.0,3.0,3.0,3.0,3.6,3.2,5.401433035377853,5.808441652287222,3.877523513961158,4,6,3,1.276684461254951e-07,7.039005173421264,5.965107284507128,5.171279635283705,8,6,7,5.99510791055558e-08,4.47536537238045,5.899428725394625,4.970950021514343,4,6,7,1.7089630058395023e-07
Ant_Robot_9255_9487,"Antie would use a system for processing the input from its polarization compass based on the compass designed by Lambrinos, Moller, Labhart, Pfeifer and Wehner in 2000, consisting of two photodiodes with blue filters and polarizers.",3.0,2.67,3.0,3.0,2.8,3.2,5.2608758221312115,5.253225776802578,4.863961897609174,8,6,7,5.187370596564956e-06,6.702526336876846,5.657804014177258,6.076970324864777,8,6,7,1.9529530837286143e-06,4.238333478611377,5.1292659084858165,5.546875100526625,4,6,7,7.233607946322179e-06
Ant_Robot_9496_9857,"The difference of their logarithmized signals would be returned to Antie, who will use a simultaneous model to navigate returns to the nest: Upon each exit from the nest, Antie will take a single 360o scan of the sky, and will orient itself according to an analytical procedure to derive compass information from different polarization patterns perceived later.",3.0,2.5,3.0,3.0,2.67,3.0,4.589340984787109,3.383167443783305,2.7714996475007103,4,2,3,7.509416755238096e-09,5.894768135333987,5.343662723295962,3.2620202876947846,4,6,3,3.302735356116135e-08,3.8506764307604566,3.66758819179552,2.6974922844362346,4,2,3,6.247169852110478e-09
Anti-Terrorist_1812_1901,"So the Bush administration can keep claiming that we are safer now, under their policies.",3.0,3.0,2.6,3.0,3.0,3.0,4.990396943986566,3.001773090800403,4.2212789364902905,4,2,3,5.8433204419986904e-08,6.806561553400183,4.6975626258068885,5.892386854328562,7,4,6,1.5822473476975075e-06,3.9237335191341027,3.5173179710802307,4.032217214871214,4,2,3,2.636435101075515e-06
Anti-Terrorist_239_270,"BACKGROUND , September 11, 2004",3.0,3.2,3.0,3.0,3.0,3.0,3.6062892640171533,4.338811464394815,2.9918526929257974,3,5,2,1.5474861687261892e-07,6.431882671159137,5.371747114516856,4.194064445202933,8,6,7,2.6214545323812793e-07,2.9358229049035445,4.263225673539915,2.8915171770261416,1,3,2,9.301471216392489e-08
Anti-Terrorist_2830_2852,NEUTRALIZING TERRORISM,2.4,3.6,3.6,3.2,3.2,3.2,4.453322154810506,2.9678461439605366,2.4831776774412626,4,2,3,1.4690015771581358e-08,5.683374153691821,4.018492115384373,2.1779852220000353,4,4,2,4.64231591343711e-07,3.564575869206835,3.5249873910504372,2.4193290429955447,4,3,2,4.177270553963724e-08
Anti-Terrorist_4031_4279,"Beyond these two sources, there is virtually no terrorist activity in the world, with the possible exception of localized disputes such as in Northern Ireland and occasional domestic episodes in various places involving isolated disaffected groups.",3.0,3.2,3.2,2.86,2.86,2.71,4.383002573476114,2.576722836776873,3.8808007213013562,4,2,3,6.373465954315952e-08,6.686062317429476,3.9740942236979158,6.73479910744474,8,4,7,6.748030679804409e-07,3.022365754899245,2.526904573725993,4.82672888712097,1,2,3,9.42010515776648e-08
Anti-Terrorist_532_697,"Before 9/11, terrorism was confined to a small number of extremist individuals, loosely linked by radical Islam and hatred of Israel and its sole supporter, the USA.",3.0,3.0,2.8,2.8,3.2,3.2,4.26304262366393,2.8752183290502096,3.9457292080207007,1,2,1,2.7487541590859615e-08,7.346792349156068,4.818805720960556,6.673136307826802,8,6,7,1.608548186856289e-06,2.016860349566047,2.915193895531777,5.189317788155963,1,3,6,1.1999600662078728e-07
Bartok_1060_1087,Harmonic Structure and Form,3.2,2.6,3.0,3.2,2.8,2.8,6.812765376300365,5.979268177900096,6.761367561664481,8,6,7,2.2150345090550274e-08,7.596095916220742,5.88055549726048,6.810446639876589,8,6,7,2.348258022424946e-08,6.952678964104288,6.374861182927192,6.556296570233181,8,6,7,2.5884822562459824e-08
Bartok_11929_12054,"As Example 10 shows, the chords are more-or-less in duple meter (4/8 and 2/8) with one “hiccup” occurring in the 5/8 measure.",3.0,3.0,3.0,3.2,2.8,2.8,6.514888023862455,5.281951705768714,5.149670822361222,8,6,7,2.4362673441129446e-06,6.563906534268659,5.535488558607414,5.806628159464535,8,6,7,2.1133356525416482e-06,6.22748317232808,5.498305803763003,5.230794587051687,8,6,7,7.921323006401102e-06
Bartok_13452_13591,"Note that the initial G♯ is a pickup to the section in C♯, which fills in the whole-tone descent from E♭ to C♯ with the intervening fourth.",3.0,2.67,3.0,3.0,3.0,3.0,5.824055895728872,4.635502449954438,4.339793268350032,8,6,7,5.166505192393546e-07,6.80979928155692,5.538971578095717,5.796260812494098,8,6,7,5.861078542843784e-07,3.9549952810320446,4.375684240324114,3.69163707271115,8,6,7,4.76883918520681e-07
Bartok_14380_14467,"E♭, furthermore, is not convincingly established as a dominant-functioning tone at all.",2.8,3.4,3.0,3.0,3.0,3.0,3.5637529789690476,2.0935592254869686,1.0836611963548017,3,2,1,2.1827922025331893e-10,4.822129127133524,2.389461802398763,1.269859538611633,4,2,1,6.76756185427499e-10,1.9899916045799135,2.0262951936798186,1.0467098104256742,2,2,1,1.1766290890823186e-10
Bartok_15999_16176,"Hence, measures 155-210 constitute the bass progression B-E♭-D♭-B; the same stepwise descent (E♭-D♭) occurred in the first theme group while F rather than B was being prolonged.",3.0,2.4,3.4,3.0,2.8,3.0,6.878425302375556,5.539507751601149,5.3520369184896435,8,6,7,1.1753021716639042e-07,6.933044184306426,5.544668229372396,5.771483514775379,8,6,7,4.649945026409559e-07,5.406156287512987,5.455197217327666,4.461196096110326,8,6,7,7.088553558945541e-08
Bartok_17358_17446,"“a transformation in rhythm and contour of the second head-motive of [the first-theme],”",3.0,3.0,3.0,3.0,2.33,3.0,7.415234338011911,5.996252342677776,6.960720824372896,8,6,7,5.2302324937871935e-08,7.615403680274381,6.002851190672451,6.980999860203331,8,6,7,2.5649615453429493e-08,6.43679726413442,5.9900124753402,6.830718286470843,9,6,7,1.0135067350327824e-07
Bartok_17465_17477,"Wilson, 182.",3.0,3.0,3.0,3.0,2.8,3.0,5.906253527841642,5.738292325775577,4.881904504989096,8,6,7,7.935166564474702e-08,7.449287949707594,5.816384901588548,4.889500550554109,8,6,7,2.2007927082165234e-08,3.7848239039942237,5.224485001220637,4.191314408022419,1,3,2,8.063634214075041e-08
Bartok_18730_18809,The second section of the development is in C♯ (which is sometimes spelled D♭).,3.0,2.8,3.0,2.8,2.4,2.6,6.4550257318378925,4.562086850624185,3.872230849176437,8,6,7,6.940531955774558e-08,7.043949883575528,4.467491356146529,4.117294678028593,8,6,7,6.211838388092176e-08,4.787078943224315,4.479236735446431,3.745632827152417,8,6,7,2.4579522627890957e-06
Bartok_18997_19170,"Although the C♯ major chord in measure 293, preceded by A♭ major (V) in measure 285, suggests C♯ as tonal center, the tonality is not strongly established until measure 303.",3.0,3.25,3.5,3.0,3.0,3.2,5.630094653303298,4.525614298688518,4.6840903833503,8,6,7,2.010999625436556e-06,6.354895342493949,5.2433187146899405,5.4298330033807956,8,6,7,3.297988200648857e-06,4.341451670879511,4.080346938649516,3.6389337289611294,4,4,3,8.45313625365789e-06
Bartok_20117_20365,"The third section of the development takes the trombone motive from the transition between the first and second sections of the exposition shown in Example 12, transposed to begin on F, and turns it into a fugato sequence, reproduced in Example 17.",3.0,3.2,3.2,3.0,3.0,3.33,6.8373279287296524,5.830812932529637,6.101534913837369,8,6,7,1.7449976242469215e-07,7.397612071983553,5.893538438179029,6.429599587670134,8,6,7,7.700810455925922e-08,5.685924011612691,5.983877435078899,6.150830939114063,8,6,7,6.147621596630748e-08
Bartok_23488_23626,"In the recapitulation of this theme, shown in Example 19, the first chord is an F-major chord, and the A♭ is replaced by A♮ in the melody.",3.0,2.83,3.0,2.8,2.8,3.4,7.3585143298452005,5.211639144222076,4.634669121782064,8,6,7,2.1122367162250825e-08,7.432372352055328,5.3463394301670935,5.058271049163372,8,6,7,1.5120489337901285e-07,7.044576582370709,5.256531395025419,4.546474346109738,8,6,7,3.496503555814946e-07
Bartok_2666_2761,"The abbreviations FTG and STG stand for First Theme Group and Second Theme Group, respectively.",3.0,3.0,3.0,3.0,2.6,3.0,3.7373111915144785,2.4366486409357315,2.8211869328844204,1,2,3,5.622016616021604e-09,6.6720968433779975,3.405079634080715,4.6339526883941895,4,2,3,1.876319948681029e-08,3.658095954917224,2.8078722967206895,3.566135285051897,1,2,3,4.7566160972427435e-08
Bartok_2957_3173,"While “tonality” in this piece (and in Bartók’s music in general) is quite different from its classical interpretation, we find that the harmonic structure is at least analogous to the standard sonata-form structure.",3.2,3.0,3.0,3.0,2.6,3.0,7.6326649890230795,5.672418437247303,6.560245551137557,8,6,7,2.0462420783125903e-06,7.755864362172683,5.788092747332347,6.7036158132148485,8,6,7,1.6872857545043024e-06,7.051157878977223,5.443329731926534,6.122893090061625,8,6,7,1.7448389698241524e-05
Bartok_4414_4598,"Bartók has often applied a tonic-dominant relationship to a pitch-class and its tritone partner, and even admits to using that as a compositional framework in his fifth string quartet.",2.8,2.8,3.2,3.0,3.0,3.0,7.032586546561429,5.993795413623575,6.950253384115057,8,6,7,5.3299774839633335e-08,6.792685436469666,5.900905973599095,6.907708040581994,8,6,7,2.666538296092772e-07,6.227426097713088,6.042781868666145,6.996547783779634,4,6,7,1.4100567942685123e-08
Bartok_5742_6025,"The Introduction does not relate thematically to any of the main sections of the movement—in fact, it is the third movement that draws its thematic material from this section—but the harmonic and motivic principles at play here foreshadow some important elements of the entire piece.",3.0,2.8,3.0,3.0,3.2,3.0,6.868026314199007,5.179459564991543,5.0951234127076575,8,6,7,8.079633770170273e-07,6.915892710541678,5.548700318796515,5.562629725345849,8,6,7,2.2705627737654314e-06,6.266600263636195,5.205085122703632,4.698250203153745,8,6,7,9.998628967275667e-06
Bartok_6177_6348,"The pentatonic set here is exclusively a pitch-class set, and its incarnations throughout the movement are devoid of any connotations associated with the pentatonic scale.",3.0,3.0,3.2,3.0,2.8,3.0,4.098287348627135,2.5095122064959297,2.5469285719178023,1,2,2,2.3727321530542207e-09,6.271503776594123,3.3853554313639385,3.853167995338463,4,2,3,2.9151126054232067e-08,3.2740418633441393,2.4417632162868466,2.469152015430876,1,2,2,1.3958206915077722e-08
Bartok_7330_7450,Example 5 shows the true dominance of the perfect fourth; the set created is a ten-note set derived by stacking fourths.,2.8,3.2,3.0,3.0,2.6,2.8,7.061312210579234,5.488278854654935,7.212747691017441,8,6,7,3.708312519052446e-08,7.615023121895291,5.653665186718793,7.0462165123750315,8,6,7,2.652444326315836e-08,6.940414220204885,6.020664672833009,7.680915749449244,8,6,7,4.194315743518219e-08
Bartok_7469_7600,If we begin from the final D♯ and ascend the circle of fourths until we reach C we obtain the entire set presented in this example.,3.0,3.0,3.2,3.0,3.0,3.0,5.051593949554986,3.670446486900332,4.519026453663402,4,2,3,1.249551602729464e-07,6.088363240503345,4.87601492275725,5.583757900859105,8,6,7,3.535748879468221e-07,4.893409679831835,5.223113502604486,6.261423621930165,4,6,7,2.5455607861886436e-05
Black_and_white_1115_1256,What exactly is the debate between colorlessness vs color and more specifically can black and white be considered non-colors?,3.0,3.0,3.0,2.8,3.2,3.0,5.47141182181891,6.364264835304328,6.457286654349416,4,6,7,4.2780341305879694e-08,7.059840972452125,6.441075786420525,6.368191413405905,8,7,6,7.608717717062897e-10,5.2890990592017655,6.294672487900554,6.3863908168004695,4,6,7,4.866498685513739e-07
Black_and_white_14360_14587,"Wearing black and white also marked the distinction of labor between men and women and in a highly rigid and segmented society, the wearing of different colors seemed the most obvious way to do so.",3.0,2.6,3.2,2.8,3.2,3.0,4.075545203532781,3.178834841218544,3.1515157049928675,4,2,3,5.091975434457859e-08,6.431990046674205,4.8648008154394144,5.302167804947825,8,6,7,1.220244783180485e-07,3.47007875534134,3.7887357854651653,4.072367856235436,4,4,3,2.1562803985253915e-06
Black_and_white_15104_15300,"Above all, it is believed that the expanse of literacy and the printed word, mainly the newspaper, had a profound effect in influencing the choice of black and white.",3.33,3.33,3.33,3.33,3.33,3.67,5.862597152018154,3.689933364553603,4.986479997921855,4,2,3,1.9459387437285146e-08,7.480086070031604,5.111861918675074,6.415743597565362,8,6,7,2.124190266848974e-07,4.723665727158855,3.653779927265762,4.826555642258658,1,2,3,3.999111361322045e-06
Black_and_white_16503_16663,The explosion of mass production and printing allowed for a plethora of colorful advertising and consumer goods which came to be known as kitsch.,3.25,3.25,3.25,3.4,3.4,3.2,5.430533497970045,4.7306831532775595,4.016509753609506,8,6,7,8.101651608655125e-07,7.3293278503224935,5.406469694083,5.523051787522146,8,6,7,2.932856960975117e-07,3.50827056068314,4.640652043329826,3.8341883591276185,1,3,2,4.0311088156001597e-07
Black_and_white_17128_17323,"Greenberg continues by saying, “Kitsch, using for raw material the debased and academicized simulacra of genuine culture, welcomes and cultivates this insensibility.",3.0,2.75,3.25,3.0,2.5,3.0,7.192687399704191,5.00831263632816,6.365449985919575,8,6,7,2.0728442369120006e-06,7.499278837990366,5.44794283877904,6.7482071370885155,8,6,7,1.925501205303636e-06,6.94066844743095,5.1043315451839355,6.464218037244409,9,6,7,1.2701228263196594e-05
Black_and_white_17551_17637,Kitsch is the epitome of all that is spurious in the life of our times.,2.8,3.0,3.2,3.0,3.0,3.2,6.3075204288075435,2.368238795365118,5.058422677328995,4,2,3,3.4201548623550413e-10,7.611359908792492,4.236713751211859,7.063531214338333,8,4,7,4.286523102290044e-08,4.256373480281712,2.1090146721512357,4.6982284320300565,4,2,3,1.1032973316596218e-08
Black_and_white_5448_5692,"“The predominance of color at the expense of drawing is a usurpation of the relative over the absolute, of fleeting appearance over permanent form, of physical impression over the empire of the soul”",3.0,2.5,3.25,2.8,3.2,3.4,7.328302538991217,6.137804520553198,7.363728904951483,8,6,7,1.9460565559001332e-09,7.629305863939581,6.202088742430819,7.492297745221999,8,6,7,8.739514081353182e-13,6.704472369930115,6.330728097731465,7.487126083547694,8,6,7,3.1038155289092665e-10
Black_and_white_7328_7386,"It is neither grey white, nor vory white, but pure white.",3.0,3.0,3.0,3.0,2.6,3.0,7.953127983657766,3.80670911088489,5.595615088863188,9,3,6,4.360980578270572e-08,7.981843517282163,5.045365951499965,6.370594440234792,8,6,7,1.2947202467084447e-07,7.543656258783062,3.962192458107066,6.025398993771534,9,3,6,8.283674787514649e-09
Black_and_white_7585_7779,"We have superceded both the ‘brown’ of decadence and classiscm and the ‘blue’ of divisionism, the cult of the blue ky, the gods with green beards and the spectrum.",3.2,3.0,3.4,3.2,3.0,3.6,7.677661871206898,6.475638120159547,7.1235657208052725,8,6,7,2.436993582587082e-08,7.845242032504855,6.383640310390356,6.860963139745588,8,6,7,7.963344482885966e-09,7.8967735401311385,6.803507776742281,7.350526004261489,9,7,8,8.098889068609169e-10
Black_and_white_7791_7809,WHITE pure white.,3.0,3.33,3.33,2.8,3.0,2.8,4.771273135729322,2.2452816414338432,2.4120589789606193,4,2,3,2.9995082861229396e-08,7.559321575998654,2.9892117247012737,2.6906963179453323,8,4,2,8.356581739632376e-10,4.300757181593883,2.436895029817636,2.4193683968352264,1,2,2,6.007894838276378e-07
Black_and_white_7845_7950,For these reasons black and white have been placed at the top of the hierarchy of colors.,3.0,3.0,3.0,3.2,2.8,3.2,4.5541709043950895,2.2082743377637946,3.5211278116534124,4,2,3,2.432076983095784e-09,6.378471859976937,3.279286106624436,5.253752303973,4,2,3,6.7495081580305635e-09,3.759668050869718,2.2066871735650166,3.3502200878064086,4,2,3,2.8803820889411516e-07
Fermentation_Eminent-Domain_1064_1099,There are 13 AVAs in Sonoma County.,3.0,2.6,3.0,3.0,3.0,3.0,4.836449017939323,3.7594270261983125,3.5794675593536462,4,3,2,1.3447463748408073e-07,6.603026772447896,3.9519621070468434,3.274707615343103,4,2,3,1.0157908709027775e-07,4.9290413937803566,4.122313954916335,3.861647617947747,4,3,2,8.348993765930171e-06
Fermentation_Eminent-Domain_10827_11013,"In a way, all this tries to approach terroir from a slight distance; plus the historical distinctions between the two premium distinctive varietal regions, Napa county and Sonoma county.",3.0,3.0,3.0,2.5,2.5,3.5,5.02558920781653,3.1817286153730606,3.973195253091461,4,2,3,1.2490113287707868e-07,6.6801657501205,4.629285361728002,5.674137707268867,7,4,6,7.761730771834455e-07,5.000594136288726,4.0924933978006575,4.139169684416265,9,6,7,1.5529461524510314e-06
Fermentation_Eminent-Domain_13150_13302,"Sonoma County, with roughly half of the wineries of Napa County, wins roughly twice as many gold medals in national and international wine competitions.",3.2,3.2,3.2,4.0,3.4,3.4,4.665151733280373,6.880452848581584,7.15490480957885,4,7,7,1.292507442254618e-11,4.883998219221141,6.776821693213066,6.943951049606325,4,7,7,2.1316047785296012e-11,4.451670370359986,6.9455303552726075,7.645205033096964,4,7,8,5.362081211264309e-11
Fermentation_Eminent-Domain_13690_13882,"I disagree, but I am eternally hopeful, optimistic that the Sonoma County Vintners will inject a little passion and not more of the same old staid and boring in their marketing communications.",3.0,3.0,3.33,3.2,3.2,2.8,8.08053814787253,6.890170223719915,6.145050294313038,8,7,6,3.598836177795413e-11,7.896418595023878,6.765954697660118,6.161019829598265,8,7,6,9.106048651136462e-11,8.366883893200157,6.8462918231104455,6.220453129319132,9,7,6,2.0101862648761588e-10
Fermentation_Eminent-Domain_2413_2562,"Honore Comfort, Executive Director of the Sonoma County Vintners Association and an outstanding representative for Sonoma County wines noted this: "".",3.0,2.5,3.0,3.2,3.0,3.2,6.490295710995728,5.915158170210778,6.749187787165972,8,6,7,7.586451083450611e-07,6.689907251774661,5.3748219766542515,6.236973337277968,8,6,7,2.0477884755468618e-06,4.427878027923261,5.811090599597107,6.455722816309626,4,6,7,1.0687708124076427e-06
Fermentation_Eminent-Domain_2898_2968,"They point to the prestige that the ""Napa Valley"" designation carries.",3.0,2.6,3.0,3.33,3.33,3.33,5.620267818764793,3.173970914601467,4.511282119483575,4,2,3,6.087457264350812e-09,6.617757725649161,4.039326349029954,5.4707204336161475,7,4,6,4.712733354845054e-08,4.092347540860173,2.258118931948488,3.249118501582659,4,2,3,3.749773140961129e-08
Fermentation_Eminent-Domain_3308_3492,"The vintners in Sonoma County simply can't make a case for ""Sonoma County"" having any meaning or for a region as vast as ""Sonoma County"" delivering any degree of quality to the grapes.",3.0,3.0,3.0,3.0,3.0,3.0,3.9875842082316484,2.0224398674541684,3.2029839343974826,4,2,3,3.360257126850878e-10,5.48194855152847,2.63017808148537,5.028768125004268,4,2,3,1.3116630391080087e-08,2.2802034041930828,2.021220442733499,3.6283975161131603,1,2,3,5.9406162776185045e-09
Fermentation_Eminent-Domain_4679_4858,"It also is a 'social promotion' in the sense that great Sonoma wines that now are forced to use ""Sonoma County"" will be giving some of their credibility to their lesser neighbors.",2.8,3.0,3.2,3.4,3.4,3.4,5.3006686424564595,5.159210520636218,4.794723857231218,8,6,7,3.502222773143045e-08,6.829179987734578,6.000533417917137,6.334717659953123,8,6,7,4.919414016180992e-09,4.051199631507869,4.7071154102478605,4.311104328366926,4,4,3,9.3196659303692e-08
Fermentation_Eminent-Domain_5533_5650,"I completely agree with you when you state: ""Such an association will not be made with 'Sonoma County' wines...ever.""",3.0,3.0,3.4,2.6,3.0,3.4,8.192122862308992,6.548937996951879,7.944611437874033,9,7,8,3.828341516935306e-11,8.060759850413417,6.294459062983133,7.360670786461445,8,6,7,7.589749561763168e-12,8.868619004869737,6.875467313169887,8.10190749512507,9,7,8,1.5814962716788373e-12
Fermentation_Eminent-Domain_97_347,"I was disappointed, though not surprised, to see that today a conjunctive labeling law dictating that ""Sonoma County"" be placed on every label on wines produced from grapes grown in Sonoma County was unanimously passed by the California Legislature .",2.6,3.2,2.8,2.6,3.0,3.0,2.756411668040178,2.233821189234802,3.6003894022146685,1,2,3,2.5765431038719455e-08,5.8557291942039855,4.128111004386851,5.736596862193728,7,4,6,4.188055295234163e-06,1.7202812462497092,2.4171758705378377,4.942554616750363,1,2,3,8.183891304957764e-07
Fermentation_HR5034_12069_12195,Tom said... Seems like some old geezers are filling their pockets with some major greenbacks getting this bill passed through.,3.0,3.0,3.0,2.2,3.2,2.6,4.874256832924439,2.8516087234022027,3.3147430235776767,4,2,3,8.363785322835691e-08,6.92193234391333,5.473223914377969,4.965603640527762,8,6,7,6.262914531719378e-07,4.374798963112056,3.034600397095491,3.2334897238358886,4,2,3,1.5447065453011367e-06
Fermentation_HR5034_12813_12937,"You do have a few valid points but they too may be predicated on false premise, I do not claim to be the all knowing expert.",3.0,3.0,3.0,2.6,3.6,2.6,5.290541489865911,4.950485675767061,4.944161765452417,4,4,3,9.867758488756907e-06,6.917051456472422,5.448000254972962,6.2560407539668645,8,6,7,6.984210929205698e-06,5.081921314857782,4.779394380853844,5.121899688153539,9,6,7,6.139746817863544e-05
Fermentation_HR5034_4427_4487,It does not preempt a state law that allows direct shipping.,2.8,2.6,3.0,2.8,3.0,3.0,2.9691823022470296,2.240141844080762,2.5313600583403555,4,2,3,3.3325221549591815e-10,6.082516317834149,3.4044077821746503,2.840606853023317,4,2,3,2.9277222048739655e-09,2.236161423686672,2.2923481782279347,2.808606270983673,1,2,3,1.8411212956172325e-09
Fermentation_HR5034_6052_6086,"No it doesn't ""amend"" the faa act.",3.0,3.0,3.0,2.6,2.4,3.2,4.131689814728679,2.3478339275362505,3.0105365575279,4,2,3,5.410426154122317e-08,6.219604874157672,3.2696138250599747,4.773975248551535,4,2,3,5.166841053308206e-08,2.1427028305673534,2.233474101911769,2.5146695591856973,1,2,3,1.9616485332438228e-08
Fermentation_HR5034_6087_6112,It overrides it entirely.,2.8,3.0,3.0,2.8,3.0,3.0,7.4882395361429515,6.600495138651259,8.1791557503616,8,7,9,3.1824216660640377e-09,7.909416381702551,6.37489363071071,7.868771076023869,8,6,7,9.98829852196608e-10,7.861536867430803,6.688945754296962,8.119886863456736,9,7,8,1.852196838855161e-09
Fermentation_HR5034_7056_7188,"More importantly, the very language of H.R. 5034 gives states the explicit right to discriminate against out-of-state wine shippers.",2.4,3.0,3.0,2.8,3.0,3.4,6.509516148333816,5.916109844023406,7.057162913801243,8,6,7,2.08823339830919e-09,7.558718934209754,6.0922469440019515,7.366037068696304,8,6,7,1.8757288266571258e-12,5.407207972211553,6.141264157748155,7.31324654873686,1,6,7,2.3744225731057698e-11
HistoryLasVegas_10868_10955,"The El Rancho Vegas (1941) was the first, followed by the Last Frontier (1943).",3.0,3.0,3.0,3.0,2.6,2.8,5.46838356829274,4.091385622422257,4.483780917658185,8,6,7,3.154183942306807e-07,7.18837588948691,5.228078315920677,5.74140435777537,8,6,7,2.424078940402031e-07,3.1803275913327385,2.993405836850656,2.7934517903318032,1,2,2,1.0868853595833072e-06
HistoryLasVegas_11247_11353,"When the Flamingo opened in December 1946, it did so with Hollywood flair and the new Vegas flash.",3.0,2.8,2.8,3.2,3.2,3.2,7.11309472712125,6.342274305795613,6.106711742086225,8,7,6,2.4236862860909998e-09,7.493667398595219,5.893762925932397,6.415025084221894,8,6,7,2.9741221347945192e-08,5.893545685570978,6.077012624434994,5.91749592045451,4,7,6,2.511418216288802e-08
HistoryLasVegas_14858_15018,"That, combined with the formation of the Nevada Gaming Control Board, would signal the beginning of the end for heavy mob influence in the city.",3.0,3.0,3.0,3.0,3.0,2.8,6.6468717857576145,5.97028913237728,6.9979387280038665,8,6,7,5.454097064679595e-09,7.354617048563399,6.044810525940262,6.846107114378659,8,6,7,1.0887742708884465e-09,5.8173934816786375,6.098768354262226,7.045622639060063,4,6,7,1.7613295452115626e-08
HistoryLasVegas_15240_15304,What was once a sure thing became much more competitive.,3.2,3.4,3.2,2.2,2.8,2.4,5.399900700689127,4.217552069921922,4.41283078467338,8,6,7,6.470167979503389e-07,7.247989465426993,5.302554970173541,5.931196616069124,8,6,7,5.809072617384351e-07,4.337287889775065,4.491468679226406,4.741436750633668,4,4,3,2.1037623086782682e-05
HistoryLasVegas_16025_16184,"This trend has led to many more demolitions, including the Dunes (replaced by Bellagio), Aladdin (the new Aladdin) and Sands (Venetian) hotels.",3.0,2.5,3.0,2.8,2.8,3.0,4.737207944879142,4.597604477344093,4.579698965543061,4,4,3,9.380793634575463e-07,6.454927506949948,5.523172734570597,6.170868816331984,8,6,7,6.840309253583812e-08,3.5415752826411744,4.536371310736926,5.27185789675357,4,4,3,1.885756222097334e-06
HistoryLasVegas_17793_17932,"Over 20,000 additional hotel rooms have been added in a few short years, including resorts in Summerlin and Lake Las Vegas.",3.6,3.6,3.4,3.4,2.8,3.2,5.489220625459695,6.433378691804809,6.246196086527469,4,7,6,1.0645638905104105e-08,7.126883102164327,6.123452556904409,6.705586414362022,8,6,7,3.4584702271811635e-08,4.013673256058387,6.093520077521983,6.433028427087454,4,7,6,6.049739407421297e-07
HistoryLasVegas_18267_18404,"Still, the future of Las Vegas is sure to be determined as much by the pioneering spirit that built the city as by anything else.",3.0,2.4,3.2,3.6,3.2,3.6,7.340529597198046,5.411540690979533,6.498162999378841,8,6,7,5.026533438027879e-07,7.621191532826905,5.894589780700793,6.938353809704103,8,6,7,5.761100381889629e-09,6.4707870948313895,5.270821381409252,6.00603236260155,9,6,7,1.1192749699306608e-05
HistoryLasVegas_2397_2629,"It was not until 1829 that Rafael Rivera, a Mexican scout, found a spring-fed valley and dubbed it Las Vegas — a Spanish name that leaves many modern visitors wondering exactly where “the meadows” really lay.",3.0,3.0,3.0,3.4,2.8,3.4,3.68466537888074,2.848216180102077,2.609731643326424,4,2,3,3.1949117443814604e-08,6.589784630648585,4.915796063413386,4.60199948859733,8,6,7,8.0657126120352e-08,2.163006621334098,2.7788815253525803,2.8255076432977004,1,2,3,3.982580162892524e-08
HistoryLasVegas_3825_4028,"Despite the fact that the local land was rich in silver, by 1865 most of the mining traffic through Las Vegas was of prospectors headed to California or Northern Nevada in search of gold.",3.0,2.8,2.8,3.2,3.0,3.2,3.9882827833927976,2.479031608606207,3.5198453885141445,4,2,3,4.330229479146875e-09,6.123455590059319,4.395209941955317,5.622621988939503,7,4,6,7.703290648512275e-07,3.2927452135336286,3.120210714560195,4.667510306733119,4,3,6,2.3517055688600878e-07
HistoryLasVegas_8686_8887,"Construction on Hoover Dam (originally Boulder Dam, subsequently renamed for the president who authorized the project) began in 1931 in a canyon 45 miles (72 km) southeast of Las Vegas.",3.0,2.8,3.0,3.0,3.0,3.0,2.842433373132116,3.2850618231077497,3.482954581630686,1,2,3,4.0961373662785637e-07,4.8663622237892925,4.349425813200201,4.5728461377657545,4,4,3,1.3094520848439825e-06,1.5439229876353018,3.196812347315803,4.523387884202786,1,2,3,8.228255708606299e-07
Homosexuality_11213_11522,"As a homosexual, one risks horrifying their parents, other family members, and friends to the point of losing all contact with them, ruining their career, being condemned by their religion, being beat up for publicly displaying their sexuality, and much much more.",3.0,2.6,3.0,2.2,3.6,2.6,5.59031747202121,4.624808733196603,2.0104305211577267,4,4,2,3.3006821098849693e-07,7.067463819609092,5.896001859194931,2.088349427278696,8,6,2,2.045023222635193e-09,4.459514431569426,4.276247603315784,2.028533201222628,4,4,2,3.7418861547450664e-07
Homosexuality_1159_1371,"This shows that not only did Plato consider it normal for a male to be attracted to another male, he also believed that it began at a very young age, as the word “boyhood” signifies.",3.0,3.2,3.0,3.0,2.6,2.6,6.189677367240533,4.91581665125296,2.197152138831922,9,6,3,2.777163275446161e-07,7.527247565267344,5.639588297360533,2.450925995652734,8,6,2,6.057341026139769e-08,3.9095857666759786,4.236609424627314,2.538506174802984,1,3,2,1.9929782136809902e-06
Homosexuality_12457_12505,“They’re not like ‘My child’s going to be gay!”’,2.6,3.8,3.4,2.8,3.4,3.0,6.4393372744268715,5.144892646581035,5.029091636084701,8,6,7,3.552907186124751e-07,7.777751223588057,5.922610091956299,6.491317051233025,8,6,7,5.932474863738024e-08,3.1835724937781533,4.573114131430297,2.5666152248736203,1,3,2,2.595280791986745e-07
Homosexuality_16316_16432,"Therefore, from the evolutionary standpoint, homosexuality becomes one of the disadvantageous traits.",3.0,3.0,3.0,3.0,3.0,3.0,5.178667533136631,2.129559697179461,2.0515231338035953,4,2,1,2.6742992541627152e-09,6.740785588199123,3.3152032744751923,3.1397241611482114,4,2,3,6.853809293139419e-09,3.8403791794012183,2.157846435193268,2.971387121463078,4,2,3,4.600976304542374e-09
Homosexuality_2115_2228,"(However, for the purposes of this paper, homosexuality will be looked at solely in terms of men).",3.0,2.2,3.0,3.0,2.8,2.8,4.573141687561491,2.2147020535312456,1.2715793837466127,4,2,1,7.693235067298543e-09,6.854291186477432,3.4369150557246844,1.799224644636109,8,4,2,2.556898174847001e-08,3.289682425688851,3.1980051175999495,2.0423640079481338,1,3,2,1.3221986346377416e-07
Homosexuality_2448_2454,“same”,3.0,2.8,3.0,3.0,3.0,3.0,2.1219260133504676,1.5946946309580656,1.3968771293840792,1,1,1,4.660764616481641e-08,5.426357671651064,2.084060411121424,1.6475451012829354,4,2,1,9.655260291660396e-10,1.6435378140114112,1.568617924485911,1.3047312496594383,1,1,1,1.9538782293333265e-07
Homosexuality_2637_2983,"It was also in the 1800s when the debate itself over the cause of homosexuality was started by Magnus Hirschfeld, a physician, sex researcher, leading sexologist, homosexual, and founder of the first gay rights movement in Germany, who believed that homosexuality was biological in nature (Marcus 10).",3.17,2.83,3.0,3.0,3.2,3.0,4.964293075663789,3.9413538923794005,6.055155137044466,9,6,7,2.2833530636557506e-07,7.167078072839153,5.280381162123846,6.774573632966808,8,6,7,2.8335613189503925e-06,2.4894707906238325,3.2277378954821057,6.12041542400092,1,3,7,1.1609977097290924e-07
How_soon-Fans_2510_2642,"Then in the case of TGI Friday's or other brands that offer free product or discount coupons, you are essentially buying them again.",2.75,3.25,3.25,3.0,3.4,3.6,5.402513213045003,5.088151725654331,5.174015725796437,8,6,7,1.4440064459126048e-06,7.087462067073192,5.877894460037748,6.453661753547831,8,6,7,1.2281966348326608e-07,4.542646464508765,5.3601360991010605,6.007556186582306,4,6,7,1.9423378400971947e-05
How_soon-Lebron-James_2682_2811,"If I were to fulfill that role for him, I would have told him to go low key with this decision and let it be led by his new team.",3.2,3.2,3.4,3.0,3.2,3.2,4.111950388507994,5.153293549884991,4.891666606627371,4,6,7,8.046627886695572e-07,7.142442216713078,5.984783590420953,6.264427519057565,8,6,7,5.180602819176377e-09,3.4537434247302703,5.564081616022097,6.204219283286952,4,6,7,1.3079010764210974e-06
How_soon-Lebron-James_279_437,"He's also managed to surround himself with people who understand business, but I'm starting to wonder if he's lost a bit of understanding of American culture.",3.0,3.0,3.25,2.6,3.4,2.8,4.148500093274055,4.306304248138655,3.458115161295028,4,4,2,1.5894636734911013e-06,7.112456843948831,5.910240154999325,6.11529180267151,8,6,7,1.0408079714498764e-07,2.428254540044842,4.014594342707171,2.6842006026779233,1,3,2,2.9658101368862637e-06
How_soon-Lebron-James_438_602,"Lebron didn't play college basketball, he went straight from high school to the pros, and since joining the Cleveland Cavaliers he's won exactly zero NBA champions.",2.8,3.2,3.2,2.8,3.0,2.8,3.4761691955198954,2.55655459252759,2.548237974513015,4,2,3,5.746112933784723e-10,4.08446190227758,3.265198744741575,2.3718747424073117,4,4,2,7.115853865795923e-09,3.1641458887014267,2.0959707473544285,2.566047208788657,3,2,3,9.745187986117138e-11
How_soon-Lebron-James_758_840,Earlier this week Lebron jumped on Twitter and quickly gained a massive following.,3.4,3.6,3.4,3.5,3.25,3.0,6.820778253883731,6.034286065753604,5.213307408234553,8,6,7,1.800921702779249e-08,7.2646649422339,6.012482644433748,5.025805627555649,8,6,7,3.670673116772923e-08,5.56790921368343,5.869724009012279,5.57976813414904,9,6,7,2.8508923155346156e-08
IFAW1_1198_1333,"Many of our critics say that you and I who love animals attribute intelligent and sensitive qualities to “stupid, non-feeling” animals.",3.2,3.2,3.2,2.67,3.0,3.0,5.184144960833743,3.7958506886553174,1.820180240275513,1,2,1,8.474771057166693e-07,6.8824204182350694,5.027740948202099,2.1439284528710907,8,6,2,1.1643992467828133e-06,3.6435748038749702,3.3238066558211963,1.9586901742046663,1,2,2,6.682124333161201e-06
IFAW1_1303_1324,"“stupid, non-feeling”",2.2,2.8,3.0,1.8,3.2,3.0,2.6609977765188186,2.01849280591393,1.475463495440269,1,2,1,1.5991391760267483e-09,4.599112107723448,2.149485838875233,1.3151530225968455,4,2,1,1.7941521532485537e-09,1.2823427283064743,2.0213263024424317,1.6921429903150995,1,2,2,3.0272522564935214e-09
IntroDublin_4045_4155,"Beckett and Joyce, among others, had to leave their homeland to understand it —  and to be understood.",2.8,3.0,2.8,2.8,3.0,3.2,5.535442361887566,5.180951568498413,5.605419731226382,8,6,7,1.7190972078039296e-05,7.15289257454131,5.652028749423862,6.736535294705329,8,6,7,4.389569882253239e-06,4.194023284232541,5.220791558573409,5.808253131322886,4,6,7,3.804571548054616e-05
IntroDublin_4637_4896,"And in this city, where literature and theater have historically dominated the scene, visual arts are finally coming into their own with the new Museum of Modern Art and the many galleries that display the work of modern Irish artists.",3.6,2.8,3.0,3.0,2.0,3.0,6.587712534630276,5.979835586261048,7.001223298074846,8,6,7,9.030306984786874e-09,7.129878111678932,6.0969347786961725,7.135110342389989,8,6,7,1.994828503880752e-09,5.656164405188795,6.0190482292776455,6.931269038274417,8,6,7,1.1483832677572112e-09
IntroDublin_5143_5244,"And while multinational chains have made inroads, they seem less blatant here than elsewhere.",3.0,2.67,3.0,3.2,3.0,3.0,4.929880095037857,2.8878392727052304,3.447373935113898,4,2,3,3.236277135022176e-08,6.48370830056759,4.021292724578746,5.1171447989251995,8,4,7,1.3245006858633617e-07,3.2037940497177764,2.582258729718042,3.1723045983668174,4,2,3,1.8423230875917132e-07
IntroDublin_5436_5480,Dublin’s food has undergone a metamorphosis.,3.0,3.0,3.0,2.8,3.0,3.0,6.772375174201548,4.713224496176402,3.028665649776928,8,6,4,3.101050300598077e-07,7.6638546761713675,5.442226067192503,3.7749629712928283,8,6,4,7.489815139177683e-08,5.845708865287014,4.571539012322763,3.1792117680778462,4,3,2,1.0129859833740827e-06
IntroDublin_595_662,The proverbial hospitality and warm welcome are still here.,3.5,3.0,3.0,4.0,3.25,3.0,7.4676247803292295,5.998609365409425,6.1962113758172235,8,6,7,2.442779450295343e-07,7.895573202472109,6.024846955053525,6.547415481835705,8,6,7,3.5919579901650884e-08,6.928156634675167,5.683720035442529,6.010871942755774,9,6,7,1.403306889916231e-06
IntroDublin_7368_7441,Religion and respect for parents has not yet gone out of fashion.,3.0,3.0,3.0,3.4,3.2,3.2,6.4833116019077455,5.171269713647465,5.179084451150172,8,6,7,7.839240662829415e-07,7.527678511127004,5.744950480107482,6.57357527364609,8,6,7,1.1091942522406754e-07,4.8472754456926666,5.215615602814902,5.33611778408774,4,6,7,7.8400724882407e-06
IntroDublin_7442_7613,And young graduates are not leaving now — multinational corporations and European Union investment mean there are plenty of opportunities for them at home.,3.0,2.8,2.6,3.6,3.4,3.8,7.253960373578835,6.039794104191547,6.665406869455447,8,6,7,2.891696135729207e-08,7.734538110617274,6.047691195551341,6.966138237584003,8,6,7,3.931516305978718e-08,6.623829620527162,5.849813863945697,6.663626210435706,9,6,7,3.8224656752427386e-07
IntroHongKong_1558_1761,"But in fact, once news of the handover vanished from the front pages, the people of Hong Kong returned to their usual topics of conversation: the economy and the price of housing.",2.8,2.2,3.6,3.0,2.0,3.0,4.102130956977105,2.966473140295779,3.897931551649299,1,2,2,1.2735697527602804e-07,7.192515361386139,4.741118856852864,6.342959187187969,8,6,7,9.855495343128013e-07,2.198582050136025,2.6078979970700265,3.6404395857908662,1,2,3,5.900158577314664e-07
IntroHongKong_171_262,With its vibrant atmosphere and night-and-day activity it is an intoxicating place.,3.2,3.2,3.0,4.0,3.8,3.2,8.367807058863505,6.977934092329944,6.668657105928785,8,7,6,2.5799033708164895e-11,8.223491040694382,6.931887740079889,6.502072512185624,8,7,6,2.1620871715863962e-11,8.655568779608451,6.959548426160298,6.481747767061169,9,7,6,7.990982477347524e-11
IntroHongKong_2767_3013,"To alleviate the problem, the government has become the city’s major landlord with the construction of massive apartment blocks that, though they have every modern facility, average only 9 square m (100 square ft) in size.",3.2,2.2,3.2,3.0,3.2,3.0,1.872223031447025,2.2116719609244546,3.2426420294950065,1,2,3,1.4601939762298166e-08,3.5913062624754737,4.002290706265651,4.647810377260212,8,6,7,2.3564743910143389e-07,1.2993766404760907,2.245487787342591,3.541725860686566,1,2,3,2.387839344635136e-07
IntroHongKong_3169_3219,"Of Hong Kong’s population, 98 percent are Chinese.",3.0,3.0,3.0,3.0,3.0,3.0,2.1211577856698316,2.060195322117315,1.6176935819863905,1,2,1,1.2742398981355262e-08,5.446619880997684,2.7097605434079464,4.585025395932829,4,2,1,7.254798323405707e-08,1.3082808729906221,2.070045893945457,2.2217079904332535,1,2,1,2.8813162608482167e-09
IntroHongKong_3350_3490,"The Chinese people have been described as hardworking and pragmatic, attitudes that have contributed to Hong Kong’s success.",3.2,3.2,3.2,3.6,2.8,3.2,7.61347305837506,5.868405449977647,6.503684435103253,8,6,7,1.1553912967954513e-07,7.782239633440421,5.944678815694567,6.866354292091568,8,6,7,4.3136124342159816e-08,7.019365412941107,6.013282348858413,6.487963155149109,8,6,7,8.624269823622083e-08
IntroHongKong_4864_5028,"Across Victoria Harbor, connected by ferry and the MTR rail line, is the Kowloon peninsula with its hotels, nightlife, and almost non-stop shopping.",3.33,3.33,3.33,3.0,3.0,3.0,5.486850373727338,4.706386160363033,5.427809399650469,8,6,7,3.6796880559005685e-07,7.302535863335186,5.6443004795991385,6.740382861963773,8,6,7,8.339454689277322e-07,4.431645354233007,6.360342581715681,7.409555221047988,4,7,8,7.065116055259066e-10
Italy_2198_2875,"Into the Initiative's underground bunker: Then, from the bathroom-Initiative across the hall: Into his parent's basement: And into an ice cream truck: Past the the come-hither lesbians: Through the back of the ice cream truck: By means of a passage: That returns him to you guessed it his parents' basement: In which he exits the same door he originally entered it from Buffy's house only to end up in the halls of Sunnydale High and (shortly) an Apocalypse Now parody: The only difference between what Whedon did and Urbino is that you could travel through the side streets of Urbino with a camera and accomplish such feats (minus the Coppola) without needing to cut once .",2.8,3.0,3.0,3.0,3.0,3.0,5.307545148639088,5.333396332117844,6.289391115363894,4,6,7,0.00014894258746739808,7.1162876008320115,6.21195642726473,6.986281463257308,8,6,7,6.011324660036248e-08,4.55341649353179,6.16091256679798,6.804404228500772,1,6,7,1.5197874413355541e-06
Italy_28_119,The effect of not being on vacation in Italy on a man with a tall stack of papers to grade.,3.0,2.6,3.0,2.4,2.8,2.6,5.113149658112522,3.269603665198537,2.5278725627304475,4,2,3,6.715674652607577e-08,7.226527755332525,5.337525354205967,4.0946175366179265,8,6,7,8.167279841087763e-07,3.622400062942067,4.353847447702494,2.441746685072122,1,3,2,1.6128877143317506e-06
Italy_648_882,"The region is poor (though not so much as I thought) and poorly serviced by internet and wifi: there's a router up the hill from her which sometimes provides wifi, but only then into a loft too unbearably hot to occupy during the day.",2.8,3.0,3.0,2.33,3.33,2.33,3.3745996853812374,2.759654435694043,2.9555818043774336,4,2,3,8.500411509597849e-08,5.563478796246686,4.619987491388895,4.576943195424775,4,4,3,6.745374118069427e-07,1.9972545804400512,2.849212456530435,3.07649742781153,1,2,3,1.262103747261789e-07
Madame_White_Snake_11963_12115,"In fact, Communists in the PRC in the 1970s reclaimed her as a feminist symbol for women who rebel against the patriarchy.",3.17,2.83,3.17,3.2,3.0,3.2,7.413197133952762,6.092549638876547,6.444597795465946,8,6,7,1.5458196629111448e-09,7.7708078802503,6.173219133897312,6.873257029871768,8,6,7,3.1263618755884233e-09,6.63491530789127,5.88803425306372,6.351580114816839,9,6,7,4.06160580859832e-08
Madame_White_Snake_1946_2044,"She took on the virtues of a traditional Chinese female, particularly forbearance”.",3.5,2.25,3.25,3.0,3.0,3.0,6.982229653264958,3.992049083675112,2.4273345120845553,8,4,2,3.800360958658766e-08,7.220840838853158,5.118299134375728,2.670542561449158,8,6,3,2.321377503482698e-07,4.943214175317015,3.8372797657510205,2.6962609077502453,4,4,3,1.793149244915714e-07
Madame_White_Snake_5366_5802,"While both stories each characterize Madame White Snake fairly consistently within their narratives, the uneven characterization in film noir perhaps mirrors the evolution of her character over time: readers may not be sure whether she is a pure villainess or whether she is a good wife who is badly treated by society, because there is evidence of both throughout her legend.",3.2,3.2,2.8,3.0,3.0,3.0,5.351785519800481,5.765766409987776,4.8039477668245585,4,6,5,6.613606812814521e-07,6.794242062993234,5.98685726463091,5.466672392290235,8,6,7,2.718962389223298e-08,4.948415528931765,5.887553250276509,6.067478082847108,4,6,7,9.489968356349703e-07
Madame_White_Snake_7124_7170,He is weak-willed and not particularly useful.,2.6,3.0,3.0,2.4,3.4,3.0,3.1841917694711332,2.024657978690283,1.9023858596172751,4,2,2,2.0957780976706269e-10,4.151474522894487,2.1501147021411517,1.435378843601111,4,2,1,7.146443823760499e-10,1.97576511882058,2.017589535471773,1.9685954392074119,1,2,2,3.786152257757664e-11
Madame_White_Snake_7222_7414,"“Those creatures took advantage of your fair looks and tempted you. But you, yourself, owing to a lack of courage and spirit, fell victim to their temporary form”",2.6,3.2,3.0,2.6,2.8,2.8,4.343212593539023,3.0436039408097484,1.6789025465619138,4,2,1,1.6154489324051698e-08,6.585176380277735,5.077198784157445,2.0679792461876723,8,6,2,1.7202597323117524e-07,3.3463460944447148,3.3650073737841892,1.9433138896028295,1,3,2,3.621595350740933e-08
Madame_White_Snake_7597_7650,But are the morals of these stories entirely sincere?,3.0,3.0,3.0,3.0,3.0,3.0,5.298160893825918,5.0585999958817816,4.242124863762456,8,6,7,1.3411805198980884e-06,6.9884412446736786,5.386959173551684,5.964705563997034,8,6,7,7.470233554575592e-07,4.467950299953923,5.3620557963584154,4.883593816090208,4,6,7,3.1041685767863682e-06
NWF1_2207_2523,"For more than 60 years, caring and concerned wildlife lovers like yourself have supported our mission to educate, inspire and assist individuals and organizations to conserve wildlife and other natural resources and to protect the earth’s environment in order to achieve a peaceful, equitable and sustainable future.",3.2,2.8,2.8,3.0,3.0,3.0,7.548220771731899,6.628178767246285,6.894484798391,8,6,7,4.150427364582511e-09,7.468173614554151,6.243814977996699,6.92022883534939,8,6,7,1.3299876210128542e-08,4.666196736130059,6.1325043485974735,6.350713376577759,1,6,7,8.622014640752415e-09
NWF1_857_1014,"When you use the attractive wrapping paper and gift tags, you will be helping us spread the word about saving America’s wildlife treasures and their habitat.",3.2,3.0,3.0,3.4,3.6,3.2,5.819434438743978,5.3715665790218114,3.935882548046177,8,6,7,8.860234348405183e-09,7.219290248498442,5.900947434807001,5.322704693541971,8,6,7,2.190848664402474e-08,4.298432451453124,5.3312750673767635,3.010267067107285,4,6,3,1.5600060950851287e-08
NYTnewswire1_1458_1558,"""He's a good defender, he has a good arm, he plays the tough right-field position and plays it well.",3.2,3.0,3.0,3.8,3.4,3.6,7.4849111539479285,6.766864633307601,6.743953468240536,8,7,7,3.8622763861552483e-08,7.491900392508755,6.182953439256358,6.691994339518035,8,6,7,1.3163889318701034e-08,6.8422344832952025,6.723760109974743,6.931261141530447,8,7,7,5.529976922318107e-08
NYTnewswire1_2864_3021,"Bengie is expected to be activated from the disabled list today, giving the Angels both Molina brothers on the active major-league roster for the first time.",3.17,3.0,3.0,3.0,3.2,3.0,5.626033118593816,5.8770854435674895,5.910440091003306,8,7,6,8.760676907501965e-08,7.0815639770970416,6.267656535504939,6.6441230951165595,8,6,7,5.2099015400637595e-08,4.085283647512307,5.400756022502751,6.3400274824561995,8,7,7,4.323859935598422e-09
NYTnewswire1_3994_4055,"""I understand baseball moves, I've been through this before,""",3.0,3.0,3.4,3.2,3.2,3.4,7.490768300124538,5.163098247167635,6.20620606627371,8,6,7,1.7982534883076883e-07,7.801088833561693,5.851089007947205,6.767506192203755,8,6,7,1.3886298646741572e-07,7.096146793696788,5.732164412285836,6.630399018074388,8,6,7,5.4006756013689105e-06
NYTnewswire1_3994_4118,"""I understand baseball moves, I've been through this before,"" said Fabregas, who is headed for his eighth major-league team.",3.4,3.2,3.4,3.2,3.2,3.2,7.174144038669989,5.667963036326131,6.472838234783033,8,6,7,3.08556943679769e-07,7.773347510937203,5.900681157181598,6.912871889615637,8,6,7,4.7239132041740565e-08,5.042866448209774,5.367900296449946,5.944634781887515,8,6,7,1.8945083638860689e-06
NYTnewswire2_1494_1595,"The French ice dancers, Marina Anissina and Gwendal Peizerat, later won the gold over a Russian team.",3.2,3.0,3.0,3.0,3.0,3.0,5.976178053934087,6.700963099394208,6.324250163748321,4,7,6,2.133738553199896e-09,6.396778635530271,6.072597350504312,5.110971508655085,8,6,7,2.7964110184101194e-09,4.617204598955795,6.8459224198359125,6.790882676088488,4,7,6,3.96358873116641e-09
NYTnewswire2_1991_2199,"If convicted of the charges against him -- conspiracy to commit wire fraud and conspiracy to commit bribery, both felonies _ Tokhtakhounov faces maximum prison time of 10 years and a fine of $500,000 or more.",3.0,3.2,3.4,2.4,3.0,3.2,5.284411103130138,5.488039634271987,6.118575631075697,8,6,7,7.627894020821854e-07,6.943290998645759,6.083285862834224,7.102957083816165,8,6,7,2.910147112609014e-08,3.745557002133343,5.917331784314879,7.009117362924173,1,6,7,2.2259515467579094e-07
NYTnewswire2_3988_4070,"""She's a scapegoat and a target of a corrupt system and was unfairly singled out.""",2.33,3.33,2.67,2.33,3.33,3.67,4.854729248500181,2.934045105729007,3.303248783469013,4,2,3,1.672221168694828e-08,7.168630873026833,5.280276020890172,4.809988933282342,8,6,7,6.142214055012835e-08,4.462869470604885,4.404293574134734,4.248898865102299,4,4,3,6.80066544094621e-06
NYTnewswire2_4359_4601,"Since the collapse of the Soviet Union, he has been implicated in arms trading and Russian art smuggling, and in the Russian news media he was accused of complicity in a plot to extort $10 million from the head of a Russian sports foundation.",2.33,3.0,3.17,2.8,2.8,2.4,4.904282420245599,5.417718206075752,5.365860098171158,8,6,7,6.307457340006155e-07,6.700954076596544,6.028683530864952,6.391899020229767,8,6,7,7.850404053169936e-09,2.8552477653781554,5.810421187265266,6.297553831548425,4,6,7,6.582677042156374e-08
NYTnewswire2_5856_5975,"The second mobster told Tokhtakhounov that the federation official ""is close to us -- he is a good guy, he will do it.""",3.0,3.0,3.0,3.0,3.2,3.6,5.85359734283807,6.079014411836537,6.205968721149366,8,6,7,2.697319803842879e-07,7.166868802207342,6.09870506367535,5.693221057653857,8,6,7,1.5647482524291503e-08,5.237496061577616,6.053351777748566,6.36714998276331,4,6,7,1.4883348181601435e-06
NYTnewswire2_6622_6674,"He added: ""Everything is going the way you need it.""",3.33,3.0,3.67,3.33,2.67,3.33,7.721626582474082,6.283997255810105,7.550319950954931,8,6,7,5.6268686225616415e-09,7.754588425079085,6.110596887611478,7.235410358469339,8,6,7,3.02398126378238e-08,7.550615077435852,6.374488931963483,7.590415897011177,8,6,7,2.1043879440574697e-09
NYTnewswire2_6918_6974,"""one is ours, and the other our friends will give them.""",3.2,2.8,3.6,3.0,3.0,3.0,6.416928393113494,5.6889582557789184,6.683116766974807,8,6,7,6.694568535964742e-06,7.205607158396467,5.950995368753909,6.633491242974029,8,6,7,1.463610207258499e-07,4.982897600965009,5.567228450843778,6.390984519451196,4,6,7,1.8697833523935942e-05
NYTnewswire2_7262_7308,"""The French have nothing but the ice dancing,""",3.0,2.67,3.0,3.0,3.0,3.25,5.382485583304178,2.868494376072961,3.6739600521317515,4,2,3,1.2558466037605244e-08,7.2072627456041864,4.752910491155354,3.442070248332765,8,6,7,3.865616852055939e-08,4.150228413159501,2.418388855040626,3.80783104991946,4,2,3,1.3965517794047984e-07
NYTnewswire2_8918_8994,"""This is a criminal act and it certainly puts things in a different league,""",2.2,3.0,3.4,1.8,3.2,2.4,7.182770498208858,6.185513394165693,6.3304097549567775,8,6,7,1.7242702917343146e-08,7.693972408423694,6.2651225596189395,6.452508030828482,8,6,7,1.9071441198194234e-09,6.867708205485649,6.214298764788597,6.927269567356323,9,6,7,2.9349584013475256e-08
NYTnewswire2_8918_9007,"""This is a criminal act and it certainly puts things in a different league,"" Howard said.",3.0,3.0,3.33,2.67,3.33,3.33,7.247770653174303,6.251185624506441,6.857555673284522,8,6,7,2.428348478824168e-08,7.67777616732241,6.29333697958693,6.652294424225861,8,6,7,3.478353313764422e-09,6.712157582103985,6.296696540088196,6.902288851505519,9,6,7,5.7133982174985084e-08
NYTnewswire3_2341_2568,"In remarks during a ribbon-cutting ceremony here on Wednesday, Gov. George E. Pataki said he expected the facility to generate thousands more jobs in the Hudson Valley area for contractors and suppliers catering to the factory.",3.0,2.6,3.0,3.0,3.0,3.0,5.353974074259252,5.743097100017425,6.656368454124069,8,6,7,7.267205286504181e-08,6.812415703348988,6.083717911853369,7.052855164481043,8,6,7,1.9878462085189087e-08,3.2627737107175077,6.01608426684643,6.99571161581457,1,6,7,7.509821434688636e-09
NYTnewswire3_2569_2669,"He praised IBM for being ""a critical partner in our economic development efforts"" in New York state.",3.2,3.2,3.2,3.4,3.0,3.2,7.793698002506815,6.013187050137822,6.841755396213036,8,6,7,4.10200283195314e-08,7.709331916343626,5.896477631217776,6.726950422798997,8,6,7,9.776855294265963e-08,6.857139049616206,5.716347154869864,6.382530145653299,8,6,7,1.3285967658185035e-06
NYTnewswire3_4024_4146,"""The diversity is the big difference with this plant,"" said Richard Doherty, president of Envisioneering, a research firm.",3.0,2.8,3.0,3.0,2.8,3.2,7.078672286186779,4.528618538601335,6.069604270588015,8,6,7,1.1985626398393757e-07,7.621846752013172,5.0742843607495125,6.399691235666129,8,6,7,2.455978681584659e-07,4.339508516304078,3.4500024709133523,4.017320511429966,4,2,3,7.68720456189345e-07
NYTnewswire3_4870_4993,"Human operators are there to monitor the systems, catch errors and fine-tune the production process for maximum efficiency.",3.2,3.2,3.6,3.2,2.8,3.4,5.47510285373955,3.8437859191787145,4.761018179387367,4,2,3,1.1087244782154092e-08,7.569437779494255,5.492251752657911,6.590595438640652,8,6,7,1.1848978739722626e-07,4.715272427620253,4.259436949839239,4.830181186290051,1,2,3,8.004540675340733e-07
NYTnewswire3_5361_5401,They look more like workers in a bakery.,3.0,2.67,3.0,2.8,3.2,3.2,3.0772130585120476,2.036179975236313,2.2557390261703936,4,2,3,4.1200345567540894e-09,5.208825618831904,2.794547030346319,1.8335853548480194,4,2,1,1.5208670178968395e-08,2.2603590434221004,2.0610430943568074,1.9509831384286198,1,2,2,2.583677697471124e-09
NYTnewswire3_5407_5507,"Yes, said Richard Brilla, director of the new facility, ""but the donuts are a lot more costly here.""",2.6,3.2,3.0,3.2,2.8,3.4,4.478976177912704,3.078471144091801,3.7057161626712034,4,2,3,5.520266789150208e-07,6.314688309220689,4.440709827562647,4.981668358302802,8,6,7,8.799122812922683e-07,3.344199589327547,2.9184480300546185,2.9479196945387103,4,2,3,1.5396535220703385e-06
NYTnewswire4_1836_1881,"""and that's a big motivational factor for us.",3.6,3.0,3.2,3.0,2.8,2.8,8.069940583070196,6.898297666223614,7.053294790992722,8,7,6,2.0939373364286848e-10,7.98488520330998,6.696904760137566,6.588703273769576,8,7,6,1.893126765901821e-09,8.242360053009667,6.893687393545572,7.680178315678073,9,7,8,1.6063985182603153e-10
NYTnewswire4_2915_2979,"""It gets a little fake when you have billboards and a campaign,""",2.8,3.0,2.8,2.5,3.17,3.0,4.198381183529596,2.5142909124822728,2.754923903800015,4,2,3,3.071803939903685e-08,5.54450812528922,4.0658134965291275,3.2940675170813356,4,4,2,1.126377957963269e-06,3.474114380796109,3.2233670526533853,2.7818154999960645,4,3,2,2.7431750917414225e-07
NYTnewswire4_3569_3727,"""The people of Miami and the people of the University of Florida wanted us to have it for a long time, but it wasn't going to happen with the 11-game format.""",3.0,2.8,3.2,2.0,3.0,3.0,3.7080979623277983,2.769499853522131,3.059240590226691,1,2,2,3.5254611337077296e-08,6.697257749945219,4.939513572641232,5.122176780509927,8,6,7,1.3396675119394566e-06,1.7839938442768055,2.371053021281253,2.488378714486421,1,2,2,5.961881935106958e-08
NYTnewswire4_3936_3992,Karen Rosen writes for The Atlanta Journal-Constitution.,3.0,3.0,3.0,3.0,3.0,3.2,6.990211967738847,5.6693238435671685,6.12718292054694,8,6,7,9.806173831314277e-08,7.584050294372458,5.610194251793096,6.114295973125495,8,6,7,2.629904868898429e-07,4.9057330703024835,5.905548105296667,5.936479201992641,4,6,7,1.1743646906107666e-08
NYTnewswire5_1109_1261,"HOW TO SELECT As the gourd ripens, its color changes from near white-pale green to vivid green, often flecked with yellow, and eventually bright orange.",3.0,3.0,3.0,3.0,3.2,3.2,6.675019868502661,4.773181546422292,4.620309968923885,8,6,7,1.5492085777436023e-08,7.457721125273879,5.355778928264464,5.529950355369558,8,6,7,4.23616343458544e-08,5.934705620880029,4.638895413027141,3.7872332224409417,4,3,2,1.4855063909224968e-07
NYTnewswire5_1704_1833,"They are frequently blanched or salted and left to macerate for up to an hour, then rinsed and patted dry to tame the bitterness.",3.0,2.5,3.0,2.8,3.2,3.2,6.409481954783093,4.035591393211163,4.100794242607009,4,2,3,1.0645132567102732e-08,7.547349637831523,5.555772904804974,6.378528298333495,8,6,7,1.8603503344417208e-08,4.5115029581755115,4.58758871691081,4.925625516211105,9,6,7,6.466974654695643e-07
NYTnewswire5_418_590,"SAN FRANCISCO -- A staple of Chinese and Indian cooking, these gourds (botanically, Momordica charantia) with skin like toads grow on climbing vines that can reach 12 feet.",3.2,3.2,3.0,3.0,3.0,3.0,4.719054451532097,3.5185788918523713,2.3998197667123295,1,2,3,4.5332110923629065e-08,6.642842441880626,4.990506220423126,2.7427468646916466,8,6,3,1.848036483005415e-07,2.1104420118302873,3.044859552775146,2.88875473474273,1,2,3,6.861946676478517e-08
NYTnewswire6_3038_3186,"That may well be the best-known kitchen in America, since it became the site of the ""French Chef"" television programs, which started airing in 1962.",3.0,3.0,3.0,3.0,2.67,3.33,5.634476888165233,4.788013042089975,5.3943854225118235,8,6,7,1.0933023186187255e-06,7.298664001059045,5.81327801311274,6.603545252148447,8,6,7,3.168519268056693e-07,4.107513576629547,4.748311413129054,5.351086674984295,9,6,7,5.348796744952244e-07
NYTnewswire6_3925_4055,"As reinstalled in Washington, the kitchen should be as we all remember it from countless TV shows, ""right down to the toothpicks.""",3.0,3.2,3.2,3.0,3.0,3.4,5.355305817981711,4.166586093525831,4.691030424894388,9,6,7,3.4061727570350534e-07,7.722485350565203,5.834792096575576,6.557787880667032,8,6,7,2.9283396200811337e-08,2.899868613811675,3.926139791000846,5.182149364259959,1,3,6,6.084874479498029e-06
NYTnewswire6_4061_4155,Child will go to the capital for the debut of the exhibit right after the Maine birthday bash.,3.0,3.0,3.2,3.2,3.2,2.8,4.256013923326731,4.133027273616716,3.6470759162946083,8,6,7,6.647221544976309e-07,6.482972302293321,5.361319156046699,5.928059713409416,8,6,7,1.819957338824759e-06,2.760359171271826,4.403695976402821,3.725596343270981,1,4,2,2.144649861345104e-06
NYTnewswire6_6102_6213,"But since it's the middle of summer, I am adding fresh corn to it"" -- plus a dollop of caviar for good measure.",3.6,3.4,3.0,3.25,2.75,3.0,6.665879445768422,6.436842485103297,5.728052618818447,8,7,6,1.5011643052686164e-09,7.432264470889566,6.407405596483376,5.785302937342899,8,7,6,6.830048823674252e-10,5.759481564006817,6.806767213306303,6.045143784700361,4,7,6,1.1873216829206495e-08
NYTnewswire6_6219_6376,"In the same vein, Gras is tweaking her salade nicoise, and Jeanminette is adapting her mousse au chocolat to become a spectacular six-layer pecan marjolaine.",2.6,3.0,2.6,3.4,3.2,3.0,5.796414923081834,6.072542723906715,5.670245800289301,8,7,6,2.295576271104234e-07,6.447628943168665,6.169511810312464,5.588102035798563,8,6,7,1.0189051806810222e-07,4.922998554659287,5.908374064421139,5.9668964471473345,4,6,7,6.012341359173462e-07
NYTnewswire6_6946_6961,Words of wisdom,3.33,3.33,3.67,3.2,2.8,3.2,7.653032611482645,5.853089290517067,6.0485534501082405,8,6,7,8.626489117893254e-09,7.770164879507406,5.522198061921599,4.6325987750126965,8,6,7,1.1915197960612543e-08,7.742024475972714,6.164370078598767,6.11740252976791,8,6,7,2.634747370725815e-08
NYTnewswire6_7465_7476,No snacking,2.6,3.0,4.0,2.8,3.0,3.0,5.775928550525395,3.5836419966899973,2.922231815031459,4,2,3,4.0471004183263014e-10,7.720515785453301,4.230412486077795,3.1648079122640174,8,4,2,2.6230997775234597e-09,3.8239382612215596,3.1939300089215212,2.7229024211462853,1,2,3,1.173434370226346e-09
NYTnewswire6_7639_7771,It's easy to imagine what Bay Area chefs like Alice Waters or Michael Mina might have to say about Julia Child on her 90th birthday.,3.25,2.75,3.5,2.8,2.6,3.0,5.681744191205946,3.8430531749264256,5.562357453918581,8,6,7,2.3851012780098705e-05,7.507895351753689,5.832536812535092,6.904221524787514,8,6,7,4.065251653462745e-07,4.112753116136036,3.588919260330705,5.342840435277565,1,2,3,0.00010567432804864506
NYTnewswire7_2098_2262,"The NMFS estimates that in 2000, more than 16,000 tons of Chilean seabass were legally caught from an internationally regulated harvest area in the Antarctic Ocean.",2.8,2.8,3.2,2.6,3.6,3.4,5.2298637087492725,4.454633352447902,4.566477792001037,4,4,3,1.2621061673057569e-07,6.76794688881611,5.1908399296151915,6.20912717542734,8,6,7,3.119037693634878e-07,3.866723828489331,4.675517839994435,5.40785631792531,4,4,3,1.071526442450316e-06
NYTnewswire7_3260_3393,"""We are also taking a real hard look currently at almost all species of shark, though we haven't made a formal statement about that.""",3.0,3.0,3.33,3.0,3.0,3.0,6.222972952783284,4.5624445167921115,2.208124589050841,4,4,2,2.8322528633749417e-07,7.290885834530836,4.796592107417773,2.4177597234857386,8,6,3,5.150539651662151e-07,3.6652983755303965,3.8336157706345917,2.2633828680229753,4,4,2,6.269809168121671e-06
NYTnewswire7_3399_3483,"Whole Foods Markets, with 133 stores nationwide, also does not sell Chilean seabass.",3.0,3.0,3.0,2.33,2.67,3.0,3.3882334582201503,2.3699668364896573,1.9048539742726784,4,2,1,3.3227061111076815e-09,4.626199547751758,2.8280287717183716,1.8923062244458144,4,2,1,4.302211268576997e-08,2.763241707188705,2.5075265192160843,2.2577224178066198,4,2,3,6.197479689528762e-09
NYTnewswire7_5346_5447,"In 2000 and 2001, the Packard Foundation awarded $26 million in marine fisheries conservation grants.",3.2,3.0,3.4,3.8,3.0,3.0,4.811849045746348,3.9854298223412115,3.4687170802561695,4,3,2,3.534976644618801e-07,6.718286712602691,4.810898658489062,4.780162133254161,8,6,7,1.7014986326705202e-07,3.541796472942099,3.488417807791868,3.2142344139536916,4,3,2,1.8601322411104268e-06
NYTnewswire8_3131_3288,"""Making sure that practicing psychologists are giving patients interventions based on the best available psychological science should be the APA's priority,""",3.0,3.4,3.2,3.4,3.2,3.6,6.888402738957935,4.594014096216265,5.953408058372815,8,6,7,1.9045082592165143e-08,7.573543618576526,5.731585168625232,6.690665272967759,8,6,7,1.1490961679604997e-07,6.062404806539284,4.778765337002054,5.575514070530554,8,6,7,1.3792951725285201e-06
NYTnewswire8_3131_3402,"""Making sure that practicing psychologists are giving patients interventions based on the best available psychological science should be the APA's priority,"" argues Emory University's Scott Lilienfeld, president of the Society for a Science of Clinical Psychology (SSCP).",3.5,3.0,3.0,3.2,3.2,3.0,6.954814843342708,5.783284772880173,6.33830664044259,8,6,7,3.416961868010022e-07,7.535388372381531,5.969122708596693,6.7518954765110815,8,6,7,2.1331723467065774e-07,4.832776303279513,5.0990518009091925,5.493992886087259,4,6,7,3.5488039473749114e-06
NYTnewswire8_3409_3535,"More than any philosophical betrayal of psychology, RxP opponents fear that the movement will undermine the science they love.",2.6,3.0,2.8,2.2,3.4,2.8,5.7383850087136,3.9311128184930544,4.848806619708249,4,2,3,4.21779777532861e-06,7.014754043786301,5.412073778940118,6.466762471109019,8,6,7,1.2486102189740832e-06,4.937446649660106,4.4545607639177245,4.4685698335092585,9,6,7,7.116939193864978e-05
NYTnewswire8_3536_3743,"They believe that if prescriptive authority becomes the norm, biomedical requirements will inevitably seep into the psychology curriculum, at the expense of traditional psychological science and methodology.",3.0,3.0,3.0,3.0,3.0,3.0,4.846086858220222,5.031072329011076,4.066631912173925,8,6,7,4.724271205091939e-07,6.949828682875789,5.782679257497563,5.509899682477516,8,6,7,1.2549677365928405e-08,3.693713726553188,4.648539244286623,3.5501935324240925,4,5,3,1.1718766015549045e-06
NYTnewswire8_3750_3891,Lilienfeld feels that many clinical psychologists already receive inadequate training in fundamentals such as research design and evaluation.,3.0,3.0,3.0,3.0,2.67,3.67,2.4412758761277353,2.740974452927164,2.3531615559075574,1,2,2,6.232865940061973e-08,5.5487012686988075,4.855907827205779,4.796038885979225,4,4,3,7.316501137094063e-07,2.5462239392688013,3.183543586645961,2.657865867344689,4,4,3,3.0014527597019044e-07
NYTnewswire8_5221_5385,EDITOR: Visit The New York Times Syndicate Web site at http://www.nytimes.com/syndicate for more information on SCIENTIFIC AMERICAN NEWS SERVICE and other features.,3.0,3.0,3.0,3.0,2.67,3.0,4.75880240141392,3.643569643132249,4.914509772306591,8,6,7,3.816677726843447e-06,6.965346616670242,5.491946457156458,6.951323521128339,8,6,7,1.2791721207964213e-05,4.184403391304862,4.18427002820928,5.339820963796328,4,6,7,1.0089752908388195e-05
NYTnewswire9_4105_4173,"In Karnes, Tibbets found a kindred spirit -- and a handball partner.",3.2,3.0,3.0,3.0,3.0,3.0,5.662856892328707,4.514644028815178,4.182866573312766,4,3,2,4.959124695002427e-06,6.558761906668418,4.936840896935736,5.23232035796154,8,6,7,1.7328407139026412e-06,4.125673622018414,4.488050489109089,4.600235097620155,4,6,7,6.376457509351927e-05
NYTnewswire9_4306_4423,"Tibbets was a decorated, top-gun pilot, but Karnes could wrangle the military rule book as well as Tibbets could fly.",3.0,3.0,2.8,2.6,2.6,2.8,5.675718704137145,6.034484113072353,6.86696296618104,4,6,7,2.5894001809987485e-07,6.9102935341038245,6.024844040446586,6.425733104796914,8,6,7,2.3751142629305103e-07,4.367660514821415,5.818578766279858,6.509285812271996,4,6,7,5.471544579656617e-07
NYTnewswire9_4618_4647,I was very lucky to have Tom.,3.6,3.4,3.0,3.6,3.8,3.0,7.762249752976694,5.846744705270249,6.639725892003577,8,6,7,1.375620023468116e-07,7.944995780589177,5.838090750424935,6.736721514409655,8,6,7,2.3086094003024516e-08,8.130932193021726,6.027222839899677,6.852659904424755,8,6,7,1.380181162175143e-07
NYTnewswire9_5177_5248,"Karnes hated to pry, and skimmed over personal portions of the letters.",3.0,3.2,3.0,2.6,2.6,2.6,3.5890417229013387,2.286585602415495,2.0328177221466666,4,2,3,8.819151880855578e-09,5.398946295912287,3.1352463640553996,2.5318729480120754,4,2,3,4.9289053901475506e-08,2.2737237829167567,2.1201108581612624,1.8975850357564472,1,2,2,8.201717879514418e-09
NYTnewswire9_521_602,On his metal desk were names of military men being ordered into the organization.,3.0,3.2,3.0,3.0,3.0,3.0,3.8445328849448828,2.4698679053358723,2.3588771171619607,4,2,3,2.3846987257216413e-09,6.162024533432373,3.8837517420323833,2.157065874978297,8,4,2,3.169634133277129e-08,2.93755407318432,2.809025620157793,2.8356449247906466,4,2,3,2.5656581648919218e-08
NYTnewswire9_5598_5682,"He said that they had split the atom and that we were going to drop an atomic bomb,""",3.0,3.0,3.0,2.6,3.4,3.4,5.9752709566370275,6.474047637162604,7.500283989982482,7,6,8,1.4437572549778432e-09,7.036311387183633,6.300009863122414,7.579703374396523,7,6,8,1.297619736942176e-10,6.325917278991772,6.712200160098234,7.481606962899789,7,6,8,1.1234739030633363e-09
NYTnewswire9_6527_6621,"Karnes handed out bunk assignments, choosing the mess officer, Chuck Perry, to share his tent.",3.0,3.0,3.4,3.0,3.0,3.0,4.166921655867492,3.8796351829449196,4.517553965276324,1,2,3,7.888722898079294e-06,6.701862539472485,5.571570267526289,5.747769656252365,8,6,7,2.4960966392019967e-07,2.989651165815525,4.043654084406218,4.877580414408249,1,2,3,6.132122155897352e-06
NYTnewswire9_7832_7911,The crew slipped on dark glasses to prepare for the blinding flash of the bomb.,3.0,3.2,3.0,2.4,3.2,2.6,4.642065339889533,3.400443774921132,2.286122569416296,4,2,1,7.985156910309187e-08,6.485021821251438,5.183922499265876,3.866415029677955,8,6,7,3.243028986642978e-07,3.4598530692563,3.706307076226684,2.3192934812411443,4,4,2,8.073087470403853e-07
NYTnewswire9_8338_8473,"When the bomb exploded as planned 1,890 feet over Hiroshima, Tibbets' mouth tingled, and he tasted the lead fillings in his teeth.",2.6,3.4,3.0,2.8,3.2,3.0,2.894755175205011,3.368443759459679,1.889031023481858,1,2,1,4.325689461717137e-07,5.564613026295771,5.516960541455041,4.1631160657909785,8,6,7,6.170671717826296e-08,1.9827806478694656,3.1357954034824616,2.158560610297868,1,3,2,1.3183132177589046e-06
NYTnewswire9_8515_8639,The crew was horrified by the purple mushroom cloud that climbed to 10 miles and looked as if it would engulf the Enola Gay.,2.8,3.6,2.8,1.8,3.6,2.2,5.1450221080375265,6.702833521010494,3.666977272846106,4,7,2,1.9664657994040707e-11,7.307379919677649,6.557848796461304,5.103230956176708,8,7,6,3.2894307965007373e-12,4.108063977302158,6.410616237963907,6.00722484333463,4,7,6,7.345123310170585e-11
NYTnewswire9_9777_9839,"Three days later, another B-29 from the 509th bombed Nagasaki.",2.75,3.0,3.5,2.0,3.0,2.0,4.070294442440833,2.438555003786877,3.0374692747399887,4,2,3,1.6829775105981583e-08,6.758832742285267,4.813370658918221,4.609442753471394,8,6,7,3.025971452122708e-07,2.9038943312579057,2.445294064876624,3.105485376776248,4,2,3,3.412214805568057e-08
NYTnewswire9_9840_9901,"Five days later, Japan surrendered and World War II was over.",3.2,3.2,3.0,3.4,3.2,3.2,5.411969416465925,3.899307932255872,3.1525366433266995,4,3,2,5.091673524882461e-08,7.411336004281816,5.3024139254483975,4.977925154273907,8,6,7,9.040562487926628e-07,4.7559301733436845,4.50392561514243,4.593775485207651,1,3,2,6.858492331678906e-06
Nathans_Bylichka_10470_10479,"“Nathan,”",3.0,2.67,3.0,3.0,3.0,3.0,6.693938181660485,5.937119177401124,6.114080632152023,8,6,7,2.677676813863083e-08,7.457139342675622,5.8797403033288305,5.95166800512318,8,6,7,3.315028056268499e-08,4.959148778246326,5.906292666758626,3.6525451484284597,4,6,3,1.2992651121016261e-08
Nathans_Bylichka_10568_10629,“Rachel met someone last night whom it is best never to meet.,2.6,3.4,3.0,2.4,3.2,2.8,3.7059277513769935,2.5057664316204127,1.3411210124043658,4,2,1,5.584555760016401e-09,5.824293691015491,4.45244854363937,2.255859256332493,4,4,2,2.281252354867304e-07,2.634264520321144,2.476028389289478,1.6603913054964599,4,2,1,3.761104656419973e-09
Nathans_Bylichka_11499_11530,"“Just ignore that,” he told me.",2.8,2.6,3.4,2.5,2.0,3.0,4.399848025734229,2.091496130097137,4.35641891912557,4,2,3,1.030077943057028e-07,7.000009184645447,2.8188396356203973,6.282488263022307,8,2,7,9.83186933276564e-09,2.7259705743325675,2.1591911904681185,3.6632792183178715,1,2,3,4.894211266277151e-08
Nathans_Bylichka_11894_11916,He parked and got out.,3.0,3.0,3.0,2.8,2.6,3.6,3.3323088887939902,2.0460854407050104,1.1500341617889553,4,2,1,1.015919683983721e-09,5.858451736102919,2.550260867783705,1.4850704735924758,4,2,1,1.4047281522554086e-09,1.982405062902885,2.064532894357043,1.0612164958674928,1,2,1,3.456474145545549e-09
Nathans_Bylichka_12318_12349,"Inside, the building opened up.",2.8,3.0,3.0,3.0,2.5,2.83,4.545092004546977,2.5242885336259775,2.2271937325421853,4,2,3,7.078487122328852e-09,7.176077128185394,4.105878128493032,3.370168316347016,8,4,2,2.610293314151826e-08,3.0352037332209356,2.5333443959914743,1.7003788456316193,4,2,1,3.1641874738308366e-08
Nathans_Bylichka_14465_14513,"Even when he talked, he hardly opened his mouth.",3.2,3.0,3.2,2.8,2.6,2.6,3.406927414627356,2.055822845196066,1.304245257900305,4,2,1,8.162356886106474e-10,5.317195593972178,2.740609116430006,1.4830654477902505,4,2,1,6.747896825497943e-09,2.3448034524903285,2.0590549159343787,1.44863918696996,1,2,2,1.4966734223293066e-09
Nathans_Bylichka_14583_14613,The two glanced at each other.,3.0,3.0,3.0,3.2,3.0,3.0,3.8046063624518185,2.126204716044988,1.2226641504168976,4,2,1,4.792108491929944e-09,6.020882653592265,3.0585671518535382,1.652255230079161,4,2,1,7.246168586684342e-09,2.2461440721465378,2.0437024866389395,1.2749381423871606,1,2,1,1.2854747388063794e-08
Nathans_Bylichka_15350_15360,Let’s go.”,3.0,2.8,3.2,3.6,3.4,3.2,7.468221640820222,6.213135319613064,7.109780524443222,8,6,7,4.102770437992497e-07,7.923592261986925,6.223670950537912,6.826025628364725,8,6,7,1.8700056010665687e-08,7.203039055428513,6.348198353119715,6.91624122641723,9,6,7,2.4579930220361004e-07
Nathans_Bylichka_15984_16058,"The yellow of this sky wasn’t just smog: it had a leeching, heavy dimness.",2.33,3.0,3.0,2.2,3.2,2.2,4.575741611649573,2.4592149973091257,2.622749329069177,4,2,3,3.3837902063518066e-09,6.850624976293185,4.422398762661415,4.561279488511722,8,6,7,9.18059684440583e-09,3.9075550040703657,2.4156524272942788,2.813022902979376,4,2,3,3.3189742116504227e-09
Nathans_Bylichka_16250_16414,"Leaning from the rough-hewn window of one building on our right was something with long, green hair draped across the seven gangly arms hanging from its windowsill.",3.0,2.67,3.0,3.0,2.6,3.0,5.259317905529325,4.270662868181971,3.1181839118229147,4,3,2,2.160274697823537e-07,7.295147643497387,5.55572588546755,3.0575873396906523,8,6,3,1.3253693614579875e-08,3.375098344504073,4.083248644593137,2.8530782864912396,1,3,2,4.1284576057388533e-07
Nathans_Bylichka_16545_16644,"“We, and thousands like us, have been living separately as long as there has been a human society,”",2.67,3.0,2.67,2.8,3.0,3.0,7.556129693320065,5.895868178662963,5.834874121552856,8,6,7,1.016546475653592e-08,7.851999430922397,5.845070043434567,5.983989423131246,8,6,7,5.517316110710803e-09,5.189204172589647,5.268643480139302,4.27420176462382,1,3,2,8.012385628292517e-08
Nathans_Bylichka_1807_1825,"“It’s from Mitch,”",3.0,2.8,2.8,3.25,2.75,3.5,6.770560326756737,5.244273017280531,5.764342634510832,8,6,7,1.1265675099299174e-06,7.668977850059806,5.332560474372154,5.7393525020589236,8,6,7,2.2394703991633376e-07,4.297094289968047,4.0978659174662235,4.075263507069922,8,6,7,5.400270284550521e-07
Nathans_Bylichka_18875_18908,What you may call me is Nepthys.”,3.0,3.0,3.25,3.0,2.8,3.0,5.787593498135928,4.98877892969616,4.791437913145133,8,6,7,7.869298489587223e-07,7.2862039610510365,5.096675738380193,3.6399886317240764,9,6,3,6.791362474730818e-08,2.9194820307316904,3.128247418539056,3.6559463380419883,1,3,4,4.052423622453102e-08
Nathans_Bylichka_19235_19396,"“Just at this corner,” he said, interrupting my immanent panic attack, “we’re going to stop and turn three times widdersh – er, counterclockwise, then face east.",3.0,3.2,3.0,3.0,3.33,3.67,4.3171913408675096,5.77552341876695,4.687199483257832,8,6,7,3.1794462716527936e-08,6.612254664540539,6.111769843233045,6.381528380667434,8,6,7,3.334220123447745e-08,3.4635682350939136,5.72280326811809,5.468166522746192,1,6,7,2.911171492092456e-07
Nathans_Bylichka_19925_20022,"When it had all burnt, a thin outline of a doorframe appeared on the wall across from our corner.",3.0,2.6,2.6,2.8,2.8,3.0,3.910132932014066,2.438540428342068,2.647419499104595,4,2,3,6.2965078078518965e-09,6.688596348760031,4.077948740879166,3.0788899060389783,8,4,2,2.5393738171385445e-08,2.767859010276362,2.6786114699819112,2.7219234459487343,1,2,3,4.417396840708144e-08
Nathans_Bylichka_20751_20942,"Its arms were thin and long enough to reach any herbs from its cushion in the center of the cart, and with its long, many-shouldered pole of a torso, it rose over our heads even while seated.",3.0,3.0,3.0,3.0,3.0,3.0,3.962575307575151,4.542018318009988,4.088932131642176,4,4,3,6.4053857958711965e-09,6.23136621847047,5.901823507440265,5.184494832232757,8,6,7,3.8343437849744204e-10,2.3455283605936468,4.909356449755496,5.53983732398545,4,6,7,9.950166766163915e-08
Nathans_Bylichka_21165_21227,"Please, let yourselves breathe the fine scent of these herbs.”",3.2,3.0,3.0,3.5,3.0,3.0,7.618097913660792,5.7754098436539145,4.911610856533067,8,6,7,4.208587983035726e-08,7.965721995500783,5.651838672668641,5.536633006014661,8,6,7,3.079783470727071e-08,5.612218023625489,5.329822652672483,3.2261701893255035,9,6,3,2.192016580503548e-07
Nathans_Bylichka_21469_21523,"Please, if we could see him, we would be much obliged.",3.6,3.6,3.0,3.67,3.33,2.83,4.672528847301171,2.8520978148943223,1.6326350121285613,4,2,1,8.645190242793062e-09,7.054861268173919,4.2449546657079615,2.328489367048471,8,4,2,5.1949898749188e-08,3.289544182145651,2.918631848842187,2.16159810778929,1,2,2,3.9718323110417805e-07
Nathans_Bylichka_22284_22335,He opened one eye when we came in but did not move.,3.0,2.6,3.0,2.8,3.0,3.2,3.356259946076121,2.016488702301053,1.0961029303618346,4,2,1,1.123035680007234e-10,5.548377647699688,2.6259297172588334,1.54568226960884,4,2,1,1.1976500973328057e-09,1.7993196350505993,2.0189098383619584,1.0387509054096258,1,2,1,9.487234875764448e-10
Nathans_Bylichka_22432_22439,I said.,3.0,2.8,3.6,3.0,2.8,3.2,3.976639919409841,2.041418415535631,1.1415812218438668,4,2,1,1.1072895874290756e-09,6.605154647195681,2.6006291361557996,1.9665325356519305,4,2,1,9.143833508266407e-10,2.505792675848731,2.0393405590512783,1.086514660003819,1,2,1,4.198859864849208e-09
Nathans_Bylichka_22670_22746,There’s an entire industry in my world based around how unkillable they are.,3.0,3.0,2.6,2.4,3.2,3.2,5.923126537618755,5.926219470339918,6.960241867372268,4,6,7,3.476069169472143e-08,7.580049789440837,6.079383838343026,7.070650974859828,8,6,7,2.1955043790228e-09,4.292512156090165,5.781639872025675,6.6587400630476505,4,6,7,3.231831945538825e-07
Nathans_Bylichka_22840_22951,"They’re almost as rare here, and I’ve never heard a reliable story of someone successfully fighting a vampire.”",2.83,3.0,3.17,3.4,3.4,3.4,6.132036496628474,4.7265096173790635,3.5264191891618015,8,6,7,1.5558751130192188e-07,7.53525345029741,5.5485635316965345,3.6403761361237783,8,6,4,7.299477523663003e-08,3.2808398786010273,3.9282458092040384,2.3228469177000113,1,3,2,5.761406513468113e-07
Nathans_Bylichka_23485_23490,Okay?,3.0,2.67,3.17,2.8,3.0,2.8,5.104337086214503,3.2060285890464355,2.9557233114452153,4,2,3,4.0058669836100285e-08,6.800856653703446,3.8068032973012604,3.157078079767559,4,2,3,1.995647312096949e-08,4.720034529948148,3.242054966455135,2.0560671844347724,4,2,1,5.7125524094090086e-08
Nathans_Bylichka_23964_24044,The little man drew a few loud breaths that died in the wooden room’s tight air.,2.67,2.5,2.83,2.4,3.0,2.6,3.9837363664654792,2.7123580763028743,2.217798520255733,4,2,3,8.728151178457504e-09,6.216172249791786,4.286604740315985,2.477511552338996,4,3,2,5.458267132641254e-08,2.8091187873782895,2.6833678968129044,1.9501065361497878,1,2,2,1.2700851447313852e-08
Nathans_Bylichka_24560_24624,"It would allow me to leave this bed, despite my current illness.",3.2,3.0,2.8,3.2,3.2,3.0,6.788326352706348,5.763350142600533,5.8517948572831875,8,6,7,2.6679883245107096e-08,7.412246686399713,5.753588811881798,6.342886291769171,8,6,7,2.3443549276884383e-08,5.494756580136608,5.864293097516064,6.272020560417738,4,6,7,2.055086694485321e-07
Nathans_Bylichka_25939_25975,"“Good evening, gentlemen,” she said.",3.4,3.0,3.0,3.83,2.83,3.33,5.528534545937744,3.2848731737128825,3.2619252881360525,4,2,3,4.5199541137371714e-08,7.3233784266384685,3.591690406810877,2.3702001821792127,8,4,2,9.837946682194697e-09,2.692940931589547,2.340906497215443,1.9086028322973871,1,2,1,2.7439786583792075e-08
Nathans_Bylichka_26029_26045,"“No, thank you,”",3.0,2.6,3.0,2.6,2.6,3.4,4.149179602644374,2.007984493181523,1.198993102572636,4,2,1,8.167688819539424e-11,7.275863440348909,2.297870006822741,2.6344162691420987,8,2,3,2.2389078353003592e-10,2.6286066909522194,2.0139263436990595,1.1134836716779277,1,2,1,3.71124150431362e-10
Nathans_Bylichka_26161_26167,"“Yes,”",3.4,3.2,3.2,3.4,3.2,3.4,5.267967000199927,2.4540027624577556,1.7127779865097101,1,2,1,2.59305722802008e-09,7.5292949026255656,2.926177855197988,2.5730464697197983,8,4,2,1.6162142962696279e-09,3.6033373185797517,2.4178314130347704,1.3765440600481855,1,2,1,1.3016768912886583e-08
Nathans_Bylichka_26161_26187,"“Yes,” answered the woman.",3.0,3.0,3.0,3.4,3.2,3.2,5.288726027379227,2.7974932305563076,1.7715712530243488,1,2,1,5.366908587945862e-09,7.134850007966368,3.2398352872877787,2.071054439872413,8,4,2,2.4952494475665776e-09,3.968729807396273,2.9769806258440292,1.6371526794598128,1,2,1,2.9606621455157876e-08
Nathans_Bylichka_26947_26965,The woman laughed.,3.8,3.0,2.8,4.0,3.0,3.0,7.156125278723937,3.518194461196083,1.819639016079186,8,4,2,2.8277101795722015e-09,7.876624528108926,4.211084778804028,2.127124813535232,8,4,2,1.0308352534288483e-08,7.241329842566097,4.37167298654432,1.9452978289974712,9,6,3,2.0459289615915826e-08
Nathans_Bylichka_27990_28125,"In its center, under a spearing, white light, was a golden table draped with a blue velvet cloth, on which lay a gray, plum-sized rock.",3.2,3.4,3.2,3.0,3.0,3.0,6.006413350071438,4.297848239505307,4.308893044977195,8,6,7,2.527766829593619e-09,7.404271473798869,5.365808123429289,4.244547179262678,8,6,7,3.8135894026290936e-09,5.138754486348239,4.128636826798466,5.03419305077151,8,6,7,9.884759870520038e-07
Nathans_Bylichka_28372_28415,"“You wouldn’t give me the human, would you?",3.0,2.4,3.4,3.0,3.0,3.2,6.171032672598423,5.382504191232093,5.1306327073024605,8,6,7,1.1134570644948486e-07,7.477827313287526,5.832133845824227,4.579524485454475,8,6,7,1.999394843612686e-08,3.966088614088145,4.3957856943901445,3.957554087061452,1,3,2,1.1262618761149529e-06
Nathans_Bylichka_28698_28706,“A pint?,3.0,3.0,3.4,3.0,3.25,3.0,5.995610588289413,4.908144752142708,3.8151854212410994,8,6,7,2.1428294179043046e-07,7.381426743966532,4.738933375441291,3.0919189529562523,8,4,2,5.7198229504585e-08,5.256042296595367,4.907955406773887,3.2458557663020526,9,6,3,9.165618827438265e-07
Nathans_Bylichka_28807_28828,Nepthys turned to me.,2.8,2.8,3.2,3.2,3.2,3.2,4.59695533633153,2.851264497056069,2.689410448810511,4,2,3,7.094929170246765e-09,6.562054809654612,3.806966901044051,3.3339468442799993,8,4,2,1.313865069576043e-08,2.4147282768577654,2.341836436886287,3.2540383281531096,1,2,3,1.1235367548782812e-08
Nathans_Bylichka_29483_29519,"“Roll up your sleeves,” she told me.",3.0,3.2,3.4,3.0,2.6,2.6,6.610090295207025,4.797005717385989,5.975773513367192,8,6,7,1.2969220283244357e-06,7.578408938387544,4.04800899898516,5.595786454518114,8,4,7,3.879574907785353e-08,4.098428494287416,3.8817515320889946,4.411367770369562,1,2,3,4.630480370907818e-06
Nathans_Bylichka_29927_30019,"“They take about a quarter-pint each,” said Madame Entera, drawing out another skinny leech.",3.0,3.0,2.8,3.0,2.8,3.0,3.8573164469205787,2.765480688474335,3.4986905450348846,4,2,3,6.947731372612988e-08,5.57786996658472,3.900644551632965,2.9756784650441066,4,4,2,7.386214623328984e-08,2.854313035825398,3.1682139531944022,4.139041359295258,1,2,3,6.610174309760101e-07
Nathans_Bylichka_31253_31326,I took about half of the Bloody Mary in one gulp and then ate the celery.,3.0,3.0,3.2,3.0,3.0,2.5,4.343573647557156,3.3907892065393788,2.4678260781561323,4,3,2,1.7769428808620313e-08,6.419637052336545,5.391578435464598,4.2717482671245035,8,6,7,3.513720262285359e-07,3.059466658325674,4.823649829631201,3.196901979270784,4,6,3,1.7386595024696654e-07
Nathans_Bylichka_31359_31459,"“Okay,” I said, “now that we’re sitting down, can you explain a little more of what’s going on here?",3.0,3.33,3.33,3.0,3.0,3.2,5.9622965731165145,5.484278940423531,5.059243698275446,8,6,7,4.765709961776218e-07,7.458746951826442,5.834502325315766,5.9576902925439805,8,6,7,2.380792417460209e-07,4.631532154680631,5.12911367690357,4.114715308872291,9,6,7,5.356891059435476e-07
Nathans_Bylichka_31628_31664,This place is just a little of both.,3.0,2.2,2.6,3.0,2.33,3.0,5.474782259020051,4.2556733745432975,4.104600236850782,4,4,3,2.908848290040356e-06,7.009307423886531,4.942961759622573,5.288228424239202,8,6,7,1.4821930568204634e-06,4.585681357097151,3.962291417850421,3.415898959681483,4,4,3,8.659696744638673e-06
Nathans_Bylichka_32470_32523,"Some of them actually commit to this society, though.",3.0,3.0,3.0,3.0,2.6,3.0,6.070375901084915,5.130959605405005,4.972252118042819,8,6,7,1.449376894635664e-06,7.2839591312203265,5.463521304743529,5.322916288905718,8,6,7,2.482786924957582e-07,5.237068755618152,5.226414724834366,4.2855092644239985,8,6,7,6.307316811834425e-06
Nathans_Bylichka_3411_3483,"Now spring was back, under the concrete, and I could smell it even here.",3.2,3.0,3.0,3.0,2.8,2.8,6.328804609181919,3.5417346338424482,2.3854908901206926,8,4,2,4.649440070011833e-08,7.473734168947017,4.57885716953122,3.1220329354927476,8,4,2,1.1349395179547673e-07,3.8063525647708283,3.1631641073063497,2.4812211592492295,1,2,2,3.5323031998312154e-07
Nathans_Bylichka_35181_35203,"“I agree,” I told him.",3.0,2.4,3.0,3.4,2.8,3.8,6.2023640289497965,3.6597445695443493,4.7434781608270224,1,2,1,8.685807538436135e-08,7.663515426688465,4.272755043452896,4.345780219143613,8,4,2,2.3851919642606212e-08,6.305619456365602,4.409319150034984,5.183953157886812,9,6,7,1.346138786180004e-06
Nathans_Bylichka_35452_35541,"The air around me seemed to still sound, and light came in around the corners of my eyes.",3.0,2.8,3.0,3.4,3.2,2.8,6.592655531453383,5.084579265218754,4.570218754970475,8,6,7,9.70623637189413e-09,7.639535167567462,5.711106674875994,5.873495915380908,8,6,7,1.9457825874939915e-08,5.425967232177132,4.525609705694388,3.989575515903945,4,3,2,3.829371938526652e-07
Nathans_Bylichka_35542_35577,“Do you know what this thing does?”,3.0,2.75,3.25,3.0,3.2,2.8,6.091830586087715,3.815874383884212,3.6395726955976837,4,2,3,5.409799396610265e-08,7.555288144233361,5.049008304034418,3.8165367054920925,8,6,7,1.8363778106497383e-07,4.728245395257859,3.6341944065732124,2.4060202641360187,4,2,1,8.286252212207295e-07
Nathans_Bylichka_36298_36360,"When she didn’t move, I knelt down and put a hand to her brow.",2.8,3.4,2.8,2.8,3.4,2.8,4.855382435229156,4.564552285882655,2.7736730897340993,4,4,2,1.4280885828798268e-07,7.145561512069247,5.2015051363809075,2.899553581635381,8,6,3,2.3076030634500068e-07,2.61116683847158,3.853932734596219,2.3099538030410085,1,2,2,1.7752012621496013e-07
Nathans_Bylichka_36613_36733,The next thing that comes out of your mouth is probably what she’ll respond to until we figure out how to put her back.”,3.0,2.6,3.0,3.0,3.0,3.2,4.554585032816172,3.1570667898546083,3.8100145115755106,4,2,3,7.836625256659732e-07,7.105977018063239,5.958690261159492,5.973843169256908,8,6,7,2.5462904738444697e-08,3.633383012329085,4.42889385962333,3.5416315652003685,4,4,3,4.409343586912303e-06
Nathans_Bylichka_36947_36982,Nepthys looked at me incredulously.,3.0,2.6,3.0,3.5,3.5,3.0,4.0912189555086655,2.2759641711796417,1.8452747894896107,4,2,1,1.1391461576041025e-08,5.698695597047467,3.1985304021516847,3.6142886921991755,4,2,3,5.0197202095364377e-08,2.4844600871413665,2.1409463076070683,2.5022409304188713,1,2,2,1.1739565477437324e-08
Nathans_Bylichka_37140_37257,"Amy smiled at me and let go of my arm, but not before she brought my fingers to her lips and gave them one soft kiss.",3.8,3.6,3.4,3.8,3.6,3.2,7.111592935230905,5.769079519845266,4.386444989001003,8,6,7,2.1218858075855083e-08,7.693158364774227,5.931350752977309,3.1929853521308407,8,6,3,7.413075464313936e-09,4.8797869119528965,5.332059976492369,3.477800059765329,8,6,7,5.613844001012471e-08
Nathans_Bylichka_37270_37303,I stood up and Amy stood with me.,3.2,3.0,3.0,3.2,3.0,3.4,4.775659753162904,3.9413470443487055,3.538581141247167,4,3,2,1.338549341687461e-06,7.272950824573924,5.097536631114444,4.859698621109564,8,6,7,5.877379187097311e-07,3.0830412096464412,3.29757441838405,2.8130465753017067,1,2,2,5.203973175829787e-06
Nathans_Bylichka_37351_37366,"“I suppose so,”",3.0,3.0,3.0,3.0,3.0,3.2,5.194672324597095,3.113746519562909,2.7544268103670904,4,2,3,3.2910770357887344e-08,7.165694797543893,3.9723294024036457,2.8551545163810372,8,4,2,3.9391941684643705e-08,4.547840549664489,3.2408414946132655,2.8653931123181646,4,2,3,1.5795901542690508e-07
Nathans_Bylichka_3826_4024,"We slammed against the doorway and I was laughing too, the pulse close enough to shake the doorframe and set up vibrations in my chest, Rachel in my arms because she’d used me to soften her landing.",4.2,4.0,3.4,4.0,3.6,3.0,7.504241331341201,7.012599181879466,6.2698533221738355,8,7,6,7.19866164906859e-11,7.72682967300287,6.98306201061033,5.928624879099346,8,7,6,8.779084356050627e-12,7.954351052204544,6.986971626691105,6.748177727238097,8,7,7,7.114975962819557e-11
Nathans_Bylichka_38420_38520,"I thought about Rachel; in the excitement, I had forgotten why we were chasing down vampire experts.",3.0,3.0,3.0,3.2,3.8,3.0,4.410927227976323,5.272867746620383,2.3447483009496146,4,6,2,1.8418000123510691e-07,7.007433128693247,5.939147331640774,3.1723686240703914,8,6,3,1.3157501541786679e-08,2.5083406523696246,4.499441426356366,2.130029016410327,1,3,2,2.1331797468000437e-07
Nathans_Bylichka_39463_39552,"He was naked, but there was nothing to hide: his body was hairless and completely smooth.",3.0,2.2,3.0,3.6,3.2,3.4,6.041190534178333,3.273148863661231,1.8767003758326455,4,3,2,6.3663681604313535e-09,7.683252593615477,4.587843310148318,2.025767939211207,8,4,2,2.4338669854551272e-08,4.465894783536106,3.242051913585674,1.8285008088675005,4,3,2,3.55249093592179e-08
Nathans_Bylichka_40025_40116,"I shivered as I walked past the pale man’s blank eyes, wondering what they were staring at.",2.6,3.0,2.0,1.25,3.0,1.5,4.048319348366623,2.7738086738045564,2.068825715965508,4,3,2,1.546727812722071e-08,6.159241942451935,3.868149172498014,2.2563073522504613,8,4,2,3.7686103198917397e-08,3.4219915555722906,3.126079813246266,2.097216892778791,4,3,2,2.1119615842856277e-08
Nathans_Bylichka_41673_41727,I don’t wish to be reminded of how old I actually am.”,2.8,3.0,3.6,2.2,3.4,3.0,5.501386638260847,2.8450719604286094,2.7256314501709893,4,2,3,1.7753155200338914e-09,7.435865825709209,4.167480197234237,3.280505135139371,8,4,2,5.664997037940744e-08,2.0622753907393205,2.207309710224195,2.627342199088891,1,2,2,2.0923572235479745e-09
Nathans_Bylichka_41728_41804,A wave to the pale men brought a bottle of red wine and a platter of grapes.,3.2,3.4,3.2,3.4,3.2,3.2,5.409510403587509,3.8476644405942526,2.5519993749522296,4,3,2,4.231933382285411e-08,7.27249619631851,5.1772900221698555,3.391295070334241,8,6,4,1.70849769580444e-07,3.2441852422716284,3.8226045175123295,2.7182032185450002,1,3,2,2.1970484051417356e-07
Nathans_Bylichka_42765_42853,"“That sweet, small nose, and her soft lips – she’d kiss well, I should think, if gently.",3.6,3.0,3.4,4.0,3.67,3.0,5.607049762301486,4.907499151539915,2.6528997145483215,8,6,3,4.6594605114214106e-07,7.108667519427177,5.525523262833976,2.654212620186061,8,6,3,2.5582098625996304e-07,3.3157992757425956,3.742797762347375,1.9794896309281929,1,3,2,4.4147590362190686e-07
Nathans_Bylichka_43469_43475,"“Mmm,”",3.4,2.6,3.0,3.6,3.2,3.0,3.3829119996545627,2.1952489675680478,1.3637675735243817,1,2,1,5.311238729780784e-10,6.07958423743821,2.3444965756999725,1.9313786848478203,4,2,1,5.645037853138345e-10,2.169485850632721,2.122059441773794,1.2835024929259615,1,2,1,1.8587624193292878e-09
Nathans_Bylichka_43489_43548,I couldn’t tell what the thoughtful look on her face meant.,2.83,3.0,2.5,3.2,2.8,2.6,3.403807382280912,2.1529312294743086,1.2283974978517045,4,2,1,4.0188775752631063e-10,5.503189091981776,2.864710693747259,1.7275051337909906,4,2,1,5.631000335359548e-09,1.8381583777967698,2.064994287686753,1.157482874022586,1,2,1,2.8884777696851936e-10
Nathans_Bylichka_43713_43719,“I do.,3.0,3.0,3.0,3.2,2.8,3.2,6.856807134089539,5.431528970093287,5.345776761636764,8,6,7,4.423256279594352e-08,7.615245554891539,5.202083342260912,4.66931177731142,8,6,7,4.977337864012845e-08,6.2200644978834205,5.497883580875998,3.711583097433265,9,6,3,6.96069250167817e-08
Nathans_Bylichka_43720_43744,Describe this one to me.,3.0,3.2,3.2,3.0,2.4,3.0,5.964100262903077,4.358914323739515,4.11408999363013,8,6,7,4.829574590959888e-07,7.275161327510263,4.801613078185332,4.519814578294234,8,6,7,1.9674437499515533e-07,5.6103711832371435,5.994056969741521,4.366284525587252,4,6,3,2.099832723751559e-08
Nathans_Bylichka_44317_44334,“That’s amazing!”,4.4,4.4,4.0,4.2,4.0,3.0,8.468427086220634,6.5250276524665685,7.369190154415892,9,6,7,1.7991691541769636e-08,8.232019980633922,6.24207391138513,6.882419884699362,8,6,7,2.1604245385659974e-09,8.809465280396353,6.383555270828045,7.290815553797194,9,6,7,3.0797452093594506e-09
Nathans_Bylichka_44355_44398,I would have sworn to you that he was dead.,2.8,3.4,3.0,2.4,3.0,3.0,7.165618446439964,6.1992149898009945,5.665408426017214,8,6,7,2.1859881950504013e-10,7.836527785777258,6.120961383998644,4.192470658686291,8,6,4,6.832413034793103e-11,7.054018489001512,6.6368007964710936,6.401996429239429,9,7,6,2.4630323727681938e-09
Nathans_Bylichka_4496_4691,"Rachel stepped forward into the crowd while I took a moment to drink in the ceiling’s blue-lit, shadowed vault and the light-catching haze from who-knows-what rising between the DJ and the crowd.",3.0,3.4,3.0,3.4,3.4,3.2,5.714733926823087,6.033469899099261,6.239410962907376,8,6,7,5.709901759924549e-10,7.0267353581731955,6.130098393950241,6.55449645620172,8,6,7,1.7305360290376153e-09,4.97354667565058,5.9596621770445175,6.679811573058837,4,6,7,1.0294554560640514e-08
Nathans_Bylichka_45458_45545,"Shivers swept through her body, and Nepthys reached out to touch her but I stopped him.",2.6,3.2,3.4,2.6,4.0,3.2,4.691815504273074,4.603791798219442,2.5715617324731106,4,4,2,2.0651137330511256e-07,6.892074019053749,5.693157860793208,3.3532740262233256,8,6,4,3.5869651942199786e-08,2.8966188820112215,3.940072299039576,2.144560199418359,1,3,2,1.7052815643467033e-06
Nathans_Bylichka_46179_46193,asked Nepthys.,3.0,2.8,3.0,3.0,3.0,3.0,4.967820653433987,3.8536859118237103,3.5949656941832258,4,2,3,4.631711273122306e-08,6.9668445166825945,5.274026000855533,4.337982694209087,8,6,7,1.4882436856981457e-07,4.199058599037637,3.6076468166247055,3.7285289869726714,1,2,3,2.1804900135986723e-08
Nathans_Bylichka_46373_46396,"“I found your vampire,”",2.8,3.4,3.2,3.4,3.6,3.6,6.763254766420317,5.834700600297408,4.0321890955583,8,6,7,6.992605918528736e-08,7.710635593889741,5.787405928706725,2.8381205872314594,8,6,3,1.0796435578971538e-08,6.05528039531301,5.797570102312818,4.639955302286536,8,6,7,8.033228486229398e-07
Nathans_Bylichka_46407_46504,“but he might know that someone’s looking for him. He’s taken great pains to keep himself hidden.,2.8,3.0,3.0,2.8,3.2,3.0,4.468237067160711,4.826592909563475,3.626764947493994,8,6,7,2.1652741438515885e-06,6.725511045811495,5.6569160178224065,4.611449952395684,8,6,7,2.479132592608425e-07,3.6521196324124094,5.344412628072045,4.248099364632857,4,6,3,1.71379357861986e-06
Nathans_Bylichka_46789_46850,"I stood, and one of her servants took me and Amy to the door.",3.0,2.8,3.0,3.0,3.0,2.8,3.893700764920597,2.4045343526379908,1.2521025529748957,4,2,1,2.9194279717184995e-09,5.9139202381707285,3.485942299506999,1.7894826760076068,4,2,1,8.651222978195821e-09,2.4788529169768143,2.4710638620928904,1.3276619991469767,1,2,1,2.2476146530505893e-08
Nathans_Bylichka_47071_47155,Nepthys caught up with us after a minute and walked silently to the end of the hall.,3.0,2.5,3.25,3.0,3.0,2.8,3.9471208381372453,2.5068614711125736,2.474178004500055,4,2,3,1.9501657938658792e-09,6.517968990484506,3.964802014455275,2.641115875422142,8,4,2,1.624952436060497e-08,2.219408703754853,2.278860506789987,3.01528881815268,1,2,3,2.1249936632077137e-09
Nathans_Bylichka_47357_47386,"“Mountain ash,” said Nepthys.",2.67,2.33,3.33,3.0,2.6,3.0,5.187590106465153,3.1293498044558534,4.022983393384867,4,2,3,2.637073746172454e-09,6.808481801576536,3.579916061058688,2.7022594358646055,8,4,2,1.460098005381367e-08,2.159494211989408,2.235656506420968,3.263703781791818,1,2,3,8.498836665657032e-10
Nathans_Bylichka_47387_47415,“That was very kind of her.”,3.4,2.8,3.0,4.0,3.0,3.67,6.580332853446405,3.7717496836345665,4.032895405161518,9,6,7,1.0925685747267008e-08,7.877777094084681,4.778509390647071,3.853332195161173,8,4,2,1.2820251640335478e-08,6.73903531553109,4.238350883761428,3.3103588936810215,8,4,2,3.439436119426404e-08
Nathans_Bylichka_47736_47849,"In a few minutes, we were back to the first door we’d knocked on in this town and Dvorov himself was greeting us.",3.4,3.4,3.2,3.4,3.6,3.2,6.919374826960571,6.265181641056728,7.219529015902593,8,6,7,4.371616625231351e-09,7.743871938858938,6.1634696035618015,7.094040481467882,8,6,7,5.294966592455304e-09,6.107444193935958,6.2626479640176935,7.511250119851584,8,6,7,1.730579187317498e-10
Nathans_Bylichka_48083_48096,You’re crazy.,2.4,3.6,3.6,3.0,3.0,3.0,5.503872013126813,4.32787123253257,4.40253927253956,4,2,3,7.081642044432008e-07,7.185554889640444,5.0770045936046255,5.394534942155857,8,6,7,7.129630777092825e-09,5.317944220747808,3.816116329603025,4.104732425827368,4,2,1,8.19741803169671e-07
Nathans_Bylichka_48414_48482,"I don’t want my customers thinkin’ that anything’s wrong, you know?”",2.2,3.4,3.4,2.6,2.8,3.0,6.936364427183284,5.23749734816395,6.232795166434739,8,6,7,1.532992757821393e-06,7.946624149911902,5.719488242799565,6.944174128578692,8,6,7,5.494335533817534e-07,4.102274651832489,4.693883796691031,5.227780209167857,4,6,7,8.373172143821932e-06
Nathans_Bylichka_48977_49106,"Something with too many arms was manning the turntables above the crowd, which looked more impenetrable tonight than ever before.",3.0,2.8,3.0,3.0,3.0,3.0,6.618294783738991,5.626124221142346,6.429636814112634,8,6,7,2.439583753936364e-08,7.1803917333547185,5.9429023393992635,6.45640489148836,8,6,7,3.750732965222238e-10,5.042167305753126,4.947844233632518,5.002169327270456,4,5,3,1.880863118898609e-05
Nathans_Bylichka_50705_50834,"Then a looming shape to my right fell away, and I saw him in a flash of the strobe, his black eyes staring deadly into the crowd.",2.67,3.33,3.0,2.33,3.67,2.5,5.897434200256571,6.452944231594936,6.815580382359986,4,7,6,1.6583676147084455e-10,7.37498264196652,6.522813792673109,6.549169510134306,8,7,6,1.9907511592031333e-11,4.456995034682091,6.55337991157413,7.426482775740003,4,7,8,2.7800903150128713e-09
Nathans_Bylichka_54304_54357,A black hallway opened into a space like a cathedral.,3.0,2.8,3.0,3.2,3.0,3.0,6.804263299892022,6.319323142972545,5.917161104460405,8,6,7,2.7856494032762362e-11,7.576285787427864,6.138376364030767,5.916547609058871,8,6,7,1.2555598842866962e-11,5.400240583546207,6.319163808667373,6.331950625733335,4,7,6,1.1054646110053954e-08
Nathans_Bylichka_56355_56441,"Taste, hearing and touch became a single blur, and I do not know if my eyes were open.",2.6,3.2,2.4,3.0,3.4,3.0,4.47586119655795,2.2252964595639373,3.002126221077,4,2,3,1.4950827112365656e-09,6.8533456110625615,3.504677482983131,4.616206499387946,4,2,3,1.6396292800431084e-08,3.073462213248644,2.15056514818771,3.121740393326154,4,2,3,6.361040792826306e-09
Nathans_Bylichka_6605_6651,I walked across what had been the dance floor.,3.0,3.0,3.0,2.8,3.0,3.0,4.869354051922569,2.7361680117972775,2.6889887360259754,4,2,3,3.2086028254070472e-09,7.1873786476544,4.367150582259752,2.7744876117698185,8,4,2,5.151546777291153e-08,3.1997409832251753,2.940174747582888,1.9790053268438277,4,3,2,2.991947900187028e-08
Nathans_Bylichka_6943_7160,"I realized that Rachel had disappeared without leaving a clue and I had no way to do anything but wait for her to show up – which, if she were in a situation where I should be doing something, would probably be never.",2.6,2.4,2.4,2.2,3.0,2.0,4.852538480581839,3.9092889141360265,3.1617052880751046,4,4,2,1.0408975546095226e-07,7.053865216045968,5.761166397568603,4.810928289488527,8,6,7,6.6718978402109244e-09,3.6630882084411147,4.032582310081155,3.2642593200268357,4,4,2,5.943793918112809e-07
Nathans_Bylichka_7444_7511,"She didn’t come home last night, none of her friends have seen her.",2.8,3.2,2.8,2.0,3.8,2.6,4.018396600839425,2.222192781863045,1.1515182294869524,4,2,1,1.5218783857811985e-09,5.908302973788485,3.466420248285292,1.7890386504976141,4,2,1,2.505133732083711e-08,2.5234718344345723,2.2544561001208647,1.213314017954665,4,2,1,1.1148581466449757e-09
Nathans_Bylichka_7512_7596,"…Sir, if she’s in any danger, it will probably be too late to help her by that time.",2.6,3.4,2.8,2.2,3.2,2.8,4.14099949126067,2.683469283723507,3.2836268571382514,4,2,3,4.970360363051767e-08,6.41608796365139,4.4212361587685765,4.784538179056681,8,6,7,4.470468627721352e-08,3.422073653880874,2.4018125754233743,2.8129651992600353,4,2,3,5.015224221396246e-08
Nathans_Bylichka_7687_7697,"…Yes, sir.",3.0,2.6,2.4,3.2,3.0,2.0,6.817254975966392,4.839657093613798,4.758808776082901,8,6,7,2.630654445843269e-07,7.6157265779100065,4.37040509799542,3.616851960458516,8,4,2,1.5246694467521327e-08,6.693503298675968,5.410977157192869,4.895712245815479,8,6,7,3.4931735621022202e-06
Nathans_Bylichka_8345_8399,It slowed down as it neared me and I started to worry.,2.4,3.2,3.0,2.0,3.6,2.4,3.114554035005268,2.768977994822607,2.0534171904586325,1,2,1,3.4824681427231835e-08,6.503530287289237,4.7511604339697495,3.809369679729068,8,6,7,4.804522261971224e-07,1.8009728849472157,2.5533722273400983,2.099938909712226,1,2,2,6.788941300371097e-07
Nathans_Bylichka_8400_8438,This wasn’t the best of neighborhoods.,2.8,3.0,3.0,2.4,3.0,3.0,3.4555631745477773,2.041983438097949,2.585980053001955,4,2,3,6.997959766618112e-10,5.559589135565625,2.7246299370471103,3.0827973586274076,4,2,3,3.791489951505411e-09,1.8084314814880371,2.018592210196876,2.3528925196747754,1,2,2,2.3251334288876923e-10
Nathans_Bylichka_8533_8571,I heard an automatic window roll down.,3.0,3.4,3.0,3.0,2.8,3.0,4.118232686550527,2.42102795505421,1.6089732452851357,4,2,1,1.5975901527071503e-09,6.921062060872113,3.625915542380465,2.481704639734117,8,4,2,3.955848233026953e-09,3.1039550871872845,3.173477745741457,1.9741887978215356,4,3,2,1.249777533386131e-08
Ohio_Steel_10968_11076,"America’s steel remained unsold, flooding the world market with inferior products that no one wanted to buy.",2.8,2.8,3.2,2.8,3.4,3.0,3.878712516370197,2.319068042011598,3.5742433560394575,4,2,3,3.665291896407637e-10,6.77798044504627,4.617725485811101,5.977425862113191,8,6,7,3.891194940692651e-09,2.7501615430423283,2.1015915989169907,3.689128531139017,1,2,3,7.548219141248188e-09
Ohio_Steel_12561_12666,"College tuition, clothes, food, and heating all had to come before donations to non-profit organizations.",2.8,2.8,3.0,3.0,3.0,3.0,3.8312831621236345,2.6291665334888026,3.4075109814225732,4,2,3,3.114935971985746e-08,6.733377098558952,4.5002837391700865,5.541028075891845,8,6,7,7.85617075811074e-07,2.4705042205207968,2.463401147599546,3.3788816897271605,1,2,3,1.7853720592137987e-07
Ohio_Steel_13543_13777,"Beyond that, no one knew how they should proceed: everyone knew that saving the mills was important, but nobody stepped forward with a full-fledged plan to do it without losing huge amounts of money and dragging even more people down.",2.67,3.0,2.83,1.8,3.4,2.2,4.624803441942078,4.855048651428382,4.44240650440449,4,4,3,3.1618896045803918e-06,6.5899675860592914,6.012110811378393,5.984117983079464,8,6,7,5.463453286214443e-09,3.2114938340706116,4.242824457331343,3.7829240342276558,4,4,3,1.3272865729595574e-05
Ohio_Steel_14127_14211,The Campaign failed to save any jobs and Youngstown was plunged into economic chaos.,2.25,2.75,3.25,2.6,2.8,2.6,3.9695677084923213,2.194148261980453,3.4199503890402196,4,2,3,2.857399263185167e-09,6.077921504649483,4.043818891894557,5.760034735874668,7,4,6,7.543363216829526e-08,3.2852870760439794,2.0899512384796943,4.2567192364715405,4,2,6,5.922820358156482e-09
Ohio_Steel_1446_1644,"Rather than sit back and wait for their jobs to be snatched away, the workers and local union members in the mills fought long and hard to be able to keep the factories open.",3.0,3.0,3.25,3.0,3.6,3.6,7.404735413733219,6.433174785817845,6.902583093357579,8,6,7,2.600166547181364e-10,7.806123352748669,6.043870168905779,6.982575729851377,8,6,7,1.027874061898911e-09,6.131149181160541,6.2822884194854325,6.83149983799658,8,6,7,4.617768516303101e-09
Ohio_Steel_15258_15480,"Rather than try and come up with some sort of scenario, the USWA simply ignored what was going on in Youngstown, hoping that perhaps the problem would resolve itself, or at least not spread any further than it already had.",2.6,3.0,2.8,2.4,3.0,3.2,3.316927464787553,2.331344231865998,3.4166028778789874,4,2,3,1.990858846621621e-08,6.222806583391909,4.630989940472086,5.4445824616124066,4,4,3,4.82732998322007e-07,2.341105569111114,2.4995210047172263,3.7652356520067527,1,2,3,9.518062942536536e-08
Ohio_Steel_16099_16231,"This would mean that UWSA would lose credibility with the American government and its people, something they could not afford to do.",2.6,2.8,2.8,2.33,3.33,2.33,5.35277327825472,5.57266505156457,6.627699206687126,4,6,7,9.001085625021863e-08,7.2580055698483745,6.08747577341145,7.280986080464064,8,6,7,2.145699219161203e-10,4.694196988694717,5.903250912505916,6.977629038691129,4,6,7,9.361623260606421e-08
Ohio_Steel_16232_16320,"Therefore, they decided to withdraw support and let the local branch fight it out alone.",2.8,2.6,3.4,2.8,3.0,3.0,5.409688532356049,3.6965840349565027,4.927084264947604,4,2,3,4.72026827947207e-07,7.030780609847026,5.154960387517287,6.302521753286937,8,6,7,2.1823386034705876e-06,4.003112140333747,3.416703227104075,4.888384056781223,4,2,3,7.025151942621785e-06
Ohio_Steel_20173_20296,"For the people of Youngstown, Black Monday was not just a historical event- it was the most important event in their lives.",3.0,2.5,2.5,3.0,3.0,3.0,8.085959567346615,6.8711208208113215,7.869042630209143,8,7,8,3.553442877596448e-13,8.058787577257801,6.825865917778948,7.345263416456744,8,7,7,2.0662374638613287e-13,8.465361153699977,6.868691292198845,7.907406204855318,9,7,8,1.6156089707016442e-12
Ohio_Steel_5521_5669,"Old technology was not replaced, obsolete methods were not updated, and almost none of the industry’s profits were being utilized to help modernize.",2.8,2.8,3.2,2.8,3.0,2.8,3.233274333251316,2.1791536830227347,2.7812951439611537,4,2,3,8.110177899157925e-10,6.790139103175097,3.50695327897369,5.0934597857822554,8,4,7,4.384711739298936e-09,2.061447937896583,2.077944736221715,3.077415382138447,1,2,3,7.458999499741828e-10
Ohio_Steel_7193_7237,"“to get up a petition to stop the shutdown,”",3.0,2.8,3.2,3.2,3.6,3.2,5.465880373686087,3.7561164703345025,2.5787205142705387,8,4,2,2.2463029728718575e-08,7.333356957459085,5.108436656184317,3.5655964671627234,8,6,7,1.2020980909760108e-06,3.2283935419640866,3.741405073293425,2.7809104136337357,1,3,2,3.1852896552544443e-07
Ohio_Steel_7289_7451,"The petition was circulated, eventually including thousands of signatures; it was then given to USWA representatives to present to President Carter in Washington.",3.0,3.0,3.2,3.4,3.4,3.4,5.956372417134025,4.940632488506585,5.8120749091034565,8,6,7,1.158254949542422e-06,7.336807461664707,5.342449836448779,6.475522856554423,8,6,7,7.17087752022287e-07,4.621440463438074,5.387349091525736,6.337246871888457,9,6,7,5.775860876505566e-06
Ohio_Steel_7949_8077,The Coalition drafter letters to the Lykes Company asking if a group of workers might purchase the mill and run it collectively.,3.33,3.67,3.67,3.0,3.0,3.0,4.974114802658849,4.283283282075681,3.5669297704795953,4,4,2,9.048033158176613e-07,7.003864465299676,5.399269463139594,4.662399051796255,8,6,7,1.0501145769457911e-06,3.6294793790883904,4.731215532719666,4.1209390160015795,4,6,7,6.807504947104631e-06
Ohio_Steel_9211_9319,The efforts to save the mills failed partly because the international market for steel had largely dried up.,3.0,3.0,3.0,2.2,2.8,2.8,3.213606503104736,2.3968042780155034,2.916898616743216,4,2,3,5.728990710538672e-09,6.905116256239398,4.2450955233339425,5.675317973378076,8,4,7,3.137378257041469e-08,2.201212570664858,2.203353736325764,3.1787438966771138,1,2,3,6.000550777293866e-09
Ohio_Steel_9575_9680,"Foreign steel was easier and more efficient to make, and was often of higher quality than domestic steel.",3.2,3.0,3.2,3.0,3.0,3.0,6.169081928728856,5.242821846642814,6.00417735812661,8,6,7,1.5814080648751142e-06,7.378091468406809,5.70153817630245,6.88666003023919,8,6,7,5.135888175374556e-07,5.471367076827438,5.775028446903739,6.77643548297195,4,6,7,1.4144208116523388e-06
Ohio_Steel_9681_9796,"Foreign steel companies invested in their factories, updating their technology and replacing their equipment often.",3.0,2.8,3.0,3.2,3.2,3.2,5.66808193657258,4.198964515313116,3.8991472732710517,8,6,7,1.838380053099357e-07,7.185242254724691,5.138477375606877,5.691703660905147,8,6,7,2.335559557854137e-07,3.8548489897308764,5.076170347798512,4.937591335580326,4,6,7,6.317855329400604e-07
Ohio_Steel_9797_9952,"This meant that foreign facilities were more modern and efficient than any plants in America, and therefore were able to export a more competitive product.",3.0,3.0,3.25,2.6,3.0,2.8,6.830949565110319,6.126854964998815,6.588027320034197,8,6,7,1.0755414239575322e-08,7.478906383893768,6.098894351658508,6.897133371929775,8,6,7,2.15164627691363e-09,5.290482289417567,6.374970014805712,6.841963538299307,4,7,6,1.3438391250974818e-07
Ohio_Steel_9954_9990,Foreign steel was also much cheaper.,3.0,3.0,3.0,3.0,2.67,3.33,4.587432675759311,2.8394833590187982,3.8094211963316615,4,2,3,1.0275602071686339e-07,7.126219517632924,4.789910584211524,6.316391151519806,8,6,7,1.9533093172129697e-06,4.438201566734511,4.429688763926937,5.368946680185176,4,6,7,1.0225140924179987e-05
Seedbombing_1086_1214,Or you could go out to the shed and grab a few handfuls of that sod mix you got at that estate sale last year and get to mixing.,3.0,3.0,3.0,3.2,3.4,3.2,4.940380895725711,5.288899647448504,4.833423505125368,8,6,7,4.7009433110289786e-07,7.090699329082347,5.599177269439958,6.079280865819962,8,6,7,2.868259179474902e-07,3.7678425004019154,5.886863613757133,6.382836935478855,4,6,7,6.814343868225376e-07
Seedbombing_1551_1573,Customize it yourself.,3.0,3.0,3.2,3.2,3.0,3.4,5.078515072941901,3.4537356006319992,4.713818383843796,4,2,3,1.2202137917481005e-07,7.5666406211114605,5.249372372535801,6.694979561085546,8,6,7,5.743412306795757e-07,3.8293213857307933,3.200730042019927,3.7471447335509485,1,2,3,3.8762325371169966e-07
Seedbombing_2208_2269,I ended up with a broken fingernail and dirt all over my lap.,2.0,3.25,3.0,2.2,3.2,3.0,3.318985411234106,2.0796943748392036,1.0909605596881082,4,2,1,1.0229950126985402e-09,5.085864839043822,2.661338020002858,1.4462408163452363,4,2,1,4.2243989041812186e-09,1.6727383828274762,2.0495813070534017,1.0624788140371302,1,2,1,4.4606640845136324e-10
Seedbombing_2628_2661,And the last lesson -- have fun .,3.6,3.2,3.6,5.0,3.0,4.0,7.069035547604702,6.103905526436377,6.2448672644406855,8,7,6,2.9286304931712117e-05,7.734271516584089,6.00722323538738,6.700544270837942,8,6,7,8.745670309944283e-06,6.459964096373957,5.903491889261543,6.168399821640963,9,7,6,6.068763788423108e-05
Seedbombing_2865_2891,Do it to see how it feels.,3.0,2.5,3.25,2.8,2.8,3.4,6.108287620754432,5.910368681975449,5.838364692737635,8,6,7,6.997619982734631e-07,7.517502647029063,5.967257438870553,6.363213333033167,8,6,7,7.292186914391408e-08,4.770988892310964,5.659291609599959,4.742997809517767,4,6,3,7.321021078994673e-07
Seedbombing_4776_4841,They'll be glad to know it is catching on among the under-60 set.,3.2,2.2,3.2,3.4,3.2,3.0,5.940284624677357,4.047797963812851,4.851186045705011,4,2,3,1.4647520317227863e-07,7.538983963009393,5.267262593506086,6.047675436255614,8,6,7,2.3836125272150882e-07,3.95558944966715,3.1165892084481848,3.4236561313871077,4,2,3,5.017822702553946e-07
Seedbombing_592_603,Embrace it.,3.2,3.2,3.4,3.2,3.0,3.0,7.727431590028855,5.785521770266824,6.398638670509733,8,6,7,3.512895465149856e-07,7.995854109104085,5.193223089230999,6.586383675627021,8,6,7,2.3855050300535764e-07,8.075669920271594,5.596355925058559,5.841352619537422,9,6,7,2.537392720444942e-06
Seedbombing_6528_6555,It makes me a little nicer.,3.8,3.4,3.4,3.8,3.2,3.2,5.007715358195322,3.1822017528457427,3.6139979692025834,1,2,1,2.8495517381078833e-08,7.316493907588109,3.896096279949682,5.428333446741978,8,4,7,3.3903332446060596e-08,2.804979675732566,2.6976013424364607,2.2155194138200502,1,2,1,5.0145716538365936e-08
Seedbombing_784_809,Here's where we started -,3.0,2.6,3.0,3.0,3.0,3.2,6.731221464364955,4.898604229031504,5.246661821495944,8,6,7,1.0485756546836443e-07,7.654324021869228,4.771048088948362,3.837457408753254,8,4,2,3.212791351005905e-08,6.119182944549369,5.42230095602628,3.8055266773551177,8,6,7,1.1668202581698891e-07
Seedbombing_869_885,"Thanks, MamaHun.",3.4,2.8,3.4,3.8,3.0,3.0,5.851655501589063,4.648598088074087,4.385131434166427,8,6,7,4.189973583839713e-07,7.885316038164109,5.9681397362043205,6.135379304264636,8,6,7,1.1320511365195644e-07,6.269012174927338,5.168909576513192,5.113608688711582,9,6,7,2.5060449226882883e-06
SemEval_101,French suburb riots could resume,2.5,3.0,3.25,3.0,3.2,3.2,4.57574957810615,6.048484761971444,6.951934559797808,4,6,7,2.8762768361912302e-09,6.260342325852237,6.029569765463357,6.934213602591697,4,6,7,3.225146102642155e-08,4.005615088374808,6.0042293137795415,6.9804660423057845,4,6,7,6.501069947099895e-09
SemEval_1010,Al Qaeda chiefs are seen to regain power,2.4,3.0,3.0,2.4,3.0,3.0,7.158077911941851,6.722446794928948,8.161627338627989,8,7,9,8.999670506682206e-12,7.510124287405169,6.392131960928617,7.466445056946231,8,6,7,6.37806333284285e-10,7.394403464884125,6.682115992508539,7.926172141774737,9,7,8,6.244460441667533e-11
SemEval_1017,"Dispute over Iraqi cleric, said to have gone to Iran",2.75,3.25,3.5,2.6,3.4,3.0,5.968764487594453,4.959158838714478,4.854209563550904,8,6,7,1.2331590086537147e-06,7.476782949015469,5.818094159310406,6.197459359605336,8,6,7,4.334196835532112e-07,4.306728748893753,5.228283846426889,5.273123459764834,4,6,7,1.0244089924320091e-06
SemEval_1018,Planning seen in Iraqi attacks on U.S. copters,3.0,3.0,3.2,2.8,3.2,3.0,5.810345998369165,5.618791332089691,4.537600677901805,8,6,7,2.5521009652544435e-08,7.384512088492829,6.003543046076015,5.754158918163106,8,6,7,2.517221969971839e-09,3.8572710676230098,5.844876832938628,5.457276265022309,4,6,7,5.620750830368236e-09
SemEval_1030,Moscow says Palestine-Israeli contacts key to Mideast peace,3.0,3.0,2.8,3.0,3.0,3.0,5.907919518213083,6.042978808224526,6.36507504826502,8,6,7,1.1416830066778255e-08,7.175772022694721,6.046665187018894,6.485335804787789,8,6,7,3.474242449229876e-08,4.934793392025563,6.39106182050347,6.381591802189489,4,7,6,2.3832272117631425e-08
SemEval_1037,China: Cheney shores up the trilateral alliance,3.0,3.0,3.0,3.2,2.8,3.0,5.905574065463586,6.609849433885891,6.227002722254468,4,7,6,5.618628610962793e-10,6.929206682554204,6.22079852464077,5.515169401566789,8,6,7,1.9216817078393897e-09,4.491424890631296,6.646567747332241,6.0864029308443754,4,7,6,3.946307056980113e-09
SemEval_106,Life on Mars? Maybe We Missed It,3.0,2.6,2.8,2.8,3.0,3.0,6.295264505418475,6.0994502063894585,5.260974826934649,8,6,7,5.41043632596118e-10,7.45685993511547,6.053377905797276,5.892371963816845,8,6,7,2.951246349443712e-09,5.112528649383728,6.027023364594099,5.549266672634656,4,6,5,7.559120319772456e-09
SemEval_1081,Canadian breakthrough offers hope on autism,4.0,3.67,3.33,3.8,3.4,3.2,7.0153192441885635,5.944379431214335,6.616521729135096,8,6,7,2.9488387846272375e-08,7.6644108455058735,5.746025454486262,6.8232673490053894,8,6,7,1.8216532092177668e-07,5.900981522054682,5.65007523757024,6.063444386979565,9,6,7,1.1617680751923718e-07
SemEval_1085,"For women, aspirin a day could keep stroke away",3.6,3.2,3.2,3.2,3.0,3.4,5.986760530266982,5.2190076105611,5.895729107969395,8,6,7,6.3474090535355e-07,7.5985164715755,5.946597867045782,6.78505195515287,8,6,7,1.2504624883605817e-07,5.934263631310034,5.736790885797889,6.536221110066011,9,6,7,3.439939300690178e-07
SemEval_1091,Stop cancer with a shot,3.25,3.5,3.25,3.2,3.2,3.2,7.871705734954153,6.892162495767276,6.965821427897445,8,7,6,6.905712256549121e-13,7.974005882800699,6.602906128050835,6.614385342660137,8,7,6,7.72996929518474e-12,8.247404801592639,6.772910093916521,6.77649054332289,9,7,6,6.799761124371487e-11
SemEval_1113,Pig cells hope for diabetes cure,3.4,3.0,3.0,3.8,3.4,3.2,4.931921059469756,3.3231264933480813,1.9597088946988355,4,2,1,5.808074949864222e-08,7.146188298634531,5.8839702203303705,3.720435211323243,8,6,3,3.388589438989921e-09,4.251512353163231,4.820881418348204,2.4446915813339603,4,6,3,1.0532929625784667e-07
SemEval_1121,"Cocoa could be antidote to age-related diseases, says new study",3.5,3.0,3.0,3.67,3.0,3.0,8.000058558279644,6.325508827973439,6.748105376793233,8,6,7,6.697930732712156e-10,7.9948996533962156,6.261103516038107,6.852570026339019,8,6,7,1.1299980552994354e-10,8.01100935039512,6.216308165587847,6.861305344722435,8,6,7,2.691407906535234e-09
SemEval_1126,Opponent is put on the spot over remarks about Clinton,3.0,3.0,3.2,3.0,2.8,3.0,5.776214062512413,6.00718958243858,5.227446978350079,8,6,7,7.264139099390199e-09,7.297899908472445,6.078491516788764,5.953369255212978,8,6,7,6.187109265467825e-09,4.962411309855037,6.115253379618808,5.360921568800503,4,6,5,2.5744028769113524e-08
SemEval_1152,"London market a shopping, dining haven",3.0,3.0,3.0,3.2,3.4,3.0,7.299371572716774,6.261943202559241,6.5121584230589855,8,6,7,1.6828017217775925e-08,7.700684385417677,6.062536923565812,6.817767502998873,8,6,7,7.799023691419195e-08,7.303014559711784,6.425373303223943,6.7065200206536755,8,6,7,2.9323961897658028e-08
SemEval_1157,Teen allegedly armed by mom turns self in,3.0,3.2,2.8,2.6,2.8,3.2,5.085766224928545,5.8867684778810005,4.288737912763294,4,6,3,2.326655144810937e-09,7.360634325463065,6.109750010505965,5.718043268546589,8,6,7,2.558692807612873e-10,4.1237196094329525,5.862270501120508,5.37880089240066,4,6,7,1.177018564493632e-08
SemEval_1176,Spain ahead although Nadal is out,3.0,2.75,3.25,3.2,3.6,2.2,3.8846506162081047,3.2535757206996405,2.9117587065691675,4,2,3,6.983716366984536e-08,5.51285328935797,4.9163496294530376,4.219415235018895,8,6,7,3.844108497434897e-07,3.30610945464358,3.807616807970194,3.3647850245328175,3,5,2,8.756412216256282e-07
SemEval_1179,Jakarta begins disinfection,3.0,3.0,3.0,3.4,3.0,3.2,6.723935026853783,5.473978513525531,5.305208878351955,8,6,7,8.541842562110152e-08,7.566063873911077,5.571653783619374,6.192412725071149,8,6,7,1.1017817139650346e-07,5.74554306696232,4.841535380679193,5.050638584218562,9,6,7,1.7002430660971758e-06
SemEval_1189,Democrats look beyond symbolic vote on Iraq,2.8,2.8,2.8,2.8,3.0,3.2,6.5650619387135,5.6770313466165065,6.673701519610325,8,6,7,9.018486739769405e-07,7.53294081039862,5.873493829436595,6.645254214694587,8,6,7,2.7236130308949443e-07,5.65621931489569,5.61059413568773,6.51686196639524,4,6,7,8.113112015664676e-06
SemEval_119,Official laughs for Borat,3.6,3.4,3.0,3.67,2.67,3.33,7.950969762509055,6.8177683839530445,5.797276362742834,8,7,6,7.39743872966274e-11,7.919250715851855,6.599284114030302,4.321570757239429,8,7,6,2.793543747310758e-10,8.078118633789536,6.661696267111297,4.887800603354905,8,7,6,9.445209111629662e-10
SemEval_1194,Two Koreas to resume talks,3.33,3.0,3.0,3.0,2.8,3.0,7.770211514380263,6.603937264825813,6.55371734049647,8,7,6,4.3743150132253004e-10,7.78138569938,6.1189152617666585,6.860500483970901,8,6,7,1.1251020388428247e-09,8.106377611803426,6.408662744233539,6.875467593815816,8,6,7,7.104141983273022e-11
SemEval_1195,Mickelson driving force at masters,3.0,3.0,3.0,2.8,3.4,3.0,6.493757686544404,6.692560289404145,6.287127851390371,8,7,6,1.9505623695408816e-10,7.563738394698175,6.376297889246189,6.292226745220796,8,6,7,3.1613182199097634e-10,5.463517182048699,6.582035228968039,6.4023846433146225,4,7,6,9.478827073063427e-10
SemEval_1204,Swiss plane crashes at Moscow airport,2.6,3.0,3.2,1.8,3.0,3.0,4.147176127670909,2.5912069694141207,1.3508309761323938,4,2,1,1.4208311651908686e-08,6.529026819442386,5.175065423678017,2.726492615812667,8,6,3,1.5816002621161514e-07,3.4690107837368926,2.680238300503335,1.390671190527126,4,2,1,1.4867082777731658e-09
SemEval_1218,Research supports medicinal marijuana,3.25,3.25,3.25,2.8,2.8,2.6,5.696534200197064,5.982773889781526,5.16590553164947,8,6,7,2.6921231711069575e-08,7.660788813651624,5.977174479307078,6.585332637349117,8,6,7,1.530424974993742e-07,4.740944829556068,6.009949851144361,5.307905952189357,1,6,4,2.8939259099504258e-08
SemEval_1228,Iraq closes borders with Syria and Iran,2.8,2.8,2.8,2.67,2.67,3.67,4.964219660868392,3.9453179061901396,3.7665098142711084,4,2,3,1.490824587064905e-07,7.504891156119456,5.78806498146613,6.19309986009461,8,6,7,5.1175623311579233e-08,3.0197089778185173,3.658471672630726,2.5874774876013205,1,3,2,1.4782013733835343e-07
SemEval_1241,Amish discuss shootings,2.67,2.67,3.0,2.0,3.0,3.0,4.371621085086105,3.905754209746146,2.175436250045834,4,4,2,1.6116906765950352e-07,6.7032469867963735,5.434338254241014,3.0290659593609393,8,6,4,4.4685339575314415e-07,3.437502299814725,4.224839909021553,2.381051937304831,4,4,2,8.883136168042362e-07
SemEval_1258,Bomb kills 18 on military bus in Iran,2.6,3.2,3.0,2.0,3.2,2.4,4.752465732561383,4.648463292505506,2.238539874205659,4,4,2,2.993382864179259e-08,7.225786198869842,6.123044466628246,3.5916407455189256,8,6,4,1.9660457905429637e-09,3.8211474621815564,4.1045799587243375,2.032347326582918,4,4,2,1.050488086191251e-07
SemEval_1264,Jones faces Europe meetings snub,2.6,2.8,3.0,2.5,2.5,2.5,4.623983362416395,4.4085770293550635,2.2753345432595373,4,4,2,5.739670074865911e-08,6.631798451424741,5.562203345162489,2.9641168853045774,8,6,3,4.658646849947889e-08,4.009722022861494,2.814833306178871,1.8324337408567182,4,2,1,1.2794853960499139e-08
SemEval_1275,Village buried by 100 inches of snow,2.4,3.2,3.2,2.6,3.4,3.0,4.989703893257026,3.214090793313874,3.0851761655824665,4,2,3,2.8623227480223e-09,7.294273925392907,5.396238539526242,4.826780031567099,8,6,7,3.315414873420417e-09,3.3783689810501536,2.5210304719044014,3.025063128796835,4,2,3,5.252891906734018e-11
SemEval_1281,Chrysler's Valentine's Day massacre,2.2,2.8,2.8,2.2,3.2,2.4,4.627078727867602,4.034221455963786,2.6245392379676638,4,4,2,1.3187035801995742e-07,7.185685763094261,5.960211831874321,4.005285870919469,7,6,4,3.4091720246660212e-09,3.78454037840489,3.3429755394976457,1.9184391581395694,4,4,2,8.413162653883253e-09
SemEval_13,United Finds Good Connection in Win,3.6,3.6,3.2,3.0,2.8,3.0,7.559880174621728,6.6298907275998245,6.101803545662775,8,7,6,2.192968198679884e-10,7.726583104476033,6.1275727485480465,6.29983953943561,8,6,7,6.01267661713084e-10,7.399759559991983,6.595021108242563,6.110230639037059,8,7,6,9.940625693056696e-10
SemEval_1313,"Start late, retire rich",3.6,3.0,3.0,4.0,3.4,3.6,7.770246485999082,6.739554306108814,6.498074094694909,8,7,6,2.3347631369896886e-11,7.990037128257946,6.684475916615887,6.379502422767842,8,7,6,6.077318652607116e-11,7.814022695222891,6.617180344737367,6.834964350153343,8,6,7,8.464431148677811e-11
SemEval_132,Flu Vaccine Appears Safe for Young Children,3.2,3.0,3.0,3.5,3.17,3.33,7.364829518591031,5.714605500460003,6.272088423877877,8,6,7,3.8267336933272043e-07,7.946410947665239,5.903472712498429,6.926699851922512,8,6,7,2.9822079547486415e-07,5.623037470699218,4.489041990250724,5.499341974371489,9,6,7,2.3713088859020816e-06
SemEval_1325,Rwanda mulling 3-kid limit for families,3.0,3.0,3.2,3.0,2.8,2.8,5.414524655247998,4.778900225132171,4.551114334549078,8,6,7,9.639324906239668e-08,7.286089339659786,5.608922001804822,5.651350257479344,8,6,7,4.135189699964465e-08,3.0952925428280214,4.459420231260978,4.272732239041508,3,6,7,5.1514501441839085e-08
SemEval_1358,"Radical cleric al-Sadr in Iran, U.S. insists",3.0,2.6,3.2,3.0,2.8,3.2,5.622065918411861,4.119324529176665,4.50303952747085,4,2,3,1.1410438742236507e-07,7.034101926643797,5.307813830224798,5.2371759767136234,8,6,7,3.9060848543572485e-07,3.742087953029905,3.681527786682233,3.150467942165916,4,2,3,4.4417324381402476e-07
SemEval_1359,Reports: Harvard set to name first female president,3.67,3.67,3.0,3.2,3.0,3.0,7.559965386731707,6.806781822421939,6.4848191212849455,8,7,6,9.363506486789795e-11,7.841052225968495,6.349671124099353,6.552414457868201,8,6,7,1.0136513445475926e-10,7.273515651374924,6.766037405726848,6.973702469977389,8,7,6,7.854559245911241e-11
SemEval_1364,Prehistoric lovers found locked in eternal embrace,3.0,3.0,3.2,3.2,3.2,3.0,6.972952855531271,6.396968404055488,2.9866145875476313,4,7,2,1.876610937066937e-10,7.610732611094402,6.1507176270149815,3.3815462523671656,8,6,3,4.5301660663487034e-10,7.1201401949028,6.637622097778692,4.240686663542397,9,7,6,6.563726596256856e-10
SemEval_1366,Peru leader questioned in massacre probe,3.0,3.0,3.0,3.0,3.0,3.0,5.150974637235189,5.113669100956391,4.094322874903535,4,4,2,2.2990006833395068e-07,7.006017358419613,6.028656928830728,5.791186061996195,8,6,7,6.492473071469451e-08,4.111764803051487,4.477436803858574,3.3493736704159405,4,4,2,2.113128712378605e-06
SemEval_1370,Siestas may cut heart disease risk,3.6,3.2,3.0,3.0,3.0,3.0,5.754341056141724,4.463282311098409,4.030321818871874,8,6,7,4.006865895354384e-08,7.156590280180368,5.674822264192008,5.507399825505199,8,6,7,4.1047717904971216e-08,3.4320431326179976,3.8767845963589447,3.1418451937024905,1,3,2,1.4481807269297728e-07
SemEval_1371,"Oregon snorkeler mistaken for rodent, shot in face",2.8,3.0,3.2,2.0,3.6,2.6,4.52904439908339,3.096663536278166,1.5738711371187746,4,2,1,5.6009064139845784e-08,6.950131219002823,5.679699543660492,2.1406285588926615,8,6,2,1.0948265938992404e-08,3.655395194312595,2.8117432614598963,1.5513256182439847,4,2,1,1.923746533274891e-07
SemEval_1376,Comedian says government silences critics,2.6,3.4,4.0,2.6,3.4,3.2,6.121081943928445,5.919235862499052,5.032788138390455,8,6,7,1.881811031483925e-08,7.428614445901166,5.95783808636658,6.023710336530262,8,6,7,2.1357948071807544e-08,4.446126686981366,5.884598224517173,3.892558539251614,4,6,3,5.2622429659220286e-08
SemEval_138,"Rice, in Baghdad, Insists That Iraqis Are",3.0,3.0,3.0,3.0,3.0,3.2,5.501270320214376,5.2524458662290545,5.036529457111667,8,6,7,6.158340787689594e-08,7.270108074120779,5.719722348406329,5.759462610830587,8,6,7,7.57119371443894e-08,3.327345209502667,4.945901601100229,5.0487365212108575,4,6,7,1.259292693313396e-07
SemEval_1384,Here is some advice to take to heart...,3.0,3.2,3.0,2.8,2.8,3.2,5.545162892070223,3.056918274096974,2.9019339243242204,4,2,3,2.116239274920876e-08,7.289656905475319,3.89119218213168,3.1427138130360595,8,4,2,2.3622478624909464e-08,4.806360126623564,4.370882438062879,3.6001937594551423,4,2,3,3.387042999074193e-07
SemEval_1395,Outdated baby food found on shelves,2.25,3.25,3.25,1.6,3.2,2.8,3.801354649812715,2.045536005555057,1.4223930939072655,4,2,1,1.888009816372366e-09,6.062847595924796,3.2134499750454704,2.705486474803351,4,2,3,9.879096030729266e-09,2.520621531876635,2.042697764049951,2.2002665853493752,1,2,3,1.0183157989799318e-09
SemEval_1431,Britons deported from Somalia held under Terrorism Act,2.6,3.2,3.6,2.5,3.0,3.0,5.792587082355029,3.9857547935571587,5.5601412216954635,8,6,7,5.479241396384195e-08,7.379910140526872,5.58214169083819,6.805687912787382,8,6,7,1.1823419683608503e-07,3.389070211469002,3.247765488593531,5.244762126798906,4,2,6,6.384040175353116e-08
SemEval_1435,YouTube yields surprising payback,3.0,2.8,2.8,3.4,3.4,3.0,7.597634436481958,6.646930049493584,6.178845428495817,8,7,6,4.1549084400057766e-10,7.722777556900541,6.357656515916068,5.935643318582328,8,6,7,2.006611699495885e-10,7.615849514615095,6.4040350217302535,6.409119860147633,8,7,6,4.474789354368348e-09
SemEval_1441,Survey: Tech a tool in teen dating abuse,3.0,2.8,2.8,3.0,3.0,3.0,4.456712953696062,5.782175471083784,2.7315546593930993,4,6,3,1.1417057052384174e-07,6.53059808167282,5.906599309120795,3.2252903113486693,4,6,3,2.3780481172725307e-08,3.0763167548176855,5.595770295627344,2.8451099675860507,4,6,3,3.2552205202454537e-07
SemEval_1449,Japanese whaler afire in Antarctic,2.2,2.4,3.2,2.6,3.2,2.8,6.568270881861468,5.70067055528186,2.822786607960071,8,6,3,2.0208826461582988e-08,7.3542179542640085,5.927294975879515,3.2726011024966057,8,6,3,1.9202279817172553e-08,4.868927869031294,5.671924087528071,2.702731512313176,4,6,3,1.4612018464115767e-08
SemEval_1467,Win a (concert) date with the Police,3.75,3.5,3.25,3.0,3.0,3.0,6.184834068797654,6.222916020499734,3.26619839286286,4,6,2,6.333575474466885e-09,7.506901657494103,6.170818071373146,3.8565662061319803,8,6,4,5.896452285905185e-10,5.884694502424456,6.386129560297646,3.1157793780077547,4,6,3,4.7975309728275036e-09
SemEval_1476,Lawyer seizes Smith's Bahamas home,2.4,3.2,2.4,2.6,3.2,3.0,5.870268841972717,5.762037543142566,5.770749083411037,8,6,7,9.067398890737449e-09,7.5438724778430135,5.977706146991185,6.08673118798231,8,6,7,2.9039742655304843e-09,4.073250227477244,6.0110021206957445,6.4631196470802355,4,6,7,1.1403380360554101e-08
SemEval_1481,"ROUNDUP: Protests erupt despite ""state of siege"" In Guinea",2.6,3.6,3.2,2.8,3.0,2.8,6.625408320665622,6.0389179117706195,6.015146864086344,8,6,7,1.3511032677340548e-08,7.1359270556972225,6.000935135701516,6.412768450667595,8,6,7,5.297498796767857e-08,5.651008441245537,5.9927487351184325,6.518824660039108,4,6,7,7.006447471669758e-08
SemEval_1483,Beyonce new SI bikini cover girl,3.0,2.67,3.0,3.4,3.6,3.2,7.325611619612345,6.777856682802604,4.8902426251533955,8,7,6,7.861735233788112e-11,7.661912605979173,6.421191930724173,4.284341615246629,8,7,6,3.2230464403470093e-10,6.795601769747014,6.753211566374686,4.610179085322794,8,7,6,2.982778589859614e-10
SemEval_1494,Kathmandu: First snow in 63 years,3.0,3.2,3.0,3.2,3.4,2.6,7.559566469246571,6.612757877508195,6.588650642930222,8,7,6,3.2975327243126893e-09,7.848821128311387,6.244880537461769,6.741918245106553,8,6,7,4.793171659837659e-09,7.384509875142498,6.605957808414654,7.204236491823797,8,6,7,3.1110571683701766e-10
SemEval_185,Squirrel jumps boy in park; rabies suspected,2.4,3.2,3.0,2.2,3.6,2.6,4.829638760231594,5.078216878434741,2.0469168104531423,4,6,2,1.908858266592915e-07,6.932162998241116,5.865461325205484,2.3480061533137757,8,6,2,1.7814395695067435e-08,3.902112857282871,4.947463994910448,2.0228812957585225,4,4,2,1.879477721312974e-07
SemEval_188,School ends football season after 0-4 start,2.8,3.0,3.0,2.5,3.0,2.17,4.267041785205468,2.8579206318857002,3.18329127780284,4,2,3,2.2953907305220185e-08,7.151504324634198,5.14895403536459,5.334708648000081,8,6,7,7.308230746407736e-07,3.037792266228433,2.7358574191725085,3.2531486046759364,4,2,3,1.8928640912956094e-08
SemEval_189,Charlie Sheen to become highest-paid sitcom star,3.0,3.0,3.0,3.2,3.2,2.8,6.35266673711778,6.527885794037014,6.667004656885794,4,7,6,5.74956498581917e-10,7.497354267861503,6.144625554164471,6.405411810977167,8,6,7,8.566505550801896e-10,6.442220725485999,6.552492086560109,6.988030681554514,4,7,6,1.5931950612541888e-09
SemEval_214,"Waste plant fire forces 5,000 to evacuate",2.33,3.33,2.33,1.6,3.4,2.6,4.440582885118581,5.596541151271193,3.5212858763870125,4,6,3,6.6417705895662354e-09,6.850552690002509,6.016986812652719,5.311167736699888,8,6,7,5.594676291568339e-08,3.394203477761105,5.637602444288474,3.7705588585400824,4,6,3,3.016366315643901e-08
SemEval_221,Peter Pan flies into chapter two,3.0,2.6,3.0,3.4,3.4,3.0,6.280981445095738,5.888946873856249,4.653773691499635,8,6,7,1.226187367156817e-07,7.466924442480195,5.811348533479066,5.085912167388921,8,6,7,6.267954417960376e-08,5.665582454683761,5.92258376391247,4.766270697032968,4,6,3,1.312520986943865e-07
SemEval_233,Trailblazing trio protects City by the Bay,3.2,3.0,3.0,3.2,3.0,3.2,7.296845119041459,6.796218911686878,6.775132517717705,8,7,7,3.5252826420917687e-10,7.652426218285408,6.251652500487212,6.38624842400662,8,6,7,6.791212011807003e-10,6.474609853666242,6.734988709525244,6.602103745796713,4,7,6,1.5672345651415279e-09
SemEval_33,Pair of Satellites Will Document Sun in 3-D,3.0,3.0,3.0,3.4,3.4,3.2,5.107345038045846,5.380170974373781,4.843018505905663,8,6,7,3.6809772251629656e-07,5.901233870895236,5.413217276940935,5.027128131834182,8,6,7,1.0126986618895186e-06,4.055792943609184,5.253717562685589,5.381013230171872,4,6,7,7.667308434637653e-07
SemEval_37,Diplomat acknowledges US arrogance in Iraq,3.0,3.2,3.0,2.4,3.2,2.8,5.9377390984261895,4.949252134213662,4.454016331122023,8,6,7,1.180130380358152e-07,7.443486971048783,5.880551878179304,5.563693263680995,8,6,7,7.684351542451199e-08,4.5864624181728875,5.2850149379905265,3.739726324299405,4,6,3,3.575567134114332e-07
SemEval_38,More Human Remains Found at Ground Zero,2.4,2.8,2.8,2.25,3.25,2.75,6.967948368888663,5.196397903676991,5.619504550897534,8,6,7,9.574987574589447e-09,7.626860430562003,5.764591309763988,6.172872471980791,8,6,7,1.5490111325588517e-09,4.339519040855715,3.688141642864303,3.8555642726091115,4,2,3,4.7781862577303577e-08
SemEval_52,Britain to restrict immigrants from new EU members,2.8,3.2,3.4,2.6,3.2,3.0,5.013697069468675,4.538632975957183,4.166688885551462,8,6,7,5.966675539739624e-08,7.403328548157017,5.760484564057614,6.247512979767776,8,6,7,2.871184473909489e-08,2.492816018565671,3.616905391334286,2.628682133846743,1,3,2,1.9996670688437948e-07
SemEval_522,Cisco sues Apple over iPhone name,2.5,3.0,3.25,2.4,2.8,3.4,4.56599657508786,3.740275608625965,4.63015674576285,4,2,3,4.250591490648755e-08,6.857952899897511,5.848539997120744,6.417979008447211,8,6,7,3.1728734013742025e-08,3.1362362293507497,3.646843683772915,4.598180026330412,4,2,3,7.039764193920107e-07
SemEval_534,"""Stomp the Yard"" has winning moves in its weekend debut",3.2,3.2,3.0,3.2,3.0,3.2,7.690993373933315,6.335579212468577,6.447201343877291,8,6,7,2.6324505819670686e-09,7.653582591269958,5.974059331292492,6.362146595198414,8,6,7,3.1199468696808965e-08,6.712070866292183,6.091777365280818,5.852782266253334,8,6,7,5.2929318851356064e-08
SemEval_537,Pacers' Jackson misses gun hearing,2.6,3.2,3.0,2.8,3.0,2.4,4.214398207213387,2.641860743521746,2.6640594095747914,4,2,3,1.3261780840980378e-08,5.767693293121851,3.624592574350239,2.718356835941723,4,2,3,4.5038842116748556e-08,2.6753191629846014,2.433104496741049,2.2655932781824113,1,2,2,1.3852146687827e-08
SemEval_552,Aquarium puts ailing beluga whale to sleep,2.6,3.2,3.0,1.8,2.4,2.4,4.043969459023249,2.2554659848830783,1.1668924783388515,4,2,1,1.9538889616592582e-09,6.383857037546633,4.445536561855387,2.222037199495275,8,6,3,5.6406100903972144e-08,3.0766956831512524,2.32260362207644,1.2503000306002496,4,2,1,1.157113751308272e-09
SemEval_559,Fortune: Looking beyond the iPhone,3.0,2.8,3.0,3.4,2.6,3.0,6.949881333950897,6.111051256842044,6.035016512424295,8,6,7,3.4456290099918123e-10,7.705158180442483,6.022024480765499,6.424877986329623,8,6,7,5.029673125379118e-10,5.406652456076554,6.004077684613939,5.022611672924201,8,6,7,2.0614409276666803e-09
SemEval_562,News analysis: Iranian boast is put to test,3.0,2.67,3.0,3.0,3.0,3.0,6.914764140209184,5.968735618762841,5.471144577293957,8,6,7,1.4578059196826057e-08,7.491270909986189,5.947899091156299,6.005862610732949,8,6,7,2.0383617519906718e-08,5.815215075651857,5.9686424745761055,4.725449630562099,8,6,7,1.242799131635021e-08
SemEval_58,Amateur rocket scientists reach for space,3.25,3.25,3.25,3.2,3.6,3.0,7.005005513326183,6.598796720763076,5.744977401501971,8,7,6,9.404684639445557e-11,7.60999389320247,6.225500978410214,5.718257433631083,8,6,7,1.9492549458841257e-10,7.416957623369987,6.833987822467658,6.300733837580772,8,7,6,2.72671132926901e-10
SemEval_595,Russia plans major military build-up,2.75,3.0,3.0,2.0,3.5,2.5,5.950717556867815,6.251058665231145,4.28592521621189,4,6,3,7.912672122569463e-11,7.355775464825712,6.061044574608714,4.430283082905991,8,6,4,1.2632154692372836e-09,4.615445991429345,6.319988607132983,5.126831181138869,4,7,6,1.81096221834874e-10
SemEval_598,Taking the plunge,3.0,3.0,3.25,3.0,2.6,2.6,7.508861379579098,6.45986908826902,5.999966044872581,8,6,7,1.7868161777850617e-10,7.849434788630548,6.358820395520308,6.082855531774635,8,6,7,7.006497702978514e-11,7.591652282999112,6.72424527833063,5.772745656805432,8,7,6,3.784969817915273e-10
SemEval_60,Deaths linked to flu vaccine,2.0,2.4,2.8,2.2,3.4,2.4,4.373789632612681,2.455674684804248,3.9363176786400578,4,2,3,1.873889474161572e-09,7.456703147592118,4.4291148881431255,6.577061782592851,8,6,7,3.433261933259352e-09,2.7870535871804307,2.1576775407242956,4.905131219155711,1,2,3,7.951796999983629e-09
SemEval_606,Israel intensifies military flights over Lebanon,3.0,3.0,3.0,2.6,3.2,3.6,5.60554367596059,6.216226888129752,5.04015299704125,4,6,3,5.668686053536861e-10,7.247046263970951,6.1334615478394525,5.821418477020715,8,6,7,1.8538148486917499e-09,4.140530489625112,6.008753405975326,6.250027484619028,4,6,7,3.1391498248348826e-09
SemEval_607,New gadgets galore at tech show,3.2,3.2,3.0,3.6,3.4,3.6,7.236060810161253,6.240459803590834,6.120091363947097,8,7,6,1.326734879845832e-08,7.78330825326496,5.827724754004954,6.610949723440817,8,6,7,1.3847388625808518e-07,7.5286874915029784,6.36132484146974,6.658619285352683,9,6,7,1.9366261940604803e-08
SemEval_61,Israel admits using phosphorous shells in Lebanon,2.25,3.5,3.0,2.8,3.0,3.0,5.105159783032847,4.4066875104781555,3.167882357486242,4,4,2,2.1005374052687214e-07,7.1324337296620905,5.808843108669645,4.720561269789479,7,6,4,1.977592656428142e-08,3.939442284550508,4.076183693702727,2.8677691625604727,4,4,2,2.1263626684698907e-07
SemEval_621,Investigation of child porn site hits 77 nations,2.6,3.2,3.0,2.4,3.2,2.8,5.837716562664632,6.349444291297386,4.213357554362672,4,6,3,2.8373668358713204e-09,7.232732119366536,6.144581044605358,5.340587648336713,8,6,7,3.6095706294832715e-09,5.108579496903932,6.498148898506187,4.2618633885429,4,6,3,7.542475843043518e-09
SemEval_624,Ice storm cripples central U.S.,2.67,3.33,3.0,2.0,3.8,2.2,5.056703296560786,4.6229738585402895,3.562271434288497,4,4,2,1.2081745341742657e-08,7.242277494106306,5.630101416132785,6.661321803346481,8,6,7,5.809171919457408e-09,4.036906987053209,4.13226607438075,3.7012081109287287,4,4,3,9.543260706721889e-08
SemEval_634,Models' health guidelines -- will they help?,3.0,2.8,3.0,3.0,3.0,2.8,5.808347326293677,4.145305648420805,4.048521145117055,4,2,3,1.505441736194597e-07,7.453355689507023,5.33335786640357,5.257685442127248,8,6,7,3.963473586869085e-07,4.439854851752745,3.684644963533935,3.3072845070633674,4,2,3,6.229329758994904e-07
SemEval_635,Stepping back in time at ski resort,3.0,3.0,3.0,3.2,3.2,3.2,5.915343834303547,5.6889516888299685,3.8944822768365484,4,6,3,7.217626896125881e-08,7.549935002033543,5.869332821289064,5.138731485416018,8,6,7,1.5253852710690525e-08,4.140192936598407,5.516844289549164,3.068587452259442,4,6,3,2.2716562937271854e-08
SemEval_644,Porn ring scandal reaches Australia,2.6,3.0,2.8,2.0,3.2,2.4,5.633886957324796,6.1116779485764665,3.024662198172671,4,6,3,5.522009357139815e-10,7.384142980426937,6.079440719987835,3.405879018802941,8,6,3,8.354244976159335e-10,3.773667361863256,5.914175870716614,2.809907882772566,4,6,3,5.638322506384462e-09
SemEval_66,China launches two satellites into orbit,3.2,3.2,3.0,3.2,3.2,3.2,5.657875700012861,5.477763868113799,3.647500868284835,8,6,7,8.646660717741188e-08,7.088956821185743,5.747548650395353,3.507199052645632,8,6,3,1.3131473779421272e-07,4.130699864512855,5.520220968696448,2.9739515357903614,4,6,3,6.977740764951418e-08
SemEval_669,Review: 'Alpha Dog' misses the point,2.4,2.8,3.4,2.6,2.8,2.8,4.312691004241637,2.287541795834537,1.9422322504039466,4,2,1,2.212104565354993e-09,5.996296192909815,3.5117512396997963,3.2841614218227524,4,2,3,6.2654981454205835e-09,3.508267051163969,2.0751539857667956,1.7966364072341525,4,2,1,1.6512355084888207e-09
SemEval_683,10 kidnapped at Nigeria oil base,2.4,3.0,2.8,2.0,3.2,2.6,5.304564967742673,6.097223910616788,2.263699898806264,4,6,2,2.0086174092294274e-09,7.154511799452018,6.075768302860758,2.665444747411909,8,6,3,3.3409246025575435e-09,3.946777882379232,6.103538771902374,2.087564540626116,4,6,2,2.473546615934968e-09
SemEval_688,"'Grey's,' 'Pirates' lead People's Choice",3.0,2.6,3.0,3.2,3.0,3.2,6.573888653708985,6.351330687739216,6.758322923850832,8,6,7,7.667221264250501e-08,7.0646779589973505,6.202276466360308,6.729185217263402,8,6,7,2.3206507210485704e-08,5.571911628548511,6.34020352224018,6.863850637697697,4,6,7,4.097938462382688e-07
SemEval_699,SPACE.com: Black hole triplets spotted,3.0,2.8,2.8,3.0,3.0,3.0,6.179319422742786,6.1209097726467085,5.016691105670651,8,6,7,7.851294358177056e-11,7.114231742364578,6.042069708092582,5.722795320525851,8,6,7,7.251281571683551e-10,4.432067611734179,5.984074193260553,6.236522326066794,4,6,7,4.943456384020314e-09
SemEval_7,Kate is marrying Doherty,3.5,3.5,3.5,3.4,3.0,3.0,7.4951260325309095,6.165133681941724,6.756944263891544,8,6,7,1.1745968890755707e-08,7.787673842895231,6.049086499029085,6.648974444468244,8,6,7,3.3442544126672496e-09,7.737924135349043,6.58614380755125,6.8531530928177995,8,6,7,7.740654823078197e-09
SemEval_705,Doomsday Clock ticking away,2.6,2.6,2.6,2.6,3.6,2.8,5.262334401270583,6.050602262924785,6.493003855778575,4,6,7,4.5356742613225767e-10,6.845822866801199,5.990224773582514,6.1508019876112,8,6,7,1.0687901418273572e-08,4.218990509608572,5.970107265789842,6.8614888301064445,4,6,7,6.47703874068566e-08
SemEval_722,US Airways boosts bid for Delta,3.4,2.2,3.0,3.0,3.0,3.0,6.807005192388084,6.5869566535893735,6.623303208568897,8,7,6,1.2118625392376775e-08,7.5757372620334005,6.188799321206528,6.779837442389001,8,6,7,5.746011467682397e-08,5.740239894553644,6.463363721403881,6.684021634398766,4,6,7,1.3137718506252926e-08
SemEval_753,Eight years for Damilola killers,3.2,3.2,3.0,2.6,3.0,3.4,4.47833353381141,2.9509308409091597,2.655153497822548,4,2,3,4.209400278109666e-09,7.012943937599689,4.677119745231586,2.4696810253921333,8,4,2,1.9261744987855154e-07,2.8629549775576177,2.701101686441705,2.536022859310887,4,2,3,3.43740653247377e-10
SemEval_778,Man beheaded in southern Thailand,1.8,3.6,2.8,2.4,3.4,3.2,4.373605673362488,3.606388100290731,1.8455600773505707,4,3,2,8.392893253954548e-08,7.0746079196827365,5.8304769601655035,2.304463691313832,8,6,2,1.2389317848096799e-08,3.5313064000945307,3.577401831964734,1.8652445143693852,4,3,2,7.483541128354721e-08
SemEval_78,"Bangladesh ferry sinks, 15 dead",1.6,3.0,2.6,1.5,3.0,2.5,4.892339111740677,3.567051396951341,3.6857063861627775,4,2,3,1.743010439660859e-08,7.388397407379879,5.7409989255386895,6.976071686019604,8,6,7,6.90255202888976e-09,3.8969545425371654,2.2138119379914825,3.269732714168551,4,2,3,2.505314905734663e-09
SemEval_782,Iraqi forces detain official suspected in Shia conspiracy,3.4,2.8,3.2,3.0,3.0,3.0,5.417443860227465,4.687090129854729,3.40561505553039,4,4,2,1.7517414513942382e-07,7.270472082550835,5.949158701140619,4.898787357258243,7,6,4,1.4339270771137278e-08,3.9298019890167857,5.287725878371257,2.965844127551981,4,6,3,7.822217207538138e-08
SemEval_796,"'Cravings' still there, sez Tara",3.0,3.0,3.0,3.0,3.0,3.0,6.01090253154231,6.140845036172953,5.957395879760613,4,6,3,3.7938961239170675e-08,7.103044388402161,6.046850352351502,6.141075158742916,8,6,7,3.336352380413252e-08,4.134516137052814,5.872804903640288,6.122831841121964,4,6,7,1.150514345174247e-07
SemEval_813,Iran to hit US interests if attacked,2.6,3.4,3.0,2.2,3.4,2.8,6.246412392990488,6.260178637009615,7.057776918368056,4,6,7,5.605655442273696e-10,7.3503452265060645,6.081844326294587,5.93086252466913,8,6,7,7.179525916480736e-10,5.801183257357109,6.373002673770678,6.911439520533943,4,7,6,5.760321262050195e-10
SemEval_832,ASEAN urges North Korea resolution,3.0,2.8,3.2,3.0,3.2,3.4,6.402320633902782,5.479565651344215,6.243883818911008,8,6,7,4.196430466599686e-07,7.4039529645011335,5.911143198439383,6.909916639009271,8,6,7,3.443555440684133e-07,5.835660249969077,5.456276937079237,6.313955418418864,9,6,7,1.5520033564577404e-07
SemEval_833,Late penalty costs Roma the points,3.0,2.8,3.2,2.6,3.4,3.0,5.200747863483027,3.3657996036317233,4.359648872469186,4,2,3,8.58507817006524e-08,7.119101067653282,5.595831269612577,6.474485494354042,8,6,7,3.537200478829673e-07,4.553919368618027,3.0123896558914858,4.013995083819767,4,2,3,1.8271663300629334e-06
SemEval_838,Review: virtual 'American Idol' hits right notes,3.8,3.6,3.4,3.2,3.2,3.2,7.741846381337201,6.740363918992275,6.764116937376628,8,7,6,2.3006591848712876e-07,7.82715785478963,6.56412764987914,6.719815329003238,8,7,6,1.532686019653392e-07,7.572145281903845,6.731251989697016,6.662233777878418,8,7,6,4.282465076669657e-07
SemEval_841,John Grisham set for court drama,3.0,2.8,2.8,3.0,3.0,3.5,5.5261533647608765,5.966794264443607,6.968835329372464,4,6,7,1.311621844366004e-08,7.3648847940530215,5.852286920079831,7.01974647733384,8,6,7,2.6788003196278963e-07,3.7965291658250893,5.950576090920636,6.941770765987968,4,6,7,3.412518506296576e-09
SemEval_844,Boy Scouts blamed for starting wildfire,2.0,3.6,3.2,2.4,3.4,3.2,5.234164728711662,5.329275264209286,3.9555090609414245,8,6,7,1.5202300148772648e-07,7.257783254771014,5.93314042989197,5.650339497853149,8,6,7,2.8982353436965833e-08,3.3349024169052224,3.8196615527180966,2.426714817025668,4,4,2,2.570893504035937e-06
SemEval_853,Action games improve eyesight,3.17,2.83,3.17,3.2,2.6,3.0,6.3797636699680424,4.923482879669206,5.413846942155799,8,6,7,2.9091444865842918e-09,7.619040112156052,5.993506459522903,6.390641382519664,8,6,7,7.53638238550325e-09,7.049460073741837,5.8377864301819375,6.451170906481758,8,6,7,5.686292403287441e-07
SemEval_859,Review: PS3 pricey but impressive,3.4,3.4,3.2,3.0,2.8,2.8,6.620816630260632,5.799901171523533,5.4464525715289165,8,6,7,6.087895200709395e-07,7.498191716503835,5.683982994078697,6.304734377048311,8,6,7,7.941431223216279e-07,6.118347580981903,5.555454813002434,4.650124506481052,8,6,7,1.7899854699682395e-06
SemEval_866,Ferrer victorious in Spanish duel,3.25,3.0,3.5,4.0,3.6,3.6,7.930572644378415,6.9205036566037865,8.13578219232207,8,7,8,4.231788288025125e-11,7.868503340764937,6.545016561462359,7.3628284240783275,8,6,7,5.80519723831298e-10,8.270067928789267,6.946963090392433,8.182191906758465,9,7,8,3.2370744944157613e-12
SemEval_870,Search on for victims of subway collapse,2.2,2.4,3.4,2.2,3.2,3.0,5.252100441324975,5.0899023615768115,2.7107300505694436,4,4,2,1.7575307702690932e-08,7.2928035742296045,5.982925805459771,3.7278605663941966,8,6,4,4.7795419762960006e-09,3.8609877252835907,4.358342527402325,2.2418773139269463,4,4,2,9.346574939858484e-08
SemEval_879,Barack Obama formally announces bid for president,3.25,3.0,3.5,3.0,3.0,3.0,7.25845310735463,6.7235447381647795,7.07954299530869,8,7,7,3.6405893527241146e-10,7.726174797416991,6.211937454213195,6.840542670151094,8,6,7,6.405284259926875e-09,6.493276425948805,6.442186744761434,7.055252420698995,9,6,7,3.407629854388627e-10
SemEval_885,Ice storm descends on central U.S.,2.6,3.0,2.8,2.0,3.2,2.6,5.039448706526607,4.237653992996703,3.027503789300266,4,4,2,1.590858511855087e-07,7.267636001141105,5.1934372094899075,5.878662239095963,8,6,7,4.3788231470882396e-08,3.9125520551061035,4.488008036434263,3.5612523588727196,4,4,2,3.1187490663996166e-08
SemEval_89,Russian ship sinks in Pacific,2.2,3.2,2.8,2.6,3.4,2.6,5.121965040778825,3.906436742436942,2.0841296967373664,4,3,2,8.843043073547313e-08,7.365866442948254,5.565367440546017,3.0055610210861876,8,6,3,6.470765839100441e-08,3.8179300850096047,3.340483408211642,1.8151087434270154,4,3,2,5.028089999242619e-08
SemEval_896,Sea search for missing Microsoft scientist,2.6,2.8,3.0,2.8,3.0,2.8,4.887103347432885,5.863027586956756,3.593078464897628,4,6,3,2.545603910261754e-09,7.010705700438688,5.906677502644203,5.172848482550789,8,6,7,5.825137596350497e-09,3.900136666514383,5.827182350732509,3.382756780146752,4,6,3,7.185000503874744e-09
SemEval_90,China Successfully Launches Two Satellites,3.2,2.8,3.0,3.6,3.2,3.0,7.654726674482209,6.7887022055944435,6.9375256497486,8,7,6,2.862703843555512e-10,7.660067950910715,6.475839398988848,6.6748622206253065,8,7,6,2.423655139003458e-10,7.6519527051402125,6.817986461568987,6.865676537816436,8,7,6,1.4755238454390734e-09
SemEval_904,"Nipple covers, other star secrets",3.2,3.2,3.2,3.0,3.2,3.0,5.448740653520181,5.811989168804665,2.730853945714051,4,6,2,3.0349416329708676e-08,7.220267461836497,5.736309691833613,2.958499154063556,8,6,3,9.634924077783582e-09,3.568248167367408,5.489336907168168,2.7196060106732256,4,6,3,1.4690327123873087e-07
SemEval_908,Botched hangings in Iraq speed sectarianism,2.4,3.0,3.2,2.4,3.2,2.6,6.353919141300073,6.120532963078307,6.803951996779917,8,6,7,9.911999909436387e-11,7.445413472140456,6.0477420678936555,6.797343077393904,8,6,7,2.8742418604937774e-09,4.461807926625291,6.014370069143944,6.901119158896965,4,6,7,6.0434714648690145e-09
SemEval_916,"Second opinion: girl or boy? as fertility technology advances, so does an ethical debate",3.0,2.8,2.8,3.0,2.8,3.0,6.753733534501695,5.509420159325866,3.251684227315079,8,6,4,1.5446742005222731e-06,7.338021757660249,5.799199728180431,4.002968274875843,8,6,4,4.898210707785208e-07,5.906676028372772,5.790385754879123,3.759039369392938,4,6,3,2.024880529478796e-06
SemEval_933,"US, North Korea signed nuclear memo",3.0,3.0,3.0,3.2,3.2,3.2,5.515399296357722,5.202514908080772,4.321554624276061,8,6,7,8.716816109963628e-08,7.255856260507431,5.885321975474994,5.691039586001693,8,6,7,9.715700943191488e-08,3.6315397190937477,5.102496682168727,3.8091976204875126,1,3,2,1.1932764040640327e-07
SemEval_938,MySpace welcomes French friends,3.67,3.0,3.0,3.4,3.2,3.0,5.804133512513614,5.348250101286439,2.619145928003795,4,6,2,1.1747879962016303e-08,7.174743679038718,5.679523376940991,3.249734130538712,8,6,3,3.116503157716414e-08,4.564636635606876,5.391031752490405,2.252975339151796,4,6,2,3.555907276107453e-08
SemEval_940,The amounts you have to pay for a bomb scare,2.2,3.4,3.0,2.2,3.2,3.0,4.78929375868685,2.643192205368151,2.508191814097459,4,2,3,6.8947572602484e-09,7.124115686430189,4.713566970920487,2.6455233703997627,7,4,2,7.972095722343733e-08,3.553704364124391,2.9613721057659625,2.638658326987005,4,2,3,2.089598911905604e-08
SemEval_941,"In Egypt, Rice speaks softly",3.0,3.0,3.33,3.0,2.2,2.6,4.769607264451452,2.891357437813908,1.6200973382733759,4,2,1,7.280775622561209e-09,6.336039219066034,3.677637075229957,1.9049460793210526,8,4,2,2.3440959954534995e-08,3.5181346200305317,2.7312794301485637,1.5201756464330716,4,2,1,8.724184801201483e-09
SemEval_964,Study finds gritty air raises heart disease risk in older women,2.8,3.2,2.8,2.0,3.2,3.2,5.258373289763536,3.868350551203104,4.445043629353682,4,2,3,2.5999444239109003e-09,7.281153977906748,5.318760915914985,6.138977726068922,8,6,7,5.721143315069527e-08,2.8227987281569527,2.5867302197713737,3.483669258849325,1,2,3,6.774373393197939e-09
SemEval_971,China considers Eurobond reserves,3.0,3.0,3.0,2.8,2.0,3.2,5.6282742576791644,5.649818952108056,5.333136171770395,8,6,7,1.8003833319610108e-08,7.063299642433889,5.890598731531389,5.837120044720515,8,6,7,1.9575054963691773e-08,3.7014864617562115,5.365621938938433,4.9494514359152095,4,6,7,5.3850711577160753e-08
SemEval_983,Indonesian bird flu deaths hit 61,2.0,3.4,2.6,2.2,3.4,2.4,4.959921174230031,4.310096602141984,3.291644303491367,8,6,7,2.7721215455880485e-07,6.9742261166045445,5.412740443450364,5.215549616506301,8,6,7,5.663327633305502e-07,2.475153280213235,3.0869278527825834,3.3401854190312346,4,2,3,1.9300944038251496e-08
The_Black_Willow_10324_10393,"""If you never finish such stories, how can they be worth publishing?""",2.5,3.25,3.5,2.8,3.2,3.2,5.27114356318649,2.90242270614871,3.942194164718459,4,2,3,1.0343575472849145e-08,7.15426168951172,5.502921262361518,6.460647432160501,8,6,7,9.610511850362348e-08,4.009645220499124,3.3810266730591874,3.888020145307637,4,3,4,9.164271577350357e-08
The_Black_Willow_11438_11482,"Tell them, and they will create an audience.",3.0,3.0,3.33,3.2,3.0,3.0,7.02591952193668,6.247559532888396,7.143880382805732,8,6,7,2.244553748525775e-08,7.773110549252115,6.0794826349922655,6.978194383867002,8,6,7,1.735406760629842e-08,6.48444325035293,6.212660342021763,7.1015686860900855,8,6,7,7.078057545179212e-09
The_Black_Willow_11664_11745,"He contemplated a story, an outline he had laboriously constructed some time ago.",3.0,2.83,3.17,3.0,3.0,2.8,6.162182799350218,3.775428727275722,2.949638716416958,8,4,2,4.940020337021704e-08,6.95900021077916,4.676707383975021,3.869209168273321,8,6,7,7.494901446781863e-08,4.5423106131052045,3.9572213925380337,3.0202969949695992,1,3,2,1.9889457945231881e-07
The_Black_Willow_13821_13952,"""Then why,"" Arthur barreled on, ""do you disregard them all and return to this superstitious babble, this morbid, paganistic drivel?",2.17,3.17,3.17,2.4,3.4,3.0,6.352959935200153,6.226673886307687,7.4619855447203225,7,6,8,1.532708279905165e-10,7.467612969753109,6.3043275935414345,7.428093422156946,7,6,8,6.15395445591992e-11,6.759961239834056,6.5771032032437375,7.729845477638484,9,7,8,1.0458290684074162e-10
The_Black_Willow_14415_14498,"""Its twigs rap constantly against the wall, the wind always demanding my attention.",2.6,3.0,2.6,3.0,2.75,3.25,6.075861154191285,5.8641653184869895,4.9719743668074905,8,6,7,7.306925747099299e-09,7.237370061604944,6.0337047856571395,5.857440762783634,8,6,7,1.4298299698644514e-09,4.588249061177788,5.974380186549386,6.587960976229854,4,6,7,1.5967983441121235e-08
The_Black_Willow_15195_15207,"""Very well,""",3.0,2.8,3.0,3.0,2.4,3.6,6.737954331488265,3.134104024245387,3.2686268527769275,4,2,3,8.571747513228242e-09,7.698596861010924,3.8931119541681243,3.1112114968607605,8,4,2,4.28168326165885e-09,4.965635066454348,2.3863414839246095,1.9596823384802178,1,2,1,1.9374057879697383e-08
The_Black_Willow_15385_15444,"With that, he tossed the papers at Allan and left the room.",2.2,3.6,3.0,2.4,3.4,3.0,4.164151017845926,2.3226951072739705,2.356738694076747,4,2,1,5.212783093135382e-08,6.087687803352253,3.754307447599122,2.371384910181454,4,2,1,2.5558469867289128e-08,3.453096501702046,2.8267930391172125,2.693463468629579,4,2,3,1.2363844802813369e-06
The_Black_Willow_16382_16489,"""you don't think it's a waste of ink and paper, a futile expedition into morbidity or literary debauchery?""",2.2,3.2,3.2,2.6,3.4,3.2,7.640642001513084,5.498719400191183,6.641587296712925,8,6,7,8.58444181965747e-08,7.512648291085348,5.579840362500217,6.1103843088679035,8,6,7,2.6401429013833557e-08,7.569425029579185,5.600767221359453,6.692911931642238,9,6,7,2.633904723522284e-06
The_Black_Willow_22975_23330,"Collapsing at its base, Allan wrapped his arms around the stoic tree and let forth a moan, a cry of purest agony that escaped him as the first tears seeped from the corners of his eyes and slid down his cheeks, falling to the ground and seeping though the fallen leaves and needles to join the water of the stream, flowing through the ground beneath them.",1.8,3.0,2.0,2.2,3.8,2.6,5.485508134114493,6.332618965612811,3.708796595080193,4,7,2,2.513829808114184e-11,7.5092793884211355,6.6624015823239455,5.370909540633035,8,7,6,1.2812736004184523e-12,4.515318070434746,6.335899040187646,4.627025319759683,4,7,6,1.708542107184222e-11
The_Black_Willow_2435_2562,"The great, jaundiced eye stared down unblinkingly at the author, who gazed up through his window's tiny frame with trepidation.",2.2,3.4,2.6,2.8,3.2,2.8,4.742753982587315,3.4363898228591645,3.989006000124453,4,3,4,1.4315490562620476e-08,7.330177231502093,5.382048603576969,6.190413186851276,8,6,7,6.330576599382348e-08,4.3527545245129655,3.6430566266027524,4.860104705605651,4,3,5,1.953081010456162e-06
The_Black_Willow_3255_3339,"His breath returning to its normal rhythms, he dared to look at the page before him.",3.0,2.8,2.6,3.0,3.4,2.8,7.565190612332548,6.393160068213552,6.092793694483062,8,7,6,3.986827630389659e-08,7.6737279489392725,5.749710115111289,6.492561934369081,8,6,7,9.275156379437496e-08,6.1942548908598525,5.3949333429716795,5.374399726964358,8,6,7,5.592560220562327e-07
The_Black_Willow_4206_4282,A magnificent glow infused the carriage as they merged with the sky's glory.,3.4,3.0,3.2,4.0,3.6,3.4,7.9083796807522235,6.893237861046115,6.044376671664361,8,7,6,2.5421943769863948e-11,7.8031805414773325,6.442862814634786,6.334517491645492,8,6,7,1.8204498115914487e-10,7.693724517938119,6.81790365282931,6.07162934631872,8,7,6,2.8479591705501726e-10
The_Black_Willow_4918_4960,Allan took a sandwich between his fingers.,3.0,2.4,2.8,3.0,2.6,3.0,3.28642734918333,2.4010871865806673,2.1840368317741574,4,2,3,2.3831528033645733e-09,6.511772627569547,3.271384875299226,2.3153199299094576,8,4,2,5.514180553081023e-09,1.844620531162732,2.268360662603988,2.106775617851715,1,2,1,5.6023738835816e-09
The_Black_Willow_5705_5821,"""I'm not familiar with Mr. Poe's works, but I assume you're referring to your unhealthy penchant for the fantastic.""",3.0,3.0,3.0,2.8,3.0,3.2,5.323355972484417,3.326651291096077,3.298006641417556,4,2,1,4.423538526340362e-08,7.5471614366350055,5.276725427850442,5.3466848560203735,8,6,7,4.191505359669095e-07,2.9699294404238428,2.4835842878896996,1.8934864022756885,4,2,1,4.332915617336063e-07
The_Black_Willow_6044_6066,"""How perfectly awful.""",2.4,3.4,3.2,2.0,3.0,2.6,5.838085168950349,4.217193035146889,5.075335529168207,4,2,3,1.0717311049473648e-05,7.517211985926952,5.798619133786761,6.684567337374959,8,6,7,3.144575599386984e-06,5.194756659458513,3.6526715626540653,4.670552718825357,4,2,3,2.0880823247417966e-05
The_Black_Willow_6437_6555,"""Perhaps you could make some headway if you denied your darker side the outlet of the colorful metaphors you so enjoy.",2.8,3.0,3.0,2.4,3.4,3.2,7.012496205966291,5.964052284292461,6.981334880930756,8,6,7,5.0984569824112945e-08,7.691562736972439,6.005003917666636,7.002463582695422,8,6,7,5.681144513412537e-09,4.872150238860852,5.484488609473119,6.474812455517996,8,6,7,5.518193352863708e-06
The_Black_Willow_6754_6832,"There simply is no audience for fairy tales – no literate audience, at least.""",2.5,3.0,3.5,2.4,3.0,2.6,5.128731289441062,2.1013354930603727,3.9115839311683667,4,2,3,2.2851747434541345e-09,6.9661342515169355,3.3175419931294097,6.647716802214934,8,4,7,9.129583950505345e-09,3.1642233785217995,2.02185221686841,3.396960489555071,4,2,3,7.465251212293125e-09
The_Black_Willow_7792_7862,He scratched the back of his dark-haloed head and blinked bleary eyes.,2.67,3.0,3.0,3.0,3.0,3.33,4.557937563602307,2.466554950715159,1.9678939391353123,4,2,1,7.611399995008413e-09,6.355511555858773,3.7955639087100486,2.3099611132089777,8,4,2,7.568084336527781e-08,3.1238138458272737,2.6223920362480477,2.204816888685691,1,2,2,6.774036748156312e-08
The_Black_Willow_7951_8011,"""Perhaps you require a rest from writing,"" suggested Arthur.",2.8,3.0,3.4,2.6,2.6,3.0,5.171146025654233,3.261111737826371,4.273223528339527,4,2,3,2.8613679632252815e-08,7.24956100007363,4.035861191347961,4.829495965865147,4,2,3,5.4683036898320957e-08,3.3636206139643465,2.5260751214129917,3.052138786731846,4,2,3,1.0514137668049087e-07
The_Black_Willow_8708_8717,"""Nathan?""",3.0,3.4,2.8,3.0,3.2,3.2,4.225116224283174,2.1901690665997746,1.285294263746695,4,2,1,3.449759827341183e-09,6.319742730471786,3.0588519125393354,1.9241383592555719,4,2,1,2.4120703358561752e-09,2.7988648341500197,2.0788495482576903,1.1776597624765222,1,2,1,1.2571432746070337e-08
The_Black_Willow_8763_8866,The reply came from above him and Allan turned to see his friend reclining in the fork of a great tree.,3.2,3.6,3.2,3.2,3.0,2.8,3.7064699791776556,3.5120778402345065,2.8544971712283833,1,2,2,1.5464214344764242e-06,6.844873695688213,5.119739159196941,3.386957774041547,8,6,4,4.39250196911404e-07,2.4287130198400955,3.0477203678696396,2.4086231025791602,1,2,2,6.67599748739471e-06
The_Black_Willow_9621_9627,Ended!,3.5,3.0,3.0,3.5,3.5,3.5,4.575089472296035,2.444114424809029,1.5662596488549478,4,2,1,1.4087771004525715e-09,7.421448323228743,3.9452911822324315,2.5938742081613664,8,4,2,7.600163700309479e-10,2.796504435027205,2.301684300881564,1.6446515922174958,1,2,1,2.5536626001519027e-08
Tupelo-Honey-Cafe_2019_2117,"Either way, it's nice to see a restaurant built on ethics that also happens to be incredibly busy.",3.33,3.0,3.0,3.8,3.2,3.4,6.916623295581332,6.039874337627833,6.879610242637941,8,6,7,3.858507775714021e-08,7.540998346594054,6.037284779778602,6.731025619916285,8,6,7,4.370570462134187e-09,7.309802921099638,6.095125916132402,6.879777173805714,8,6,7,5.915109251947258e-08
Tupelo-Honey-Cafe_3796_3853,"Next stop: sunny Tennessee, where I get down on The Farm.",3.4,3.0,3.0,3.0,3.0,3.0,6.725435516392847,6.0971379546804645,4.209908928330747,8,6,7,1.5333147595918086e-09,7.719537575999503,6.208243841504129,4.101685247207576,8,6,4,4.967990125352011e-10,5.958748605903715,6.694330558992287,4.628494785643699,9,7,6,1.521080696633363e-09
Tupelo-Honey-Cafe_4_104,"Noshin' at the Tupelo Honey Cafe | Plus, how to get great service in busy restaurants 23 Mar., 2010",3.4,3.4,3.0,3.0,3.0,3.0,3.5512351601693783,3.509337882667074,3.6086241970041693,1,2,2,6.615174476684441e-07,6.300125612513498,5.367080628984609,5.8722625965455135,8,6,7,4.2894366567992503e-07,2.4501351458826663,4.342643163293131,4.393321177637517,1,4,3,2.29312121563244e-07
Uprooted_Bike_139_226,"Come back Friday to read about anarchy, bike jousting, and two-wheeled social protest .",3.2,2.8,3.6,2.8,3.0,3.2,6.933170797178909,6.333890667259414,5.751247658632262,8,6,7,8.183181652237513e-10,7.41525643481587,6.287001897145966,6.278764686997019,8,6,7,1.5976355434215715e-09,6.080793361555293,6.448541705191887,5.695090105046109,8,7,6,2.5090713310394536e-09
Uprooted_Bike_3598_3669,"And as we left at the end of the workshop, a woman walked up to Andrew.",3.0,3.2,3.2,3.2,3.2,3.0,5.536423913311641,3.8897954357988684,2.2406369951519505,4,3,2,1.0788884571042517e-07,7.055713580188928,4.597998514871412,2.3746723359528374,8,4,2,1.3421985380152728e-07,3.1645972549206003,3.4716981163445766,1.9162163472393268,1,2,1,6.055860055397101e-07
Uprooted_Bike_5169_5242,"On vacation, rent a bike instead of a scooter (or, God forbid, a Segway).",3.0,3.0,3.5,3.0,3.2,3.2,5.9933835860292515,4.7651615941486964,3.2718091310503876,8,6,7,1.3684913696674155e-07,7.587665038218463,5.60092656740537,4.927253906912272,8,6,7,1.8512589100978166e-07,5.058243898579828,4.722227087888083,2.8925838755229627,4,4,2,2.3747576798445208e-07
Uprooted_Bike_5558_5700,"Bike clubs tend to be pretty anarchic, but if you look around your community you'll find both bike riders and shop owners who ride for change.",3.2,2.8,3.0,3.0,3.0,3.0,6.394516847813316,6.09213591614432,5.874839072941843,8,6,7,2.7173212358603074e-08,6.97077695851911,6.005305077470875,6.184663178869914,8,6,7,3.312266364235595e-08,5.342963030426319,5.817038648038636,5.595698449748694,8,6,7,6.801927435833445e-07
Uprooted_Bike_5730_5745,Start your own!,3.2,3.8,3.6,2.6,3.4,3.2,7.697916014974906,6.5331042153366745,6.683384943936082,8,7,6,6.443358094498068e-09,7.94056877453826,6.081149258543586,6.803363924510053,8,6,7,4.210228787682999e-08,7.823944575538254,6.492211776814443,6.574973774136801,8,7,6,6.7711332402957985e-09
Uprooted_Bike_6076_6115,"Tried/shared/re-tweeted, with pleasure!",4.0,4.0,3.2,3.8,3.8,3.0,8.470155354026666,6.961866281467861,7.229160762060751,9,7,8,5.049586241868654e-10,8.472721023823935,6.953108096696885,6.7645946149466045,8,7,6,1.9122626965466068e-11,8.858999393037585,6.9672378155979935,7.620269440462506,9,7,8,1.8537339082526722e-10
Uprooted_Bike_6244_6277,Bike rescue is not just for kids.,3.0,3.0,3.2,3.2,3.4,3.4,7.206406924536889,6.033569034108678,6.247112311149879,8,6,7,1.084962215776359e-08,7.619815557375043,5.803244500277698,6.71574156851757,8,6,7,1.6473315556798157e-07,6.490488828378901,5.736596903678762,6.132252665021166,8,6,7,2.146604703062511e-07
Uprooted_Bike_6687_6744,Fall is exactly 79% more tingly when experienced by bike.,2.6,2.8,3.6,3.2,3.0,3.0,7.01825619053063,6.789599020961415,5.6356532745143735,9,7,6,3.814588104893087e-09,7.287278652280455,6.318226340452149,6.439560504453833,8,6,7,1.2810790599146916e-08,6.703011864979476,6.887488045059769,6.92050724004052,9,7,8,4.6883443268858755e-09
Uprooted_Farming-on-Sand_1219_1303,The hard truth: The soil of North Truro is not strong enough to support agriculture.,2.8,3.0,3.2,2.5,3.0,3.0,4.758513602861479,2.3367462478029983,3.636608339557803,4,2,3,1.0622719242838035e-09,7.277785640175605,4.081040605487001,6.392894365061294,8,4,7,4.242618247134604e-10,2.493225261999826,2.0671983846953963,3.2677212152409747,1,2,3,7.47942636181567e-09
Uprooted_Farming-on-Sand_1755_1796,It's always been this way in North Truro.,3.0,3.0,2.8,3.0,2.6,3.0,3.8105290864100168,2.1566134154600825,3.19659390618872,4,2,3,1.5003168605800428e-08,6.510618241811935,3.1314816401190098,4.87828286239058,4,2,3,1.6986303007977315e-08,2.017354051312334,2.07138887171177,3.1000724429015034,1,2,3,5.513393574849632e-08
Uprooted_Farming-on-Sand_1913_2066,"There used to be a local tradition in this area: at each spring tide , the local community would head out to the bogs and marshes to harvest the grasses.",3.0,3.33,3.0,3.4,3.0,3.0,5.174172906583981,3.561652961779234,3.762388461418592,1,2,3,1.2577698084303571e-08,7.413118674405213,4.7819720658235,6.084519390867221,8,6,7,1.5643388333491424e-08,3.001576761289381,3.3835243930571526,4.460497239285057,1,2,3,4.7227402609682807e-07
Uprooted_Farming-on-Sand_2067_2103,"This was called ""salt marsh haying"".",3.0,2.67,3.0,3.0,3.0,3.0,4.46550966998694,2.5066670369882615,2.763800155565188,4,2,3,6.262942527174573e-09,6.544036405653413,3.5588352864688124,2.5998689368007337,8,4,2,2.5304779106652932e-08,3.634277360841386,2.509428026748501,2.7325365876997294,4,2,3,1.0730189772135781e-08
Uprooted_Farming-on-Sand_2792_2871,"It worked -- but it cost money, and it disappeared fast into the hungry ground.",3.0,3.0,2.75,2.8,2.8,2.6,4.864779460006775,3.472022126256794,3.1264224090802957,4,2,3,7.65108131131235e-08,6.709680898741086,4.995626001821993,4.955574101919171,8,6,7,9.548628156812408e-08,3.505717550775127,3.677860810081873,2.820828451242281,4,3,2,4.6658778798365975e-07
Uprooted_Farming-on-Sand_3877_3895,"Well, not exactly.",2.8,2.8,3.0,3.0,3.4,3.0,3.0930961966383954,2.1208983371087196,1.8672822852487925,1,2,1,1.348746880142567e-09,4.84799643033491,2.5284084518480068,2.7105082207088698,4,2,3,3.820065328385968e-09,2.0177631433825933,2.063377658954566,1.4361074795053668,1,2,1,9.503837956208245e-10
Uprooted_Farming-on-Sand_4001_4092,"Hence the Ag Fair, and the ongoing experimentation with varieties and soils at First Light.",3.0,3.0,3.0,3.0,3.2,2.8,6.120235777874553,4.522410306049837,3.9090687408922844,8,6,7,2.0968514408959874e-06,6.815776169482994,4.731952612303903,4.544463897425025,8,6,7,1.2001192758504148e-06,5.089936036797881,4.480307661365783,3.647900966833251,4,3,2,5.795793332029365e-06
Uprooted_Farming-on-Sand_4575_4627,"After all, what's the point of farming on the beach?",3.0,3.0,3.0,2.8,2.8,3.2,3.876474430451677,2.066698175560749,1.1569640740467535,4,2,1,8.805812950125275e-10,6.14711766556666,3.12299177498825,1.6778866914820338,4,2,1,5.359527855271039e-09,2.69096777316568,2.036584354092987,1.417677605052802,4,2,1,4.471836011649946e-10
Uprooted_Farming-on-Sand_4903_4921,would be heathier.,3.4,2.8,3.0,3.0,3.0,3.0,5.326383984420148,3.5007688964521724,3.584273810841254,1,2,1,4.719115199883888e-08,7.899744180780224,5.387467673489812,6.742708768773526,8,6,7,1.197173144113901e-07,5.6335854073948015,4.674575131110197,4.800160393814378,9,6,7,4.444336342863934e-06
Uprooted_Farming-on-Sand_4_95,"Farming on Sand: The trouble with ""eating local"" on Cape Cod | Uprooted, an eco/travel blog",2.8,3.0,3.0,3.0,3.0,3.0,7.51439793560486,5.729296402967801,6.112596330788185,8,6,7,1.514590233034811e-07,7.693126931239822,5.690070802817878,6.389578997083126,8,6,7,1.997385294099962e-07,6.7523277473056815,5.623183561579123,5.868185274351944,9,6,7,5.00332422619512e-07
WhatToHongKong_10204_10277,Department stores sell all sorts of intriguing kitchen equipment.,3.0,3.2,3.0,3.2,2.8,3.0,4.813419555187742,2.431589598343713,2.551457627865164,4,2,3,6.096304193970452e-09,7.123689707037049,3.702657300532953,2.964780307223111,8,4,2,3.3412243032146095e-08,3.4002115206401067,2.3815908146702256,2.5127477955570083,4,2,3,1.527407521187926e-08
WhatToHongKong_10354_10413,Locally made items do not live up to their European models.,3.0,3.0,3.4,3.0,3.0,3.2,4.486658669415873,2.4684794398272065,2.9423369281659997,4,2,3,5.533294182194055e-09,6.52509422391949,3.750530051132313,3.7012251292851976,4,2,3,9.726064660319718e-08,3.278473114459701,2.1796321707780963,2.9130379516693092,4,2,3,8.262781613026231e-09
WhatToHongKong_1436_1546,The only holiday on which all commerce comes to a halt is the Chinese New Year in January or February.,3.0,3.0,3.0,3.0,2.6,3.0,3.87372938046897,2.9628797086185985,3.911009958474759,1,2,3,1.2589111427764432e-09,6.607262286068961,4.575266278180285,6.266580216724505,8,4,7,7.031858789216558e-08,2.0573434174081657,2.9924424113687986,4.261178933445526,1,2,3,2.550021472614375e-08
WhatToHongKong_15014_15152,"Other centers for concerts, plays, and entertainment are Sha Tin Town Hall and Tsuen Wan Town Hall in the New Territories.",3.0,3.0,3.0,3.0,3.0,3.0,2.1195818609490527,2.274656812538106,2.939345221203932,1,2,3,2.5922244409689096e-09,5.581907805498026,3.376261336928618,4.790449681888413,8,4,7,3.674230365175903e-08,2.0342716376548142,2.6881469671779707,3.586790494948171,1,2,3,1.6295384055055595e-07
WhatToHongKong_16276_16282,Dance.,3.6,3.4,3.0,3.4,3.2,3.2,6.414512924809763,5.660303223522394,3.0990324999760848,8,6,3,5.918312997370018e-08,7.5723360283941945,5.051233887614143,2.9937594302771955,8,6,3,6.9282987306687545e-09,7.064380319654004,6.537592284210643,3.9342526861537563,8,7,6,9.994787187293243e-10
WhatToHongKong_18863_18992,"Soho, along with the Lan Kwai Fong area, is popular with chuppies (Hong Kong yuppies) and has a lively bar scene.",3.0,3.0,3.0,3.4,3.2,3.0,4.375829616319921,5.7708679557794,3.8105580868595665,4,6,3,1.4328258108745098e-08,6.212383929411027,6.049821083084106,5.260076840428942,8,6,7,1.1537375936421269e-08,3.978568753714125,6.101916461933983,5.5500006135789315,4,6,7,4.476902282165931e-09
WhatToHongKong_19819_19827,Beaches.,3.0,2.2,3.0,3.75,3.25,3.5,5.860668394552971,3.5684184773057988,2.7085193789292035,4,2,3,1.8605026701400113e-09,7.211767224363793,3.752004681462294,2.54605291587989,8,4,2,9.672752249373034e-10,4.359902354614288,3.0379037842296484,2.747375444656803,4,2,3,2.9666555945717406e-09
WhatToHongKong_20665_20834,"The Discovery Bay Golf Club on Lantau island (Tel. 2987 7273) has an 18-hole Robert Trent Jones Jr. course, open to visitors Monday, Tuesday, and Friday.",3.2,3.2,3.2,3.0,3.0,3.0,4.399593873427428,3.5056523225416782,3.93834752202011,4,4,3,1.128491668270046e-07,5.884521234387888,4.357254721974644,4.726419362363028,8,6,7,2.5043220594717295e-07,3.712806326222236,4.090425835259817,4.29249005212374,4,4,3,1.1081041833637435e-06
WhatToHongKong_21826_21969,"Because of the heavy harbor traffic, only sailors licensed by the Hong Kong authorities can run pleasure boats in local waters.",3.0,3.0,3.0,3.0,3.0,3.0,3.7803375522885023,2.542605729736007,3.374640487098623,4,2,3,3.7230848320401936e-09,6.652956919319048,4.988590979667846,5.46527639342853,8,6,7,9.066688268080424e-08,2.472828938111445,2.6659599690642106,2.8743240944150594,1,2,3,2.7739420774071054e-08
WhatToHongKong_23026_23139,The Rugby Sevens sees teams come together from all over the world for 15 matches in March or early April.,3.2,3.2,3.0,3.33,2.33,3.0,4.594565130034033,4.715301529862312,3.8811695654739133,8,6,7,5.702343390159884e-07,6.682275019720119,5.703403657622611,5.361637256228084,8,6,7,1.57621169057121e-07,3.78052518790499,5.378815399045592,4.989797227752016,4,6,7,1.8538790923501345e-07
WhatToHongKong_23799_23891,Hong Kong’s state-of-the-art interactive museums will interest children of all ages.,3.0,2.8,3.0,4.0,3.6,3.4,6.0879478491825605,4.434351716816126,5.4343863406764985,8,6,7,2.208307351913886e-07,7.325464794297773,5.171945539774088,6.593149166888774,8,6,7,3.1528334652512044e-06,4.30812663997689,3.8074038060448103,4.906960576617315,4,3,5,1.9477629091766282e-06
WhatToHongKong_3191_3232,Many stores will pack and ship purchases.,3.2,3.2,3.2,3.6,3.4,3.2,3.858642480861481,2.351090286742308,3.030948123542011,4,2,3,3.660771728037272e-09,6.6758603707220665,3.5211162419194943,4.9102058385116,4,2,3,2.07811416470156e-08,3.146474995712759,2.628449465348483,3.3009577122803258,4,2,3,2.5340458931348843e-07
WhatToHongKong_4424_4512,"In addition, most top-line hotels have upscale malls full of designer boutiques.",3.2,3.2,3.2,3.0,3.0,3.0,5.421313767459224,5.669195327628032,5.662134601903348,8,6,7,2.2664579392239632e-07,6.497246495461535,5.982615853025014,6.44563347570051,8,6,7,1.0019538555187709e-07,4.023330778864878,5.722354480350134,5.931214992553489,4,7,6,7.744159452967747e-07
WhatToHongKong_4521_4537,Factory Outlets.,3.0,3.0,3.0,3.2,2.4,2.8,5.542066704281585,4.330233534778522,3.6838938630861544,4,2,3,6.536855044035195e-08,7.2902931828398305,5.1885388522639815,4.009659868022275,8,6,7,4.450758162146684e-08,3.823940728027727,4.042303081381131,2.897479978215844,4,2,3,6.821529413861684e-08
WhatToHongKong_503_601,"Specialty goods and souvenirs, often handmade, come from Hong Kong and elsewhere in China.",2.8,2.4,3.4,3.2,3.2,3.2,4.22937783332293,2.7990546074490137,2.7511073778203583,1,2,2,3.940816517827851e-09,6.779419553543647,3.851406278547612,5.075383498982419,8,4,7,5.69945272772459e-08,2.475775453941999,2.5656053277900863,3.0165805378827684,1,2,3,3.429658605363252e-08
WhatToHongKong_8769_8911,The choice ranges from traditional hand-carved Chinese rosewood furniture to well-made reproductions of modern Western styles.,3.0,3.0,3.2,3.2,3.2,3.2,4.949279457841549,3.8514665690261483,4.641492246301871,8,6,7,9.196992541284763e-08,7.060291496849638,5.195614850994206,6.222763585981966,8,6,7,5.573120680860986e-07,3.078974320433845,3.450738705187423,3.9005924196870994,1,2,3,8.998717036510334e-07
WhatToHongKong_8912_8947,Rattan furniture is highly popular.,2.8,2.4,3.2,3.2,3.2,3.4,5.783194673378853,3.396274740579254,4.590286031886404,4,2,3,3.351329807101723e-08,7.64763889770643,4.877593220646303,6.70636477638074,8,6,7,8.710827231248433e-08,6.558555141304427,4.257394804995242,5.494356270665568,9,6,7,1.3352973862649819e-07
WhatToHongKong_9759_9843,"You can buy gemstones loose or set, or have them made up to your own design.",3.2,3.0,3.2,3.25,2.5,3.0,6.306219303258709,5.375166981908617,5.3155210852462815,8,6,7,8.952661177296544e-08,7.06968184041888,5.465355446025178,6.093258739784784,8,6,7,5.313726018642542e-07,4.569119923601483,5.426374880490685,4.706327572890699,8,6,7,3.351550664127538e-07
WhereToHongKong_10916_11084,"Just to the east of the financial district, Wan Chai was once an area of sleazy clubs and topless bars; this was the setting for The World of Suzy Wong.",2.5,3.25,3.5,2.8,3.0,2.8,3.8668128864024878,3.509007333077557,2.824727442515207,1,2,2,6.613110017128224e-08,6.356971642109011,5.072588508813588,3.21146774617833,8,6,4,6.173707765024868e-07,2.9726971806151443,4.800067825983642,3.489542386414594,1,3,2,4.4016196148720574e-07
WhereToHongKong_11220_11380,"There are still bars and clubs here, but the area has become almost mainstream, and office towers are replacing many of the sinful old premises.",3.25,2.75,3.5,2.8,2.8,3.2,6.606087994854045,5.3702061561335634,6.368665749650952,8,6,7,2.7298970731669254e-06,7.339385801048129,5.753785374559581,6.927472973003627,8,6,7,3.587093405263175e-07,5.057700415664817,5.10271872062831,6.63656131738813,4,5,7,3.6109894369771847e-06
WhereToHongKong_13840_13950,Originally the temple was on the shore but reclamation projects have now left it high and dry.,2.8,3.4,3.0,3.0,3.0,3.2,3.4442793608877014,2.507181211151197,2.2151276884278723,1,2,2,5.979563468616791e-09,6.508706467720547,3.930347592844743,2.651589779241279,8,4,2,7.291042091124171e-08,2.1578980755339523,2.4363280718820013,2.4313334532161326,1,2,2,3.12669411089683e-08
WhereToHongKong_16190_16287,Aberdeen’s theatrical floating restaurants have been a tourist attraction for many years.,3.2,3.2,3.0,3.0,2.67,3.0,4.757015700011625,2.6907302550484826,3.280519382729235,1,2,3,1.7365249690290452e-09,6.697112496650665,3.4771325582987362,4.941490022073739,8,4,7,4.4065311683884645e-09,1.7326958789578302,2.165140752427445,3.0701957063785734,1,2,3,1.7572896574133311e-09
WhereToHongKong_16288_16382,"The food may not live up to expectations, but the fantasy environment makes up for it.",3.0,3.2,3.2,3.2,3.0,3.2,6.657393540778751,5.669165649537257,5.381068211088657,8,6,7,7.549929927489562e-08,7.171557705528983,5.5743719792815485,5.737726866425763,8,6,7,8.255777410696347e-08,5.203592805004251,5.703927193614732,5.4166244398738135,4,6,5,1.7663509560251947e-06
WhereToHongKong_16383_16595,"If you can get up early enough, you can attend the pre-dawn auction held at the vast local wholesale fish market; otherwise, have a look at the street market that goes on later in the day.",3.2,3.2,3.0,3.2,3.2,3.2,5.211821733397733,4.654032795560873,4.2377506249392365,8,6,7,5.236207028178606e-07,7.091172993799979,5.676045548344561,6.34809071296928,8,6,7,3.553048813223967e-07,3.502771022739919,4.909472090620634,4.606490343846985,8,6,7,1.2552137634858675e-06
WhereToHongKong_1968_2039,"Just east of the Star Ferry terminal, you’ll come to City Hall.",3.0,3.0,3.0,2.8,3.0,3.0,5.197979184225002,3.1372081330346964,3.335041040088311,4,2,3,6.3231357876404055e-09,6.545665329150328,3.5949446360089894,4.195029119225979,4,2,3,6.133234138385578e-09,3.21859124272046,2.6519491840510225,3.2716038788241284,4,2,3,2.0081914461098243e-08
WhereToHongKong_20599_20763,It contains the Xubaizhi collection of painting and calligraphy; galleries devoted to antiquities and ceramics; and a gallery of modern Chinese art.,3.2,2.8,3.2,3.0,3.2,3.0,6.00657958381326,5.184263874076967,5.475756400626118,8,6,7,2.2390622346238796e-07,6.713820573547515,5.727051187131875,6.447605148285811,8,6,7,1.1801708719097992e-07,4.400118453749596,4.747844766423841,5.104526591571511,9,6,7,9.67914147316004e-07
WhereToHongKong_2121_2310,"Go through the underground walkway to Statue Square; on the east side of the square is the Legislative Council Building, one of the few colonial buildings left in Hong Kong.",3.0,3.0,3.0,3.0,2.8,3.0,3.0743230012941245,2.79645794599689,3.724890335011062,1,2,3,1.0075908685416105e-07,5.872535407573419,4.593063344833684,5.507036789996841,8,6,7,1.1694939054068168e-06,1.8903595809853402,2.6901540911695316,3.870834063120828,1,2,3,1.8409341234484013e-06
WhereToHongKong_21565_21714,"Just across Salisbury Road from the cultural center is the historic Peninsula Hotel, now expanded and modernized by a 32-story tower.",3.0,2.6,3.0,3.2,3.2,3.2,4.648453591115492,3.7812312506678065,4.860018510644423,1,2,3,9.572491857454141e-08,7.116787447849247,5.290187016557819,6.436572873880735,8,6,7,9.61114117101e-07,3.151303267319034,3.7018324707032617,5.082492808461399,1,3,4,3.0166089417053144e-06
WhereToHongKong_21837_21966,"Alongside the hotel runs busy Nathan Road, Hong Kong’s fabled shopping street, lined with shops, hotels, and restaurants.",3.2,3.2,3.2,3.2,2.8,2.8,4.708362108412872,4.164010460210871,4.699748503112414,8,6,7,1.7448802176713407e-06,6.865213724690337,5.1994229683616,5.877654004010048,8,6,7,6.476283164565365e-07,3.01671823442173,4.553120009004265,5.317798932915412,4,6,7,9.494481670813658e-07
WhereToHongKong_22333_22552,"A few blocks up Nathan Road is Kowloon Park (open daily 6am–midnight), elegantly laid out with fountains, promenades, and ornamental gardens; be sure to go up the steps to see the Sculpture Walk.",3.2,3.0,2.8,3.2,3.2,3.4,5.863789707604289,4.528622432787786,5.769412431615855,8,6,7,2.4171470592298897e-07,6.734928137995704,5.192957744019162,6.204058619117109,8,6,7,1.5429671852561482e-06,5.094168581443779,4.65539264696309,5.967783661064946,8,6,7,3.42808172011871e-06
WhereToHongKong_24623_24676,Hong Kong’s New Territories begin at Boundary Street.,3.0,3.0,3.2,3.0,3.0,3.0,4.840308813035997,2.856205848306493,2.773892387713187,4,2,3,2.5898853199942154e-09,6.984538150365484,4.006356808640724,3.7213374050737955,8,4,2,9.427587366198809e-09,2.797663520902399,2.5682629833069917,2.9902553673271646,1,2,3,7.037378197598347e-09
WhereToHongKong_2484_2559,"Despite protests by preservationists, there was little alternative.",2.6,3.2,2.6,2.8,2.8,2.6,4.210011054691664,2.2432726649869545,3.4491334257611532,4,2,3,2.6410719805505652e-08,6.591264917976364,3.5654327607740646,5.491022419320393,8,4,7,1.1325131615299454e-08,3.3138719895705027,2.2320272818435383,3.4072799667665614,4,2,3,2.000380587258144e-07
WhereToHongKong_25510_25680,"North of the town, a commanding view over all the New Territories to the north can be seen from Tai Mo Shan, Hong Kong’s highest peak at 957 m (3,140 ft).",3.0,2.8,3.0,3.2,3.2,3.2,5.837139497268161,5.857504967445974,6.163090826747611,8,7,7,3.266130767341843e-08,7.413122071373131,6.299645621293396,6.854568293631052,8,6,7,1.2711318358710123e-08,3.9485071542644166,5.191840217202132,6.940717078400864,9,7,8,4.214770558533533e-09
WhereToHongKong_25866_25994,"Place names are often based on the distance to the nearest mile-post, as measured from the tip of the Kowloon peninsula.",3.0,3.0,3.33,3.0,2.8,3.0,3.149933201093771,2.4906871382246702,3.4759759003814885,1,2,3,1.9934157975302105e-10,6.533456219603818,4.226613445700215,5.633789257715211,8,6,7,6.652086477940568e-09,2.303021836259355,2.5296633918119853,3.598550551573094,1,2,3,5.774634917544491e-09
WhereToHongKong_26220_26504,"The lookout point at Lok Ma Chau was once known as Hong Kong’s “window on China” — in the years of China’s isolation from the West, tourists would come to the lookout point here and rent binoculars in order to get a glimpse of the great mystery beyond.",3.0,3.0,2.8,3.0,2.6,3.0,5.518781091177762,4.85463274116208,5.342900118513127,8,6,7,7.63900980455054e-07,6.882438494676169,5.6737125445801375,6.701266829674564,8,6,7,9.30194795241175e-07,3.598424761933882,4.641041945586684,5.258582665622698,4,6,7,2.175975524723627e-06
WhereToHongKong_27216_27393,"An even more interesting image out of Chinese history is the walled village of Kat Hing Wai, in the village of Kam Tin just outside the market town of Yuen Long.",3.0,2.83,3.0,3.4,2.8,3.4,4.099502272972009,3.092252726811902,2.9829660586354727,1,2,2,6.191198011712269e-08,6.814220240629007,4.93620956955845,5.121838385509314,8,6,7,3.999919897530602e-07,2.4536243564845286,2.965698754628309,3.42549797048986,1,2,3,3.6051366525194317e-07
WhereToHongKong_28269_28382,"Another such hall, belonging to the Liu Clan, is Liu Man Shek Tong in the village of Sheung Shui.",3.0,3.0,3.0,3.0,3.0,3.0,4.185966076403352,3.5024001994073632,3.4688739433990583,4,3,2,3.2227155327960066e-07,6.263841440538371,4.656609517261097,4.024833677443986,8,6,7,3.32230334411744e-07,1.8582892581740935,2.6459391241262717,2.961890200220488,1,2,3,4.548078446529638e-07
WhereToHongKong_28862_29109,"The traditional Qing Dyna­sty style of the mansion is enlivened by a few West­ern touches: a Baroque-style ceiling and stained glass above the doorways, showing the builder’s up-to-date attitude at the time of construction.",3.33,2.67,3.0,3.0,3.0,3.0,6.552234514588924,6.081220066338177,6.075741839949748,8,6,7,3.803158146922446e-10,6.93860844471032,5.965598105260688,6.2386421847969595,8,6,7,3.7787050471045855e-09,5.316105561293954,5.858870923402691,6.077531108424238,4,7,6,9.794483491127064e-09
WhereToHongKong_30964_31094,"There is a total of 12,800 Buddha statues here, plus the remains of the monastery’s founder embalmed in gold leaf.",3.0,2.67,3.33,3.2,3.0,3.0,3.137112513940103,4.210837832244906,3.4188297272399284,1,2,2,2.335899629248298e-08,5.7369347146645175,5.333623297098953,4.954907256799848,8,6,7,3.961316458601287e-08,2.3326833488773504,4.296277411151766,3.9035718984274492,1,3,2,6.270090654438501e-08
WhereToHongKong_31893_32129,Legend has it that a local woman climbed the hill every day to watch for her husband returning from across the sea; one day the wife and her child were turned to stone as a permanent symbol of her enduring faith.,2.8,2.8,3.0,3.0,3.0,3.0,6.958495810880847,4.9060150302022265,6.034455091109981,8,6,7,4.917699972476842e-10,7.621439358882637,5.995129922911999,6.984809242331859,8,6,7,1.348181674566481e-11,5.326933704312674,4.7267983395855175,5.5135553739540235,1,4,3,1.8329191095381287e-07
WhereToHongKong_34140_34230,"The statue and a small museum are on a peak, up 268 steps, above Po Lin Monastery.",3.0,3.0,3.0,3.2,2.8,3.0,4.896087457728361,4.524389668649588,4.986186665049198,4,4,3,4.2307381028989437e-07,6.815355507861996,5.298870021891063,6.1499372456648835,8,6,7,1.4674517289602154e-07,3.8969546973737046,5.150178786121504,5.999741262460645,4,6,7,4.584663055802714e-06
WhereToHongKong_34231_34333,"The monastery is strictly vegetarian, and visitors are warned not to bring any meat with them.",3.0,3.0,3.2,2.8,3.4,3.0,5.309602056947776,3.368148135702273,2.7884241396931384,8,4,2,3.77656408602465e-09,7.451930857716747,5.114614129783341,5.599228739030973,8,6,7,3.295265563670653e-07,3.5454156168600175,3.078184748633225,2.758920758754427,1,3,2,5.264420958562912e-08
WhereToHongKong_34892_35053,"The island’s largest community is Tai O. The people of this picturesque village make their living by fishing, duck-breeding, and food-processing.",3.0,2.67,2.83,3.2,3.0,3.2,5.002564457928375,3.2689843848283733,2.221654383514485,1,2,1,1.4314854549982396e-08,7.24404711659004,4.680099010481481,4.0864546074201265,8,6,7,2.8002461355025492e-08,2.5526119667539104,2.814677351656176,2.403998807055017,1,2,2,1.8613436066202324e-07
WhereToHongKong_35502_35611,"Some 10 km (6 miles) west of Hong Kong lies this small, crowded island, only one square mile in size.",3.0,2.6,3.2,3.0,3.2,3.0,3.353978690582858,3.5840466371960567,2.648727610409792,1,2,3,1.3618686833896284e-07,5.373024204217027,4.915515536341193,2.9533955044483378,8,6,3,1.1798455845124386e-07,2.6616041102804724,4.6338885236755605,4.01503371019234,1,4,3,3.8530670745291685e-07
WhereToHongKong_38680_38957,"Col­­o­n­na­­ded public buildings, iron balconies, winding streets, flagstoned squares and the many churches all speak of the Portuguese inheritance as well as the Chinese, a fusion of East and West that has produced the unique Macanese culture.",3.0,3.2,3.2,3.4,3.2,3.2,6.856379589386643,5.777202902440419,6.71218669836895,8,6,7,3.5104994731953285e-08,7.44281793097314,6.008033863333784,6.9669995481227005,8,6,7,5.3625035307779425e-09,4.9479511775290135,5.624024508726018,6.959437968593398,9,6,7,1.3653668784274382e-09
WhereToHongKong_41923_41976,Jetfoils leave every 15 to 30 minutes 24 hours a day.,3.0,3.0,3.0,3.2,3.4,3.4,5.161200783799672,5.348351760565626,5.513816184086675,4,6,7,1.3054932157789917e-06,7.044628007392027,5.542479163990837,6.546794082104726,8,6,7,2.62978487759768e-06,4.1721752168175215,5.867440138252186,6.796990671504579,4,6,7,5.004282778547098e-06
WhereToHongKong_4254_4431,"The park’s 10.5 hectares (25 acres) of landscaped gardens and lakes contains a large greenhouse that holds many species of plants, and an aviary of exotic birds.",3.0,2.6,3.0,3.4,2.4,3.0,5.10864077035526,4.7064312089923686,3.480158544939772,8,6,7,1.185900908904603e-07,7.059949354561969,5.656632542541965,4.32710043803118,8,6,7,3.3413293724172546e-08,2.801318701818647,4.092225573439983,2.8645473600293907,1,2,3,4.175730561373729e-07
WhereToHongKong_43831_43907,"Along this elegant avenue is Government House, a modest pink palace.",3.0,2.8,2.8,3.0,2.6,2.8,4.171549914717776,2.4150727505830307,2.8263200799168158,4,2,3,3.7407100763778935e-09,5.8871086972293165,3.129327435507095,2.488637152050056,4,2,3,2.251025549952527e-08,3.082535150548322,2.3412642394742065,2.9718465211915484,4,2,3,1.2938232517654004e-08
WhereToHongKong_44176_44257,On the inside walls are flowered blue tiles (azulejos) and coats of arms.,3.0,2.4,2.8,3.0,3.0,3.0,6.259021804925357,4.600304954259867,5.6925977574739886,8,6,7,2.8043217022683554e-07,7.435876326601616,4.9535082153832635,6.511625583273342,8,6,7,8.802534811243758e-07,4.274067651364733,4.1477266637216115,5.181728048525274,8,6,7,3.6960443681586364e-06
WhereToHongKong_4509_4677,"It’s in Hong Kong’s oldest colonial building, with exhibits describing the history of tea from the Warring States period (475–221 b.c. ) to the present.",3.0,2.8,2.6,3.4,3.0,3.2,3.6568359145663716,3.225036882327588,3.458168131529456,1,2,2,4.596462341893068e-08,6.630223058231239,5.184928012447223,6.17717783140473,8,6,7,4.993278782455228e-07,1.5741822300331783,2.779636039071435,3.359538810337917,1,2,3,7.576405208009152e-08
WhereToHongKong_46046_46222,"Local legend claims that he wrote part of his great saga, Os Lusíadas, in what is now called the Camões Grotto, situated in the spacious tropical Camões Garden.",3.0,3.0,3.0,3.0,2.6,3.0,6.756894394903811,5.622954137411837,6.720579282742888,8,6,7,1.0758042047879031e-07,7.401904534025836,5.938742567113836,7.03327597107625,8,6,7,3.270893682033226e-08,4.394776106569395,5.165856202196008,6.634564847021502,9,6,7,2.225326935570749e-08
WhereToHongKong_50843_51043,Watch the fantan dealer for a few minutes and you’ll almost be an expert: It’s simply a matter of how many odd buttons are left after he has divided a pile of them into groups of four.,3.0,2.67,3.0,2.67,2.33,3.67,4.577216662499429,2.8166261282516007,3.79943705883823,4,2,3,4.272847757532561e-08,5.829609651116168,4.5823188771200964,4.740996875805296,8,6,7,1.3145123954149982e-07,4.008504751432939,3.491730864345147,4.456838518754105,4,3,4,5.949362911127754e-06
WhereToHongKong_52878_52997,Gourmets award Macau high marks for dependable Chinese cooking with an exotic bonus: Portuguese food and wines.,3.5,3.25,3.25,3.2,3.2,3.0,6.6902241833400655,5.650275206000406,6.09104914866654,8,6,7,3.4318320222244425e-07,7.252329613414036,5.894726727866807,6.55451139233867,8,6,7,1.451937684669424e-07,5.684886424661549,5.825080975104662,6.2190550290368485,8,6,7,2.6723956161014356e-07
WhereToHongKong_52998_53130,"Macau’s own cuisine is a combination of Chinese flavors with the flavors imported from Portugal, Brazil, and Africa.",3.0,3.6,3.0,3.0,3.0,3.0,5.123423878299149,3.7606651174466683,4.859788316811686,8,6,7,2.7774437656513757e-07,6.6661919907210185,4.940018962022451,6.099681975156478,8,6,7,2.3534579242864782e-06,3.6087839823487102,3.555578956468972,4.697903698700486,1,2,3,1.0907325145814286e-05
WhereToHongKong_54544_54674,"Pay a visit to the Casa Museu da Taipa, and you’ll be able to get a glimpse of how Macanese families lived in former days.",3.0,2.8,3.0,3.75,3.0,3.75,5.702603408111916,4.1924552271848095,4.8428909217196345,8,6,7,7.726303680920458e-08,7.4414478423235435,5.195453186686252,6.534692027834147,8,6,7,4.964449276093772e-07,3.771274974328419,4.082537367590069,4.2810819916641485,4,4,3,9.79261114577487e-07
WhereToHongKong_55494_55728,"The small Chapel of St. Francis Xavier is dedicated to the 16th-century patron saint of missionaries, and has on display the elbow of the saint, along with the bones of numerous Japanese and Vietnamese martyrs.",3.0,3.0,3.0,3.2,3.2,3.0,4.255974807761836,3.5043643592010874,3.822866337974091,1,2,2,5.0025487193311725e-08,6.637087383331319,5.763232334653454,6.502082180305543,8,6,7,1.41479677486917e-07,2.2106104088629346,2.8327761282667545,3.540516013765024,1,2,3,8.161553805656422e-07
WhereToHongKong_57323_57452,"Guangzhou is interestingly one of China’s most prosperous cities, determinedly on the move into the modern world.",3.2,3.2,3.4,3.4,3.0,3.0,6.638494720728645,5.295920884977989,5.4477297387046715,8,6,7,4.470825883051822e-07,7.2553842587839705,5.77830858418078,6.275108310229295,8,6,7,2.013457748655534e-07,6.019315331990601,5.205506565873331,5.275425538250581,8,6,7,6.303681635051013e-07
WhereToHongKong_57644_57775,"There are many package tours to Guangzhou from Hong Kong (see page 113), and this may be the easiest way to visit the city.",3.0,3.0,3.0,3.2,3.4,3.2,6.62996874614902,5.323847908594276,5.761803592795568,8,6,7,1.84038573972942e-06,7.659404952599506,5.795700424812616,6.725005315255568,8,6,7,1.0176062763287099e-06,5.810716523198385,5.5628977680088045,5.912330708093121,9,6,7,3.7902530942885746e-06
WhereToHongKong_59081_59100,Sights in Guangzhou,3.0,2.2,3.0,3.2,3.0,2.8,6.5862381213863195,5.747279883784717,5.38261635552821,8,6,7,1.37792596258265e-08,7.617552361914416,5.750617031253956,6.130570264049405,8,6,7,1.324186602138737e-08,4.672697374069306,5.452938114465357,4.841901682432415,8,6,7,1.0851521203770565e-08
WhereToHongKong_59407_59513,"Actually a five-story pavilion on a hilltop, it contains a fine collection of historical exhibits.",3.0,3.0,3.2,3.2,3.2,3.4,5.807461015282837,3.444827986774635,4.783427346686713,4,2,3,1.7468764638100965e-08,6.8914303392659235,4.295966926612989,5.882682124399135,8,4,7,1.4551509226023119e-07,4.008619603602905,3.0175957398395115,3.995553876992381,4,2,3,9.848309145024308e-08
WhereToHongKong_61362_61491,"An architectural wonder, it is itself a beautiful piece of craftsmanship with its sculpture and carved stone balustrades.",4.0,3.8,3.4,3.33,3.0,4.0,7.055671911248074,5.04635966980807,6.272282061837327,8,6,7,9.936951011134315e-08,7.346970351178607,5.159173743473985,6.443945965618316,8,6,7,1.5042512243281546e-07,6.716452114859949,4.752261248407116,6.014796250858899,9,6,7,3.2131766722319003e-07
WhereToHongKong_61686_61738,There is also a market and a porcelain shop.,3.2,2.8,2.8,3.2,3.0,3.0,4.171431467536735,2.459982362757372,1.5739908598169294,4,2,1,1.3243180982410745e-08,6.062099710475607,3.7548334255764027,2.082583957443017,8,4,2,1.1565275240442197e-07,3.1627188151854084,2.9887984391458304,2.0233046223379305,4,3,2,5.028801446501953e-07
WhereToHongKong_61932_62092,"Mao Zedong himself directed the institute in 1926, and gave lectures on geography, rural education, and “The Problem of the Chinese Peasantry. ”",3.0,2.6,3.0,3.0,3.0,3.0,4.347936749935985,4.10869892157756,5.058166692451945,1,2,3,2.7556124137256804e-07,6.7384016568176435,5.39096310503106,6.562139499072315,8,6,7,2.5612175691647625e-06,1.9195849494689703,3.6766816031713967,5.082099076283368,1,3,6,1.1103054325708892e-07
WhereToHongKong_63764_64071,"The individual artisans’ shops are no longer here, but you can visit a silk-weaving factory, a ceramics plant, and the Foshan Folk Art Studio, where you can observe workers making Chinese lanterns, carving sculptures, painting scrolls, and cutting intricate designs in paper.",3.0,2.8,2.8,3.2,2.6,3.6,5.442829452106071,5.2165918209930595,5.801156705309517,8,6,7,7.680210857071604e-09,6.946793497329686,5.946693750499252,6.775575011621225,8,6,7,9.216202642234786e-09,2.6199155650630255,4.553779932689336,5.1883405036588375,1,4,3,7.496086455554349e-09
WhereToHongKong_64653_64702,Shenzhen was China’s first Special Economic Zone.,3.25,3.25,3.75,3.0,2.8,3.0,3.6825947872586324,2.5029824997369245,2.8841143225649417,4,2,3,9.912616573141186e-10,6.858160387493168,3.658745997102394,5.600585515089446,8,4,7,2.661205885994139e-09,1.6914972297665396,2.1966968107632505,3.2057126534379616,1,2,3,9.982811741167737e-09
WhereToHongKong_65512_65641,"Visitors need a visa to enter China, and must disembark at the border (now called “boundary”) checkpoint, Lo Wai.",3.0,2.4,2.8,3.0,2.8,3.0,3.9471309218790003,2.882424287543657,3.7370068649874604,4,2,3,1.1026142698732172e-08,6.649689519984578,4.825087634320795,5.834733335852021,8,6,7,1.7527884710760415e-07,3.071496620431448,3.0835433412567395,4.031089016697864,1,2,3,1.5284862331721225e-07
WhereToHongKong_66821_66912,"In Shekou is a large Free Market, and an exhibition of Xian’s terra-cotta warriors.",3.33,2.33,3.67,3.2,2.8,3.0,4.354086740794797,4.0337785586901385,2.2571238777016607,4,3,2,5.691763005352227e-07,6.393653674017777,5.227577012680375,2.7989197958527976,8,6,4,5.483479509054109e-07,2.3334001478600097,3.53274940968888,2.08860353996442,1,3,2,7.288486787387133e-07
WhereToHongKong_8362_8485,"You’ll find herb and medicine shops, incense shops, chop makers’ shops (makers of Chinese seals), and more.",3.0,2.8,3.0,3.2,3.4,3.0,5.587291330148207,4.708605745044175,4.8646306225381055,8,6,7,8.557025094072061e-07,6.860854476897966,5.140442150993124,5.143911189420263,8,6,7,8.088863706194381e-07,3.594785519465065,4.613515053492937,4.180463293586337,1,3,2,5.4541964189491e-07
alumnifund1_462_479,Dear Ms. LastName,3.0,3.33,3.0,3.2,2.8,3.0,6.297946275314288,4.530331192044138,5.381422778735535,8,6,7,1.59393020637133e-08,7.284754394053334,5.248710487199066,5.961713433021569,8,6,7,2.722235602301624e-08,5.899649470607443,5.43613317478937,4.3760978020759715,8,6,7,1.9873645982006482e-08
anth_essay_4_11260_11357,This question of identity as defined by language manifests differently in Guatemala and Colombia.,3.0,3.0,3.0,3.0,3.0,3.0,5.305919783021263,3.56126809470202,4.281675720911153,4,2,3,8.600463787866599e-08,6.793825826954109,4.786822861536521,5.878127684908777,8,6,7,6.746022743604675e-07,3.6306224750348965,3.338854588334501,3.8589225424567557,1,2,3,1.0921381641517144e-06
anth_essay_4_132_239,Indigenous Revitalization Movements of Latin America: The Rediscovery of Language and Identity,3.2,3.0,2.8,3.0,2.8,3.0,7.331514010982506,6.327032988952019,6.394393473224773,8,6,7,5.295469300586282e-11,7.493180094260645,6.046481219814449,6.92188387519821,7,6,7,1.7532701813724364e-09,6.27555804644647,6.661346308514128,6.374387015635828,4,7,6,9.425737731470087e-10
anth_essay_4_15818_16017,"In addition, there exists a complex relationship between what are perceived as different levels of indigenous identity; the Nasa, for example, divide themselves into the traditional, modern, and new.",3.0,3.0,3.5,3.0,2.6,3.0,5.993484136755686,5.092624581075636,5.429230490455115,8,6,7,1.7604911783753661e-06,7.1963311092663425,5.745221742060921,6.6192348237077985,8,6,7,4.454031006728773e-07,5.042660111727059,5.094672849505878,5.869878304995927,9,6,7,5.577715757858144e-06
anth_essay_4_16916_17130,"The ONIC of Colombia lacks legitimacy precisely because it is perceived as not “Indian enough”; it embraces the use of Spanish and Western discourse, leading to distrust among indigenous peoples (Jackson 2002: 85).",2.8,3.0,3.0,2.6,3.2,2.6,2.867218744811204,2.5032093281991585,3.0244124065689686,1,2,1,1.1897645249408814e-07,5.887873032049715,4.751682884329561,6.328381952116652,9,6,7,2.100068531179894e-05,2.017172287476198,2.5023158353584343,4.8264313647818495,1,2,3,1.547708965770581e-06
anth_essay_4_1705_1964,"Their struggle to attain status in societies still bearing the marks of Spanish colonialism is deeply tied to their struggle to reaffirm the nature of their “indigenous identity”, and is in turn linked to the interaction of Spanish and their native languages.",3.0,3.0,3.0,3.0,3.2,3.0,6.076726347207073,5.358240336378918,5.655662830570979,8,6,7,1.8538242299650122e-08,7.4405109350991685,6.053059576296253,6.8349162601442215,8,6,7,1.239734296314068e-08,3.672740802219084,4.953254945477422,5.5165848501144215,1,4,3,1.9278353376349307e-08
anth_essay_4_17428_17710,The Colombian constitution is problematic in that it provides little guide as to what exactly forms an indigenous group; the concept of culture is so complex and divergent that establishing self-determination in the eyes of the Colombian government requires emphasizing differences.,3.0,3.0,3.0,3.0,2.8,3.2,4.832665981110285,3.9574074007376163,4.144410831171509,4,4,3,2.852735057704022e-06,6.70386496570792,5.700676950810427,6.693980292497823,8,6,7,4.748903234510193e-06,3.3049716486444365,3.9022848275780113,4.667603057931318,4,4,3,9.654497955098431e-06
anth_essay_4_18008_18264,"An emphasis on preserving, rather than practicing, native culture arises: indigenous authenticity is maintained by sustaining knowledge of traditional practices and beliefs without fully embracing them on a day-to-day basis (Gow and Rappaport 2002: 66-67).",3.0,3.0,3.0,3.0,3.0,3.33,4.134122922424502,4.273314366001323,5.268241485429022,8,6,7,2.868321842096885e-06,6.8185943183582465,5.6248345260405905,6.857055689031686,8,6,7,2.6086418970976986e-06,1.8542106481828133,4.075856294625129,5.122592978796353,1,4,3,6.265784920109703e-06
anth_essay_4_252_389,"Humans, in the process of defining themselves, look to immediately recognizable factors in order to differentiate themselves from others.",3.0,3.0,3.25,2.8,3.4,3.2,4.738708209378834,2.8714789899717124,2.2992559016488867,4,2,3,2.4166614891939064e-08,7.103593086717207,4.5988554792247545,2.9988089195255485,8,4,2,4.450481735507528e-08,3.28848453063883,2.7809834731428755,2.4052666618737772,1,2,2,2.1356982117862997e-07
anth_essay_4_2541_2819,"In reality land ownership rights were the exclusive right of the Spanish, resulting in modern-day malappropriation of land ownership in the hands of the descendants of the Spanish colonialists (Warren 1978, 7-8). Indigenous peoples are commonly sharecroppers or migrant workers.",2.6,3.2,3.0,3.0,2.6,3.2,3.521189937306443,3.0561826094843436,3.751174203604167,1,2,1,3.0514713585381126e-07,6.187046977206259,5.180780655035861,6.74205889657323,8,6,7,9.413226100353864e-06,2.1772589288536786,4.119702566175753,5.870461058261343,1,4,7,1.4229096764864668e-05
anth_essay_4_6071_6152,It therefore often invokes the banner of indigenous rights in its own discourse .,3.0,2.67,3.17,2.8,2.8,3.2,6.669318174564204,5.233293281902886,5.75761346624156,8,6,7,8.03031313986767e-07,7.48069425260216,5.799901424367986,6.687109075742495,8,6,7,7.453511389308744e-08,6.353221707257509,5.795656102099631,6.498155838468207,9,6,7,1.6628271158214459e-07
anth_essay_4_6385_6632,"A main concern among pan-Mayanists is the reversal of the long-seated inferiority complex of the Mayan people; despite their position as majority within the Guatemalan population, they remain impoverished and marginalized on the fridge of society.",2.5,3.5,3.5,3.0,2.8,2.8,5.014976032537846,3.734158201905645,4.19582940230614,8,6,7,7.965177389140197e-07,6.849576357121855,5.42183704073924,5.465886064984138,8,6,7,1.006293379827555e-06,2.1193389449717763,2.936810213377954,2.865589304472543,1,2,2,2.6191209302116417e-06
anth_essay_4_8985_9168,"While the repartimento was originally used to repress the indigenous groups, it is now used to support them: resguardos, or communally owned plots of land, are granted to communities.",3.6,3.4,3.4,3.33,3.0,3.0,4.481249373978582,4.275500255236126,4.387292383946772,8,6,7,3.4202074702716927e-06,6.979612312756971,5.385412161480085,6.197484542811884,8,6,7,1.5079869899307062e-06,3.0706310700847976,4.41946167618205,4.523330014410741,1,4,3,3.283909397448002e-06
anth_essay_4_9891_10154,Mayans gained formal recognition in 1995 as the majority population in a precursor to the 1996 peace accord; by 1999 its government floated a referendum on an indigenous bill of rights resembling that codified in the Colombian constitution (Warren 2002: 157-158).,3.0,2.8,3.0,3.5,2.5,3.5,5.17188966574923,5.117641760785434,5.013284599182292,8,6,7,8.58364954860044e-08,6.768942126993224,5.941084903177762,6.702260469550013,8,6,7,6.294275379010756e-08,3.760094355528288,5.965314247105806,6.459328798628267,1,6,7,3.6484260752216716e-08
appalachian1_2055_2210,"We’re partnering with agencies and other organizations to introduce inner-city youth to the fun of the outdoors in Boston, Philadelphia, and New York City.",3.2,3.2,3.2,3.4,3.2,3.0,6.028086911427827,5.68215742692576,6.062387264861057,8,6,7,6.18930939629389e-08,7.288247941900595,5.782531685580425,6.696005968354559,8,6,7,4.2433986879616586e-07,4.30630229979767,5.551294612325234,6.034643349532544,4,6,7,2.0978350691057453e-07
appalachian1_2551_2744,"We’re determined to conserve the Northern Forest of Maine, New Hampshire, Vermont and New York, as well as the White and Berkshire ranges, and the countryside surrounding the Appalachian Trail.",2.8,2.6,3.2,3.0,3.0,3.0,6.981660758690802,5.670840028968066,6.148618664275261,8,6,7,3.8293902391444425e-09,7.520536109176149,5.814645943678296,6.653646857217793,8,6,7,3.384515619244084e-08,3.6233384427378983,3.99020368863543,4.393940771344841,1,2,3,2.075601893113104e-07
appalachian1_2745_2874,"We’re working to keep our air clean and healthy, our waterfalls clear, our rivers running free, and recreational activities open.",2.8,2.8,3.4,3.6,3.0,3.0,7.143006088028138,5.725399804970957,6.206007982040514,8,6,7,3.5954620589122876e-07,7.499822405499684,5.499940188356268,6.571368707036898,8,6,7,2.547453546906826e-07,5.156854374677786,5.055185855131724,5.61503457698751,8,6,7,7.254437056257622e-06
appalachian1_325_514,"The Appalachian Mountain Club is looking for men, women, and children who share our love of the outdoors—and our commitment to preserving our region’s natural beauty for future generations.",3.0,3.0,3.0,3.4,3.2,3.2,5.7416446121689955,4.313770830019018,5.173871740633757,8,6,7,1.5316236605775376e-07,7.269926893460884,5.456669620806437,6.429413297784929,8,6,7,7.857259572783145e-07,2.512312656308764,3.146715714746668,3.068299533314118,1,2,2,8.41543527129487e-07
appalachian1_3855_3920,Shouldn’t you learn the art of photographing subtle winter light?,3.0,3.0,2.8,3.2,3.0,3.2,6.215664011730842,5.509381805906943,5.550081851213246,8,6,7,1.6889037529608903e-07,7.124126980895037,5.77478400839627,6.428646774249032,8,6,7,4.5885473028479046e-08,5.008252161690184,5.772634512096891,6.479002473833855,4,6,7,8.541808886414925e-07
appalachian1_4197_4270,We have groups for every level of expertise and programs for all seasons.,3.0,2.6,2.8,3.0,2.6,2.8,7.172280542376548,6.149446216848147,6.777100943081938,8,6,7,2.6569321835979955e-07,7.3235979395974145,6.052416766693944,6.98645743688531,8,6,7,1.9510573439590276e-07,6.4804630420024525,5.920719417854897,6.578959438018695,8,6,7,2.534976382446351e-06
appalachian1_4700_4779,Spend a weekend bushwhacking with map and compass near our Pinkham Notch Lodge.,3.2,2.8,3.2,3.0,2.6,2.6,5.667350621159181,5.462051933146432,4.0320015790580825,8,6,7,2.1096534978572486e-08,6.889399979130112,5.901073632251004,5.612254784404671,8,6,7,5.419371292497575e-09,3.9982153947802517,5.741625328019312,3.294550438641597,4,6,3,1.212536266121542e-08
appalachian1_5301_5353,YOU’LL HAVE THE TIME OF YOUR LIFE—but sign up early!,3.8,3.8,3.8,3.8,3.8,3.6,8.138168952072869,6.873611114732756,7.362971710656763,9,7,8,4.856790942323608e-11,8.132538104634369,6.830137546083027,7.030477494990516,8,7,6,1.7194759794202267e-11,8.400883365843457,6.89691189800921,7.879192651283495,9,7,8,6.627292704773146e-11
appalachian1_6289_6340,Experience the peace and beauty of coastal rhythms.,3.75,3.5,3.0,3.2,3.4,3.2,7.711967011856519,5.642735445209628,6.649045968502735,8,6,7,3.0685142403292e-07,7.786333553239253,5.731022987157088,6.822322824035098,8,6,7,4.0207114260565276e-07,7.241061868066278,5.21280931674154,6.345329376076332,9,6,7,2.9694274222190178e-06
appalachian1_7079_7236,"Chapter leaders arrange hiking and bicycling trips and teach the basics of cross-country skiing, whitewater and flatwater canoeing, and other outdoor skills.",3.0,3.0,3.0,3.0,3.0,3.0,5.487673872182467,5.908900101548466,5.2090633480758735,8,6,7,5.400281808200901e-08,6.702608363524314,5.951067556222198,6.205607224001953,8,6,7,1.666941361465406e-07,3.4265472236563284,5.771443295772276,5.736041188530228,4,6,7,9.795700509687507e-08
appalachian1_747_771,Our roots are in hiking.,3.0,3.0,3.0,3.0,3.2,3.0,6.42474809009771,4.58356185931498,4.942655165797516,8,6,7,2.3381385810423288e-07,7.631338908460982,4.511282048434898,5.704624080363929,8,4,7,4.2804053241107496e-08,5.21995351271595,4.34241528806969,4.2935357566832995,8,6,7,2.8985399290279213e-06
appalachian1_7779_7901,We’ll tell you where to go for outdoor fun and keep you informed of the crucial issues affecting our mountain environment.,3.4,3.4,3.4,3.6,3.4,3.2,5.174323296759339,3.5033422000443615,4.263044997295915,4,2,3,6.382625875413964e-08,7.283104592101018,5.238680046590338,6.148428486601687,8,6,7,3.3350569445187463e-07,3.329606964741387,2.972926410957835,3.7454650226149067,1,2,3,8.718084751744711e-07
aspca1_1035_1134,Please USE them on your correspondence to help get our name in front of as many people as possible.,3.0,3.0,3.2,3.2,3.2,3.6,5.777446195913847,5.651071044795568,6.334923452019421,4,6,7,3.4522600932108875e-07,7.547454846409613,5.974605850720627,7.001351435464983,8,6,7,2.7549159987342382e-08,5.546280372047237,5.999915876631963,6.733093855612296,4,6,7,1.1743000932711288e-07
aspca1_121_211,"424 East 92nd StreetLarry M. HawkNew York, NY 10128President/CEO www.aspca.org",3.0,2.75,3.0,3.0,3.0,3.0,4.547401189848605,4.3679916251536355,5.691036973312173,8,6,7,4.51475596403645e-07,6.6203393187673445,5.549965474757856,6.364445460144818,8,6,7,3.822624199635511e-08,2.718252922187437,4.510591926160709,5.814158455567037,4,6,7,1.1855842034577072e-07
aspca1_284_301,So empty it hurt.,1.67,3.0,2.67,2.2,3.4,2.2,4.888793492111294,3.576217508437662,2.3871450935523733,4,2,1,2.693628646694717e-08,7.640772117313087,5.346797678938461,4.616416798289118,8,6,7,1.738286896132804e-08,4.329150580521855,3.1821537109444344,2.0946683509214896,1,2,2,1.9371109006288105e-08
aspca1_2998_3152,"The ASPCA pushes for the passage and strengthening of anti-cruelty laws, so that crimes against animals will be treated with the seriousness they deserve.",3.5,3.75,3.75,3.33,3.0,3.67,6.75462057152057,5.879249778030087,4.497474803662552,8,6,7,1.3344959986567588e-09,7.523687685994933,6.039900829955716,6.045333640262893,8,6,7,2.0029241570964346e-09,5.1529272976745,6.070844894542379,3.821041454172242,8,6,7,7.568730919328504e-09
att2_1849_1904,Save on calls with the AT&T One Rate Calling Card Plan.,3.2,2.6,2.8,3.0,3.0,3.67,5.719521828459465,5.5521753063385555,6.327957132341553,8,6,7,1.8025899638728105e-07,6.919955027129497,5.669982272944193,6.782817286226514,8,6,7,2.105102812615426e-06,4.59939856224913,5.49614718260676,6.419441097469216,4,6,7,2.154472701567993e-06
att2_2852_2890,AT&Ts surcharge is up tp $30 per call.,2.5,3.0,2.67,2.5,3.5,2.5,4.373255505539649,2.516414408138195,3.530304775327736,4,2,3,3.8760721643204396e-09,6.382476208214391,4.0398527434678515,5.226700755513852,4,2,3,1.276554052735147e-08,3.3650466603828444,2.828252729661745,4.138909430721618,4,2,3,4.541418928638612e-08
audubon1_1518_1623,"You see, the USDA found a loophole allowing these protections to be lifted for “experimental” activities.",2.83,3.0,3.17,2.8,3.0,3.0,4.5231323390262945,3.61253150447575,2.7430937153567885,4,2,3,1.0627932500663113e-07,6.808210273267442,5.1971307926069255,4.290001855019895,8,6,7,4.5639802192546534e-07,3.2280826230451107,3.7306304126434573,2.1841605219902327,4,4,2,7.096261963066344e-07
audubon1_1887_2010,The USDA wants to conduct an “experiment” that will spread enough poison in our environment to kill two million blackbirds.,2.8,3.2,3.0,2.0,3.2,2.8,4.130109186516064,3.6480956961891495,1.2211733884001976,4,2,1,8.446698098755696e-08,6.613628752069744,5.993941740231266,1.8294240992465953,8,6,2,3.805489204341678e-09,2.1897632409251457,2.946772225697903,1.632636182576311,1,3,2,2.928117200868034e-07
audubon1_2313_2422,“YOU WILL NOT CONDUCT MASSIVE BIRD KILLS TO BENEFIT A HANDFUL OF SPECIAL INTERESTS!”,2.25,3.5,3.5,2.6,4.0,4.2,7.6961460734889044,6.172978965599337,7.295553242264841,8,6,7,7.338146682061691e-10,7.924278373631958,6.137925700630512,7.153334646168763,8,6,7,9.293840624157595e-11,5.477929981514027,4.423247490175317,6.419754662881214,9,6,8,9.233620040888412e-07
audubon1_2713_2905,"We’ve noted the presence of 68 other species of grassland songbirds in the proposed poison-baited areas ... including the Bobolink, Grasshopper Sparrow, Harris’ Sparrow and Le Conte’s Sparrow.",3.0,2.8,2.8,3.0,2.8,3.0,4.012921508903434,4.465677278952473,2.4428902915702073,1,2,1,6.219288522461368e-06,5.807958628828299,5.7030101523859145,2.6603500993277547,4,6,2,9.765334046856494e-07,2.3795903346078315,5.012315605173431,2.565331833960279,1,4,2,1.4458105435037335e-06
audubon1_3290_3433,"Here’s what I need you to do, to make sure we prevail: First, I need you to sign and return your Petition to the U.S. Secretary of Agriculture.",3.25,3.25,3.5,3.0,3.5,3.0,4.383064367488122,3.9531487342292686,5.027404541554494,8,6,7,4.525704820692436e-07,7.215155096902677,5.780793786658651,6.662537292829739,8,6,7,6.246657561619656e-08,3.3098547199810806,4.111840337814905,5.389150657031365,1,3,6,1.961586692589514e-06
audubon1_3459_3698,"I’ll forward your Petition, along with those from thousands of other Audubon members and supporters, urging the USDA to withdraw its cruel plan to poison blackbirds ... in favor of alternative, benign methods of protecting sunflower crops.",3.0,3.2,3.0,3.0,3.6,3.0,6.236346800138481,6.27083252186133,2.7739142493452995,7,6,2,7.850550663229867e-11,7.192676272483846,6.183589121962013,5.443076161286433,8,6,7,4.954924592786598e-10,4.019548987992346,6.264766589279338,3.091254707571628,1,6,2,6.60805794521233e-10
audubon1_5423_5459,Audubon rescues endangered wildlife.,3.0,2.6,3.0,3.4,3.0,3.0,5.961766239705597,3.7498610996537245,3.144927900009288,8,6,7,1.8453338197753012e-08,7.600747854906394,5.496127733589794,6.374915695921853,8,6,7,2.5236794982719226e-07,3.8815422265957755,3.051046527159019,1.8967604701615108,4,2,1,5.61023834179048e-08
audubon2_1161_1329,"You’ll once again be enthralled by the striking photography and insightful environmental journalism that makes our exclusive magazine, AUDUBON, a treasure worth saving.",3.2,3.0,3.2,3.33,3.33,3.0,7.812941169610994,6.876075600341773,6.864243369435899,8,7,7,5.121129643280198e-12,7.789207597219217,6.624548838273103,6.966644391263355,8,7,7,1.54693427113829e-10,7.932580490814834,6.899987765405258,7.064912672254284,8,7,7,9.763709467836396e-11
audubon2_2158_2253,I’ve had a look at the magazine’s upcoming subjects and I can tell you the best is yet to come.,3.0,3.0,3.0,3.2,3.2,3.2,8.089610190102855,6.474733749412622,6.59093906179933,8,7,6,1.369025676452192e-09,8.034575770437687,6.271781284984695,6.735391906743625,8,6,7,5.731350251187267e-10,7.964852463824285,6.265980859986568,6.7373324262207905,9,6,7,2.1768054266479077e-08
audubon2_2395_2449,There’s much more to membership than AUDUBON magazine!,3.4,3.8,3.2,3.2,3.4,3.0,7.130090756012816,5.71641909972084,6.440131208775111,8,6,7,2.5475411075925155e-06,7.646550043366307,5.90442867091848,6.761411358804016,8,6,7,3.252946082534078e-07,6.400809960927374,5.541650950478926,6.092891625101239,9,6,7,8.280063612168335e-06
blog-monastery_1722_1858,We discussed the foundations: the Three Turnings of the Wheel of Dharma; the four noble truths; karma; defilements; the six perfections.,3.0,3.0,3.0,2.8,2.6,2.8,4.149137566431499,3.8003059437109776,3.322261113639355,1,2,2,5.019170764561061e-06,5.9666934294190215,5.054374676497103,4.875540239001467,8,6,7,1.0827276845458235e-05,2.8185316980672868,3.414846127533412,3.511423657968285,1,2,3,5.886395582954055e-06
blog-monastery_2251_2297,"Khenpo Kalsang, he smiled, and shook his head.",3.0,3.0,3.0,3.6,3.0,3.2,5.374056863003947,3.2668426463977442,2.804238512531315,4,2,3,5.298104074533264e-09,6.308033045008841,3.659870232051605,2.432303787730861,8,4,2,2.7085913892609753e-08,2.9624386953248925,2.487599967001824,1.9375359071205573,1,2,2,1.0078791620285943e-08
blog-monastery_2337_2381,"""If you feel regret, it destroys the merit.""",3.0,3.0,3.0,2.8,3.2,2.8,6.443946029448023,4.21204325893431,5.951603010619576,8,6,7,6.156521855363884e-09,7.64884722830957,5.4357496363827424,6.736515522065364,8,6,7,3.3791829439074726e-08,4.871692906191195,3.3181248664071123,6.082451456703806,4,2,6,6.84260816767066e-07
blog-monastery_2910_3153,"""study the brain and the self externally. Ever since the 1920s, their science has been about observation of behavior, questionnaires, recordings of electrical brain activity. But the mind can only be known by you, the person whose mind it is.""",3.0,3.0,3.0,3.0,2.8,3.2,4.013461066583078,3.658153447847847,3.882068947681483,1,3,2,6.002483439358228e-09,6.722127040507203,5.489217672363201,6.565369182476418,8,6,7,9.275943476609383e-08,1.9242899676874547,3.3256711410447863,4.8118440345741185,1,3,5,3.7503932084611194e-08
blog-monastery_2952_3084,"Ever since the 1920s, their science has been about observation of behavior, questionnaires, recordings of electrical brain activity.",3.0,3.0,3.4,3.0,3.0,3.0,4.080836950036275,3.115256870049567,2.31735141321614,4,2,3,8.097355000052293e-09,6.5230148485747925,4.371414414373389,3.000722386368442,8,4,2,3.827901477845909e-08,2.65127352856069,3.299065839314817,2.138010639944276,1,3,2,9.03246715593272e-08
blog-monastery_3334_3467,"All three examine the distinction between the self and others, between the observer and the observed, between knowing and the knower.",3.0,3.2,2.8,3.0,2.8,3.0,6.099590486550414,5.756678220156163,5.650507761998519,8,6,7,2.560866813051318e-07,7.079951915017586,5.933234120744341,6.081375043281326,8,6,7,3.4677732921015745e-08,5.310148142033781,5.882141317665495,6.488288409707711,4,6,7,6.783840844153979e-07
blog-monastery_3468_3574,I agree with Ani Kunga to some extent--only so much can be known about the mind from external observation.,3.0,3.2,3.2,3.0,3.0,3.0,4.506581122925063,3.2632110138650647,3.874636772018249,4,2,3,3.4925814376801227e-07,7.029986543992374,4.603918806428163,6.023113932316929,8,6,7,3.670501664321075e-07,2.8254978417372483,3.109404208076928,2.9834934096346633,1,2,2,4.989747449370997e-06
blog-monastery_3690_3772,Tibetan Buddhist philosophy also approaches the mind and the self from the inside.,3.0,2.8,3.0,3.0,2.33,2.83,2.8622088732678233,2.46389055061158,2.4452028213108608,1,2,2,1.5196344951396727e-09,6.31704830087162,3.869264205237105,4.740361187439552,8,4,6,2.5168452516105695e-07,1.9988497177080622,2.3169207265977803,3.1063466007052054,1,2,3,3.224338754743393e-08
blog-monastery_4360_4407,Compassion and anger were the session's topics.,3.0,3.0,3.2,3.0,3.0,3.2,6.158369204743158,5.585868530554469,4.461106583125844,8,6,7,6.665725554192182e-07,7.105237581474029,5.235199282415816,3.683103984910265,8,6,7,1.195851287883956e-06,5.3827489042176015,5.573049377900401,4.433696022718038,8,6,7,1.1940319881104043e-06
blog-monastery_4427_4481,"""If there's something you can do, why are you unhappy?",2.6,3.4,2.6,2.8,3.0,2.8,6.110577847153031,3.9844214290069173,3.0158430883128617,4,2,3,7.718750229037714e-08,7.371178240575766,5.314563825033275,3.411863453977369,8,6,3,3.3376961720460646e-07,4.443640388028671,3.0172573601129598,2.325089371303672,4,2,3,3.5561820062692985e-08
blog-monastery_4708_4822,"All the methods built off the idea that you are in control: anger is an emotion, and you can change your emotions.",3.2,3.2,3.4,3.0,3.0,3.0,5.5236700930398595,5.817968221318296,6.387914778314002,8,6,7,1.5799648236667194e-07,7.51100919975132,6.142829547272264,6.9588598412133305,8,6,7,4.015723809496071e-08,3.2247969784403203,5.579792585537047,6.246483126690121,4,6,7,2.5391205988466115e-07
blog-monastery_570_643,The field work office at my college arranges this retreat every semester.,3.0,3.0,3.0,3.0,3.0,3.0,4.356753909439248,2.5733748328881294,2.5618629529074433,4,2,3,9.836944382324445e-09,6.145077872684948,3.7056238351991238,2.4718228480188644,4,3,2,1.1197187373511723e-07,3.380413226469137,3.1723842036616596,2.343698772809684,4,3,2,2.9625075942587993e-07
cable_spool_fort_2728_2933,"The long blade of the yucca had a sharp tip, but the only weapons allowed according to Humpty Dumpty Nursery rules of engagement were smelly thistles or cocklebur stems covered with spiked yellow stickers.",3.0,2.2,3.2,3.0,3.0,3.33,2.556304686959142,2.143631338759582,1.157825571397134,1,2,1,5.6462840439535125e-09,5.543652673063936,3.5884250974819385,1.7972918700912297,4,2,1,4.6052924362865425e-08,1.8362364021272342,2.3743064957915228,1.5433169846155257,1,2,1,1.1436270843715065e-08
cable_spool_fort_4444_4530,Roy didn't really start talking for days and didn't walk until a long time after that.,3.0,3.0,3.0,3.0,3.25,2.75,3.8601319669398975,2.257768728570529,1.54467152973625,4,2,1,3.136195119860191e-09,6.887646714579146,3.6545523352081375,1.9789477993196156,8,4,2,1.654858830432362e-08,1.6892649350787161,2.116325134229562,1.5826640251463304,1,2,2,1.9159980191077383e-09
cable_spool_fort_6278_6298,I'll make you fight.,2.4,4.0,4.0,2.4,3.6,4.0,7.606116117584808,6.859911955045308,7.5694677619435815,9,7,8,2.257718311145839e-10,7.9437663648805135,6.761687765186048,6.698373742949886,8,7,6,5.36583518069087e-11,5.642594396564524,7.0149726035406,7.887600801675985,9,7,8,6.064258584491996e-11
cable_spool_fort_6705_6709,Roy!,3.0,3.8,3.2,3.6,3.8,3.0,6.351707238536399,6.0169557632924695,5.363230576075719,8,6,7,1.1276323885451914e-09,7.500044827396053,6.00250083280292,5.4085063433194565,8,6,7,3.2059033746356084e-09,5.355874127201286,5.906776508967921,3.8608344873843636,8,6,7,4.164646824932592e-09
cable_spool_fort_8290_8297,You ok?,3.0,3.0,3.0,2.8,3.0,2.8,5.901888899853938,4.7707577320205585,4.513332383061204,8,6,7,1.7178303783361196e-06,7.3033137160849115,5.360198581326247,5.533502964751357,8,6,7,5.496491474132168e-07,5.532694612200634,4.713085834688442,3.6589457829700667,8,6,7,1.6902535509869562e-06
cable_spool_fort_8517_8545,I thought he might stab you.,2.4,3.4,3.4,2.0,3.33,2.67,5.026435078236895,6.046322009630666,3.397251389600875,4,6,2,4.4908813329802515e-09,7.292066037591301,6.059033540857716,3.6432432502480654,8,6,4,1.1369445782833729e-09,4.879432374610159,6.14906373776762,5.328525596667218,4,6,3,1.1645391876877334e-08
cable_spool_fort_8847_8928,Suddenly his blank face seemed like the face of a Play Force Soldier or a GI Joe.,3.0,3.2,3.2,2.6,3.0,3.0,5.360522390623669,4.757569716971345,3.1688887872716434,4,4,2,1.1211843179270927e-06,7.1505067855137145,6.123251234138591,4.654659087957124,7,6,4,2.5336072997285837e-09,4.870466716782389,5.292858379034565,4.3914925502282145,4,5,3,1.3288702846954362e-06
cable_spool_fort_98_103,What?,3.0,3.0,3.0,2.5,2.5,2.5,2.9031664475120573,2.0076892997659885,1.0397024203717666,1,2,1,9.937215608237392e-10,5.36550971067272,2.0104903951484334,1.203446501241391,4,2,1,4.3500193340149454e-10,1.8495590786718799,2.0145128027409447,1.067449653685583,1,2,1,1.3001118303694994e-09
captured_moments_10568_10581,Probably not.,2.8,2.6,3.2,3.0,3.0,3.2,2.8600601070342915,2.0449939282781298,2.428023101747726,1,2,1,1.0929260627912013e-09,4.72766863730903,2.2233724563471253,3.390735812655163,4,2,3,2.2550992213764646e-09,1.6194373424727067,2.017391740583854,1.8042399137743779,1,2,1,1.931502277276498e-09
captured_moments_1515_1625,"When my father died, a year after my mother, my sisters and I cleaned out their apartment.",1.75,2.5,3.5,2.2,3.0,2.8,4.668890122916308,4.281464366967793,3.1622175436399793,4,4,2,1.2944684994442699e-06,7.171918208402473,5.377314093189884,5.715436886098691,8,6,7,5.369255854563129e-07,2.676755721185647,4.200046908648055,2.632599089221563,1,4,2,2.3157099151479497e-06
captured_moments_15904_16123,"They say the cubes will outlast planets and suns, that when the universe dies, the works of Malaquez and his followers will be the last things seen in the final wink of God's eye.",3.0,3.4,3.2,3.0,3.4,3.2,5.981456585693143,5.96839305942022,6.9314465563972725,4,6,7,5.975841831907346e-09,7.047418303138132,6.334484906348696,6.928866162277912,7,6,8,5.774023884755841e-10,4.1530838757188135,5.6474956993923,6.666266562321253,4,6,7,1.9929892262835624e-06
captured_moments_17641_17652,"""My guess.""",3.0,3.0,3.0,3.0,2.8,2.8,3.9800395142825806,2.0169858894143857,2.7921279324755712,4,2,3,2.2792934736459595e-08,6.3566689164608166,2.335364343415155,3.179738292387687,4,2,3,1.7474970487532857e-09,3.9902906173443533,2.2366258930038723,2.1794402203182526,1,2,3,2.6796178949098228e-08
captured_moments_17948_18059,One of the many things I liked about her was that she often thought me shockingly ignorant.,3.6,2.8,3.0,3.5,3.0,3.0,6.262816173788789,5.835637061604339,3.6813021187515336,4,6,2,2.1752494924468332e-08,7.470548528438146,5.909635603363607,4.3608489925478136,8,6,7,2.6684905458441585e-09,4.993935644049969,5.921508205014707,3.746938897825557,4,6,3,4.653814242301193e-08
captured_moments_18078_18093,"""That's, uh...""",3.0,2.6,2.8,3.0,2.67,2.67,4.591530337795884,2.564635984604921,2.31779040383773,4,2,3,1.1087809613853929e-08,6.311494942860696,3.37203830197919,2.560300987852767,4,2,3,1.0821264572432689e-08,3.4641000929754244,2.304094913455847,1.415455598880077,4,2,1,9.32467450929031e-09
captured_moments_18826_18969,"The stars themselves might have fallen on the Undersider and the event would have been no less strange, no less miraculous.",3.0,3.4,3.2,3.0,3.0,3.2,7.475383012826731,6.497026125486298,6.6636804611515785,8,6,7,2.6036180152274053e-09,7.601925818403396,6.320592262932038,6.583423850640868,8,6,7,9.745196588499617e-10,7.54079289518249,6.679485873328202,6.592080534817835,9,7,6,9.612171403151977e-09
captured_moments_19437_19659,"The next evening, she arrived with a stack of glistening stopboxes containing sushi, sashimi, oysters in their shells, and Terran vegetables fresh plucked from their hydroponic beds.",3.5,3.25,3.0,3.4,2.8,3.0,7.0403469708724815,6.445232619266338,5.2350201023453105,8,7,6,2.985209016805339e-11,7.760425065039297,6.388962914878109,4.510398371078154,8,7,6,4.8576398702120194e-11,6.002968099061484,6.332420190013351,5.173629389107847,8,7,6,2.4444012819149547e-10
captured_moments_19798_19823,"He's taking Dream's End.""",3.0,2.8,2.8,3.0,3.0,3.0,6.305459637081601,6.3326738844027695,4.314267108526057,8,6,7,4.2212597768243865e-10,7.513787216732051,6.111108190277645,3.701668264756407,8,6,4,2.4076423470759243e-10,4.1697904302051505,6.406667115656487,3.6987051354805622,4,6,3,1.115850767781259e-09
captured_moments_19940_19976,"You did that to test my affections.""",2.75,3.0,3.25,2.6,3.4,3.0,5.460237996110102,5.943954688326475,4.846382006824902,4,6,3,9.60517400295485e-09,7.534614704970696,6.016114232355255,5.241780748265122,8,6,7,1.475535012482127e-10,4.148649355391672,5.8354310880400675,6.322438587742926,4,6,7,2.516758192848658e-07
captured_moments_20021_20052,"""Calling him by his first name.",3.0,2.8,3.2,3.0,3.0,3.67,6.050725684240271,5.330580386399166,5.305734804916101,8,6,7,2.5592143474797837e-07,7.399819040872208,5.752931621083833,4.107775279976328,8,6,7,9.811108752825882e-08,4.6509994810597,5.031657334380006,4.398952967232072,8,6,7,4.565463764588336e-07
captured_moments_20133_20158,"It was before your time.""",3.0,2.8,3.0,2.8,2.6,3.0,5.503915468983804,2.901937935520019,3.156522497134752,4,2,3,1.0071584313843497e-08,7.819370774453858,4.601885944893436,4.453739876454206,8,6,7,2.3169069269983873e-08,3.5756391482801586,2.5304926364030225,2.3739891146553926,1,2,3,1.9176547854624336e-08
captured_moments_20795_20805,"""Tasha --""",3.0,3.0,3.2,3.0,2.8,3.0,6.0590734483664574,4.220030646378735,3.643471986392863,4,2,3,8.971973274707373e-08,7.194094364145536,4.018824062685287,2.677997685668025,8,4,2,1.8997104261019663e-08,5.222203664491367,4.659838600248087,2.799918047077047,9,6,3,1.9887964324146505e-07
captured_moments_21568_21581,"""Truthfully.""",3.4,3.4,3.4,3.0,2.8,3.0,8.141080913292436,5.983412549753557,6.744187487346587,8,6,7,5.154800990212129e-07,7.943087701740009,5.9519676827213015,6.583478185163241,8,6,7,3.277554861467953e-08,8.573706950411884,6.072808615477665,6.73214107983361,9,6,7,6.636735049265203e-06
captured_moments_22323_22347,"""He may come to dinner?""",3.4,3.4,2.8,3.2,2.8,2.8,4.548154039616825,2.606444950024743,1.727521514469263,4,2,1,6.178496424613472e-09,6.431672176704542,4.009283637008829,2.1807611090575723,8,4,2,4.518314439164086e-08,3.9458748250544278,2.9354625231626463,1.693868893140936,4,2,1,5.577459392795383e-08
captured_moments_2427_2446,Let me begin again.,3.0,3.0,3.0,2.6,2.6,3.0,5.965552209660769,3.849830416397957,4.13883837413313,4,2,3,3.2339005901171966e-08,7.514836834656516,4.499195655727931,4.205217665889891,8,6,7,2.8626377448971057e-08,4.686473236700185,3.8328364336200083,3.494602531029475,1,2,3,4.0904715183947796e-07
captured_moments_24343_24355,"""All of it.""",3.2,3.4,3.2,3.2,3.2,3.2,6.988726390573466,4.956262255700377,6.565593417192243,9,6,7,7.495542303424075e-06,7.744074277185362,5.240707549285898,7.177700799199013,8,6,7,2.8606126259161205e-06,8.080089548780018,6.3231900752816035,7.745309735628638,9,7,8,4.979846523418682e-06
captured_moments_24955_24966,"""So early?""",2.8,3.2,3.0,2.5,3.17,3.17,5.516379647361049,3.1422404099368144,3.1902948261537114,4,2,3,9.168874627288167e-08,7.174131700354357,4.194354794085255,3.616886708771357,8,4,2,1.4789045960668892e-07,4.926019897167857,3.1150775412336857,2.679119060698657,4,2,3,2.3339917114064095e-07
captured_moments_25040_25086,She nodded at the package.,3.0,2.6,3.0,3.4,3.0,3.0,4.23801428925087,2.18058171579313,1.6568671303466544,4,2,1,1.548076149320887e-09,6.887543667083885,2.9971270737507707,2.1585926669704993,8,4,2,1.9898626274982207e-09,2.7352238939817473,2.2737388387705755,1.4163095743307283,1,2,1,9.350170346175438e-09
captured_moments_25336_25454,"I stopped writing, and only the thought that I might miss the mindwipe kept me from another spree.",2.8,2.8,3.0,3.0,3.2,3.2,4.286592841727488,3.349938135179569,3.327844821453092,4,3,2,3.0682503829014235e-08,6.890865158409544,4.821237450505831,5.734621062083691,8,6,7,5.303858725673141e-07,2.6879934314118117,3.3841764884209757,4.266529397382331,1,4,3,2.396172372143377e-07
captured_moments_25936_26048,The side of Malaquez's parcel gave way to reveal a greenmunk caught in a sheen of solid air.,3.0,3.0,2.75,3.0,3.2,3.4,5.10060984053195,4.605112491485449,2.129948171237816,4,4,2,1.4763970185728564e-07,6.9563775888130595,5.96710492404648,2.339938777264689,8,6,2,1.6492144896022548e-09,4.548882903843092,4.8202877671794795,2.3053727791023513,4,4,2,2.8544633999688945e-07
captured_moments_26049_26161,Bits of leaf mold flew from under his feet as he ran to greet a friend or a bringer of food.,3.0,3.0,3.0,3.0,3.2,3.0,6.093496127927542,5.786156662900051,5.741625567651572,8,6,7,2.751972906679652e-07,7.1943840676748145,5.734354370018703,5.490263675706043,8,6,7,5.393456627431552e-08,4.462661634417314,5.334653336578547,5.643912278161568,4,6,7,5.060963660988851e-07
captured_moments_27345_27387,He glanced at me and decided I was joking.,2.8,3.2,3.0,3.4,3.0,3.2,4.042692107003781,2.2456405798777785,2.3617168396543624,4,2,1,4.317080275261805e-08,6.508202066681484,4.124099891013487,2.8999090939224477,8,4,2,8.152546471251914e-08,2.9453492820104996,2.12805481020425,1.8223280078834287,4,2,1,1.5212083900074125e-07
captured_moments_27570_27677,"""But an artist who would stay first among his fellows can tell when he begins to fail.""",3.0,2.8,3.2,2.8,3.0,3.0,6.29317719440715,5.5574145843342775,6.086534454400789,8,6,7,1.827394554630791e-07,7.551443116088159,5.857694194909535,6.503743859885248,8,6,7,1.0519341658487706e-09,4.157621475204531,5.303633632043006,5.67070891677576,4,6,7,3.295340345955427e-06
captured_moments_27771_27804,"""I must change my subject matter.",2.5,3.0,3.17,3.0,3.0,3.2,4.340315962979455,2.7845093646432746,2.6450728312294163,4,2,3,1.93264935713954e-09,7.388220281886225,4.261132811076065,3.0443625642802266,8,4,2,3.085638678963552e-09,2.358288260601819,2.337246761739288,2.1953677421796254,1,2,3,1.4727890807674833e-09
captured_moments_27871_27912,"I want to do more traditional portraits.""",3.0,3.0,3.33,3.0,3.0,3.0,6.67085973648125,3.914320046169562,2.231662872665842,8,4,2,4.845864798866937e-09,7.834456942277017,4.840033170497708,2.9474104641443075,8,4,2,4.527942915718513e-08,4.254228424123801,3.911794669251439,2.1713230009589246,1,3,2,2.6982796124570854e-08
captured_moments_28138_28149,Tasha said.,3.0,3.0,3.0,3.0,2.6,3.0,5.762642285414399,4.267873641806237,3.4579388347431053,8,6,7,6.880897912408926e-08,7.0859103331802205,3.7850110436004267,2.2358692780909215,8,4,2,1.2537271283024608e-08,4.498000175078353,4.84682503393193,3.0867767187885864,4,6,3,4.582975664748236e-07
captured_moments_28187_28199,"""Of course,""",3.4,3.0,3.6,3.2,3.0,3.0,5.659001135514565,2.902502406639119,2.927500139057366,4,2,3,1.590341498731913e-08,7.4017139119566835,3.3206098773097037,3.339706205487446,8,4,2,6.546798676353492e-09,4.407912472033576,2.828455499663223,2.5788404029009384,1,2,1,5.3452302918644836e-08
captured_moments_29345_29398,Then we went out for a late swim.,3.0,3.0,3.0,3.5,2.5,3.0,5.325051189493914,3.72565341103519,2.3914207577425426,4,3,2,5.911926541530222e-08,7.299605307517773,4.575049903392271,2.5633384342827585,8,4,2,1.2540532600895904e-07,3.767924439612872,4.5213076545485364,2.477684214849732,4,6,3,1.4903211001796295e-06
captured_moments_29417_29468,"I had drunk too much, I confess, though we all had.",2.6,3.0,3.0,3.0,3.0,3.0,4.882856845096643,3.957266773203021,2.9528123731532934,4,4,2,1.8693775278828118e-07,7.0510455031962,4.91100401075572,4.198042007305585,8,6,7,1.0864763417797948e-06,3.1517739107134624,4.1735415016197415,2.6012807178462847,1,4,2,3.1306732152633195e-06
captured_moments_29469_29618,"Somehow, Tasha and I began to argue the worth of Solevgrad jazz, as inconsequential a topic as I can imagine.",2.8,3.2,2.8,2.6,3.2,3.0,3.4398137938518225,2.314332187643568,1.7467422436379914,4,2,1,1.4580438164276908e-08,6.135542823520389,3.9035108748772087,3.288114592540103,4,4,2,1.9580435124420211e-07,2.3969462573670817,2.2408869578256945,2.0795855223172794,1,2,2,6.872218127494812e-08
captured_moments_29824_29886,"Malaquez tried to mediate, but I saw him as siding with Tasha.",2.8,3.4,3.2,3.0,2.6,2.6,4.427807226843397,3.3269381181172264,3.305027433222741,4,2,3,2.542912318558886e-06,5.780089886168146,5.398497295322693,3.8225279772804512,4,6,3,1.1116919787845804e-06,3.7500719652087247,4.072545800350702,3.433100778028843,4,4,3,2.861582855551994e-05
captured_moments_30260_30412,") I remember suggesting, with characteristic tact, that she add Emil to her small list of major accomplishments.",3.0,3.0,3.0,3.2,3.2,3.2,4.978412440706753,3.7999976158943904,3.7115974561563463,4,2,3,1.6393090562441585e-06,6.59639132655248,5.620558095791999,5.219479927504635,8,6,7,1.5090041270738275e-06,4.2429147919059105,5.044828708965762,4.8051446935238875,4,6,7,4.212945959572775e-06
captured_moments_30467_30509,"Tasha looked at me as if to say, ""I will.""",3.4,2.8,3.2,3.4,3.4,3.0,7.9533245922694285,6.183444605325278,7.018180279442183,8,6,7,1.7102027133260172e-08,7.912187738176028,6.082324516722672,6.755292977562808,8,6,7,3.242002232243646e-09,7.89794846812137,6.1152376636286885,6.945484416444375,9,6,7,4.91057920799798e-08
captured_moments_32661_32841,"A tall, narrow stopbox stood in the center of one room; sand trickled forever downward while beads of water splashed across the sand's path.",3.0,3.0,3.0,3.0,3.2,3.0,5.539430072779578,4.195820031932508,4.566498070725164,8,6,7,2.144940362548526e-08,7.42509869008921,5.267692010153855,6.209652484009779,8,6,7,2.409834938062248e-08,3.6946603571554553,4.081750583738138,4.478084636748125,4,4,3,5.251713141597522e-06
captured_moments_32963_33044,I only wanted to despise the man who had slept with my lover.,2.5,3.5,3.5,2.0,3.4,2.6,4.3289697172747825,2.1099195208494796,1.1501448243580676,4,2,1,4.721809905808629e-10,6.855361658224762,4.597543391042483,2.043338753395919,7,4,2,1.9930373079775893e-08,3.3699692564269834,2.6360998108192297,1.512843629254262,4,2,1,1.390209652034793e-09
captured_moments_33479_33533,"I didn't anticipate last night --""",3.0,3.4,2.6,3.2,3.0,2.8,4.139624542958401,2.0660813814705343,2.4009051398603516,4,2,3,4.5075772570452534e-09,6.848864267202111,3.3110156625404037,2.6725378541232425,8,4,2,7.125270140960365e-09,1.902947509255347,2.0435942301005032,2.428593220784592,1,2,3,1.6167651834764232e-09
captured_moments_33740_33796,"I waited in the dark, carpeted hall.",2.6,3.4,2.6,2.8,3.0,2.8,4.217237150416443,2.4278891568097256,2.0512892561524394,4,2,1,1.0009330663456066e-09,6.4139631986971795,3.198912552210296,2.0546989584483266,8,4,2,2.3817444251636873e-09,2.805291530472212,2.4556660590218544,2.011391984625204,1,2,2,4.487778138359782e-09
captured_moments_33844_33911,"I heard no voices until Malaquez said, ""Enter.""",2.8,3.0,2.8,3.0,2.8,3.0,5.514040213005984,4.560043518377331,3.349485648028888,8,6,7,2.2835990047790843e-07,6.941232406181717,5.213270809831805,2.8932320881128843,8,6,4,5.974828079053974e-08,3.9351737072020208,4.0214853136343605,2.677565802417104,4,3,2,2.479508700355155e-06
captured_moments_34346_34444,"Though the morning sun shone fully on both of them, it shimmered around Tasha.",3.4,3.2,2.6,3.6,3.0,3.2,4.768157991052346,3.236544765120589,2.185872426762609,4,3,2,1.3348164472474467e-07,6.661382464707776,4.163752952846524,2.4081354780314173,8,4,2,2.2320350350493666e-07,3.2577989377536696,2.984647149914025,2.296274626902343,1,2,2,9.832916864286405e-07
captured_moments_35392_35400,She did!,3.0,3.0,3.6,3.6,3.8,3.2,6.206786306139508,3.72210882709633,3.391662047941318,4,2,1,3.899768641427885e-08,7.605253946746804,5.0143250672649184,4.849667417702056,8,6,7,7.156054504960944e-08,7.3231695552151175,5.285750519572361,5.6908113025565,9,6,7,3.263448840497157e-06
captured_moments_35401_35418,"Now she will be.""",2.8,2.6,3.6,3.0,3.4,3.4,5.858163480675222,3.3544677471190507,4.077735823832348,4,2,3,5.017012435861153e-08,7.627222702362164,4.884289962576674,5.082804134253262,8,6,7,7.98080727955428e-08,4.624414862642906,3.511009321364348,3.4599548002747955,4,2,3,7.206178624817673e-07
captured_moments_37843_37953,Less likely: she would live the rest of her days with a mind as free of worry as a slug's.,3.0,3.0,3.33,3.2,3.0,2.8,6.964857486399807,4.209782705617731,6.155536019131432,8,4,7,2.2029844738243787e-08,6.784635515407605,3.278726119710741,5.010367316599314,8,4,7,1.6468222476517771e-09,4.5596346264877745,3.4101148848103664,4.844157071682121,1,2,3,2.204473834000671e-07
captured_moments_38602_38612,And Tasha?,3.0,3.0,3.0,3.0,2.8,2.8,5.160214068378427,3.604003123085546,3.058665717928749,4,2,3,1.1389330798492899e-07,6.714870550548503,4.504513690974152,3.15005726412558,8,6,7,2.682019967873415e-07,3.745092631202664,3.0687589749514843,1.9630453609380298,4,2,1,1.5782111872936586e-07
captured_moments_38702_38864,"I could say that I chose out of consideration for her desire for fame; some critics already say ""Waking With Tasha"" is Malaquez's finest work.",3.0,3.0,3.2,3.4,3.4,3.2,6.414221386040765,5.806878305690863,5.270546695447917,8,6,7,1.1503072966532961e-07,7.338891237897522,6.024795832197927,5.803185610142181,8,6,7,4.596667037446673e-09,5.819784518546912,6.026541602592505,5.697158579648917,8,6,7,3.226930780010311e-08
captured_moments_4893_5084,"Her brows drew together, creasing the lovely, caramel-colored skin around her eyes and showing the pattern for an old woman's wrinkles on her forehead.",3.2,3.4,3.4,2.8,2.4,2.8,5.381778783032711,3.268942412779569,2.3921699652656816,4,3,2,9.045070979812945e-09,7.4063315064829025,5.546832179853932,3.5649389379663585,8,6,3,6.329397128056115e-08,3.263404509282968,3.05031206428277,2.1971944614387415,4,3,2,8.084958054470122e-09
captured_moments_5390_5400,I laughed.,4.2,3.8,3.4,4.0,3.4,3.2,8.063344536672833,5.500020493865401,3.9492465431381616,8,6,7,3.4851275985026364e-08,8.063166967813263,5.535021238203701,4.017704890283939,8,6,7,2.1781448389358976e-08,8.549098751906495,5.950838143443917,3.8508200997182196,9,6,3,4.993994672041103e-08
captured_moments_5855_5869,"""It amuses me.",3.8,3.4,3.0,3.8,3.4,3.4,8.160377324081173,6.303216336933259,6.56435093642867,8,6,7,4.333758891129081e-08,8.070740768248807,5.951719146061714,6.327985081511252,8,6,7,2.2910670086837288e-08,8.378992095284481,6.3675434931811,6.642544384262458,9,6,7,8.973625499563307e-08
captured_moments_6038_6076,"Call me Bernardo.""",3.17,2.83,3.33,3.5,3.5,2.5,5.399409410693861,3.2296557607187832,2.2920593612073477,4,2,1,3.7049845344368834e-09,7.4995433369683004,4.469029876712634,2.694281899769012,8,4,2,1.7316821950835887e-08,4.015045171535727,3.9614803483536294,2.828803778973741,1,3,2,3.9221736561175946e-07
captured_moments_8185_8287,"Not bad for an eighty-three-year-old, even for one who has his rejuve every month.",3.33,3.0,3.67,3.2,3.0,3.0,4.794600402551383,4.0741353134704585,4.416684247569449,4,4,3,7.001080150731918e-06,6.52858290687564,4.570729591270641,5.153176638474133,7,4,6,1.6877245218006431e-06,4.579995413183355,4.481959442442488,4.1520714444299,4,4,3,4.516606819015852e-05
captured_moments_8946_8952,Three!,3.67,4.0,3.0,3.0,3.25,3.0,5.337043801221876,4.115763136711411,2.519159085838437,9,6,3,2.2189511751107185e-07,6.9835353794366775,4.816828255418828,2.7765885937623387,9,6,3,4.117365693659152e-08,3.7682430664737,3.060805701369765,1.8226106420046833,1,2,1,1.213089618562976e-06
captured_moments_898_1100,"He used it to preserve baby tomatoes, cucumbers, and strawberries in translucent cubes that he stored in the pantry for spring-time meals in the middle of winter.",3.2,3.0,3.0,3.0,2.6,3.0,4.9292701934945775,3.4651201741502184,4.1202072173231805,1,2,3,6.203381839756813e-09,6.826895338211084,4.765927171193438,5.714523155306168,8,6,7,9.896917468516723e-09,2.369780855220615,3.2053888233997263,3.9065750422784267,1,2,3,2.2440607220795143e-07
captured_moments_9540_9621,"The issue of why I am evading the issue, or the issue itself?",2.4,3.2,2.8,3.0,3.0,3.0,4.94462432107758,3.529958965837997,2.1354955276803516,4,2,1,3.276488009327767e-07,6.695548162130196,5.27166830838506,3.3546622623097506,7,4,2,8.209763279720526e-07,3.9339519083230026,4.901949841503344,2.760995615758905,4,6,3,1.6280376601179577e-06
defenders5_1656_2016,"So today, I urge you to do these two things: FIRST: Sign the enclosed Citizens’ Advisory Ballot to show our Alaska allies your strong personal support to reinstate the ban on “same-day airborne land-and-shoot” wolf killing in Alaska; SECOND: Rush an urgent donation to help put this measure on the ballot and win passage in November.",2.8,3.8,3.8,2.8,3.2,3.2,5.033873916756495,6.328805645654086,6.742459173971026,4,7,6,5.399467521245772e-09,6.464708431920361,6.213247980598618,6.981766438040659,8,6,7,2.297998125209692e-09,4.8500925302156075,6.54678157911622,6.904453028538882,1,6,7,1.7202499513753585e-10
defenders5_2026_2143,The Alaska Legislature is completely out of step with the will of Alaska’s citizens and the American public at large.,3.0,2.6,3.0,2.0,3.2,2.6,4.760827013369569,2.927057752538488,6.731129069253619,4,2,7,1.2229083835928275e-10,7.43670550888644,5.394932040837626,7.455325658413754,8,6,7,2.4090903142804385e-10,3.653601967675679,2.7990027125454304,6.0326345570559425,1,2,3,3.5300514198290704e-10
defenders5_2829_2926,"And if history is any guide, over the years thousands of Alaska’s wolves will be brutally killed.",2.6,3.4,2.8,2.6,3.4,2.8,4.22577392764305,2.758711928655978,1.6404292529648183,4,2,1,2.0747113442638673e-08,6.777288739883728,5.06323146524187,3.01979880655086,8,6,4,3.9100326215574535e-07,2.667605494609054,2.691217709040632,2.5623140357313945,1,3,2,9.932220428860229e-08
defenders5_31_47,ALASKA EMERGENCY,2.2,3.6,2.6,1.5,3.5,3.0,5.290333769230357,5.1904663640262845,2.661326296718724,4,6,3,9.155967272818658e-08,6.963529509653251,5.197657610895951,2.916710928446628,7,4,2,1.983241075513515e-07,3.7659482685185166,3.3763068702788956,1.9506399267953314,4,2,1,1.1011592043932541e-07
defenders5_3279_3417,"So if we don’t act right now, Alaska’s snowy tundras will once again become bloody killing fields for wolves in America’s “Last Frontier.”",2.6,2.6,3.2,2.0,3.5,3.0,5.5839343544620945,6.257292426259303,6.535298868490797,8,6,7,7.604111554946215e-11,7.571110697032568,6.489976854271701,6.522017141954794,8,7,6,3.6160337503335185e-11,2.871154537548226,6.256861884376113,6.556738783496744,1,6,7,9.494796793529865e-10
defenders5_4207_4318,Our well-funded opponents will spend whatever it takes to mislead and confuse voters about this ballot measure.,2.6,3.2,3.2,2.0,4.0,2.8,5.815415477927823,4.2209301803311465,6.572917067630664,8,6,7,1.6131370170336401e-06,7.073561583241028,5.936573557603209,7.136185093322081,8,6,7,2.791273515549982e-08,4.99426888714004,5.831551248152945,6.929568454041134,4,6,7,1.6936673514070705e-07
defenders5_4679_4826,And it will be a major setback for wolves nationwide — at a time when the American public overwhelmingly favors wolf reintroduction and protection.,2.8,3.2,3.2,2.17,3.5,2.83,6.142945204664098,5.913460159027465,3.422877756693212,4,6,2,3.0563519950612676e-09,7.075590502060432,5.941181616521819,4.548346725475809,8,6,7,1.142624081380123e-08,4.196250233684116,5.378983360943754,2.713201039009858,4,6,3,3.875000715451295e-07
defenders5_6808_6957,1. SIGN the enclosed Citizens’ Advisory Ballot to show your support for repealing “same-day airborne land-and-shoot” wolf killing in Alaska;,2.5,3.75,3.75,3.0,3.0,3.2,4.984765838521104,5.050041721060591,3.6224931361727735,8,6,7,1.6410114601828304e-08,6.513045148492835,5.991016774695418,4.800254321876786,8,6,7,2.153877802436571e-08,5.4338471070120455,5.743169666431853,4.114511782198909,8,6,7,3.3738204501560686e-08
defenders5_7211_7304,"And then, mail it back to us along with your emergency donation to help save Alaska’s wolves.",3.0,3.0,3.0,3.0,3.2,3.2,5.366195584959021,6.123641052237203,2.7085848825925676,4,6,2,5.532848916142894e-10,7.072579876836542,6.136289155229549,3.7777989215464345,8,6,7,2.1782606486214012e-10,3.580796840947086,5.778768675515245,2.380070332060509,1,6,2,2.9116302413842368e-09
defenders5_7582_7758,"So, please sign the enclosed Citizens’ Advisory Ballot to lend your moral support to our Alaska friends and return it in the enclosed envelope with a special donation.",3.5,2.5,3.0,3.0,2.8,2.8,3.936492625255674,3.1256412986996476,3.768079114890826,4,2,3,5.015993189690166e-07,5.848681501299833,5.033621511212694,5.618386665381024,8,6,7,1.1651289540031587e-06,3.2677448204620254,3.640373578377804,4.227873406705037,1,2,3,8.435435875479662e-06
detroit_10031_10319,"Someone will need to begin by creating an urban ""oasis"" that mitigates some of the fears that you had while driving through the city -- where to buy groceries, a place where you can feel safe on your own front porch, the freedom to sleep soundly without worrying about your copper wiring.",3.2,3.4,3.2,3.0,3.5,2.83,4.329542407745845,5.498524608969124,5.182699284392779,4,7,6,1.5865028472954944e-10,6.654587721614666,6.212616153149185,6.647988851866118,8,6,7,8.933484111340246e-10,2.504309898051484,5.433388623030771,5.13527215979082,1,4,3,8.723018100600708e-10
detroit_10079_10086,"""oasis""",3.4,3.2,3.0,3.6,3.2,3.0,7.554045351654294,6.093917739607295,6.179616524211232,8,6,7,1.7069038737900417e-09,7.765043387797515,5.941745175713227,5.64015677261003,8,6,7,2.2834171039839556e-09,7.567227347499798,6.306017214724992,5.767335356970178,8,6,7,8.336302209272643e-09
detroit_10689_10729,"Raggedy Anarchy 21. Sep, 2009 at 7:21 pm",2.6,3.0,3.0,2.8,3.0,3.0,6.525056895974844,6.190549146551135,4.3909813139739535,8,6,7,8.95170051248091e-09,7.340215877474012,6.036644360496282,3.9052021809136317,7,6,4,1.6917053128419306e-08,5.2708151100960245,5.90952534049647,3.2470954804361263,4,6,3,4.851756789550024e-07
detroit_1102_1251,"Why, out in New Mexico, where you can still buy unincorporated land with no water or roads, you'd pay at least $1,000 for a house-sized plot of dust.",2.8,2.8,3.0,2.6,3.4,3.0,5.455440590991801,4.315377673335844,4.814390777753341,8,6,7,1.2559894340490707e-07,7.213708468638792,5.884027050138994,6.757786326501269,8,6,7,1.2267917425051179e-09,4.033789647639205,4.655179676441388,5.045024360392068,4,4,3,1.115589454289558e-06
detroit_11568_11610,Is this the greatness they built on earth?,3.2,3.2,2.8,3.0,3.2,3.0,6.543980311588956,4.966124768094803,3.8946335608922915,8,6,7,3.676603507755883e-08,7.736873332054133,6.16877990768597,5.0542163953848736,8,6,7,1.2440309630462956e-10,6.422233826475377,5.528609963526333,4.116391208262336,9,6,4,6.7189723015157215e-09
detroit_11770_11791,"This, American Glory?",3.0,3.0,3.0,2.33,3.0,2.83,5.6765049987771885,5.503562868692933,4.203108960207221,4,6,3,7.634703598826698e-08,7.5554599677463115,5.948829022669132,5.511944892042485,8,6,7,6.198535153747002e-09,4.589358497306627,4.691878049141021,3.153218118964401,4,6,3,2.046783555884293e-07
detroit_12264_12345,"Do we still have fertile backyard gardens, filled with the composting of the age?",3.0,3.4,3.0,2.6,2.8,3.0,7.039990492008728,5.076583979830493,3.4165425527102236,7,4,2,8.767563734002398e-08,7.455019674654722,5.451510445696054,4.759972524307618,8,6,7,1.3489585098444247e-09,5.824325773580241,5.371061406253792,3.7361418224615734,8,6,7,9.351958649737686e-08
detroit_12732_12738,"""Yuan""",3.0,2.6,3.0,3.2,3.2,3.2,6.705486083187125,5.746455829116191,4.024296201828909,8,6,7,1.1939758389317204e-07,7.404597233813827,5.37893049537339,2.792524067244865,8,6,3,9.687652226670734e-08,5.626492718762556,5.1213002791439886,2.692879394806118,9,6,3,3.0281304614620777e-07
detroit_12913_12919,"""Free""",3.6,3.2,3.2,3.6,3.4,3.2,7.810631052590433,5.56230476862379,5.773401974639529,8,6,7,2.9305564355500196e-06,7.775585140978672,4.986158068125157,3.854995846837389,8,6,7,5.6149572660938776e-08,7.456922287473617,4.683660872421836,3.60094767932545,9,6,3,3.899109627693167e-06
detroit_13083_13143,"Are American lives well spent in thei ""Middle East"" endevor?",2.6,3.2,3.0,3.0,3.2,2.8,6.1063605040000795,3.692640191589939,3.7151110360842527,4,2,3,7.410578467851229e-09,7.703665748934282,5.683710199412675,6.2746050871585375,8,6,7,2.760659319727879e-08,4.538507035975343,4.959645497968249,4.878674054260254,1,6,7,3.8270122217325036e-07
detroit_14102_14214,"I don't think you present a fully-informed argument on the causes of urban decay, but I don't disagree with you.",3.0,2.6,3.4,2.8,3.2,3.2,4.459450948752755,4.53625079816623,3.9043900034707137,4,4,2,3.0802112408581447e-07,6.478682959865132,5.064423423389766,6.2933048514028975,8,6,7,1.1430646261156856e-06,3.996443022083816,4.178288309632973,3.3261635522118445,4,4,2,5.082197996727168e-06
detroit_1480_1543,"I pictured young artists owning homes, fixing up neighborhoods.",3.0,3.2,3.2,3.2,3.4,3.2,6.328345245650377,5.271431633384954,4.832682807322303,8,6,7,9.42653948662796e-08,7.286782488152388,5.632599541625213,5.308819483307996,8,6,7,5.6606014138006835e-08,3.3508112744788923,4.350300813282056,2.778201601397079,1,3,2,1.6813581927567365e-07
detroit_15584_15660,Just ask the Palestinians who left after the first war to cry over the past.,2.4,3.2,3.2,2.4,3.0,3.0,4.636669835543004,2.547146036086345,3.600006362048598,4,2,3,7.513071177980194e-09,7.096586569449482,5.323873447177358,6.340014091415387,8,6,7,5.2687218326386204e-08,3.081905149488158,2.3579100471486694,2.7949545535589126,4,2,3,1.0091713766666014e-08
detroit_16061_16111,There is now a house for $10 listed on realtor.com,3.2,3.2,3.0,3.2,3.4,3.0,6.61132595676239,5.460901282874401,5.969261108470536,8,6,7,5.736576127334461e-07,7.445568368672629,5.354273785675101,5.968604561563408,8,6,7,6.095102243943543e-07,5.366436621944888,5.627580508195933,6.01605189421754,9,6,7,1.8312118318598047e-06
detroit_1619_1722,"We could take that oil-stained soil and those rusted factories, and create something new and beautiful.",3.6,3.2,3.2,3.4,3.4,3.4,7.131968172744889,5.951651628206221,6.2855469410491915,8,6,7,8.192144050565102e-10,7.702492254661275,5.974638929266064,6.408470748235388,8,6,7,2.7881260259776654e-09,6.99626663805735,6.252156240549459,6.5221734195349645,9,6,7,3.957096315088453e-09
detroit_16658_16785,"However, the main reason I wanted to post was to say to ""Lumpy"", ""the democrats have the unmidas touch"", LMAO, that is classic.",3.2,3.4,3.0,3.8,3.4,3.4,6.258779145674206,6.376444394377971,5.852368873527758,7,6,8,1.0484087754043059e-08,7.467273251671221,6.5217121597464365,5.280873160994867,8,7,6,1.0180612789262544e-09,6.634296983164896,6.766349845348288,6.583199054478343,9,7,6,1.2296017429988466e-09
detroit_16786_16814,and I must agree with Lumpy.,3.0,3.0,3.0,3.2,2.8,2.8,6.585932465167927,5.100440237397237,5.79478923306913,8,6,7,1.1371198739225164e-05,7.640836972559214,5.620033274605741,6.5437352561671736,8,6,7,1.0684980284516205e-06,6.114473245975422,5.112377864625071,5.724175791414263,8,6,7,3.932340629707849e-05
detroit_17231_17448,"Additionally, even if you paid cash for the house, you'd probably want to carry some homeowner's insurance with all the inherent risks to the property (arson, vandalism), and I'm sure it's sky-high, given those risks.",2.4,3.4,2.8,2.5,3.0,3.5,5.038809598858246,6.1268022331800065,6.875028121403812,8,6,7,3.071531637019881e-09,6.963574748763303,6.109765435516403,6.902493325761299,8,6,7,3.0662300417285203e-09,2.8552022377285646,6.005847497839019,6.894583741809026,1,6,7,8.879213325440256e-08
detroit_2335_2421,"Even in the center of the business district, there's no traffic and hardly any people.",3.0,2.6,3.0,3.83,3.0,3.5,5.883134751113814,3.463461474172569,4.63129955866615,8,4,7,4.541307600230736e-09,7.542530594292094,4.466159753851256,6.216311756378467,8,4,7,1.6412032736714515e-08,4.103497589416402,3.1291117880140957,4.007717602411186,4,3,4,7.927780081595746e-08
detroit_2422_2439,Don't believe me?,2.8,3.4,3.2,2.6,3.2,2.8,4.943057440678892,2.866825639603503,2.2996042278582376,4,2,1,3.176053450820953e-09,6.924159300454068,3.6233976419537957,2.200758787576603,8,4,2,2.8789334548223695e-09,3.211173482811208,2.200993550566292,1.4668184966579325,4,2,1,1.1645301224383306e-09
detroit_4661_4862,"Buy a $100 house in Detroit, and you get a lifetime supply of sleepless nights: you'll spend the next several years waiting for burglars and arsonists, murderers and crackheads to break in the windows.",2.8,2.8,3.2,2.6,3.0,2.8,3.9091050821932467,3.30872288607112,3.344387199177152,4,2,3,1.2644692530068974e-08,5.665286314869409,6.078736039348603,5.502865567372773,8,6,7,1.945018666268656e-11,3.00623910946453,4.287195495312871,3.608932821222247,4,4,3,5.858534635029179e-08
detroit_4932_4951,It's the Rust Belt.,3.0,3.0,3.0,3.0,2.8,3.0,4.41890892170578,2.3641522799927075,3.180283976983328,4,2,3,1.8312351996253733e-09,7.189210408179959,3.7398155059886897,5.881867388479384,8,4,7,7.202336502414334e-10,3.641304822891318,2.3372012381143983,3.266082812398159,4,2,3,8.456465612884885e-10
detroit_4953_5011,"Ultimately, I do believe that change will come to Detroit.",3.4,3.2,3.0,2.8,2.8,3.2,8.012612581620425,6.100983034434512,7.048185592765397,8,6,7,5.688434209163704e-10,7.997835365184704,6.020693701251301,7.059789298593232,8,6,7,9.525886311986153e-10,8.502088568733203,6.218666570796004,7.109875136171314,9,6,7,1.330298537319421e-10
detroit_6402_6505,"The movie wraps up by observing this, how abandoned buildings and spaces are being reclaimed by nature.",3.2,2.4,3.0,3.2,2.8,3.0,5.357119928095985,3.044554387349753,2.7915377128554137,4,2,3,1.6798056186439456e-08,7.209038571015398,4.499639966740654,4.750147408566347,8,6,7,4.6217016812791516e-08,4.630648890710245,3.4223429356180137,3.274085579688975,4,3,2,5.5261588743862657e-08
detroit_6881_6925,There are neighborhoods that refuse to cave.,3.2,3.0,3.4,3.17,3.0,3.17,6.6076446377911315,5.161325996763171,5.385815330395163,8,6,7,1.1010796351814639e-07,7.581216635982681,5.7482097112472745,5.420647515443246,8,6,7,2.3519602858350026e-09,5.018625175462217,3.6856536604233305,3.585068679955806,4,2,3,2.2623308612802623e-07
detroit_699_706,"$1,900!",2.8,4.4,3.2,3.8,4.0,3.4,6.605979823392865,6.542662478425575,5.38324346461567,8,7,6,1.2291163501321032e-08,7.795215143385761,6.6359930884551295,5.635291224819254,8,7,6,3.123467326374232e-10,6.812621775477123,6.53171448497706,6.588115072687224,9,7,8,1.1080395223619756e-07
detroit_8530_8589,Myself -- Thanks for the comment and the great information.,4.0,3.2,3.0,3.8,3.2,3.2,6.673415971113961,4.800708577643211,5.339693159417189,8,6,7,2.2670374822176763e-07,7.6868031131710834,5.224376131473973,5.927977586132086,8,6,7,1.361124409288454e-07,6.121891752813538,4.842190675997105,4.769949937831756,9,6,7,9.168214153009995e-07
detroit_8812_8911,Love the fact that people are stealing garden implements (though it's still sad that they need to).,2.8,3.4,3.0,3.2,3.4,2.8,6.820942773409889,5.750452146787587,6.1373493851066,8,6,7,1.0480173031774917e-06,7.687269901061053,6.019539703030634,6.740494921482163,8,6,7,1.4294830481692381e-08,6.631948947567366,5.734062062230511,5.963318574466372,8,6,7,1.3076595763710154e-06
detroit_8990_9141,"And when I'm in the area again, I'll go out to Belle Isle and think long&hard about the future of American cities--as I'm sure you do occasionally too.",3.0,3.4,3.0,3.0,3.2,3.0,6.948490505028927,5.889743272177815,6.778337900803027,8,6,7,8.923551315471575e-09,7.502692148893651,5.990826993225475,6.922607058991054,8,6,7,3.0387629990165896e-08,5.233841888887789,5.62418450675554,6.462958524265214,4,6,7,8.522807884690759e-08
detroit_9268_9371,1. Driving a Honda in Detroit right now probably isn't really going to get you welcomed with open arms.,2.6,3.2,3.4,2.75,3.0,2.75,3.2347654432166415,2.0797006658053774,2.616598240634891,4,2,3,2.3151124139968516e-09,4.127410430661333,2.4413676069249095,2.6775010934319763,4,2,3,7.794254147219647e-09,2.167032764303627,2.0502944532499265,2.255025099219372,1,2,2,1.1789439210143922e-09
detroit_9372_9511,"See, there's a wee bit of loyalty to the Big 3 and driving a foreign car doesn't really scream ""solidarity"" to those struggling to survive.",2.8,3.2,3.0,2.6,3.2,2.6,3.7184965997808686,2.8305792708250364,3.3005882508409026,4,2,3,3.8659046012038334e-08,6.5753697358671115,4.73750618401289,5.418060676717944,8,6,7,1.0343110692873883e-06,2.589933494625785,2.968972060704215,2.5717717877166475,1,2,2,4.2108602199852393e-07
easy_money_10740_10765,Let me show you the rest.,3.0,3.0,3.25,3.0,2.6,3.2,5.887019170913257,4.8623914320138475,4.880044927419608,8,6,7,1.1936241905257199e-06,7.541627410478287,5.7697391052484255,6.302910013774508,8,6,7,6.22592554368926e-07,5.4831121355790255,5.442973061064684,4.726322976627155,8,6,7,3.922761645354578e-06
easy_money_11883_11897,Easter Island?,3.0,2.8,3.0,3.2,2.6,3.0,3.7425976922702144,2.1108073825153024,1.1140759123693915,4,2,1,3.6912432911460817e-10,6.1501699877365645,3.0667143866607525,1.701720916453251,4,2,1,6.448730781723225e-10,2.336207012919785,2.16157499393078,1.8461414914316525,1,2,3,7.040272808595974e-10
easy_money_12576_12637,"He pointed to a row that read, ""Deep Storage: Fort Knox, KY.""",2.8,2.8,3.0,3.0,2.4,2.6,5.814698038814245,4.192441846616491,5.063967845994052,8,6,7,4.1233115572900584e-08,7.297101931118206,5.188344834952681,6.166447833671612,8,6,7,2.8513626506990184e-08,4.189530107912078,3.5049244803202098,4.904163089583606,4,2,3,8.673372193743697e-07
easy_money_13162_13190,"Deep Storage: Fort Knox, Ky.",2.8,2.6,3.2,3.0,2.75,3.25,6.1910512578524095,6.376171382324069,5.113899003435934,8,6,7,3.1707095368559844e-11,7.724958089109461,6.065032722015193,5.774260755578724,8,6,7,4.1519835790128496e-11,4.636387243624683,6.4054885461449365,5.585490905709053,4,7,6,1.3878432951713543e-10
easy_money_1352_1378,How's your um... business?,2.8,2.8,3.0,3.0,3.0,3.0,4.871748483212791,2.963106210401865,2.131413082959744,4,2,1,5.441418572032445e-08,6.900074946998685,4.703653062660895,3.3913579219157457,8,6,7,5.0239323390461335e-08,4.188250566547541,2.9134621072480336,1.6471005813670965,4,2,1,6.515312770301629e-08
easy_money_13763_13838,All that gold in Fort Knox was just too much for me to wrap my head around.,2.6,2.8,2.8,3.0,3.0,3.0,5.716402932358868,3.10676686338358,4.185922511162081,4,2,3,4.051882419945753e-09,7.675860633940675,5.165251654112746,6.578660555869277,8,6,7,1.1876533617277415e-07,4.9207807079490165,3.096364893055544,4.458353600518597,4,2,3,6.244872866893764e-08
easy_money_14203_14226,What if it didn't work?,2.75,3.0,2.75,2.8,3.2,3.0,4.398828379454098,2.530784660746354,2.133190472244117,4,2,3,1.1606421192833577e-08,6.796036652839926,3.7726187701619187,2.4307616978478053,8,4,2,4.6490706634369485e-08,3.471501930029131,2.6449649878764987,1.8031792908652282,4,2,1,1.8338665587068516e-08
easy_money_15113_15166,"Maybe he didn't know anybody else with ""connections.""",2.83,2.67,3.17,3.0,3.0,3.0,4.4993220628744695,2.446013530990906,1.9495825996323781,4,2,1,6.138089272195924e-09,6.597847104892047,4.733821682873902,2.5630097863282355,7,4,2,1.976980003039792e-07,3.9568924255975513,2.550079613426346,2.416984159397427,4,2,3,5.7420637245498446e-08
easy_money_1691_1825,"I knew every cop in Fairport and quite a few of the state police in Iowa, and I couldn't see them bringing old Charles in as a ringer.",3.0,2.5,3.0,3.0,3.4,3.0,5.616024396192785,5.753715038093637,5.913685666498811,8,6,7,2.61665497450797e-08,7.397256866062458,6.042070965658083,6.099472276162929,8,6,7,9.700877275713544e-10,3.351621129885195,6.081361352444377,6.364574377323103,1,6,7,1.3397524404610984e-08
easy_money_1936_1944,Hold it.,3.0,3.0,3.2,3.0,3.2,3.6,4.327281514213638,2.710287280708536,1.9501469590504856,4,2,1,2.954783101328394e-09,6.990415765527903,3.557044910750598,2.231820404072873,8,4,2,2.3473045473263555e-09,2.613902119814795,2.245376720424935,1.7286421775700795,1,2,2,6.079495014499839e-09
easy_money_3090_3156,He drained the last of his cup and tossed some bills on the table.,3.0,3.0,2.8,3.0,2.75,3.5,4.271690336525608,2.9518664200028493,2.963283114707453,4,2,3,7.718325897084314e-09,6.2599969294506055,4.315624725207274,2.8753712347709026,4,3,2,4.481406685252845e-08,3.017377715853317,3.6739616904821335,2.643283258364483,4,3,2,4.532209268164797e-07
easy_money_3788_3850,We took his rental car back to the motel where he was staying.,3.0,3.0,3.0,3.0,2.6,3.0,3.663055366452297,2.57384138799431,1.5789937857666352,4,2,1,4.348475893805289e-09,6.122571406711215,3.3153193341931164,1.8246596239630017,4,2,1,1.0283828552163799e-08,1.9343752449927099,2.37241613957312,1.3677814546789993,1,2,1,2.8719554940952455e-08
easy_money_3851_4001,"The little desk was covered with large books filled with sticky notes, a pile of folders and papers and a laptop computer plugged into the phone line.",3.0,3.0,2.5,3.0,3.2,3.0,5.080247361541234,5.132864951795868,4.308461903350212,8,6,7,3.0118533675639453e-07,6.858130915386321,5.418279933894393,5.0840609829077446,8,6,7,1.4154198373123182e-07,3.4160855575374525,5.199239324954956,5.567569606640396,4,6,7,4.978007993617957e-08
easy_money_4402_4559,"He mostly read creation stories off objects like the 'Santiago Staff' which said things like, 'All the birds copulated with fish: There issued forth the sun.",3.0,3.0,3.0,3.0,3.0,3.0,4.938126486517364,4.309379036198285,2.421390631612593,4,4,2,1.1389910287406537e-06,6.459249489614944,5.685235039606491,2.9465925517062588,8,6,4,4.453924157521317e-07,3.997594139597423,4.475904369219235,3.402611940180381,1,3,2,8.581912074449164e-06
easy_money_4631_4675,It was those clues that started all of this.,2.8,3.2,3.0,3.2,3.4,3.2,4.921783244478867,2.953651776462756,4.173780963823259,4,2,3,7.139426765233675e-08,7.310197563806025,4.265220411326406,6.046163342867969,8,4,7,5.317865376515599e-08,3.3246141738850064,2.702134124499161,3.7431854031287823,1,2,3,7.257276584462046e-07
easy_money_500_518,I was there early.,3.2,3.0,3.4,3.2,2.6,2.8,5.067912385447814,2.89572687998342,2.2710630752126484,4,2,1,4.494381051513374e-09,7.680866507393662,4.014934715723344,2.835148135146017,8,4,2,1.2253995459014146e-08,3.8350088513466196,2.9997821821391835,2.1112658021421717,1,2,1,7.957097544195565e-08
easy_money_5514_5754,I didn't see much resemblance except maybe there were about the same number of points in the cat's cradle thing in the diary and the number of dots on the map showing places where statues stood in a thin line around the coast of the island.,3.0,3.0,3.0,3.0,2.8,3.0,2.572253388877482,2.6854020327964236,2.2450696507913013,1,2,2,2.7225902067846023e-07,4.7767395650467215,4.071293096553489,2.4818513364119963,4,4,2,9.201048961618027e-07,1.4771711568401718,2.4598540295444256,2.083925700544863,1,2,2,1.8169513761692777e-07
easy_money_6172_6218,"I was confused enough I let the ""G word"" slip.",2.6,3.4,2.8,2.6,3.0,3.0,3.8171988175324065,2.477882158290771,2.9200898826708563,4,2,3,6.560825467374591e-08,5.044580465060026,3.7489752527000144,3.3836525805293896,4,4,2,4.3471864419625443e-07,3.410054609765433,3.245965322608466,2.7301127572632726,4,2,3,3.5405979900852633e-06
easy_money_7472_7482,This is it,3.0,2.67,3.17,3.4,3.4,3.4,7.71417821401402,6.266361483725479,6.344316753525998,8,6,7,9.99474608771092e-08,7.977371930787345,6.043827826377741,6.638050120428866,8,6,7,2.1300859923042178e-08,8.066974576813456,6.316888664694821,6.306779849539784,9,7,6,5.259103680281496e-07
easy_money_8091_8098,Device?,3.0,3.0,3.0,3.0,3.0,2.6,3.357433738604235,2.011068632806865,1.1425366107633623,4,2,1,4.6441936437132443e-10,5.606194992654271,2.127838075418186,1.7363077243807128,4,2,1,6.065607329617193e-10,1.731247782569332,2.007620815502187,1.1046777343298302,1,2,1,9.132798176492616e-10
easy_money_8220_8246,It's like sleight of hand.,3.0,3.0,3.0,3.2,3.0,3.2,4.106458750426337,2.292830133952159,3.1693278695483786,4,2,3,1.3245163799949221e-07,6.632479668385316,4.580658303851174,5.065782765616787,8,6,7,1.175597101685948e-06,3.100337055969973,2.2185373053580006,2.6124584000689057,4,2,3,1.43839438315711e-07
easy_money_8724_8775,"""Mnemonic."" I muttered, which seemed to please him.",3.4,3.4,3.2,3.2,3.2,3.2,4.452149700309623,3.4618569144334916,2.6896479776150004,1,2,2,3.146583680471676e-07,6.414645118668502,4.717387684460731,2.739946568652035,7,4,2,8.501171230152848e-07,1.884939854716307,2.4476177040131533,1.9399517193475742,1,2,2,5.003196440389547e-07
easy_money_8791_8857,They help in remembering steps in a ritual or ceremonial gestures.,3.0,2.75,3.25,3.0,2.2,2.6,5.737260481486467,4.039885699631002,4.771837911593012,8,6,7,1.4506995115069e-08,7.247479518009953,4.612811562779274,5.918987369773822,8,6,7,1.9337840551980587e-07,3.1014579735181487,2.904660645828783,3.6405014384405074,1,2,3,3.2164978408217647e-07
easy_money_8923_8937,Now you do it.,3.0,2.8,3.6,2.75,3.5,3.75,7.3924797916533755,6.3993709712412095,6.78743697528176,8,6,7,2.4383693495934002e-08,7.730530447968848,6.026488393671676,6.455853500640975,8,6,7,1.908460512165881e-08,7.1034379922962065,6.435358057004253,6.68294637051339,9,7,6,1.4925397630044308e-07
guidedogs1_1652_1689,"“As a boy in Bosnia, I walked my dog.",3.2,2.8,3.0,3.0,3.0,3.0,4.833561878822307,4.387047722646541,2.1934577772263504,4,4,2,4.0503430870933427e-07,6.686420739731732,5.0654768521795175,2.5192665657460998,8,6,3,6.816030466196913e-07,2.450398768439207,3.72494306335133,1.892946731526234,1,3,2,1.0549478153288213e-06
guidedogs1_1782_1859,"“After I got my beautiful black Lab, I finally felt like a human being again.",3.67,3.67,3.67,3.4,3.2,3.4,8.066348287941787,6.913434304761093,2.10530439643068,8,7,2,1.6090794507172715e-12,8.029335383070944,6.757159039633129,2.2536382075863095,8,7,2,1.3006481598725517e-11,8.205161258246799,6.906549301260938,2.2891404876537136,8,7,2,2.0391269047336344e-11
guidedogs1_577_684,"It costs over $20,000 to breed, care for and train a guide dog like “Duke” and to train his blind teammate.",2.8,2.8,2.8,3.2,3.6,3.2,3.4062917916713538,3.3460403008529243,1.76839023768048,4,4,2,2.252263680352221e-08,5.8096654094883196,5.452287999960712,2.0458526968595545,8,6,2,3.9761737434024395e-08,2.30261671925096,3.2180156976979806,1.857608764761086,1,3,2,1.1503585365573115e-08
guidedogs1_81_170,It’s people like you who make it possible to give the priceless gift of “Second Sight” .,3.6,3.6,3.0,3.8,3.4,3.2,7.24543795551648,6.3198532276903725,6.527255436382317,8,6,7,6.454315741042202e-10,7.7162228381510545,6.316112647362164,6.654653883861668,8,6,7,3.0925264298179784e-10,6.560014395225494,6.463405113229706,6.305012306385727,8,6,7,3.59821359427621e-09
hotel-california_11947_12036,"I would join the rest of the ship for meals, and I would take my turn in the weight room.",3.0,3.0,3.25,3.2,2.6,3.2,6.327267758640048,5.875913869347457,4.6788095794852165,8,6,7,1.0977706152325815e-07,7.658622445513511,5.953225685558294,3.2346754009235585,8,6,3,5.4367302336869745e-09,6.53828814481346,6.346874184387001,4.73095749548863,8,7,6,1.87373305033623e-08
hotel-california_12412_12436,I did not ask questions.,3.0,3.0,3.4,2.5,2.0,3.0,3.479577856652848,2.0086249364525806,1.4588065852990635,4,2,1,6.621927168171213e-11,6.452707154188245,2.7127329281050923,2.440427345156029,4,2,1,4.5273981800701797e-10,1.7311251828799112,2.0096585214866796,1.0868515607530798,1,2,1,1.41499149615983e-10
hotel-california_14104_14176,(The 'South' was in the title to suggest that there were more ballrooms.,3.0,2.8,3.2,3.0,3.0,3.0,5.474495965865232,4.915729224107557,4.3160456413271735,8,6,7,5.484568748775373e-07,7.179881703639777,5.415524149219458,5.507699582324403,8,6,7,2.2410109332500688e-07,4.75326878579939,5.854045159507074,6.152256662301925,4,6,7,1.4130496678449872e-07
hotel-california_15312_15380,"“Maybe the universe will end sooner than you think,” said Jefferson.",2.6,3.4,3.2,2.0,3.8,2.6,5.987864905432199,4.865538990636386,5.631508038536686,8,6,7,1.3124111916837449e-06,6.979676338928614,5.278749396920468,6.209232106971241,8,6,7,1.4808018364908208e-07,4.078951726464596,4.273264249848411,4.515965424797884,4,4,3,1.0294619402613813e-05
hotel-california_15708_15736,"Tiffany, she nodded eagerly.",3.33,3.33,3.17,3.4,3.4,3.2,7.314729078614183,5.8898871974459555,6.020977913571689,8,6,7,5.579556954289951e-08,7.648537409132864,5.956784871044986,5.7424919823909955,8,6,7,2.3988220933392516e-08,6.355324410533623,5.390036949170337,5.2044294914580504,9,6,7,1.9895659904718802e-07
hotel-california_15797_15978,"Even if we were traveling at ninety-nine percent of the speed of light—that's assuming you ignore science and pretend that such a thing is possible, because it isn't—we'd still age.",3.0,2.8,3.2,3.0,3.2,3.2,4.646393185742125,5.680519698566046,6.1548229402163415,4,6,7,3.662526109860821e-09,6.613642540213957,5.530794637418439,6.369888549495024,8,6,7,1.56518952298515e-08,3.5769246009364766,4.381045617330581,5.505395562219363,4,6,7,6.5625886231217055e-06
hotel-california_16147_16174,Give our ancestors purpose.,3.0,3.0,3.0,3.0,3.0,2.8,7.45147901083905,5.981232007059545,6.6889678124261405,8,6,7,1.6872625980233167e-09,7.884893681735077,5.803714224056106,6.802920897744981,8,6,7,2.807535957134733e-09,6.846828733288019,5.6742109465239405,6.528329799021063,8,6,7,9.712648020650923e-08
hotel-california_16202_16270,"“New hypothesis,” suggested Kishori, slipping into the conversation.",3.0,2.8,3.0,3.0,3.0,3.0,5.554231189653794,3.320660991335323,1.9405732013937635,1,2,1,1.1769559838514586e-08,6.8782116440415475,4.0297883390057345,2.082234904648993,8,4,2,7.533918279109883e-08,3.002004972295897,2.5011024673750506,2.0446880742044264,1,2,2,2.881467533956348e-08
hotel-california_16658_16689,"Tiffany took a drink, thinking.",3.2,3.2,3.0,3.0,3.0,3.0,3.793116730994365,2.538234896546243,2.3012471079475807,4,2,3,2.882224519027355e-09,6.080649159859822,3.114237549602863,2.581115218516926,4,2,3,7.85300199792735e-09,2.498227799730178,2.4487458096032992,1.667594517504747,1,2,1,8.256477342149845e-09
hotel-california_16737_16760,Zheng looked skeptical.,2.67,3.0,3.0,2.8,3.0,3.0,3.1305948793891485,2.149306431879211,1.8016689012891085,1,2,1,1.5855924611750606e-09,4.95707658910597,2.7979517847091744,2.667290880967756,4,2,3,5.2905422759377905e-09,1.9112485126557968,2.057416489598989,2.105137746120068,1,2,2,1.0803595592974544e-08
hotel-california_16778_16809,"“Smuggling,” responded Kishori.",3.0,2.67,3.0,2.8,3.0,3.2,5.006447260761499,4.456499828377916,2.743797735639619,4,4,2,1.5282451107973028e-07,6.268373140193397,4.2675741812581585,2.347222174339336,4,4,2,9.23057525028667e-08,3.730999413623321,4.03615623268051,2.327625583385947,4,4,2,3.2582520648470087e-07
hotel-california_17419_17462,Did you hear what the captain said earlier?,3.0,3.0,2.8,3.0,3.2,3.0,5.3678731881983754,3.3271157715150674,3.0908436107684505,4,2,3,5.3457052906874796e-08,7.449584059672179,5.063073712807344,3.8994325181755225,8,6,7,2.3349270788018257e-07,4.35523064731928,4.381948543692909,3.3849003358513454,4,3,2,2.1627580208818287e-06
hotel-california_17555_17581,"“That's dumb,” said Sarah.",2.0,4.0,4.0,2.4,3.0,3.0,4.136379232809876,2.163777518262623,2.3599959486815134,4,2,1,7.804080374921704e-08,6.330871455606573,2.6365047765010043,3.310067212147861,4,2,1,2.3295228208011085e-09,2.7106156354791926,2.18245373852522,2.2711373430137964,1,2,1,1.411445556518203e-07
hotel-california_17658_17696,“The captain selected us for a reason.,3.2,3.2,3.2,3.4,3.4,3.4,7.567208102253693,6.342191475276856,7.258829517552286,8,6,7,3.0565406506977674e-08,7.826603115831855,6.113774226943782,6.8690645207727705,8,6,7,5.1743024885096355e-08,7.225241563800758,6.283309976672957,7.395524131732253,8,6,7,2.7068217171589642e-08
hotel-california_17944_17967,"“I still like my idea,”",3.4,3.4,3.4,3.75,3.25,3.5,7.1806342873726345,4.580389243548399,5.847870653518265,8,4,7,1.1597133019195983e-07,7.841590475382939,4.92609322347494,6.522688649504649,8,6,7,1.6973901114963512e-07,6.198665212461992,4.444221177994436,5.284500379274235,9,6,7,3.577985567151859e-07
hotel-california_17944_17981,"“I still like my idea,” said Tiffany.",3.0,3.33,3.33,3.6,3.6,3.6,7.551585588918084,5.572902018788516,6.514550173599776,8,6,7,2.9007460959111697e-07,7.761592536929819,5.121597326356016,6.153534174093645,8,6,7,1.583243096203712e-07,6.359593821482825,4.990630295374414,5.491510975720743,8,6,7,1.0453158858716576e-06
hotel-california_18330_18380,"I guess we all figured, he knew what he was doing.",3.0,2.6,3.0,3.2,3.2,3.0,4.101956950031265,2.4279177477513367,3.2785208515372095,4,2,3,5.7589924804821686e-08,6.577857360413664,4.101182835449624,3.663322196430721,4,2,3,7.188061400190554e-08,3.5307974954947206,2.5625480314547833,2.996106324700967,4,2,3,5.782145232547079e-07
hotel-california_18971_19010,We're not even going to leave a legacy.,2.6,3.0,2.8,2.0,2.75,2.75,3.946302000406324,2.0192198862694273,3.058748887813663,4,2,3,2.810543957768138e-10,6.404248145119535,2.895474249711698,3.1691194307415302,4,2,3,1.5881297650360517e-09,2.8735555271649607,2.0110099115625015,3.0911685433688545,4,2,3,8.724710364069143e-10
hotel-california_19406_19862,"“You can't hold on forever, even if you don't ever, ever want to forget. How long until the memories slip away? How long until all you remember is this, the ship, the thick red carpeting, the chandeliers, the empty conversations you hold with the other shells who used to be people? When your life, the reason you lived, the people and faces and places, the emotions you felt, who and what you loved, when all that is gone, faded, what will you have left?”",2.2,3.8,2.6,2.6,3.6,3.2,5.915094357041511,4.189014595267819,6.130353153858353,8,4,7,3.882892320120347e-08,6.9899643189554315,5.950967957317699,6.970916495615756,8,6,7,5.910037630047164e-10,3.3091755600323483,4.113716246066361,6.295680631216247,4,4,6,1.4338073491908758e-08
hotel-california_20342_20395,Emily emily em-ill-ee em-i-lee eh-mill-ee eh-mih-lee.,3.2,2.6,3.4,3.0,3.2,3.0,4.565114145945077,3.8356433398904812,4.290506645634535,1,3,2,8.515557408654548e-06,6.393594592290221,4.292431334893722,3.5458311037258357,4,4,2,5.223343213523253e-07,2.807967201917963,3.49346114140958,3.494121886810275,1,3,2,8.723233140354898e-06
hotel-california_20890_20914,Traveling on this ship.”,3.4,3.6,3.2,3.17,3.17,3.5,5.304894265628329,2.4021895588358126,1.383953704416923,4,2,1,3.389897502444284e-09,7.5176333228527,3.7108888118640526,2.1796511356555297,8,4,2,5.722114124983043e-09,3.705931300656597,2.5759149496592517,1.3421598692811085,4,2,1,1.8009142305874283e-08
hotel-california_21389_21414,"“A couple weeks, I guess.",3.0,3.0,3.0,3.0,3.0,3.0,5.749542656174588,5.024869042015867,3.4130755317976846,8,6,7,3.5245209846562716e-06,6.749351839655813,4.808310766515389,2.747197007286699,8,4,2,1.7491731590241718e-06,4.999255583068877,5.2527038025303145,2.867436032840657,4,6,3,4.3897187842934444e-06
hotel-california_21881_22026,"She took a sip of her drink, plain water because, she had explained earlier, she had never liked the taste of alcohol, then fixed her gaze on me.",3.0,3.0,3.4,3.0,2.8,3.0,3.7564836182435517,2.5080827321717236,2.702355140190998,1,2,2,9.170338792575691e-09,6.70681430930279,3.7473423824057757,2.4085374864055824,8,4,2,2.993581605383006e-08,2.433940742233596,2.5574744140916876,2.510505229763332,1,2,2,6.023881207214393e-08
hotel-california_22098_22153,"I'll figure it out, then I'm going to find a way home.”",3.0,2.8,3.2,2.5,3.0,3.0,6.796470315873814,5.79709594701057,6.2248309602136125,8,6,7,1.2985876987605445e-07,7.856327190743007,6.036799705818893,6.79057446340953,8,6,7,4.415660872104044e-09,5.422221787339242,5.978126300944917,6.610296679683851,4,6,7,1.2375718044183013e-07
hotel-california_22200_22258,"The more I thought about it, the less sense the ship made.",3.0,3.0,2.8,3.0,3.0,3.0,3.935066188118772,2.1604199705647535,2.704180452791363,4,2,3,1.283431970361882e-09,5.741785222287463,3.089666342780828,2.519986169739199,4,2,3,9.257481484968017e-09,2.7776086420967294,2.0391667712513453,2.225490472169575,1,2,2,3.058321309590332e-09
hotel-california_22325_22387,"I had spent weeks asking nothing, contentedly getting nowhere.",3.2,3.0,3.0,2.8,3.0,3.0,4.734464343960857,2.5185410244070123,2.820411537040587,4,2,3,6.849497553411942e-10,7.14015855334849,3.5957775679803845,2.3662707387114708,8,4,2,2.770816508244999e-09,2.8959478008189374,2.3131828660187166,2.5913171624542533,1,2,2,6.803882067096838e-10
hotel-california_22603_22672,"Another circle of chairs and couches, another uncomfortable question.",2.8,2.8,3.2,2.5,3.0,3.0,3.832275203760141,2.1888189703404786,2.4379832222343487,4,2,3,2.4772083884731413e-09,4.405314083220565,2.4073452761616476,2.3537799728180513,4,2,3,9.89420121355835e-09,3.2111723902956855,2.261973448225523,2.0540875354158716,4,2,2,1.502836343195789e-09
hotel-california_23196_23295,Zheng shook his head and picked up a handful of candied pecans from a little dish on the end table.,2.8,3.0,3.0,3.0,3.2,3.0,4.038258279875531,3.1683108196275924,2.7211443589332243,1,2,2,1.0121109057663598e-08,7.049363078058973,4.122381871344001,3.3761184852815678,8,4,2,1.290791006384322e-08,2.0192043044553025,2.7164737079966343,2.2003292586781242,1,2,2,2.7018156500321372e-08
hotel-california_23640_23679,Ray and Zheng exchanged another glance.,3.2,3.2,3.2,3.0,2.8,3.0,4.476252306404076,2.912309996912709,1.7433508708597913,4,2,1,5.0210459592716203e-08,6.700209353526614,4.0209967177857795,2.1573685151235664,8,4,2,5.986231619889623e-08,2.455320891515561,2.434003100795109,1.4535380676854277,1,2,1,4.2783711703157306e-08
hotel-california_23946_23969,Sarah looked indignant.,2.8,3.2,3.0,2.4,3.2,2.6,8.176791173777735,6.0522922499292635,6.601307710909144,9,6,7,1.9738801933646774e-10,7.987397186463911,6.002416569101048,5.061428532089682,8,6,7,3.673021759498806e-10,7.963576780885179,5.932283592184035,6.403529163034095,9,6,7,7.33185356722419e-09
hotel-california_23970_24077,"“Of course we notice. But... well, no one important ever disappears, so it doesn't really matter, does it.”",3.0,2.8,3.0,2.6,3.6,2.6,5.623158755612526,3.274633658895974,4.960541829786017,4,2,3,4.441661479122862e-07,7.390603418896043,4.2575287209460395,6.341857956667387,8,4,7,3.488342704715936e-07,3.1781295821816156,2.5513080461783226,3.4319096431064557,4,2,3,3.8669874050539044e-07
hotel-california_24164_24188,No one contradicted her.,2.8,3.2,3.2,3.0,2.6,3.0,2.7079875585150885,2.007438131730144,1.580136184237006,1,2,1,3.0639838545899253e-10,7.42058902687088,2.4724417049887206,2.966592558824417,8,2,1,2.02913112029436e-10,1.5464194900039765,2.0029356483864165,1.1724889024787541,1,2,1,1.8053798652174755e-10
hotel-california_24313_24335,The scales had tipped.,2.8,3.0,3.0,3.0,3.0,3.0,5.155755417202325,3.530743307124429,3.263259288817416,4,3,2,7.112595403251868e-07,7.022283516403673,4.477024570506795,3.236743067595275,8,4,2,7.679103465358917e-08,4.732671117490181,3.5388904933431684,2.7378454491741184,4,3,2,2.143386499526956e-06
hotel-california_24439_24514,"From the looks on my companions' faces, I knew they were thinking the same.",3.0,3.0,3.2,3.0,3.2,3.4,5.998137202394716,4.085209027039051,4.355678718133331,8,6,7,7.713792320615248e-07,7.260619504918905,5.260806568236514,4.8006644025468015,8,6,7,7.81362660309547e-07,4.872949511799096,4.08550217767912,3.832529032963933,4,3,2,2.2193145004085937e-05
hotel-california_25422_25450,“Why are you so interested?”,3.0,3.0,3.25,3.2,3.0,3.2,5.913191920617903,3.791513327122609,2.039208756886074,4,2,1,1.362386518559892e-08,7.636126428123513,5.701038140660961,2.928093259861635,8,6,3,5.5224827807497315e-08,5.090523549737636,5.218255019960546,2.2911655885463826,4,6,2,5.851483584868281e-08
hotel-california_25577_25601,“Remember? Alexis left.”,2.8,3.2,3.4,3.0,3.0,3.0,4.4879199959805085,2.28146530290247,1.2603895838938817,4,2,1,1.7670627479043515e-09,7.1483096952808935,3.6244541461203488,2.0764140463153837,8,4,2,1.3761050643973993e-09,3.126923885521996,2.1934916922791112,1.1762614540397327,4,2,1,1.65097153240648e-08
hotel-california_25588_25601,Alexis left.”,3.0,3.0,3.0,2.8,2.8,3.0,3.801190697716544,2.0068260968638203,1.0247279845784178,4,2,1,2.0278454083802108e-10,6.738269445346447,2.731481973199151,1.7914148588363168,4,2,1,3.6047057328869124e-10,2.695953050713755,2.0297310870407945,1.0359248718700211,1,2,1,2.0347399182318047e-09
hotel-california_25869_25878,he asked.,3.0,2.8,3.2,3.0,2.0,3.0,3.4022833655457796,2.02536180165861,1.0339741605485353,4,2,1,2.6484349261824034e-09,5.976327806018637,2.2157691747713484,1.230532861888622,4,2,1,2.0317710643317638e-09,2.1349873146349996,2.01794055387074,1.0620232055118173,1,2,1,3.2776161719962323e-09
hotel-california_26748_26964,"I inspected the arrays of entertainment options—abstract, old-style flatscreens, engrossing VR flicks and action games, a selection of quondam bestsellers and a few recently released novels hoping to gain popularity.",3.0,2.8,2.8,3.2,2.6,3.0,6.333323605711993,5.829754878316708,6.71649085908915,8,6,7,1.615919211512324e-08,7.036170380648878,5.785610000376654,6.7530528557855565,8,6,7,2.0587891988093728e-07,5.286160783835651,5.863962829263313,6.446425509853125,8,6,7,4.917885186815544e-08
hotel-california_28017_28046,I wanted my contentment back.,3.0,3.4,3.2,2.6,2.8,3.0,7.208471915993453,3.687382413904947,2.4964912389500196,8,4,2,6.737118457667801e-10,7.896601442150893,4.501284838779497,3.4030474014786676,8,4,2,2.496769137089785e-09,5.055150897111385,3.247147866786491,2.5247975092016404,1,2,2,1.8071684582310695e-09
hotel-california_28048_28089,I cornered Adrienne at dinner that night.,2.8,3.0,3.4,3.0,3.2,3.8,4.120109694568757,3.178104985932599,1.7211295452898892,4,2,1,1.1651431561787455e-08,6.589581504010459,4.695784624608878,2.4149245038511364,8,6,3,2.3250084420540506e-08,3.120951658913357,5.400245573599243,3.1998324189496112,4,6,3,1.4189602827483047e-07
hotel-california_28462_28517,"“Tell me,” I said, after we sat, “what you have found.”",2.8,3.2,3.2,3.2,3.6,3.4,6.232987007057674,5.0733419280369105,4.603952034820446,8,6,7,2.4360529052046004e-07,7.4340383147984666,5.4311120874713295,5.061411240692608,8,6,7,2.9752431638464266e-07,3.7440686329159023,4.351306707036326,2.8824612326352046,1,2,2,3.0501642980791954e-07
hotel-california_28518_28539,It wasn't a question.,3.0,2.8,3.0,2.4,3.2,3.2,3.84277408552008,2.025976165220986,2.199287699697429,1,2,1,5.159259464483023e-10,7.055988808013172,2.8284033885941944,3.0222132991938535,8,4,2,7.698109529216665e-10,1.6891166057035094,2.0082476075933706,1.4044703902732552,1,2,1,6.181310227456599e-10
hotel-california_28834_28904,"“I don't know much,” she said, still annoyed but at least cooperative.",2.75,3.0,2.75,2.2,3.2,2.8,4.832501883900506,4.818291715174617,3.699280787455475,4,4,2,4.5465136070075245e-06,6.440350430486448,5.066668174196231,4.540225708420266,8,6,7,3.2060533289538034e-06,3.5818997330339366,4.424733590906705,3.228104205792593,4,5,3,1.4510321410410956e-05
hotel-california_28905_29070,"She reviewed the information gleaned from our previous dinner conversations, adding, “I heard the captain say something yesterday, as I walking to the Pyrope Parlor.",3.0,3.0,2.8,3.0,2.6,3.2,5.157952518764684,5.327663405576526,4.062185304343442,8,6,7,5.32131018684232e-07,6.978016868692426,5.8789032119042695,3.6576324053672415,8,6,3,8.624643895748544e-08,3.7414905441577155,5.135352482541288,3.618063721485416,4,6,3,5.731156674928023e-07
hotel-california_29583_29623,"It was a lie, but we needed information.",2.67,2.83,3.33,2.75,3.0,2.75,4.310138309194997,2.8595738315370225,3.298669705154456,4,2,3,1.665722133095677e-07,6.756780835468483,4.946886005089844,4.906020122426241,8,6,7,1.6088951015513215e-06,3.4232347793746607,3.506204270757334,3.4466535756562817,4,2,3,6.641052349181973e-06
hotel-california_29917_29928,I shrugged.,2.2,3.4,2.4,2.8,3.0,3.0,3.0183763754290944,2.0132231775988423,1.3442247745999365,1,2,1,3.547871955860236e-11,5.5315456890099775,2.1529829168911077,2.1360120918310512,4,2,1,1.2325439465797764e-10,1.7818662706187345,2.0056914113132063,1.1758732303682404,1,2,1,7.93615063996942e-11
hotel-california_30009_30053,"“That doesn't answer my question,” she said.",2.6,3.0,3.2,2.2,3.0,3.2,4.005817849170102,2.091709977237267,2.5148531411444814,4,2,3,5.36328181403562e-09,6.4068461471551155,3.3443325561431174,4.5331660326707475,4,2,1,3.770127979356636e-09,3.3910706798094368,2.0612067773230898,2.1665556056222792,4,2,3,2.710661561269474e-08
hotel-california_30105_30135,asked Kishori sympathetically.,3.0,3.0,2.67,3.0,3.0,3.0,6.299768977626323,5.010961287129609,4.962943076917737,8,6,7,3.1858988244508854e-07,7.619781398151897,5.758581072903177,5.96047662914451,8,6,7,2.8259520182555024e-07,5.849301022481687,4.853639486407368,4.504524933090983,8,6,7,1.3124202884003936e-06
hotel-california_30159_30183,"“At least have a drink,”",3.2,2.6,3.2,3.0,3.0,3.2,3.7393025593284817,2.903452041585888,3.523288474673238,4,2,3,3.741923377693205e-08,6.994631465477552,4.8151204227905,5.950652568434138,8,6,7,9.313534851794522e-07,2.9013974427486042,3.513659146627954,2.920454762764917,1,2,3,2.4078807302080183e-07
hotel-california_30229_30259,"“She doesn't drink, remember?”",3.0,3.0,3.0,3.0,2.6,3.0,5.9053424464191195,3.348675444325459,3.942694528746054,4,2,3,1.7017743727686426e-09,7.712951698074857,4.637606483195978,3.394875419741063,8,4,2,8.153584115440466e-09,3.587683602498239,2.8734104454061544,2.198431525830231,4,2,1,4.109049938268145e-09
hotel-california_30377_30403,“You ever heard of Dunbar?,3.0,2.8,2.8,2.83,2.67,2.83,4.9393321681709015,5.31132764499864,2.8828708321741305,4,6,3,4.6381432564625775e-07,6.987011602558303,5.672428121843091,3.0051865433628713,8,6,3,6.087951022437082e-07,3.501292222204146,4.560128636764995,2.9428522442192717,1,3,2,1.1273639798761547e-06
hotel-california_30620_30693,"“If you dislike this place so much, why don't you do something about it?”",2.2,3.4,3.8,2.67,3.0,3.33,7.170079311167137,5.832634841129247,6.973856167077503,8,6,7,8.219320990204633e-08,7.797107396901007,6.082006655127181,7.057874337428682,8,6,7,5.648056842906773e-10,5.310145468035534,6.1314671966586465,6.797971527021966,4,6,7,3.8397080277809034e-08
hotel-california_30864_30892,"If he refuses, threaten him.",2.25,3.25,3.75,2.6,3.4,3.2,4.101321545508197,5.960812704690352,7.073317830738028,4,6,7,6.115885266296927e-07,6.092680798264684,6.052678531339246,4.809456711730145,4,6,3,1.968272951194907e-09,3.608172992813735,6.026561314125553,6.78322880301964,4,6,7,1.4300429988978307e-07
hotel-california_31503_31622,"Black and more black, speckled by tiny points of light that flared up to break the emptiness, if only for a brief time.",3.0,2.4,2.8,3.0,3.0,3.0,5.686201091412688,5.830938509810323,4.976707644411247,8,6,7,8.024907020697104e-09,6.781887518608198,5.953515509047569,5.292082379874922,8,6,7,1.2439496863628295e-09,4.558686146579518,5.945024181970099,6.469382206946255,4,6,7,8.386454379505605e-08
hotel-california_31737_31758,Everything temporary.,3.2,3.2,3.0,2.8,2.4,2.6,4.586456388362743,2.6299302707509398,3.331189867940947,4,2,3,1.7168805243538224e-09,6.448572626899332,3.416681032852393,4.59726954683979,4,2,3,3.285330865918856e-09,3.772838978257134,2.505423120462041,3.043148920997032,4,2,3,4.009575565483498e-09
hotel-california_32528_32596,"And all of us, we were permanent characters in each others' stories.",3.0,2.5,2.5,3.2,3.2,3.0,7.3102814047094204,5.9843488181666205,6.6022544523750355,8,6,7,6.674735626829365e-08,7.553362095865823,5.890945208727867,6.391993922135215,8,6,7,2.706123493670138e-08,6.107810008294541,5.919640872149995,6.623638731795705,4,6,7,9.364495166945633e-07
hotel-california_32945_33001,"Adrienne looked at me, then back out through the window.",3.0,3.0,3.0,3.2,3.0,3.4,4.87535625290684,2.885877851978989,3.2524337758080177,4,2,3,1.9509480429714317e-08,6.637887564676136,3.971411181609363,2.6332401311771556,8,4,2,1.1339026784982141e-07,3.4539143437917126,2.608767959269843,2.2198312186395803,4,2,3,5.4109600059442355e-08
hotel-california_33002_33056,"“You don't see a meaning because there is no meaning,”",2.6,2.6,3.4,2.5,3.0,3.5,5.336323501803586,2.362878244982756,3.950848266219284,4,2,3,6.624866133500783e-10,7.379426039971627,3.78950411947917,6.16349206601817,8,4,7,1.9219295943984947e-09,2.981924332512114,2.098538959122524,3.4899013555239455,1,2,3,9.083605836896668e-09
hotel-california_33682_33712,I didn't want to be harvested.,2.0,3.2,3.0,2.0,3.4,2.6,4.783811562870831,2.6496092903408655,1.5829700787978689,4,2,1,4.198745859028193e-09,7.440112800527139,4.502425041069031,2.4378396478205846,8,4,2,3.089977581986004e-08,3.4997242341194355,2.566008794086753,1.5371890918191056,4,2,1,5.068003514800491e-09
hotel-california_33775_33797,"Life boats, I thought.",3.0,2.75,3.25,2.6,3.0,2.6,4.480854260405282,2.408018751529484,1.7485046126057702,4,2,1,1.5708549432777575e-09,6.0198558630178045,2.9819442967703123,1.8542960241398532,4,2,1,1.4942130763398145e-09,3.35124173212261,2.0713218602792134,1.2960965336586263,4,2,1,9.128092945721953e-10
hotel-california_33874_33953,"I'd put on a space suit, I'd get out of this ship, I'd find civilization again.",2.8,3.2,3.2,3.2,3.2,3.2,7.531681527027082,6.699028497846948,5.256647687612631,8,7,6,2.928044498948157e-13,7.751396991149656,6.697122777574628,5.389421559151023,8,7,6,1.673810458355264e-13,7.967259231943667,6.835616450116945,6.195037839306629,8,7,6,4.617628667509723e-12
hotel-california_33954_33963,A planet.,3.0,2.8,3.2,3.0,2.4,3.0,5.458908726990474,2.2927878560578003,1.4656304719573519,4,2,1,8.718099971571255e-11,7.04321257111671,3.2288902630009266,1.8870865818645177,8,4,2,2.682280667418898e-10,3.7856942394041444,2.303005547628753,1.9827868913440385,1,2,3,4.558194018947009e-09
hotel-california_34147_34197,"“Relax,” he told me, sliding a needle into my arm.",1.8,3.6,2.0,3.0,3.0,2.6,4.331875360273543,4.563821538861685,3.344584708106598,1,3,2,1.1864488492107484e-08,6.750013349098512,5.131596544821891,3.203476023143166,8,6,7,3.879498802081721e-08,1.8552142019147682,3.662026013132058,1.9980016394237874,1,3,2,1.7336684861501044e-08
hotel-california_34274_34284,It passed.,3.0,2.67,3.0,3.0,2.8,2.8,4.08187297670423,2.212219972189102,2.6240648951394654,4,2,3,8.295258295060756e-09,7.302370184194171,3.217309844063412,5.074231217218036,8,4,7,2.9221001264149165e-09,4.364561517254466,2.997260948169636,3.0386937330834884,1,2,1,8.154703980521391e-07
hotel-california_34286_34314,This is my Hotel California.,2.8,3.2,3.0,3.2,2.6,3.2,6.986841779189119,5.37935898474176,6.2695869570324225,8,6,7,3.1117259372522733e-06,7.940039832967887,6.070049326160379,6.9980596402837865,8,6,7,3.329553456169742e-08,6.943154640481297,5.7194982346938295,6.663588654105178,8,6,7,1.7459125080985686e-05
hotel-california_357_383,"Quiet and peaceful, right?",3.6,3.4,3.0,3.5,3.0,3.0,7.322137891585242,4.9578631109372955,5.53794633653723,9,6,7,1.294413070770825e-07,7.777498172335866,4.575213198720143,5.91960942620621,8,4,7,1.100313979645363e-07,7.964290202779024,5.806731661030955,6.164619116054505,9,6,7,6.109143542285389e-07
hotel-california_4436_4557,"The occasional painting hung on the wall (generic landscapes and portraits of old people no one has ever met, primarily).",3.0,3.0,3.0,3.0,2.4,3.0,4.257771541516178,2.5347910402609175,2.4345946358517017,4,2,3,2.424160781057092e-09,6.582547385050673,3.5528396747704596,2.403750557542442,8,4,2,1.857102546654171e-08,2.7255402240054907,2.4357283352077057,2.6345418556760665,4,2,3,3.157567058160154e-09
hotel-california_4734_4742,I asked.,3.0,2.83,3.17,3.0,3.0,3.0,4.412750807006169,2.223677447006962,1.5267254736071862,4,2,1,1.517760744048928e-09,6.972906567414817,2.834541634465668,2.504051831435124,8,4,2,8.233725079743319e-10,2.8070676217770467,2.162697290858662,1.3299176002018234,1,2,1,1.1600236166550021e-08
hotel-california_4928_5022,"She gave me a look, pitying and a little pleased that she got to be the one to share the news.",3.0,3.4,3.0,3.0,3.0,3.2,7.100508024507115,5.917217819872833,6.055847391817273,8,6,7,3.9562017685279654e-08,7.508059074690814,6.040212362722934,6.077739101015556,8,6,7,1.0667743439131532e-09,6.399073954828671,5.607110713004014,5.33309340221407,8,6,7,8.666242807841311e-07
hotel-california_5023_5072,"“Honey,” she said, “You're going to be delighted.",4.0,3.4,3.0,4.25,4.0,2.75,8.339228965310385,6.800416042765811,8.184731273672101,8,7,9,1.7182929293273953e-10,8.173809174337013,6.4740643610537045,7.096577809997854,8,6,7,2.4492572449664007e-09,8.56515160915804,6.5365599689235605,7.705623184621972,9,6,7,1.1307275450075381e-10
hotel-california_5097_5118,Destination nowhere.”,3.0,2.8,3.0,3.0,2.8,3.0,4.282354541089488,2.0284430176646286,2.7601853631786053,4,2,3,4.6241998714221387e-10,6.9581888735282815,2.9405820565994376,2.7963581765435976,8,4,2,1.5699890130478824e-09,3.170318956361271,2.0111153389607,2.8794317102717604,4,2,3,2.0307533365447629e-10
hotel-california_5440_5504,"It took me a couple days to realize I was, in fact, still alive.",3.2,3.2,3.2,3.2,3.4,3.2,6.968595697063763,5.790166309317451,3.4915218533227996,9,6,3,1.2424603817695231e-08,7.768841511892294,6.138994510074794,4.201756670347119,8,6,3,1.1565652130879513e-09,5.899825525809586,5.554249525545609,3.570260957168373,9,6,3,2.5003522208598937e-07
hotel-california_551_740,"I swore, if I ever had to see a photo of him in a skimpy bathing suit again, giving the camera a cheesy thumbs-up from a lounge chair on one of those white sandy beaches, I'd kiss a monkey.",2.6,3.2,3.0,2.8,3.6,3.2,6.793189298035889,6.864315930326781,2.038830774729074,9,7,2,5.77362029975377e-13,7.672097661035526,6.874868615003212,2.0311157205089443,8,7,2,1.2287174114225762e-13,6.734029914508062,7.017485631709385,2.068963951372413,9,7,2,3.2238887723354364e-12
hotel-california_6116_6259,"The lightscreen provided had informed me when and where official meals were taking place, but I hadn't bothered to acknowledge the invitations.",3.0,2.0,3.0,3.0,3.0,3.2,4.06606271544584,2.391973083137695,1.5062124467110634,4,2,1,4.107778325307606e-09,6.3798614960112365,3.759923319800916,2.090783404578518,8,4,2,1.1613530142157241e-08,2.531611814967208,2.24386724172201,1.7081629092618038,4,2,1,2.9694236601271323e-09
hotel-california_7064_7108,"Man, was it good to be done with that stage.",3.8,3.0,3.2,3.6,3.2,3.2,4.862962443914723,2.2622473306203936,1.811002372105073,4,2,1,4.220740061355246e-09,7.1090085845049495,3.661530815155707,2.442812828997565,8,4,2,7.433765455334864e-09,4.030030362207622,2.558043879949512,1.6807983377564581,4,2,1,2.516917398904746e-08
hotel-california_7111_7157,It was time to find out what hell looked like.,2.0,3.8,3.4,2.8,3.4,3.4,6.021047333021162,6.041341368542765,4.709066565810732,4,6,3,4.6270422247003797e-10,7.767642503581544,6.078936007617786,5.120460970249595,8,6,7,9.772263274467165e-11,4.800489856910994,6.045511595060874,5.077789692974992,4,6,5,8.141423764173655e-10
hotel-california_7433_7595,"Me, I was singled out by Sarah, an unassuming forty-something lady with a glass of champagne in one hand and the arm of a scrawny but tall blond man in the other.",3.0,3.5,3.0,3.0,3.0,3.0,4.096411370499945,3.2321795460543896,2.1338505630068694,4,2,1,6.607367558234054e-08,6.540315309529956,5.337433812506082,3.0211353937333296,8,6,3,2.5171740044356566e-07,3.5027491425061137,3.7048463185165894,2.420487525989752,4,3,2,6.223717887543284e-07
hotel-california_8179_8272,I wondered if the food delivered to my quarters the past few days had been similarly amazing.,3.4,3.4,3.0,4.0,4.0,3.33,6.4525237113747735,3.631902732791522,3.2769666710097636,8,4,2,9.268060481809092e-08,7.359681013842883,4.706346433335418,5.373735881063691,8,6,7,1.649538771210898e-07,4.976413514618123,3.5949362631228947,3.268860232213241,1,2,2,4.56235954841304e-07
hotel-california_8598_8648,The bar was manned by an expensive humanoid robot.,3.0,3.0,3.2,3.0,3.0,3.0,4.784677876586027,2.4498805332988383,2.931589969465731,4,2,3,1.5925519710085722e-09,7.033102376667392,4.23409661428183,2.35995173780081,8,4,2,2.262179913367282e-08,3.892594368841925,2.681333411431572,3.222639900653588,4,2,3,2.374388018245566e-09
hsus4_1021_1298,Still others are less obvious but just as horrible; dogs fighting to the death for the benefit of blood thirsty gamblers; baby calves confined and malnourished to provide “milk-fed” veal for the gourmet; and the “accidental” drowning of porpoises in the nets of tuna fishermen.,2.0,3.2,2.8,1.67,4.0,2.67,5.7149431824090025,5.006528900867105,3.283464063261648,4,4,2,9.764471285923358e-06,6.593798048056598,6.104419599628423,3.547859541599025,4,6,3,1.8844537724762715e-07,3.9556705124274374,4.9997448469667845,3.564539223380715,4,5,3,1.0152472527956473e-05
hsus4_3390_3445,"Today, we are placing special emphasis on pet adoption.",3.0,3.0,3.17,3.2,2.6,2.8,6.0525568805368355,4.794512918289998,3.363084180668276,8,6,4,2.6027509936752427e-07,7.3345277613748925,5.105754362047014,3.056097244708892,8,6,4,5.62969062620682e-07,4.339773903927741,4.420312776674942,2.523297438082987,1,3,2,3.7465277659000064e-07
hsus4_4747_4932,OR IN FLORIDA— A COPY OF THE OFFICIAL REGISTRATION AND FINANCIAL INFORMATION MAY BE OBTAINED FROM THE DIVISION OF CONSUMER SERVICES BY CALLING TOLL FREE 1-800-435-7352 WITHIN THE STATE.,3.2,3.2,3.4,3.0,2.8,3.0,2.5162300078581237,2.5037543415762116,4.006358670066403,1,2,3,2.28677531162879e-07,5.244173623617886,3.846494927367897,6.1215089875986894,8,6,7,3.5629223364497765e-06,1.6556882341413903,2.6343141033961963,4.604594421809901,1,2,3,7.325522853440399e-07
hsus4_5757_5773,NORTH CAROLINA-.,3.0,3.2,2.8,3.0,2.4,3.0,4.476178733119001,2.573421443674231,1.3582135256083847,4,2,1,2.4152162325906575e-09,6.289500916722389,3.2513917681855737,1.6647030519839185,4,2,1,1.866129443914503e-09,2.755187142606472,2.703918096518039,1.48768442822783,1,2,1,1.1800342389732606e-08
hsus4_5774_6011,"A COPY OF THE LICENSE TO SOLICIT CHARITABLE CONTRIBUTIONS AS A CHARITABLE ORGANIZATION OR SPONSOR AND FINANCIAL INFORMATION MAY BE OBTAINED FROM THE DEPARTMENT OF HUMAN RESOURCES, SOLICITATION LICENSING BRANCH, BY CALLING (919) 807.2214.",3.0,2.67,3.33,3.2,3.2,2.8,3.0862303488594978,2.5448880509752176,4.66342285578193,1,2,3,1.809263476200496e-07,5.192694455787506,3.8751816089784823,6.2547542777955805,8,6,7,6.32832507751381e-07,1.7879687669925095,3.051204513036721,5.236315192949411,1,2,3,7.033451647786051e-07
hsus4_6506_6632,"Washington— Charities Division, Office of the Secretary of State, State of Washington, Olympia, WA 98504-0422, 1-800-332-4483.",3.0,3.0,3.0,3.0,3.0,3.0,4.1447873511158235,3.6257661145129187,4.086577101485342,1,2,3,1.8815839842436565e-08,6.384967712526294,5.043446527771295,5.485178032496184,8,6,7,2.6678229794216177e-08,2.1370235205269137,3.38401391118815,3.3849449996060974,1,2,3,9.213402142977668e-09
lessig_blog-carbon_1966_1997,I am suspicious of cap & trade.,2.4,3.2,3.4,2.8,3.2,2.8,4.056912523354392,3.0959840480258167,2.5989027397201157,4,2,3,3.250910831465398e-08,6.030905179549889,4.7459194880453115,4.67422142524481,7,4,6,1.3781030754551606e-06,3.925323430205068,3.7615306790175187,4.100406235061437,4,4,3,7.426483619614788e-07
lessig_blog-carbon_2177_2210,My sense is for a simpler system.,3.0,2.75,3.0,3.4,2.8,3.4,5.113213766745803,2.619611330224383,3.8527017296274324,4,2,3,9.505356452318526e-10,7.5092602595206115,3.692868998616643,5.3518928635307175,8,4,7,1.2719332715946422e-09,3.0225494034636142,2.378697886007766,3.4473228546132986,1,2,3,5.000891168546725e-09
lessig_blog-carbon_314_366,My wife and I have been doing so for a couple years.,3.67,2.67,3.0,3.2,2.8,2.8,3.0838858847904755,2.4960494634381942,2.0795287991465803,1,2,1,3.5182515458830042e-09,5.940245599585335,3.2630455319090723,2.49862001357143,4,2,3,2.930623474337572e-08,1.8105897734672818,2.3137775175397572,1.6524140942041567,1,2,1,4.890901788177848e-08
lessig_blog-carbon_367_423,We're a couple months late buying credits for last year.,2.75,3.0,3.0,2.6,3.2,2.8,3.9775612089046612,2.724136002606883,1.7466571629532321,4,2,1,8.987608958147429e-09,6.031878916383887,4.120795703496539,2.1829122545035857,4,4,2,7.680978429822014e-08,2.6821278129199735,2.5734084793605425,1.6689111723332155,4,2,1,1.405837260901694e-08
lessig_blog-carbon_521_543,I travel way too much.,2.33,3.0,4.0,2.6,3.2,3.0,4.589015583960144,3.080748164359559,2.9460054888319656,4,2,3,1.0447891293789092e-08,7.0705514677729875,4.249098782145925,4.974365349224499,8,6,7,1.1328856403810008e-08,3.15536710852645,3.233724449432008,2.7816166776965536,4,2,3,1.293179802081522e-08
lessig_blog-carbon_5373_5409,I ride my bike to the grocery store.,3.2,3.0,3.2,3.2,3.0,3.0,4.627552606738941,3.068007485645882,3.0835839014724655,4,2,3,2.3344020267071097e-09,7.275173929248799,4.059000795001604,4.356894930838577,8,4,2,6.948402963207233e-09,2.8520848630760014,3.515533339999289,2.549800827099404,1,3,2,1.4539231217776146e-07
lessig_blog-carbon_7061_7117,"""an unbelievably inefficient way of reducing emissions,""",2.67,3.0,3.0,2.2,3.0,3.0,4.842694319179513,2.1653248675223438,3.3247843311286425,4,2,3,9.965445768398376e-10,6.738201736635997,3.7016178138663745,4.689088727461264,7,4,6,5.171548830134981e-09,3.927666985918773,2.035238708150025,3.4274768581600394,4,2,3,7.800763379696181e-10
lessig_blog-carbon_7673_7748,"Professor - stop listening to your ""intuitions"" and do some basic research!",2.5,3.5,3.5,2.2,3.6,2.8,6.481966312872869,4.798383810170568,7.464628139664704,8,6,9,1.3409911286080495e-10,7.529467181517803,6.130154166612697,7.725708953961498,8,6,7,3.834580523841373e-12,4.894456246349904,4.682059105542332,6.85577749272215,4,6,8,3.953014885236838e-10
lessig_blog-carbon_7897_8062,"Currently many companies are reticent to putting something in their purchase path as an upsell, just as they are reticent to putting anything in their purchase path.",3.0,3.0,3.2,3.0,2.75,3.0,3.2114882987118345,2.452380941027007,2.4726415933201835,1,2,2,2.3914679556203933e-07,6.095473144988368,3.688741711939155,3.069408154889649,8,4,3,1.565280214228105e-06,2.065939699855628,2.4332816102032337,2.7443781066481527,1,2,3,3.3350786940225523e-07
lessig_blog-carbon_8063_8232,"The cost for large companies to make any updates to their e-commerce sites is significant, another factor in keeping the type of program you'd like from being available.",3.0,2.75,3.0,2.8,3.0,2.8,3.531202177380406,2.5632655277112977,3.0270199184317477,4,2,3,6.786150607659306e-08,6.313444009283096,4.224380505292695,5.063577892999868,8,6,7,6.626269751679119e-07,2.2778633833472135,2.406814353246179,3.315233825905937,1,2,3,3.9308565858183986e-08
lessig_blog-carbon_8609_8763,"June 10, 2009 12:18 PM jason: check out this great new idea to offset http://www.treehugger.com/files/2009/06/man-auctions-own-carbon-offsets-on-ebay.php",3.2,3.0,3.0,3.0,2.8,3.0,3.379466044736993,5.161711339875775,3.612325464345577,4,6,3,3.359134322126483e-08,6.0440592819324745,6.208146975358137,5.82708981679786,8,6,7,7.158602402379344e-09,2.002298386334202,4.290809000772673,4.824851608257654,4,6,7,6.933796733023992e-08
marine1_4184_4296,But think how much you -- and your loved ones who share this watery planet of ours -- stand to gain if you join.,3.4,3.4,3.2,3.0,3.0,3.0,6.656259530169568,6.182296546342319,6.888624172431124,8,6,7,5.206426268212222e-09,7.36272522430806,6.082035942057049,6.845525132437292,8,6,7,6.164161417535805e-09,6.004390856849914,5.954549330846572,6.752719872013879,4,6,7,1.4156433442980133e-07
sucker_1199_1247,Gotta love that understatement and comic timing.,3.6,3.2,3.4,3.6,3.4,3.2,7.35053128303738,6.0823919253274035,6.334136641676297,8,6,7,1.6215614280482312e-07,7.801414804259662,6.163353326669258,6.271691990612511,8,6,7,1.4049671783876777e-08,7.914540238372121,6.4762725719074785,6.158790760720024,9,7,6,6.646775154789425e-09
sucker_1406_1654,"This was one of most important quotes from the article: “Invariably,” says Craig, “a black-themed book will come up for consideration, and there won’t be anyone of color to put in an opinion, or there’ll be one, who shouldn’t bear the burden alone.",3.0,2.4,2.8,2.2,3.2,2.6,6.19725738467587,4.856950530200887,4.9274171251499475,8,6,7,2.2650591407079062e-06,7.315759090002843,5.888319794570279,6.442560519959089,8,6,7,7.787414531144121e-08,4.486766444275405,3.821222203889422,3.8376762974328433,1,3,2,4.004706168053187e-06
sucker_2143_2226,I read that article in the Times and IMMEDIATELY thought it was going to be a hoax.,3.2,3.4,3.2,2.6,3.8,3.4,4.981487969583579,3.396815558335532,4.627085984717155,4,2,3,3.4194372483473436e-07,7.287233626097443,5.256283267999006,6.831107981274932,8,6,7,2.2869927306627164e-06,3.9504268222520027,3.8727664974081417,5.567051623620828,9,6,7,1.0636838513230171e-06
sucker_2227_2315,"But then I thought, surely after all the others, she had been vetted to heaven and back.",2.8,2.6,3.2,3.0,2.6,2.6,5.911629611250596,3.7029693341518524,3.1317756135644546,4,2,3,5.0484762418349886e-08,7.572661720605065,5.335522773123261,3.194158009024137,8,6,4,1.1733323710007317e-07,4.991148103223487,4.828076493129629,3.5707771213470094,4,6,3,2.125275804487429e-06
sucker_2316_2319,Ha!,4.0,3.4,3.0,4.0,3.67,3.0,6.279262038246454,4.135193536645282,3.1036587041630113,4,2,1,2.5815456999530836e-08,7.430004154596275,3.73740102386656,2.2100470744975373,4,2,1,9.70642842177817e-10,5.0439373991378345,3.565243181566858,2.0779807196962334,1,2,1,3.327872908296186e-08
united1_1866_1894,Cancellation fees may apply.,2.4,2.6,2.4,2.5,3.5,2.5,3.36732094596621,2.140270748739618,3.121281074752014,4,2,3,4.827651329019692e-09,6.1968984460493735,3.1806301001238357,4.559208460955294,4,2,3,5.578676596963493e-09,2.9113523185204175,2.418867302159557,3.1234002525623445,4,2,3,2.1208733797297504e-08
united1_2128_2201,Bonus miles are per cabin and will be credited within 8 weeks of sailing.,3.4,3.2,3.2,3.0,2.75,3.25,4.476291358334461,3.306117646176305,3.7745690500056392,4,2,3,2.536405511123104e-08,5.950137494809017,5.114172678982205,5.906449175747248,8,6,7,2.3174762738571627e-06,3.9960580541780972,4.472595662756575,4.704407825759286,4,4,3,1.6978577489451356e-06
united1_2202_2266,Mileage Plus account number must be provided at time of booking.,3.0,3.0,3.0,3.0,3.0,3.0,3.572161318207214,2.4577288469328495,3.5468348602031115,4,2,3,2.973527007458441e-09,5.47115414347122,3.1923833384079265,5.2113189604528944,4,2,3,1.0676772567814155e-08,3.1176473847250117,2.4981731644303213,4.10506486173166,4,2,3,1.0064623408018128e-08
vampires_100_138,It's tough to kill the vampire...genre,3.0,3.0,3.0,3.0,3.2,2.8,5.229766664474395,4.850999222960764,2.7714840113417374,4,6,3,9.983674678386485e-07,7.043241537305263,5.562085334826354,3.2746306032251065,8,6,4,2.83612596754016e-07,4.239154922563918,5.189273076208308,2.8933460979038523,4,6,3,3.156338089688934e-06
vampires_2394_2404,You can't.,2.6,3.2,3.8,2.0,2.4,3.4,3.5515701611705723,2.005758579741449,1.5100729884590658,4,2,1,6.801606794222904e-10,5.295541211303961,2.0120881307012537,2.2635951791917135,4,2,1,1.8398878282901035e-10,2.3355206337720227,2.013822267838641,1.2050778620812128,1,2,1,1.5107541308493695e-09
vampires_36_99,Zombies and Vampires and Ninjas and Pirates 25 Jul 2010 by Rick,3.0,3.0,3.0,3.0,3.0,3.0,5.502714935556719,6.056488654232255,3.117863132587214,4,6,3,2.1874220032657364e-08,6.983163930011101,6.082850568806251,3.362666326318088,8,6,3,4.73659565291198e-08,3.8890453334661608,5.924497720486004,3.3740449445579417,4,6,3,9.24043142296045e-09
vampires_372_556,"But then the Anne Rice -led revival brought it back (technically the 1st  book, Interview with the Vampire ,  was published in 1976, but didn't gain widespread popularity until later).",3.0,3.0,3.0,3.0,3.0,3.33,4.287755069873127,4.290553164941308,3.5806428418979275,1,3,2,1.0726364344260495e-06,6.943543566364658,5.588591681304952,5.321696948279277,8,6,7,8.800800577244798e-07,2.589688871605823,4.0342603850996674,2.846123163325164,1,3,2,1.578597704367886e-06
warner1_1437_1665,"DTV gives you access to professional and college sports packages that are played outside the local viewing area, including NBA League Pass, NHL Center Ice, ESPN Game Plan, ESPN Full Court, MLS/ESPN Shootout and WNBA Season Pass.",3.0,3.0,3.0,3.0,2.5,3.0,4.553363852417845,6.855678363657182,6.291573439673441,4,7,6,2.965188438824938e-09,5.172161368504937,6.195244900029845,6.829168143831392,4,6,7,7.887706578178375e-09,3.93740445954237,6.838810423505678,6.288882988964855,4,7,6,7.52000023654434e-09
warner1_1835_1948,"Quick and concise, an on-screen information banner automatically gives you the who, when, and where of what’s on.",3.2,2.8,3.0,3.4,2.4,3.4,6.95392318648593,5.894479949813608,6.589462906697766,8,6,7,1.6773687443654147e-08,7.443057534080598,5.902226529980549,6.813218430074225,8,6,7,4.273634842592487e-08,6.250170112037317,5.825991666859431,6.470886961113106,8,6,7,1.313983419044523e-07
wildelifewatch1_30_61,Help keep the promise alive...,3.0,3.0,3.2,3.0,3.2,3.0,6.746450277378525,5.216416195951837,5.497129848634724,8,6,7,5.004167142578931e-07,7.780119276146446,5.819383321748782,6.6075137704359515,8,6,7,6.394061954626152e-08,6.295837162397532,5.6663792897329515,5.722291251974756,8,6,7,4.387072655358732e-07
wildelifewatch1_3672_3792,"So, please send us your membership gift today ... by using the convenient form attached to your personal address labels.",3.0,3.0,3.2,3.67,3.17,3.5,5.731999195529827,3.928482507132742,5.035867855478464,4,2,3,6.304445649142864e-08,7.56223756037507,5.122280757569714,6.4707550267428875,8,6,7,5.0520969550866434e-08,4.548780378134516,3.5946783105025975,4.43813231560728,4,2,3,6.642708713112438e-07
wsj_0026_449_568,"Timex had requested duty-free treatment for many types of watches, covered by 58 different U.S. tariff classifications.",3.0,3.0,3.2,3.2,3.2,3.0,4.519041861017902,3.535226464241081,4.530417513810576,4,2,3,3.712344156286452e-08,6.71404651393292,4.541241858689004,5.601039222082033,8,6,7,1.7850931897337735e-07,3.4613388078180978,3.6147758098467406,5.116212152145608,1,3,5,9.46167236810637e-06
wsj_0120_1132_1182,Price records are being set at auctions this week.,3.0,2.67,3.0,3.0,3.4,3.0,4.267221805243343,2.934349613740164,2.4873198071516645,4,2,3,5.0373204179108124e-08,6.732936522006391,4.397282610067464,2.6394342762929397,8,4,2,3.2141598899890874e-07,3.3807030624592675,3.7467462059192997,2.7612877218062124,4,3,2,1.2825800608835285e-06
wsj_0120_1571_1633,"""There is finally some sort of sense in the market,"" she says.",3.25,3.25,3.5,3.67,3.0,3.0,7.435700654877897,5.512212178989855,6.428506938106817,8,6,7,4.462947130046296e-07,7.592586937690372,5.316255745924906,6.303698895001527,8,6,7,2.504461902550679e-07,6.1465400224245785,5.2966359024074405,5.852022918880751,9,6,7,4.358803741169162e-06
wsj_0120_1637_1772,"Corporations and museums are among the serious buyers, giving greater market stability, says Robert Persky of the Photograph Collector.",3.2,3.2,3.2,3.0,2.6,3.0,5.676779705701897,5.07746710637579,5.3380486882344025,8,6,7,1.5365213496804625e-06,7.131804531804053,5.533166303270281,6.5156034947078885,8,6,7,2.429764339718702e-07,4.809308096455904,5.882816270890323,6.19826497936391,4,6,7,6.873650160626726e-07
wsj_0120_2632_2847,"""I'm starting to see more business transactions,"" says Andrea West of American Telephone & Telegraph Co., noting growing interest in use of 900 service for stock sales, software tutorials and even service contracts.",3.4,2.4,3.2,3.6,3.0,3.4,4.021527436656783,4.330197521726557,4.570214505379807,8,6,7,2.2553755793180639e-07,6.554073729127414,5.6001037295135285,6.4319099757236735,8,6,7,2.5196196521725116e-07,1.8672781863846861,4.395155416496442,5.397558711006653,1,6,7,5.644453785864577e-07
wsj_0120_2848_2912,"Colleges, she says, are eyeing registration through 900 service.",3.0,2.8,3.2,3.0,2.8,2.8,2.609032611021784,2.314343946899223,3.219016104338068,1,2,3,2.2326069892081167e-08,4.304472255519951,3.0925935882827846,4.152557560408763,4,2,3,1.3203185811436434e-07,1.916079063601667,2.3568515355325856,3.4343659079616877,1,2,3,3.8313545486664425e-07
wsj_0124_839_932,"In addition, operating results were hit by an increase in loan and real estate loss reserves.",2.8,2.8,3.2,2.8,3.0,3.0,3.822467998501275,3.2078781462813137,3.5608885074890573,4,2,3,2.617212234395528e-06,6.0590391039426965,4.75387215309651,5.564018228706907,8,6,7,6.888050665065987e-06,3.2578929072552913,3.9323885717502,4.640276449156794,1,2,3,2.349735162683011e-05
wsj_0132_884_1027,"Also, substantially lower Dutch corporate tax rates helped the company keep its tax outlay flat relative to earnings growth, the company added.",3.0,3.0,3.0,3.2,2.2,3.0,5.275554895161056,4.385157768817852,5.48043916324769,8,6,7,2.7433498961761577e-05,6.890685252950366,5.57845666076731,6.721275386124392,8,6,7,6.132770941452602e-06,4.003349182024582,4.104525047624713,5.5852399589313,1,2,3,1.7669545020361527e-05
wsj_0135_311_400,The company said its industrial unit continues to face margin pressures and lower demand.,3.0,2.8,3.0,2.4,3.0,2.2,3.9752311539168383,3.112830303283402,3.182285619755114,4,2,3,1.7813976675832015e-07,5.964463010657904,4.329733145039811,4.971649088361213,4,4,3,7.566887739493051e-07,3.301843742652814,3.504282900819335,3.9262822969059386,4,4,3,2.2937088572239097e-07
wsj_0150_397_597,"Williams shares, which were to be delisted from the New York Stock Exchange after the close of composite trading yesterday, closed at $23.25, off 12.5 cents. Primerica closed at $28.25, down 50 cents.",3.0,3.0,3.2,2.8,2.8,3.0,4.257173401645825,3.739557504251902,3.6067006234132624,4,3,2,4.3097719610495686e-07,6.321260202891947,5.0985047309946925,5.528460358442941,8,6,7,1.1219592571819045e-06,2.8629933687903306,3.6269182619551086,3.908200495860797,1,4,3,4.252437760378294e-07
wsj_0152_412_487,Telerate's two independent directors have rejected the offer as inadequate.,2.75,2.75,3.5,2.8,3.0,3.2,4.282118667297567,2.753557168933777,3.4720565926224918,4,2,3,1.1397297076518777e-07,6.0735570531638485,4.815843367775037,4.802546091309843,8,6,7,2.4166570747455982e-06,2.8711811895264505,2.410791933408786,3.0145498018748365,4,2,3,1.7990019058426217e-07
wsj_0152_4_114,Dow Jones & Co. said it extended its $18-a-share offer for Telerate Inc. common stock until 5 p.m. EST Nov. 9.,3.2,3.2,3.2,3.2,3.0,3.0,4.127715233932945,4.211178948321119,5.096887316363503,1,2,3,1.0869626821874857e-05,6.793871321784193,5.685048424138579,6.573498395173003,8,6,7,2.2854912743294453e-06,2.442841496116848,3.5080659791155586,4.708859663646757,1,2,3,2.32540465972085e-05
wsj_0157_177_407,"Under terms of the new proposal, Equus, managed by Equus Capital Corp., Houston, would pay $12 cash and one new preferred share with a liquidation preference of $1.65 a share for each of Tony Lama's 2.1 million shares outstanding.",3.0,3.0,3.25,3.0,2.75,3.0,3.46392742182529,4.143591271914816,3.3099416922826252,4,4,3,4.039093123933187e-06,5.800689716924105,5.862859849256552,5.289504336461457,8,6,7,7.131295195440476e-08,2.6469701259806193,5.159236836825311,5.045142036535145,4,6,7,5.471990983377998e-07
wsj_0158_2033_2133,"And Patrick Mannix, 46, international technical manager, becomes director of group quality programs.",3.0,3.2,3.2,3.2,3.0,3.2,5.557189328617069,5.6333997872450325,6.512361437773274,4,6,7,6.804829914148023e-07,7.051798407915647,5.7428060724779115,6.712994405576129,8,6,7,9.826503667890004e-08,4.132984133177609,5.4947915416555535,6.503441739880674,4,6,7,2.3333005559460167e-07
wsj_0158_709_756,"""There is no business reason for my departure,""",3.0,2.75,3.5,3.0,2.75,3.0,7.575565336359319,3.9112220993771087,6.53468636870227,8,4,7,5.145792969788752e-08,7.908345618721043,4.495303541661515,6.692714287576543,8,4,7,9.387014430815174e-08,7.151142308043886,3.8681125349682097,6.579667237552963,9,4,7,1.0188109833328762e-07
wsj_0159_279_412,"1% of Dunkin' common shares, on a fully diluted basis, being tendered and on the withdrawal of the company's poison pill rights plan.",3.0,3.0,2.8,2.8,3.0,2.4,2.186702109907903,2.3934399548603036,2.5858812720639195,1,2,2,8.716506236679755e-09,5.1832415922183195,4.675370974388708,5.059874787238236,8,6,7,5.3277624801115715e-06,1.604669357119537,2.4613829740243323,3.8299328419882905,1,2,3,2.101326424208706e-08
wsj_0159_825_882,10 as the deadline for the receipt of any competing bids.,3.0,3.0,3.2,3.2,3.2,3.2,4.520975959570505,3.233915481494649,4.253572484434223,1,2,3,2.351447901359409e-09,7.2725686613708795,5.1259724737463115,6.2813335549992075,8,6,7,1.1110523577557973e-07,3.002926978940728,3.4335159350181863,4.4303743534622315,1,2,3,1.2249623135238392e-07
wsj_0159_883_958,DD Acquisition said the extension is to allow this process to be completed.,3.2,3.0,3.0,3.2,3.2,3.2,4.684621881309271,3.38514219941901,3.9430256298778543,4,2,3,5.28291269624649e-08,6.5026813878230305,4.436330234870829,5.028013803494945,8,6,7,2.9393510065346724e-07,2.6361368368546,2.7396705751945687,3.322889193662881,1,2,3,4.0480024733099074e-07
wsj_0160_623_738,"Savin cited ""a general softening in the demand for office products in the market segments in which Savin competes.""",3.0,3.2,3.2,3.0,3.0,3.0,4.980456625799572,3.761776014721614,5.208218657838408,1,2,3,4.919961584449823e-06,7.080773526891884,4.665929339040251,6.477092302241969,8,6,7,1.7242460900300073e-06,2.987576660334339,2.857316985486415,4.347861376287632,1,2,3,8.762607702292366e-06
wsj_0168_144_203,The sale represents 10.2% of Meridian's shares outstanding.,3.0,3.0,3.0,3.2,3.0,3.2,5.1637176011311885,3.9265929467982383,6.488526770799687,8,6,7,8.324014739728307e-07,6.607016439584396,4.913303769494764,6.5056759785796014,8,6,7,3.7145258682130415e-06,4.030886678328845,3.70915468425358,6.857910259214768,4,3,7,6.67917837194671e-07
wsj_0168_384_487,That amount is convertible into shares of Meridian common stock at $2 a share during its one-year term.,3.0,3.0,3.0,3.6,3.6,3.6,4.449083088247666,3.357708919944919,5.606240656431139,4,2,6,1.0989317193180591e-06,6.848096385922313,4.93288193121516,6.664782643814,8,6,7,7.246874651162534e-06,3.6865155894993755,3.5277000115465107,5.904479453321313,4,3,6,7.381854595350563e-06
wsj_0171_864_970,New loans continue to slow; they were $6.6 million in the quarter compared with $361.8 million a year ago.,2.8,3.0,2.8,2.6,2.8,2.8,3.060161278911546,2.563638536565456,3.393654575333092,4,2,3,9.958843755195937e-09,6.417143755605475,4.521972092791989,5.916401270764286,8,6,7,1.8053750561273162e-07,2.4421735041013473,2.5034650689821034,4.052760418622715,1,2,3,1.3635195728973633e-07
wsj_0173_217_362,"Under the plan, unsecured creditors, who are owed about $430 million, would receive about $92 million, or 21 cents for each dollar they are owed.",3.0,2.4,3.2,3.0,3.0,3.67,3.6434319353608955,4.166815709074037,4.580906899282283,8,6,7,3.529453050324423e-06,6.294334198660427,5.609825867581588,6.356668267101906,8,6,7,1.7015728328892985e-06,2.7190016614857626,4.1904679321571345,4.964253205418885,1,4,3,1.549988666825179e-05
wsj_0173_471_571,"After these payments, about $225,000 will be available for the 20 million common shares outstanding.",3.0,2.6,2.8,3.0,3.0,3.0,4.814756061328334,4.332154793485866,5.368132749878605,8,6,7,4.370349672876694e-06,6.60965691817611,5.109284977442352,6.189957948722213,8,6,7,2.9593268748443564e-06,4.250666745260405,4.548538155070499,6.382333414376571,4,3,6,4.101169952847058e-06
wsj_0189_1208_1265,"For the year, pet food volume was flat, the company said.",2.6,3.0,3.2,3.0,3.0,3.0,2.862691127841313,2.0340214365597458,2.3741778637404103,4,2,3,6.535890676165898e-10,4.384945683113261,2.353195229197158,2.810841096376861,4,2,3,1.0980630399891393e-08,2.169688810439524,2.031757441645134,2.2949106817599416,1,2,2,1.3389691435691455e-09
wsj_0189_281_374,"Sales in the latest period were $1.76 billion, a 13% increase from last year's $1.55 billion.",3.0,2.67,3.33,3.6,3.2,3.2,7.893622891469643,6.866436204384247,6.9731799514140524,8,7,7,1.5609168658938156e-09,7.833895998489929,6.323312460938416,6.861895911533074,8,6,7,1.2416931399357771e-08,7.710274998344681,6.855014271645956,7.386387256481804,8,7,7,1.0685724716453584e-09
wsj_0189_4_149,"Ralston Purina Co. reported a 47% decline in fourth-quarter earnings, reflecting restructuring costs as well as a more difficult pet food market.",2.8,2.8,2.8,2.2,3.0,2.6,2.9041541133659408,3.0619979076585135,2.9121452377238715,1,3,2,1.7344742339637407e-07,6.027892395489269,4.77322051762245,5.365709765904251,8,6,7,9.92136171417943e-07,1.9987911161802272,3.0346227211722585,3.923625597904852,1,3,4,4.018528494029556e-08
wsj_0189_503_594,This year's results included a gain of $70.2 million on the disposal of seafood operations.,3.0,2.8,2.8,3.67,3.33,3.67,6.746316656301845,5.188976766794449,6.144966047586136,8,6,7,1.0984096992462126e-07,7.394542033677269,5.330034114590593,6.505176574531146,8,6,7,1.6030937628531092e-07,5.8998090032182695,5.405429907260853,6.20934999713635,8,6,7,2.4924577829888252e-06
wsj_1640_1960_2074,"Already many foreign firms, especially banks, have their own cryptographers, conference speakers reported.",3.0,3.0,3.0,3.0,3.0,3.0,4.831708720662261,5.156990550864377,4.865218715777791,4,6,7,2.2194224421432678e-06,6.487626367113931,5.62516462583841,6.1311241476987295,8,6,7,5.927580233619403e-07,4.107262612403819,5.541154182016076,6.19743960430041,4,6,7,9.029975805732435e-06
wsj_1640_2774_2874,"No personal computer, not even the one on a chief executive's desk, is safe, this speaker noted.",2.0,3.4,2.4,2.8,3.2,2.8,5.2061073853862965,2.6776151574695346,4.14386163442814,4,2,3,3.357177642887393e-09,7.353848817964697,5.315764065766019,6.716875078660612,8,6,7,6.459806336345338e-08,4.085019931588686,2.6825819819252135,3.8692181499135883,4,2,3,7.642904830510134e-08
wsj_1640_2878_3106,"W. Mark Goode, president of Micronyx Inc., a Richardson, Texas, firm that makes computer-security products, provided a new definition for Mikhail Gorbachev's campaign for greater openness, known commonly as glasnost.",2.6,2.8,3.2,3.0,2.8,3.0,4.934040552365076,5.696567638372418,6.156877184443401,4,6,7,1.8439559633331564e-08,6.876646470843715,6.170498481653655,6.67537839765929,8,6,7,2.039025245107014e-09,2.555573782336058,5.033264782397511,5.177918361036767,1,4,3,2.1862335375262414e-09
wsj_2465_1967_2000,Many will use a common editorial.,3.0,3.0,3.2,3.0,2.8,3.0,4.122405556531091,2.2679209986388913,2.974541172391326,4,2,3,1.9685389464925048e-08,6.540913358509164,3.42614317033644,3.3544808668983146,4,2,3,3.7595215097105266e-08,3.6728517016751856,2.599936216085501,3.0946010451580497,4,2,3,1.7797220951116593e-07
wsj_2465_2001_2296,"A final statement yesterday said: ""While some advances are being made in nations throughout the hemisphere, the state of press freedom in the Americas still must be regarded as grim as long as journalists and their families are subject to the crudest form of censorship: death by assassination.""",2.6,3.4,2.6,2.0,3.6,2.0,7.4459914078160505,5.285597793681511,7.296772442819995,8,6,7,4.502769786771801e-10,7.768566169682988,6.30920865086161,7.589011691914089,7,6,8,1.6498950830219413e-12,7.275330803269821,6.037713561849815,7.798805824469819,9,6,8,3.3649341039171875e-12
wsj_2465_2442_2614,"""Noriega has closed every independent newspaper, radio and television station and arrested, tortured or forced into exile a long list of reporters,"" the statement declared.",2.2,3.4,2.4,2.0,3.5,3.5,7.135914766168469,6.091070381410178,7.879978674522786,8,6,8,2.1246110572927887e-10,7.486027721756399,6.154677153984269,7.605448066380675,8,6,7,4.742466498151896e-11,5.84762284761123,6.3719813353817365,8.11733845727359,9,6,8,7.195302509717227e-11
wsj_2465_3356_3593,"Robert Merkel, a former U.S. attorney handling drug indictments in Florida, doesn't think for a minute that Castro's much publicized trials of high officials engaged in the drug trade mean he has broken off with the Medellin drug cartel.",2.6,3.0,3.0,2.75,3.25,3.25,3.6023885489540586,3.1867017586757864,3.7832955414260394,4,4,3,7.475839619372172e-09,6.698352311115571,5.060990638836913,6.272674248642824,8,6,7,6.906634837109076e-07,1.7550505234294111,2.4335002115833957,3.2946278457619975,1,2,3,2.253696172992644e-09
wwf12_3238_3286,"The challenges we face are daunting, to be sure.",2.5,3.25,3.0,2.6,3.2,2.8,4.454973635410358,2.4334041655455603,3.1743219149578863,4,2,3,8.87954260066633e-09,7.165954263324582,3.649533604611597,3.7916982623286772,8,4,3,1.4355485466088185e-08,2.577369705184537,2.1225027638759775,2.983814682081362,1,2,3,1.4187409293067864e-08
wwf12_3984_4151,"Once again, please accept my warmest gratitude for your past support And please, take a moment today to renew your critically important WWF annual membership.",3.2,3.0,3.0,3.4,3.4,3.2,7.83561718658238,6.739685024671165,6.571916910339408,8,7,6,7.446647139131557e-09,7.855710409906542,6.543685468093408,6.847561961541749,8,6,7,6.415872839952418e-09,8.120202771652929,6.912630330112841,7.212942240603525,9,7,8,4.332278551602926e-09
